claim_id,source_paper,claim_type,claim_grade,source_location,normalized_claim,proof_status,formalization,vii_links
P031-C0007,P031,definition,DEFINITION,source/papers/Tsiokos_2026_Six_Birds_Foundations_of_Emergence_Calculus.tex:L258-L277; derived/expanded/Tsiokos_2026_Six_Birds_Foundations_of_Emergence_Calculus.tex:L258-L277,"Finite theory package: Assume A_FIN. A finite theory package is a tuple T = (Z,\ f,\ Sigma_f,\ E,\ A) where: Z is a finite carrier set (microstate space). f:Z→ X is a lens (coarse description). The induced definability structure Sigma_f is the finite sigma -algebra (equivalently, partition) on Z generated by f , i.e.\ the family of predicates measurable with respect to f . E: V→ V is a completion/packaging endomap on a chosen space of descriptions V associated to Z . Typically E is idempotent ( E E=E ) or approximately idempotent in a specified norm. In the empirical/dynamical instantiation V=Delta(Z) , while in the order-theoretic instantiation V=Z (with E a closure operator). A is an audit functional (a certificate of directionality or drive) defined on the relevant objects in context (e.g.\ path laws for a Markov dynamics, or antisymmetric edge 1-forms on a support graph), together with a designated monotonicity principle under coarse observation: for any further coarsening g:X→ Y , the induced pushforward should not increase the audit, schematically A ((g f)_#( ) )\ \ A (f_#( ) ), whenever both sides are defined. We call Sigma_f the expressive content of the theory and E its completion rule; the fixed points of E are the internally complete descriptions/objects recognized by the theory at the chosen scale and lens.",NOT_APPLICABLE_DEFINITION,"{""caveats"": [""FORMAL_OR_PROOF_ASSISTANT_COMPONENT_DISCLOSED""], ""declarations"": [""closure_idempotent""], ""elaboration_status"": ""STATIC_INDEX_AND_IMPORT_RESOLUTION_ONLY; LOCAL_LEAN_KERNEL_NOT_RUN"", ""exact_conclusion_match"": null, ""exact_hypothesis_match"": null, ""lab_or_test_evidence"": [], ""modules"": [""ClosureLadder.Basic""], ""source_files"": [""formalization/foundations_vi_scaffold/lean/vendor/foundations/six-birds-theory/formal/ClosureLadder/Basic.lean""], ""statement_delta"": [""Lexical/declaration-name alignment only; exact parameters, hypotheses, and conclusions were not certified equivalent."", ""Candidate scores: closure_idempotent=0.472""], ""status"": ""PLAUSIBLE_IMPORTED_MATCH_REQUIRES_STATEMENT_REVIEW"", ""trust_base"": []}","[""CG03"", ""CG21"", ""CG30""]"
P031-C0010,P031,definition,DEFINITION,source/papers/Tsiokos_2026_Six_Birds_Foundations_of_Emergence_Calculus.tex:L353-L360; derived/expanded/Tsiokos_2026_Six_Birds_Foundations_of_Emergence_Calculus.tex:L353-L360,"Closure operator: Let (L, ) be a poset. A map c:L→ L is a closure operator if for all x,y∈ L : (Extensive) x c(x) . (Monotone) x y implies c(x) c(y) . (Idempotent) c(c(x)) = c(x) .",NOT_APPLICABLE_DEFINITION,"{""caveats"": [""FORMAL_OR_PROOF_ASSISTANT_COMPONENT_DISCLOSED""], ""declarations"": [""closure_idempotent""], ""elaboration_status"": ""STATIC_INDEX_AND_IMPORT_RESOLUTION_ONLY; LOCAL_LEAN_KERNEL_NOT_RUN"", ""exact_conclusion_match"": null, ""exact_hypothesis_match"": null, ""lab_or_test_evidence"": [], ""modules"": [""ClosureLadder.Basic""], ""source_files"": [""formalization/foundations_vi_scaffold/lean/vendor/foundations/six-birds-theory/formal/ClosureLadder/Basic.lean""], ""statement_delta"": [""Lexical/declaration-name alignment only; exact parameters, hypotheses, and conclusions were not certified equivalent."", ""Candidate scores: closure_idempotent=0.560""], ""status"": ""PLAUSIBLE_IMPORTED_MATCH_REQUIRES_STATEMENT_REVIEW"", ""trust_base"": []}","[""CG03""]"
P031-C0011,P031,definition,DEFINITION,source/papers/Tsiokos_2026_Six_Birds_Foundations_of_Emergence_Calculus.tex:L365-L371; derived/expanded/Tsiokos_2026_Six_Birds_Foundations_of_Emergence_Calculus.tex:L365-L371,"Closed points / objects: Given a closure operator c:L→ L , its closed points (or objects of the theory determined by c ) are the fixed points Fix(c) := \ x∈ L : c(x)=x\ .",NOT_APPLICABLE_DEFINITION,"{""caveats"": [""FORMAL_OR_PROOF_ASSISTANT_COMPONENT_DISCLOSED""], ""declarations"": [], ""elaboration_status"": ""NOT_APPLICABLE_OR_NOT_RUN"", ""exact_conclusion_match"": null, ""exact_hypothesis_match"": null, ""lab_or_test_evidence"": [], ""modules"": [], ""source_files"": [], ""statement_delta"": [""Imported module family exists, but no plausible declaration-name match passed the conservative threshold.""], ""status"": ""NO_MATCH"", ""trust_base"": []}","[""CG03""]"
P031-C0016,P031,definition,DEFINITION,source/papers/Tsiokos_2026_Six_Birds_Foundations_of_Emergence_Calculus.tex:L420-L423; derived/expanded/Tsiokos_2026_Six_Birds_Foundations_of_Emergence_Calculus.tex:L420-L423,"Strictly stronger closure: For closure operators c,d on L , write c d (`` d is strictly stronger than c '') if c d and there exists an x∈ L such that d(x)≠ c(x) .",NOT_APPLICABLE_DEFINITION,"{""caveats"": [""FORMAL_OR_PROOF_ASSISTANT_COMPONENT_DISCLOSED""], ""declarations"": [], ""elaboration_status"": ""NOT_APPLICABLE_OR_NOT_RUN"", ""exact_conclusion_match"": null, ""exact_hypothesis_match"": null, ""lab_or_test_evidence"": [], ""modules"": [], ""source_files"": [], ""statement_delta"": [""Imported module family exists, but no plausible declaration-name match passed the conservative threshold.""], ""status"": ""NO_MATCH"", ""trust_base"": []}","[""CG03""]"
P031-C0017,P031,definition,DEFINITION,source/papers/Tsiokos_2026_Six_Birds_Foundations_of_Emergence_Calculus.tex:L425-L432; derived/expanded/Tsiokos_2026_Six_Birds_Foundations_of_Emergence_Calculus.tex:L425-L432,Closure ladder: A closure ladder is a sequence of closure operators (c_n)_ n∈ N on L such that c_n c_ n+1 for all n . The fixed-point sets form a nested chain Fix(c_0) Fix(c_1) Fix(c_2) by Lemma .,NOT_APPLICABLE_DEFINITION,"{""caveats"": [""FORMAL_OR_PROOF_ASSISTANT_COMPONENT_DISCLOSED""], ""declarations"": [], ""elaboration_status"": ""NOT_APPLICABLE_OR_NOT_RUN"", ""exact_conclusion_match"": null, ""exact_hypothesis_match"": null, ""lab_or_test_evidence"": [], ""modules"": [], ""source_files"": [], ""statement_delta"": [""Imported module family exists, but no plausible declaration-name match passed the conservative threshold.""], ""status"": ""NO_MATCH"", ""trust_base"": []}","[""CG03"", ""CG21"", ""CG30""]"
P031-C0020,P031,definition,DEFINITION,source/papers/Tsiokos_2026_Six_Birds_Foundations_of_Emergence_Calculus.tex:L463-L466; derived/expanded/Tsiokos_2026_Six_Birds_Foundations_of_Emergence_Calculus.tex:L463-L466,"Idempotent endomap: Let A be a set (or type). An idempotent endomap on A is a function e : A → A such that e e = e , i.e.\ e(e(a)) = e(a) for all a∈ A .",NOT_APPLICABLE_DEFINITION,"{""caveats"": [""FORMAL_OR_PROOF_ASSISTANT_COMPONENT_DISCLOSED""], ""declarations"": [], ""elaboration_status"": ""NOT_APPLICABLE_OR_NOT_RUN"", ""exact_conclusion_match"": null, ""exact_hypothesis_match"": null, ""lab_or_test_evidence"": [], ""modules"": [], ""source_files"": [], ""statement_delta"": [""Imported module family exists, but no plausible declaration-name match passed the conservative threshold.""], ""status"": ""NO_MATCH"", ""trust_base"": []}","[""CG03""]"
P031-C0021,P031,definition,DEFINITION,source/papers/Tsiokos_2026_Six_Birds_Foundations_of_Emergence_Calculus.tex:L468-L474; derived/expanded/Tsiokos_2026_Six_Birds_Foundations_of_Emergence_Calculus.tex:L468-L474,Fixed points: For an endomap e : A → A define its fixed-point set Fix(e) := \ a∈ A : e(a)=a\ . We interpret Fix(e) as the collection of ``objects'' completed by e .,NOT_APPLICABLE_DEFINITION,"{""caveats"": [""FORMAL_OR_PROOF_ASSISTANT_COMPONENT_DISCLOSED""], ""declarations"": [], ""elaboration_status"": ""NOT_APPLICABLE_OR_NOT_RUN"", ""exact_conclusion_match"": null, ""exact_hypothesis_match"": null, ""lab_or_test_evidence"": [], ""modules"": [], ""source_files"": [], ""statement_delta"": [""Imported module family exists, but no plausible declaration-name match passed the conservative threshold.""], ""status"": ""NO_MATCH"", ""trust_base"": []}","[""CG03"", ""CG21"", ""CG30""]"
P031-C0025,P031,definition,DEFINITION,source/papers/Tsiokos_2026_Six_Birds_Foundations_of_Emergence_Calculus.tex:L526-L547; derived/expanded/Tsiokos_2026_Six_Birds_Foundations_of_Emergence_Calculus.tex:L526-L547,"Coarse map and canonical lift; D-IC-01: Let Q_f:Delta(Z)→ Delta(X) be the pushforward (coarse-graining) map (Q_fmu)(x) := _ z∈ B_x mu(z). Fix a canonical lift U_f:Delta(X)→ Delta(Z) specified by a choice of prototype distributions (u_x)_ x∈ X with supp(u_x)⊆ B_x and _ z∈ B_x u_x(z)=1 , by setting (U_fnu)(z) := _ x∈ X nu(x) u_x(z). Equivalently, U_fdelta_x=u_x and Q_f U_f = id_ Delta(X) . Existence Requires Choosing a Scale. For an integer time scale tau 1 , define the induced empirical endomap E_ tau,f :Delta(Z)→ Delta(Z), E_ tau,f (mu) := U_f (Q_f(mu P^tau) ).",NOT_APPLICABLE_DEFINITION,"{""caveats"": [""FORMAL_OR_PROOF_ASSISTANT_COMPONENT_DISCLOSED""], ""declarations"": [], ""elaboration_status"": ""NOT_APPLICABLE_OR_NOT_RUN"", ""exact_conclusion_match"": null, ""exact_hypothesis_match"": null, ""lab_or_test_evidence"": [], ""modules"": [], ""source_files"": [], ""statement_delta"": [""Imported module family exists, but no plausible declaration-name match passed the conservative threshold.""], ""status"": ""NO_MATCH"", ""trust_base"": []}","[""CG03"", ""CG21"", ""CG30""]"
P031-C0027,P031,definition,DEFINITION,source/papers/Tsiokos_2026_Six_Birds_Foundations_of_Emergence_Calculus.tex:L561-L581; derived/expanded/Tsiokos_2026_Six_Birds_Foundations_of_Emergence_Calculus.tex:L561-L581,"TV idempotence defect; D-IC-02: Let \| \|_ TV denote total variation on Delta(Z) , i.e. \|mu-nu\|_ TV = 12\|mu-nu\|_1 . The idempotence defect of E_ tau,f is delta_ tau,f := _ mu∈ Delta(Z) \|E_ tau,f (E_ tau,f (mu)) - E_ tau,f (mu) \|_ TV . Guardrail. A small idempotence defect delta(E) is a saturation diagnostic (reapplying E changes E(mu) only slightly), but it does not by itself certify nontrivial emergence or multiplicity (e.g., a constant map has delta(E)=0 but only one fixed point). Any “multiple objects” conclusion therefore requires a separate nontriviality condition (for example: at least two distinct stable labels/prototypes at the chosen tolerance). Since mu↦ \| mu M\|_1 is convex for fixed M and Delta(Z) is the convex hull of the Dirac masses (delta_z)_ z∈ Z , the supremum is attained on extreme points: delta_ tau,f = _ z∈ Z \|delta_z(E_ tau,f ^2 - E_ tau,f ) \|_ TV = 12 _ z∈ Z _ z'∈ Z |(E_ tau,f ^2 - E_ tau,f )(z,z') |.",NOT_APPLICABLE_DEFINITION,"{""caveats"": [""FORMAL_OR_PROOF_ASSISTANT_COMPONENT_DISCLOSED""], ""declarations"": [], ""elaboration_status"": ""NOT_APPLICABLE_OR_NOT_RUN"", ""exact_conclusion_match"": null, ""exact_hypothesis_match"": null, ""lab_or_test_evidence"": [], ""modules"": [], ""source_files"": [], ""statement_delta"": [""Imported module family exists, but no plausible declaration-name match passed the conservative threshold.""], ""status"": ""NO_MATCH"", ""trust_base"": []}","[""CG03"", ""CG21"", ""CG30""]"
P031-C0028,P031,definition,DEFINITION,source/papers/Tsiokos_2026_Six_Birds_Foundations_of_Emergence_Calculus.tex:L583-L592; derived/expanded/Tsiokos_2026_Six_Birds_Foundations_of_Emergence_Calculus.tex:L583-L592,"Prototype stability at scale tau: For each x∈ X define the (scale- tau ) stability of the prototype u_x by s_ tau,f (x) := \|E_ tau,f (u_x)-u_x \|_ TV = \|U_f(Q_f(u_xP^tau)) - U_f(delta_x) \|_ TV . We say u_x is -stable if s_ tau,f (x) .",NOT_APPLICABLE_DEFINITION,"{""caveats"": [""FORMAL_OR_PROOF_ASSISTANT_COMPONENT_DISCLOSED""], ""declarations"": [], ""elaboration_status"": ""NOT_APPLICABLE_OR_NOT_RUN"", ""exact_conclusion_match"": null, ""exact_hypothesis_match"": null, ""lab_or_test_evidence"": [], ""modules"": [], ""source_files"": [], ""statement_delta"": [""Imported module family exists, but no plausible declaration-name match passed the conservative threshold.""], ""status"": ""NO_MATCH"", ""trust_base"": []}","[""CG03"", ""CG21"", ""CG30""]"
P031-C0032,P031,prose_definition,PROSE_DEFINITION,source/papers/Tsiokos_2026_Six_Birds_Foundations_of_Emergence_Calculus.tex:L721-L723; derived/expanded/Tsiokos_2026_Six_Birds_Foundations_of_Emergence_Calculus.tex:L721-L723,"Define the (undirected) support graph G=(Z,E) by declaring \ i,j\ ∈ E iff P_ ij >0 (equivalently P_ ji >0 by A_REV). Let E be the corresponding set of oriented edges: for each \ i,j\ ∈ E we include both (i,j) and (j,i) .",PROSE_STATUS_OR_ARGUMENT_RECORD,"{""caveats"": [""FORMAL_OR_PROOF_ASSISTANT_COMPONENT_DISCLOSED""], ""declarations"": [], ""elaboration_status"": ""NOT_APPLICABLE_OR_NOT_RUN"", ""exact_conclusion_match"": null, ""exact_hypothesis_match"": null, ""lab_or_test_evidence"": [], ""modules"": [], ""source_files"": [], ""statement_delta"": [""Imported module family exists, but no plausible declaration-name match passed the conservative threshold.""], ""status"": ""NO_MATCH"", ""trust_base"": []}","[""CG03"", ""CG21"", ""CG30""]"
P031-C0033,P031,definition,DEFINITION,source/papers/Tsiokos_2026_Six_Birds_Foundations_of_Emergence_Calculus.tex:L725-L733; derived/expanded/Tsiokos_2026_Six_Birds_Foundations_of_Emergence_Calculus.tex:L725-L733,"Edge log-ratio 1-form: Assume A_FIN+A_REV. The antisymmetric edge 1-form associated to P is the function a: E→ R defined by a_ ij := a(i,j) := P_ ij P_ ji for (i,j)∈ E. Then a_ ji =-a_ ij .",NOT_APPLICABLE_DEFINITION,"{""caveats"": [""FORMAL_OR_PROOF_ASSISTANT_COMPONENT_DISCLOSED""], ""declarations"": [], ""elaboration_status"": ""NOT_APPLICABLE_OR_NOT_RUN"", ""exact_conclusion_match"": null, ""exact_hypothesis_match"": null, ""lab_or_test_evidence"": [], ""modules"": [], ""source_files"": [], ""statement_delta"": [""Imported module family exists, but no plausible declaration-name match passed the conservative threshold.""], ""status"": ""NO_MATCH"", ""trust_base"": []}","[""CG03"", ""CG21"", ""CG30""]"
P031-C0035,P031,definition,DEFINITION,source/papers/Tsiokos_2026_Six_Birds_Foundations_of_Emergence_Calculus.tex:L749-L756; derived/expanded/Tsiokos_2026_Six_Birds_Foundations_of_Emergence_Calculus.tex:L749-L756,"Cycle integral / affinity along a cycle: Given an antisymmetric edge 1-form a and an oriented cycle gamma=(v_0, ,v_m=v_0) , define A(gamma) := _ k=0 ^ m-1 a_ v_k v_ k+1 . Reversing the orientation negates A(gamma) .",NOT_APPLICABLE_DEFINITION,"{""caveats"": [""FORMAL_OR_PROOF_ASSISTANT_COMPONENT_DISCLOSED""], ""declarations"": [], ""elaboration_status"": ""NOT_APPLICABLE_OR_NOT_RUN"", ""exact_conclusion_match"": null, ""exact_hypothesis_match"": null, ""lab_or_test_evidence"": [], ""modules"": [], ""source_files"": [], ""statement_delta"": [""Imported module family exists, but no plausible declaration-name match passed the conservative threshold.""], ""status"": ""NO_MATCH"", ""trust_base"": []}","[""CG03"", ""CG21"", ""CG30""]"
P031-C0036,P031,definition,DEFINITION,source/papers/Tsiokos_2026_Six_Birds_Foundations_of_Emergence_Calculus.tex:L758-L766; derived/expanded/Tsiokos_2026_Six_Birds_Foundations_of_Emergence_Calculus.tex:L758-L766,"Exact 1-forms: An antisymmetric 1-form a on E is exact if there exists a potential Phi:Z→ R such that for every (i,j)∈ E , a_ ij = Phi(j)-Phi(i). We write a=dPhi in this case.",NOT_APPLICABLE_DEFINITION,"{""caveats"": [""FORMAL_OR_PROOF_ASSISTANT_COMPONENT_DISCLOSED""], ""declarations"": [], ""elaboration_status"": ""NOT_APPLICABLE_OR_NOT_RUN"", ""exact_conclusion_match"": null, ""exact_hypothesis_match"": null, ""lab_or_test_evidence"": [], ""modules"": [], ""source_files"": [], ""statement_delta"": [""Imported module family exists, but no plausible declaration-name match passed the conservative threshold.""], ""status"": ""NO_MATCH"", ""trust_base"": []}","[""CG03"", ""CG21"", ""CG30""]"
P031-C0042,P031,definition,DEFINITION,source/papers/Tsiokos_2026_Six_Birds_Foundations_of_Emergence_Calculus.tex:L848-L861; derived/expanded/Tsiokos_2026_Six_Birds_Foundations_of_Emergence_Calculus.tex:L848-L861,"Forward path law and reversal (D-AOT-01): Fix a horizon T∈ N with T 1 and an initial distribution rho∈Delta(Z) . The (forward) length- T path law P_ rho,T is the probability measure on Z^ T+1 defined by P_ rho,T (z_0, ,z_T) := rho(z_0) _ t=0 ^ T-1 P(z_t,z_ t+1 ). Let R:Z^ T+1 → Z^ T+1 be the reversal map R(z_0, ,z_T)=(z_T, ,z_0) , and write R_ * mu for pushforward of a measure mu . Define the (finite-horizon) path reversal asymmetry Sigma_T(rho) := D_ KL ( P_ rho,T \| R_ * P_ rho,T )∈[0,∈fty]. We use the standard convention D_ KL (p\|q)=+∈fty if p is not absolutely continuous with respect to q .",NOT_APPLICABLE_DEFINITION,"{""caveats"": [""FORMAL_OR_PROOF_ASSISTANT_COMPONENT_DISCLOSED""], ""declarations"": [], ""elaboration_status"": ""NOT_APPLICABLE_OR_NOT_RUN"", ""exact_conclusion_match"": null, ""exact_hypothesis_match"": null, ""lab_or_test_evidence"": [], ""modules"": [], ""source_files"": [], ""statement_delta"": [""Imported module family exists, but no plausible declaration-name match passed the conservative threshold.""], ""status"": ""NO_MATCH"", ""trust_base"": []}","[""CG03"", ""CG21"", ""CG30""]"
P031-C0044,P031,definition,DEFINITION,source/papers/Tsiokos_2026_Six_Birds_Foundations_of_Emergence_Calculus.tex:L870-L874; derived/expanded/Tsiokos_2026_Six_Birds_Foundations_of_Emergence_Calculus.tex:L870-L874,"Steady-state entropy production (D-AOT-EP-01): Assume additionally A_STAT and let pi be a stationary distribution for P . The (finite-horizon) steady-state entropy production is EP_T:=Sigma_T(pi) . When a per-step rate is desired, we write ep:= 1TSigma_T(pi) (and, under standard ergodicity conditions, one can pass to the limit T→∈fty ).",NOT_APPLICABLE_DEFINITION,"{""caveats"": [""FORMAL_OR_PROOF_ASSISTANT_COMPONENT_DISCLOSED""], ""declarations"": [], ""elaboration_status"": ""NOT_APPLICABLE_OR_NOT_RUN"", ""exact_conclusion_match"": null, ""exact_hypothesis_match"": null, ""lab_or_test_evidence"": [], ""modules"": [], ""source_files"": [], ""statement_delta"": [""Imported module family exists, but no plausible declaration-name match passed the conservative threshold.""], ""status"": ""NO_MATCH"", ""trust_base"": []}","[""CG03"", ""CG21"", ""CG30""]"
P031-C0047,P031,definition,DEFINITION,source/papers/Tsiokos_2026_Six_Birds_Foundations_of_Emergence_Calculus.tex:L927-L936; derived/expanded/Tsiokos_2026_Six_Birds_Foundations_of_Emergence_Calculus.tex:L927-L936,"Autonomous m -phase protocol: D-PROT-02. Fix alpha∈[0,1] and define an autonomous Markov chain on the product space Z:=X× Phi by P ((x,phi),(x',phi') ) :=alpha 1_ x'=x S (phi,phi') +(1-alpha) 1_ phi'=phi K_phi(x,x'). We call this the lifted (phase-included) protocol model.",NOT_APPLICABLE_DEFINITION,"{""caveats"": [""FORMAL_OR_PROOF_ASSISTANT_COMPONENT_DISCLOSED""], ""declarations"": [], ""elaboration_status"": ""NOT_APPLICABLE_OR_NOT_RUN"", ""exact_conclusion_match"": null, ""exact_hypothesis_match"": null, ""lab_or_test_evidence"": [], ""modules"": [], ""source_files"": [], ""statement_delta"": [""Imported module family exists, but no plausible declaration-name match passed the conservative threshold.""], ""status"": ""NO_MATCH"", ""trust_base"": []}","[""CG03"", ""CG21"", ""CG30""]"
P031-C0051,P031,definition,DEFINITION,source/papers/Tsiokos_2026_Six_Birds_Foundations_of_Emergence_Calculus.tex:L989-L996; derived/expanded/Tsiokos_2026_Six_Birds_Foundations_of_Emergence_Calculus.tex:L989-L996,"Predicates and definability: A (Boolean) predicate is a function h:Z→\ 0,1\ . We say that h is definable from the theory f (equivalently: Pi_f -measurable) if it is constant on each block: x∈ X,\ z,z'∈ B_x, h(z)=h(z'). Equivalently, there exists h:X→\ 0,1\ with h= h f .",NOT_APPLICABLE_DEFINITION,"{""caveats"": [""FORMAL_OR_PROOF_ASSISTANT_COMPONENT_DISCLOSED""], ""declarations"": [], ""elaboration_status"": ""NOT_APPLICABLE_OR_NOT_RUN"", ""exact_conclusion_match"": null, ""exact_hypothesis_match"": null, ""lab_or_test_evidence"": [], ""modules"": [], ""source_files"": [], ""statement_delta"": [""Imported module family exists, but no plausible declaration-name match passed the conservative threshold.""], ""status"": ""NO_MATCH"", ""trust_base"": []}","[""CG03"", ""CG21"", ""CG30""]"
P031-C0060,P031,definition,DEFINITION,source/papers/Tsiokos_2026_Six_Birds_Foundations_of_Emergence_Calculus.tex:L1093-L1096; derived/expanded/Tsiokos_2026_Six_Birds_Foundations_of_Emergence_Calculus.tex:L1093-L1096,"Process soup (D-META-PROC-01): A process soup is a set P equipped with a partially defined associative composition (a partial semigroup), with identities where relevant.",NOT_APPLICABLE_DEFINITION,"{""caveats"": [""FORMAL_OR_PROOF_ASSISTANT_COMPONENT_DISCLOSED""], ""declarations"": [], ""elaboration_status"": ""NOT_APPLICABLE_OR_NOT_RUN"", ""exact_conclusion_match"": null, ""exact_hypothesis_match"": null, ""lab_or_test_evidence"": [], ""modules"": [], ""source_files"": [], ""statement_delta"": [""Imported module family exists, but no plausible declaration-name match passed the conservative threshold.""], ""status"": ""NO_MATCH"", ""trust_base"": []}","[""CG03"", ""CG21"", ""CG30""]"
P031-C0061,P031,definition,DEFINITION,source/papers/Tsiokos_2026_Six_Birds_Foundations_of_Emergence_Calculus.tex:L1098-L1102; derived/expanded/Tsiokos_2026_Six_Birds_Foundations_of_Emergence_Calculus.tex:L1098-L1102,Interface lens (D-META-LENS-01): An interface lens is a map f: P→ X to a set of observables. It induces a kernel equivalence x _f y iff f(x)=f(y) . Limited access means x≠ y with x _f y . This abstracts the notion of a coarse-graining lens f:Z→ X used elsewhere: here the lens acts on processes/happenings rather than on state spaces.,NOT_APPLICABLE_DEFINITION,"{""caveats"": [""FORMAL_OR_PROOF_ASSISTANT_COMPONENT_DISCLOSED""], ""declarations"": [], ""elaboration_status"": ""NOT_APPLICABLE_OR_NOT_RUN"", ""exact_conclusion_match"": null, ""exact_hypothesis_match"": null, ""lab_or_test_evidence"": [], ""modules"": [], ""source_files"": [], ""statement_delta"": [""Imported module family exists, but no plausible declaration-name match passed the conservative threshold.""], ""status"": ""NO_MATCH"", ""trust_base"": []}","[""CG03"", ""CG21"", ""CG30""]"
P031-C0062,P031,definition,DEFINITION,source/papers/Tsiokos_2026_Six_Birds_Foundations_of_Emergence_Calculus.tex:L1104-L1110; derived/expanded/Tsiokos_2026_Six_Birds_Foundations_of_Emergence_Calculus.tex:L1104-L1110,"Refinement family (D-META-REF-01): A refinement family is a chain of equivalence relations ( _j)_ j 0 with x _ j+1 y implies x _j y ; equivalently, lenses f_j with f_j=g_j f_ j+1 for some maps g_j . As j increases, observables become more discriminating (partition refinement), hence the induced saturation operators on predicates become weaker (descending in the pointwise order).",NOT_APPLICABLE_DEFINITION,"{""caveats"": [""FORMAL_OR_PROOF_ASSISTANT_COMPONENT_DISCLOSED""], ""declarations"": [], ""elaboration_status"": ""NOT_APPLICABLE_OR_NOT_RUN"", ""exact_conclusion_match"": null, ""exact_hypothesis_match"": null, ""lab_or_test_evidence"": [], ""modules"": [], ""source_files"": [], ""statement_delta"": [""Imported module family exists, but no plausible declaration-name match passed the conservative threshold.""], ""status"": ""NO_MATCH"", ""trust_base"": []}","[""CG03"", ""CG21"", ""CG30""]"
P031-C0063,P031,definition,DEFINITION,source/papers/Tsiokos_2026_Six_Birds_Foundations_of_Emergence_Calculus.tex:L1112-L1116; derived/expanded/Tsiokos_2026_Six_Birds_Foundations_of_Emergence_Calculus.tex:L1112-L1116,Bounded interface (D-META-BND-01): There exists C_0 1 such that the quotient index satisfies | P/ _j| C_0(j+1) for all j . This is an explicit bounded-interface hypothesis on the lens hierarchy (a modeling assumption encoding bounded observable signature); it is not derived from refinement alone.,NOT_APPLICABLE_DEFINITION,"{""caveats"": [""FORMAL_OR_PROOF_ASSISTANT_COMPONENT_DISCLOSED""], ""declarations"": [], ""elaboration_status"": ""NOT_APPLICABLE_OR_NOT_RUN"", ""exact_conclusion_match"": null, ""exact_hypothesis_match"": null, ""lab_or_test_evidence"": [], ""modules"": [], ""source_files"": [], ""statement_delta"": [""Imported module family exists, but no plausible declaration-name match passed the conservative threshold.""], ""status"": ""NO_MATCH"", ""trust_base"": []}","[""CG03"", ""CG21"", ""CG30""]"
P031-C0065,P031,prose_definition,PROSE_DEFINITION_SECTION,source/papers/Tsiokos_2026_Six_Birds_Foundations_of_Emergence_Calculus.tex:L1162-L1214; derived/expanded/Tsiokos_2026_Six_Birds_Foundations_of_Emergence_Calculus.tex:L1162-L1214,"Definitions of P1–P6: [P1: operator rewrite] P1 is a rewrite of the substrate operator: replace a Markov kernel P by a new kernel P' (or a finite family \ P^ (m) \ ), thereby changing the endomap mu↦ mu P^tau and the induced empirical endomap E_ tau,f . This is a change in the operator itself, not an external schedule. [P2: gating / constraints] P2 restricts the support graph by deleting edges (setting selected P_ ij =0 ) and renormalizing rows, or equivalently restricting to a subgraph on which the kernel lives. Cycle-rank claims are interpreted on the undirected support graph justified by A_REV.",NAMED_SOURCE_SECTION_ARGUMENT,"{""caveats"": [""FORMAL_OR_PROOF_ASSISTANT_COMPONENT_DISCLOSED""], ""declarations"": [], ""elaboration_status"": ""NOT_APPLICABLE_OR_NOT_RUN"", ""exact_conclusion_match"": null, ""exact_hypothesis_match"": null, ""lab_or_test_evidence"": [], ""modules"": [], ""source_files"": [], ""statement_delta"": [""Imported module family exists, but no plausible declaration-name match passed the conservative threshold.""], ""status"": ""NO_MATCH"", ""trust_base"": []}","[""CG03"", ""CG21"", ""CG30""]"
P031-C0066,P031,definition,DEFINITION,source/papers/Tsiokos_2026_Six_Birds_Foundations_of_Emergence_Calculus.tex:L1164-L1168; derived/expanded/Tsiokos_2026_Six_Birds_Foundations_of_Emergence_Calculus.tex:L1164-L1168,"P1: operator rewrite: P1 is a rewrite of the substrate operator: replace a Markov kernel P by a new kernel P' (or a finite family \ P^ (m) \ ), thereby changing the endomap mu↦ mu P^tau and the induced empirical endomap E_ tau,f . This is a change in the operator itself, not an external schedule.",NOT_APPLICABLE_DEFINITION,"{""caveats"": [""FORMAL_OR_PROOF_ASSISTANT_COMPONENT_DISCLOSED""], ""declarations"": [], ""elaboration_status"": ""NOT_APPLICABLE_OR_NOT_RUN"", ""exact_conclusion_match"": null, ""exact_hypothesis_match"": null, ""lab_or_test_evidence"": [], ""modules"": [], ""source_files"": [], ""statement_delta"": [""Imported module family exists, but no plausible declaration-name match passed the conservative threshold.""], ""status"": ""NO_MATCH"", ""trust_base"": []}","[""CG03""]"
P031-C0067,P031,definition,DEFINITION,source/papers/Tsiokos_2026_Six_Birds_Foundations_of_Emergence_Calculus.tex:L1170-L1174; derived/expanded/Tsiokos_2026_Six_Birds_Foundations_of_Emergence_Calculus.tex:L1170-L1174,"P2: gating / constraints: P2 restricts the support graph by deleting edges (setting selected P_ ij =0 ) and renormalizing rows, or equivalently restricting to a subgraph on which the kernel lives. Cycle-rank claims are interpreted on the undirected support graph justified by A_REV.",NOT_APPLICABLE_DEFINITION,"{""caveats"": [""FORMAL_OR_PROOF_ASSISTANT_COMPONENT_DISCLOSED""], ""declarations"": [], ""elaboration_status"": ""NOT_APPLICABLE_OR_NOT_RUN"", ""exact_conclusion_match"": null, ""exact_hypothesis_match"": null, ""lab_or_test_evidence"": [], ""modules"": [], ""source_files"": [], ""statement_delta"": [""Imported module family exists, but no plausible declaration-name match passed the conservative threshold.""], ""status"": ""NO_MATCH"", ""trust_base"": []}","[""CG03"", ""CG21"", ""CG30""]"
P031-C0068,P031,definition,DEFINITION,source/papers/Tsiokos_2026_Six_Birds_Foundations_of_Emergence_Calculus.tex:L1176-L1182; derived/expanded/Tsiokos_2026_Six_Birds_Foundations_of_Emergence_Calculus.tex:L1176-L1182,"P3: autonomous protocol holonomy: P3 is modeled in the autonomous lifted form on Z:=X×Phi . The phase phi∈Phi evolves by an internal kernel S , and conditioned on phi the microstate updates by K_phi . No external schedule is assumed in the main text; externally scheduled stroboscopic protocols are non-autonomous and fall outside A_AUT. P3 (route mismatch/holonomy) is a protocol-geometry diagnostic: by itself it does not certify directionality, and any arrow-of-time claim must be supported by an audit functional (e.g.\ affinity or path reversal asymmetry) in a model where the protocol state is included.",NOT_APPLICABLE_DEFINITION,"{""caveats"": [""FORMAL_OR_PROOF_ASSISTANT_COMPONENT_DISCLOSED""], ""declarations"": [], ""elaboration_status"": ""NOT_APPLICABLE_OR_NOT_RUN"", ""exact_conclusion_match"": null, ""exact_hypothesis_match"": null, ""lab_or_test_evidence"": [], ""modules"": [], ""source_files"": [], ""statement_delta"": [""Imported module family exists, but no plausible declaration-name match passed the conservative threshold.""], ""status"": ""NO_MATCH"", ""trust_base"": []}","[""CG03"", ""CG21"", ""CG30""]"
P031-C0069,P031,definition,DEFINITION,source/papers/Tsiokos_2026_Six_Birds_Foundations_of_Emergence_Calculus.tex:L1184-L1188; derived/expanded/Tsiokos_2026_Six_Birds_Foundations_of_Emergence_Calculus.tex:L1184-L1188,"P4: sectors / invariants: P4 is a conserved sector label: the support decomposes into disconnected components (block structure), or equivalently P is block diagonal up to permutation, so evolution preserves a sector coordinate.",NOT_APPLICABLE_DEFINITION,"{""caveats"": [""FORMAL_OR_PROOF_ASSISTANT_COMPONENT_DISCLOSED""], ""declarations"": [], ""elaboration_status"": ""NOT_APPLICABLE_OR_NOT_RUN"", ""exact_conclusion_match"": null, ""exact_hypothesis_match"": null, ""lab_or_test_evidence"": [], ""modules"": [], ""source_files"": [], ""statement_delta"": [""Imported module family exists, but no plausible declaration-name match passed the conservative threshold.""], ""status"": ""NO_MATCH"", ""trust_base"": []}","[""CG03"", ""CG21"", ""CG30""]"
P031-C0070,P031,definition,DEFINITION,source/papers/Tsiokos_2026_Six_Birds_Foundations_of_Emergence_Calculus.tex:L1190-L1194; derived/expanded/Tsiokos_2026_Six_Birds_Foundations_of_Emergence_Calculus.tex:L1190-L1194,P5: packaging: P5 is an idempotent endomap e whose fixed points Fix(e) are the packaged objects of a given theory. This is an endomap notion (Section ). It is not an order-closure.,NOT_APPLICABLE_DEFINITION,"{""caveats"": [""FORMAL_OR_PROOF_ASSISTANT_COMPONENT_DISCLOSED""], ""declarations"": [""closure_idempotent""], ""elaboration_status"": ""STATIC_INDEX_AND_IMPORT_RESOLUTION_ONLY; LOCAL_LEAN_KERNEL_NOT_RUN"", ""exact_conclusion_match"": null, ""exact_hypothesis_match"": null, ""lab_or_test_evidence"": [], ""modules"": [""ClosureLadder.Basic""], ""source_files"": [""formalization/foundations_vi_scaffold/lean/vendor/foundations/six-birds-theory/formal/ClosureLadder/Basic.lean""], ""statement_delta"": [""Lexical/declaration-name alignment only; exact parameters, hypotheses, and conclusions were not certified equivalent."", ""Candidate scores: closure_idempotent=0.519""], ""status"": ""PLAUSIBLE_IMPORTED_MATCH_REQUIRES_STATEMENT_REVIEW"", ""trust_base"": []}","[""CG03"", ""CG21"", ""CG30""]"
P031-C0071,P031,definition,DEFINITION,source/papers/Tsiokos_2026_Six_Birds_Foundations_of_Emergence_Calculus.tex:L1196-L1206; derived/expanded/Tsiokos_2026_Six_Birds_Foundations_of_Emergence_Calculus.tex:L1196-L1206,"P6: accounting / audit: P6 is an accounting/audit structure: a certificate or functional that is monotone under coarse maps or packaging. Canonical instantiations in this manuscript include: the information/feasibility order induced by limited access (META), path-space KL asymmetry with data processing (Section ), the ACC graph 1-form/cycle-integral audit (Section ).",NOT_APPLICABLE_DEFINITION,"{""caveats"": [""FORMAL_OR_PROOF_ASSISTANT_COMPONENT_DISCLOSED""], ""declarations"": [], ""elaboration_status"": ""NOT_APPLICABLE_OR_NOT_RUN"", ""exact_conclusion_match"": null, ""exact_hypothesis_match"": null, ""lab_or_test_evidence"": [], ""modules"": [], ""source_files"": [], ""statement_delta"": [""Imported module family exists, but no plausible declaration-name match passed the conservative threshold.""], ""status"": ""NO_MATCH"", ""trust_base"": []}","[""CG03"", ""CG21"", ""CG30""]"
P031-C0083,P031,prose_definition,PROSE_DEFINITION_SECTION,source/papers/Tsiokos_2026_Six_Birds_Foundations_of_Emergence_Calculus.tex:L1605-L1619; derived/expanded/Tsiokos_2026_Six_Birds_Foundations_of_Emergence_Calculus.tex:L1605-L1619,Balanced-atom route (definitions + kernel-mass hinge).: These files provide the finite-memory ICAP and toy compression witnesses used by the balanced-atom route. Representative files: python/src/clt/bridge_kernels.py python/tests/test_bridge_kernels_fmem_icap.py python/src/clt/balanced_atoms.py python/tests/test_balanced_atoms_icap.py python/scripts/balanced_atoms_witness.py python/src/clt/ect_toy.py python/tests/test_ect_compression_witness.py python/scripts/ect_compression_witness.py,NAMED_SOURCE_SECTION_ARGUMENT,"{""caveats"": [""FORMAL_OR_PROOF_ASSISTANT_COMPONENT_DISCLOSED""], ""declarations"": [], ""elaboration_status"": ""NOT_APPLICABLE_OR_NOT_RUN"", ""exact_conclusion_match"": null, ""exact_hypothesis_match"": null, ""lab_or_test_evidence"": [], ""modules"": [], ""source_files"": [], ""statement_delta"": [""Imported module family exists, but no plausible declaration-name match passed the conservative threshold.""], ""status"": ""NO_MATCH"", ""trust_base"": []}","[""CG03"", ""CG21"", ""CG30""]"
P031-C0094,P031,definition,DEFINITION,source/papers/Tsiokos_2026_Six_Birds_Foundations_of_Emergence_Calculus.tex:L1964-L1981; derived/expanded/Tsiokos_2026_Six_Birds_Foundations_of_Emergence_Calculus.tex:L1964-L1981,"Ports, causal bridge, and accounting: A port space is a finite-dimensional real Hilbert space U with inner product , _U and norm \| \|_U . Fix a finite time horizon T>0 and write U := L^2([0,T];U) for square-integrable U -valued signals. A (deterministic) bridge operator is a map Z: U→ U . It is causal if for all t∈[0,T] and all u,v∈ U , u(tau)=v(tau)\ for a.e.\ tau∈[0,t] implies ( Z u)(tau)=( Z v)(tau)\ for a.e.\ tau∈[0,t]. Given an input u∈ U and output y= Z u , define the instantaneous supply rate p(t):= u(t),y(t) _U, p^+(t):= \ p(t),0\ , and the positive supplied work over [s,t]⊆[0,T] by W^+[s,t]:=∈t_s^t p^+(tau) dtau.",NOT_APPLICABLE_DEFINITION,"{""caveats"": [""FORMAL_OR_PROOF_ASSISTANT_COMPONENT_DISCLOSED""], ""declarations"": [], ""elaboration_status"": ""NOT_APPLICABLE_OR_NOT_RUN"", ""exact_conclusion_match"": null, ""exact_hypothesis_match"": null, ""lab_or_test_evidence"": [], ""modules"": [], ""source_files"": [], ""statement_delta"": [""Imported module family exists, but no plausible declaration-name match passed the conservative threshold.""], ""status"": ""NO_MATCH"", ""trust_base"": []}","[""CG03"", ""CG21"", ""CG30""]"
P031-C0095,P031,definition,DEFINITION,source/papers/Tsiokos_2026_Six_Birds_Foundations_of_Emergence_Calculus.tex:L1983-L1992; derived/expanded/Tsiokos_2026_Six_Birds_Foundations_of_Emergence_Calculus.tex:L1983-L1992,"Passivity with storage: A causal bridge Z: U→ U is passive with storage (cf.\ ) if there exist: (i) a state space X , (ii) a nonnegative storage functional S:X→[0,∈fty) , and (iii) for each input u∈ U a state trajectory x_u:[0,T]→ X , such that for all 0 s t T , S(x_u(t)) - S(x_u(s))\ \ ∈t_s^t u(tau),( Z u)(tau) _U dtau. D-TK-BRG-02",NOT_APPLICABLE_DEFINITION,"{""caveats"": [""FORMAL_OR_PROOF_ASSISTANT_COMPONENT_DISCLOSED""], ""declarations"": [], ""elaboration_status"": ""NOT_APPLICABLE_OR_NOT_RUN"", ""exact_conclusion_match"": null, ""exact_hypothesis_match"": null, ""lab_or_test_evidence"": [], ""modules"": [], ""source_files"": [], ""statement_delta"": [""Imported module family exists, but no plausible declaration-name match passed the conservative threshold.""], ""status"": ""NO_MATCH"", ""trust_base"": []}","[""CG03"", ""CG21"", ""CG30""]"
P031-C0096,P031,definition,DEFINITION,source/papers/Tsiokos_2026_Six_Birds_Foundations_of_Emergence_Calculus.tex:L1994-L2004; derived/expanded/Tsiokos_2026_Six_Birds_Foundations_of_Emergence_Calculus.tex:L1994-L2004,"Integrated capacity inequality (ICAP): A causal bridge Z: U→ U satisfies an integrated capacity inequality (ICAP) if there exists Lambda∈(0,∈fty) such that for all 0 s t T and all inputs u∈ U , with truncated input u^ [s,t] :=u 1_ [s,t] and output y^ [s,t] := Z(u^ [s,t] ) , W^+[s,t]\ \ Lambda∈t_s^t \|u(tau)\|_U^2 dtau. D-TK-BRG-03 ICAP is the natural throughput notion for bridges with memory: it allows short spikes in p(t) while bounding cumulative positive supply by an L^2 budget.",NOT_APPLICABLE_DEFINITION,"{""caveats"": [""FORMAL_OR_PROOF_ASSISTANT_COMPONENT_DISCLOSED""], ""declarations"": [], ""elaboration_status"": ""NOT_APPLICABLE_OR_NOT_RUN"", ""exact_conclusion_match"": null, ""exact_hypothesis_match"": null, ""lab_or_test_evidence"": [], ""modules"": [], ""source_files"": [], ""statement_delta"": [""Imported module family exists, but no plausible declaration-name match passed the conservative threshold.""], ""status"": ""NO_MATCH"", ""trust_base"": []}","[""CG03"", ""CG21"", ""CG30""]"
P031-C0104,P031,definition,DEFINITION,source/papers/Tsiokos_2026_Six_Birds_Foundations_of_Emergence_Calculus.tex:L2118-L2128; derived/expanded/Tsiokos_2026_Six_Birds_Foundations_of_Emergence_Calculus.tex:L2118-L2128,"Atomic/sector decompositions of a packaged bridge (ID: D-ECT-ATOM-01): Fix a port space U and a finite horizon T>0 , and write U:=L^2([0,T];U) . Let Z: U→ U be a causal bridge (Definition ). An atomic (sector) decomposition of Z is a representation Z = _ r=1 ^m Z_r as a parallel sum of causal bridges Z_r: U→ U on the same port space (so ( Zu)(t)= _r( Z_ru)(t) ). We call m the mode count of the chosen decomposition. In depth-indexed settings we write Z= Z_j and denote the mode count by m_j .",NOT_APPLICABLE_DEFINITION,"{""caveats"": [""FORMAL_OR_PROOF_ASSISTANT_COMPONENT_DISCLOSED""], ""declarations"": [], ""elaboration_status"": ""NOT_APPLICABLE_OR_NOT_RUN"", ""exact_conclusion_match"": null, ""exact_hypothesis_match"": null, ""lab_or_test_evidence"": [], ""modules"": [], ""source_files"": [], ""statement_delta"": [""Imported module family exists, but no plausible declaration-name match passed the conservative threshold.""], ""status"": ""NO_MATCH"", ""trust_base"": []}","[""CG03"", ""CG21"", ""CG30""]"
P031-C0105,P031,definition,DEFINITION,source/papers/Tsiokos_2026_Six_Birds_Foundations_of_Emergence_Calculus.tex:L2131-L2143; derived/expanded/Tsiokos_2026_Six_Birds_Foundations_of_Emergence_Calculus.tex:L2131-L2143,"Dissipative atom representation (ID: D-ECT-ATOM-SS-01): Let Z_r be an atom in an atomic decomposition (Definition ) acting on U:=L^2([0,T];U) . We say Z_r admits a dissipative atom representation if it has a kernel K_r(tau)\ =\ C_r e^ A_rtau B_r, tau 0, with an internal Hilbert space H_r , bounded linear maps A_r:H_r→ H_r , B_r:U→ H_r , C_r:H_r→ U , and decay \|e^ A_rtau \|_ op \ \ e^ -lambda_r tau for some lambda_r>0. All windowed/interval inequalities in this appendix are evaluated using truncated inputs u^ [s,t] :=u 1_ [s,t] , as in Definition .",NOT_APPLICABLE_DEFINITION,"{""caveats"": [""FORMAL_OR_PROOF_ASSISTANT_COMPONENT_DISCLOSED""], ""declarations"": [], ""elaboration_status"": ""NOT_APPLICABLE_OR_NOT_RUN"", ""exact_conclusion_match"": null, ""exact_hypothesis_match"": null, ""lab_or_test_evidence"": [], ""modules"": [], ""source_files"": [], ""statement_delta"": [""Imported module family exists, but no plausible declaration-name match passed the conservative threshold.""], ""status"": ""NO_MATCH"", ""trust_base"": []}","[""CG03"", ""CG21"", ""CG30""]"
P031-C0106,P031,definition,DEFINITION,source/papers/Tsiokos_2026_Six_Birds_Foundations_of_Emergence_Calculus.tex:L2145-L2153; derived/expanded/Tsiokos_2026_Six_Birds_Foundations_of_Emergence_Calculus.tex:L2145-L2153,"Balanced coupling (ID: D-ECT-BAL-01): In the setting of Definition , fix a constant Lambda_0>0 . We say the atom Z_r satisfies the balanced coupling condition with constant Lambda_0 if \|C_r\|_ op \ \|B_r\|_ op \ \ Lambda_0 lambda_r, where lambda_r>0 is the semigroup decay rate from Definition .",NOT_APPLICABLE_DEFINITION,"{""caveats"": [""FORMAL_OR_PROOF_ASSISTANT_COMPONENT_DISCLOSED""], ""declarations"": [], ""elaboration_status"": ""NOT_APPLICABLE_OR_NOT_RUN"", ""exact_conclusion_match"": null, ""exact_hypothesis_match"": null, ""lab_or_test_evidence"": [], ""modules"": [], ""source_files"": [], ""statement_delta"": [""Imported module family exists, but no plausible declaration-name match passed the conservative threshold.""], ""status"": ""NO_MATCH"", ""trust_base"": []}","[""CG03"", ""CG21"", ""CG30""]"
P031-C0107,P031,definition,DEFINITION,source/papers/Tsiokos_2026_Six_Birds_Foundations_of_Emergence_Calculus.tex:L2155-L2168; derived/expanded/Tsiokos_2026_Six_Birds_Foundations_of_Emergence_Calculus.tex:L2155-L2168,"ICAP capacity functional (ID: D-ECT-CAP-01): For a causal bridge Z: U→ U , define its ICAP capacity constant Cap( Z)\ :=\ ∈fBig\ Lambda∈(0,∈fty):\ W^+[s,t] Lambda∈t_s^t\|u(tau)\|_U^2 dtau for all 0 s t T and u∈ U Big\ , where u^ [s,t] :=u 1_ [s,t] , y^ [s,t] := Z(u^ [s,t] ) , and W^+[s,t] is computed from u^ [s,t] ,y^ [s,t] as in Definition . (Equivalently, Cap( Z) is the best constant in when it holds.)",NOT_APPLICABLE_DEFINITION,"{""caveats"": [""FORMAL_OR_PROOF_ASSISTANT_COMPONENT_DISCLOSED""], ""declarations"": [], ""elaboration_status"": ""NOT_APPLICABLE_OR_NOT_RUN"", ""exact_conclusion_match"": null, ""exact_hypothesis_match"": null, ""lab_or_test_evidence"": [], ""modules"": [], ""source_files"": [], ""statement_delta"": [""Imported module family exists, but no plausible declaration-name match passed the conservative threshold.""], ""status"": ""NO_MATCH"", ""trust_base"": []}","[""CG03"", ""CG21"", ""CG30""]"
P031-C0115,P031,definition,DEFINITION,source/papers/Tsiokos_2026_Six_Birds_Foundations_of_Emergence_Calculus.tex:L2302-L2318; derived/expanded/Tsiokos_2026_Six_Birds_Foundations_of_Emergence_Calculus.tex:L2302-L2318,"Feasibility gate and induced coercive norm (ID: D-ECT-GATE-01): Fix a finite horizon T>0 , a port Hilbert space U_j , and write U_j:=L^2([0,T];U_j) . Let G_j:U_j→ U_j be a self-adjoint positive semidefinite operator. Define the feasible input class U_j^ feas :=\ u∈ U_j:\ u(t)∈ Ran(G_j)\ for a.e.\ t\ , the pointwise seminorm on U_j , |v|_ X_j ^2\ :=\ v,G_j v (v∈ U_j), and the associated integrated energy on a window [s,t] , |u|_ L^2_X(s,t) ^2\ :=\ ∈t_s^t |u(tau)|_ X_j ^2 dtau. On U_j^ feas this is a genuine norm, since the feasibility constraint removes the kernel of G_j .",NOT_APPLICABLE_DEFINITION,"{""caveats"": [""FORMAL_OR_PROOF_ASSISTANT_COMPONENT_DISCLOSED""], ""declarations"": [], ""elaboration_status"": ""NOT_APPLICABLE_OR_NOT_RUN"", ""exact_conclusion_match"": null, ""exact_hypothesis_match"": null, ""lab_or_test_evidence"": [], ""modules"": [], ""source_files"": [], ""statement_delta"": [""Imported module family exists, but no plausible declaration-name match passed the conservative threshold.""], ""status"": ""NO_MATCH"", ""trust_base"": []}","[""CG03"", ""CG21"", ""CG30""]"
P031-C0120,P031,definition,DEFINITION,source/papers/Tsiokos_2026_Six_Birds_Foundations_of_Emergence_Calculus.tex:L2370-L2380; derived/expanded/Tsiokos_2026_Six_Birds_Foundations_of_Emergence_Calculus.tex:L2370-L2380,"Sectorization of the port space (ID: D-ECT-SECT-01): Fix a depth j and a port Hilbert space U_j . A sectorization is the choice of a finite index set Q_j and a family of orthogonal projections \ Pi_ j,q :U_j→ U_j\ _ q∈ Q_j such that Pi_ j,q Pi_ j,q' =0 for q q' and _ q∈ Q_j Pi_ j,q =I . We extend Pi_ j,q pointwise to signals u∈ U_j:=L^2([0,T];U_j) by (Pi_ j,q u)(t):=Pi_ j,q (u(t)) . A causal bridge Z_j: U_j→ U_j is sector-respecting if Z_j = _ q∈ Q_j Pi_ j,q Z_j Pi_ j,q , i.e.\ the output on each sector depends only on the input restricted to that sector (no cross-sector coupling).",NOT_APPLICABLE_DEFINITION,"{""caveats"": [""FORMAL_OR_PROOF_ASSISTANT_COMPONENT_DISCLOSED""], ""declarations"": [], ""elaboration_status"": ""NOT_APPLICABLE_OR_NOT_RUN"", ""exact_conclusion_match"": null, ""exact_hypothesis_match"": null, ""lab_or_test_evidence"": [], ""modules"": [], ""source_files"": [], ""statement_delta"": [""Imported module family exists, but no plausible declaration-name match passed the conservative threshold.""], ""status"": ""NO_MATCH"", ""trust_base"": []}","[""CG03"", ""CG21"", ""CG30""]"
P031-C0121,P031,definition,DEFINITION,source/papers/Tsiokos_2026_Six_Birds_Foundations_of_Emergence_Calculus.tex:L2382-L2392; derived/expanded/Tsiokos_2026_Six_Birds_Foundations_of_Emergence_Calculus.tex:L2382-L2392,"Sector-respecting minimal decompositions (P5-min) (ID: D-ECT-P5MIN-01): Assume a sectorization as in Definition . An atomic decomposition Z_j= _ r=1 ^m Z_ j,r (Definition ) is sector-respecting if for each atom r there exists a sector label sigma(r)∈ Q_j such that Z_ j,r = Pi_ j,sigma(r) Z_ j,r Pi_ j,sigma(r) . Define the sector-minimal mode count m_j^ to be the smallest m for which Z_j admits a sector-respecting decomposition into m nonzero atoms. We say packaging satisfies P5-min at depth j if it returns a sector-respecting decomposition achieving m_j^ .",NOT_APPLICABLE_DEFINITION,"{""caveats"": [""FORMAL_OR_PROOF_ASSISTANT_COMPONENT_DISCLOSED""], ""declarations"": [], ""elaboration_status"": ""NOT_APPLICABLE_OR_NOT_RUN"", ""exact_conclusion_match"": null, ""exact_hypothesis_match"": null, ""lab_or_test_evidence"": [], ""modules"": [], ""source_files"": [], ""statement_delta"": [""Imported module family exists, but no plausible declaration-name match passed the conservative threshold.""], ""status"": ""NO_MATCH"", ""trust_base"": []}","[""CG03"", ""CG21"", ""CG30""]"
P031-C0123,P031,definition,DEFINITION,source/papers/Tsiokos_2026_Six_Birds_Foundations_of_Emergence_Calculus.tex:L2412-L2421; derived/expanded/Tsiokos_2026_Six_Birds_Foundations_of_Emergence_Calculus.tex:L2412-L2421,"Quantized index hypothesis (ID: D-ECT-P4IDX-01): Fix depth j and a sectorization as in Definition . We say the sectorization has a quantized index if there exists a constant C_0 1 and an injective map _j: Q_j \ 0,1,2, , C_0(j+1) -1\ . Equivalently, each sector admits a distinct integer label from a set of size O(j) . This is an explicit modeling/design hypothesis encoding bounded interface complexity; it is not implied by the other primitives and must be verified in each intended instantiation.",NOT_APPLICABLE_DEFINITION,"{""caveats"": [""FORMAL_OR_PROOF_ASSISTANT_COMPONENT_DISCLOSED""], ""declarations"": [], ""elaboration_status"": ""NOT_APPLICABLE_OR_NOT_RUN"", ""exact_conclusion_match"": null, ""exact_hypothesis_match"": null, ""lab_or_test_evidence"": [], ""modules"": [], ""source_files"": [], ""statement_delta"": [""Imported module family exists, but no plausible declaration-name match passed the conservative threshold.""], ""status"": ""NO_MATCH"", ""trust_base"": []}","[""CG03"", ""CG21"", ""CG30""]"
P027-C0005,P027,definition,DEFINITION,source/papers/Tsiokos_2026_Six_Birds_Foundations_II_Admissibility_Meta_Theory_and_the_Exact_Six_Program.tex:L268-L284; derived/expanded/Tsiokos_2026_Six_Birds_Foundations_II_Admissibility_Meta_Theory_and_the_Exact_Six_Program.tex:L268-L284,"Primitive closure roles: The six primitive closure roles are [topsep=2pt,itemsep=1pt] P1 — update-vs-quotient compatibility / descent obstruction ; P2 — macro-specification representability ; P3 — enriched route/coherence mismatch ; P3 is not a directionality certificate; P4 — stage/order/transition/refinement structure ; P5 — quotient packaging / quotienting ; P6 — audit/bookkeeping/provenance/replay/checkability .",NOT_APPLICABLE_DEFINITION,"{""caveats"": [""FORMAL_OR_PROOF_ASSISTANT_COMPONENT_DISCLOSED""], ""declarations"": [], ""elaboration_status"": ""NOT_APPLICABLE_OR_NOT_RUN"", ""exact_conclusion_match"": null, ""exact_hypothesis_match"": null, ""lab_or_test_evidence"": [], ""modules"": [], ""source_files"": [], ""statement_delta"": [""Imported module family exists, but no plausible declaration-name match passed the conservative threshold.""], ""status"": ""NO_MATCH"", ""trust_base"": []}","[""CG02"", ""CG21"", ""CG30""]"
P027-C0008,P027,definition,DEFINITION,source/papers/Tsiokos_2026_Six_Birds_Foundations_II_Admissibility_Meta_Theory_and_the_Exact_Six_Program.tex:L309-L324; derived/expanded/Tsiokos_2026_Six_Birds_Foundations_II_Admissibility_Meta_Theory_and_the_Exact_Six_Program.tex:L309-L324,"Level trichotomy: For each role P1, , P6, we distinguish [topsep=2pt,itemsep=1pt] the behavioral level: status, occurrence, or observed behavior of the role in a description; the verification level: proof, witness, certificate, or checkable record supporting a behavioral claim ; the structural-categorical level: reusable structure supporting the primitive role. Forgetting proceeds from structural-categorical to verification to behavioral and is lossy. Lifting proceeds from behavioral to verification to structural-categorical only after adding explicitly recorded data, and selected lifts are not unique.",NOT_APPLICABLE_DEFINITION,"{""caveats"": [""FORMAL_OR_PROOF_ASSISTANT_COMPONENT_DISCLOSED""], ""declarations"": [], ""elaboration_status"": ""NOT_APPLICABLE_OR_NOT_RUN"", ""exact_conclusion_match"": null, ""exact_hypothesis_match"": null, ""lab_or_test_evidence"": [], ""modules"": [], ""source_files"": [], ""statement_delta"": [""Imported module family exists, but no plausible declaration-name match passed the conservative threshold.""], ""status"": ""NO_MATCH"", ""trust_base"": []}","[""CG02"", ""CG21"", ""CG30""]"
P027-C0013,P027,definition,DEFINITION,source/papers/Tsiokos_2026_Six_Birds_Foundations_II_Admissibility_Meta_Theory_and_the_Exact_Six_Program.tex:L615-L636; derived/expanded/Tsiokos_2026_Six_Birds_Foundations_II_Admissibility_Meta_Theory_and_the_Exact_Six_Program.tex:L615-L636,"Selected-lift atlas: The selected-lift atlas for the six roles records, for each P1, , P6: [topsep=2pt,itemsep=1pt] P1: proof or witness together with quotient structure, carrying either a descended map or an explicit no-map obstruction; P2: representability or non-representability certificates together with the macro-specification layer and realization relation; P3: the selected lift data recorded in the promoted atlas, carrying generated route terms, non-reducibility certificates, and categorical route grammar or a reduced categorical universe; P4: validity certificates together with structural stage/refinement architecture; P5: quotient-validity certificates together with the structural quotient data, a packaging map, and universal-property or tower/coarsening data; P6: record-event or check evidence together with the audit schema and its provenance and replay/check relations. Each lift is selected and not unique, and forgetting from a higher level loses structural content that is not recoverable without re-adding data.",NOT_APPLICABLE_DEFINITION,"{""caveats"": [""FORMAL_OR_PROOF_ASSISTANT_COMPONENT_DISCLOSED""], ""declarations"": [], ""elaboration_status"": ""NOT_APPLICABLE_OR_NOT_RUN"", ""exact_conclusion_match"": null, ""exact_hypothesis_match"": null, ""lab_or_test_evidence"": [], ""modules"": [], ""source_files"": [], ""statement_delta"": [""Imported module family exists, but no plausible declaration-name match passed the conservative threshold.""], ""status"": ""NO_MATCH"", ""trust_base"": []}","[""CG02"", ""CG21"", ""CG30""]"
P027-C0015,P027,definition,DEFINITION,source/papers/Tsiokos_2026_Six_Birds_Foundations_II_Admissibility_Meta_Theory_and_the_Exact_Six_Program.tex:L681-L704; derived/expanded/Tsiokos_2026_Six_Birds_Foundations_II_Admissibility_Meta_Theory_and_the_Exact_Six_Program.tex:L681-L704,"Admissible claim under honest bookkeeping: Honest bookkeeping is the admissibility regime for claims about a description D ∈ FATCD . A claim that enters the theorem chain is declared admissible only if every assertion below carries an explicit record in Audit D : [topsep=2pt,itemsep=1pt] the claim itself, with its statement, hypotheses, and scope; every promotion, with its source level, target level, added data, losses, and preserved nonclaims; every translation, with its source context, target context, preserved data, suppressed data, and claim strength; every selected lift, marked selected and non-unique; every forgetting map, with its record of losses; every visibility claim, with both its visible and its suppressed data; every empirical-bridge assertion, with its substrate, observable, instrument, level map, threshold-witness relation, and suppressed-structure nonclaims. Accordingly, unrecorded claims, implicit promotions, silent translations, asserted-but-unselected lifts, lossless forgetting without proof, visibility overreads, and bare empirical-realization assertions are all inadmissible.",NOT_APPLICABLE_DEFINITION,"{""caveats"": [""FORMAL_OR_PROOF_ASSISTANT_COMPONENT_DISCLOSED""], ""declarations"": [], ""elaboration_status"": ""NOT_APPLICABLE_OR_NOT_RUN"", ""exact_conclusion_match"": null, ""exact_hypothesis_match"": null, ""lab_or_test_evidence"": [], ""modules"": [], ""source_files"": [], ""statement_delta"": [""Imported module family exists, but no plausible declaration-name match passed the conservative threshold.""], ""status"": ""NO_MATCH"", ""trust_base"": []}","[""CG02"", ""CG21"", ""CG30""]"
P027-C0019,P027,definition,DEFINITION,source/papers/Tsiokos_2026_Six_Birds_Foundations_II_Admissibility_Meta_Theory_and_the_Exact_Six_Program.tex:L797-L804; derived/expanded/Tsiokos_2026_Six_Birds_Foundations_II_Admissibility_Meta_Theory_and_the_Exact_Six_Program.tex:L797-L804,"Level profile of an admissible claim: Every admissible claim about a description D ∈ FATCD carries a level profile: each claim is located on the behavioral, verification, or structural-categorical level, and each cross-level assertion is accompanied by a translation record in the sense of Definition . Direct comparison of claims at different levels without a translation record is inadmissible.",NOT_APPLICABLE_DEFINITION,"{""caveats"": [""FORMAL_OR_PROOF_ASSISTANT_COMPONENT_DISCLOSED""], ""declarations"": [], ""elaboration_status"": ""NOT_APPLICABLE_OR_NOT_RUN"", ""exact_conclusion_match"": null, ""exact_hypothesis_match"": null, ""lab_or_test_evidence"": [], ""modules"": [], ""source_files"": [], ""statement_delta"": [""Imported module family exists, but no plausible declaration-name match passed the conservative threshold.""], ""status"": ""NO_MATCH"", ""trust_base"": []}","[""CG02"", ""CG21"", ""CG30""]"
P027-C0020,P027,definition,DEFINITION,source/papers/Tsiokos_2026_Six_Birds_Foundations_II_Admissibility_Meta_Theory_and_the_Exact_Six_Program.tex:L810-L824; derived/expanded/Tsiokos_2026_Six_Birds_Foundations_II_Admissibility_Meta_Theory_and_the_Exact_Six_Program.tex:L810-L824,"Admissible forgetting and selected lifts: Forgetting from the structural-categorical level to verification, and from verification to behavioral, is admissible and is always lossy in principle: an admissible forgetting carries a record of the losses in Audit D . Lifting from a lower level to a higher level is admissible only when accompanied by [topsep=2pt,itemsep=1pt] the added data required to support the higher-level statement; the mark that the lift is selected and non-unique; explicit preservation of lower-level invariants and explicit losses where the lift is partial. Lossless forgetting and unique lifts are inadmissible unless the losslessness or uniqueness is itself proved and recorded.",NOT_APPLICABLE_DEFINITION,"{""caveats"": [""FORMAL_OR_PROOF_ASSISTANT_COMPONENT_DISCLOSED""], ""declarations"": [], ""elaboration_status"": ""NOT_APPLICABLE_OR_NOT_RUN"", ""exact_conclusion_match"": null, ""exact_hypothesis_match"": null, ""lab_or_test_evidence"": [], ""modules"": [], ""source_files"": [], ""statement_delta"": [""Imported module family exists, but no plausible declaration-name match passed the conservative threshold.""], ""status"": ""NO_MATCH"", ""trust_base"": []}","[""CG02"", ""CG21"", ""CG30""]"
P027-C0023,P027,definition,DEFINITION,source/papers/Tsiokos_2026_Six_Birds_Foundations_II_Admissibility_Meta_Theory_and_the_Exact_Six_Program.tex:L859-L868; derived/expanded/Tsiokos_2026_Six_Birds_Foundations_II_Admissibility_Meta_Theory_and_the_Exact_Six_Program.tex:L859-L868,"Admissible visibility record: Every admissible claim carries an explicit visibility record comprising its visible content, its suppressed content, the instruments under which the visibility and suppression are asserted, and the resulting instrument-relative claim strength. Overreading a suppressed claim as visible under a different instrument is inadmissible. Partial visibility, in which a claim is visible only up to some coarsening or translation, is admitted when the visibility record itself makes the partiality explicit.",NOT_APPLICABLE_DEFINITION,"{""caveats"": [""FORMAL_OR_PROOF_ASSISTANT_COMPONENT_DISCLOSED""], ""declarations"": [], ""elaboration_status"": ""NOT_APPLICABLE_OR_NOT_RUN"", ""exact_conclusion_match"": null, ""exact_hypothesis_match"": null, ""lab_or_test_evidence"": [], ""modules"": [], ""source_files"": [], ""statement_delta"": [""Imported module family exists, but no plausible declaration-name match passed the conservative threshold.""], ""status"": ""NO_MATCH"", ""trust_base"": []}","[""CG02"", ""CG21"", ""CG30""]"
P027-C0025,P027,definition,DEFINITION,source/papers/Tsiokos_2026_Six_Birds_Foundations_II_Admissibility_Meta_Theory_and_the_Exact_Six_Program.tex:L885-L902; derived/expanded/Tsiokos_2026_Six_Birds_Foundations_II_Admissibility_Meta_Theory_and_the_Exact_Six_Program.tex:L885-L902,"Admissible empirical-bridge claim: An empirical-bridge claim about D ∈ FATCD is admissible only when it carries, in Audit D , [topsep=2pt,itemsep=1pt] the substrate and observable to which the bridge relates; the instrument under which the observable is measured; the level map between the closure-algebraic content and the substrate-level content; a threshold-witness relation recording when the bridge is crossed; the nonclaims suppressed by the bridge record, in particular any structural content of D that is not tracked by the substrate or instrument. Empirical realization — the claim that D is itself a substrate observation — is stronger than empirical-bridge admissibility and is not asserted by any empirical-bridge claim.",NOT_APPLICABLE_DEFINITION,"{""caveats"": [""FORMAL_OR_PROOF_ASSISTANT_COMPONENT_DISCLOSED""], ""declarations"": [], ""elaboration_status"": ""NOT_APPLICABLE_OR_NOT_RUN"", ""exact_conclusion_match"": null, ""exact_hypothesis_match"": null, ""lab_or_test_evidence"": [], ""modules"": [], ""source_files"": [], ""statement_delta"": [""Imported module family exists, but no plausible declaration-name match passed the conservative threshold.""], ""status"": ""NO_MATCH"", ""trust_base"": []}","[""CG02"", ""CG21""]"
P027-C0033,P027,definition,DEFINITION,source/papers/Tsiokos_2026_Six_Birds_Foundations_II_Admissibility_Meta_Theory_and_the_Exact_Six_Program.tex:L1040-L1055; derived/expanded/Tsiokos_2026_Six_Birds_Foundations_II_Admissibility_Meta_Theory_and_the_Exact_Six_Program.tex:L1040-L1055,"Raw record: A raw record is a finite typed syntactic or relational feature of a description. The admissible record kinds are [topsep=2pt,itemsep=1pt] object and state records; relation records, map records, and partial-map records; predicate records and comparison records; path or derivation records; index, order, transition, and refinement records; trace, event, and provenance records; replay and check records. A raw record is not, by itself, a P1–P6 role.",NOT_APPLICABLE_DEFINITION,"{""caveats"": [""FORMAL_OR_PROOF_ASSISTANT_COMPONENT_DISCLOSED""], ""declarations"": [], ""elaboration_status"": ""NOT_APPLICABLE_OR_NOT_RUN"", ""exact_conclusion_match"": null, ""exact_hypothesis_match"": null, ""lab_or_test_evidence"": [], ""modules"": [], ""source_files"": [], ""statement_delta"": [""Imported module family exists, but no plausible declaration-name match passed the conservative threshold.""], ""status"": ""NO_MATCH"", ""trust_base"": []}","[""CG02""]"
P027-C0034,P027,definition,DEFINITION,source/papers/Tsiokos_2026_Six_Birds_Foundations_II_Admissibility_Meta_Theory_and_the_Exact_Six_Program.tex:L1057-L1072; derived/expanded/Tsiokos_2026_Six_Birds_Foundations_II_Admissibility_Meta_Theory_and_the_Exact_Six_Program.tex:L1057-L1072,"Annotations: In addition to raw records, a description admits annotations of six declared kinds: [topsep=2pt,itemsep=1pt] level annotations Ann_L ; threshold annotations Ann_Theta ; lift annotations Ann_ Lift ; forgetting annotations Ann_ Forget ; instrument-visibility annotations Ann_ Vis ; empirical-bridge annotations Ann_ Bridge . These annotation kinds belong to the raw grammar; the finiteness and closure conditions on how they attach to declared records are imposed in the next subsection. For a description D , we write Raw D for the finite collection of raw records and annotations of D .",NOT_APPLICABLE_DEFINITION,"{""caveats"": [""FORMAL_OR_PROOF_ASSISTANT_COMPONENT_DISCLOSED""], ""declarations"": [], ""elaboration_status"": ""NOT_APPLICABLE_OR_NOT_RUN"", ""exact_conclusion_match"": null, ""exact_hypothesis_match"": null, ""lab_or_test_evidence"": [], ""modules"": [], ""source_files"": [], ""statement_delta"": [""Imported module family exists, but no plausible declaration-name match passed the conservative threshold.""], ""status"": ""NO_MATCH"", ""trust_base"": []}","[""CG02"", ""CG21"", ""CG30""]"
P027-C0036,P027,definition,DEFINITION,source/papers/Tsiokos_2026_Six_Birds_Foundations_II_Admissibility_Meta_Theory_and_the_Exact_Six_Program.tex:L1090-L1103; derived/expanded/Tsiokos_2026_Six_Birds_Foundations_II_Admissibility_Meta_Theory_and_the_Exact_Six_Program.tex:L1090-L1103,"Finite description: A description D is finite when [topsep=2pt,itemsep=1pt] Raw D contains finitely many records and annotations; every record or annotation carries finite typed fields; every relation, map, path, trace, or annotation is finitely represented; every reference in a record points to a declared finite record of D ; no infinite semantic, probabilistic, topological, geometric, causal, optimization, or resource structure is admitted unless it is finitely represented and bookkept as a raw feature of D .",NOT_APPLICABLE_DEFINITION,"{""caveats"": [""FORMAL_OR_PROOF_ASSISTANT_COMPONENT_DISCLOSED""], ""declarations"": [], ""elaboration_status"": ""NOT_APPLICABLE_OR_NOT_RUN"", ""exact_conclusion_match"": null, ""exact_hypothesis_match"": null, ""lab_or_test_evidence"": [], ""modules"": [], ""source_files"": [], ""statement_delta"": [""Imported module family exists, but no plausible declaration-name match passed the conservative threshold.""], ""status"": ""NO_MATCH"", ""trust_base"": []}","[""CG02"", ""CG21"", ""CG30""]"
P027-C0037,P027,definition,DEFINITION,source/papers/Tsiokos_2026_Six_Birds_Foundations_II_Admissibility_Meta_Theory_and_the_Exact_Six_Program.tex:L1105-L1121; derived/expanded/Tsiokos_2026_Six_Birds_Foundations_II_Admissibility_Meta_Theory_and_the_Exact_Six_Program.tex:L1105-L1121,"Closed description: A finite description D satisfies the closure condition Closed D when [topsep=2pt,itemsep=1pt] every source and target of every relation or map record is a declared record of D ; every endpoint of every path or derivation record is a declared record of D ; every index, transition, order, or refinement reference is a declared record of D ; every trace, event, provenance, replay, or check record references declared records of D ; every level, threshold, lift, forgetting, visibility, or empirical-bridge annotation references declared records of D ; every claim carried by D has a bookkeeping record.",NOT_APPLICABLE_DEFINITION,"{""caveats"": [""FORMAL_OR_PROOF_ASSISTANT_COMPONENT_DISCLOSED""], ""declarations"": [], ""elaboration_status"": ""NOT_APPLICABLE_OR_NOT_RUN"", ""exact_conclusion_match"": null, ""exact_hypothesis_match"": null, ""lab_or_test_evidence"": [], ""modules"": [], ""source_files"": [], ""statement_delta"": [""Imported module family exists, but no plausible declaration-name match passed the conservative threshold.""], ""status"": ""NO_MATCH"", ""trust_base"": []}","[""CG02"", ""CG21"", ""CG30""]"
P027-C0038,P027,definition,DEFINITION,source/papers/Tsiokos_2026_Six_Birds_Foundations_II_Admissibility_Meta_Theory_and_the_Exact_Six_Program.tex:L1123-L1139; derived/expanded/Tsiokos_2026_Six_Birds_Foundations_II_Admissibility_Meta_Theory_and_the_Exact_Six_Program.tex:L1123-L1139,"Audited description: A description D is audited when every claim carried by D has an honest bookkeeping record. The collection of such records is denoted Audit D ⊆ Raw D , subject to the following discipline: [topsep=2pt,itemsep=1pt] every promotion records its source level, target level, added data, losses, and nonclaims; every translation records its source context, target context, preserved data, suppressed data, and claim strength; every lift is marked as selected, not unique; every forgetting map records its losses; every visibility claim records both visible and suppressed data; every empirical-bridge claim records substrate, observable, instrument, level map, threshold witness relation, and suppressed-structure nonclaims.",NOT_APPLICABLE_DEFINITION,"{""caveats"": [""FORMAL_OR_PROOF_ASSISTANT_COMPONENT_DISCLOSED""], ""declarations"": [], ""elaboration_status"": ""NOT_APPLICABLE_OR_NOT_RUN"", ""exact_conclusion_match"": null, ""exact_hypothesis_match"": null, ""lab_or_test_evidence"": [], ""modules"": [], ""source_files"": [], ""statement_delta"": [""Imported module family exists, but no plausible declaration-name match passed the conservative threshold.""], ""status"": ""NO_MATCH"", ""trust_base"": []}","[""CG02"", ""CG21"", ""CG30""]"
P027-C0039,P027,definition,DEFINITION,source/papers/Tsiokos_2026_Six_Birds_Foundations_II_Admissibility_Meta_Theory_and_the_Exact_Six_Program.tex:L1146-L1157; derived/expanded/Tsiokos_2026_Six_Birds_Foundations_II_Admissibility_Meta_Theory_and_the_Exact_Six_Program.tex:L1146-L1157,"Finite audited typed closure description: A finite audited typed closure description is a finitely presented, closed, audited collection of typed raw records and annotations, equipped with honest bookkeeping for claims, levels, thresholds, visibility, forgetting, lifts, and empirical-bridge assertions where present. Equivalently, it is a description D whose raw content Raw D is drawn from the kinds declared in Definitions and , such that D is finite in the sense of Definition , satisfies the closure condition Closed D of Definition , and is audited in the sense of Definition . We write FATCD for the class of all such descriptions, and D ∈ FATCD for membership.",NOT_APPLICABLE_DEFINITION,"{""caveats"": [""FORMAL_OR_PROOF_ASSISTANT_COMPONENT_DISCLOSED""], ""declarations"": [], ""elaboration_status"": ""NOT_APPLICABLE_OR_NOT_RUN"", ""exact_conclusion_match"": null, ""exact_hypothesis_match"": null, ""lab_or_test_evidence"": [], ""modules"": [], ""source_files"": [], ""statement_delta"": [""Imported module family exists, but no plausible declaration-name match passed the conservative threshold.""], ""status"": ""NO_MATCH"", ""trust_base"": []}","[""CG02"", ""CG21"", ""CG30""]"
P027-C0041,P027,definition,DEFINITION,source/papers/Tsiokos_2026_Six_Birds_Foundations_II_Admissibility_Meta_Theory_and_the_Exact_Six_Program.tex:L1177-L1191; derived/expanded/Tsiokos_2026_Six_Birds_Foundations_II_Admissibility_Meta_Theory_and_the_Exact_Six_Program.tex:L1177-L1191,"Threshold attachment: A threshold annotation Ann_Theta ∈ Raw D attaches first to a finite cluster C ⊆ Raw D of raw features of D , where C may consist of a single raw feature. No role projection is attempted on C until all of the following are present in Raw D : [topsep=2pt,itemsep=1pt] the raw features of C themselves; a threshold annotation Ann_Theta attached to C ; a witness schema specifying what in C would support the attempted projection; a record of the collapse cases that would invalidate the witness; a level annotation Ann_L attached to C ; an audit record in Audit D honestly bookkeeping the claim.",NOT_APPLICABLE_DEFINITION,"{""caveats"": [""FORMAL_OR_PROOF_ASSISTANT_COMPONENT_DISCLOSED""], ""declarations"": [], ""elaboration_status"": ""NOT_APPLICABLE_OR_NOT_RUN"", ""exact_conclusion_match"": null, ""exact_hypothesis_match"": null, ""lab_or_test_evidence"": [], ""modules"": [], ""source_files"": [], ""statement_delta"": [""Imported module family exists, but no plausible declaration-name match passed the conservative threshold.""], ""status"": ""NO_MATCH"", ""trust_base"": []}","[""CG02"", ""CG21"", ""CG30""]"
P027-C0043,P027,definition,DEFINITION,source/papers/Tsiokos_2026_Six_Birds_Foundations_II_Admissibility_Meta_Theory_and_the_Exact_Six_Program.tex:L1208-L1231; derived/expanded/Tsiokos_2026_Six_Birds_Foundations_II_Admissibility_Meta_Theory_and_the_Exact_Six_Program.tex:L1208-L1231,"Derived role projection: A derived role projection for a description D ∈ FATCD at role index i ∈ \ 1, ,6\ is an active derived interpretation pi_i(D) of raw features of D as the role P_i , supported by threshold data, witness schema, level assignment, and honest bookkeeping. Concretely, pi_i(D) is specified by [topsep=2pt,itemsep=1pt] the proposed role name, one of P1, P2, P3, P4, P5, P6; a raw feature cluster C ⊆ Raw D on which the role is interpreted; the threshold data Theta_i attached to C in the sense of Definition ; a witness schema W_i specifying what constitutes a witness for the candidate role under its fixed meaning; a level assignment Level_i ; an evidence or certificate type; a record of collapse cases avoided or accepted; loss and lift annotations for any level crossings involved; the explicit nonclaims preserved by the projection. The supporting data for pi_i(D) are carried by Raw D and certified by Audit D in the sense of Definition .",NOT_APPLICABLE_DEFINITION,"{""caveats"": [""FORMAL_OR_PROOF_ASSISTANT_COMPONENT_DISCLOSED""], ""declarations"": [], ""elaboration_status"": ""NOT_APPLICABLE_OR_NOT_RUN"", ""exact_conclusion_match"": null, ""exact_hypothesis_match"": null, ""lab_or_test_evidence"": [], ""modules"": [], ""source_files"": [], ""statement_delta"": [""Imported module family exists, but no plausible declaration-name match passed the conservative threshold.""], ""status"": ""NO_MATCH"", ""trust_base"": []}","[""CG02"", ""CG21"", ""CG30""]"
P027-C0046,P027,definition,DEFINITION,source/papers/Tsiokos_2026_Six_Birds_Foundations_II_Admissibility_Meta_Theory_and_the_Exact_Six_Program.tex:L1265-L1289; derived/expanded/Tsiokos_2026_Six_Birds_Foundations_II_Admissibility_Meta_Theory_and_the_Exact_Six_Program.tex:L1265-L1289,"Residual feature; residual classification scheme: Let D ∈ FATCD . A residual feature of D is a raw record or annotation in Raw D whose role-theoretic disposition is not fixed solely by its raw-grammar kind. The residual classification scheme assigns to each residual feature r a single label Classify(r) drawn from the list [label=( ),topsep=2pt,itemsep=1pt] already absorbed into a derived P1–P6 projection pi_i(D) ; composite of such projections; presentation variant of an already classified feature; level shift of an already classified feature; activation-threshold refinement; instrument-visibility artifact; empirical-bridge annotation; outside-domain structure; already-covered bookkeeping or annotation data; unresolved candidate seventh-role threat; genuine seventh irreducible typed role. The scheme is declarative. At the domain-definition level, FATCD records the available labels but neither proves that every residual feature lands in categories (i)–(ix) nor proves that categories (x) and (xi) are empty. Those claims are deferred to Section .",NOT_APPLICABLE_DEFINITION,"{""caveats"": [""FORMAL_OR_PROOF_ASSISTANT_COMPONENT_DISCLOSED""], ""declarations"": [], ""elaboration_status"": ""NOT_APPLICABLE_OR_NOT_RUN"", ""exact_conclusion_match"": null, ""exact_hypothesis_match"": null, ""lab_or_test_evidence"": [], ""modules"": [], ""source_files"": [], ""statement_delta"": [""Imported module family exists, but no plausible declaration-name match passed the conservative threshold.""], ""status"": ""NO_MATCH"", ""trust_base"": []}","[""CG02"", ""CG21"", ""CG30""]"
P027-C0051,P027,definition,DEFINITION,source/papers/Tsiokos_2026_Six_Birds_Foundations_II_Admissibility_Meta_Theory_and_the_Exact_Six_Program.tex:L1403-L1417; derived/expanded/Tsiokos_2026_Six_Birds_Foundations_II_Admissibility_Meta_Theory_and_the_Exact_Six_Program.tex:L1403-L1417,"Scoped exact-six question: The scoped exact-six question over FATCD asks whether, for every D ∈ FATCD , there exists at least one decomposition/exhaustion record Dec D whose role-channel structure consists of exactly the six typed closure-role channels P1, P2, P3, P4, P5, P6, each assigned exactly one of the five statuses later formalized in Section , with all residual features of D classified under the scheme of Definition without recourse to categories (x) or (xi). No uniqueness is built into this question. The affirmative answer is denoted ScopedExactSix FATCD , and is established in Section conditionally on the recognition hypothesis introduced in Section (Definition ), with the three principal threat classes settled unconditionally.",NOT_APPLICABLE_DEFINITION,"{""caveats"": [""FORMAL_OR_PROOF_ASSISTANT_COMPONENT_DISCLOSED""], ""declarations"": [], ""elaboration_status"": ""NOT_APPLICABLE_OR_NOT_RUN"", ""exact_conclusion_match"": null, ""exact_hypothesis_match"": null, ""lab_or_test_evidence"": [], ""modules"": [], ""source_files"": [], ""statement_delta"": [""Imported module family exists, but no plausible declaration-name match passed the conservative threshold.""], ""status"": ""NO_MATCH"", ""trust_base"": []}","[""CG30""]"
P027-C0056,P027,definition,DEFINITION,source/papers/Tsiokos_2026_Six_Birds_Foundations_II_Admissibility_Meta_Theory_and_the_Exact_Six_Program.tex:L1474-L1500; derived/expanded/Tsiokos_2026_Six_Birds_Foundations_II_Admissibility_Meta_Theory_and_the_Exact_Six_Program.tex:L1474-L1500,"Common witness data for role P_i: A witness of role P_i in FATCD is a tuple (D_i, C_i, Theta_i, W_i, Level_i, v_i^ fin , v_i^ cl , v_i^ aud , n_i, pi_i(D_i) ) where [topsep=2pt,itemsep=1pt] D_i ∈ FATCD is the ambient admissible description; C_i ⊆ Raw D_i is the raw feature cluster on which the projection is interpreted; Theta_i is the threshold annotation attached to C_i ; W_i is the witness schema for the role meaning of P_i fixed in Definition ; Level_i is the level assignment in the sense of Definition ; v_i^ fin , v_i^ cl , v_i^ aud are the finite-description, closure, and audit/bookkeeping verifications for D_i ; n_i is the explicit nonclaim record carried by the witness; pi_i(D_i) is the derived role projection of Definition . A witness is admissible only if every item in this tuple is present and correctly aligned with the role meaning of P_i .",NOT_APPLICABLE_DEFINITION,"{""caveats"": [""FORMAL_OR_PROOF_ASSISTANT_COMPONENT_DISCLOSED""], ""declarations"": [], ""elaboration_status"": ""NOT_APPLICABLE_OR_NOT_RUN"", ""exact_conclusion_match"": null, ""exact_hypothesis_match"": null, ""lab_or_test_evidence"": [], ""modules"": [], ""source_files"": [], ""statement_delta"": [""Imported module family exists, but no plausible declaration-name match passed the conservative threshold.""], ""status"": ""NO_MATCH"", ""trust_base"": []}","[""CG02"", ""CG21"", ""CG30""]"
P027-C0078,P027,definition,DEFINITION,source/papers/Tsiokos_2026_Six_Birds_Foundations_II_Admissibility_Meta_Theory_and_the_Exact_Six_Program.tex:L2044-L2057; derived/expanded/Tsiokos_2026_Six_Birds_Foundations_II_Admissibility_Meta_Theory_and_the_Exact_Six_Program.tex:L2044-L2057,"Recognition hypothesis: A description D ∈ FATCD satisfies the recognition hypothesis when every residual feature r ∈ Residual D is recognized: the closure content of r either supplies the witness type of one of the six role meanings of Definition — so that r , or a finite composite of its constituents, projects to P1, , P6 under Proposition — or instantiates one of the six annotation kinds of Definition , or is substrate already accounted for by the audit discipline of FATCD. Equivalently, D carries no finite audited residual feature whose closure content is irreducible to the six role meanings, and in particular none whose role-theoretic content emerges only in an assembled cluster and is not the join of its constituents' role labels.",NOT_APPLICABLE_DEFINITION,"{""caveats"": [""FORMAL_OR_PROOF_ASSISTANT_COMPONENT_DISCLOSED""], ""declarations"": [], ""elaboration_status"": ""NOT_APPLICABLE_OR_NOT_RUN"", ""exact_conclusion_match"": null, ""exact_hypothesis_match"": null, ""lab_or_test_evidence"": [], ""modules"": [], ""source_files"": [], ""statement_delta"": [""Imported module family exists, but no plausible declaration-name match passed the conservative threshold.""], ""status"": ""NO_MATCH"", ""trust_base"": []}","[""CG02"", ""CG21"", ""CG30""]"
P027-C0082,P027,definition,DEFINITION,source/papers/Tsiokos_2026_Six_Birds_Foundations_II_Admissibility_Meta_Theory_and_the_Exact_Six_Program.tex:L2231-L2254; derived/expanded/Tsiokos_2026_Six_Birds_Foundations_II_Admissibility_Meta_Theory_and_the_Exact_Six_Program.tex:L2231-L2254,"Channel status: For each i ∈ \ 1, ,6\ , the role channel Chan i D of a description D ∈ FATCD is the P_i -labeled slot in the six-channel interface associated to D , regardless of whether that slot is active. A channel status for Chan i D is exactly one of the five values [topsep=2pt,itemsep=1pt] active_projection — an active derived role projection pi_i(D) in the sense of Definition exists, with the full attachment data of Definition ; below_threshold — candidate raw features are present but the threshold data required by Definition is absent; collapsed_boundary_case — the candidate cluster is a boundary case that collapses under the witness schema W_i ; absent_with_record — no relevant raw features for role P_i are present in Raw D , and the absence is itself recorded; inapplicable_outside_scope — the role- P_i content of D lies outside the covered scope. We write Status i D for the channel status of Chan i D .",NOT_APPLICABLE_DEFINITION,"{""caveats"": [""FORMAL_OR_PROOF_ASSISTANT_COMPONENT_DISCLOSED""], ""declarations"": [], ""elaboration_status"": ""NOT_APPLICABLE_OR_NOT_RUN"", ""exact_conclusion_match"": null, ""exact_hypothesis_match"": null, ""lab_or_test_evidence"": [], ""modules"": [], ""source_files"": [], ""statement_delta"": [""Imported module family exists, but no plausible declaration-name match passed the conservative threshold.""], ""status"": ""NO_MATCH"", ""trust_base"": []}","[""CG30""]"
P027-C0083,P027,definition,DEFINITION,source/papers/Tsiokos_2026_Six_Birds_Foundations_II_Admissibility_Meta_Theory_and_the_Exact_Six_Program.tex:L2256-L2294; derived/expanded/Tsiokos_2026_Six_Birds_Foundations_II_Admissibility_Meta_Theory_and_the_Exact_Six_Program.tex:L2256-L2294,"Decomposition/exhaustion record: A decomposition/exhaustion record for D ∈ FATCD is a tuple Dec D = (Raw D , (Chan i D , Status i D )_ i=1 ^ 6 , Residual D , Classify, L, V, Audit D , N ) where [topsep=2pt,itemsep=1pt] the six role channels together with their statuses form the six-channel status sequence. If Status i D = active_projection , the channel carries an active projection pi_i(D) with its full attachment data. If Status i D is inactive, the channel carries the corresponding below-threshold, collapsed-boundary, absent-with-record, or outside-scope status record; Residual D ⊆ Raw D is the residual feature set (the raw records and annotations not already accounted for by an active projection or an inactive status record), and Classify assigns to each r ∈ Residual D a label in the scheme of Definition ; L collects the loss and lift records for any level crossings involved in projections or classifications; V collects instrument-visibility and empirical-bridge annotations where these are asserted; Audit D is the honest bookkeeping subrecord; N is the explicit nonclaim record. A decomposition/exhaustion record is well-formed when each Status i D is drawn from the five values of Definition , each active pi_i(D) is admissible in the sense of Definitions and , each inactive status record is honestly supported by the corresponding raw-feature situation, and every raw feature is accounted for at the channel/exhaustion level either by an active projection, by a status record for its channel, or by a residual classification. The records in L and V are auxiliary annotations on this coverage, not additional role channels.",NOT_APPLICABLE_DEFINITION,"{""caveats"": [""FORMAL_OR_PROOF_ASSISTANT_COMPONENT_DISCLOSED""], ""declarations"": [], ""elaboration_status"": ""NOT_APPLICABLE_OR_NOT_RUN"", ""exact_conclusion_match"": null, ""exact_hypothesis_match"": null, ""lab_or_test_evidence"": [], ""modules"": [], ""source_files"": [], ""statement_delta"": [""Imported module family exists, but no plausible declaration-name match passed the conservative threshold.""], ""status"": ""NO_MATCH"", ""trust_base"": []}","[""CG02""]"
P026-C0225,P026,prose_definition,PROSE_DEFINITION_SECTION,source/papers/Tsiokos_2026_Six_Birds_Foundations_III_A_Finite_Audited_Interaction_Calculus_for_SBT.tex:L6959-L6963; derived/expanded/Tsiokos_2026_Six_Birds_Foundations_III_A_Finite_Audited_Interaction_Calculus_for_SBT.tex:L6959-L6963,"Full Definitions: This appendix records the long-form definitions and tables of BirdInt^ aud _ fin , supplementing the body of the paper. Subsection A.1 records the full domain tuple. Subsection A.2 records the full primitive witness table. Subsection A.3 records the full primitive update table. Subsection A.4 records the full profile grammar and admissibility table. Subsection A.5 records the full status-family tables. Subsection A.6 records the full primitive and promotion defect tables.",NAMED_SOURCE_SECTION_ARGUMENT,"{""caveats"": [""FORMAL_OR_PROOF_ASSISTANT_COMPONENT_DISCLOSED""], ""declarations"": [], ""elaboration_status"": ""NOT_APPLICABLE_OR_NOT_RUN"", ""exact_conclusion_match"": null, ""exact_hypothesis_match"": null, ""lab_or_test_evidence"": [], ""modules"": [], ""source_files"": [], ""statement_delta"": [""Imported module family exists, but no plausible declaration-name match passed the conservative threshold.""], ""status"": ""NO_MATCH"", ""trust_base"": []}","[""CG02"", ""CG05"", ""CG06"", ""CG09"", ""CG20""]"
P026-C0279,P026,prose_definition,PROSE_DEFINITION_SECTION,source/papers/Tsiokos_2026_Six_Birds_Foundations_III_A_Finite_Audited_Interaction_Calculus_for_SBT.tex:L9482-L9519; derived/expanded/Tsiokos_2026_Six_Birds_Foundations_III_A_Finite_Audited_Interaction_Calculus_for_SBT.tex:L9482-L9519,Definition Nodes: The definition nodes of BirdInt^ aud _ fin are the finite typed schemas that the calculus introduces and uses throughout the paper. Each node is a finite typed record schema; the dependency graph records which schemas consume the records of which other schemas as part of their admissibility predicate. The eleven definition-node families are:,NAMED_SOURCE_SECTION_ARGUMENT,"{""caveats"": [""FORMAL_OR_PROOF_ASSISTANT_COMPONENT_DISCLOSED""], ""declarations"": [], ""elaboration_status"": ""NOT_APPLICABLE_OR_NOT_RUN"", ""exact_conclusion_match"": null, ""exact_hypothesis_match"": null, ""lab_or_test_evidence"": [], ""modules"": [], ""source_files"": [], ""statement_delta"": [""Imported module family exists, but no plausible declaration-name match passed the conservative threshold.""], ""status"": ""NO_MATCH"", ""trust_base"": []}","[""CG06""]"
P028-C0004,P028,definition,DEFINITION,source/papers/Tsiokos_2026_Six_Birds_Foundations_IV_A_Catalog_of_Layer_Agnostic_Structural_Laws.tex:L427-L434; derived/expanded/Tsiokos_2026_Six_Birds_Foundations_IV_A_Catalog_of_Layer_Agnostic_Structural_Laws.tex:L427-L434,Closure formation: A closure formation is the passage from initial data to the object obtained by closing that data under a declared family of closure rules. We write cl for the formed-closure operation. A formed closure is the completed object relative to the declared rules. A closure-of-record is a formed closure together with an audit record of the closure data used to form it.,NOT_APPLICABLE_DEFINITION,"{""caveats"": [""FORMAL_OR_PROOF_ASSISTANT_COMPONENT_DISCLOSED""], ""declarations"": [], ""elaboration_status"": ""NOT_APPLICABLE_OR_NOT_RUN"", ""exact_conclusion_match"": null, ""exact_hypothesis_match"": null, ""lab_or_test_evidence"": [], ""modules"": [], ""source_files"": [], ""statement_delta"": [""Imported module family exists, but no plausible declaration-name match passed the conservative threshold.""], ""status"": ""NO_MATCH"", ""trust_base"": []}","[""CG01"", ""CG03"", ""CG05"", ""CG07"", ""CG08""]"
P028-C0005,P028,definition,DEFINITION,source/papers/Tsiokos_2026_Six_Birds_Foundations_IV_A_Catalog_of_Layer_Agnostic_Structural_Laws.tex:L442-L452; derived/expanded/Tsiokos_2026_Six_Birds_Foundations_IV_A_Catalog_of_Layer_Agnostic_Structural_Laws.tex:L442-L452,Current and predictive quotients: Quotient packaging is the standard quotient construction: an equivalence relation is imposed on a carrier and only equivalence classes are retained. The quotient map is denoted pi when no more specific symbol is needed. The current quotient Q is the quotient presently visible to the apparatus. The predictive quotient M is a finer quotient predicted by the apparatus but not necessarily visible at the current level. Thus M refines Q : a Q -class may contain several M -classes.,NOT_APPLICABLE_DEFINITION,"{""caveats"": [""FORMAL_OR_PROOF_ASSISTANT_COMPONENT_DISCLOSED""], ""declarations"": [], ""elaboration_status"": ""NOT_APPLICABLE_OR_NOT_RUN"", ""exact_conclusion_match"": null, ""exact_hypothesis_match"": null, ""lab_or_test_evidence"": [], ""modules"": [], ""source_files"": [], ""statement_delta"": [""Imported module family exists, but no plausible declaration-name match passed the conservative threshold.""], ""status"": ""NO_MATCH"", ""trust_base"": []}","[""CG17""]"
P028-C0006,P028,definition,DEFINITION,source/papers/Tsiokos_2026_Six_Birds_Foundations_IV_A_Catalog_of_Layer_Agnostic_Structural_Laws.tex:L459-L465; derived/expanded/Tsiokos_2026_Six_Birds_Foundations_IV_A_Catalog_of_Layer_Agnostic_Structural_Laws.tex:L459-L465,BirdInt judgment: A BirdInt judgment is the Foundations III\ finite audited interaction judgment. In this paper it records that the interaction named in a catalog law is legitimately observable by the declared finite audit data. It is not an informal plausibility assertion; it is the inherited finite-witness condition for observable interaction.,NOT_APPLICABLE_DEFINITION,"{""caveats"": [""FORMAL_OR_PROOF_ASSISTANT_COMPONENT_DISCLOSED""], ""declarations"": [], ""elaboration_status"": ""NOT_APPLICABLE_OR_NOT_RUN"", ""exact_conclusion_match"": null, ""exact_hypothesis_match"": null, ""lab_or_test_evidence"": [], ""modules"": [], ""source_files"": [], ""statement_delta"": [""Imported module family exists, but no plausible declaration-name match passed the conservative threshold.""], ""status"": ""NO_MATCH"", ""trust_base"": []}","[""CG01"", ""CG03"", ""CG05"", ""CG07"", ""CG08""]"
P028-C0007,P028,definition,DEFINITION,source/papers/Tsiokos_2026_Six_Birds_Foundations_IV_A_Catalog_of_Layer_Agnostic_Structural_Laws.tex:L553-L565; derived/expanded/Tsiokos_2026_Six_Birds_Foundations_IV_A_Catalog_of_Layer_Agnostic_Structural_Laws.tex:L553-L565,"Split-pair obstruction: Let q:X→ Q be a source quotient, F:X→ Y a map, and r:Y→ R a target identification. The split-pair obstruction is Delta(q,F,r) = \ (x,x')∈ X× X q(x)=q(x')\ and\ rF(x) rF(x')\ . It is the set of pairs identified by the source quotient but separated after transport to the target quotient.",NOT_APPLICABLE_DEFINITION,"{""caveats"": [""FORMAL_OR_PROOF_ASSISTANT_COMPONENT_DISCLOSED""], ""declarations"": [], ""elaboration_status"": ""NOT_APPLICABLE_OR_NOT_RUN"", ""exact_conclusion_match"": null, ""exact_hypothesis_match"": null, ""lab_or_test_evidence"": [], ""modules"": [], ""source_files"": [], ""statement_delta"": [""Imported module family exists, but no plausible declaration-name match passed the conservative threshold.""], ""status"": ""NO_MATCH"", ""trust_base"": []}","[""CG01"", ""CG03"", ""CG05"", ""CG07"", ""CG08""]"
P028-C0008,P028,definition,DEFINITION,source/papers/Tsiokos_2026_Six_Birds_Foundations_IV_A_Catalog_of_Layer_Agnostic_Structural_Laws.tex:L579-L591; derived/expanded/Tsiokos_2026_Six_Birds_Foundations_IV_A_Catalog_of_Layer_Agnostic_Structural_Laws.tex:L579-L591,Observation signature; access quotient: An observation signature is a declared map sigma_I:H→ Sigma from a carrier H to observation symbols. It determines the access kernel h _I h' Longleftrightarrow sigma_I(h)=sigma_I(h'). The access quotient q_I is the quotient of H by this kernel. It is the quotient carrying exactly the distinctions made by the declared observation signature.,NOT_APPLICABLE_DEFINITION,"{""caveats"": [""FORMAL_OR_PROOF_ASSISTANT_COMPONENT_DISCLOSED""], ""declarations"": [], ""elaboration_status"": ""NOT_APPLICABLE_OR_NOT_RUN"", ""exact_conclusion_match"": null, ""exact_hypothesis_match"": null, ""lab_or_test_evidence"": [], ""modules"": [], ""source_files"": [], ""statement_delta"": [""Imported module family exists, but no plausible declaration-name match passed the conservative threshold.""], ""status"": ""NO_MATCH"", ""trust_base"": []}","[""CG01"", ""CG03"", ""CG05"", ""CG07"", ""CG08""]"
P028-C0009,P028,definition,DEFINITION,source/papers/Tsiokos_2026_Six_Birds_Foundations_IV_A_Catalog_of_Layer_Agnostic_Structural_Laws.tex:L618-L629; derived/expanded/Tsiokos_2026_Six_Birds_Foundations_IV_A_Catalog_of_Layer_Agnostic_Structural_Laws.tex:L618-L629,"Normal-form template: Each catalog law is presented by a six-part normal-form template: setup, theorem, proof spine, case enumeration, interaction status, and nonclaims. The setup names the data on which the law operates. The theorem states the layer-agnostic claim. The proof spine gives the structural argument. The case enumeration lists the mutually exclusive outcomes when the statement branches. The interaction status records the relevant BirdInt legitimacy condition. The nonclaims field states what the law does not assert. gives the schematic form.",NOT_APPLICABLE_DEFINITION,"{""caveats"": [""FORMAL_OR_PROOF_ASSISTANT_COMPONENT_DISCLOSED""], ""declarations"": [], ""elaboration_status"": ""NOT_APPLICABLE_OR_NOT_RUN"", ""exact_conclusion_match"": null, ""exact_hypothesis_match"": null, ""lab_or_test_evidence"": [], ""modules"": [], ""source_files"": [], ""statement_delta"": [""Imported module family exists, but no plausible declaration-name match passed the conservative threshold.""], ""status"": ""NO_MATCH"", ""trust_base"": []}","[""CG01"", ""CG03"", ""CG05"", ""CG07"", ""CG08""]"
P028-C0011,P028,definition,DEFINITION,source/papers/Tsiokos_2026_Six_Birds_Foundations_IV_A_Catalog_of_Layer_Agnostic_Structural_Laws.tex:L693-L712; derived/expanded/Tsiokos_2026_Six_Birds_Foundations_IV_A_Catalog_of_Layer_Agnostic_Structural_Laws.tex:L693-L712,"Observation signature: Let H be a closure carrier. An observation signature on H is a declared map sigma_I:H→Sigma from states to observation symbols. Its access kernel is the equivalence relation h _I h' Longleftrightarrow sigma_I(h)=sigma_I(h'), and its access quotient is the quotient map q_I:H→ Q_I:=H/ _I . For a calibration family of observation signatures, the same construction is applied to the joint access kernel.",NOT_APPLICABLE_DEFINITION,"{""caveats"": [""FORMAL_OR_PROOF_ASSISTANT_COMPONENT_DISCLOSED""], ""declarations"": [], ""elaboration_status"": ""NOT_APPLICABLE_OR_NOT_RUN"", ""exact_conclusion_match"": null, ""exact_hypothesis_match"": null, ""lab_or_test_evidence"": [], ""modules"": [], ""source_files"": [], ""statement_delta"": [""Imported module family exists, but no plausible declaration-name match passed the conservative threshold.""], ""status"": ""NO_MATCH"", ""trust_base"": []}","[""CG01"", ""CG03"", ""CG05"", ""CG07"", ""CG08""]"
P028-C0016,P028,definition,DEFINITION,source/papers/Tsiokos_2026_Six_Birds_Foundations_IV_A_Catalog_of_Layer_Agnostic_Structural_Laws.tex:L1053-L1095; derived/expanded/Tsiokos_2026_Six_Birds_Foundations_IV_A_Catalog_of_Layer_Agnostic_Structural_Laws.tex:L1053-L1095,"Hiddenness interface: A hiddenness interface I consists of a closure carrier H_I , a current quotient _I: H_I→ Q_I , a predictive quotient _I: H_I→ M_I refining _I , and the following predicates: determiningStateTyped(I), minimalRelevantUpstream(I), lawfulCurrentExposure(I), together with QuotientExposed(I), PredictiveCollapse(I), PredictiveSurplus(I), HiddenFromCurrent(I). The hidden-from-current predicate records that one current fiber contains at least two predictive classes. The quotient-exposed predicate records that the lawful exposure quotient removes exactly those predictive splits. The hiddenness normal form is the five-conjunct property HiddennessNormalForm(I) := determiningStateTyped(I) minimalRelevantUpstream(I) (lawfulCurrentExposure(I) QuotientExposed(I) ) (PredictiveCollapse(I) lawfulCurrentExposure(I) ) (PredictiveSurplus(I) HiddenFromCurrent(I) ).",NOT_APPLICABLE_DEFINITION,"{""caveats"": [""FORMAL_OR_PROOF_ASSISTANT_COMPONENT_DISCLOSED""], ""declarations"": [], ""elaboration_status"": ""NOT_APPLICABLE_OR_NOT_RUN"", ""exact_conclusion_match"": null, ""exact_hypothesis_match"": null, ""lab_or_test_evidence"": [], ""modules"": [], ""source_files"": [], ""statement_delta"": [""Imported module family exists, but no plausible declaration-name match passed the conservative threshold.""], ""status"": ""NO_MATCH"", ""trust_base"": []}","[""CG01"", ""CG03"", ""CG05"", ""CG07"", ""CG08""]"
P028-C0019,P028,definition,DEFINITION,source/papers/Tsiokos_2026_Six_Birds_Foundations_IV_A_Catalog_of_Layer_Agnostic_Structural_Laws.tex:L1237-L1244; derived/expanded/Tsiokos_2026_Six_Birds_Foundations_IV_A_Catalog_of_Layer_Agnostic_Structural_Laws.tex:L1237-L1244,"Diagnosis source data: Diagnosis source data for a closure carrier consists of a certified source predicate saying that the carrier has the declared measurement context, record update discipline, and stability conditions required for a formed predictive closure. In the CSL case, the source predicate is supplied by the diagnosis-grade apparatus of the hiddenness paper\ .",NOT_APPLICABLE_DEFINITION,"{""caveats"": [""FORMAL_OR_PROOF_ASSISTANT_COMPONENT_DISCLOSED""], ""declarations"": [], ""elaboration_status"": ""NOT_APPLICABLE_OR_NOT_RUN"", ""exact_conclusion_match"": null, ""exact_hypothesis_match"": null, ""lab_or_test_evidence"": [], ""modules"": [], ""source_files"": [], ""statement_delta"": [""Imported module family exists, but no plausible declaration-name match passed the conservative threshold.""], ""status"": ""NO_MATCH"", ""trust_base"": []}","[""CG01"", ""CG03"", ""CG05"", ""CG07"", ""CG08""]"
P028-C0032,P028,definition,DEFINITION,source/papers/Tsiokos_2026_Six_Birds_Foundations_IV_A_Catalog_of_Layer_Agnostic_Structural_Laws.tex:L2291-L2305; derived/expanded/Tsiokos_2026_Six_Birds_Foundations_IV_A_Catalog_of_Layer_Agnostic_Structural_Laws.tex:L2291-L2305,"Canonical target-repair quotient: Let q:X→ Q , F:X→ Y , and r:Y→ R . The canonical target-repair relation _F on R is the smallest equivalence relation generated by the identifications r(Fx) _F r(Fx') whenever q(x)=q(x'). The canonical target-repair quotient is R_F:=R/ _F , with quotient map c_F:R→ R_F .",NOT_APPLICABLE_DEFINITION,"{""caveats"": [""FORMAL_OR_PROOF_ASSISTANT_COMPONENT_DISCLOSED""], ""declarations"": [], ""elaboration_status"": ""NOT_APPLICABLE_OR_NOT_RUN"", ""exact_conclusion_match"": null, ""exact_hypothesis_match"": null, ""lab_or_test_evidence"": [], ""modules"": [], ""source_files"": [], ""statement_delta"": [""Imported module family exists, but no plausible declaration-name match passed the conservative threshold.""], ""status"": ""NO_MATCH"", ""trust_base"": []}","[""CG01"", ""CG03"", ""CG05"", ""CG07"", ""CG08""]"
P028-C0035,P028,definition,DEFINITION,source/papers/Tsiokos_2026_Six_Birds_Foundations_IV_A_Catalog_of_Layer_Agnostic_Structural_Laws.tex:L2440-L2451; derived/expanded/Tsiokos_2026_Six_Birds_Foundations_IV_A_Catalog_of_Layer_Agnostic_Structural_Laws.tex:L2440-L2451,"Route residue: Let H be a carrier, let gamma, :H→ Z be two declared routes, let Q:Z→ Q be the current quotient, and let M:Z→ M be a predictive quotient refining the current readout. The route residue of gamma and at h∈ H is present when Q(gamma h)=Q( h) but M(gamma h) ( h).",NOT_APPLICABLE_DEFINITION,"{""caveats"": [""FORMAL_OR_PROOF_ASSISTANT_COMPONENT_DISCLOSED""], ""declarations"": [], ""elaboration_status"": ""NOT_APPLICABLE_OR_NOT_RUN"", ""exact_conclusion_match"": null, ""exact_hypothesis_match"": null, ""lab_or_test_evidence"": [], ""modules"": [], ""source_files"": [], ""statement_delta"": [""Imported module family exists, but no plausible declaration-name match passed the conservative threshold.""], ""status"": ""NO_MATCH"", ""trust_base"": []}","[""CG08"", ""CG17""]"
P028-C0038,P028,definition,DEFINITION,source/papers/Tsiokos_2026_Six_Birds_Foundations_IV_A_Catalog_of_Layer_Agnostic_Structural_Laws.tex:L2562-L2573; derived/expanded/Tsiokos_2026_Six_Birds_Foundations_IV_A_Catalog_of_Layer_Agnostic_Structural_Laws.tex:L2562-L2573,"Local-global compatibility: Let I index a declared finite patch system, with local object sets (Q_i)_ i∈ I . Let C⊆ _i Q_i be the subset of local families satisfying all declared overlap comparisons. Let Q be the global object set and R:Q→ _i Q_i the declared restriction map. A local family a∈ _i Q_i is compatible if a∈ C , and it globalizes if a∈im(R) .",NOT_APPLICABLE_DEFINITION,"{""caveats"": [""FORMAL_OR_PROOF_ASSISTANT_COMPONENT_DISCLOSED""], ""declarations"": [], ""elaboration_status"": ""NOT_APPLICABLE_OR_NOT_RUN"", ""exact_conclusion_match"": null, ""exact_hypothesis_match"": null, ""lab_or_test_evidence"": [], ""modules"": [], ""source_files"": [], ""statement_delta"": [""Imported module family exists, but no plausible declaration-name match passed the conservative threshold.""], ""status"": ""NO_MATCH"", ""trust_base"": []}","[""CG01"", ""CG03"", ""CG05"", ""CG07"", ""CG08""]"
P028-C0040,P028,definition,DEFINITION,source/papers/Tsiokos_2026_Six_Birds_Foundations_IV_A_Catalog_of_Layer_Agnostic_Structural_Laws.tex:L2706-L2716; derived/expanded/Tsiokos_2026_Six_Birds_Foundations_IV_A_Catalog_of_Layer_Agnostic_Structural_Laws.tex:L2706-L2716,"Bridge composition: Let B be the carrier of branch data, let K:B→ Q_K be the branchwise quotient, and let R:B→ Q_R be the recombination quotient. The bridge composition is the use of K as the source quotient and R as the target readout in the split-pair criterion of . Its obstruction is \ (b,b')∈ B× B: K(b)=K(b')\ and\ R(b) R(b')\ .",NOT_APPLICABLE_DEFINITION,"{""caveats"": [""FORMAL_OR_PROOF_ASSISTANT_COMPONENT_DISCLOSED""], ""declarations"": [], ""elaboration_status"": ""NOT_APPLICABLE_OR_NOT_RUN"", ""exact_conclusion_match"": null, ""exact_hypothesis_match"": null, ""lab_or_test_evidence"": [], ""modules"": [], ""source_files"": [], ""statement_delta"": [""Imported module family exists, but no plausible declaration-name match passed the conservative threshold.""], ""status"": ""NO_MATCH"", ""trust_base"": []}","[""CG01"", ""CG03"", ""CG05"", ""CG07"", ""CG08""]"
P028-C0042,P028,definition,DEFINITION,source/papers/Tsiokos_2026_Six_Birds_Foundations_IV_A_Catalog_of_Layer_Agnostic_Structural_Laws.tex:L2875-L2885; derived/expanded/Tsiokos_2026_Six_Birds_Foundations_IV_A_Catalog_of_Layer_Agnostic_Structural_Laws.tex:L2875-L2885,"Involutive ledger; anti-invariant readout: An involutive ledger is a carrier X equipped with an involution J:X→ X , so J^2=id . Its fixed locus is Fix(J)=\ x∈ X:J(x)=x\ . An anti-invariant readout is a quantity whose sign changes under J . It is separating when zero trace against the anti-invariant readout forces the corresponding visible anti-invariant mass to vanish.",NOT_APPLICABLE_DEFINITION,"{""caveats"": [""FORMAL_OR_PROOF_ASSISTANT_COMPONENT_DISCLOSED""], ""declarations"": [], ""elaboration_status"": ""NOT_APPLICABLE_OR_NOT_RUN"", ""exact_conclusion_match"": null, ""exact_hypothesis_match"": null, ""lab_or_test_evidence"": [], ""modules"": [], ""source_files"": [], ""statement_delta"": [""Imported module family exists, but no plausible declaration-name match passed the conservative threshold.""], ""status"": ""NO_MATCH"", ""trust_base"": []}","[""CG01"", ""CG03"", ""CG05"", ""CG07"", ""CG08""]"
P028-C0046,P028,definition,DEFINITION,source/papers/Tsiokos_2026_Six_Birds_Foundations_IV_A_Catalog_of_Layer_Agnostic_Structural_Laws.tex:L3024-L3037; derived/expanded/Tsiokos_2026_Six_Birds_Foundations_IV_A_Catalog_of_Layer_Agnostic_Structural_Laws.tex:L3024-L3037,"Selection obstruction: Let a declared symmetry group G act on a carrier X , and let p:X→ X/G be the orbit quotient. For a selectedness predicate :X→\ 0,1\ , the selection obstruction is the split-pair set Delta(p, ) = \ (x,x')∈ X× X: p(x)=p(x')\ and\ (x) (x')\ .",NOT_APPLICABLE_DEFINITION,"{""caveats"": [""FORMAL_OR_PROOF_ASSISTANT_COMPONENT_DISCLOSED""], ""declarations"": [], ""elaboration_status"": ""NOT_APPLICABLE_OR_NOT_RUN"", ""exact_conclusion_match"": null, ""exact_hypothesis_match"": null, ""lab_or_test_evidence"": [], ""modules"": [], ""source_files"": [], ""statement_delta"": [""Imported module family exists, but no plausible declaration-name match passed the conservative threshold.""], ""status"": ""NO_MATCH"", ""trust_base"": []}","[""CG03""]"
P028-C0056,P028,definition,DEFINITION,source/papers/Tsiokos_2026_Six_Birds_Foundations_IV_A_Catalog_of_Layer_Agnostic_Structural_Laws.tex:L4220-L4226; derived/expanded/Tsiokos_2026_Six_Birds_Foundations_IV_A_Catalog_of_Layer_Agnostic_Structural_Laws.tex:L4220-L4226,"Record formation: In a formed closure cl , a fact is a claim candidate that is closure-of-record and whose evidence descends through the available access. A record is the audited witness, carried by the BirdInt ledger, that the claim and evidence have formed at the declared layer.",NOT_APPLICABLE_DEFINITION,"{""caveats"": [""FORMAL_OR_PROOF_ASSISTANT_COMPONENT_DISCLOSED""], ""declarations"": [], ""elaboration_status"": ""NOT_APPLICABLE_OR_NOT_RUN"", ""exact_conclusion_match"": null, ""exact_hypothesis_match"": null, ""lab_or_test_evidence"": [], ""modules"": [], ""source_files"": [], ""statement_delta"": [""Imported module family exists, but no plausible declaration-name match passed the conservative threshold.""], ""status"": ""NO_MATCH"", ""trust_base"": []}","[""CG01"", ""CG03"", ""CG05"", ""CG07"", ""CG08""]"
P028-C0071,P028,definition,DEFINITION,source/papers/Tsiokos_2026_Six_Birds_Foundations_IV_A_Catalog_of_Layer_Agnostic_Structural_Laws.tex:L6187-L6192; derived/expanded/Tsiokos_2026_Six_Birds_Foundations_IV_A_Catalog_of_Layer_Agnostic_Structural_Laws.tex:L6187-L6192,Horizon-bounded support: A target object is horizon-bounded when its declared support lies inside a finite horizon record: a quotient of the apparatus boundary through which every declared target readout for that object is meant to be evaluated.,NOT_APPLICABLE_DEFINITION,"{""caveats"": [""FORMAL_OR_PROOF_ASSISTANT_COMPONENT_DISCLOSED""], ""declarations"": [], ""elaboration_status"": ""NOT_APPLICABLE_OR_NOT_RUN"", ""exact_conclusion_match"": null, ""exact_hypothesis_match"": null, ""lab_or_test_evidence"": [], ""modules"": [], ""source_files"": [], ""statement_delta"": [""Imported module family exists, but no plausible declaration-name match passed the conservative threshold.""], ""status"": ""NO_MATCH"", ""trust_base"": []}","[""CG01"", ""CG03"", ""CG05"", ""CG07"", ""CG08""]"
P028-C0092,P028,definition,DEFINITION,source/papers/Tsiokos_2026_Six_Birds_Foundations_IV_A_Catalog_of_Layer_Agnostic_Structural_Laws.tex:L8657-L8662; derived/expanded/Tsiokos_2026_Six_Birds_Foundations_IV_A_Catalog_of_Layer_Agnostic_Structural_Laws.tex:L8657-L8662,"Catalog boundary: The catalog boundary is the audited frontier between Foundations IV\ laws covered by the layer-agnostic language, laws reducible to covered normal forms, and claims explicitly marked out of scope because they require substrate-specific data or stronger apparatus.",NOT_APPLICABLE_DEFINITION,"{""caveats"": [""FORMAL_OR_PROOF_ASSISTANT_COMPONENT_DISCLOSED""], ""declarations"": [], ""elaboration_status"": ""NOT_APPLICABLE_OR_NOT_RUN"", ""exact_conclusion_match"": null, ""exact_hypothesis_match"": null, ""lab_or_test_evidence"": [], ""modules"": [], ""source_files"": [], ""statement_delta"": [""Imported module family exists, but no plausible declaration-name match passed the conservative threshold.""], ""status"": ""NO_MATCH"", ""trust_base"": []}","[""CG01"", ""CG03"", ""CG05"", ""CG07"", ""CG08""]"
P028-C0094,P028,definition,DEFINITION,source/papers/Tsiokos_2026_Six_Birds_Foundations_IV_A_Catalog_of_Layer_Agnostic_Structural_Laws.tex:L8954-L8965; derived/expanded/Tsiokos_2026_Six_Birds_Foundations_IV_A_Catalog_of_Layer_Agnostic_Structural_Laws.tex:L8954-L8965,"Reflective closure operator: The AOR apparatus assigns to a carrier C over a scope S a reflective closure Cl_ SB (C) , a unit _ SB (C):C Cl_ SB (C), and a residual Xi_ SB (C) . The object Cl_ SB (C) is the audited closure completion of C ; the unit compares the raw carrier with that completion; and Xi_ SB (C) records what must be added, repaired, budgeted, weakened, or excluded to pass from C to the closed carrier over S .",NOT_APPLICABLE_DEFINITION,"{""caveats"": [""FORMAL_OR_PROOF_ASSISTANT_COMPONENT_DISCLOSED""], ""declarations"": [], ""elaboration_status"": ""NOT_APPLICABLE_OR_NOT_RUN"", ""exact_conclusion_match"": null, ""exact_hypothesis_match"": null, ""lab_or_test_evidence"": [], ""modules"": [], ""source_files"": [], ""statement_delta"": [""Imported module family exists, but no plausible declaration-name match passed the conservative threshold.""], ""status"": ""NO_MATCH"", ""trust_base"": []}","[""CG01"", ""CG03"", ""CG05"", ""CG07"", ""CG08""]"
P030-C0002,P030,definition,DEFINITION,source/papers/Tsiokos_2026_Six_Birds_Foundations_V_Endogenous_Closure_A_Catalog_of_Structural_Laws_for_Living_Cognitive_and_Social_Systems.tex:L300-L310; derived/expanded/Tsiokos_2026_Six_Birds_Foundations_V_Endogenous_Closure_A_Catalog_of_Structural_Laws_for_Living_Cognitive_and_Social_Systems.tex:L300-L310,"Theory package and formed object: A theory package is T=(Z,f,Sigma_f,E, A), where Z is a finite carrier, f a declared lens, Sigma_f its definability structure, E a packaging or completion endomap, and A an audit. A formed object is a declared fixed point of the completion, with the associated records and audit conditions included in the package rather than supplied tacitly.",NOT_APPLICABLE_DEFINITION,"{""caveats"": [""FORMAL_OR_PROOF_ASSISTANT_COMPONENT_DISCLOSED""], ""declarations"": [], ""elaboration_status"": ""NOT_APPLICABLE_OR_NOT_RUN"", ""exact_conclusion_match"": null, ""exact_hypothesis_match"": null, ""lab_or_test_evidence"": [], ""modules"": [], ""source_files"": [], ""statement_delta"": [""Imported module family exists, but no plausible declaration-name match passed the conservative threshold.""], ""status"": ""NO_MATCH"", ""trust_base"": []}","[""CG20""]"
P030-C0004,P030,definition,DEFINITION,source/papers/Tsiokos_2026_Six_Birds_Foundations_V_Endogenous_Closure_A_Catalog_of_Structural_Laws_for_Living_Cognitive_and_Social_Systems.tex:L444-L449; derived/expanded/Tsiokos_2026_Six_Birds_Foundations_V_Endogenous_Closure_A_Catalog_of_Structural_Laws_for_Living_Cognitive_and_Social_Systems.tex:L444-L449,Six-part normal form: Each E-law is presented in the following order: Setup; Theorem; Proof spine; Case enumeration; Interaction status; Nonclaims. The layer-instantiation paragraph that follows is not a seventh proof field. It identifies candidate realizations and the bridge data each must provide.,NOT_APPLICABLE_DEFINITION,"{""caveats"": [""FORMAL_OR_PROOF_ASSISTANT_COMPONENT_DISCLOSED""], ""declarations"": [], ""elaboration_status"": ""NOT_APPLICABLE_OR_NOT_RUN"", ""exact_conclusion_match"": null, ""exact_hypothesis_match"": null, ""lab_or_test_evidence"": [], ""modules"": [], ""source_files"": [], ""statement_delta"": [""Imported module family exists, but no plausible declaration-name match passed the conservative threshold.""], ""status"": ""NO_MATCH"", ""trust_base"": []}","[""CG01"", ""CG02"", ""CG04"", ""CG09"", ""CG10""]"
P030-C0005,P030,definition,DEFINITION,source/papers/Tsiokos_2026_Six_Birds_Foundations_V_Endogenous_Closure_A_Catalog_of_Structural_Laws_for_Living_Cognitive_and_Social_Systems.tex:L455-L460; derived/expanded/Tsiokos_2026_Six_Birds_Foundations_V_Endogenous_Closure_A_Catalog_of_Structural_Laws_for_Living_Cognitive_and_Social_Systems.tex:L455-L460,"Repair join: Order quotients by refinement: Q_1 Q_0 when Q_1 is finer than Q_0 . For quotients Q,R on a common carrier, the repair join Q R is the coarsest quotient refining both. Source repair by R is the move Q↦ Q R .",NOT_APPLICABLE_DEFINITION,"{""caveats"": [""FORMAL_OR_PROOF_ASSISTANT_COMPONENT_DISCLOSED""], ""declarations"": [], ""elaboration_status"": ""NOT_APPLICABLE_OR_NOT_RUN"", ""exact_conclusion_match"": null, ""exact_hypothesis_match"": null, ""lab_or_test_evidence"": [], ""modules"": [], ""source_files"": [], ""statement_delta"": [""Imported module family exists, but no plausible declaration-name match passed the conservative threshold.""], ""status"": ""NO_MATCH"", ""trust_base"": []}","[""CG01"", ""CG02"", ""CG04"", ""CG09"", ""CG10""]"
P030-C0006,P030,definition,DEFINITION,source/papers/Tsiokos_2026_Six_Birds_Foundations_V_Endogenous_Closure_A_Catalog_of_Structural_Laws_for_Living_Cognitive_and_Social_Systems.tex:L468-L483; derived/expanded/Tsiokos_2026_Six_Birds_Foundations_V_Endogenous_Closure_A_Catalog_of_Structural_Laws_for_Living_Cognitive_and_Social_Systems.tex:L468-L483,"Predictive surplus: For current quotient Q , declared predictive baseline M , and horizon tau , first require the certified order comparison CD_tau(M) CD_tau(Q). For rational scores define S_tau(QVert M):=CD_tau(Q)-CD_tau(M), which is nonnegative exactly under that comparison. In the operator realization, a declared scalar surrogate is trXi_C(D L_Q) , nonnegative when the Xi residual is certified positive semidefinite. Quotient refinement alone does not establish either score inequality.",NOT_APPLICABLE_DEFINITION,"{""caveats"": [""FORMAL_OR_PROOF_ASSISTANT_COMPONENT_DISCLOSED""], ""declarations"": [], ""elaboration_status"": ""NOT_APPLICABLE_OR_NOT_RUN"", ""exact_conclusion_match"": null, ""exact_hypothesis_match"": null, ""lab_or_test_evidence"": [], ""modules"": [], ""source_files"": [], ""statement_delta"": [""Imported module family exists, but no plausible declaration-name match passed the conservative threshold.""], ""status"": ""NO_MATCH"", ""trust_base"": []}","[""CG21""]"
P030-C0007,P030,definition,DEFINITION,source/papers/Tsiokos_2026_Six_Birds_Foundations_V_Endogenous_Closure_A_Catalog_of_Structural_Laws_for_Living_Cognitive_and_Social_Systems.tex:L489-L500; derived/expanded/Tsiokos_2026_Six_Birds_Foundations_V_Endogenous_Closure_A_Catalog_of_Structural_Laws_for_Living_Cognitive_and_Social_Systems.tex:L489-L500,"Carried record: A record rho is carried by a system S under scope C if: rho is a coordinate of the carrier state rather than an analyst annotation; its updates occur in the support of S 's transition kernel; and the accepting source record is generated by S 's trajectory under the declared scope, never by fallback or an off-kernel edit. A carried instrument is an instrument whose visibility, thresholds, and check-rule records all satisfy these conditions.",NOT_APPLICABLE_DEFINITION,"{""caveats"": [""FORMAL_OR_PROOF_ASSISTANT_COMPONENT_DISCLOSED""], ""declarations"": [], ""elaboration_status"": ""NOT_APPLICABLE_OR_NOT_RUN"", ""exact_conclusion_match"": null, ""exact_hypothesis_match"": null, ""lab_or_test_evidence"": [], ""modules"": [], ""source_files"": [], ""statement_delta"": [""Imported module family exists, but no plausible declaration-name match passed the conservative threshold.""], ""status"": ""NO_MATCH"", ""trust_base"": []}","[""CG01"", ""CG02"", ""CG04"", ""CG09"", ""CG10""]"
P030-C0008,P030,definition,DEFINITION,source/papers/Tsiokos_2026_Six_Birds_Foundations_V_Endogenous_Closure_A_Catalog_of_Structural_Laws_for_Living_Cognitive_and_Social_Systems.tex:L509-L520; derived/expanded/Tsiokos_2026_Six_Birds_Foundations_V_Endogenous_Closure_A_Catalog_of_Structural_Laws_for_Living_Cognitive_and_Social_Systems.tex:L509-L520,"E-system: An endogenous closure system, or E-system, is S=( T,I_S,Lambda_S, R_S), where T is a formed package, I_S a carried instrument, Lambda_S a carried ledger of budgets, prices, and statused residuals, and R_S a carried generator mapping certified defect records to candidate typed P1–P5 repair moves. A lawful occurrence separately requires instrument permission, ledger membership, move admissibility, and realization in the carrier kernel.",NOT_APPLICABLE_DEFINITION,"{""caveats"": [""FORMAL_OR_PROOF_ASSISTANT_COMPONENT_DISCLOSED""], ""declarations"": [], ""elaboration_status"": ""NOT_APPLICABLE_OR_NOT_RUN"", ""exact_conclusion_match"": null, ""exact_hypothesis_match"": null, ""lab_or_test_evidence"": [], ""modules"": [], ""source_files"": [], ""statement_delta"": [""Imported module family exists, but no plausible declaration-name match passed the conservative threshold.""], ""status"": ""NO_MATCH"", ""trust_base"": []}","[""CG01"", ""CG02"", ""CG04"", ""CG09"", ""CG10""]"
P030-C0009,P030,definition,DEFINITION,source/papers/Tsiokos_2026_Six_Birds_Foundations_V_Endogenous_Closure_A_Catalog_of_Structural_Laws_for_Living_Cognitive_and_Social_Systems.tex:L529-L536; derived/expanded/Tsiokos_2026_Six_Birds_Foundations_V_Endogenous_Closure_A_Catalog_of_Structural_Laws_for_Living_Cognitive_and_Social_Systems.tex:L529-L536,"Closed-loop scope: A challenge history H is closed-loop for S when CompleteChallengeAuditHistory(H) and every repair-typed occurrence in its complete audit inventory is carried in the sense of D3. External repair may occur in the run and must remain in the complete audit, but its occurrence makes that history non-closed-loop and routes the claim to subsidy rather than self-repair.",NOT_APPLICABLE_DEFINITION,"{""caveats"": [""FORMAL_OR_PROOF_ASSISTANT_COMPONENT_DISCLOSED""], ""declarations"": [], ""elaboration_status"": ""NOT_APPLICABLE_OR_NOT_RUN"", ""exact_conclusion_match"": null, ""exact_hypothesis_match"": null, ""lab_or_test_evidence"": [], ""modules"": [], ""source_files"": [], ""statement_delta"": [""Imported module family exists, but no plausible declaration-name match passed the conservative threshold.""], ""status"": ""NO_MATCH"", ""trust_base"": []}","[""CG01"", ""CG02"", ""CG04"", ""CG09"", ""CG10""]"
P030-C0010,P030,definition,DEFINITION,source/papers/Tsiokos_2026_Six_Birds_Foundations_V_Endogenous_Closure_A_Catalog_of_Structural_Laws_for_Living_Cognitive_and_Social_Systems.tex:L547-L556; derived/expanded/Tsiokos_2026_Six_Birds_Foundations_V_Endogenous_Closure_A_Catalog_of_Structural_Laws_for_Living_Cognitive_and_Social_Systems.tex:L547-L556,"Probe economy: A probe economy consists of a finite candidate catalog P , a carried active family L_t⊆ P , an exposure budget B_ exp ∈Lambda_S , and three typed moves: allocation within L_t , acquisition of a strict extension L_t↦[L_t;M] , and retirement. Acquisition is strict when (L_t,M) ; in the Xi realization, factorization M=BL_t together with zero conditional target currency witnesses saturation. Costs and retirements are ledger events.",NOT_APPLICABLE_DEFINITION,"{""caveats"": [""FORMAL_OR_PROOF_ASSISTANT_COMPONENT_DISCLOSED""], ""declarations"": [], ""elaboration_status"": ""NOT_APPLICABLE_OR_NOT_RUN"", ""exact_conclusion_match"": null, ""exact_hypothesis_match"": null, ""lab_or_test_evidence"": [], ""modules"": [], ""source_files"": [], ""statement_delta"": [""Imported module family exists, but no plausible declaration-name match passed the conservative threshold.""], ""status"": ""NO_MATCH"", ""trust_base"": []}","[""CG01"", ""CG02"", ""CG04"", ""CG09"", ""CG10""]"
P030-C0015,P030,definition,DEFINITION,source/papers/Tsiokos_2026_Six_Birds_Foundations_V_Endogenous_Closure_A_Catalog_of_Structural_Laws_for_Living_Cognitive_and_Social_Systems.tex:L671-L686; derived/expanded/Tsiokos_2026_Six_Birds_Foundations_V_Endogenous_Closure_A_Catalog_of_Structural_Laws_for_Living_Cognitive_and_Social_Systems.tex:L671-L686,"Lawful D4 repair step: For pre-state z , post-state z' , defect record d , generated move m= R_S(d) , and audit record a , a lawful repair step requires: carried evidence for d , m , and a ; detection of d by the active carried instrument; instrument permission for the move's repair sort; membership of the charged budget line in the complete carried ledger; admissibility of the move at z ; realization K(z,z')>0 in the carrier kernel; and a successful carried re-audit at z' . The repair sorts are the P1–P5 roles; P6 is the audit surface and is not itself admitted as a repair sort.",NOT_APPLICABLE_DEFINITION,"{""caveats"": [""FORMAL_OR_PROOF_ASSISTANT_COMPONENT_DISCLOSED""], ""declarations"": [], ""elaboration_status"": ""NOT_APPLICABLE_OR_NOT_RUN"", ""exact_conclusion_match"": null, ""exact_hypothesis_match"": null, ""lab_or_test_evidence"": [], ""modules"": [], ""source_files"": [], ""statement_delta"": [""Imported module family exists, but no plausible declaration-name match passed the conservative threshold.""], ""status"": ""NO_MATCH"", ""trust_base"": []}","[""CG01"", ""CG02"", ""CG04"", ""CG09"", ""CG10""]"
P030-C0019,P030,prose_definition,PROSE_DEFINITION_SECTION,source/papers/Tsiokos_2026_Six_Birds_Foundations_V_Endogenous_Closure_A_Catalog_of_Structural_Laws_for_Living_Cognitive_and_Social_Systems.tex:L767-L775; derived/expanded/Tsiokos_2026_Six_Birds_Foundations_V_Endogenous_Closure_A_Catalog_of_Structural_Laws_for_Living_Cognitive_and_Social_Systems.tex:L767-L775,Definition-level case atlas and limits: The definitions were developed with explicit boundary cases before the E-laws were stated. Those cases are part of the mathematical content: they show where a later theorem may start and which apparent shortcuts are already blocked at the type level.,NAMED_SOURCE_SECTION_ARGUMENT,"{""caveats"": [""FORMAL_OR_PROOF_ASSISTANT_COMPONENT_DISCLOSED""], ""declarations"": [], ""elaboration_status"": ""NOT_APPLICABLE_OR_NOT_RUN"", ""exact_conclusion_match"": null, ""exact_hypothesis_match"": null, ""lab_or_test_evidence"": [], ""modules"": [], ""source_files"": [], ""statement_delta"": [""Imported module family exists, but no plausible declaration-name match passed the conservative threshold.""], ""status"": ""NO_MATCH"", ""trust_base"": []}","[""CG01"", ""CG02"", ""CG04"", ""CG09"", ""CG10""]"
P030-C0064,P030,prose_definition,PROSE_DEFINITION,source/papers/Tsiokos_2026_Six_Birds_Foundations_V_Endogenous_Closure_A_Catalog_of_Structural_Laws_for_Living_Cognitive_and_Social_Systems.tex:L3116-L3138; derived/expanded/Tsiokos_2026_Six_Birds_Foundations_V_Endogenous_Closure_A_Catalog_of_Structural_Laws_for_Living_Cognitive_and_Social_Systems.tex:L3116-L3138,"Define Individuates(I) iff RepairClosedOn(I) (I) (I) B_I ViabilitySufficientSelfMaintained(I,B_I). Relative maximality ranges only over the declared finite candidate family: MaximalIndividuating(I) iff I∈ I (I) I'∈ I,\ I⊆ I' (I') implies I'=I.",PROSE_STATUS_OR_ARGUMENT_RECORD,"{""caveats"": [""FORMAL_OR_PROOF_ASSISTANT_COMPONENT_DISCLOSED""], ""declarations"": [], ""elaboration_status"": ""NOT_APPLICABLE_OR_NOT_RUN"", ""exact_conclusion_match"": null, ""exact_hypothesis_match"": null, ""lab_or_test_evidence"": [], ""modules"": [], ""source_files"": [], ""statement_delta"": [""Imported module family exists, but no plausible declaration-name match passed the conservative threshold.""], ""status"": ""NO_MATCH"", ""trust_base"": []}","[""CG01"", ""CG02"", ""CG04"", ""CG09"", ""CG10""]"
P030-C0118,P030,prose_definition,PROSE_DEFINITION_SECTION,source/papers/Tsiokos_2026_Six_Birds_Foundations_V_Endogenous_Closure_A_Catalog_of_Structural_Laws_for_Living_Cognitive_and_Social_Systems.tex:L6674-L6680; derived/expanded/Tsiokos_2026_Six_Birds_Foundations_V_Endogenous_Closure_A_Catalog_of_Structural_Laws_for_Living_Cognitive_and_Social_Systems.tex:L6674-L6680,"No universal definition of life.: The paper gives laws that living systems can instantiate and a precise self-maintenance distinction of direct biological importance. It does not claim that D4 is necessary and sufficient for life, that every living system realizes all sixteen laws, or that the catalog settles borderline cases.",NAMED_SOURCE_SECTION_ARGUMENT,"{""caveats"": [""FORMAL_OR_PROOF_ASSISTANT_COMPONENT_DISCLOSED""], ""declarations"": [], ""elaboration_status"": ""NOT_APPLICABLE_OR_NOT_RUN"", ""exact_conclusion_match"": null, ""exact_hypothesis_match"": null, ""lab_or_test_evidence"": [], ""modules"": [], ""source_files"": [], ""statement_delta"": [""Imported module family exists, but no plausible declaration-name match passed the conservative threshold.""], ""status"": ""NO_MATCH"", ""trust_base"": []}","[""CG14""]"
P030-C0119,P030,prose_definition,PROSE_DEFINITION_SECTION,source/papers/Tsiokos_2026_Six_Birds_Foundations_V_Endogenous_Closure_A_Catalog_of_Structural_Laws_for_Living_Cognitive_and_Social_Systems.tex:L6707-L6713; derived/expanded/Tsiokos_2026_Six_Birds_Foundations_V_Endogenous_Closure_A_Catalog_of_Structural_Laws_for_Living_Cognitive_and_Social_Systems.tex:L6707-L6713,"No definition of death, pathology, or welfare.: E5 collapse is relative to challenge class, move inventory, budget, and viability probes. E8 capture is a lineage inconsistency, not a moral label. The status partitions impose no welfare ordering on organisms, people, firms, or states.",NAMED_SOURCE_SECTION_ARGUMENT,"{""caveats"": [""FORMAL_OR_PROOF_ASSISTANT_COMPONENT_DISCLOSED""], ""declarations"": [], ""elaboration_status"": ""NOT_APPLICABLE_OR_NOT_RUN"", ""exact_conclusion_match"": null, ""exact_hypothesis_match"": null, ""lab_or_test_evidence"": [], ""modules"": [], ""source_files"": [], ""statement_delta"": [""Imported module family exists, but no plausible declaration-name match passed the conservative threshold.""], ""status"": ""NO_MATCH"", ""trust_base"": []}","[""CG01"", ""CG02"", ""CG04"", ""CG09"", ""CG10""]"
P032-C0003,P032,definition,DEFINITION,source/papers/Tsiokos_2026_Six_Birds_No_Go_Theorems_for_Audited_Emergence.tex:L255-L264; derived/expanded/Tsiokos_2026_Six_Birds_No_Go_Theorems_for_Audited_Emergence.tex:L255-L264,"Micro and observed arrow at horizon T: The micro arrow at horizon T is A_T(mu,K) = D_ KL (P^ mu,K _T\|P^ mu,K,rev _T). For a lens f:X→ Y , the observed arrow is A_T(mu,K;f) = D_ KL (P^ mu,K,f _T\|P^ mu,K,f,rev _T).",NOT_APPLICABLE_DEFINITION,"{""caveats"": [""NO_DEDICATED_FORMAL_COMPONENT_LOCATED_AT_SURVEY_DEPTH""], ""declarations"": [], ""elaboration_status"": ""NOT_APPLICABLE_OR_NOT_RUN"", ""exact_conclusion_match"": null, ""exact_hypothesis_match"": null, ""lab_or_test_evidence"": [], ""modules"": [], ""source_files"": [], ""statement_delta"": [""No imported module family was assigned to this paper at Step-2 intake.""], ""status"": ""NO_MATCH"", ""trust_base"": []}","[""CG01"", ""CG03"", ""CG07"", ""CG22"", ""CG28""]"
P032-C0027,P032,definition,DEFINITION,source/papers/Tsiokos_2026_Six_Birds_No_Go_Theorems_for_Audited_Emergence.tex:L577-L580; derived/expanded/Tsiokos_2026_Six_Birds_No_Go_Theorems_for_Audited_Emergence.tex:L577-L580,"Antisymmetric edge labelling / 1 -form: An antisymmetric edge labelling on G is a function a: E→ R such that a(v,u)=-a(u,v) for all (u,v)∈ E .",NOT_APPLICABLE_DEFINITION,"{""caveats"": [""NO_DEDICATED_FORMAL_COMPONENT_LOCATED_AT_SURVEY_DEPTH""], ""declarations"": [], ""elaboration_status"": ""NOT_APPLICABLE_OR_NOT_RUN"", ""exact_conclusion_match"": null, ""exact_hypothesis_match"": null, ""lab_or_test_evidence"": [], ""modules"": [], ""source_files"": [], ""statement_delta"": [""No imported module family was assigned to this paper at Step-2 intake.""], ""status"": ""NO_MATCH"", ""trust_base"": []}","[""CG01"", ""CG03"", ""CG07"", ""CG22"", ""CG28""]"
P032-C0028,P032,definition,DEFINITION,source/papers/Tsiokos_2026_Six_Birds_No_Go_Theorems_for_Audited_Emergence.tex:L582-L589; derived/expanded/Tsiokos_2026_Six_Birds_No_Go_Theorems_for_Audited_Emergence.tex:L582-L589,"Exactness and potentials: An antisymmetric labelling a is exact if there exists a function phi:V→ R such that for every (u,v)∈ E , a(u,v)=phi(v)-phi(u). Any such phi is called a potential for a .",NOT_APPLICABLE_DEFINITION,"{""caveats"": [""NO_DEDICATED_FORMAL_COMPONENT_LOCATED_AT_SURVEY_DEPTH""], ""declarations"": [], ""elaboration_status"": ""NOT_APPLICABLE_OR_NOT_RUN"", ""exact_conclusion_match"": null, ""exact_hypothesis_match"": null, ""lab_or_test_evidence"": [], ""modules"": [], ""source_files"": [], ""statement_delta"": [""No imported module family was assigned to this paper at Step-2 intake.""], ""status"": ""NO_MATCH"", ""trust_base"": []}","[""CG30""]"
P032-C0029,P032,definition,DEFINITION,source/papers/Tsiokos_2026_Six_Birds_No_Go_Theorems_for_Audited_Emergence.tex:L591-L600; derived/expanded/Tsiokos_2026_Six_Birds_No_Go_Theorems_for_Audited_Emergence.tex:L591-L600,"Closed-walk sum / cycle affinity: Let w=(v_0,v_1, ,v_k) be a finite walk with v_k=v_0 and \ v_i,v_ i+1 \ ∈ E for all i . The closed-walk sum of a along w is S_a(w) = _ i=0 ^ k-1 a(v_i,v_ i+1 ). When a is a log-ratio 1 -form, S_a(w) is the (log) cycle affinity. This is the standard cycle-affinity language for finite Markov networks .",NOT_APPLICABLE_DEFINITION,"{""caveats"": [""NO_DEDICATED_FORMAL_COMPONENT_LOCATED_AT_SURVEY_DEPTH""], ""declarations"": [], ""elaboration_status"": ""NOT_APPLICABLE_OR_NOT_RUN"", ""exact_conclusion_match"": null, ""exact_hypothesis_match"": null, ""lab_or_test_evidence"": [], ""modules"": [], ""source_files"": [], ""statement_delta"": [""No imported module family was assigned to this paper at Step-2 intake.""], ""status"": ""NO_MATCH"", ""trust_base"": []}","[""CG01"", ""CG03"", ""CG07"", ""CG22"", ""CG28""]"
P032-C0030,P032,definition,DEFINITION,source/papers/Tsiokos_2026_Six_Birds_No_Go_Theorems_for_Audited_Emergence.tex:L602-L610; derived/expanded/Tsiokos_2026_Six_Birds_No_Go_Theorems_for_Audited_Emergence.tex:L602-L610,"Cycle rank: Let c(G) be the number of connected components of G . The cycle rank (first Betti number) of G is beta_1(G) = |E|-|V|+c(G). In particular, beta_1(G)=0 if and only if every component of G is a tree. These cycle-space facts are standard in graph theory; see .",NOT_APPLICABLE_DEFINITION,"{""caveats"": [""NO_DEDICATED_FORMAL_COMPONENT_LOCATED_AT_SURVEY_DEPTH""], ""declarations"": [], ""elaboration_status"": ""NOT_APPLICABLE_OR_NOT_RUN"", ""exact_conclusion_match"": null, ""exact_hypothesis_match"": null, ""lab_or_test_evidence"": [], ""modules"": [], ""source_files"": [], ""statement_delta"": [""No imported module family was assigned to this paper at Step-2 intake.""], ""status"": ""NO_MATCH"", ""trust_base"": []}","[""CG28""]"
P006-C0010,P006,definition,DEFINITION,source/papers/Tsiokos_2026_Audited_Operational_Realisability_A_Closure_Completion_Reflection_for_Carriers_with_Audit_Data.tex:L440-L459; derived/expanded/Tsiokos_2026_Audited_Operational_Realisability_A_Closure_Completion_Reflection_for_Carriers_with_Audit_Data.tex:L440-L459,"PreSB carrier: A PreSB carrier is a tuple C = (H, q, Q, Gamma, R, C-reg, Src, Ifc, Obs, Stage, Constr, Rewrite, Hol, Res, Stat, NC, Meta; S), of seventeen typed fields: legal-quotient carrier and audit data (H,q,Q) ; route registry Gamma ; record registry R and claim registry C -reg; source, interface, and observation registries (Src,Ifc,Obs) ; stage, constraint, rewrite, and holonomy registries (Stage,Constr,Rewrite,Hol) ; residual and status registries (Res,Stat) ; nonclaim register NC and meta-audit register Meta ; together with the scope record S on which the carrier is evaluated.",NOT_APPLICABLE_DEFINITION,"{""caveats"": [""FORMAL_OR_PROOF_ASSISTANT_COMPONENT_DISCLOSED""], ""declarations"": [], ""elaboration_status"": ""NOT_APPLICABLE_OR_NOT_RUN"", ""exact_conclusion_match"": null, ""exact_hypothesis_match"": null, ""lab_or_test_evidence"": [], ""modules"": [], ""source_files"": [], ""statement_delta"": [""No imported module family was assigned to this paper at Step-2 intake.""], ""status"": ""PAPER_DISCLOSED_ASSET_NOT_IMPORTED"", ""trust_base"": []}","[""CG25"", ""CG29""]"
P006-C0011,P006,definition,DEFINITION,source/papers/Tsiokos_2026_Audited_Operational_Realisability_A_Closure_Completion_Reflection_for_Carriers_with_Audit_Data.tex:L467-L473; derived/expanded/Tsiokos_2026_Audited_Operational_Realisability_A_Closure_Completion_Reflection_for_Carriers_with_Audit_Data.tex:L467-L473,"Scope record: A scope record S is a typed declaration of the admissible carrier-class, the admissible source ledger, the admissible interface family, and the admissible route registry against which a PreSB carrier is audited. Scope is a first-class field of a PreSB carrier; comparing two carriers of incompatible scopes is undefined.",NOT_APPLICABLE_DEFINITION,"{""caveats"": [""FORMAL_OR_PROOF_ASSISTANT_COMPONENT_DISCLOSED""], ""declarations"": [], ""elaboration_status"": ""NOT_APPLICABLE_OR_NOT_RUN"", ""exact_conclusion_match"": null, ""exact_hypothesis_match"": null, ""lab_or_test_evidence"": [], ""modules"": [], ""source_files"": [], ""statement_delta"": [""No imported module family was assigned to this paper at Step-2 intake.""], ""status"": ""PAPER_DISCLOSED_ASSET_NOT_IMPORTED"", ""trust_base"": []}","[""CG25"", ""CG29""]"
P006-C0012,P006,definition,DEFINITION,source/papers/Tsiokos_2026_Audited_Operational_Realisability_A_Closure_Completion_Reflection_for_Carriers_with_Audit_Data.tex:L481-L489; derived/expanded/Tsiokos_2026_Audited_Operational_Realisability_A_Closure_Completion_Reflection_for_Carriers_with_Audit_Data.tex:L481-L489,"PreSB morphism: A PreSB morphism f: C→ C' between two PreSB carriers of identical scope is a tuple of typed scope-preserving field morphisms that commute with the carrier quotient maps, the route registry transports, and the audit form pairings. Morphisms compose componentwise; the identity morphism is the tuple of identity field-maps. The category PreSB_ S has PreSB carriers of scope S as objects and the above morphisms as arrows.",NOT_APPLICABLE_DEFINITION,"{""caveats"": [""FORMAL_OR_PROOF_ASSISTANT_COMPONENT_DISCLOSED""], ""declarations"": [], ""elaboration_status"": ""NOT_APPLICABLE_OR_NOT_RUN"", ""exact_conclusion_match"": null, ""exact_hypothesis_match"": null, ""lab_or_test_evidence"": [], ""modules"": [], ""source_files"": [], ""statement_delta"": [""No imported module family was assigned to this paper at Step-2 intake.""], ""status"": ""PAPER_DISCLOSED_ASSET_NOT_IMPORTED"", ""trust_base"": []}","[""CG25"", ""CG29""]"
P006-C0013,P006,definition,DEFINITION,source/papers/Tsiokos_2026_Audited_Operational_Realisability_A_Closure_Completion_Reflection_for_Carriers_with_Audit_Data.tex:L500-L508; derived/expanded/Tsiokos_2026_Audited_Operational_Realisability_A_Closure_Completion_Reflection_for_Carriers_with_Audit_Data.tex:L500-L508,"AOR subcategory: The AOR subcategory AOR_ S is the full subcategory of PreSB_ S whose objects are the PreSB carriers C for which the eight-stratum structural defect Xi_ SB ( C) ( ) is zero. Equivalently, every declared record of C is typed, every cited route is audited, every residual is statused, every nonclaim is registered, and every meta-audit obligation is discharged.",NOT_APPLICABLE_DEFINITION,"{""caveats"": [""FORMAL_OR_PROOF_ASSISTANT_COMPONENT_DISCLOSED""], ""declarations"": [], ""elaboration_status"": ""NOT_APPLICABLE_OR_NOT_RUN"", ""exact_conclusion_match"": null, ""exact_hypothesis_match"": null, ""lab_or_test_evidence"": [], ""modules"": [], ""source_files"": [], ""statement_delta"": [""No imported module family was assigned to this paper at Step-2 intake.""], ""status"": ""PAPER_DISCLOSED_ASSET_NOT_IMPORTED"", ""trust_base"": []}","[""CG25"", ""CG29""]"
P006-C0016,P006,definition,DEFINITION,source/papers/Tsiokos_2026_Audited_Operational_Realisability_A_Closure_Completion_Reflection_for_Carriers_with_Audit_Data.tex:L548-L561; derived/expanded/Tsiokos_2026_Audited_Operational_Realisability_A_Closure_Completion_Reflection_for_Carriers_with_Audit_Data.tex:L548-L561,"Closure-completion operator: The closure-completion operator Cl_ SB :PreSB_ S →AOR_ S assigns to a PreSB carrier C the carrier obtained as the least fixed point of the monotone-saturation map C C \ minimal AOR-extending operations on C\ on the complete lattice of AOR-extending operations over the scope S , together with the reflection unit _ C : C→Cl_ SB ( C) given by the inclusion of the seed carrier into its saturation.",NOT_APPLICABLE_DEFINITION,"{""caveats"": [""FORMAL_OR_PROOF_ASSISTANT_COMPONENT_DISCLOSED""], ""declarations"": [], ""elaboration_status"": ""NOT_APPLICABLE_OR_NOT_RUN"", ""exact_conclusion_match"": null, ""exact_hypothesis_match"": null, ""lab_or_test_evidence"": [], ""modules"": [], ""source_files"": [], ""statement_delta"": [""No imported module family was assigned to this paper at Step-2 intake.""], ""status"": ""PAPER_DISCLOSED_ASSET_NOT_IMPORTED"", ""trust_base"": []}","[""CG25"", ""CG29""]"
P006-C0027,P006,definition,DEFINITION,source/papers/Tsiokos_2026_Audited_Operational_Realisability_A_Closure_Completion_Reflection_for_Carriers_with_Audit_Data.tex:L737-L747; derived/expanded/Tsiokos_2026_Audited_Operational_Realisability_A_Closure_Completion_Reflection_for_Carriers_with_Audit_Data.tex:L737-L747,"Structural defect Xi_ SB: The structural defect Xi_ SB ( C) of a PreSB carrier C is the disjoint sum of its eight defect strata, Xi_ SB ( C) = Sigma_ obs ( C) Sigma_ stage ( C) Sigma_ constraint ( C) Sigma_ rewrite ( C) Sigma_ holonomy ( C) Sigma_ residual ( C) Sigma_ nonclaim ( C) Sigma_ meta ( C), with the strata defined in – . The carrier is AOR exactly when every stratum is empty.",NOT_APPLICABLE_DEFINITION,"{""caveats"": [""FORMAL_OR_PROOF_ASSISTANT_COMPONENT_DISCLOSED""], ""declarations"": [], ""elaboration_status"": ""NOT_APPLICABLE_OR_NOT_RUN"", ""exact_conclusion_match"": null, ""exact_hypothesis_match"": null, ""lab_or_test_evidence"": [], ""modules"": [], ""source_files"": [], ""statement_delta"": [""No imported module family was assigned to this paper at Step-2 intake.""], ""status"": ""PAPER_DISCLOSED_ASSET_NOT_IMPORTED"", ""trust_base"": []}","[""CG25"", ""CG29""]"
P006-C0028,P006,definition,DEFINITION,source/papers/Tsiokos_2026_Audited_Operational_Realisability_A_Closure_Completion_Reflection_for_Carriers_with_Audit_Data.tex:L754-L760; derived/expanded/Tsiokos_2026_Audited_Operational_Realisability_A_Closure_Completion_Reflection_for_Carriers_with_Audit_Data.tex:L754-L760,"Sigma_ obs stratum: The observation defect stratum Sigma_ obs ( C) is the multiset of typed observation records on C whose target codomain, role, source provenance, or evaluation context is not fully declared. The stratum is empty iff every declared observation in Obs is a fully typed record.",NOT_APPLICABLE_DEFINITION,"{""caveats"": [""FORMAL_OR_PROOF_ASSISTANT_COMPONENT_DISCLOSED""], ""declarations"": [], ""elaboration_status"": ""NOT_APPLICABLE_OR_NOT_RUN"", ""exact_conclusion_match"": null, ""exact_hypothesis_match"": null, ""lab_or_test_evidence"": [], ""modules"": [], ""source_files"": [], ""statement_delta"": [""No imported module family was assigned to this paper at Step-2 intake.""], ""status"": ""PAPER_DISCLOSED_ASSET_NOT_IMPORTED"", ""trust_base"": []}","[""CG25"", ""CG29""]"
P006-C0029,P006,definition,DEFINITION,source/papers/Tsiokos_2026_Audited_Operational_Realisability_A_Closure_Completion_Reflection_for_Carriers_with_Audit_Data.tex:L762-L768; derived/expanded/Tsiokos_2026_Audited_Operational_Realisability_A_Closure_Completion_Reflection_for_Carriers_with_Audit_Data.tex:L762-L768,"Sigma_ stage stratum: The stage defect stratum Sigma_ stage ( C) is the multiset of stage / refinement entries whose stage law, refinement axis, or compatibility with the route registry is not declared. The stratum is empty iff every entry of Stage has a declared refinement kind.",NOT_APPLICABLE_DEFINITION,"{""caveats"": [""FORMAL_OR_PROOF_ASSISTANT_COMPONENT_DISCLOSED""], ""declarations"": [], ""elaboration_status"": ""NOT_APPLICABLE_OR_NOT_RUN"", ""exact_conclusion_match"": null, ""exact_hypothesis_match"": null, ""lab_or_test_evidence"": [], ""modules"": [], ""source_files"": [], ""statement_delta"": [""No imported module family was assigned to this paper at Step-2 intake.""], ""status"": ""PAPER_DISCLOSED_ASSET_NOT_IMPORTED"", ""trust_base"": []}","[""CG25"", ""CG29""]"
P006-C0030,P006,definition,DEFINITION,source/papers/Tsiokos_2026_Audited_Operational_Realisability_A_Closure_Completion_Reflection_for_Carriers_with_Audit_Data.tex:L770-L776; derived/expanded/Tsiokos_2026_Audited_Operational_Realisability_A_Closure_Completion_Reflection_for_Carriers_with_Audit_Data.tex:L770-L776,"Sigma_ constraint stratum: The constraint defect stratum Sigma_ constraint ( C) is the multiset of constraint and budget entries that fail positivity, fail the audit-pairing typing, or are paired with no declared admissible solution. The stratum is empty iff every entry of Constr admits a typed witness.",NOT_APPLICABLE_DEFINITION,"{""caveats"": [""FORMAL_OR_PROOF_ASSISTANT_COMPONENT_DISCLOSED""], ""declarations"": [], ""elaboration_status"": ""NOT_APPLICABLE_OR_NOT_RUN"", ""exact_conclusion_match"": null, ""exact_hypothesis_match"": null, ""lab_or_test_evidence"": [], ""modules"": [], ""source_files"": [], ""statement_delta"": [""No imported module family was assigned to this paper at Step-2 intake.""], ""status"": ""PAPER_DISCLOSED_ASSET_NOT_IMPORTED"", ""trust_base"": []}","[""CG25"", ""CG29""]"
P006-C0031,P006,definition,DEFINITION,source/papers/Tsiokos_2026_Audited_Operational_Realisability_A_Closure_Completion_Reflection_for_Carriers_with_Audit_Data.tex:L782-L788; derived/expanded/Tsiokos_2026_Audited_Operational_Realisability_A_Closure_Completion_Reflection_for_Carriers_with_Audit_Data.tex:L782-L788,"Sigma_ rewrite stratum: The rewrite defect stratum Sigma_ rewrite ( C) is the multiset of rewrite records whose source and target presentations, admissibility tags, or blocked-rewrite annotations are not declared. The stratum is empty iff every Rewrite entry is either an allowed or an explicitly blocked rewrite.",NOT_APPLICABLE_DEFINITION,"{""caveats"": [""FORMAL_OR_PROOF_ASSISTANT_COMPONENT_DISCLOSED""], ""declarations"": [], ""elaboration_status"": ""NOT_APPLICABLE_OR_NOT_RUN"", ""exact_conclusion_match"": null, ""exact_hypothesis_match"": null, ""lab_or_test_evidence"": [], ""modules"": [], ""source_files"": [], ""statement_delta"": [""No imported module family was assigned to this paper at Step-2 intake.""], ""status"": ""PAPER_DISCLOSED_ASSET_NOT_IMPORTED"", ""trust_base"": []}","[""CG25"", ""CG29""]"
P006-C0032,P006,definition,DEFINITION,source/papers/Tsiokos_2026_Audited_Operational_Realisability_A_Closure_Completion_Reflection_for_Carriers_with_Audit_Data.tex:L790-L795; derived/expanded/Tsiokos_2026_Audited_Operational_Realisability_A_Closure_Completion_Reflection_for_Carriers_with_Audit_Data.tex:L790-L795,"Sigma_ holonomy stratum: The holonomy defect stratum Sigma_ holonomy ( C) is the multiset of route-dependent memory records whose carrier transport, source-ledger attribution, or nonclaim flag is not declared. The stratum is empty iff every Hol entry has a typed carrier-route.",NOT_APPLICABLE_DEFINITION,"{""caveats"": [""FORMAL_OR_PROOF_ASSISTANT_COMPONENT_DISCLOSED""], ""declarations"": [], ""elaboration_status"": ""NOT_APPLICABLE_OR_NOT_RUN"", ""exact_conclusion_match"": null, ""exact_hypothesis_match"": null, ""lab_or_test_evidence"": [], ""modules"": [], ""source_files"": [], ""statement_delta"": [""No imported module family was assigned to this paper at Step-2 intake.""], ""status"": ""PAPER_DISCLOSED_ASSET_NOT_IMPORTED"", ""trust_base"": []}","[""CG25"", ""CG29""]"
P006-C0033,P006,definition,DEFINITION,source/papers/Tsiokos_2026_Audited_Operational_Realisability_A_Closure_Completion_Reflection_for_Carriers_with_Audit_Data.tex:L802-L808; derived/expanded/Tsiokos_2026_Audited_Operational_Realisability_A_Closure_Completion_Reflection_for_Carriers_with_Audit_Data.tex:L802-L808,"Sigma_ residual stratum: The residual defect stratum Sigma_ residual ( C) is the multiset of Schur-typed residuals on C , further decomposed by the thirteen residual types of . The stratum is empty iff every residual record carries a discharge status from the AOR-8 catalogue of .",NOT_APPLICABLE_DEFINITION,"{""caveats"": [""FORMAL_OR_PROOF_ASSISTANT_COMPONENT_DISCLOSED""], ""declarations"": [], ""elaboration_status"": ""NOT_APPLICABLE_OR_NOT_RUN"", ""exact_conclusion_match"": null, ""exact_hypothesis_match"": null, ""lab_or_test_evidence"": [], ""modules"": [], ""source_files"": [], ""statement_delta"": [""No imported module family was assigned to this paper at Step-2 intake.""], ""status"": ""PAPER_DISCLOSED_ASSET_NOT_IMPORTED"", ""trust_base"": []}","[""CG25"", ""CG29""]"
P006-C0034,P006,definition,DEFINITION,source/papers/Tsiokos_2026_Audited_Operational_Realisability_A_Closure_Completion_Reflection_for_Carriers_with_Audit_Data.tex:L810-L816; derived/expanded/Tsiokos_2026_Audited_Operational_Realisability_A_Closure_Completion_Reflection_for_Carriers_with_Audit_Data.tex:L810-L816,"Sigma_ nonclaim stratum: The nonclaim defect stratum Sigma_ nonclaim ( C) is the multiset of statements that the carrier needs to exclude (scope boundaries, blocked routes, blocked rewrites, deprecated claims) but that are not registered in NC . The stratum is empty iff every implicit nonclaim of the scope has an explicit entry.",NOT_APPLICABLE_DEFINITION,"{""caveats"": [""FORMAL_OR_PROOF_ASSISTANT_COMPONENT_DISCLOSED""], ""declarations"": [], ""elaboration_status"": ""NOT_APPLICABLE_OR_NOT_RUN"", ""exact_conclusion_match"": null, ""exact_hypothesis_match"": null, ""lab_or_test_evidence"": [], ""modules"": [], ""source_files"": [], ""statement_delta"": [""No imported module family was assigned to this paper at Step-2 intake.""], ""status"": ""PAPER_DISCLOSED_ASSET_NOT_IMPORTED"", ""trust_base"": []}","[""CG25"", ""CG29""]"
P006-C0035,P006,definition,DEFINITION,source/papers/Tsiokos_2026_Audited_Operational_Realisability_A_Closure_Completion_Reflection_for_Carriers_with_Audit_Data.tex:L818-L824; derived/expanded/Tsiokos_2026_Audited_Operational_Realisability_A_Closure_Completion_Reflection_for_Carriers_with_Audit_Data.tex:L818-L824,"Sigma_ meta stratum: The meta defect stratum Sigma_ meta ( C) is the multiset of meta-audit obligations (provenance trail, version pin, audit pass log, dispute resolution) that are not discharged in Meta . The stratum is empty iff every meta obligation has a typed audit record.",NOT_APPLICABLE_DEFINITION,"{""caveats"": [""FORMAL_OR_PROOF_ASSISTANT_COMPONENT_DISCLOSED""], ""declarations"": [], ""elaboration_status"": ""NOT_APPLICABLE_OR_NOT_RUN"", ""exact_conclusion_match"": null, ""exact_hypothesis_match"": null, ""lab_or_test_evidence"": [], ""modules"": [], ""source_files"": [], ""statement_delta"": [""No imported module family was assigned to this paper at Step-2 intake.""], ""status"": ""PAPER_DISCLOSED_ASSET_NOT_IMPORTED"", ""trust_base"": []}","[""CG25"", ""CG29""]"
P006-C0039,P006,definition,DEFINITION,source/papers/Tsiokos_2026_Audited_Operational_Realisability_A_Closure_Completion_Reflection_for_Carriers_with_Audit_Data.tex:L873-L884; derived/expanded/Tsiokos_2026_Audited_Operational_Realisability_A_Closure_Completion_Reflection_for_Carriers_with_Audit_Data.tex:L873-L884,"Thirteen residual types: The residual stratum Sigma_ residual is partitioned by thirteen disjoint residual types: Delta_ descent (legal-quotient descent failure), Delta_ transport (route map failure), Delta_ interface (bounded-interface failure), Delta_ local (local mismatch), Delta_ global (global mismatch), Delta_ presentation (normalization mismatch), Delta_ source (source-admission failure), Delta_ horizon (carrier-class horizon failure), Delta_ scale (stage-law failure), Delta_ limit (asymptotic failure), Delta_ sym (symmetry/equivariance failure), Delta_ role (role-typing failure), and Delta_ target (response-target failure). Every Sigma_ residual entry has a unique primary type from this list.",NOT_APPLICABLE_DEFINITION,"{""caveats"": [""FORMAL_OR_PROOF_ASSISTANT_COMPONENT_DISCLOSED""], ""declarations"": [], ""elaboration_status"": ""NOT_APPLICABLE_OR_NOT_RUN"", ""exact_conclusion_match"": null, ""exact_hypothesis_match"": null, ""lab_or_test_evidence"": [], ""modules"": [], ""source_files"": [], ""statement_delta"": [""No imported module family was assigned to this paper at Step-2 intake.""], ""status"": ""PAPER_DISCLOSED_ASSET_NOT_IMPORTED"", ""trust_base"": []}","[""CG25"", ""CG29""]"
P006-C0040,P006,definition,DEFINITION,source/papers/Tsiokos_2026_Audited_Operational_Realisability_A_Closure_Completion_Reflection_for_Carriers_with_Audit_Data.tex:L891-L899; derived/expanded/Tsiokos_2026_Audited_Operational_Realisability_A_Closure_Completion_Reflection_for_Carriers_with_Audit_Data.tex:L891-L899,"Residual partial order: The relation _ res on Sigma_ residual is generated by: (i) atom refinement, a _ res b when a is obtained from b by splitting along a finer probe family or stage; (ii) type inclusion, a _ res b when a has b 's primary type together with strictly more forced secondary types than b ; and (iii) componentwise products. It is a partial order on isomorphism classes of residual records.",NOT_APPLICABLE_DEFINITION,"{""caveats"": [""FORMAL_OR_PROOF_ASSISTANT_COMPONENT_DISCLOSED""], ""declarations"": [], ""elaboration_status"": ""NOT_APPLICABLE_OR_NOT_RUN"", ""exact_conclusion_match"": null, ""exact_hypothesis_match"": null, ""lab_or_test_evidence"": [], ""modules"": [], ""source_files"": [], ""statement_delta"": [""No imported module family was assigned to this paper at Step-2 intake.""], ""status"": ""PAPER_DISCLOSED_ASSET_NOT_IMPORTED"", ""trust_base"": []}","[""CG25"", ""CG29""]"
P006-C0041,P006,definition,DEFINITION,source/papers/Tsiokos_2026_Audited_Operational_Realisability_A_Closure_Completion_Reflection_for_Carriers_with_Audit_Data.tex:L901-L905; derived/expanded/Tsiokos_2026_Audited_Operational_Realisability_A_Closure_Completion_Reflection_for_Carriers_with_Audit_Data.tex:L901-L905,"Residual atom: A residual record a∈Sigma_ residual is an atom if it is minimal under _ res among non-empty records. Equivalently, a has a unique primary type and no proper non-empty refinement.",NOT_APPLICABLE_DEFINITION,"{""caveats"": [""FORMAL_OR_PROOF_ASSISTANT_COMPONENT_DISCLOSED""], ""declarations"": [], ""elaboration_status"": ""NOT_APPLICABLE_OR_NOT_RUN"", ""exact_conclusion_match"": null, ""exact_hypothesis_match"": null, ""lab_or_test_evidence"": [], ""modules"": [], ""source_files"": [], ""statement_delta"": [""No imported module family was assigned to this paper at Step-2 intake.""], ""status"": ""PAPER_DISCLOSED_ASSET_NOT_IMPORTED"", ""trust_base"": []}","[""CG25"", ""CG29""]"
P006-C0046,P006,definition,DEFINITION,source/papers/Tsiokos_2026_Audited_Operational_Realisability_A_Closure_Completion_Reflection_for_Carriers_with_Audit_Data.tex:L1022-L1032; derived/expanded/Tsiokos_2026_Audited_Operational_Realisability_A_Closure_Completion_Reflection_for_Carriers_with_Audit_Data.tex:L1022-L1032,"AOR-8 status catalogue: The AOR-8 status catalogue is the eleven-entry vocabulary of discharge statuses for Sigma_ residual records: zero, budgeted, bridged, hidden, moduli, selected, probabilistic, out_of_scope, nonclaim, blocked, approved_other. The asymptotic extensions ( ) add asymptotic_budgeted, summable, contractive, eventual_zero for limit-stage records.",NOT_APPLICABLE_DEFINITION,"{""caveats"": [""FORMAL_OR_PROOF_ASSISTANT_COMPONENT_DISCLOSED""], ""declarations"": [], ""elaboration_status"": ""NOT_APPLICABLE_OR_NOT_RUN"", ""exact_conclusion_match"": null, ""exact_hypothesis_match"": null, ""lab_or_test_evidence"": [], ""modules"": [], ""source_files"": [], ""statement_delta"": [""No imported module family was assigned to this paper at Step-2 intake.""], ""status"": ""PAPER_DISCLOSED_ASSET_NOT_IMPORTED"", ""trust_base"": []}","[""CG25"", ""CG29""]"
P006-C0048,P006,definition,DEFINITION,source/papers/Tsiokos_2026_Audited_Operational_Realisability_A_Closure_Completion_Reflection_for_Carriers_with_Audit_Data.tex:L1040-L1051; derived/expanded/Tsiokos_2026_Audited_Operational_Realisability_A_Closure_Completion_Reflection_for_Carriers_with_Audit_Data.tex:L1040-L1051,"Discharge record: A discharge record on a residual atom a∈Sigma_ residual is a triple (a,s,pi) with s an AOR-8 status (or asymptotic extension) and pi a typed witness payload appropriate to s : a positivity proof for zero; a finite budget bound for budgeted; a bridging carrier identifier for bridged; a moduli space pin for moduli; a selection rule for selected; a measure record for probabilistic; a scope reference for out_of_scope and nonclaim; a block reason for blocked; an external-record citation for approved_other; or an asymptotic-witness payload as appropriate.",NOT_APPLICABLE_DEFINITION,"{""caveats"": [""FORMAL_OR_PROOF_ASSISTANT_COMPONENT_DISCLOSED""], ""declarations"": [], ""elaboration_status"": ""NOT_APPLICABLE_OR_NOT_RUN"", ""exact_conclusion_match"": null, ""exact_hypothesis_match"": null, ""lab_or_test_evidence"": [], ""modules"": [], ""source_files"": [], ""statement_delta"": [""No imported module family was assigned to this paper at Step-2 intake.""], ""status"": ""PAPER_DISCLOSED_ASSET_NOT_IMPORTED"", ""trust_base"": []}","[""CG25"", ""CG29""]"
P006-C0049,P006,definition,DEFINITION,source/papers/Tsiokos_2026_Audited_Operational_Realisability_A_Closure_Completion_Reflection_for_Carriers_with_Audit_Data.tex:L1058-L1065; derived/expanded/Tsiokos_2026_Audited_Operational_Realisability_A_Closure_Completion_Reflection_for_Carriers_with_Audit_Data.tex:L1058-L1065,"Discharge witness: A discharge witness for a residual record r= _i a_i is a family (a_i,s_i,pi_i) of discharge records, one per atom in the decomposition of r . The witness closes r if every status s_i is a declared base AOR-8 status, or an asymptotic extension for a limit-stage residual atom, and every forced-secondary type of a_i also has a discharge record in the witness.",NOT_APPLICABLE_DEFINITION,"{""caveats"": [""FORMAL_OR_PROOF_ASSISTANT_COMPONENT_DISCLOSED""], ""declarations"": [], ""elaboration_status"": ""NOT_APPLICABLE_OR_NOT_RUN"", ""exact_conclusion_match"": null, ""exact_hypothesis_match"": null, ""lab_or_test_evidence"": [], ""modules"": [], ""source_files"": [], ""statement_delta"": [""No imported module family was assigned to this paper at Step-2 intake.""], ""status"": ""PAPER_DISCLOSED_ASSET_NOT_IMPORTED"", ""trust_base"": []}","[""CG25"", ""CG29""]"
P006-C0051,P006,definition,DEFINITION,source/papers/Tsiokos_2026_Audited_Operational_Realisability_A_Closure_Completion_Reflection_for_Carriers_with_Audit_Data.tex:L1083-L1091; derived/expanded/Tsiokos_2026_Audited_Operational_Realisability_A_Closure_Completion_Reflection_for_Carriers_with_Audit_Data.tex:L1083-L1091,"Cost record: For each pair (t,s) with t a residual type and s a status, the cost record Cost(t,s) is a finite multiset of (t',s') pairs called the downstream obligations generated by paying a t -atom with status s . Cost records are tabulated in the 143 -entry base cost table Cost:Types× Statuses→ P_ fin (Types× Statuses) .",NOT_APPLICABLE_DEFINITION,"{""caveats"": [""FORMAL_OR_PROOF_ASSISTANT_COMPONENT_DISCLOSED""], ""declarations"": [], ""elaboration_status"": ""NOT_APPLICABLE_OR_NOT_RUN"", ""exact_conclusion_match"": null, ""exact_hypothesis_match"": null, ""lab_or_test_evidence"": [], ""modules"": [], ""source_files"": [], ""statement_delta"": [""No imported module family was assigned to this paper at Step-2 intake.""], ""status"": ""PAPER_DISCLOSED_ASSET_NOT_IMPORTED"", ""trust_base"": []}","[""CG25"", ""CG29""]"
P006-C0052,P006,definition,DEFINITION,source/papers/Tsiokos_2026_Audited_Operational_Realisability_A_Closure_Completion_Reflection_for_Carriers_with_Audit_Data.tex:L1097-L1106; derived/expanded/Tsiokos_2026_Audited_Operational_Realisability_A_Closure_Completion_Reflection_for_Carriers_with_Audit_Data.tex:L1097-L1106,"Downstream operator: The downstream operator Down acts on a residual record r with discharge witness (a_i,s_i,pi_i) by Down(r,\ (a_i,s_i,pi_i)\ ) = _i Cost(type(a_i),s_i) viewed as a new residual record of fresh atoms to be statused.",NOT_APPLICABLE_DEFINITION,"{""caveats"": [""FORMAL_OR_PROOF_ASSISTANT_COMPONENT_DISCLOSED""], ""declarations"": [], ""elaboration_status"": ""NOT_APPLICABLE_OR_NOT_RUN"", ""exact_conclusion_match"": null, ""exact_hypothesis_match"": null, ""lab_or_test_evidence"": [], ""modules"": [], ""source_files"": [], ""statement_delta"": [""No imported module family was assigned to this paper at Step-2 intake.""], ""status"": ""PAPER_DISCLOSED_ASSET_NOT_IMPORTED"", ""trust_base"": []}","[""CG25"", ""CG29""]"
P006-C0053,P006,definition,DEFINITION,source/papers/Tsiokos_2026_Audited_Operational_Realisability_A_Closure_Completion_Reflection_for_Carriers_with_Audit_Data.tex:L1111-L1118; derived/expanded/Tsiokos_2026_Audited_Operational_Realisability_A_Closure_Completion_Reflection_for_Carriers_with_Audit_Data.tex:L1111-L1118,"Cost table: The cost table is the function Cost:Types×Statuses→ P_ fin (Types×Statuses) with 13 residual types and 11 base AOR-8 statuses, totalling 143 entries. Cost-free pairs (t,s) are exactly those with Cost(t,s)=∅ .",NOT_APPLICABLE_DEFINITION,"{""caveats"": [""FORMAL_OR_PROOF_ASSISTANT_COMPONENT_DISCLOSED""], ""declarations"": [], ""elaboration_status"": ""NOT_APPLICABLE_OR_NOT_RUN"", ""exact_conclusion_match"": null, ""exact_hypothesis_match"": null, ""lab_or_test_evidence"": [], ""modules"": [], ""source_files"": [], ""statement_delta"": [""No imported module family was assigned to this paper at Step-2 intake.""], ""status"": ""PAPER_DISCLOSED_ASSET_NOT_IMPORTED"", ""trust_base"": []}","[""CG25"", ""CG29""]"
P006-C0056,P006,definition,DEFINITION,source/papers/Tsiokos_2026_Audited_Operational_Realisability_A_Closure_Completion_Reflection_for_Carriers_with_Audit_Data.tex:L1232-L1238; derived/expanded/Tsiokos_2026_Audited_Operational_Realisability_A_Closure_Completion_Reflection_for_Carriers_with_Audit_Data.tex:L1232-L1238,"Cascade graph: The cascade graph of a residual record r is the bipartite labelled multigraph G(r) whose vertices are residual-record atoms and discharge witnesses (alternating layers), and whose edges record the downstream obligations produced by Down . Edges are weighted by their AOR-8 status.",NOT_APPLICABLE_DEFINITION,"{""caveats"": [""FORMAL_OR_PROOF_ASSISTANT_COMPONENT_DISCLOSED""], ""declarations"": [], ""elaboration_status"": ""NOT_APPLICABLE_OR_NOT_RUN"", ""exact_conclusion_match"": null, ""exact_hypothesis_match"": null, ""lab_or_test_evidence"": [], ""modules"": [], ""source_files"": [], ""statement_delta"": [""No imported module family was assigned to this paper at Step-2 intake.""], ""status"": ""PAPER_DISCLOSED_ASSET_NOT_IMPORTED"", ""trust_base"": []}","[""CG25"", ""CG29""]"
P006-C0061,P006,definition,DEFINITION,source/papers/Tsiokos_2026_Audited_Operational_Realisability_A_Closure_Completion_Reflection_for_Carriers_with_Audit_Data.tex:L1338-L1345; derived/expanded/Tsiokos_2026_Audited_Operational_Realisability_A_Closure_Completion_Reflection_for_Carriers_with_Audit_Data.tex:L1338-L1345,Cascade-stable AOR: A PreSB carrier C∈AOR_ S is cascade-stable if every residual record in Sigma_ residual ( C) admits a discharge witness whose cascade reaches the empty record in finitely many steps using only the base AOR-8 statuses ( ). The class of cascade-stable AOR carriers is denoted CascadeStableAOR_ S .,NOT_APPLICABLE_DEFINITION,"{""caveats"": [""FORMAL_OR_PROOF_ASSISTANT_COMPONENT_DISCLOSED""], ""declarations"": [], ""elaboration_status"": ""NOT_APPLICABLE_OR_NOT_RUN"", ""exact_conclusion_match"": null, ""exact_hypothesis_match"": null, ""lab_or_test_evidence"": [], ""modules"": [], ""source_files"": [], ""statement_delta"": [""No imported module family was assigned to this paper at Step-2 intake.""], ""status"": ""PAPER_DISCLOSED_ASSET_NOT_IMPORTED"", ""trust_base"": []}","[""CG25"", ""CG29""]"
P006-C0063,P006,definition,DEFINITION,source/papers/Tsiokos_2026_Audited_Operational_Realisability_A_Closure_Completion_Reflection_for_Carriers_with_Audit_Data.tex:L1392-L1399; derived/expanded/Tsiokos_2026_Audited_Operational_Realisability_A_Closure_Completion_Reflection_for_Carriers_with_Audit_Data.tex:L1392-L1399,"Refinement morphism: A refinement morphism rho: C→ C' between two PreSB carriers is a PreSB morphism that additionally records, for each field, whether it is an A1–A6 refinement step ( ). Refinement morphisms compose and have identities. The category RefPreSB_ S has PreSB carriers as objects and refinement morphisms as arrows.",NOT_APPLICABLE_DEFINITION,"{""caveats"": [""FORMAL_OR_PROOF_ASSISTANT_COMPONENT_DISCLOSED""], ""declarations"": [], ""elaboration_status"": ""NOT_APPLICABLE_OR_NOT_RUN"", ""exact_conclusion_match"": null, ""exact_hypothesis_match"": null, ""lab_or_test_evidence"": [], ""modules"": [], ""source_files"": [], ""statement_delta"": [""No imported module family was assigned to this paper at Step-2 intake.""], ""status"": ""PAPER_DISCLOSED_ASSET_NOT_IMPORTED"", ""trust_base"": []}","[""CG25"", ""CG29""]"
P006-C0064,P006,definition,DEFINITION,source/papers/Tsiokos_2026_Audited_Operational_Realisability_A_Closure_Completion_Reflection_for_Carriers_with_Audit_Data.tex:L1405-L1421; derived/expanded/Tsiokos_2026_Audited_Operational_Realisability_A_Closure_Completion_Reflection_for_Carriers_with_Audit_Data.tex:L1405-L1421,"Six refinement kinds: A refinement morphism's per-field annotations belong to one of six disjoint kinds: A1 scope expansion (enlarging S within a fixed scope chain); A2 record-field expansion (adding admissible records to one of the registries); A3 stage / refinement-axis growth (extending Stage by a new stage); A4 constraint tightening (replacing a constraint by a strictly stronger one); A5 morphism strengthening (replacing a morphism by a refinement of itself); A6 carrier (probe / target) refinement (replacing (H,q,Q) or a probe/target family by a finer version, with a declared projection map).",NOT_APPLICABLE_DEFINITION,"{""caveats"": [""FORMAL_OR_PROOF_ASSISTANT_COMPONENT_DISCLOSED""], ""declarations"": [], ""elaboration_status"": ""NOT_APPLICABLE_OR_NOT_RUN"", ""exact_conclusion_match"": null, ""exact_hypothesis_match"": null, ""lab_or_test_evidence"": [], ""modules"": [], ""source_files"": [], ""statement_delta"": [""No imported module family was assigned to this paper at Step-2 intake.""], ""status"": ""PAPER_DISCLOSED_ASSET_NOT_IMPORTED"", ""trust_base"": []}","[""CG25"", ""CG29""]"
P006-C0065,P006,definition,DEFINITION,source/papers/Tsiokos_2026_Audited_Operational_Realisability_A_Closure_Completion_Reflection_for_Carriers_with_Audit_Data.tex:L1429-L1434; derived/expanded/Tsiokos_2026_Audited_Operational_Realisability_A_Closure_Completion_Reflection_for_Carriers_with_Audit_Data.tex:L1429-L1434,RefPreSB category: The category RefPreSB_ S is the full category of PreSB carriers of scope S with refinement morphisms. A refinement chain is a directed diagram in RefPreSB_ S indexed by a directed poset.,NOT_APPLICABLE_DEFINITION,"{""caveats"": [""FORMAL_OR_PROOF_ASSISTANT_COMPONENT_DISCLOSED""], ""declarations"": [], ""elaboration_status"": ""NOT_APPLICABLE_OR_NOT_RUN"", ""exact_conclusion_match"": null, ""exact_hypothesis_match"": null, ""lab_or_test_evidence"": [], ""modules"": [], ""source_files"": [], ""statement_delta"": [""No imported module family was assigned to this paper at Step-2 intake.""], ""status"": ""PAPER_DISCLOSED_ASSET_NOT_IMPORTED"", ""trust_base"": []}","[""CG25"", ""CG29""]"
P006-C0067,P006,definition,DEFINITION,source/papers/Tsiokos_2026_Audited_Operational_Realisability_A_Closure_Completion_Reflection_for_Carriers_with_Audit_Data.tex:L1466-L1479; derived/expanded/Tsiokos_2026_Audited_Operational_Realisability_A_Closure_Completion_Reflection_for_Carriers_with_Audit_Data.tex:L1466-L1479,"Asymptotic statuses: For a residual atom a of a colimit object C_∈fty=colim_j C_j , the asymptotic statuses extending AOR-8 are: asymptotic_budgeted (there exists a uniform finite budget B and a tail index J_0 with the per-stage cost bounded by B for all j J_0 ); summable (the per-stage costs are summable across the directed chain); contractive (the per-stage cost ratios tend to a constant strictly less than 1 ); eventual_zero (the per-stage cost is zero for all j J_0 for some tail index J_0 ).",NOT_APPLICABLE_DEFINITION,"{""caveats"": [""FORMAL_OR_PROOF_ASSISTANT_COMPONENT_DISCLOSED""], ""declarations"": [], ""elaboration_status"": ""NOT_APPLICABLE_OR_NOT_RUN"", ""exact_conclusion_match"": null, ""exact_hypothesis_match"": null, ""lab_or_test_evidence"": [], ""modules"": [], ""source_files"": [], ""statement_delta"": [""No imported module family was assigned to this paper at Step-2 intake.""], ""status"": ""PAPER_DISCLOSED_ASSET_NOT_IMPORTED"", ""trust_base"": []}","[""CG25"", ""CG29""]"
P006-C0069,P006,definition,DEFINITION,source/papers/Tsiokos_2026_Audited_Operational_Realisability_A_Closure_Completion_Reflection_for_Carriers_with_Audit_Data.tex:L1526-L1533; derived/expanded/Tsiokos_2026_Audited_Operational_Realisability_A_Closure_Completion_Reflection_for_Carriers_with_Audit_Data.tex:L1526-L1533,Refinement-stable AOR: A PreSB carrier C∈AOR_ S is refinement-stable if AOR-membership is preserved by every refinement morphism into C and by every directed colimit of refinement chains terminating at C . The class of refinement-stable AOR carriers is denoted RefStableAOR_ S .,NOT_APPLICABLE_DEFINITION,"{""caveats"": [""FORMAL_OR_PROOF_ASSISTANT_COMPONENT_DISCLOSED""], ""declarations"": [], ""elaboration_status"": ""NOT_APPLICABLE_OR_NOT_RUN"", ""exact_conclusion_match"": null, ""exact_hypothesis_match"": null, ""lab_or_test_evidence"": [], ""modules"": [], ""source_files"": [], ""statement_delta"": [""No imported module family was assigned to this paper at Step-2 intake.""], ""status"": ""PAPER_DISCLOSED_ASSET_NOT_IMPORTED"", ""trust_base"": []}","[""CG25"", ""CG29""]"
P006-C0084,P006,prose_definition,PROSE_DEFINITION_SECTION,source/papers/Tsiokos_2026_Audited_Operational_Realisability_A_Closure_Completion_Reflection_for_Carriers_with_Audit_Data.tex:L1831-L1838; derived/expanded/Tsiokos_2026_Audited_Operational_Realisability_A_Closure_Completion_Reflection_for_Carriers_with_Audit_Data.tex:L1831-L1838,Definitions and gate predicates: This appendix collects the recurring AOR vocabulary used in the body. It does not restate the formal definitions; each entry gives a short reminder and points back to the body location where the term is introduced.,NAMED_SOURCE_SECTION_ARGUMENT,"{""caveats"": [""FORMAL_OR_PROOF_ASSISTANT_COMPONENT_DISCLOSED""], ""declarations"": [], ""elaboration_status"": ""NOT_APPLICABLE_OR_NOT_RUN"", ""exact_conclusion_match"": null, ""exact_hypothesis_match"": null, ""lab_or_test_evidence"": [], ""modules"": [], ""source_files"": [], ""statement_delta"": [""No imported module family was assigned to this paper at Step-2 intake.""], ""status"": ""PAPER_DISCLOSED_ASSET_NOT_IMPORTED"", ""trust_base"": []}","[""CG25"", ""CG29""]"
P006-C0085,P006,prose_definition,PROSE_DEFINITION_SECTION,source/papers/Tsiokos_2026_Audited_Operational_Realisability_A_Closure_Completion_Reflection_for_Carriers_with_Audit_Data.tex:L1838-L1971; derived/expanded/Tsiokos_2026_Audited_Operational_Realisability_A_Closure_Completion_Reflection_for_Carriers_with_Audit_Data.tex:L1838-L1971,"Definitions: [style=nextline] A typed carrier together with its audit data: quotient, audit form, record registries, stages, observations, constraints, rewrites, holonomy, residuals, statuses, nonclaims, and meta-audits. See . The declaration of the carrier class, source ledger, interface family, and route registry inside which audit closure is evaluated. See .",NAMED_SOURCE_SECTION_ARGUMENT,"{""caveats"": [""FORMAL_OR_PROOF_ASSISTANT_COMPONENT_DISCLOSED""], ""declarations"": [], ""elaboration_status"": ""NOT_APPLICABLE_OR_NOT_RUN"", ""exact_conclusion_match"": null, ""exact_hypothesis_match"": null, ""lab_or_test_evidence"": [], ""modules"": [], ""source_files"": [], ""statement_delta"": [""No imported module family was assigned to this paper at Step-2 intake.""], ""status"": ""PAPER_DISCLOSED_ASSET_NOT_IMPORTED"", ""trust_base"": []}","[""CG25"", ""CG29""]"
P034-C0006,P034,prose_definition,PROSE_DEFINITION,source/papers/Tsiokos_2026_Six_Birds_for_Incompleteness_Fixed_Packages_Package_Change_and_Conditional_Arithmetic_Lift.tex:L185-L194; derived/expanded/Tsiokos_2026_Six_Birds_for_Incompleteness_Fixed_Packages_Package_Change_and_Conditional_Arithmetic_Lift.tex:L185-L194,"Definition (closure package). A closure package is a pair pkg=(X,op) where op: X→ X is idempotent: op(op(x))=op(x) for all x∈ X. The package is the theorem-track realization of the fixed P5 object. When the package is held fixed, repeated application of op remains inside the same closure regime.",PROSE_STATUS_OR_ARGUMENT_RECORD,"{""caveats"": [""IN_HOUSE_LEAN_LADDER_PLUS_CONDITIONAL_EXTERNAL_CONTRACT""], ""declarations"": [""closure_idempotent""], ""elaboration_status"": ""STATIC_INDEX_AND_IMPORT_RESOLUTION_ONLY; LOCAL_LEAN_KERNEL_NOT_RUN"", ""exact_conclusion_match"": null, ""exact_hypothesis_match"": null, ""lab_or_test_evidence"": [], ""modules"": [""ClosureLadder.Basic""], ""source_files"": [""formalization/foundations_vi_scaffold/lean/vendor/foundations/six-birds-theory/formal/ClosureLadder/Basic.lean""], ""statement_delta"": [""Lexical/declaration-name alignment only; exact parameters, hypotheses, and conclusions were not certified equivalent."", ""Candidate scores: closure_idempotent=0.505""], ""status"": ""PLAUSIBLE_IMPORTED_MATCH_REQUIRES_STATEMENT_REVIEW"", ""trust_base"": []}","[""CG01"", ""CG03"", ""CG22"", ""CG29""]"
P034-C0007,P034,prose_definition,PROSE_DEFINITION_SECTION,source/papers/Tsiokos_2026_Six_Birds_for_Incompleteness_Fixed_Packages_Package_Change_and_Conditional_Arithmetic_Lift.tex:L185-L196; derived/expanded/Tsiokos_2026_Six_Birds_for_Incompleteness_Fixed_Packages_Package_Change_and_Conditional_Arithmetic_Lift.tex:L185-L196,"Definition (closure package).: A closure package is a pair pkg=(X,op) where op: X→ X is idempotent: op(op(x))=op(x) for all x∈ X. The package is the theorem-track realization of the fixed P5 object. When the package is held fixed, repeated application of op remains inside the same closure regime.",NAMED_SOURCE_SECTION_ARGUMENT,"{""caveats"": [""IN_HOUSE_LEAN_LADDER_PLUS_CONDITIONAL_EXTERNAL_CONTRACT""], ""declarations"": [""closure_idempotent""], ""elaboration_status"": ""STATIC_INDEX_AND_IMPORT_RESOLUTION_ONLY; LOCAL_LEAN_KERNEL_NOT_RUN"", ""exact_conclusion_match"": null, ""exact_hypothesis_match"": null, ""lab_or_test_evidence"": [], ""modules"": [""ClosureLadder.Basic""], ""source_files"": [""formalization/foundations_vi_scaffold/lean/vendor/foundations/six-birds-theory/formal/ClosureLadder/Basic.lean""], ""statement_delta"": [""Lexical/declaration-name alignment only; exact parameters, hypotheses, and conclusions were not certified equivalent."", ""Candidate scores: closure_idempotent=0.505""], ""status"": ""PLAUSIBLE_IMPORTED_MATCH_REQUIRES_STATEMENT_REVIEW"", ""trust_base"": []}","[""CG01"", ""CG03"", ""CG22"", ""CG29""]"
P034-C0008,P034,prose_definition,PROSE_DEFINITION,source/papers/Tsiokos_2026_Six_Birds_for_Incompleteness_Fixed_Packages_Package_Change_and_Conditional_Arithmetic_Lift.tex:L196-L201; derived/expanded/Tsiokos_2026_Six_Birds_for_Incompleteness_Fixed_Packages_Package_Change_and_Conditional_Arithmetic_Lift.tex:L196-L201,"Definition (persistent growth witness). Let pkg=(X,op) be a closure package. A point x∈ X is a persistent growth witness for pkg if there exists n 1 such that op^ [n+1] (x)≠ op^ [n] (x), where op^ [m] denotes the m -fold iterate of op .",PROSE_STATUS_OR_ARGUMENT_RECORD,"{""caveats"": [""IN_HOUSE_LEAN_LADDER_PLUS_CONDITIONAL_EXTERNAL_CONTRACT""], ""declarations"": [], ""elaboration_status"": ""NOT_APPLICABLE_OR_NOT_RUN"", ""exact_conclusion_match"": null, ""exact_hypothesis_match"": null, ""lab_or_test_evidence"": [], ""modules"": [], ""source_files"": [], ""statement_delta"": [""Imported module family exists, but no plausible declaration-name match passed the conservative threshold.""], ""status"": ""NO_MATCH"", ""trust_base"": []}","[""CG01"", ""CG03"", ""CG22"", ""CG29""]"
P034-C0009,P034,prose_definition,PROSE_DEFINITION_SECTION,source/papers/Tsiokos_2026_Six_Birds_for_Incompleteness_Fixed_Packages_Package_Change_and_Conditional_Arithmetic_Lift.tex:L196-L205; derived/expanded/Tsiokos_2026_Six_Birds_for_Incompleteness_Fixed_Packages_Package_Change_and_Conditional_Arithmetic_Lift.tex:L196-L205,"Definition (persistent growth witness).: Let pkg=(X,op) be a closure package. A point x∈ X is a persistent growth witness for pkg if there exists n 1 such that op^ [n+1] (x)≠ op^ [n] (x), where op^ [m] denotes the m -fold iterate of op . This is the internal notion of strict growth used in the base and bridge theorems. It is deliberately narrow: it asks only whether self-iteration of a fixed package continues to create genuinely new stages.",NAMED_SOURCE_SECTION_ARGUMENT,"{""caveats"": [""IN_HOUSE_LEAN_LADDER_PLUS_CONDITIONAL_EXTERNAL_CONTRACT""], ""declarations"": [], ""elaboration_status"": ""NOT_APPLICABLE_OR_NOT_RUN"", ""exact_conclusion_match"": null, ""exact_hypothesis_match"": null, ""lab_or_test_evidence"": [], ""modules"": [], ""source_files"": [], ""statement_delta"": [""Imported module family exists, but no plausible declaration-name match passed the conservative threshold.""], ""status"": ""NO_MATCH"", ""trust_base"": []}","[""CG01"", ""CG03"", ""CG22"", ""CG29""]"
P034-C0010,P034,prose_definition,PROSE_DEFINITION,source/papers/Tsiokos_2026_Six_Birds_for_Incompleteness_Fixed_Packages_Package_Change_and_Conditional_Arithmetic_Lift.tex:L205-L218; derived/expanded/Tsiokos_2026_Six_Birds_for_Incompleteness_Fixed_Packages_Package_Change_and_Conditional_Arithmetic_Lift.tex:L205-L218,"Definition (package change). Given two closure packages pkg=(X,op), pkg'=(X,op'), a package change from pkg to pkg' is any replacement for which op≠ op' as endomaps on X . A package-change witness is a point x∈ X such that op(x)≠ op'(x). The present paper does not formalize the full internal mechanics of such changes. Instead it records the structural fact that genuine strict growth cannot be attributed to a fixed package once idempotent saturation has been proved. Package change is therefore the theorem-track locus at which P1/P2 enter.",PROSE_STATUS_OR_ARGUMENT_RECORD,"{""caveats"": [""IN_HOUSE_LEAN_LADDER_PLUS_CONDITIONAL_EXTERNAL_CONTRACT""], ""declarations"": [""closure_idempotent""], ""elaboration_status"": ""STATIC_INDEX_AND_IMPORT_RESOLUTION_ONLY; LOCAL_LEAN_KERNEL_NOT_RUN"", ""exact_conclusion_match"": null, ""exact_hypothesis_match"": null, ""lab_or_test_evidence"": [], ""modules"": [""ClosureLadder.Basic""], ""source_files"": [""formalization/foundations_vi_scaffold/lean/vendor/foundations/six-birds-theory/formal/ClosureLadder/Basic.lean""], ""statement_delta"": [""Lexical/declaration-name alignment only; exact parameters, hypotheses, and conclusions were not certified equivalent."", ""Candidate scores: closure_idempotent=0.476""], ""status"": ""PLAUSIBLE_IMPORTED_MATCH_REQUIRES_STATEMENT_REVIEW"", ""trust_base"": []}","[""CG01"", ""CG03"", ""CG22"", ""CG29""]"
P034-C0011,P034,prose_definition,PROSE_DEFINITION_SECTION,source/papers/Tsiokos_2026_Six_Birds_for_Incompleteness_Fixed_Packages_Package_Change_and_Conditional_Arithmetic_Lift.tex:L205-L220; derived/expanded/Tsiokos_2026_Six_Birds_for_Incompleteness_Fixed_Packages_Package_Change_and_Conditional_Arithmetic_Lift.tex:L205-L220,"Definition (package change).: Given two closure packages pkg=(X,op), pkg'=(X,op'), a package change from pkg to pkg' is any replacement for which op≠ op' as endomaps on X . A package-change witness is a point x∈ X such that op(x)≠ op'(x). The present paper does not formalize the full internal mechanics of such changes. Instead it records the structural fact that genuine strict growth cannot be attributed to a fixed package once idempotent saturation has been proved. Package change is therefore the theorem-track locus at which P1/P2 enter.",NAMED_SOURCE_SECTION_ARGUMENT,"{""caveats"": [""IN_HOUSE_LEAN_LADDER_PLUS_CONDITIONAL_EXTERNAL_CONTRACT""], ""declarations"": [""closure_idempotent""], ""elaboration_status"": ""STATIC_INDEX_AND_IMPORT_RESOLUTION_ONLY; LOCAL_LEAN_KERNEL_NOT_RUN"", ""exact_conclusion_match"": null, ""exact_hypothesis_match"": null, ""lab_or_test_evidence"": [], ""modules"": [""ClosureLadder.Basic""], ""source_files"": [""formalization/foundations_vi_scaffold/lean/vendor/foundations/six-birds-theory/formal/ClosureLadder/Basic.lean""], ""statement_delta"": [""Lexical/declaration-name alignment only; exact parameters, hypotheses, and conclusions were not certified equivalent."", ""Candidate scores: closure_idempotent=0.476""], ""status"": ""PLAUSIBLE_IMPORTED_MATCH_REQUIRES_STATEMENT_REVIEW"", ""trust_base"": []}","[""CG01"", ""CG03"", ""CG22"", ""CG29""]"
P034-C0012,P034,prose_definition,PROSE_DEFINITION,source/papers/Tsiokos_2026_Six_Birds_for_Incompleteness_Fixed_Packages_Package_Change_and_Conditional_Arithmetic_Lift.tex:L224-L238; derived/expanded/Tsiokos_2026_Six_Birds_for_Incompleteness_Fixed_Packages_Package_Change_and_Conditional_Arithmetic_Lift.tex:L224-L238,"Definition (frozen slice). A frozen slice s on E consists of: s=(Y_s,K_s,C_s), where Y_s : E→ R, K_s : E→ R, and C_s ⊆ X. Here Y_s is the yield functional, K_s is the cost functional, and C_s is the support cone of the slice. The frozen slice is the theorem-track realization of the P6 evaluation ledger together with the P4 support axis that specifies where representative comparison matters.",PROSE_STATUS_OR_ARGUMENT_RECORD,"{""caveats"": [""IN_HOUSE_LEAN_LADDER_PLUS_CONDITIONAL_EXTERNAL_CONTRACT""], ""declarations"": [], ""elaboration_status"": ""NOT_APPLICABLE_OR_NOT_RUN"", ""exact_conclusion_match"": null, ""exact_hypothesis_match"": null, ""lab_or_test_evidence"": [], ""modules"": [], ""source_files"": [], ""statement_delta"": [""Imported module family exists, but no plausible declaration-name match passed the conservative threshold.""], ""status"": ""NO_MATCH"", ""trust_base"": []}","[""CG01"", ""CG03"", ""CG22"", ""CG29""]"
P034-C0013,P034,prose_definition,PROSE_DEFINITION_SECTION,source/papers/Tsiokos_2026_Six_Birds_for_Incompleteness_Fixed_Packages_Package_Change_and_Conditional_Arithmetic_Lift.tex:L224-L240; derived/expanded/Tsiokos_2026_Six_Birds_for_Incompleteness_Fixed_Packages_Package_Change_and_Conditional_Arithmetic_Lift.tex:L224-L240,"Definition (frozen slice).: A frozen slice s on E consists of: s=(Y_s,K_s,C_s), where Y_s : E→ R, K_s : E→ R, and C_s ⊆ X. Here Y_s is the yield functional, K_s is the cost functional, and C_s is the support cone of the slice. The frozen slice is the theorem-track realization of the P6 evaluation ledger together with the P4 support axis that specifies where representative comparison matters.",NAMED_SOURCE_SECTION_ARGUMENT,"{""caveats"": [""IN_HOUSE_LEAN_LADDER_PLUS_CONDITIONAL_EXTERNAL_CONTRACT""], ""declarations"": [], ""elaboration_status"": ""NOT_APPLICABLE_OR_NOT_RUN"", ""exact_conclusion_match"": null, ""exact_hypothesis_match"": null, ""lab_or_test_evidence"": [], ""modules"": [], ""source_files"": [], ""statement_delta"": [""Imported module family exists, but no plausible declaration-name match passed the conservative threshold.""], ""status"": ""NO_MATCH"", ""trust_base"": []}","[""CG01"", ""CG03"", ""CG22"", ""CG29""]"
P034-C0014,P034,prose_definition,PROSE_DEFINITION,source/papers/Tsiokos_2026_Six_Birds_for_Incompleteness_Fixed_Packages_Package_Change_and_Conditional_Arithmetic_Lift.tex:L240-L245; derived/expanded/Tsiokos_2026_Six_Birds_for_Incompleteness_Fixed_Packages_Package_Change_and_Conditional_Arithmetic_Lift.tex:L240-L245,Definition (comparison domain). A comparison domain is a subset D⊆ E of operators admissible for comparison on the frozen slice s . The paper keeps D explicit because efficiency claims are always relative both to a ledger and to a chosen admissible domain.,PROSE_STATUS_OR_ARGUMENT_RECORD,"{""caveats"": [""IN_HOUSE_LEAN_LADDER_PLUS_CONDITIONAL_EXTERNAL_CONTRACT""], ""declarations"": [], ""elaboration_status"": ""NOT_APPLICABLE_OR_NOT_RUN"", ""exact_conclusion_match"": null, ""exact_hypothesis_match"": null, ""lab_or_test_evidence"": [], ""modules"": [], ""source_files"": [], ""statement_delta"": [""Imported module family exists, but no plausible declaration-name match passed the conservative threshold.""], ""status"": ""NO_MATCH"", ""trust_base"": []}","[""CG01"", ""CG03"", ""CG22"", ""CG29""]"
P034-C0015,P034,prose_definition,PROSE_DEFINITION_SECTION,source/papers/Tsiokos_2026_Six_Birds_for_Incompleteness_Fixed_Packages_Package_Change_and_Conditional_Arithmetic_Lift.tex:L240-L247; derived/expanded/Tsiokos_2026_Six_Birds_for_Incompleteness_Fixed_Packages_Package_Change_and_Conditional_Arithmetic_Lift.tex:L240-L247,Definition (comparison domain).: A comparison domain is a subset D⊆ E of operators admissible for comparison on the frozen slice s . The paper keeps D explicit because efficiency claims are always relative both to a ledger and to a chosen admissible domain.,NAMED_SOURCE_SECTION_ARGUMENT,"{""caveats"": [""IN_HOUSE_LEAN_LADDER_PLUS_CONDITIONAL_EXTERNAL_CONTRACT""], ""declarations"": [], ""elaboration_status"": ""NOT_APPLICABLE_OR_NOT_RUN"", ""exact_conclusion_match"": null, ""exact_hypothesis_match"": null, ""lab_or_test_evidence"": [], ""modules"": [], ""source_files"": [], ""statement_delta"": [""Imported module family exists, but no plausible declaration-name match passed the conservative threshold.""], ""status"": ""NO_MATCH"", ""trust_base"": []}","[""CG01"", ""CG03"", ""CG22"", ""CG29""]"
P034-C0016,P034,prose_definition,PROSE_DEFINITION,source/papers/Tsiokos_2026_Six_Birds_for_Incompleteness_Fixed_Packages_Package_Change_and_Conditional_Arithmetic_Lift.tex:L247-L256; derived/expanded/Tsiokos_2026_Six_Birds_for_Incompleteness_Fixed_Packages_Package_Change_and_Conditional_Arithmetic_Lift.tex:L247-L256,"Definition (frontier dominance). Let s=(Y_s,K_s,C_s) be a frozen slice and let e,f∈ D . One says that e dominates f on s , written FrontierDominates_s(e,f), if Y_s(e) Y_s(f), K_s(e) K_s(f), and at least one of these inequalities is strict.",PROSE_STATUS_OR_ARGUMENT_RECORD,"{""caveats"": [""IN_HOUSE_LEAN_LADDER_PLUS_CONDITIONAL_EXTERNAL_CONTRACT""], ""declarations"": [], ""elaboration_status"": ""NOT_APPLICABLE_OR_NOT_RUN"", ""exact_conclusion_match"": null, ""exact_hypothesis_match"": null, ""lab_or_test_evidence"": [], ""modules"": [], ""source_files"": [], ""statement_delta"": [""Imported module family exists, but no plausible declaration-name match passed the conservative threshold.""], ""status"": ""NO_MATCH"", ""trust_base"": []}","[""CG01"", ""CG03"", ""CG22"", ""CG29""]"
P034-C0017,P034,prose_definition,PROSE_DEFINITION,source/papers/Tsiokos_2026_Six_Birds_for_Incompleteness_Fixed_Packages_Package_Change_and_Conditional_Arithmetic_Lift.tex:L258-L263; derived/expanded/Tsiokos_2026_Six_Birds_for_Incompleteness_Fixed_Packages_Package_Change_and_Conditional_Arithmetic_Lift.tex:L258-L263,"Definition (frontier efficiency). An operator e∈ D is frontier-efficient on the frozen slice s , written FrontierEfficient_ s,D (e), if there is no g∈ D such that FrontierDominates_s(g,e) .",PROSE_STATUS_OR_ARGUMENT_RECORD,"{""caveats"": [""IN_HOUSE_LEAN_LADDER_PLUS_CONDITIONAL_EXTERNAL_CONTRACT""], ""declarations"": [], ""elaboration_status"": ""NOT_APPLICABLE_OR_NOT_RUN"", ""exact_conclusion_match"": null, ""exact_hypothesis_match"": null, ""lab_or_test_evidence"": [], ""modules"": [], ""source_files"": [], ""statement_delta"": [""Imported module family exists, but no plausible declaration-name match passed the conservative threshold.""], ""status"": ""NO_MATCH"", ""trust_base"": []}","[""CG01"", ""CG03"", ""CG22"", ""CG29""]"
P034-C0018,P034,prose_definition,PROSE_DEFINITION_SECTION,source/papers/Tsiokos_2026_Six_Birds_for_Incompleteness_Fixed_Packages_Package_Change_and_Conditional_Arithmetic_Lift.tex:L258-L267; derived/expanded/Tsiokos_2026_Six_Birds_for_Incompleteness_Fixed_Packages_Package_Change_and_Conditional_Arithmetic_Lift.tex:L258-L267,"Definition (frontier efficiency).: An operator e∈ D is frontier-efficient on the frozen slice s , written FrontierEfficient_ s,D (e), if there is no g∈ D such that FrontierDominates_s(g,e) . These definitions give body-level mathematical form to the dominance and efficiency objects that were previously discussed mostly in prose. Their purpose is not to settle which ledger is the right one in general, but to make clear that all comparison in the paper occurs only after such a ledger has been fixed.",NAMED_SOURCE_SECTION_ARGUMENT,"{""caveats"": [""IN_HOUSE_LEAN_LADDER_PLUS_CONDITIONAL_EXTERNAL_CONTRACT""], ""declarations"": [], ""elaboration_status"": ""NOT_APPLICABLE_OR_NOT_RUN"", ""exact_conclusion_match"": null, ""exact_hypothesis_match"": null, ""lab_or_test_evidence"": [], ""modules"": [], ""source_files"": [], ""statement_delta"": [""Imported module family exists, but no plausible declaration-name match passed the conservative threshold.""], ""status"": ""NO_MATCH"", ""trust_base"": []}","[""CG01"", ""CG03"", ""CG22"", ""CG29""]"
P034-C0019,P034,prose_definition,PROSE_DEFINITION,source/papers/Tsiokos_2026_Six_Birds_for_Incompleteness_Fixed_Packages_Package_Change_and_Conditional_Arithmetic_Lift.tex:L271-L279; derived/expanded/Tsiokos_2026_Six_Birds_for_Incompleteness_Fixed_Packages_Package_Change_and_Conditional_Arithmetic_Lift.tex:L271-L279,"Definition (agreement on a cone). Let C⊆ X , and let e,f∈ E . One says that e and f agree on the cone C , written AgreeOnCone_C(e,f), if e(x)=f(x) for all x∈ C.",PROSE_STATUS_OR_ARGUMENT_RECORD,"{""caveats"": [""IN_HOUSE_LEAN_LADDER_PLUS_CONDITIONAL_EXTERNAL_CONTRACT""], ""declarations"": [], ""elaboration_status"": ""NOT_APPLICABLE_OR_NOT_RUN"", ""exact_conclusion_match"": null, ""exact_hypothesis_match"": null, ""lab_or_test_evidence"": [], ""modules"": [], ""source_files"": [], ""statement_delta"": [""Imported module family exists, but no plausible declaration-name match passed the conservative threshold.""], ""status"": ""NO_MATCH"", ""trust_base"": []}","[""CG01"", ""CG03"", ""CG22"", ""CG29""]"
P034-C0020,P034,prose_definition,PROSE_DEFINITION,source/papers/Tsiokos_2026_Six_Birds_for_Incompleteness_Fixed_Packages_Package_Change_and_Conditional_Arithmetic_Lift.tex:L281-L288; derived/expanded/Tsiokos_2026_Six_Birds_for_Incompleteness_Fixed_Packages_Package_Change_and_Conditional_Arithmetic_Lift.tex:L281-L288,"Definition (slice invariance on a cone). A frozen slice s=(Y_s,K_s,C_s) is invariant on its cone if for all e,f∈ E , AgreeOnCone_ C_s (e,f) implies Y_s(e)=Y_s(f)\ and \ K_s(e)=K_s(f). This is the theorem-track content of SliceInvariantOnCone . It says that the ledger carried by the slice does not distinguish operators that coincide on the support region the slice itself tracks.",PROSE_STATUS_OR_ARGUMENT_RECORD,"{""caveats"": [""IN_HOUSE_LEAN_LADDER_PLUS_CONDITIONAL_EXTERNAL_CONTRACT""], ""declarations"": [], ""elaboration_status"": ""NOT_APPLICABLE_OR_NOT_RUN"", ""exact_conclusion_match"": null, ""exact_hypothesis_match"": null, ""lab_or_test_evidence"": [], ""modules"": [], ""source_files"": [], ""statement_delta"": [""Imported module family exists, but no plausible declaration-name match passed the conservative threshold.""], ""status"": ""NO_MATCH"", ""trust_base"": []}","[""CG01"", ""CG03"", ""CG22"", ""CG29""]"
P034-C0021,P034,prose_definition,PROSE_DEFINITION_SECTION,source/papers/Tsiokos_2026_Six_Birds_for_Incompleteness_Fixed_Packages_Package_Change_and_Conditional_Arithmetic_Lift.tex:L281-L292; derived/expanded/Tsiokos_2026_Six_Birds_for_Incompleteness_Fixed_Packages_Package_Change_and_Conditional_Arithmetic_Lift.tex:L281-L292,"Definition (slice invariance on a cone).: A frozen slice s=(Y_s,K_s,C_s) is invariant on its cone if for all e,f∈ E , AgreeOnCone_ C_s (e,f) implies Y_s(e)=Y_s(f)\ and \ K_s(e)=K_s(f). This is the theorem-track content of SliceInvariantOnCone . It says that the ledger carried by the slice does not distinguish operators that coincide on the support region the slice itself tracks. The role split is now visible at body level. The cone is not a mechanism of package change. It is the P4 indexing/support axis. The invariance condition is not a growth rule. It is a property of the P6 frozen evaluation regime.",NAMED_SOURCE_SECTION_ARGUMENT,"{""caveats"": [""IN_HOUSE_LEAN_LADDER_PLUS_CONDITIONAL_EXTERNAL_CONTRACT""], ""declarations"": [], ""elaboration_status"": ""NOT_APPLICABLE_OR_NOT_RUN"", ""exact_conclusion_match"": null, ""exact_hypothesis_match"": null, ""lab_or_test_evidence"": [], ""modules"": [], ""source_files"": [], ""statement_delta"": [""Imported module family exists, but no plausible declaration-name match passed the conservative threshold.""], ""status"": ""NO_MATCH"", ""trust_base"": []}","[""CG01"", ""CG03"", ""CG22"", ""CG29""]"
P034-C0022,P034,prose_definition,PROSE_DEFINITION,source/papers/Tsiokos_2026_Six_Birds_for_Incompleteness_Fixed_Packages_Package_Change_and_Conditional_Arithmetic_Lift.tex:L296-L301; derived/expanded/Tsiokos_2026_Six_Birds_for_Incompleteness_Fixed_Packages_Package_Change_and_Conditional_Arithmetic_Lift.tex:L296-L301,Definition (canonical representative family). A canonical representative family is a distinguished subset K⊆ E. In the internal theory this family is abstract. In the later arithmetic reading it is interpreted through the external contract as the intended consistency/reflection progression family.,PROSE_STATUS_OR_ARGUMENT_RECORD,"{""caveats"": [""IN_HOUSE_LEAN_LADDER_PLUS_CONDITIONAL_EXTERNAL_CONTRACT""], ""declarations"": [], ""elaboration_status"": ""NOT_APPLICABLE_OR_NOT_RUN"", ""exact_conclusion_match"": null, ""exact_hypothesis_match"": null, ""lab_or_test_evidence"": [], ""modules"": [], ""source_files"": [], ""statement_delta"": [""Imported module family exists, but no plausible declaration-name match passed the conservative threshold.""], ""status"": ""NO_MATCH"", ""trust_base"": []}","[""CG01"", ""CG03"", ""CG22"", ""CG29""]"
P034-C0023,P034,prose_definition,PROSE_DEFINITION_SECTION,source/papers/Tsiokos_2026_Six_Birds_for_Incompleteness_Fixed_Packages_Package_Change_and_Conditional_Arithmetic_Lift.tex:L296-L303; derived/expanded/Tsiokos_2026_Six_Birds_for_Incompleteness_Fixed_Packages_Package_Change_and_Conditional_Arithmetic_Lift.tex:L296-L303,Definition (canonical representative family).: A canonical representative family is a distinguished subset K⊆ E. In the internal theory this family is abstract. In the later arithmetic reading it is interpreted through the external contract as the intended consistency/reflection progression family.,NAMED_SOURCE_SECTION_ARGUMENT,"{""caveats"": [""IN_HOUSE_LEAN_LADDER_PLUS_CONDITIONAL_EXTERNAL_CONTRACT""], ""declarations"": [], ""elaboration_status"": ""NOT_APPLICABLE_OR_NOT_RUN"", ""exact_conclusion_match"": null, ""exact_hypothesis_match"": null, ""lab_or_test_evidence"": [], ""modules"": [], ""source_files"": [], ""statement_delta"": [""Imported module family exists, but no plausible declaration-name match passed the conservative threshold.""], ""status"": ""NO_MATCH"", ""trust_base"": []}","[""CG01"", ""CG03"", ""CG22"", ""CG29""]"
P034-C0024,P034,prose_definition,PROSE_DEFINITION,source/papers/Tsiokos_2026_Six_Birds_for_Incompleteness_Fixed_Packages_Package_Change_and_Conditional_Arithmetic_Lift.tex:L303-L308; derived/expanded/Tsiokos_2026_Six_Birds_for_Incompleteness_Fixed_Packages_Package_Change_and_Conditional_Arithmetic_Lift.tex:L303-L308,"Definition (representative alignment target). Let s=(Y_s,K_s,C_s) be a frozen slice, let D⊆ E be a comparison domain, let K⊆ E be a canonical representative family, and let e∈ D . One says that e satisfies the representative alignment target relative to (s,D,K) if there exists c∈ K D such that AgreeOnCone_ C_s (e,c). This target is the body-level form of the alignment condition later used in the restricted alignment lemma and in the conditional arithmetic lift.",PROSE_STATUS_OR_ARGUMENT_RECORD,"{""caveats"": [""IN_HOUSE_LEAN_LADDER_PLUS_CONDITIONAL_EXTERNAL_CONTRACT""], ""declarations"": [], ""elaboration_status"": ""NOT_APPLICABLE_OR_NOT_RUN"", ""exact_conclusion_match"": null, ""exact_hypothesis_match"": null, ""lab_or_test_evidence"": [], ""modules"": [], ""source_files"": [], ""statement_delta"": [""Imported module family exists, but no plausible declaration-name match passed the conservative threshold.""], ""status"": ""NO_MATCH"", ""trust_base"": []}","[""CG01"", ""CG03"", ""CG22"", ""CG29""]"
P034-C0025,P034,prose_definition,PROSE_DEFINITION_SECTION,source/papers/Tsiokos_2026_Six_Birds_for_Incompleteness_Fixed_Packages_Package_Change_and_Conditional_Arithmetic_Lift.tex:L303-L312; derived/expanded/Tsiokos_2026_Six_Birds_for_Incompleteness_Fixed_Packages_Package_Change_and_Conditional_Arithmetic_Lift.tex:L303-L312,"Definition (representative alignment target).: Let s=(Y_s,K_s,C_s) be a frozen slice, let D⊆ E be a comparison domain, let K⊆ E be a canonical representative family, and let e∈ D . One says that e satisfies the representative alignment target relative to (s,D,K) if there exists c∈ K D such that AgreeOnCone_ C_s (e,c). This target is the body-level form of the alignment condition later used in the restricted alignment lemma and in the conditional arithmetic lift. At this stage no arithmetic interpretation is required. The point is only that, once comparison is performed on a frozen slice, the correct target is not global equality with a canonical object but agreement with a representative from the designated family on the support cone the slice actually tracks.",NAMED_SOURCE_SECTION_ARGUMENT,"{""caveats"": [""IN_HOUSE_LEAN_LADDER_PLUS_CONDITIONAL_EXTERNAL_CONTRACT""], ""declarations"": [], ""elaboration_status"": ""NOT_APPLICABLE_OR_NOT_RUN"", ""exact_conclusion_match"": null, ""exact_hypothesis_match"": null, ""lab_or_test_evidence"": [], ""modules"": [], ""source_files"": [], ""statement_delta"": [""Imported module family exists, but no plausible declaration-name match passed the conservative threshold.""], ""status"": ""NO_MATCH"", ""trust_base"": []}","[""CG01"", ""CG03"", ""CG22"", ""CG29""]"
P034-C0031,P034,definition,DEFINITION,source/papers/Tsiokos_2026_Six_Birds_for_Incompleteness_Fixed_Packages_Package_Change_and_Conditional_Arithmetic_Lift.tex:L411-L426; derived/expanded/Tsiokos_2026_Six_Birds_for_Incompleteness_Fixed_Packages_Package_Change_and_Conditional_Arithmetic_Lift.tex:L411-L426,"Frozen slice: A frozen slice is a triple s=(Y_s,K_s,C_s), where Y_s: E→R, K_s: E→R, and C_s⊆ X. The functions Y_s and K_s are the yield and cost functionals of the slice, and C_s is its support cone.",NOT_APPLICABLE_DEFINITION,"{""caveats"": [""IN_HOUSE_LEAN_LADDER_PLUS_CONDITIONAL_EXTERNAL_CONTRACT""], ""declarations"": [], ""elaboration_status"": ""NOT_APPLICABLE_OR_NOT_RUN"", ""exact_conclusion_match"": null, ""exact_hypothesis_match"": null, ""lab_or_test_evidence"": [], ""modules"": [], ""source_files"": [], ""statement_delta"": [""Imported module family exists, but no plausible declaration-name match passed the conservative threshold.""], ""status"": ""NO_MATCH"", ""trust_base"": []}","[""CG01"", ""CG03"", ""CG22"", ""CG29""]"
P034-C0032,P034,definition,DEFINITION,source/papers/Tsiokos_2026_Six_Birds_for_Incompleteness_Fixed_Packages_Package_Change_and_Conditional_Arithmetic_Lift.tex:L428-L438; derived/expanded/Tsiokos_2026_Six_Birds_for_Incompleteness_Fixed_Packages_Package_Change_and_Conditional_Arithmetic_Lift.tex:L428-L438,"Frontier dominance: Let s=(Y_s,K_s,C_s) be a frozen slice, and let e,f∈ D . One says that e dominates f on s , written FrontierDominates_s(e,f), if Y_s(e) Y_s(f), K_s(e) K_s(f), and at least one of these inequalities is strict.",NOT_APPLICABLE_DEFINITION,"{""caveats"": [""IN_HOUSE_LEAN_LADDER_PLUS_CONDITIONAL_EXTERNAL_CONTRACT""], ""declarations"": [], ""elaboration_status"": ""NOT_APPLICABLE_OR_NOT_RUN"", ""exact_conclusion_match"": null, ""exact_hypothesis_match"": null, ""lab_or_test_evidence"": [], ""modules"": [], ""source_files"": [], ""statement_delta"": [""Imported module family exists, but no plausible declaration-name match passed the conservative threshold.""], ""status"": ""NO_MATCH"", ""trust_base"": []}","[""CG01"", ""CG03"", ""CG22"", ""CG29""]"
P034-C0033,P034,definition,DEFINITION,source/papers/Tsiokos_2026_Six_Birds_for_Incompleteness_Fixed_Packages_Package_Change_and_Conditional_Arithmetic_Lift.tex:L440-L446; derived/expanded/Tsiokos_2026_Six_Birds_for_Incompleteness_Fixed_Packages_Package_Change_and_Conditional_Arithmetic_Lift.tex:L440-L446,"Frontier efficiency: Let s be a frozen slice and let D⊆ E . An operator e∈ D is frontier-efficient on s , written FrontierEfficient_ s,D (e), if there is no g∈ D such that FrontierDominates_s(g,e) .",NOT_APPLICABLE_DEFINITION,"{""caveats"": [""IN_HOUSE_LEAN_LADDER_PLUS_CONDITIONAL_EXTERNAL_CONTRACT""], ""declarations"": [], ""elaboration_status"": ""NOT_APPLICABLE_OR_NOT_RUN"", ""exact_conclusion_match"": null, ""exact_hypothesis_match"": null, ""lab_or_test_evidence"": [], ""modules"": [], ""source_files"": [], ""statement_delta"": [""Imported module family exists, but no plausible declaration-name match passed the conservative threshold.""], ""status"": ""NO_MATCH"", ""trust_base"": []}","[""CG01"", ""CG03"", ""CG22"", ""CG29""]"
P034-C0034,P034,definition,DEFINITION,source/papers/Tsiokos_2026_Six_Birds_for_Incompleteness_Fixed_Packages_Package_Change_and_Conditional_Arithmetic_Lift.tex:L448-L457; derived/expanded/Tsiokos_2026_Six_Birds_for_Incompleteness_Fixed_Packages_Package_Change_and_Conditional_Arithmetic_Lift.tex:L448-L457,"Agreement on the support cone: Let C⊆ X , and let e,f∈E . One says that e and f agree on the cone C , written AgreeOnCone_C(e,f), if e(x)=f(x) for all x∈ C.",NOT_APPLICABLE_DEFINITION,"{""caveats"": [""IN_HOUSE_LEAN_LADDER_PLUS_CONDITIONAL_EXTERNAL_CONTRACT""], ""declarations"": [], ""elaboration_status"": ""NOT_APPLICABLE_OR_NOT_RUN"", ""exact_conclusion_match"": null, ""exact_hypothesis_match"": null, ""lab_or_test_evidence"": [], ""modules"": [], ""source_files"": [], ""statement_delta"": [""Imported module family exists, but no plausible declaration-name match passed the conservative threshold.""], ""status"": ""NO_MATCH"", ""trust_base"": []}","[""CG01"", ""CG03"", ""CG22"", ""CG29""]"
P034-C0035,P034,definition,DEFINITION,source/papers/Tsiokos_2026_Six_Birds_for_Incompleteness_Fixed_Packages_Package_Change_and_Conditional_Arithmetic_Lift.tex:L459-L466; derived/expanded/Tsiokos_2026_Six_Birds_for_Incompleteness_Fixed_Packages_Package_Change_and_Conditional_Arithmetic_Lift.tex:L459-L466,"Slice invariance on the cone: A frozen slice s=(Y_s,K_s,C_s) is invariant on its cone if for all e,f∈E , AgreeOnCone_ C_s (e,f) implies Y_s(e)=Y_s(f)\ and \ K_s(e)=K_s(f).",NOT_APPLICABLE_DEFINITION,"{""caveats"": [""IN_HOUSE_LEAN_LADDER_PLUS_CONDITIONAL_EXTERNAL_CONTRACT""], ""declarations"": [], ""elaboration_status"": ""NOT_APPLICABLE_OR_NOT_RUN"", ""exact_conclusion_match"": null, ""exact_hypothesis_match"": null, ""lab_or_test_evidence"": [], ""modules"": [], ""source_files"": [], ""statement_delta"": [""Imported module family exists, but no plausible declaration-name match passed the conservative threshold.""], ""status"": ""NO_MATCH"", ""trust_base"": []}","[""CG01"", ""CG03"", ""CG22"", ""CG29""]"
P034-C0039,P034,definition,DEFINITION,source/papers/Tsiokos_2026_Six_Birds_for_Incompleteness_Fixed_Packages_Package_Change_and_Conditional_Arithmetic_Lift.tex:L534-L539; derived/expanded/Tsiokos_2026_Six_Birds_for_Incompleteness_Fixed_Packages_Package_Change_and_Conditional_Arithmetic_Lift.tex:L534-L539,"Representative alignment target: Let s=(Y_s,K_s,C_s) be a frozen slice, let D⊆E , let K⊆ D , and let e∈ D . One says that e satisfies the representative alignment target relative to (s,D,K) if there exists c∈ K such that AgreeOnCone_ C_s (e,c).",NOT_APPLICABLE_DEFINITION,"{""caveats"": [""IN_HOUSE_LEAN_LADDER_PLUS_CONDITIONAL_EXTERNAL_CONTRACT""], ""declarations"": [], ""elaboration_status"": ""NOT_APPLICABLE_OR_NOT_RUN"", ""exact_conclusion_match"": null, ""exact_hypothesis_match"": null, ""lab_or_test_evidence"": [], ""modules"": [], ""source_files"": [], ""statement_delta"": [""Imported module family exists, but no plausible declaration-name match passed the conservative threshold.""], ""status"": ""NO_MATCH"", ""trust_base"": []}","[""CG01"", ""CG03"", ""CG22"", ""CG29""]"
P053-C0008,P053,convention,DEFINITIONAL_CONSTRUCTION,source/papers/Tsiokos_2026_To_Set_a_Stone_with_Six_Birds_The_Free_and_Purchased_Parts_of_ZFC.tex:L302-L309; derived/expanded/Tsiokos_2026_To_Set_a_Stone_with_Six_Birds_The_Free_and_Purchased_Parts_of_ZFC.tex:L302-L309,"Theory package: A theory package is a tuple (Z, f, E, A) consisting of a carrier Z ; a lens f: Z→ X recording what an observer sees of a carrier object (its definability content is the family of predicates constant on the fibers of f ); a completion (or packaging) endomap E: Z→ Z , typically idempotent, whose fixed points are the objects the package recognizes; and an audit A , a monotone certificate.",NOT_APPLICABLE_DEFINITION,"{""caveats"": [""FORMAL_OR_PROOF_ASSISTANT_COMPONENT_DISCLOSED""], ""declarations"": [], ""elaboration_status"": ""NOT_APPLICABLE_OR_NOT_RUN"", ""exact_conclusion_match"": null, ""exact_hypothesis_match"": null, ""lab_or_test_evidence"": [], ""modules"": [], ""source_files"": [], ""statement_delta"": [""No imported module family was assigned to this paper at Step-2 intake.""], ""status"": ""PAPER_DISCLOSED_ASSET_NOT_IMPORTED"", ""trust_base"": []}",[]
P053-C0009,P053,definition,DEFINITION,source/papers/Tsiokos_2026_To_Set_a_Stone_with_Six_Birds_The_Free_and_Purchased_Parts_of_ZFC.tex:L318-L324; derived/expanded/Tsiokos_2026_To_Set_a_Stone_with_Six_Birds_The_Free_and_Purchased_Parts_of_ZFC.tex:L318-L324,"Finite membership presentations: A finite pointed membership presentation is a triple P=(V,→,v) where V is a finite set of nodes, → ⊆ V× V is acyclic, and v∈ V is a distinguished point. We read u→ w as `` w is a member-candidate of u ,'' and write Ch_P(u):=\ w: u→ w\ . The carrier Z is the set of all finite pointed membership presentations.",NOT_APPLICABLE_DEFINITION,"{""caveats"": [""FORMAL_OR_PROOF_ASSISTANT_COMPONENT_DISCLOSED""], ""declarations"": [], ""elaboration_status"": ""NOT_APPLICABLE_OR_NOT_RUN"", ""exact_conclusion_match"": null, ""exact_hypothesis_match"": null, ""lab_or_test_evidence"": [], ""modules"": [], ""source_files"": [], ""statement_delta"": [""No imported module family was assigned to this paper at Step-2 intake.""], ""status"": ""PAPER_DISCLOSED_ASSET_NOT_IMPORTED"", ""trust_base"": []}",[]
P053-C0010,P053,definition,DEFINITION,source/papers/Tsiokos_2026_To_Set_a_Stone_with_Six_Birds_The_Free_and_Purchased_Parts_of_ZFC.tex:L331-L341; derived/expanded/Tsiokos_2026_To_Set_a_Stone_with_Six_Birds_The_Free_and_Purchased_Parts_of_ZFC.tex:L331-L341,"The membership lens: For P=(V,→,v) define the decoration _P: V→HF by well-founded recursion, _P(u) := \ _P(w): w∈Ch_P(u)\ , and set the lens f: Z→HF , f(P):= _P(v) . We call f the membership-profile lens. The term decoration follows the graph-decoration viewpoint on membership structures of ; here, on well-founded graphs, it is the assignment collapsed by the Mostowski lemma.",NOT_APPLICABLE_DEFINITION,"{""caveats"": [""FORMAL_OR_PROOF_ASSISTANT_COMPONENT_DISCLOSED""], ""declarations"": [], ""elaboration_status"": ""NOT_APPLICABLE_OR_NOT_RUN"", ""exact_conclusion_match"": null, ""exact_hypothesis_match"": null, ""lab_or_test_evidence"": [], ""modules"": [], ""source_files"": [], ""statement_delta"": [""No imported module family was assigned to this paper at Step-2 intake.""], ""status"": ""PAPER_DISCLOSED_ASSET_NOT_IMPORTED"", ""trust_base"": []}",[]
P053-C0012,P053,definition,DEFINITION,source/papers/Tsiokos_2026_To_Set_a_Stone_with_Six_Birds_The_Free_and_Purchased_Parts_of_ZFC.tex:L357-L364; derived/expanded/Tsiokos_2026_To_Set_a_Stone_with_Six_Birds_The_Free_and_Purchased_Parts_of_ZFC.tex:L357-L364,"The packaging map and the canonical presentation: For a∈HF let C(a):=(TC(\ a\ ),∈,a) be the canonical presentation of a (nodes are the members of the transitive closure of \ a\ , edges are membership, point is a ). The packaging map is E: Z→ Z, E(P):=C(f(P)).",NOT_APPLICABLE_DEFINITION,"{""caveats"": [""FORMAL_OR_PROOF_ASSISTANT_COMPONENT_DISCLOSED""], ""declarations"": [], ""elaboration_status"": ""NOT_APPLICABLE_OR_NOT_RUN"", ""exact_conclusion_match"": null, ""exact_hypothesis_match"": null, ""lab_or_test_evidence"": [], ""modules"": [], ""source_files"": [], ""statement_delta"": [""No imported module family was assigned to this paper at Step-2 intake.""], ""status"": ""PAPER_DISCLOSED_ASSET_NOT_IMPORTED"", ""trust_base"": []}",[]
P053-C0013,P053,definition,DEFINITION,source/papers/Tsiokos_2026_To_Set_a_Stone_with_Six_Birds_The_Free_and_Purchased_Parts_of_ZFC.tex:L370-L373; derived/expanded/Tsiokos_2026_To_Set_a_Stone_with_Six_Birds_The_Free_and_Purchased_Parts_of_ZFC.tex:L370-L373,"The rank audit: The audit is A=rho with rho(P):=rank(f(P)) , and for a node u , rho_P(u):=rank( _P(u)) .",NOT_APPLICABLE_DEFINITION,"{""caveats"": [""FORMAL_OR_PROOF_ASSISTANT_COMPONENT_DISCLOSED""], ""declarations"": [], ""elaboration_status"": ""NOT_APPLICABLE_OR_NOT_RUN"", ""exact_conclusion_match"": null, ""exact_hypothesis_match"": null, ""lab_or_test_evidence"": [], ""modules"": [], ""source_files"": [], ""statement_delta"": [""No imported module family was assigned to this paper at Step-2 intake.""], ""status"": ""PAPER_DISCLOSED_ASSET_NOT_IMPORTED"", ""trust_base"": []}",[]
P053-C0020,P053,definition,DEFINITION,source/papers/Tsiokos_2026_To_Set_a_Stone_with_Six_Birds_The_Free_and_Purchased_Parts_of_ZFC.tex:L491-L506; derived/expanded/Tsiokos_2026_To_Set_a_Stone_with_Six_Birds_The_Free_and_Purchased_Parts_of_ZFC.tex:L491-L506,"The finite packaging operator: For A⊆HF let F(A):= \ \ A \ \ a,b\ :a,b∈ A\ _ pairing (P5) \ a:a∈ A\ _ flattening (P5) \ S:S⊆ a,\ a∈ A\ _ gating (P2) \ h[a]:a∈ A,\ h: a→ A\ _ transport (P1) , where h[a]=\ h(t):t∈ a\ . In A_FIN every gate S⊆ a and every transport h is admissible: at a finite carrier the constraint and transport roles carry no definability restriction. (The definable-gate refinement is exactly what reappears, and matters, at the forcing tier, S .)",NOT_APPLICABLE_DEFINITION,"{""caveats"": [""FORMAL_OR_PROOF_ASSISTANT_COMPONENT_DISCLOSED""], ""declarations"": [], ""elaboration_status"": ""NOT_APPLICABLE_OR_NOT_RUN"", ""exact_conclusion_match"": null, ""exact_hypothesis_match"": null, ""lab_or_test_evidence"": [], ""modules"": [], ""source_files"": [], ""statement_delta"": [""No imported module family was assigned to this paper at Step-2 intake.""], ""status"": ""PAPER_DISCLOSED_ASSET_NOT_IMPORTED"", ""trust_base"": []}",[]
P053-C0031,P053,definition,DEFINITION,source/papers/Tsiokos_2026_To_Set_a_Stone_with_Six_Birds_The_Free_and_Purchased_Parts_of_ZFC.tex:L666-L672; derived/expanded/Tsiokos_2026_To_Set_a_Stone_with_Six_Birds_The_Free_and_Purchased_Parts_of_ZFC.tex:L666-L672,Finitely generated completion rule: An operator G on families of sets is a completion rule if A⊆ G(A) always. It is finitely generated if every x∈ G(A) A is a finite set with x ⊆ A _ a∈ A TC(a).,NOT_APPLICABLE_DEFINITION,"{""caveats"": [""FORMAL_OR_PROOF_ASSISTANT_COMPONENT_DISCLOSED""], ""declarations"": [], ""elaboration_status"": ""NOT_APPLICABLE_OR_NOT_RUN"", ""exact_conclusion_match"": null, ""exact_hypothesis_match"": null, ""lab_or_test_evidence"": [], ""modules"": [], ""source_files"": [], ""statement_delta"": [""No imported module family was assigned to this paper at Step-2 intake.""], ""status"": ""PAPER_DISCLOSED_ASSET_NOT_IMPORTED"", ""trust_base"": []}",[]
P053-C0037,P053,definition,DEFINITION,source/papers/Tsiokos_2026_To_Set_a_Stone_with_Six_Birds_The_Free_and_Purchased_Parts_of_ZFC.tex:L763-L773; derived/expanded/Tsiokos_2026_To_Set_a_Stone_with_Six_Birds_The_Free_and_Purchased_Parts_of_ZFC.tex:L763-L773,"Staged structure and rank-erasure: Let L_2 be the two-sorted language with sorts SET and STAGE , a relation ∈ on sets, a relation < on stages, and a function st:SET→ STAGE . The canonical finite staged structure is M_2:=(HF;\ Ord_ fin ;\ ∈;\ <;\ st=rank), with Ord_ fin the finite von Neumann ordinals, < interpreted as ∈ on ordinals, and st(x)=rank(x) . Its rank-erasure is the one-sorted membership structure M_1:=(HF,∈) .",NOT_APPLICABLE_DEFINITION,"{""caveats"": [""FORMAL_OR_PROOF_ASSISTANT_COMPONENT_DISCLOSED""], ""declarations"": [], ""elaboration_status"": ""NOT_APPLICABLE_OR_NOT_RUN"", ""exact_conclusion_match"": null, ""exact_hypothesis_match"": null, ""lab_or_test_evidence"": [], ""modules"": [], ""source_files"": [], ""statement_delta"": [""No imported module family was assigned to this paper at Step-2 intake.""], ""status"": ""PAPER_DISCLOSED_ASSET_NOT_IMPORTED"", ""trust_base"": []}",[]
P053-C0046,P053,convention,DEFINITIONAL_CONSTRUCTION,source/papers/Tsiokos_2026_To_Set_a_Stone_with_Six_Birds_The_Free_and_Purchased_Parts_of_ZFC.tex:L946-L954; derived/expanded/Tsiokos_2026_To_Set_a_Stone_with_Six_Birds_The_Free_and_Purchased_Parts_of_ZFC.tex:L946-L954,"Imports: The following are imported by name and not reproved: the transfinite recursion building the cumulative hierarchy V_0= , V_ alpha+1 =P(V_alpha) , V_lambda= _ beta <lambda V_beta ; the standard stagewise verification of the ZF axioms in the cumulative hierarchy ; the natural models V_ ; the definability of the von Neumann rank in ZF (the infinitary analogue of Theorem ); and the boundary witnesses named in S . No item here is a consistency or large-cardinal existence statement.",NOT_APPLICABLE_DEFINITION,"{""caveats"": [""FORMAL_OR_PROOF_ASSISTANT_COMPONENT_DISCLOSED""], ""declarations"": [], ""elaboration_status"": ""NOT_APPLICABLE_OR_NOT_RUN"", ""exact_conclusion_match"": null, ""exact_hypothesis_match"": null, ""lab_or_test_evidence"": [], ""modules"": [], ""source_files"": [], ""statement_delta"": [""No imported module family was assigned to this paper at Step-2 intake.""], ""status"": ""PAPER_DISCLOSED_ASSET_NOT_IMPORTED"", ""trust_base"": []}",[]
P053-C0055,P053,definition,DEFINITION,source/papers/Tsiokos_2026_To_Set_a_Stone_with_Six_Birds_The_Free_and_Purchased_Parts_of_ZFC.tex:L1130-L1135; derived/expanded/Tsiokos_2026_To_Set_a_Stone_with_Six_Birds_The_Free_and_Purchased_Parts_of_ZFC.tex:L1130-L1135,"The ground model as lens: Read M as a lens by its definability content Sig_M:=2^omega M , the M -coded predicates on omega . This is the infinitary counterpart of the finite definable family: where the finite lens has 2^K definable predicates among 2^N , the countable ground package has countably many coded reals among the continuum, from the external viewpoint supplied by J1.",NOT_APPLICABLE_DEFINITION,"{""caveats"": [""FORMAL_OR_PROOF_ASSISTANT_COMPONENT_DISCLOSED""], ""declarations"": [], ""elaboration_status"": ""NOT_APPLICABLE_OR_NOT_RUN"", ""exact_conclusion_match"": null, ""exact_hypothesis_match"": null, ""lab_or_test_evidence"": [], ""modules"": [], ""source_files"": [], ""statement_delta"": [""No imported module family was assigned to this paper at Step-2 intake.""], ""status"": ""PAPER_DISCLOSED_ASSET_NOT_IMPORTED"", ""trust_base"": []}",[]
P053-C0068,P053,prose_definition,PROSE_DEFINITION_SECTION,source/papers/Tsiokos_2026_To_Set_a_Stone_with_Six_Birds_The_Free_and_Purchased_Parts_of_ZFC.tex:L1543-L1548; derived/expanded/Tsiokos_2026_To_Set_a_Stone_with_Six_Birds_The_Free_and_Purchased_Parts_of_ZFC.tex:L1543-L1548,Definitions and Gate Predicates: This appendix is a lookup table for terms that are used across several sections. It introduces no new mathematics; the controlling definitions remain the body definitions cited below.,NAMED_SOURCE_SECTION_ARGUMENT,"{""caveats"": [""FORMAL_OR_PROOF_ASSISTANT_COMPONENT_DISCLOSED""], ""declarations"": [], ""elaboration_status"": ""NOT_APPLICABLE_OR_NOT_RUN"", ""exact_conclusion_match"": null, ""exact_hypothesis_match"": null, ""lab_or_test_evidence"": [], ""modules"": [], ""source_files"": [], ""statement_delta"": [""No imported module family was assigned to this paper at Step-2 intake.""], ""status"": ""PAPER_DISCLOSED_ASSET_NOT_IMPORTED"", ""trust_base"": []}",[]
P053-C0069,P053,prose_definition,PROSE_DEFINITION_SECTION,source/papers/Tsiokos_2026_To_Set_a_Stone_with_Six_Birds_The_Free_and_Purchased_Parts_of_ZFC.tex:L1548-L1579; derived/expanded/Tsiokos_2026_To_Set_a_Stone_with_Six_Birds_The_Free_and_Purchased_Parts_of_ZFC.tex:L1548-L1579,"Definitions: [style=multiline,leftmargin=!,labelwidth=0.31 ,labelsep=0.8em,itemsep=3pt] A carrier, lens, packaging endomap, and audit (Z,f,E, A) ; see Convention . In this paper the package is used only as an organizing instrument for set-theoretic constructions. A finite pointed acyclic graph (V,→,v) read as a membership presentation; see Definition . The map f: Z→HF sending a presentation to the decoration of its point; see Definition . Its definability content is what the instrument can see. The endomap E(P)=C(f(P)) that forgets accidental presentation shape and reinstantiates the profile canonically; see Definition . The certificate rho(P)=rank(f(P)) , decreasing along membership edges; see Definition and Lemma . The operator F on subfamilies of HF generated by empty set, pairing, flattening, finite gates, and finite transport; see Definition . A completion rule that adds only finite sets whose members are drawn from the current family and the transitive closures of its members; see Definition . The one-sorted membership structure obtained from the staged two-sorted presentation by forgetting the explicit stage sort; see Definition . The four named infinitary commitments C-INF, C-POW, C-REPL, and C-SEL; see S . They are hypotheses, not conclusions. A package change whose new object map does not factor through the old ground object; in this paper it is instantiated by Theorem . The countable ground model read through its coded reals Sig_M=2^omega M ; see Definition .",NAMED_SOURCE_SECTION_ARGUMENT,"{""caveats"": [""FORMAL_OR_PROOF_ASSISTANT_COMPONENT_DISCLOSED""], ""declarations"": [], ""elaboration_status"": ""NOT_APPLICABLE_OR_NOT_RUN"", ""exact_conclusion_match"": null, ""exact_hypothesis_match"": null, ""lab_or_test_evidence"": [], ""modules"": [], ""source_files"": [], ""statement_delta"": [""No imported module family was assigned to this paper at Step-2 intake.""], ""status"": ""PAPER_DISCLOSED_ASSET_NOT_IMPORTED"", ""trust_base"": []}",[]
P046-C0005,P046,definition,DEFINITION,source/papers/Tsiokos_2026_To_Count_a_Stone_with_Six_Birds_A_Mathematics_is_A_Theory.tex:L11; derived/expanded/Tsiokos_2026_To_Count_a_Stone_with_Six_Birds_A_Mathematics_is_A_Theory.tex:L11,[TeX-only statement; consult source_wording_tex.],NOT_APPLICABLE_DEFINITION,"{""caveats"": [""FORMAL_OR_PROOF_ASSISTANT_COMPONENT_DISCLOSED""], ""declarations"": [], ""elaboration_status"": ""NOT_APPLICABLE_OR_NOT_RUN"", ""exact_conclusion_match"": null, ""exact_hypothesis_match"": null, ""lab_or_test_evidence"": [], ""modules"": [], ""source_files"": [], ""statement_delta"": [""No imported module family was assigned to this paper at Step-2 intake.""], ""status"": ""PAPER_DISCLOSED_ASSET_NOT_IMPORTED"", ""trust_base"": []}","[""CG25""]"
P046-C0009,P046,definition,DEFINITION,source/papers/Tsiokos_2026_To_Count_a_Stone_with_Six_Birds_A_Mathematics_is_A_Theory.tex:L188-L200; derived/expanded/Tsiokos_2026_To_Count_a_Stone_with_Six_Birds_A_Mathematics_is_A_Theory.tex:L188-L200,"Mathematics theory package: A mathematics theory package is a tuple T = (Z,\ f,\ Sigma_f,\ E,\ D) where: Z is a carrier of discrete protocol objects at a chosen stage (e.g.\ grid functions, truncated sums/products, finite compositions, Cauchy sequences of rationals). f:Z→ X is a lens (a coarse description map). The induced definability structure Sigma_f is the family of predicates on Z that are visible through f (equivalently: constant on fibers of f ). E: V→ V is a completion/packaging endomap on a chosen description space V associated to Z (often idempotent or approximately idempotent in a specified norm). The fixed points of E are the internally complete objects recognized by the theory at the chosen scale. D is a defect ledger: a designated family of nonnegative diagnostics (error bounds, residual norms, route mismatch statistics) together with a monotonicity principle under refinement/coarsening. In this mathematics instantiation, D records feasibility (stability under refinement), not a thermodynamic arrow-of-time.",NOT_APPLICABLE_DEFINITION,"{""caveats"": [""FORMAL_OR_PROOF_ASSISTANT_COMPONENT_DISCLOSED""], ""declarations"": [], ""elaboration_status"": ""NOT_APPLICABLE_OR_NOT_RUN"", ""exact_conclusion_match"": null, ""exact_hypothesis_match"": null, ""lab_or_test_evidence"": [], ""modules"": [], ""source_files"": [], ""statement_delta"": [""No imported module family was assigned to this paper at Step-2 intake.""], ""status"": ""PAPER_DISCLOSED_ASSET_NOT_IMPORTED"", ""trust_base"": []}","[""CG25""]"
P040-C0006,P040,definition,DEFINITION,source/papers/Tsiokos_2026_The_Usefulness_of_Non_Descending_Objects_A_Six_Birds_Theory_of_Mathematical_Applicability.tex:L385-L396; derived/expanded/Tsiokos_2026_The_Usefulness_of_Non_Descending_Objects_A_Six_Birds_Theory_of_Mathematical_Applicability.tex:L385-L396,"Theory package: A theory package is a tuple T=(Z,f,Sigma_f,E, A), where Z is a carrier, f:Z→ O is a lens or interface, Sigma_f is the family of distinctions representable through f , E is a completion or packaging operation when one is present, and A is the inherited package audit functional. In the full finite-lens case, Sigma_f=\ f^ -1 (B):B⊆ im(f)\ . The paper may use weaker or profile-specific Sigma_f , but every use must be declared under the surrounding instrument.",NOT_APPLICABLE_DEFINITION,"{""caveats"": [""FORMAL_OR_PROOF_ASSISTANT_COMPONENT_DISCLOSED""], ""declarations"": [], ""elaboration_status"": ""NOT_APPLICABLE_OR_NOT_RUN"", ""exact_conclusion_match"": null, ""exact_hypothesis_match"": null, ""lab_or_test_evidence"": [], ""modules"": [], ""source_files"": [], ""statement_delta"": [""Imported module family exists, but no plausible declaration-name match passed the conservative threshold.""], ""status"": ""NO_MATCH"", ""trust_base"": []}","[""CG17""]"
P040-C0007,P040,definition,DEFINITION,source/papers/Tsiokos_2026_The_Usefulness_of_Non_Descending_Objects_A_Six_Birds_Theory_of_Mathematical_Applicability.tex:L404-L416; derived/expanded/Tsiokos_2026_The_Usefulness_of_Non_Descending_Objects_A_Six_Birds_Theory_of_Mathematical_Applicability.tex:L404-L416,"Instrument: An instrument is a finite typed record I=(vis_I,Theta_I,BridgePolicy_I,AuditPolicy_I, SourcePolicy_I, N_I), where vis_I partitions content into \ visible,suppressed,outside,unknown\ , Theta_I gives threshold rules, BridgePolicy_I gives admissible bridge types, AuditPolicy_I gives required audit records, SourcePolicy_I gives source-of-truth requirements, and N_I is the nonclaim register. A claim accepted under I is an instrument-indexed claim, not an instrument-free truth claim.",NOT_APPLICABLE_DEFINITION,"{""caveats"": [""FORMAL_OR_PROOF_ASSISTANT_COMPONENT_DISCLOSED""], ""declarations"": [], ""elaboration_status"": ""NOT_APPLICABLE_OR_NOT_RUN"", ""exact_conclusion_match"": null, ""exact_hypothesis_match"": null, ""lab_or_test_evidence"": [], ""modules"": [], ""source_files"": [], ""statement_delta"": [""Imported module family exists, but no plausible declaration-name match passed the conservative threshold.""], ""status"": ""NO_MATCH"", ""trust_base"": []}","[""CG17"", ""CG25"", ""CG29""]"
P040-C0009,P040,definition,DEFINITION,source/papers/Tsiokos_2026_The_Usefulness_of_Non_Descending_Objects_A_Six_Birds_Theory_of_Mathematical_Applicability.tex:L426-L434; derived/expanded/Tsiokos_2026_The_Usefulness_of_Non_Descending_Objects_A_Six_Birds_Theory_of_Mathematical_Applicability.tex:L426-L434,"Lower problem profile: A lower problem profile is a tuple P_0=( T_0,I_0,P,Cand_0(P),Ans_0(P), delta_0,Theta_0, N_0), where T_0 is the lower theory package, I_0 is the lower instrument, P is the posed problem, Cand_0(P) is the class of lower-layer candidate answers or certificates, Ans_0(P) is the lower-layer accepted answer type, delta_0 is the problem defect, Theta_0 is the pass threshold, and N_0 records what the lower profile does not claim.",NOT_APPLICABLE_DEFINITION,"{""caveats"": [""FORMAL_OR_PROOF_ASSISTANT_COMPONENT_DISCLOSED""], ""declarations"": [], ""elaboration_status"": ""NOT_APPLICABLE_OR_NOT_RUN"", ""exact_conclusion_match"": null, ""exact_hypothesis_match"": null, ""lab_or_test_evidence"": [], ""modules"": [], ""source_files"": [], ""statement_delta"": [""Imported module family exists, but no plausible declaration-name match passed the conservative threshold.""], ""status"": ""NO_MATCH"", ""trust_base"": []}","[""CG17"", ""CG25"", ""CG29""]"
P040-C0010,P040,definition,DEFINITION,source/papers/Tsiokos_2026_The_Usefulness_of_Non_Descending_Objects_A_Six_Birds_Theory_of_Mathematical_Applicability.tex:L440-L456; derived/expanded/Tsiokos_2026_The_Usefulness_of_Non_Descending_Objects_A_Six_Birds_Theory_of_Mathematical_Applicability.tex:L440-L456,"Lower-layer saturation: The lower problem profile P_0 is saturated, written Sat( P_0), when no candidate available at the fixed lower interface passes the problem threshold: s∈Cand_0(P), Eval_ Theta_0 (delta_0(s))≠pass. In exact zero-defect cases this is s∈Cand_0(P), delta_0(s)≠ 0. Saturation is always relative to the declared lower interface, instrument, and candidate class; it is not an absolute impossibility claim about all possible mathematics.",NOT_APPLICABLE_DEFINITION,"{""caveats"": [""FORMAL_OR_PROOF_ASSISTANT_COMPONENT_DISCLOSED""], ""declarations"": [], ""elaboration_status"": ""NOT_APPLICABLE_OR_NOT_RUN"", ""exact_conclusion_match"": null, ""exact_hypothesis_match"": null, ""lab_or_test_evidence"": [], ""modules"": [], ""source_files"": [], ""statement_delta"": [""Imported module family exists, but no plausible declaration-name match passed the conservative threshold.""], ""status"": ""NO_MATCH"", ""trust_base"": []}","[""CG17"", ""CG25"", ""CG29""]"
P040-C0011,P040,definition,DEFINITION,source/papers/Tsiokos_2026_The_Usefulness_of_Non_Descending_Objects_A_Six_Birds_Theory_of_Mathematical_Applicability.tex:L463-L470; derived/expanded/Tsiokos_2026_The_Usefulness_of_Non_Descending_Objects_A_Six_Birds_Theory_of_Mathematical_Applicability.tex:L463-L470,"Accepted lower answer: An object a is an accepted lower answer to P , written a∈Ans_0(P), when a is visible or admissibly bridged under I_0 , passes the threshold Theta_0 , satisfies the source and audit policy of I_0 , and respects the lower nonclaim register N_0 . Accepted answers may be solution witnesses, decision witnesses, invariant values, obstruction certificates, or audited negative answers, depending on the problem profile.",NOT_APPLICABLE_DEFINITION,"{""caveats"": [""FORMAL_OR_PROOF_ASSISTANT_COMPONENT_DISCLOSED""], ""declarations"": [], ""elaboration_status"": ""NOT_APPLICABLE_OR_NOT_RUN"", ""exact_conclusion_match"": null, ""exact_hypothesis_match"": null, ""lab_or_test_evidence"": [], ""modules"": [], ""source_files"": [], ""statement_delta"": [""Imported module family exists, but no plausible declaration-name match passed the conservative threshold.""], ""status"": ""NO_MATCH"", ""trust_base"": []}","[""CG17"", ""CG25"", ""CG29""]"
P040-C0012,P040,definition,DEFINITION,source/papers/Tsiokos_2026_The_Usefulness_of_Non_Descending_Objects_A_Six_Birds_Theory_of_Mathematical_Applicability.tex:L489-L510; derived/expanded/Tsiokos_2026_The_Usefulness_of_Non_Descending_Objects_A_Six_Birds_Theory_of_Mathematical_Applicability.tex:L489-L510,"Promotion bridge: A promotion bridge from a lower theory package T_0 to a promoted theory package T_1 is a finite typed record B_ 0→1 =( T_0, T_1,I_B,S,q,pi_0,pi_1,U,C, G_B,A_B, L_B, N_B), where: I_B is the bridge instrument; S is the carrier of compared states, witnesses, or presentations; q is the descent, shadow, quotient, standard-part, invariant, coefficient, trace, or obstruction channel appropriate to the profile; pi_0:S→ O_0 is the old interface and pi_1:S→ O_1 is the promoted interface; U is the promoted object, generator, operation, infinitesimal, root, local datum, or cocycle; C is the expression former selecting the composite, invariant, coefficient, trace, norm, standard part, or obstruction class that is intended to descend; G_B records gate results; A_B records audits; L_B records admissible visibility bridges, while q records the named descent or shadow channel; N_B is the bridge nonclaim register. The bridge is a typed record. It is not accepted merely because T_1 exists.",NOT_APPLICABLE_DEFINITION,"{""caveats"": [""FORMAL_OR_PROOF_ASSISTANT_COMPONENT_DISCLOSED""], ""declarations"": [], ""elaboration_status"": ""NOT_APPLICABLE_OR_NOT_RUN"", ""exact_conclusion_match"": null, ""exact_hypothesis_match"": null, ""lab_or_test_evidence"": [], ""modules"": [], ""source_files"": [], ""statement_delta"": [""Imported module family exists, but no plausible declaration-name match passed the conservative threshold.""], ""status"": ""NO_MATCH"", ""trust_base"": []}","[""CG17"", ""CG25"", ""CG29""]"
P040-C0014,P040,definition,DEFINITION,source/papers/Tsiokos_2026_The_Usefulness_of_Non_Descending_Objects_A_Six_Birds_Theory_of_Mathematical_Applicability.tex:L568-L579; derived/expanded/Tsiokos_2026_The_Usefulness_of_Non_Descending_Objects_A_Six_Birds_Theory_of_Mathematical_Applicability.tex:L568-L579,"Non-descending promoted structure: A promoted structure U is non-descending relative to (q,I_B) , written U _q, when the declared lower interface cannot accept U as a lower-layer object, operation, or claim. In exact update profiles this means delta^ split _1(q,U)≠ . In non-update profiles this means that the relevant lower representability, visibility, or membership defect is nonzero; for example R , alpha K , or a local datum fails to glue globally.",NOT_APPLICABLE_DEFINITION,"{""caveats"": [""FORMAL_OR_PROOF_ASSISTANT_COMPONENT_DISCLOSED""], ""declarations"": [], ""elaboration_status"": ""NOT_APPLICABLE_OR_NOT_RUN"", ""exact_conclusion_match"": null, ""exact_hypothesis_match"": null, ""lab_or_test_evidence"": [], ""modules"": [], ""source_files"": [], ""statement_delta"": [""Imported module family exists, but no plausible declaration-name match passed the conservative threshold.""], ""status"": ""NO_MATCH"", ""trust_base"": []}","[""CG17"", ""CG25"", ""CG29""]"
P040-C0016,P040,definition,DEFINITION,source/papers/Tsiokos_2026_The_Usefulness_of_Non_Descending_Objects_A_Six_Birds_Theory_of_Mathematical_Applicability.tex:L589-L604; derived/expanded/Tsiokos_2026_The_Usefulness_of_Non_Descending_Objects_A_Six_Birds_Theory_of_Mathematical_Applicability.tex:L589-L604,"Audited descending expression: Let B_ 0→1 be a promotion bridge with promoted structure U and expression former C . The expression C(U) descends with audit to a lower answer a^ , written C(U) _ B a^ , when: C(U) has the profile-appropriate descent property, such as qC(U)=F^ q , coefficient extraction, standard-part projection, invariant descent, trace/norm descent, or obstruction-class descent; a^ ∈Ans_0(P) under the lower problem profile; the bridge audit A_B passes; delta_ overread = for the claim using a^ ; delta_ nosmuggle (B)= ; the nonclaim register states that only the descended expression C(U) , not the whole hidden structure U , is claimed at the lower layer.",NOT_APPLICABLE_DEFINITION,"{""caveats"": [""FORMAL_OR_PROOF_ASSISTANT_COMPONENT_DISCLOSED""], ""declarations"": [], ""elaboration_status"": ""NOT_APPLICABLE_OR_NOT_RUN"", ""exact_conclusion_match"": null, ""exact_hypothesis_match"": null, ""lab_or_test_evidence"": [], ""modules"": [], ""source_files"": [], ""statement_delta"": [""Imported module family exists, but no plausible declaration-name match passed the conservative threshold.""], ""status"": ""NO_MATCH"", ""trust_base"": []}","[""CG17"", ""CG25"", ""CG29""]"
P040-C0018,P040,definition,DEFINITION,source/papers/Tsiokos_2026_The_Usefulness_of_Non_Descending_Objects_A_Six_Birds_Theory_of_Mathematical_Applicability.tex:L615-L656; derived/expanded/Tsiokos_2026_The_Usefulness_of_Non_Descending_Objects_A_Six_Birds_Theory_of_Mathematical_Applicability.tex:L615-L656,"Strict Audited Utility certificate: Let P_0 be a lower problem profile and B_ 0→1 a promotion bridge. A Strict Audited Utility certificate, abbreviated SAU( P_0,B_ 0→1 ,U,C,a^ ), is a finite typed record containing the following six fields: Saturation field: Sat( P_0). Strictness field: delta_ fact (pi_0,pi_1)≠ . Non-descent field: U _q. Audited descent field: C(U) _B a^ . Problem-resolution field: a^ ∈Ans_0(P) with Eval_ Theta_0 (delta_0(a^ ))=pass , when the lower problem uses a defect threshold. Audit/no-overread/no-smuggling field: delta_ overread = , delta_ nosmuggle (B)= , delta_ audit (B)= , AuditGate_B:pass, with an explicit nonclaim record N_B .",NOT_APPLICABLE_DEFINITION,"{""caveats"": [""FORMAL_OR_PROOF_ASSISTANT_COMPONENT_DISCLOSED""], ""declarations"": [], ""elaboration_status"": ""NOT_APPLICABLE_OR_NOT_RUN"", ""exact_conclusion_match"": null, ""exact_hypothesis_match"": null, ""lab_or_test_evidence"": [], ""modules"": [], ""source_files"": [], ""statement_delta"": [""Imported module family exists, but no plausible declaration-name match passed the conservative threshold.""], ""status"": ""NO_MATCH"", ""trust_base"": []}","[""CG17"", ""CG25"", ""CG29""]"
P040-C0019,P040,definition,DEFINITION,source/papers/Tsiokos_2026_The_Usefulness_of_Non_Descending_Objects_A_Six_Birds_Theory_of_Mathematical_Applicability.tex:L685-L707; derived/expanded/Tsiokos_2026_The_Usefulness_of_Non_Descending_Objects_A_Six_Birds_Theory_of_Mathematical_Applicability.tex:L685-L707,"Finite promoted-use trace: A finite promoted-use trace for a lower problem profile P_0 is a tuple T=(D,V,E,r,o,lambda, , B,A_ T , N,v_ ), where: D=(V,E) is a finite directed acyclic graph. An edge u→ v means that the node v depends on the node u . r records the rule, operation, bridge, or audit step used at each non-input node. o(v) is the mathematical object, assertion, certificate, or intermediate expression carried by v . lambda(v)∈\ 0,1\ is the declared layer label: 0 for lower-layer nodes and 1 for promoted-layer nodes. (v)∈\ visible,suppressed,outside,unknown\ is the visibility status under the declared instrument. B is the finite family of declared bridge or descent steps used by the trace. A_ T is the finite audit/provenance/replay record for the trace. N is the nonclaim register. v_ ∈ V is the final answer node, whose object is denoted a^ _ T :=o(v_ ). The trace is typed: every edge and every rule application must respect the source and target layers recorded by lambda , the visibility status recorded by , and the bridge permissions recorded by B .",NOT_APPLICABLE_DEFINITION,"{""caveats"": [""FORMAL_OR_PROOF_ASSISTANT_COMPONENT_DISCLOSED""], ""declarations"": [], ""elaboration_status"": ""NOT_APPLICABLE_OR_NOT_RUN"", ""exact_conclusion_match"": null, ""exact_hypothesis_match"": null, ""lab_or_test_evidence"": [], ""modules"": [], ""source_files"": [], ""statement_delta"": [""Imported module family exists, but no plausible declaration-name match passed the conservative threshold.""], ""status"": ""NO_MATCH"", ""trust_base"": []}","[""CG17"", ""CG25"", ""CG29""]"
P040-C0020,P040,definition,DEFINITION,source/papers/Tsiokos_2026_The_Usefulness_of_Non_Descending_Objects_A_Six_Birds_Theory_of_Mathematical_Applicability.tex:L714-L736; derived/expanded/Tsiokos_2026_The_Usefulness_of_Non_Descending_Objects_A_Six_Birds_Theory_of_Mathematical_Applicability.tex:L714-L736,"Lower-visible and hidden nodes: Let T be a finite promoted-use trace. A node v∈ V is lower-visible when either lambda(v)=0 , or v is the target of an audited bridge in B whose output is accepted by the lower instrument. Write Vis_0( T)=\ v∈ V:v is lower-visible\ . A node is hidden promoted support when it is promoted-layer content not accepted as lower-visible: Hid_1( T)=\ v∈ V:lambda(v)=1 and v Vis_0( T)\ . The ancestor cone of a node v is Anc(v)=\ u∈ V:u v by a directed path, including possibly u=v\ . The essential hidden cone of the final answer is Hid_ ( T)=Hid_1( T) Anc(v_ ).",NOT_APPLICABLE_DEFINITION,"{""caveats"": [""FORMAL_OR_PROOF_ASSISTANT_COMPONENT_DISCLOSED""], ""declarations"": [], ""elaboration_status"": ""NOT_APPLICABLE_OR_NOT_RUN"", ""exact_conclusion_match"": null, ""exact_hypothesis_match"": null, ""lab_or_test_evidence"": [], ""modules"": [], ""source_files"": [], ""statement_delta"": [""Imported module family exists, but no plausible declaration-name match passed the conservative threshold.""], ""status"": ""NO_MATCH"", ""trust_base"": []}","[""CG17"", ""CG25"", ""CG29""]"
P040-C0021,P040,definition,DEFINITION,source/papers/Tsiokos_2026_The_Usefulness_of_Non_Descending_Objects_A_Six_Birds_Theory_of_Mathematical_Applicability.tex:L738-L758; derived/expanded/Tsiokos_2026_The_Usefulness_of_Non_Descending_Objects_A_Six_Birds_Theory_of_Mathematical_Applicability.tex:L738-L758,"Accepted promoted-use trace: A finite promoted-use trace T is accepted, written AccTrace( T), when all of the following hold: the final answer is a lower accepted answer: a^ _ T ∈Ans_0(P), Eval_ Theta_0 (delta_0(a^ _ T ))=pass; every bridge in B belongs to the declared admissible bridge family; every use of suppressed content is either internal to the promoted layer or is discharged by an admissible bridge before a lower-layer claim is made; the audit record A_ T passes the declared source, provenance, replay, and threshold checks; the nonclaim register N blocks the claim that hidden promoted nodes are lower-layer objects unless such a claim is separately bridged and audited. Acceptance is weaker than an SAU certificate: it says that a promoted derivation produced an accepted lower answer without audit failure. It does not yet identify the normal-form pair (U,C(U)) .",NOT_APPLICABLE_DEFINITION,"{""caveats"": [""FORMAL_OR_PROOF_ASSISTANT_COMPONENT_DISCLOSED""], ""declarations"": [], ""elaboration_status"": ""NOT_APPLICABLE_OR_NOT_RUN"", ""exact_conclusion_match"": null, ""exact_hypothesis_match"": null, ""lab_or_test_evidence"": [], ""modules"": [], ""source_files"": [], ""statement_delta"": [""Imported module family exists, but no plausible declaration-name match passed the conservative threshold.""], ""status"": ""NO_MATCH"", ""trust_base"": []}","[""CG17"", ""CG25"", ""CG29""]"
P040-C0022,P040,definition,DEFINITION,source/papers/Tsiokos_2026_The_Usefulness_of_Non_Descending_Objects_A_Six_Birds_Theory_of_Mathematical_Applicability.tex:L765-L798; derived/expanded/Tsiokos_2026_The_Usefulness_of_Non_Descending_Objects_A_Six_Birds_Theory_of_Mathematical_Applicability.tex:L765-L798,"Strict and essentially promoted trace: An accepted trace T is strict, written StrictTrace( T), when its promoted interface separates content collapsed by its lower interface. Concretely, there exist comparison states or trace presentations s,s' such that pi_0(s)=pi_0(s') and pi_1(s)≠ pi_1(s'), or equivalently delta_ fact (pi_0,pi_1)≠ . It is essentially promoted, written EssProm( T), when the final accepted answer depends on hidden promoted support in a way that cannot be removed or replaced by lower-visible data while preserving the same lower interface, the same final answer, the same admissible lower rules, and the same audit status. Equivalently for the finite trace calculus used here, there exists h∈ Hid_ ( T) such that every audit-preserving deletion or lower-visible replacement of the dependency of v_ on h either changes the final answer, invalidates a rule application, changes the lower interface, or fails the declared audit.",NOT_APPLICABLE_DEFINITION,"{""caveats"": [""FORMAL_OR_PROOF_ASSISTANT_COMPONENT_DISCLOSED""], ""declarations"": [], ""elaboration_status"": ""NOT_APPLICABLE_OR_NOT_RUN"", ""exact_conclusion_match"": null, ""exact_hypothesis_match"": null, ""lab_or_test_evidence"": [], ""modules"": [], ""source_files"": [], ""statement_delta"": [""Imported module family exists, but no plausible declaration-name match passed the conservative threshold.""], ""status"": ""NO_MATCH"", ""trust_base"": []}","[""CG17"", ""CG25"", ""CG29""]"
P040-C0023,P040,definition,DEFINITION,source/papers/Tsiokos_2026_The_Usefulness_of_Non_Descending_Objects_A_Six_Birds_Theory_of_Mathematical_Applicability.tex:L800-L818; derived/expanded/Tsiokos_2026_The_Usefulness_of_Non_Descending_Objects_A_Six_Birds_Theory_of_Mathematical_Applicability.tex:L800-L818,"Strict useful trace: A finite promoted-use trace T is a strict useful trace for the lower problem profile P_0 , written StrictUsefulTrace( T, P_0), when AccTrace( T), Sat( P_0), StrictTrace( T), EssProm( T) all hold. This is a pre-SAU notion. It does not assume an SAU certificate; it only assumes an accepted finite promoted derivation whose promoted content is strict and essential.",NOT_APPLICABLE_DEFINITION,"{""caveats"": [""FORMAL_OR_PROOF_ASSISTANT_COMPONENT_DISCLOSED""], ""declarations"": [], ""elaboration_status"": ""NOT_APPLICABLE_OR_NOT_RUN"", ""exact_conclusion_match"": null, ""exact_hypothesis_match"": null, ""lab_or_test_evidence"": [], ""modules"": [], ""source_files"": [], ""statement_delta"": [""Imported module family exists, but no plausible declaration-name match passed the conservative threshold.""], ""status"": ""NO_MATCH"", ""trust_base"": []}","[""CG17"", ""CG25"", ""CG29""]"
P040-C0025,P040,definition,DEFINITION,source/papers/Tsiokos_2026_The_Usefulness_of_Non_Descending_Objects_A_Six_Birds_Theory_of_Mathematical_Applicability.tex:L857-L870; derived/expanded/Tsiokos_2026_The_Usefulness_of_Non_Descending_Objects_A_Six_Birds_Theory_of_Mathematical_Applicability.tex:L857-L870,"Audit boundary: Let T be an accepted trace. A node b∈ V is an audit-boundary node when: b∈ Vis_0( T) ; b∈Anc(v_ ) , so it contributes to the final answer; at least one hidden promoted node lies upstream of b : Hid_1( T) Anc(b)≠ ; every incoming dependence from hidden promoted content to the lower-visible status of b is discharged by a declared audit or bridge in B . Write Bd( T) for the finite set of such boundary nodes.",NOT_APPLICABLE_DEFINITION,"{""caveats"": [""FORMAL_OR_PROOF_ASSISTANT_COMPONENT_DISCLOSED""], ""declarations"": [], ""elaboration_status"": ""NOT_APPLICABLE_OR_NOT_RUN"", ""exact_conclusion_match"": null, ""exact_hypothesis_match"": null, ""lab_or_test_evidence"": [], ""modules"": [], ""source_files"": [], ""statement_delta"": [""Imported module family exists, but no plausible declaration-name match passed the conservative threshold.""], ""status"": ""NO_MATCH"", ""trust_base"": []}","[""CG17"", ""CG25"", ""CG29""]"
P040-C0026,P040,definition,DEFINITION,source/papers/Tsiokos_2026_The_Usefulness_of_Non_Descending_Objects_A_Six_Birds_Theory_of_Mathematical_Applicability.tex:L877-L882; derived/expanded/Tsiokos_2026_The_Usefulness_of_Non_Descending_Objects_A_Six_Birds_Theory_of_Mathematical_Applicability.tex:L877-L882,"First boundary and hidden support: A first boundary for a hidden node h∈Hid_ ( T) is a boundary node b∈Bd( T) (v_ ) such that h b and no lower-visible node strictly between h and b on the selected dependency path is already fed by h . Because D is finite and v_ is lower-visible in an accepted trace, at least one such first boundary exists for every essential hidden node. The hidden support of b , written H_b , is the finite promoted subtrace consisting of all hidden promoted ancestors of b that feed b without passing through an earlier lower-visible audit-boundary node. The boundary expression of H_b , written C_b(H_b) , is the object carried by b together with the audited rule data that turns H_b into o(b) .",NOT_APPLICABLE_DEFINITION,"{""caveats"": [""FORMAL_OR_PROOF_ASSISTANT_COMPONENT_DISCLOSED""], ""declarations"": [], ""elaboration_status"": ""NOT_APPLICABLE_OR_NOT_RUN"", ""exact_conclusion_match"": null, ""exact_hypothesis_match"": null, ""lab_or_test_evidence"": [], ""modules"": [], ""source_files"": [], ""statement_delta"": [""Imported module family exists, but no plausible declaration-name match passed the conservative threshold.""], ""status"": ""NO_MATCH"", ""trust_base"": []}","[""CG17"", ""CG25"", ""CG29""]"
P040-C0029,P040,definition,DEFINITION,source/papers/Tsiokos_2026_The_Usefulness_of_Non_Descending_Objects_A_Six_Birds_Theory_of_Mathematical_Applicability.tex:L971-L994; derived/expanded/Tsiokos_2026_The_Usefulness_of_Non_Descending_Objects_A_Six_Birds_Theory_of_Mathematical_Applicability.tex:L971-L994,"SAU boundary normal form: An accepted trace is in SAU boundary normal form when, after deleting irrelevant nodes outside the dependency cone of the final answer, it has the schematic shape T_0 \ q\ T_1, , possibly followed by a lower-visible verifier from a^ to the final accepted answer. In a multi-generator case this becomes . Write NF_ SAU ( T) for the boundary normal form obtained by contracting hidden promoted support and retaining the first audited lower-visible boundary.",NOT_APPLICABLE_DEFINITION,"{""caveats"": [""FORMAL_OR_PROOF_ASSISTANT_COMPONENT_DISCLOSED""], ""declarations"": [], ""elaboration_status"": ""NOT_APPLICABLE_OR_NOT_RUN"", ""exact_conclusion_match"": null, ""exact_hypothesis_match"": null, ""lab_or_test_evidence"": [], ""modules"": [], ""source_files"": [], ""statement_delta"": [""Imported module family exists, but no plausible declaration-name match passed the conservative threshold.""], ""status"": ""NO_MATCH"", ""trust_base"": []}","[""CG17"", ""CG25"", ""CG29""]"
P040-C0030,P040,definition,DEFINITION,source/papers/Tsiokos_2026_The_Usefulness_of_Non_Descending_Objects_A_Six_Birds_Theory_of_Mathematical_Applicability.tex:L1016-L1029; derived/expanded/Tsiokos_2026_The_Usefulness_of_Non_Descending_Objects_A_Six_Birds_Theory_of_Mathematical_Applicability.tex:L1016-L1029,"Audit-equivalent traces: Two accepted promoted-use traces are audit-equivalent, written T _ audit T', when they have the same lower problem profile, the same lower interface, the same accepted final lower answer, the same admissible lower rule uses, and audit records that replay the same bridge, descent, provenance, and nonclaim checks. Audit-equivalence permits deletion of nodes outside the final dependency cone, contraction of a hidden support subtrace to a named support node, and contraction of already lower-visible verifier paths, provided those operations preserve the accepted lower answer and the replayable audit data.",NOT_APPLICABLE_DEFINITION,"{""caveats"": [""FORMAL_OR_PROOF_ASSISTANT_COMPONENT_DISCLOSED""], ""declarations"": [], ""elaboration_status"": ""NOT_APPLICABLE_OR_NOT_RUN"", ""exact_conclusion_match"": null, ""exact_hypothesis_match"": null, ""lab_or_test_evidence"": [], ""modules"": [], ""source_files"": [], ""statement_delta"": [""Imported module family exists, but no plausible declaration-name match passed the conservative threshold.""], ""status"": ""NO_MATCH"", ""trust_base"": []}","[""CG17"", ""CG25"", ""CG29""]"
P040-C0033,P040,definition,DEFINITION,source/papers/Tsiokos_2026_The_Usefulness_of_Non_Descending_Objects_A_Six_Birds_Theory_of_Mathematical_Applicability.tex:L1075-L1095; derived/expanded/Tsiokos_2026_The_Usefulness_of_Non_Descending_Objects_A_Six_Birds_Theory_of_Mathematical_Applicability.tex:L1075-L1095,"Extracted SAU package: Let T be a strict useful trace and let NF_ SAU ( T) be a chosen boundary normal form . The extracted raw SAU package C( T) is the raw proof package whose fields are: SatW :=Sat( P_0), StrictW :=delta_ fact (pi_0,pi_1)≠ , NonDescW :=U_H _ T_0 , DescW :=C_H(U_H) _B b^ , SolveW :=the accepted lower continuation from b^ to a^ _ T , AuditW :=the audit, provenance, bridge, and nonclaim records inherited from T. When the boundary node is itself the final answer node, b^ =a^ _ T ; otherwise b^ is the descended boundary datum and the final lower verifier is included in SolveW .",NOT_APPLICABLE_DEFINITION,"{""caveats"": [""FORMAL_OR_PROOF_ASSISTANT_COMPONENT_DISCLOSED""], ""declarations"": [], ""elaboration_status"": ""NOT_APPLICABLE_OR_NOT_RUN"", ""exact_conclusion_match"": null, ""exact_hypothesis_match"": null, ""lab_or_test_evidence"": [], ""modules"": [], ""source_files"": [], ""statement_delta"": [""Imported module family exists, but no plausible declaration-name match passed the conservative threshold.""], ""status"": ""NO_MATCH"", ""trust_base"": []}","[""CG17"", ""CG25"", ""CG29""]"
P040-C0037,P040,definition,DEFINITION,source/papers/Tsiokos_2026_The_Usefulness_of_Non_Descending_Objects_A_Six_Birds_Theory_of_Mathematical_Applicability.tex:L1214-L1235; derived/expanded/Tsiokos_2026_The_Usefulness_of_Non_Descending_Objects_A_Six_Birds_Theory_of_Mathematical_Applicability.tex:L1214-L1235,"Raw SAU proof package: A raw Strict Audited Utility proof package is a finite record C=( P_0,B_ 0→1 ,U,C,a^ ; SatW,StrictW,NonDescW,DescW,SolveW,AuditW) whose six witness fields are intended to prove the following six obligations: SatW :Sat( P_0), StrictW :delta_ fact (pi_0,pi_1)≠ , NonDescW :U _q, DescW :C(U) _B a^ , SolveW :a^ ∈Ans_0(P) and Eval_ Theta_0 (delta_0(a^ ))=pass, AuditW :delta_ overread = , delta_ nosmuggle (B)= , delta_ audit (B)= , AuditGate_B:pass, with an explicit nonclaim register.",NOT_APPLICABLE_DEFINITION,"{""caveats"": [""FORMAL_OR_PROOF_ASSISTANT_COMPONENT_DISCLOSED""], ""declarations"": [], ""elaboration_status"": ""NOT_APPLICABLE_OR_NOT_RUN"", ""exact_conclusion_match"": null, ""exact_hypothesis_match"": null, ""lab_or_test_evidence"": [], ""modules"": [], ""source_files"": [], ""statement_delta"": [""Imported module family exists, but no plausible declaration-name match passed the conservative threshold.""], ""status"": ""NO_MATCH"", ""trust_base"": []}","[""CG17"", ""CG25"", ""CG29""]"
P040-C0038,P040,definition,DEFINITION,source/papers/Tsiokos_2026_The_Usefulness_of_Non_Descending_Objects_A_Six_Birds_Theory_of_Mathematical_Applicability.tex:L1245-L1252; derived/expanded/Tsiokos_2026_The_Usefulness_of_Non_Descending_Objects_A_Six_Birds_Theory_of_Mathematical_Applicability.tex:L1245-L1252,"Validated SAU proof package: A raw proof package C is validated when every witness field is checked under the declared instruments I_0 and I_B , every bridge used by the proof belongs to the declared admissible bridge family, and every nonclaim required by N_0 and N_B is recorded. We write ValSAU( C) for this finite verification result.",NOT_APPLICABLE_DEFINITION,"{""caveats"": [""FORMAL_OR_PROOF_ASSISTANT_COMPONENT_DISCLOSED""], ""declarations"": [], ""elaboration_status"": ""NOT_APPLICABLE_OR_NOT_RUN"", ""exact_conclusion_match"": null, ""exact_hypothesis_match"": null, ""lab_or_test_evidence"": [], ""modules"": [], ""source_files"": [], ""statement_delta"": [""Imported module family exists, but no plausible declaration-name match passed the conservative threshold.""], ""status"": ""NO_MATCH"", ""trust_base"": []}","[""CG17"", ""CG25"", ""CG29""]"
P040-C0044,P040,definition,DEFINITION,source/papers/Tsiokos_2026_The_Usefulness_of_Non_Descending_Objects_A_Six_Birds_Theory_of_Mathematical_Applicability.tex:L1380-L1451; derived/expanded/Tsiokos_2026_The_Usefulness_of_Non_Descending_Objects_A_Six_Birds_Theory_of_Mathematical_Applicability.tex:L1380-L1451,"SAU failure fields: For a raw candidate package C=( P_0,B_ 0→1 ,U,C,a^ ; SatW,StrictW,NonDescW,DescW,SolveW,AuditW), define the six SAU failure fields as follows: F_ sat ( C)= , Sat( P_0), \ \ , otherwise, F_ strict ( C)= , delta_ fact (pi_0,pi_1)≠ , \ \ , delta_ fact (pi_0,pi_1)= , F_ nondesc ( C)= , U _q, \ \ , otherwise, F_ desc ( C)= , C(U) _B a^ , \ \ , otherwise, F_ solve ( C)= , a^ ∈Ans_0(P) and Eval_ Theta_0 (delta_0(a^ ))=pass, \ \ , otherwise, and F_ audit ( C)= delta_ overread delta_ nosmuggle (B) F_ 6 ^ audit ( C), where F_ 6 ^ audit ( C)= , delta_ audit (B)= and AuditGate_B:pass, \ \ , otherwise. The SAU defect vector is F_ SAU ( C) = (F_ sat ,F_ strict ,F_ nondesc , F_ desc ,F_ solve ,F_ audit ). We write F_ SAU ( C)= when all six components are empty.",NOT_APPLICABLE_DEFINITION,"{""caveats"": [""FORMAL_OR_PROOF_ASSISTANT_COMPONENT_DISCLOSED""], ""declarations"": [], ""elaboration_status"": ""NOT_APPLICABLE_OR_NOT_RUN"", ""exact_conclusion_match"": null, ""exact_hypothesis_match"": null, ""lab_or_test_evidence"": [], ""modules"": [], ""source_files"": [], ""statement_delta"": [""Imported module family exists, but no plausible declaration-name match passed the conservative threshold.""], ""status"": ""NO_MATCH"", ""trust_base"": []}","[""CG17"", ""CG25"", ""CG29""]"
P040-C0046,P040,definition,DEFINITION,source/papers/Tsiokos_2026_The_Usefulness_of_Non_Descending_Objects_A_Six_Birds_Theory_of_Mathematical_Applicability.tex:L1497-L1523; derived/expanded/Tsiokos_2026_The_Usefulness_of_Non_Descending_Objects_A_Six_Birds_Theory_of_Mathematical_Applicability.tex:L1497-L1523,"SAU diagnostic tag set: The diagnostic tag set of a raw package is the finite set Diag_ SAU ( C)⊆ \ accepted,convenient,non_strict,not_hidden, unreturned,irrelevant,failed_audit, smuggled,overread \ assigned by the following rules: accepted∈Diag_ SAU ( C) only when the claim status is accepted, F_ SAU ( C)= , and the package validates. If F_ sat ≠ , add convenient . The promotion may still compress or clarify, but it is not certified as necessary for a saturated lower defect. If F_ strict ≠ , add non_strict . This mirrors the canonical promotion status non_strict; it is recorded here only as a diagnostic tag. If F_ nondesc ≠ , add not_hidden . The alleged promoted structure is not shown to be genuinely non-descending. If F_ desc ≠ , add unreturned . The promoted calculation has not produced an accepted lower descendant. If F_ solve ≠ , add irrelevant . The descendant does not solve, decide, or certify the declared lower problem. If F_6^ audit ≠ , add failed_audit ; the canonical claim status is then blocked. If delta_ nosmuggle (B)≠ , add smuggled ; this mirrors the canonical promotion status smuggled. If delta_ overread ≠ , add overread ; this mirrors the canonical claim status overread. These tags are not a new status family. They are readable labels derived from the canonical claim, promotion, and gate statuses together with the SAU defect vector.",NOT_APPLICABLE_DEFINITION,"{""caveats"": [""FORMAL_OR_PROOF_ASSISTANT_COMPONENT_DISCLOSED""], ""declarations"": [], ""elaboration_status"": ""NOT_APPLICABLE_OR_NOT_RUN"", ""exact_conclusion_match"": null, ""exact_hypothesis_match"": null, ""lab_or_test_evidence"": [], ""modules"": [], ""source_files"": [], ""statement_delta"": [""Imported module family exists, but no plausible declaration-name match passed the conservative threshold.""], ""status"": ""NO_MATCH"", ""trust_base"": []}","[""CG17"", ""CG25"", ""CG29""]"
P040-C0047,P040,definition,DEFINITION,source/papers/Tsiokos_2026_The_Usefulness_of_Non_Descending_Objects_A_Six_Birds_Theory_of_Mathematical_Applicability.tex:L1528-L1565; derived/expanded/Tsiokos_2026_The_Usefulness_of_Non_Descending_Objects_A_Six_Birds_Theory_of_Mathematical_Applicability.tex:L1528-L1565,"Counterfeit SAU patterns: A candidate bridge has one of the following counterfeit profiles when it resembles SAU informally but lacks a required field: Ornamental extension: Strict(B), U _q, but C(U) _B a^ . The promoted layer is richer but unreturned. Mere notation: C(U) _B a^ , but delta_ fact (pi_0,pi_1)= . The promoted expression descends, but no strictness has been shown. Irrelevant descent: C(U) _B a^ , but Eval_ Theta_0 (delta_0(a^ ))≠pass. The descendant exists but does not answer the problem. Smuggled proof: delta_ nosmuggle (B)≠ . The proof uses content not admitted by the bridge. Literalized hidden object: U _q and Lit_0(U) without an independent bridge for U .",NOT_APPLICABLE_DEFINITION,"{""caveats"": [""FORMAL_OR_PROOF_ASSISTANT_COMPONENT_DISCLOSED""], ""declarations"": [], ""elaboration_status"": ""NOT_APPLICABLE_OR_NOT_RUN"", ""exact_conclusion_match"": null, ""exact_hypothesis_match"": null, ""lab_or_test_evidence"": [], ""modules"": [], ""source_files"": [], ""statement_delta"": [""Imported module family exists, but no plausible declaration-name match passed the conservative threshold.""], ""status"": ""NO_MATCH"", ""trust_base"": []}","[""CG17"", ""CG25"", ""CG29""]"
P040-C0053,P040,definition,DEFINITION,source/papers/Tsiokos_2026_The_Usefulness_of_Non_Descending_Objects_A_Six_Birds_Theory_of_Mathematical_Applicability.tex:L1643-L1654; derived/expanded/Tsiokos_2026_The_Usefulness_of_Non_Descending_Objects_A_Six_Birds_Theory_of_Mathematical_Applicability.tex:L1643-L1654,"Exact-six role failure vector: For a candidate exact-six upgrade with role witnesses (W_1,W_2,W_3,W_4,W_5,W_6), define R_6=(R_1,R_2,R_3,R_4,R_5,R_6), where R_i= exactly when W_i is present, role-aligned, thresholded, level-indexed, visible or bridged, audited, and nonclaim-safe; otherwise R_i=\ \ .",NOT_APPLICABLE_DEFINITION,"{""caveats"": [""FORMAL_OR_PROOF_ASSISTANT_COMPONENT_DISCLOSED""], ""declarations"": [], ""elaboration_status"": ""NOT_APPLICABLE_OR_NOT_RUN"", ""exact_conclusion_match"": null, ""exact_hypothesis_match"": null, ""lab_or_test_evidence"": [], ""modules"": [], ""source_files"": [], ""statement_delta"": [""Imported module family exists, but no plausible declaration-name match passed the conservative threshold.""], ""status"": ""NO_MATCH"", ""trust_base"": []}","[""CG17"", ""CG25"", ""CG29""]"
P040-C0054,P040,definition,DEFINITION,source/papers/Tsiokos_2026_The_Usefulness_of_Non_Descending_Objects_A_Six_Birds_Theory_of_Mathematical_Applicability.tex:L1667-L1681; derived/expanded/Tsiokos_2026_The_Usefulness_of_Non_Descending_Objects_A_Six_Birds_Theory_of_Mathematical_Applicability.tex:L1667-L1681,"Lower-layer literalization claim: A lower-layer literalization claim for a promoted structure U , written Lit_0(U), is a claim that asserts one of the following at the lower layer without an additional admissible bridge for U itself: U∈ T_0 ; U _q ; U is directly visible under I_0 ; the lower layer may use all of U , rather than only the audited descendant C(U) . A literalization claim is bridge-backed only when the bridge family L_B contains an admissible bridge for the literalized content of U , not merely for C(U) .",NOT_APPLICABLE_DEFINITION,"{""caveats"": [""FORMAL_OR_PROOF_ASSISTANT_COMPONENT_DISCLOSED""], ""declarations"": [], ""elaboration_status"": ""NOT_APPLICABLE_OR_NOT_RUN"", ""exact_conclusion_match"": null, ""exact_hypothesis_match"": null, ""lab_or_test_evidence"": [], ""modules"": [], ""source_files"": [], ""statement_delta"": [""Imported module family exists, but no plausible declaration-name match passed the conservative threshold.""], ""status"": ""NO_MATCH"", ""trust_base"": []}","[""CG17""]"
P040-C0056,P040,definition,DEFINITION,source/papers/Tsiokos_2026_The_Usefulness_of_Non_Descending_Objects_A_Six_Birds_Theory_of_Mathematical_Applicability.tex:L1743-L1762; derived/expanded/Tsiokos_2026_The_Usefulness_of_Non_Descending_Objects_A_Six_Birds_Theory_of_Mathematical_Applicability.tex:L1743-L1762,"Reduced SAU boundary trace: A reduced SAU boundary trace is a normal-form trace B= ( P_0,B_ 0→1 ,U,C,a^ ;A_ B , N ) obtained from a finite strict useful trace by the boundary-normal-form theorem of , such that: U is the hidden support subtrace or generated hidden support of the promoted calculation; U _q , so U itself is not a lower-layer object, operation, or claim; C(U) _B a^ , so the selected boundary expression descends under audit; no proper audited subexpression D(U) of C(U) already supplies the same lower answer with the same proof role, unless the trace has first been replaced by that smaller boundary; the nonclaim record states that only C(U) 's descendant is asserted at the lower layer, not U itself. We write RedSAU( B) for this condition.",NOT_APPLICABLE_DEFINITION,"{""caveats"": [""FORMAL_OR_PROOF_ASSISTANT_COMPONENT_DISCLOSED""], ""declarations"": [], ""elaboration_status"": ""NOT_APPLICABLE_OR_NOT_RUN"", ""exact_conclusion_match"": null, ""exact_hypothesis_match"": null, ""lab_or_test_evidence"": [], ""modules"": [], ""source_files"": [], ""statement_delta"": [""Imported module family exists, but no plausible declaration-name match passed the conservative threshold.""], ""status"": ""NO_MATCH"", ""trust_base"": []}","[""CG17"", ""CG25"", ""CG29""]"
P040-C0057,P040,definition,DEFINITION,source/papers/Tsiokos_2026_The_Usefulness_of_Non_Descending_Objects_A_Six_Birds_Theory_of_Mathematical_Applicability.tex:L1767-L1774; derived/expanded/Tsiokos_2026_The_Usefulness_of_Non_Descending_Objects_A_Six_Birds_Theory_of_Mathematical_Applicability.tex:L1767-L1774,"Boundary constructor and head: Let C(U) be the selected expression in a reduced boundary trace. Its head constructor is the outermost audit-relevant operation used to turn the hidden support into a lower-descending expression. It is denoted Head(C). The head is typed. For example, a power constructor U↦ U^n , a coefficient constructor F( )↦[ ]F( ) , a fixed-point constructor x↦ x^G , and a quotient-class constructor a↦[a] have different sorts even if their descended values happen to be represented by the same set-theoretic object.",NOT_APPLICABLE_DEFINITION,"{""caveats"": [""FORMAL_OR_PROOF_ASSISTANT_COMPONENT_DISCLOSED""], ""declarations"": [], ""elaboration_status"": ""NOT_APPLICABLE_OR_NOT_RUN"", ""exact_conclusion_match"": null, ""exact_hypothesis_match"": null, ""lab_or_test_evidence"": [], ""modules"": [], ""source_files"": [], ""statement_delta"": [""Imported module family exists, but no plausible declaration-name match passed the conservative threshold.""], ""status"": ""NO_MATCH"", ""trust_base"": []}","[""CG17"", ""CG25"", ""CG29""]"
P040-C0058,P040,definition,DEFINITION,source/papers/Tsiokos_2026_The_Usefulness_of_Non_Descending_Objects_A_Six_Birds_Theory_of_Mathematical_Applicability.tex:L1779-L1786; derived/expanded/Tsiokos_2026_The_Usefulness_of_Non_Descending_Objects_A_Six_Birds_Theory_of_Mathematical_Applicability.tex:L1779-L1786,"Boundary support: The boundary support of C(U) , written Supp_ Boundary (C(U)), is the smallest part of the hidden support and promoted package used by the head constructor to produce the audited descendant. In a root-composite profile this is the orbit of U under composition or powers; in a coefficient profile it is the first-order thickening or coefficient direction; in an invariant profile it is the symmetry orbit; and in an obstruction profile it is the local datum together with the subobject declared trivial or exact.",NOT_APPLICABLE_DEFINITION,"{""caveats"": [""FORMAL_OR_PROOF_ASSISTANT_COMPONENT_DISCLOSED""], ""declarations"": [], ""elaboration_status"": ""NOT_APPLICABLE_OR_NOT_RUN"", ""exact_conclusion_match"": null, ""exact_hypothesis_match"": null, ""lab_or_test_evidence"": [], ""modules"": [], ""source_files"": [], ""statement_delta"": [""Imported module family exists, but no plausible declaration-name match passed the conservative threshold.""], ""status"": ""NO_MATCH"", ""trust_base"": []}","[""CG17"", ""CG25"", ""CG29""]"
P040-C0059,P040,definition,DEFINITION,source/papers/Tsiokos_2026_The_Usefulness_of_Non_Descending_Objects_A_Six_Birds_Theory_of_Mathematical_Applicability.tex:L1791-L1829; derived/expanded/Tsiokos_2026_The_Usefulness_of_Non_Descending_Objects_A_Six_Birds_Theory_of_Mathematical_Applicability.tex:L1791-L1829,"Basic audit grammar: The basic SAU audit grammar G_ Basic is the typed grammar whose primitive boundary constructors are the following: Composite or power constructor: C(U)=U^n (n 2) or, more generally, a finite composite of a hidden update whose selected composite descends. Coefficient or standard-part constructor: C(U)= (Phi(U)), where is a coefficient, jet, residue, leading-term, or standard-part audit map. Projection or shadow constructor: C(U)=q(U), where q is a declared shadow, real-part, observable, quotient, or forgetful projection. Invariant or fixed-point constructor: C(U)∈ Inv_G( T_1) or C(U)∈ Fix(G), where a promoted symmetry action makes the selected expression invariant and hence lower-descending. Trace, norm, or symmetric aggregation constructor: C(U)= _ g∈ G gU, C(U)= _ g∈ G gU, or another declared finite symmetric aggregation of a promoted orbit. Quotient or obstruction-class constructor: C(U)=[U]∈ M/N, where N is the subobject declared exact, trivial, gauge, globally generated, or lower-null. The grammar is closed under finite products, finite sums, ordered tuples, and composition with already accepted lower-layer verifiers. It is not closed under arbitrary informal analogy, undeclared semantic interpretation, or unaudited transfer.",NOT_APPLICABLE_DEFINITION,"{""caveats"": [""FORMAL_OR_PROOF_ASSISTANT_COMPONENT_DISCLOSED""], ""declarations"": [], ""elaboration_status"": ""NOT_APPLICABLE_OR_NOT_RUN"", ""exact_conclusion_match"": null, ""exact_hypothesis_match"": null, ""lab_or_test_evidence"": [], ""modules"": [], ""source_files"": [], ""statement_delta"": [""Imported module family exists, but no plausible declaration-name match passed the conservative threshold.""], ""status"": ""NO_MATCH"", ""trust_base"": []}","[""CG17"", ""CG25"", ""CG29""]"
P040-C0060,P040,definition,DEFINITION,source/papers/Tsiokos_2026_The_Usefulness_of_Non_Descending_Objects_A_Six_Birds_Theory_of_Mathematical_Applicability.tex:L1834-L1840; derived/expanded/Tsiokos_2026_The_Usefulness_of_Non_Descending_Objects_A_Six_Birds_Theory_of_Mathematical_Applicability.tex:L1834-L1840,Basic boundary trace: A reduced SAU boundary trace B is basic when its boundary expression C(U) is generated by G_ Basic and every constructor used in C is declared in the bridge audit record. We write BasicSAU( B).,NOT_APPLICABLE_DEFINITION,"{""caveats"": [""FORMAL_OR_PROOF_ASSISTANT_COMPONENT_DISCLOSED""], ""declarations"": [], ""elaboration_status"": ""NOT_APPLICABLE_OR_NOT_RUN"", ""exact_conclusion_match"": null, ""exact_hypothesis_match"": null, ""lab_or_test_evidence"": [], ""modules"": [], ""source_files"": [], ""statement_delta"": [""Imported module family exists, but no plausible declaration-name match passed the conservative threshold.""], ""status"": ""NO_MATCH"", ""trust_base"": []}","[""CG17"", ""CG25"", ""CG29""]"
P040-C0061,P040,definition,DEFINITION,source/papers/Tsiokos_2026_The_Usefulness_of_Non_Descending_Objects_A_Six_Birds_Theory_of_Mathematical_Applicability.tex:L1849-L1885; derived/expanded/Tsiokos_2026_The_Usefulness_of_Non_Descending_Objects_A_Six_Birds_Theory_of_Mathematical_Applicability.tex:L1849-L1885,"Profile registry generated by the basic grammar: The basic profile registry is R_ Basic =\ RootComp,Coeff,ProjShad,InvDesc,AggInv,ObsLed\ . The four canonical case-study profiles are the subregistry R_ 4 =\ RootComp,Coeff,InvDesc,ObsLed\ . The registry map rho_ Basic : G_ Basic R_ Basic is defined on primitive heads by rho_ Basic (U↦ U^n)=RootComp, rho_ Basic ( Phi)=Coeff, rho_ Basic (q)=ProjShad, rho_ Basic (Inv_G or Fix(G))=InvDesc, rho_ Basic ( _G, _G,symmetric aggregation)=AggInv, rho_ Basic (U↦[U]∈ M/N)=ObsLed. For composite boundary expressions, rho_ Basic returns the finite ordered list or product of primitive profile labels appearing in the reduced expression.",NOT_APPLICABLE_DEFINITION,"{""caveats"": [""FORMAL_OR_PROOF_ASSISTANT_COMPONENT_DISCLOSED""], ""declarations"": [], ""elaboration_status"": ""NOT_APPLICABLE_OR_NOT_RUN"", ""exact_conclusion_match"": null, ""exact_hypothesis_match"": null, ""lab_or_test_evidence"": [], ""modules"": [], ""source_files"": [], ""statement_delta"": [""Imported module family exists, but no plausible declaration-name match passed the conservative threshold.""], ""status"": ""NO_MATCH"", ""trust_base"": []}","[""CG17"", ""CG25"", ""CG29""]"
P040-C0069,P040,definition,DEFINITION,source/papers/Tsiokos_2026_The_Usefulness_of_Non_Descending_Objects_A_Six_Birds_Theory_of_Mathematical_Applicability.tex:L2115-L2149; derived/expanded/Tsiokos_2026_The_Usefulness_of_Non_Descending_Objects_A_Six_Birds_Theory_of_Mathematical_Applicability.tex:L2115-L2149,"Finite real-shadow layer: Let Y=\ -1,0,1\ and let F:Y→ Y, F(y)=-y. The map F is called the lower reversal. The same-layer half-step problem asks for a map H:Y→ Y such that H^2=F. For this profile set Cand_0(P_ Imag )=End(Y) and define the exact defect delta_ Imag,0 (H) = 0, H^2=F, 1, H^2≠ F. The pass threshold is zero defect. Thus a lower candidate passes precisely when it is a same-layer square root of reversal.",NOT_APPLICABLE_DEFINITION,"{""caveats"": [""FORMAL_OR_PROOF_ASSISTANT_COMPONENT_DISCLOSED""], ""declarations"": [], ""elaboration_status"": ""NOT_APPLICABLE_OR_NOT_RUN"", ""exact_conclusion_match"": null, ""exact_hypothesis_match"": null, ""lab_or_test_evidence"": [], ""modules"": [], ""source_files"": [], ""statement_delta"": [""Imported module family exists, but no plausible declaration-name match passed the conservative threshold.""], ""status"": ""NO_MATCH"", ""trust_base"": []}","[""CG17"", ""CG25"", ""CG29""]"
P040-C0073,P040,definition,DEFINITION,source/papers/Tsiokos_2026_The_Usefulness_of_Non_Descending_Objects_A_Six_Birds_Theory_of_Mathematical_Applicability.tex:L2207-L2239; derived/expanded/Tsiokos_2026_The_Usefulness_of_Non_Descending_Objects_A_Six_Birds_Theory_of_Mathematical_Applicability.tex:L2207-L2239,"Four-phase carrier and real-shadow lens: Let X=C_4=\ 1,i,-1,-i\ with the cyclic update G:X→ X, G(z)=iz. Thus 1↦ i↦ -1↦ -i↦ 1. Define the real-shadow lens q:X→ Y by q(1)=1, q(-1)=-1, q(i)=q(-i)=0. The promoted operation is U=G . The selected expression former is C(G)=G^2.",NOT_APPLICABLE_DEFINITION,"{""caveats"": [""FORMAL_OR_PROOF_ASSISTANT_COMPONENT_DISCLOSED""], ""declarations"": [], ""elaboration_status"": ""NOT_APPLICABLE_OR_NOT_RUN"", ""exact_conclusion_match"": null, ""exact_hypothesis_match"": null, ""lab_or_test_evidence"": [], ""modules"": [], ""source_files"": [], ""statement_delta"": [""Imported module family exists, but no plausible declaration-name match passed the conservative threshold.""], ""status"": ""NO_MATCH"", ""trust_base"": []}","[""CG17"", ""CG25"", ""CG29""]"
P040-C0074,P040,definition,DEFINITION,source/papers/Tsiokos_2026_The_Usefulness_of_Non_Descending_Objects_A_Six_Birds_Theory_of_Mathematical_Applicability.tex:L2293-L2325; derived/expanded/Tsiokos_2026_The_Usefulness_of_Non_Descending_Objects_A_Six_Birds_Theory_of_Mathematical_Applicability.tex:L2293-L2325,"The imaginary-number promotion bridge: The imaginary-number promotion bridge is the record B_ Imag =( T_0, T_1,I_ Imag ,S,q, pi_0, pi_1,U,C, G_ Imag , A_ Imag , L_ Imag , N_ Imag ), where: T_0 is the finite real-shadow package on Y=\ -1,0,1\ with reversal F ; T_1 is the four-phase package on X=C_4 , optionally completed real-linearly to R[J] C ; S=X , q:X→ Y is the real-shadow lens, pi_0=q , and pi_1= _X ; U=G is the quarter-turn update; C(G)=G^2 ; the accepted descended output is the audited certificate a^ _ Imag :=(F,\ qG^2=Fq,\ G _q); the nonclaim register includes G End(Y), G _q, `` i is not a real-shadow state.''''",NOT_APPLICABLE_DEFINITION,"{""caveats"": [""FORMAL_OR_PROOF_ASSISTANT_COMPONENT_DISCLOSED""], ""declarations"": [], ""elaboration_status"": ""NOT_APPLICABLE_OR_NOT_RUN"", ""exact_conclusion_match"": null, ""exact_hypothesis_match"": null, ""lab_or_test_evidence"": [], ""modules"": [], ""source_files"": [], ""statement_delta"": [""Imported module family exists, but no plausible declaration-name match passed the conservative threshold.""], ""status"": ""NO_MATCH"", ""trust_base"": []}","[""CG17"", ""CG25"", ""CG29""]"
P040-C0089,P040,definition,DEFINITION,source/papers/Tsiokos_2026_The_Usefulness_of_Non_Descending_Objects_A_Six_Birds_Theory_of_Mathematical_Applicability.tex:L2631-L2646; derived/expanded/Tsiokos_2026_The_Usefulness_of_Non_Descending_Objects_A_Six_Birds_Theory_of_Mathematical_Applicability.tex:L2631-L2646,"Value-only derivative-extraction problem: The lower candidate class for the derivative-extraction problem is Cand_0(P_ Jet )=\ m: R→ R\ , where a candidate m is intended to compute derivative information from the visible value f(x) . Define the exact defect delta_ Jet,0 (m)= 0, m _x=D_x, 1, m _x≠ D_x. The pass threshold is zero defect. Thus a lower candidate passes precisely when the derivative functional factors through the point-value interface.",NOT_APPLICABLE_DEFINITION,"{""caveats"": [""FORMAL_OR_PROOF_ASSISTANT_COMPONENT_DISCLOSED""], ""declarations"": [], ""elaboration_status"": ""NOT_APPLICABLE_OR_NOT_RUN"", ""exact_conclusion_match"": null, ""exact_hypothesis_match"": null, ""lab_or_test_evidence"": [], ""modules"": [], ""source_files"": [], ""statement_delta"": [""Imported module family exists, but no plausible declaration-name match passed the conservative threshold.""], ""status"": ""NO_MATCH"", ""trust_base"": []}","[""CG17"", ""CG25"", ""CG29""]"
P040-C0093,P040,definition,DEFINITION,source/papers/Tsiokos_2026_The_Usefulness_of_Non_Descending_Objects_A_Six_Birds_Theory_of_Mathematical_Applicability.tex:L2741-L2769; derived/expanded/Tsiokos_2026_The_Usefulness_of_Non_Descending_Objects_A_Six_Birds_Theory_of_Mathematical_Applicability.tex:L2741-L2769,"Dual-number algebra: Let R[ ]/( ^2)= R[ ]/( ^2). Every element of R[ ]/( ^2) has a unique form a+b , a,b∈ R, with ^2=0. Define the standard-part audit and coefficient audit by st(a+b )=a, [ ](a+b )=b. The promoted first-order interface at x is j_x^1: P→ R[ ]/( ^2), j_x^1(f)=f(x+ ).",NOT_APPLICABLE_DEFINITION,"{""caveats"": [""FORMAL_OR_PROOF_ASSISTANT_COMPONENT_DISCLOSED""], ""declarations"": [], ""elaboration_status"": ""NOT_APPLICABLE_OR_NOT_RUN"", ""exact_conclusion_match"": null, ""exact_hypothesis_match"": null, ""lab_or_test_evidence"": [], ""modules"": [], ""source_files"": [], ""statement_delta"": [""Imported module family exists, but no plausible declaration-name match passed the conservative threshold.""], ""status"": ""NO_MATCH"", ""trust_base"": []}","[""CG17"", ""CG25"", ""CG29""]"
P040-C0094,P040,definition,DEFINITION,source/papers/Tsiokos_2026_The_Usefulness_of_Non_Descending_Objects_A_Six_Birds_Theory_of_Mathematical_Applicability.tex:L2798-L2813; derived/expanded/Tsiokos_2026_The_Usefulness_of_Non_Descending_Objects_A_Six_Birds_Theory_of_Mathematical_Applicability.tex:L2798-L2813,Value and first-jet interfaces: Let the comparison carrier be the polynomial algebra S_ Jet = R[t]. Define pi_0= _x:S_ Jet → R and pi_1=j_x^1:S_ Jet → R[ ]/( ^2). The lower interface pi_0 sees only value. The promoted interface pi_1 sees value plus first-order coefficient.,NOT_APPLICABLE_DEFINITION,"{""caveats"": [""FORMAL_OR_PROOF_ASSISTANT_COMPONENT_DISCLOSED""], ""declarations"": [], ""elaboration_status"": ""NOT_APPLICABLE_OR_NOT_RUN"", ""exact_conclusion_match"": null, ""exact_hypothesis_match"": null, ""lab_or_test_evidence"": [], ""modules"": [], ""source_files"": [], ""statement_delta"": [""Imported module family exists, but no plausible declaration-name match passed the conservative threshold.""], ""status"": ""NO_MATCH"", ""trust_base"": []}","[""CG17""]"
P040-C0108,P040,definition,DEFINITION,source/papers/Tsiokos_2026_The_Usefulness_of_Non_Descending_Objects_A_Six_Birds_Theory_of_Mathematical_Applicability.tex:L3200-L3221; derived/expanded/Tsiokos_2026_The_Usefulness_of_Non_Descending_Objects_A_Six_Birds_Theory_of_Mathematical_Applicability.tex:L3200-L3221,"Galois root-use problem: The Galois root-use problem P_ Gal has two layers: the saturated lower request for an individual root in K , with candidate class K and defect delta_ Gal,0 ; the audited replacement answer type consisting of base-field invariant data generated from a promoted root package, such as C_ orb (alpha), Tr_ L/K (alpha), Nm_ L/K (alpha), and other G-fixed expressions. The nonclaim register contains, at minimum, alpha∈ K is not claimed.",NOT_APPLICABLE_DEFINITION,"{""caveats"": [""FORMAL_OR_PROOF_ASSISTANT_COMPONENT_DISCLOSED""], ""declarations"": [], ""elaboration_status"": ""NOT_APPLICABLE_OR_NOT_RUN"", ""exact_conclusion_match"": null, ""exact_hypothesis_match"": null, ""lab_or_test_evidence"": [], ""modules"": [], ""source_files"": [], ""statement_delta"": [""Imported module family exists, but no plausible declaration-name match passed the conservative threshold.""], ""status"": ""NO_MATCH"", ""trust_base"": []}","[""CG17"", ""CG25"", ""CG29""]"
P040-C0121,P040,definition,DEFINITION,source/papers/Tsiokos_2026_The_Usefulness_of_Non_Descending_Objects_A_Six_Birds_Theory_of_Mathematical_Applicability.tex:L3583-L3598; derived/expanded/Tsiokos_2026_The_Usefulness_of_Non_Descending_Objects_A_Six_Birds_Theory_of_Mathematical_Applicability.tex:L3583-L3598,"Period audit over cycles: A directed closed walk or cycle gamma determines a signed sum of oriented edges. For a∈ C^1(Gamma;k) , define the period of a around gamma by _gamma a = _ e∈ gamma epsilon_e a(e), where epsilon_e=1 if gamma traverses e in the chosen orientation and epsilon_e=-1 if it traverses e in the opposite orientation. The period audit is the map Per(a):Z_1(Gamma;k)→ k, Per(a)(gamma)= _gamma a, where Z_1(Gamma;k) is the cycle space of the graph.",NOT_APPLICABLE_DEFINITION,"{""caveats"": [""FORMAL_OR_PROOF_ASSISTANT_COMPONENT_DISCLOSED""], ""declarations"": [], ""elaboration_status"": ""NOT_APPLICABLE_OR_NOT_RUN"", ""exact_conclusion_match"": null, ""exact_hypothesis_match"": null, ""lab_or_test_evidence"": [], ""modules"": [], ""source_files"": [], ""statement_delta"": [""Imported module family exists, but no plausible declaration-name match passed the conservative threshold.""], ""status"": ""NO_MATCH"", ""trust_base"": []}","[""CG17"", ""CG25"", ""CG29""]"
P040-C0122,P040,definition,DEFINITION,source/papers/Tsiokos_2026_The_Usefulness_of_Non_Descending_Objects_A_Six_Birds_Theory_of_Mathematical_Applicability.tex:L3603-L3621; derived/expanded/Tsiokos_2026_The_Usefulness_of_Non_Descending_Objects_A_Six_Birds_Theory_of_Mathematical_Applicability.tex:L3603-L3621,"Local interface and cohomology interface: Let S=C^1(Gamma;k). Define the lower local interface by pi_0:S→\ locally-admissible\ , pi_0(a)=locally-admissible, and the promoted cohomology interface by pi_1:S→ H^1(Gamma;k), pi_1(a)=[a].",NOT_APPLICABLE_DEFINITION,"{""caveats"": [""FORMAL_OR_PROOF_ASSISTANT_COMPONENT_DISCLOSED""], ""declarations"": [], ""elaboration_status"": ""NOT_APPLICABLE_OR_NOT_RUN"", ""exact_conclusion_match"": null, ""exact_hypothesis_match"": null, ""lab_or_test_evidence"": [], ""modules"": [], ""source_files"": [], ""statement_delta"": [""Imported module family exists, but no plausible declaration-name match passed the conservative threshold.""], ""status"": ""NO_MATCH"", ""trust_base"": []}","[""CG17"", ""CG25"", ""CG29""]"
P040-C0123,P040,definition,DEFINITION,source/papers/Tsiokos_2026_The_Usefulness_of_Non_Descending_Objects_A_Six_Birds_Theory_of_Mathematical_Applicability.tex:L3626-L3644; derived/expanded/Tsiokos_2026_The_Usefulness_of_Non_Descending_Objects_A_Six_Birds_Theory_of_Mathematical_Applicability.tex:L3626-L3644,"Cohomological non-descent and audit: For a∈ C^1(Gamma;k) , write a _ pot when no global potential phi∈ C^0(Gamma;k) satisfies d_0phi=a . Define the obstruction expression C(a)=([a],Per(a)). It is audited by the equivalences [a]=0 Longleftrightarrow Per(a)=0 Longleftrightarrow phi with d_0phi=a.",NOT_APPLICABLE_DEFINITION,"{""caveats"": [""FORMAL_OR_PROOF_ASSISTANT_COMPONENT_DISCLOSED""], ""declarations"": [], ""elaboration_status"": ""NOT_APPLICABLE_OR_NOT_RUN"", ""exact_conclusion_match"": null, ""exact_hypothesis_match"": null, ""lab_or_test_evidence"": [], ""modules"": [], ""source_files"": [], ""statement_delta"": [""Imported module family exists, but no plausible declaration-name match passed the conservative threshold.""], ""status"": ""NO_MATCH"", ""trust_base"": []}","[""CG17"", ""CG25"", ""CG29""]"
P040-C0124,P040,definition,DEFINITION,source/papers/Tsiokos_2026_The_Usefulness_of_Non_Descending_Objects_A_Six_Birds_Theory_of_Mathematical_Applicability.tex:L3649-L3665; derived/expanded/Tsiokos_2026_The_Usefulness_of_Non_Descending_Objects_A_Six_Birds_Theory_of_Mathematical_Applicability.tex:L3649-L3665,"Cohomology descent-use problem: For a fixed finite connected graph Gamma and edge datum a∈ C^1(Gamma;k) , the cohomology descent-use problem P_ Coh (a) asks for an accepted lower answer to the question: Does a descend to a global potential? The lower candidate class consists of potentials phi∈ C^0(Gamma;k) . The promoted answer type consists of either: a positive descent witness phi with d_0phi=a , certified by [a]=0 ; or a negative obstruction witness, such as [a]≠0 together with a cycle gamma satisfying _gamma a≠0 . The nonclaim register contains, at minimum, local edge admissibility implies global descent is not claimed.",NOT_APPLICABLE_DEFINITION,"{""caveats"": [""FORMAL_OR_PROOF_ASSISTANT_COMPONENT_DISCLOSED""], ""declarations"": [], ""elaboration_status"": ""NOT_APPLICABLE_OR_NOT_RUN"", ""exact_conclusion_match"": null, ""exact_hypothesis_match"": null, ""lab_or_test_evidence"": [], ""modules"": [], ""source_files"": [], ""statement_delta"": [""Imported module family exists, but no plausible declaration-name match passed the conservative threshold.""], ""status"": ""NO_MATCH"", ""trust_base"": []}","[""CG17"", ""CG25"", ""CG29""]"
P040-C0139,P040,definition,DEFINITION,source/papers/Tsiokos_2026_The_Usefulness_of_Non_Descending_Objects_A_Six_Birds_Theory_of_Mathematical_Applicability.tex:L4014-L4030; derived/expanded/Tsiokos_2026_The_Usefulness_of_Non_Descending_Objects_A_Six_Birds_Theory_of_Mathematical_Applicability.tex:L4014-L4030,"Canonical witness vector: The canonical witness vector is the ordered family W_ 4 = ( W_ Imag , W_ Jet , W_ Gal , W_ Coh ), where: W_ Imag is the root-composite witness built from the four-phase carrier C_4=\ 1,i,-1,-i\ , the real-shadow lens q:C_4→\ -1,0,1\ , the quarter-turn G(z)=iz , and the descending square G^2 . W_ Jet is the coefficient witness built from the dual-number algebra R[ ]/( ^2) , the non-real nilpotent , the first-jet expression f(x+ ) , and the coefficient audit [ ]f(x+ )=f'(x) . W_ Gal is the invariant-descent witness built from a finite Galois splitting field L/K , a non-descending root alpha K , and descending invariant audits such as elementary symmetric functions, L^ Gal(L/K) =K , Tr_ L/K , and Nm_ L/K . W_ Coh is the obstruction-ledger witness built from a finite connected graph Gamma , local edge data a∈ C^1(Gamma;k) , the global-potential descent question a=d_0phi , and the obstruction class [a]∈ H^1(Gamma;k) . Each component of W_4 is understood with its declared lower problem profile, promotion bridge, audit channels, and nonclaim register from the corresponding theorem sheet.",NOT_APPLICABLE_DEFINITION,"{""caveats"": [""FORMAL_OR_PROOF_ASSISTANT_COMPONENT_DISCLOSED""], ""declarations"": [], ""elaboration_status"": ""NOT_APPLICABLE_OR_NOT_RUN"", ""exact_conclusion_match"": null, ""exact_hypothesis_match"": null, ""lab_or_test_evidence"": [], ""modules"": [], ""source_files"": [], ""statement_delta"": [""Imported module family exists, but no plausible declaration-name match passed the conservative threshold.""], ""status"": ""NO_MATCH"", ""trust_base"": []}","[""CG17"", ""CG25"", ""CG29""]"
P040-C0150,P040,definition,DEFINITION,source/papers/Tsiokos_2026_The_Usefulness_of_Non_Descending_Objects_A_Six_Birds_Theory_of_Mathematical_Applicability.tex:L4282-L4290; derived/expanded/Tsiokos_2026_The_Usefulness_of_Non_Descending_Objects_A_Six_Birds_Theory_of_Mathematical_Applicability.tex:L4282-L4290,"Case profile: The case profile of a witness W is Profile( W) =(tau_ nondesc ,tau_ desc ,tau_ audit ,tau_ defect ), where tau_ nondesc records the type of non-descending structure, tau_ desc records the type of selected descendant, tau_ audit records the audit channel, and tau_ defect records the lower-layer defect closed or certified by the promoted package.",NOT_APPLICABLE_DEFINITION,"{""caveats"": [""FORMAL_OR_PROOF_ASSISTANT_COMPONENT_DISCLOSED""], ""declarations"": [], ""elaboration_status"": ""NOT_APPLICABLE_OR_NOT_RUN"", ""exact_conclusion_match"": null, ""exact_hypothesis_match"": null, ""lab_or_test_evidence"": [], ""modules"": [], ""source_files"": [], ""statement_delta"": [""Imported module family exists, but no plausible declaration-name match passed the conservative threshold.""], ""status"": ""NO_MATCH"", ""trust_base"": []}","[""CG17"", ""CG25"", ""CG29""]"
P040-C0151,P040,definition,DEFINITION,source/papers/Tsiokos_2026_The_Usefulness_of_Non_Descending_Objects_A_Six_Birds_Theory_of_Mathematical_Applicability.tex:L4296-L4318; derived/expanded/Tsiokos_2026_The_Usefulness_of_Non_Descending_Objects_A_Six_Birds_Theory_of_Mathematical_Applicability.tex:L4296-L4318,"SAU profile skeleton: An SAU profile skeleton is a finite typed record p= (tau_ 0 ,tau_ sat ,tau_ strict , tau_ U ,tau_ C ,tau_ desc ,tau_ solve , tau_ audit ,tau_ nonclaim ), where: tau_0 records the lower-layer problem type; tau_ sat records the saturation witness type; tau_ strict records the nonfactorization witness type; tau_U records the promoted non-descending structure type; tau_C records the selected composite, coefficient, invariant, trace, norm, standard part, or obstruction expression; tau_ desc records the descent equation or audit channel; tau_ solve records how the descended object solves, decides, or certifies the lower problem; tau_ audit records the required audit data; tau_ nonclaim records the hidden-structure claims that must remain blocked. The skeleton records roles and obligations, not a concrete mathematical substrate.",NOT_APPLICABLE_DEFINITION,"{""caveats"": [""FORMAL_OR_PROOF_ASSISTANT_COMPONENT_DISCLOSED""], ""declarations"": [], ""elaboration_status"": ""NOT_APPLICABLE_OR_NOT_RUN"", ""exact_conclusion_match"": null, ""exact_hypothesis_match"": null, ""lab_or_test_evidence"": [], ""modules"": [], ""source_files"": [], ""statement_delta"": [""Imported module family exists, but no plausible declaration-name match passed the conservative threshold.""], ""status"": ""NO_MATCH"", ""trust_base"": []}","[""CG17"", ""CG25"", ""CG29""]"
P040-C0152,P040,definition,DEFINITION,source/papers/Tsiokos_2026_The_Usefulness_of_Non_Descending_Objects_A_Six_Birds_Theory_of_Mathematical_Applicability.tex:L4323-L4339; derived/expanded/Tsiokos_2026_The_Usefulness_of_Non_Descending_Objects_A_Six_Birds_Theory_of_Mathematical_Applicability.tex:L4323-L4339,"Profile instance: Let p be an SAU profile skeleton. A profile instance of p is a raw candidate package C=( P_0,B_ 0→1 ,U,C,a^ ; SatW,StrictW,NonDescW,DescW,SolveW,AuditW) together with a typing map rho: C p which assigns each concrete witness field of C to the corresponding profile slot of Definition . We write Inst( p, C) when the typing map is declared and all profile slots are inhabited by concrete witness data.",NOT_APPLICABLE_DEFINITION,"{""caveats"": [""FORMAL_OR_PROOF_ASSISTANT_COMPONENT_DISCLOSED""], ""declarations"": [], ""elaboration_status"": ""NOT_APPLICABLE_OR_NOT_RUN"", ""exact_conclusion_match"": null, ""exact_hypothesis_match"": null, ""lab_or_test_evidence"": [], ""modules"": [], ""source_files"": [], ""statement_delta"": [""Imported module family exists, but no plausible declaration-name match passed the conservative threshold.""], ""status"": ""NO_MATCH"", ""trust_base"": []}","[""CG17"", ""CG25"", ""CG29""]"
P040-C0153,P040,definition,DEFINITION,source/papers/Tsiokos_2026_The_Usefulness_of_Non_Descending_Objects_A_Six_Birds_Theory_of_Mathematical_Applicability.tex:L4344-L4355; derived/expanded/Tsiokos_2026_The_Usefulness_of_Non_Descending_Objects_A_Six_Birds_Theory_of_Mathematical_Applicability.tex:L4344-L4355,"Validated profile instance: A profile instance Inst( p, C) is validated when F_ SAU ( C)= under the declared instruments, thresholds, bridges, and nonclaim registers. We write Inst_ SAU ( p, C) for a validated profile instance.",NOT_APPLICABLE_DEFINITION,"{""caveats"": [""FORMAL_OR_PROOF_ASSISTANT_COMPONENT_DISCLOSED""], ""declarations"": [], ""elaboration_status"": ""NOT_APPLICABLE_OR_NOT_RUN"", ""exact_conclusion_match"": null, ""exact_hypothesis_match"": null, ""lab_or_test_evidence"": [], ""modules"": [], ""source_files"": [], ""statement_delta"": [""Imported module family exists, but no plausible declaration-name match passed the conservative threshold.""], ""status"": ""NO_MATCH"", ""trust_base"": []}","[""CG17"", ""CG25"", ""CG29""]"
P040-C0154,P040,definition,DEFINITION,source/papers/Tsiokos_2026_The_Usefulness_of_Non_Descending_Objects_A_Six_Birds_Theory_of_Mathematical_Applicability.tex:L4360-L4373; derived/expanded/Tsiokos_2026_The_Usefulness_of_Non_Descending_Objects_A_Six_Birds_Theory_of_Mathematical_Applicability.tex:L4360-L4373,"Substrate erasure: For a raw candidate package C , define its substrate erasure Erase( C)=Profile( C) to be the record obtained by forgetting the substrate-specific carriers, elements, functions, roots, graphs, fields, and algebras, while retaining: (tau_ 0 ,tau_ sat ,tau_ strict , tau_U,tau_C,tau_ desc ,tau_ solve , tau_ audit ,tau_ nonclaim ). Equivalently, Erase keeps the bridge grammar and suppresses the material implementation.",NOT_APPLICABLE_DEFINITION,"{""caveats"": [""FORMAL_OR_PROOF_ASSISTANT_COMPONENT_DISCLOSED""], ""declarations"": [], ""elaboration_status"": ""NOT_APPLICABLE_OR_NOT_RUN"", ""exact_conclusion_match"": null, ""exact_hypothesis_match"": null, ""lab_or_test_evidence"": [], ""modules"": [], ""source_files"": [], ""statement_delta"": [""Imported module family exists, but no plausible declaration-name match passed the conservative threshold.""], ""status"": ""NO_MATCH"", ""trust_base"": []}","[""CG17"", ""CG25"", ""CG29""]"
P040-C0158,P040,definition,DEFINITION,source/papers/Tsiokos_2026_The_Usefulness_of_Non_Descending_Objects_A_Six_Birds_Theory_of_Mathematical_Applicability.tex:L4424-L4431; derived/expanded/Tsiokos_2026_The_Usefulness_of_Non_Descending_Objects_A_Six_Birds_Theory_of_Mathematical_Applicability.tex:L4424-L4431,"Profile equivalence: Two candidate packages C and C' are profile-equivalent, written C _ Profile C', when their substrate erasures are isomorphic as typed SAU skeletons. This means that their six witness obligations have the same role shape, but it does not assert an isomorphism between their underlying carriers.",NOT_APPLICABLE_DEFINITION,"{""caveats"": [""FORMAL_OR_PROOF_ASSISTANT_COMPONENT_DISCLOSED""], ""declarations"": [], ""elaboration_status"": ""NOT_APPLICABLE_OR_NOT_RUN"", ""exact_conclusion_match"": null, ""exact_hypothesis_match"": null, ""lab_or_test_evidence"": [], ""modules"": [], ""source_files"": [], ""statement_delta"": [""Imported module family exists, but no plausible declaration-name match passed the conservative threshold.""], ""status"": ""NO_MATCH"", ""trust_base"": []}","[""CG17"", ""CG25"", ""CG29""]"
P040-C0159,P040,definition,DEFINITION,source/papers/Tsiokos_2026_The_Usefulness_of_Non_Descending_Objects_A_Six_Birds_Theory_of_Mathematical_Applicability.tex:L4436-L4452; derived/expanded/Tsiokos_2026_The_Usefulness_of_Non_Descending_Objects_A_Six_Birds_Theory_of_Mathematical_Applicability.tex:L4436-L4452,"SAU transfer plan: An SAU transfer plan from a source package C_s to a target package C_t is a triple Transfer( C_s, C_t; p) such that: Inst_ SAU ( p, C_s) , so the source realizes p with a validated certificate; Inst( p, C_t) , so the target inhabits the same profile skeleton; the target has its own candidate witness fields and instruments, not merely borrowed source witnesses. The transfer plan is validated when additionally F_ SAU ( C_t)= .",NOT_APPLICABLE_DEFINITION,"{""caveats"": [""FORMAL_OR_PROOF_ASSISTANT_COMPONENT_DISCLOSED""], ""declarations"": [], ""elaboration_status"": ""NOT_APPLICABLE_OR_NOT_RUN"", ""exact_conclusion_match"": null, ""exact_hypothesis_match"": null, ""lab_or_test_evidence"": [], ""modules"": [], ""source_files"": [], ""statement_delta"": [""Imported module family exists, but no plausible declaration-name match passed the conservative threshold.""], ""status"": ""NO_MATCH"", ""trust_base"": []}","[""CG17"", ""CG25"", ""CG29""]"
P040-C0160,P040,definition,DEFINITION,source/papers/Tsiokos_2026_The_Usefulness_of_Non_Descending_Objects_A_Six_Birds_Theory_of_Mathematical_Applicability.tex:L4457-L4492; derived/expanded/Tsiokos_2026_The_Usefulness_of_Non_Descending_Objects_A_Six_Birds_Theory_of_Mathematical_Applicability.tex:L4457-L4492,"Canonical SAU profile registry: The four canonical witnesses determine the registry R_4= \ p_ RootComp , p_ Coeff , p_ InvDesc , p_ ObsLed \ , where: p_ RootComp is the root-composite profile: U _q, U^n _q F. p_ Coeff is the coefficient or standard-part profile: U _ T_0 , (Phi(U))=a^ for a coefficient, standard-part, or jet audit . p_ InvDesc is the invariant-descent profile: U T_0, C(U)∈ Inv( T_1/ T_0) T_0. p_ ObsLed is the obstruction-ledger profile: local or partial data fails descent, [U]=0 iff descent succeeds.",NOT_APPLICABLE_DEFINITION,"{""caveats"": [""FORMAL_OR_PROOF_ASSISTANT_COMPONENT_DISCLOSED""], ""declarations"": [], ""elaboration_status"": ""NOT_APPLICABLE_OR_NOT_RUN"", ""exact_conclusion_match"": null, ""exact_hypothesis_match"": null, ""lab_or_test_evidence"": [], ""modules"": [], ""source_files"": [], ""statement_delta"": [""Imported module family exists, but no plausible declaration-name match passed the conservative threshold.""], ""status"": ""NO_MATCH"", ""trust_base"": []}","[""CG17"", ""CG25"", ""CG29""]"
P040-C0161,P040,definition,DEFINITION,source/papers/Tsiokos_2026_The_Usefulness_of_Non_Descending_Objects_A_Six_Birds_Theory_of_Mathematical_Applicability.tex:L4497-L4507; derived/expanded/Tsiokos_2026_The_Usefulness_of_Non_Descending_Objects_A_Six_Birds_Theory_of_Mathematical_Applicability.tex:L4497-L4507,"SAU coverage: Let P be a family of lower-layer problems and let R be a finite registry of SAU profile skeletons. We say that R SAU-covers P , written Cover_ SAU ( R, P), when for every P∈ P there exist a lower problem profile P_ 0,P , a candidate bridge B_P , a candidate package C_P , and a profile p_P∈ R such that Inst_ SAU ( p_P, C_P).",NOT_APPLICABLE_DEFINITION,"{""caveats"": [""FORMAL_OR_PROOF_ASSISTANT_COMPONENT_DISCLOSED""], ""declarations"": [], ""elaboration_status"": ""NOT_APPLICABLE_OR_NOT_RUN"", ""exact_conclusion_match"": null, ""exact_hypothesis_match"": null, ""lab_or_test_evidence"": [], ""modules"": [], ""source_files"": [], ""statement_delta"": [""Imported module family exists, but no plausible declaration-name match passed the conservative threshold.""], ""status"": ""NO_MATCH"", ""trust_base"": []}","[""CG17"", ""CG25"", ""CG29""]"
P040-C0171,P040,definition,DEFINITION,source/papers/Tsiokos_2026_The_Usefulness_of_Non_Descending_Objects_A_Six_Birds_Theory_of_Mathematical_Applicability.tex:L4702-L4709; derived/expanded/Tsiokos_2026_The_Usefulness_of_Non_Descending_Objects_A_Six_Birds_Theory_of_Mathematical_Applicability.tex:L4702-L4709,"Explanatory compression: Suppose a finite registry R SAU-covers a finite problem family P . The registry provides explanatory compression when many problem instances are certified by fewer recurring profile skeletons. A crude count is _ SAU ( P, R)=| P|-| R|, with the understanding that this number is only a bookkeeping index, not an invariant of mathematical depth.",NOT_APPLICABLE_DEFINITION,"{""caveats"": [""FORMAL_OR_PROOF_ASSISTANT_COMPONENT_DISCLOSED""], ""declarations"": [], ""elaboration_status"": ""NOT_APPLICABLE_OR_NOT_RUN"", ""exact_conclusion_match"": null, ""exact_hypothesis_match"": null, ""lab_or_test_evidence"": [], ""modules"": [], ""source_files"": [], ""statement_delta"": [""Imported module family exists, but no plausible declaration-name match passed the conservative threshold.""], ""status"": ""NO_MATCH"", ""trust_base"": []}","[""CG17"", ""CG25"", ""CG29""]"
P040-C0177,P040,definition,DEFINITION,source/papers/Tsiokos_2026_The_Usefulness_of_Non_Descending_Objects_A_Six_Birds_Theory_of_Mathematical_Applicability.tex:L4836-L4847; derived/expanded/Tsiokos_2026_The_Usefulness_of_Non_Descending_Objects_A_Six_Birds_Theory_of_Mathematical_Applicability.tex:L4836-L4847,"Exact quotient descent: Let q:X→ Y be a quotient, shadow, or observable map and let F:X→ X be an update. We say that F descends through q , written F _q, when there exists a map F^ :Y→ Y such that qF=F^ q. The descended map F^ is unique on im(q) .",NOT_APPLICABLE_DEFINITION,"{""caveats"": [""FORMAL_OR_PROOF_ASSISTANT_COMPONENT_DISCLOSED""], ""declarations"": [], ""elaboration_status"": ""NOT_APPLICABLE_OR_NOT_RUN"", ""exact_conclusion_match"": null, ""exact_hypothesis_match"": null, ""lab_or_test_evidence"": [], ""modules"": [], ""source_files"": [], ""statement_delta"": [""Imported module family exists, but no plausible declaration-name match passed the conservative threshold.""], ""status"": ""NO_MATCH"", ""trust_base"": []}","[""CG17"", ""CG25"", ""CG29""]"
P040-C0178,P040,definition,DEFINITION,source/papers/Tsiokos_2026_The_Usefulness_of_Non_Descending_Objects_A_Six_Birds_Theory_of_Mathematical_Applicability.tex:L4851-L4866; derived/expanded/Tsiokos_2026_The_Usefulness_of_Non_Descending_Objects_A_Six_Birds_Theory_of_Mathematical_Applicability.tex:L4851-L4866,"Split-pair descent defect: For q:X→ Y and F:X→ X , define delta^ split _1(q,F) = \ (x,x')∈ X× X:q(x)=q(x') and qF(x)≠ qF(x')\ . Then F _q Longleftrightarrow delta^ split _1(q,F)= . A nonempty split-pair defect is an explicit P_1 descent obstruction.",NOT_APPLICABLE_DEFINITION,"{""caveats"": [""FORMAL_OR_PROOF_ASSISTANT_COMPONENT_DISCLOSED""], ""declarations"": [], ""elaboration_status"": ""NOT_APPLICABLE_OR_NOT_RUN"", ""exact_conclusion_match"": null, ""exact_hypothesis_match"": null, ""lab_or_test_evidence"": [], ""modules"": [], ""source_files"": [], ""statement_delta"": [""Imported module family exists, but no plausible declaration-name match passed the conservative threshold.""], ""status"": ""NO_MATCH"", ""trust_base"": []}","[""CG17"", ""CG25"", ""CG29""]"
P040-C0179,P040,definition,DEFINITION,source/papers/Tsiokos_2026_The_Usefulness_of_Non_Descending_Objects_A_Six_Birds_Theory_of_Mathematical_Applicability.tex:L4871-L4886; derived/expanded/Tsiokos_2026_The_Usefulness_of_Non_Descending_Objects_A_Six_Birds_Theory_of_Mathematical_Applicability.tex:L4871-L4886,"Strictness defect: Given object maps pi_0:S→ O_0 and pi_1:S→ O_1 , define the factorization defect delta_ fact (pi_0,pi_1) = \ (s,s')∈ S× S:pi_0(s)=pi_0(s') and pi_1(s)≠pi_1(s')\ . The promotion is strict when Strict(B_ 0→1 ) Longleftrightarrow delta_ fact (pi_0,pi_1)≠ . Equivalently, pi_1 does not factor through pi_0 . A strict promotion distinguishes something that the lower interface collapses.",NOT_APPLICABLE_DEFINITION,"{""caveats"": [""FORMAL_OR_PROOF_ASSISTANT_COMPONENT_DISCLOSED""], ""declarations"": [], ""elaboration_status"": ""NOT_APPLICABLE_OR_NOT_RUN"", ""exact_conclusion_match"": null, ""exact_hypothesis_match"": null, ""lab_or_test_evidence"": [], ""modules"": [], ""source_files"": [], ""statement_delta"": [""Imported module family exists, but no plausible declaration-name match passed the conservative threshold.""], ""status"": ""NO_MATCH"", ""trust_base"": []}","[""CG17"", ""CG25"", ""CG29""]"
P040-C0181,P040,definition,DEFINITION,source/papers/Tsiokos_2026_The_Usefulness_of_Non_Descending_Objects_A_Six_Birds_Theory_of_Mathematical_Applicability.tex:L4905-L4917; derived/expanded/Tsiokos_2026_The_Usefulness_of_Non_Descending_Objects_A_Six_Birds_Theory_of_Mathematical_Applicability.tex:L4905-L4917,"Six Birds role convention: Throughout this paper the six primitive role labels, imported from Foundations I , are used with the following fixed meanings: P_1 = descent/closure/rewrite/transport of content, P_2 = representability/gating/admissibility, P_3 = route mismatch/holonomy/path or protocol comparison, P_4 = refinement/staging/gluing, P_5 = packaging/completion/objecthood/idempotence, P_6 = audit/provenance/replay/drive certification. A role label is not a total algebraic generator. It is a typed channel whose activation requires role-aligned witness data, threshold data, level data, visibility data, audit data, and an explicit nonclaim record.",NOT_APPLICABLE_DEFINITION,"{""caveats"": [""FORMAL_OR_PROOF_ASSISTANT_COMPONENT_DISCLOSED""], ""declarations"": [], ""elaboration_status"": ""NOT_APPLICABLE_OR_NOT_RUN"", ""exact_conclusion_match"": null, ""exact_hypothesis_match"": null, ""lab_or_test_evidence"": [], ""modules"": [], ""source_files"": [], ""statement_delta"": [""Imported module family exists, but no plausible declaration-name match passed the conservative threshold.""], ""status"": ""NO_MATCH"", ""trust_base"": []}","[""CG17"", ""CG25"", ""CG29""]"
P040-C0182,P040,definition,DEFINITION,source/papers/Tsiokos_2026_The_Usefulness_of_Non_Descending_Objects_A_Six_Birds_Theory_of_Mathematical_Applicability.tex:L4922-L4935; derived/expanded/Tsiokos_2026_The_Usefulness_of_Non_Descending_Objects_A_Six_Birds_Theory_of_Mathematical_Applicability.tex:L4922-L4935,"Strictly useful promoted extension: A promotion bridge B_ 0→1 is a strictly useful promoted extension of T_0 for the lower problem P when there exist U,C,a^ such that SAU( P_0,B_ 0→1 ,U,C,a^ ) holds. The accepted claim form is Gamma; T_0 T_1;I_B Useful(B_ 0→1 ,P):accepted. The claim means: the promoted layer solves, decides, or certifies the lower problem through an audited descending output that the saturated lower interface could not provide. It does not mean that the hidden promoted structure itself is lower-layer content.",NOT_APPLICABLE_DEFINITION,"{""caveats"": [""FORMAL_OR_PROOF_ASSISTANT_COMPONENT_DISCLOSED""], ""declarations"": [], ""elaboration_status"": ""NOT_APPLICABLE_OR_NOT_RUN"", ""exact_conclusion_match"": null, ""exact_hypothesis_match"": null, ""lab_or_test_evidence"": [], ""modules"": [], ""source_files"": [], ""statement_delta"": [""Imported module family exists, but no plausible declaration-name match passed the conservative threshold.""], ""status"": ""NO_MATCH"", ""trust_base"": []}","[""CG17"", ""CG25"", ""CG29""]"
P040-C0183,P040,definition,DEFINITION,source/papers/Tsiokos_2026_The_Usefulness_of_Non_Descending_Objects_A_Six_Birds_Theory_of_Mathematical_Applicability.tex:L4940-L4964; derived/expanded/Tsiokos_2026_The_Usefulness_of_Non_Descending_Objects_A_Six_Birds_Theory_of_Mathematical_Applicability.tex:L4940-L4964,"Exact-six SAU certificate: An SAU certificate is exact-six when, in addition to Definition , the bridge record determines an inherited FATCD -style description D_B whose six role channels all have active projections: Status_i(D_B)=active_projection, pi_i(D_B)\ exists, i=1, ,6. Equivalently, the bridge record contains role-aligned active witness data for all six channels: (W_1,W_2,W_3,W_4,W_5,W_6), where: W_1 witnesses descent or descent obstruction; W_2 witnesses lower nonrepresentability and promoted representability; W_3 witnesses route, phase, orbit, path, or coherence data suppressed by the lower layer; W_4 witnesses the stage transition from lower layer to promoted layer and back to audited descent; W_5 witnesses packaging, quotienting, or completion; W_6 witnesses audit, provenance, replay, no-overreading, and nonclaims. Each witness must carry threshold, level, visibility, audit, and nonclaim records. Exact-six SAU is a scoped FATCD -anchored certificate type, not a claim that every useful mathematical extension activates all six channels.",NOT_APPLICABLE_DEFINITION,"{""caveats"": [""FORMAL_OR_PROOF_ASSISTANT_COMPONENT_DISCLOSED""], ""declarations"": [], ""elaboration_status"": ""NOT_APPLICABLE_OR_NOT_RUN"", ""exact_conclusion_match"": null, ""exact_hypothesis_match"": null, ""lab_or_test_evidence"": [], ""modules"": [], ""source_files"": [], ""statement_delta"": [""Imported module family exists, but no plausible declaration-name match passed the conservative threshold.""], ""status"": ""NO_MATCH"", ""trust_base"": []}","[""CG17"", ""CG25"", ""CG29""]"
P040-C0184,P040,definition,DEFINITION,source/papers/Tsiokos_2026_The_Usefulness_of_Non_Descending_Objects_A_Six_Birds_Theory_of_Mathematical_Applicability.tex:L4969-L4978; derived/expanded/Tsiokos_2026_The_Usefulness_of_Non_Descending_Objects_A_Six_Birds_Theory_of_Mathematical_Applicability.tex:L4969-L4978,"Root-composite profile: A bridge has root-composite profile when U _q but U^n _B a^ for some n 2 . The imaginary-number witness is the case n=2 , where the non-descending half-step squares to a descending reversal.",NOT_APPLICABLE_DEFINITION,"{""caveats"": [""FORMAL_OR_PROOF_ASSISTANT_COMPONENT_DISCLOSED""], ""declarations"": [], ""elaboration_status"": ""NOT_APPLICABLE_OR_NOT_RUN"", ""exact_conclusion_match"": null, ""exact_hypothesis_match"": null, ""lab_or_test_evidence"": [], ""modules"": [], ""source_files"": [], ""statement_delta"": [""Imported module family exists, but no plausible declaration-name match passed the conservative threshold.""], ""status"": ""NO_MATCH"", ""trust_base"": []}","[""CG17"", ""CG25"", ""CG29""]"
P040-C0185,P040,definition,DEFINITION,source/papers/Tsiokos_2026_The_Usefulness_of_Non_Descending_Objects_A_Six_Birds_Theory_of_Mathematical_Applicability.tex:L4983-L4995; derived/expanded/Tsiokos_2026_The_Usefulness_of_Non_Descending_Objects_A_Six_Birds_Theory_of_Mathematical_Applicability.tex:L4983-L4995,"Coefficient or standard-part profile: A bridge has coefficient/standard-part profile when a promoted infinitesimal or nilpotent object T_0 is used to form a promoted expression F( ) , and a declared audit map Coeff_ , st, returns a lower answer. The dual-number first-jet witness has ^2=0, [ ]f(x+ )=f'(x).",NOT_APPLICABLE_DEFINITION,"{""caveats"": [""FORMAL_OR_PROOF_ASSISTANT_COMPONENT_DISCLOSED""], ""declarations"": [], ""elaboration_status"": ""NOT_APPLICABLE_OR_NOT_RUN"", ""exact_conclusion_match"": null, ""exact_hypothesis_match"": null, ""lab_or_test_evidence"": [], ""modules"": [], ""source_files"": [], ""statement_delta"": [""Imported module family exists, but no plausible declaration-name match passed the conservative threshold.""], ""status"": ""NO_MATCH"", ""trust_base"": []}","[""CG17"", ""CG25"", ""CG29""]"
P040-C0186,P040,definition,DEFINITION,source/papers/Tsiokos_2026_The_Usefulness_of_Non_Descending_Objects_A_Six_Birds_Theory_of_Mathematical_Applicability.tex:L5000-L5007; derived/expanded/Tsiokos_2026_The_Usefulness_of_Non_Descending_Objects_A_Six_Birds_Theory_of_Mathematical_Applicability.tex:L5000-L5007,"Invariant-descent profile: A bridge has invariant-descent profile when a promoted symmetry structure G L contains non-descending objects u∈ L K , but invariant composites descend: C(u)∈ L^G=K. The Galois witness uses roots in a splitting field as non-descending promoted objects and uses fixed-field, trace, norm, and symmetric-polynomial expressions as descending audits.",NOT_APPLICABLE_DEFINITION,"{""caveats"": [""FORMAL_OR_PROOF_ASSISTANT_COMPONENT_DISCLOSED""], ""declarations"": [], ""elaboration_status"": ""NOT_APPLICABLE_OR_NOT_RUN"", ""exact_conclusion_match"": null, ""exact_hypothesis_match"": null, ""lab_or_test_evidence"": [], ""modules"": [], ""source_files"": [], ""statement_delta"": [""Imported module family exists, but no plausible declaration-name match passed the conservative threshold.""], ""status"": ""NO_MATCH"", ""trust_base"": []}","[""CG17"", ""CG25"", ""CG29""]"
P040-C0187,P040,definition,DEFINITION,source/papers/Tsiokos_2026_The_Usefulness_of_Non_Descending_Objects_A_Six_Birds_Theory_of_Mathematical_Applicability.tex:L5012-L5025; derived/expanded/Tsiokos_2026_The_Usefulness_of_Non_Descending_Objects_A_Six_Birds_Theory_of_Mathematical_Applicability.tex:L5012-L5025,"Obstruction-ledger profile: A bridge has obstruction-ledger profile when lower local data fails to descend globally, but the failure itself becomes a promoted audited object. In a cochain complex, H^n= d_n/imd_ n-1 records the obstruction class, and [a]=0 Longleftrightarrow the desired global descent or gluing succeeds inside the declared host. This profile treats certified failure as a valid lower answer when the lower problem asks for a decision or obstruction certificate.",NOT_APPLICABLE_DEFINITION,"{""caveats"": [""FORMAL_OR_PROOF_ASSISTANT_COMPONENT_DISCLOSED""], ""declarations"": [], ""elaboration_status"": ""NOT_APPLICABLE_OR_NOT_RUN"", ""exact_conclusion_match"": null, ""exact_hypothesis_match"": null, ""lab_or_test_evidence"": [], ""modules"": [], ""source_files"": [], ""statement_delta"": [""Imported module family exists, but no plausible declaration-name match passed the conservative threshold.""], ""status"": ""NO_MATCH"", ""trust_base"": []}","[""CG17"", ""CG25"", ""CG29""]"
P040-C0188,P040,definition,DEFINITION,source/papers/Tsiokos_2026_The_Usefulness_of_Non_Descending_Objects_A_Six_Birds_Theory_of_Mathematical_Applicability.tex:L5035-L5049; derived/expanded/Tsiokos_2026_The_Usefulness_of_Non_Descending_Objects_A_Six_Birds_Theory_of_Mathematical_Applicability.tex:L5035-L5049,"Use-set and overreading defect: For a claim , let Use( ) be the finite set of records on which the claim depends. Given a finite family L of admissible visibility bridges under I , define delta_ overread (I, , L) = \ x∈Use( ):vis_I(x)=suppressed and no L∈ L admissibly bridges x\ . The no-overreading threshold is Theta_ vis :delta_ overread = possibly together with weak-bridge, outside-scope, and unknown-content checks.",NOT_APPLICABLE_DEFINITION,"{""caveats"": [""FORMAL_OR_PROOF_ASSISTANT_COMPONENT_DISCLOSED""], ""declarations"": [], ""elaboration_status"": ""NOT_APPLICABLE_OR_NOT_RUN"", ""exact_conclusion_match"": null, ""exact_hypothesis_match"": null, ""lab_or_test_evidence"": [], ""modules"": [], ""source_files"": [], ""statement_delta"": [""Imported module family exists, but no plausible declaration-name match passed the conservative threshold.""], ""status"": ""NO_MATCH"", ""trust_base"": []}","[""CG17"", ""CG25"", ""CG29""]"
P040-C0189,P040,definition,DEFINITION,source/papers/Tsiokos_2026_The_Usefulness_of_Non_Descending_Objects_A_Six_Birds_Theory_of_Mathematical_Applicability.tex:L5054-L5069; derived/expanded/Tsiokos_2026_The_Usefulness_of_Non_Descending_Objects_A_Six_Birds_Theory_of_Mathematical_Applicability.tex:L5054-L5069,"No-smuggling defect: The no-smuggling defect delta_ nosmuggle (B) is the finite set of bridge-scope violations, including at least the following kinds: target-layer data used without declaration to prove target novelty; suppressed content used without an admissible bridge; simulation or example used as theorem-grade evidence; local evidence used as global without a gluing record; route/coherence data used as a drive or audit certificate without the required bridge; lossy summary used as exact data. The no-smuggling threshold is Theta_ nosmuggle :delta_ nosmuggle (B)= .",NOT_APPLICABLE_DEFINITION,"{""caveats"": [""FORMAL_OR_PROOF_ASSISTANT_COMPONENT_DISCLOSED""], ""declarations"": [], ""elaboration_status"": ""NOT_APPLICABLE_OR_NOT_RUN"", ""exact_conclusion_match"": null, ""exact_hypothesis_match"": null, ""lab_or_test_evidence"": [], ""modules"": [], ""source_files"": [], ""statement_delta"": [""Imported module family exists, but no plausible declaration-name match passed the conservative threshold.""], ""status"": ""NO_MATCH"", ""trust_base"": []}","[""CG17"", ""CG25"", ""CG29""]"
P040-C0190,P040,definition,DEFINITION,source/papers/Tsiokos_2026_The_Usefulness_of_Non_Descending_Objects_A_Six_Birds_Theory_of_Mathematical_Applicability.tex:L5074-L5087; derived/expanded/Tsiokos_2026_The_Usefulness_of_Non_Descending_Objects_A_Six_Birds_Theory_of_Mathematical_Applicability.tex:L5074-L5087,"SAU failure modes: A candidate promotion bridge fails to certify strict audited utility if any of the following occur: No saturation: the lower interface already supplies an accepted answer. No strictness: delta_ fact (pi_0,pi_1)= , so the promoted interface factors through the lower one. No promoted non-descent: the alleged hidden structure was already a lower-layer object. No audited descent: C(U) does not produce an accepted lower answer. No problem resolution: the descended output fails the lower problem threshold. Audit failure: the source, audit, visibility, threshold, or replay record fails. Smuggling: delta_ nosmuggle (B)≠ . Overreading: the claim asserts hidden promoted content at the lower layer rather than only the audited descendant.",NOT_APPLICABLE_DEFINITION,"{""caveats"": [""FORMAL_OR_PROOF_ASSISTANT_COMPONENT_DISCLOSED""], ""declarations"": [], ""elaboration_status"": ""NOT_APPLICABLE_OR_NOT_RUN"", ""exact_conclusion_match"": null, ""exact_hypothesis_match"": null, ""lab_or_test_evidence"": [], ""modules"": [], ""source_files"": [], ""statement_delta"": [""Imported module family exists, but no plausible declaration-name match passed the conservative threshold.""], ""status"": ""NO_MATCH"", ""trust_base"": []}","[""CG17""]"
P040-C0218,P040,prose_definition,PROSE_DEFINITION_SECTION,source/papers/Tsiokos_2026_The_Usefulness_of_Non_Descending_Objects_A_Six_Birds_Theory_of_Mathematical_Applicability.tex:L5663-L5684; derived/expanded/Tsiokos_2026_The_Usefulness_of_Non_Descending_Objects_A_Six_Birds_Theory_of_Mathematical_Applicability.tex:L5663-L5684,Definition realization: The definition audit records 78 definition items: @ lr@ →prule Realization status Count Realized Lean definition 14 Partial realization 23 Needs real definition 41,NAMED_SOURCE_SECTION_ARGUMENT,"{""caveats"": [""FORMAL_OR_PROOF_ASSISTANT_COMPONENT_DISCLOSED""], ""declarations"": [], ""elaboration_status"": ""NOT_APPLICABLE_OR_NOT_RUN"", ""exact_conclusion_match"": null, ""exact_hypothesis_match"": null, ""lab_or_test_evidence"": [], ""modules"": [], ""source_files"": [], ""statement_delta"": [""Imported module family exists, but no plausible declaration-name match passed the conservative threshold.""], ""status"": ""NO_MATCH"", ""trust_base"": []}","[""CG17"", ""CG25"", ""CG29""]"
P058-C0006,P058,definition,DEFINITION,source/papers/Tsiokos_2026_Why_Mathematics_Even_Works.tex:L379-L390; derived/expanded/Tsiokos_2026_Why_Mathematics_Even_Works.tex:L379-L390,"Theory package: A theory package is a tuple T=(Z,f,Sigma_f,E, A), where Z is a carrier, f:Z→ O is a lens or interface, Sigma_f is the family of distinctions representable through f , E is a completion or packaging operation when one is present, and A is the inherited package audit functional. In the full finite-lens case, Sigma_f=\ f^ -1 (B):B⊆ im(f)\ . The paper may use weaker or profile-specific Sigma_f , but every use must be declared under the surrounding instrument.",NOT_APPLICABLE_DEFINITION,"{""caveats"": [""FORMAL_OR_PROOF_ASSISTANT_COMPONENT_DISCLOSED""], ""declarations"": [], ""elaboration_status"": ""NOT_APPLICABLE_OR_NOT_RUN"", ""exact_conclusion_match"": null, ""exact_hypothesis_match"": null, ""lab_or_test_evidence"": [], ""modules"": [], ""source_files"": [], ""statement_delta"": [""Imported module family exists, but no plausible declaration-name match passed the conservative threshold.""], ""status"": ""NO_MATCH"", ""trust_base"": []}","[""CG17""]"
P058-C0007,P058,definition,DEFINITION,source/papers/Tsiokos_2026_Why_Mathematics_Even_Works.tex:L398-L410; derived/expanded/Tsiokos_2026_Why_Mathematics_Even_Works.tex:L398-L410,"Instrument: An instrument is a finite typed record I=(vis_I,Theta_I,BridgePolicy_I,AuditPolicy_I, SourcePolicy_I, N_I), where vis_I partitions content into \ visible,suppressed,outside,unknown\ , Theta_I gives threshold rules, BridgePolicy_I gives admissible bridge types, AuditPolicy_I gives required audit records, SourcePolicy_I gives source-of-truth requirements, and N_I is the nonclaim register. A claim accepted under I is an instrument-indexed claim, not an instrument-free truth claim.",NOT_APPLICABLE_DEFINITION,"{""caveats"": [""FORMAL_OR_PROOF_ASSISTANT_COMPONENT_DISCLOSED""], ""declarations"": [], ""elaboration_status"": ""NOT_APPLICABLE_OR_NOT_RUN"", ""exact_conclusion_match"": null, ""exact_hypothesis_match"": null, ""lab_or_test_evidence"": [], ""modules"": [], ""source_files"": [], ""statement_delta"": [""Imported module family exists, but no plausible declaration-name match passed the conservative threshold.""], ""status"": ""NO_MATCH"", ""trust_base"": []}","[""CG17"", ""CG25"", ""CG29""]"
P058-C0009,P058,definition,DEFINITION,source/papers/Tsiokos_2026_Why_Mathematics_Even_Works.tex:L420-L428; derived/expanded/Tsiokos_2026_Why_Mathematics_Even_Works.tex:L420-L428,"Lower problem profile: A lower problem profile is a tuple P_0=( T_0,I_0,P,Cand_0(P),Ans_0(P), delta_0,Theta_0, N_0), where T_0 is the lower theory package, I_0 is the lower instrument, P is the posed problem, Cand_0(P) is the class of lower-layer candidate answers or certificates, Ans_0(P) is the lower-layer accepted answer type, delta_0 is the problem defect, Theta_0 is the pass threshold, and N_0 records what the lower profile does not claim.",NOT_APPLICABLE_DEFINITION,"{""caveats"": [""FORMAL_OR_PROOF_ASSISTANT_COMPONENT_DISCLOSED""], ""declarations"": [], ""elaboration_status"": ""NOT_APPLICABLE_OR_NOT_RUN"", ""exact_conclusion_match"": null, ""exact_hypothesis_match"": null, ""lab_or_test_evidence"": [], ""modules"": [], ""source_files"": [], ""statement_delta"": [""Imported module family exists, but no plausible declaration-name match passed the conservative threshold.""], ""status"": ""NO_MATCH"", ""trust_base"": []}","[""CG17"", ""CG25"", ""CG29""]"
P058-C0010,P058,definition,DEFINITION,source/papers/Tsiokos_2026_Why_Mathematics_Even_Works.tex:L434-L450; derived/expanded/Tsiokos_2026_Why_Mathematics_Even_Works.tex:L434-L450,"Lower-layer saturation: The lower problem profile P_0 is saturated, written Sat( P_0), when no candidate available at the fixed lower interface passes the problem threshold: s∈Cand_0(P), Eval_ Theta_0 (delta_0(s))≠pass. In exact zero-defect cases this is s∈Cand_0(P), delta_0(s)≠ 0. Saturation is always relative to the declared lower interface, instrument, and candidate class; it is not an absolute impossibility claim about all possible mathematics.",NOT_APPLICABLE_DEFINITION,"{""caveats"": [""FORMAL_OR_PROOF_ASSISTANT_COMPONENT_DISCLOSED""], ""declarations"": [], ""elaboration_status"": ""NOT_APPLICABLE_OR_NOT_RUN"", ""exact_conclusion_match"": null, ""exact_hypothesis_match"": null, ""lab_or_test_evidence"": [], ""modules"": [], ""source_files"": [], ""statement_delta"": [""Imported module family exists, but no plausible declaration-name match passed the conservative threshold.""], ""status"": ""NO_MATCH"", ""trust_base"": []}","[""CG17"", ""CG25"", ""CG29""]"
P058-C0011,P058,definition,DEFINITION,source/papers/Tsiokos_2026_Why_Mathematics_Even_Works.tex:L457-L464; derived/expanded/Tsiokos_2026_Why_Mathematics_Even_Works.tex:L457-L464,"Accepted lower answer: An object a is an accepted lower answer to P , written a∈Ans_0(P), when a is visible or admissibly bridged under I_0 , passes the threshold Theta_0 , satisfies the source and audit policy of I_0 , and respects the lower nonclaim register N_0 . Accepted answers may be solution witnesses, decision witnesses, invariant values, obstruction certificates, or audited negative answers, depending on the problem profile.",NOT_APPLICABLE_DEFINITION,"{""caveats"": [""FORMAL_OR_PROOF_ASSISTANT_COMPONENT_DISCLOSED""], ""declarations"": [], ""elaboration_status"": ""NOT_APPLICABLE_OR_NOT_RUN"", ""exact_conclusion_match"": null, ""exact_hypothesis_match"": null, ""lab_or_test_evidence"": [], ""modules"": [], ""source_files"": [], ""statement_delta"": [""Imported module family exists, but no plausible declaration-name match passed the conservative threshold.""], ""status"": ""NO_MATCH"", ""trust_base"": []}","[""CG17"", ""CG25"", ""CG29""]"
P058-C0012,P058,definition,DEFINITION,source/papers/Tsiokos_2026_Why_Mathematics_Even_Works.tex:L484-L505; derived/expanded/Tsiokos_2026_Why_Mathematics_Even_Works.tex:L484-L505,"Promotion bridge: A promotion bridge from a lower theory package T_0 to a promoted theory package T_1 is a finite typed record B_ 0→1 =( T_0, T_1,I_B,S,q,pi_0,pi_1,U,C, G_B,A_B, L_B, N_B), where: I_B is the bridge instrument; S is the carrier of compared states, witnesses, or presentations; q is the descent, shadow, quotient, standard-part, invariant, coefficient, trace, or obstruction channel appropriate to the profile; pi_0:S→ O_0 is the old interface and pi_1:S→ O_1 is the promoted interface; U is the promoted object, generator, operation, infinitesimal, root, local datum, or cocycle; C is the expression former selecting the composite, invariant, coefficient, trace, norm, standard part, or obstruction class that is intended to descend; G_B records gate results; A_B records audits; L_B records admissible visibility bridges, while q records the named descent or shadow channel; N_B is the bridge nonclaim register. The bridge is a typed record. It is not accepted merely because T_1 exists.",NOT_APPLICABLE_DEFINITION,"{""caveats"": [""FORMAL_OR_PROOF_ASSISTANT_COMPONENT_DISCLOSED""], ""declarations"": [], ""elaboration_status"": ""NOT_APPLICABLE_OR_NOT_RUN"", ""exact_conclusion_match"": null, ""exact_hypothesis_match"": null, ""lab_or_test_evidence"": [], ""modules"": [], ""source_files"": [], ""statement_delta"": [""Imported module family exists, but no plausible declaration-name match passed the conservative threshold.""], ""status"": ""NO_MATCH"", ""trust_base"": []}","[""CG17"", ""CG25"", ""CG29""]"
P058-C0014,P058,definition,DEFINITION,source/papers/Tsiokos_2026_Why_Mathematics_Even_Works.tex:L563-L574; derived/expanded/Tsiokos_2026_Why_Mathematics_Even_Works.tex:L563-L574,"Non-descending promoted structure: A promoted structure U is non-descending relative to (q,I_B) , written U _q, when the declared lower interface cannot accept U as a lower-layer object, operation, or claim. In exact update profiles this means delta^ split _1(q,U)≠ . In non-update profiles this means that the relevant lower representability, visibility, or membership defect is nonzero; for example R , alpha K , or a local datum fails to glue globally.",NOT_APPLICABLE_DEFINITION,"{""caveats"": [""FORMAL_OR_PROOF_ASSISTANT_COMPONENT_DISCLOSED""], ""declarations"": [], ""elaboration_status"": ""NOT_APPLICABLE_OR_NOT_RUN"", ""exact_conclusion_match"": null, ""exact_hypothesis_match"": null, ""lab_or_test_evidence"": [], ""modules"": [], ""source_files"": [], ""statement_delta"": [""Imported module family exists, but no plausible declaration-name match passed the conservative threshold.""], ""status"": ""NO_MATCH"", ""trust_base"": []}","[""CG17"", ""CG25"", ""CG29""]"
P058-C0016,P058,definition,DEFINITION,source/papers/Tsiokos_2026_Why_Mathematics_Even_Works.tex:L584-L599; derived/expanded/Tsiokos_2026_Why_Mathematics_Even_Works.tex:L584-L599,"Audited descending expression: Let B_ 0→1 be a promotion bridge with promoted structure U and expression former C . The expression C(U) descends with audit to a lower answer a^ , written C(U) _ B a^ , when: C(U) has the profile-appropriate descent property, such as qC(U)=F^ q , coefficient extraction, standard-part projection, invariant descent, trace/norm descent, or obstruction-class descent; a^ ∈Ans_0(P) under the lower problem profile; the bridge audit A_B passes; delta_ overread = for the claim using a^ ; delta_ nosmuggle (B)= ; the nonclaim register states that only the descended expression C(U) , not the whole hidden structure U , is claimed at the lower layer.",NOT_APPLICABLE_DEFINITION,"{""caveats"": [""FORMAL_OR_PROOF_ASSISTANT_COMPONENT_DISCLOSED""], ""declarations"": [], ""elaboration_status"": ""NOT_APPLICABLE_OR_NOT_RUN"", ""exact_conclusion_match"": null, ""exact_hypothesis_match"": null, ""lab_or_test_evidence"": [], ""modules"": [], ""source_files"": [], ""statement_delta"": [""Imported module family exists, but no plausible declaration-name match passed the conservative threshold.""], ""status"": ""NO_MATCH"", ""trust_base"": []}","[""CG17"", ""CG25"", ""CG29""]"
P058-C0017,P058,definition,DEFINITION,source/papers/Tsiokos_2026_Why_Mathematics_Even_Works.tex:L609-L650; derived/expanded/Tsiokos_2026_Why_Mathematics_Even_Works.tex:L609-L650,"Strict Audited Utility certificate: Let P_0 be a lower problem profile and B_ 0→1 a promotion bridge. A Strict Audited Utility certificate, abbreviated SAU( P_0,B_ 0→1 ,U,C,a^ ), is a finite typed record containing the following six fields: Saturation field: Sat( P_0). Strictness field: delta_ fact (pi_0,pi_1)≠ . Non-descent field: U _q. Audited descent field: C(U) _B a^ . Problem-resolution field: a^ ∈Ans_0(P) with Eval_ Theta_0 (delta_0(a^ ))=pass , when the lower problem uses a defect threshold. Audit/no-overread/no-smuggling field: delta_ overread = , delta_ nosmuggle (B)= , delta_ audit (B)= , AuditGate_B:pass, with an explicit nonclaim record N_B .",NOT_APPLICABLE_DEFINITION,"{""caveats"": [""FORMAL_OR_PROOF_ASSISTANT_COMPONENT_DISCLOSED""], ""declarations"": [], ""elaboration_status"": ""NOT_APPLICABLE_OR_NOT_RUN"", ""exact_conclusion_match"": null, ""exact_hypothesis_match"": null, ""lab_or_test_evidence"": [], ""modules"": [], ""source_files"": [], ""statement_delta"": [""Imported module family exists, but no plausible declaration-name match passed the conservative threshold.""], ""status"": ""NO_MATCH"", ""trust_base"": []}","[""CG17"", ""CG25"", ""CG29""]"
P058-C0018,P058,definition,DEFINITION,source/papers/Tsiokos_2026_Why_Mathematics_Even_Works.tex:L673-L695; derived/expanded/Tsiokos_2026_Why_Mathematics_Even_Works.tex:L673-L695,"Finite promoted-use trace: A finite promoted-use trace for a lower problem profile P_0 is a tuple T=(D,V,E,r,o,lambda, , B,A_ T , N,v_ ), where: D=(V,E) is a finite directed acyclic graph. An edge u→ v means that the node v depends on the node u . r records the rule, operation, bridge, or audit step used at each non-input node. o(v) is the mathematical object, assertion, certificate, or intermediate expression carried by v . lambda(v)∈\ 0,1\ is the declared layer label: 0 for lower-layer nodes and 1 for promoted-layer nodes. (v)∈\ visible,suppressed,outside,unknown\ is the visibility status under the declared instrument. B is the finite family of declared bridge or descent steps used by the trace. A_ T is the finite audit/provenance/replay record for the trace. N is the nonclaim register. v_ ∈ V is the final answer node, whose object is denoted a^ _ T :=o(v_ ). The trace is typed: every edge and every rule application must respect the source and target layers recorded by lambda , the visibility status recorded by , and the bridge permissions recorded by B .",NOT_APPLICABLE_DEFINITION,"{""caveats"": [""FORMAL_OR_PROOF_ASSISTANT_COMPONENT_DISCLOSED""], ""declarations"": [], ""elaboration_status"": ""NOT_APPLICABLE_OR_NOT_RUN"", ""exact_conclusion_match"": null, ""exact_hypothesis_match"": null, ""lab_or_test_evidence"": [], ""modules"": [], ""source_files"": [], ""statement_delta"": [""Imported module family exists, but no plausible declaration-name match passed the conservative threshold.""], ""status"": ""NO_MATCH"", ""trust_base"": []}","[""CG17"", ""CG25"", ""CG29""]"
P058-C0019,P058,definition,DEFINITION,source/papers/Tsiokos_2026_Why_Mathematics_Even_Works.tex:L702-L722; derived/expanded/Tsiokos_2026_Why_Mathematics_Even_Works.tex:L702-L722,"Accepted promoted-use trace: A finite promoted-use trace T is accepted, written AccTrace( T), when all of the following hold: the final answer is a lower accepted answer: a^ _ T ∈Ans_0(P), Eval_ Theta_0 (delta_0(a^ _ T ))=pass; every bridge in B belongs to the declared admissible bridge family; every use of suppressed content is either internal to the promoted layer or is discharged by an admissible bridge before a lower-layer claim is made; the audit record A_ T passes the declared source, provenance, replay, and threshold checks; the nonclaim register N blocks the claim that hidden promoted nodes are lower-layer objects unless such a claim is separately bridged and audited. Acceptance is weaker than an SAU certificate: it says that a promoted derivation produced an accepted lower answer without audit failure. It does not yet identify the normal-form pair (U,C(U)) .",NOT_APPLICABLE_DEFINITION,"{""caveats"": [""FORMAL_OR_PROOF_ASSISTANT_COMPONENT_DISCLOSED""], ""declarations"": [], ""elaboration_status"": ""NOT_APPLICABLE_OR_NOT_RUN"", ""exact_conclusion_match"": null, ""exact_hypothesis_match"": null, ""lab_or_test_evidence"": [], ""modules"": [], ""source_files"": [], ""statement_delta"": [""Imported module family exists, but no plausible declaration-name match passed the conservative threshold.""], ""status"": ""NO_MATCH"", ""trust_base"": []}","[""CG17"", ""CG25"", ""CG29""]"
P058-C0020,P058,definition,DEFINITION,source/papers/Tsiokos_2026_Why_Mathematics_Even_Works.tex:L729-L747; derived/expanded/Tsiokos_2026_Why_Mathematics_Even_Works.tex:L729-L747,"Strict useful trace: A finite promoted-use trace T is a strict useful trace for the lower problem profile P_0 , written StrictUsefulTrace( T, P_0), when AccTrace( T), Sat( P_0), StrictTrace( T), EssProm( T) all hold. This is a pre-SAU notion. It does not assume an SAU certificate; it only assumes an accepted finite promoted derivation whose promoted content is strict and essential.",NOT_APPLICABLE_DEFINITION,"{""caveats"": [""FORMAL_OR_PROOF_ASSISTANT_COMPONENT_DISCLOSED""], ""declarations"": [], ""elaboration_status"": ""NOT_APPLICABLE_OR_NOT_RUN"", ""exact_conclusion_match"": null, ""exact_hypothesis_match"": null, ""lab_or_test_evidence"": [], ""modules"": [], ""source_files"": [], ""statement_delta"": [""Imported module family exists, but no plausible declaration-name match passed the conservative threshold.""], ""status"": ""NO_MATCH"", ""trust_base"": []}","[""CG17"", ""CG25"", ""CG29""]"
P058-C0022,P058,definition,DEFINITION,source/papers/Tsiokos_2026_Why_Mathematics_Even_Works.tex:L788-L801; derived/expanded/Tsiokos_2026_Why_Mathematics_Even_Works.tex:L788-L801,"Audit boundary: Let T be an accepted trace. A node b∈ V is an audit-boundary node when: b∈ Vis_0( T) ; b∈Anc(v_ ) , so it contributes to the final answer; at least one hidden promoted node lies upstream of b : Hid_1( T) Anc(b)≠ ; every incoming dependence from hidden promoted content to the lower-visible status of b is discharged by a declared audit or bridge in B . Write Bd( T) for the finite set of such boundary nodes.",NOT_APPLICABLE_DEFINITION,"{""caveats"": [""FORMAL_OR_PROOF_ASSISTANT_COMPONENT_DISCLOSED""], ""declarations"": [], ""elaboration_status"": ""NOT_APPLICABLE_OR_NOT_RUN"", ""exact_conclusion_match"": null, ""exact_hypothesis_match"": null, ""lab_or_test_evidence"": [], ""modules"": [], ""source_files"": [], ""statement_delta"": [""Imported module family exists, but no plausible declaration-name match passed the conservative threshold.""], ""status"": ""NO_MATCH"", ""trust_base"": []}","[""CG17"", ""CG25"", ""CG29""]"
P058-C0023,P058,definition,DEFINITION,source/papers/Tsiokos_2026_Why_Mathematics_Even_Works.tex:L808-L813; derived/expanded/Tsiokos_2026_Why_Mathematics_Even_Works.tex:L808-L813,"First boundary and hidden support: A first boundary for a hidden node h∈Hid_ ( T) is a boundary node b∈Bd( T) (v_ ) such that h b and no lower-visible node strictly between h and b on the selected dependency path is already fed by h . Because D is finite and v_ is lower-visible in an accepted trace, at least one such first boundary exists for every essential hidden node. The hidden support of b , written H_b , is the finite promoted subtrace consisting of all hidden promoted ancestors of b that feed b without passing through an earlier lower-visible audit-boundary node. The boundary expression of H_b , written C_b(H_b) , is the object carried by b together with the audited rule data that turns H_b into o(b) .",NOT_APPLICABLE_DEFINITION,"{""caveats"": [""FORMAL_OR_PROOF_ASSISTANT_COMPONENT_DISCLOSED""], ""declarations"": [], ""elaboration_status"": ""NOT_APPLICABLE_OR_NOT_RUN"", ""exact_conclusion_match"": null, ""exact_hypothesis_match"": null, ""lab_or_test_evidence"": [], ""modules"": [], ""source_files"": [], ""statement_delta"": [""Imported module family exists, but no plausible declaration-name match passed the conservative threshold.""], ""status"": ""NO_MATCH"", ""trust_base"": []}","[""CG17"", ""CG25"", ""CG29""]"
P058-C0026,P058,definition,DEFINITION,source/papers/Tsiokos_2026_Why_Mathematics_Even_Works.tex:L888-L911; derived/expanded/Tsiokos_2026_Why_Mathematics_Even_Works.tex:L888-L911,"SAU boundary normal form: An accepted trace is in SAU boundary normal form when, after deleting irrelevant nodes outside the dependency cone of the final answer, it has the schematic shape T_0 \ q\ T_1, , possibly followed by a lower-visible verifier from a^ to the final accepted answer. In a multi-generator case this becomes . Write NF_ SAU ( T) for the boundary normal form obtained by contracting hidden promoted support and retaining the first audited lower-visible boundary.",NOT_APPLICABLE_DEFINITION,"{""caveats"": [""FORMAL_OR_PROOF_ASSISTANT_COMPONENT_DISCLOSED""], ""declarations"": [], ""elaboration_status"": ""NOT_APPLICABLE_OR_NOT_RUN"", ""exact_conclusion_match"": null, ""exact_hypothesis_match"": null, ""lab_or_test_evidence"": [], ""modules"": [], ""source_files"": [], ""statement_delta"": [""Imported module family exists, but no plausible declaration-name match passed the conservative threshold.""], ""status"": ""NO_MATCH"", ""trust_base"": []}","[""CG17"", ""CG25"", ""CG29""]"
P058-C0029,P058,definition,DEFINITION,source/papers/Tsiokos_2026_Why_Mathematics_Even_Works.tex:L964-L984; derived/expanded/Tsiokos_2026_Why_Mathematics_Even_Works.tex:L964-L984,"Extracted SAU package: Let T be a strict useful trace and let NF_ SAU ( T) be a chosen boundary normal form . The extracted raw SAU package C( T) is the raw proof package whose fields are: SatW :=Sat( P_0), StrictW :=delta_ fact (pi_0,pi_1)≠ , NonDescW :=U_H _ T_0 , DescW :=C_H(U_H) _B b^ , SolveW :=the accepted lower continuation from b^ to a^ _ T , AuditW :=the audit, provenance, bridge, and nonclaim records inherited from T. When the boundary node is itself the final answer node, b^ =a^ _ T ; otherwise b^ is the descended boundary datum and the final lower verifier is included in SolveW .",NOT_APPLICABLE_DEFINITION,"{""caveats"": [""FORMAL_OR_PROOF_ASSISTANT_COMPONENT_DISCLOSED""], ""declarations"": [], ""elaboration_status"": ""NOT_APPLICABLE_OR_NOT_RUN"", ""exact_conclusion_match"": null, ""exact_hypothesis_match"": null, ""lab_or_test_evidence"": [], ""modules"": [], ""source_files"": [], ""statement_delta"": [""Imported module family exists, but no plausible declaration-name match passed the conservative threshold.""], ""status"": ""NO_MATCH"", ""trust_base"": []}","[""CG17"", ""CG25"", ""CG29""]"
P058-C0033,P058,definition,DEFINITION,source/papers/Tsiokos_2026_Why_Mathematics_Even_Works.tex:L1113-L1134; derived/expanded/Tsiokos_2026_Why_Mathematics_Even_Works.tex:L1113-L1134,"Raw SAU proof package: A raw Strict Audited Utility proof package is a finite record C=( P_0,B_ 0→1 ,U,C,a^ ; SatW,StrictW,NonDescW,DescW,SolveW,AuditW) whose six witness fields are intended to prove the following six obligations: SatW :Sat( P_0), StrictW :delta_ fact (pi_0,pi_1)≠ , NonDescW :U _q, DescW :C(U) _B a^ , SolveW :a^ ∈Ans_0(P) and Eval_ Theta_0 (delta_0(a^ ))=pass, AuditW :delta_ overread = , delta_ nosmuggle (B)= , delta_ audit (B)= , AuditGate_B:pass, with an explicit nonclaim register.",NOT_APPLICABLE_DEFINITION,"{""caveats"": [""FORMAL_OR_PROOF_ASSISTANT_COMPONENT_DISCLOSED""], ""declarations"": [], ""elaboration_status"": ""NOT_APPLICABLE_OR_NOT_RUN"", ""exact_conclusion_match"": null, ""exact_hypothesis_match"": null, ""lab_or_test_evidence"": [], ""modules"": [], ""source_files"": [], ""statement_delta"": [""Imported module family exists, but no plausible declaration-name match passed the conservative threshold.""], ""status"": ""NO_MATCH"", ""trust_base"": []}","[""CG17"", ""CG25"", ""CG29""]"
P058-C0034,P058,definition,DEFINITION,source/papers/Tsiokos_2026_Why_Mathematics_Even_Works.tex:L1146-L1153; derived/expanded/Tsiokos_2026_Why_Mathematics_Even_Works.tex:L1146-L1153,"Validated SAU proof package: A raw proof package C is validated when every witness field is checked under the declared instruments I_0 and I_B , every bridge used by the proof belongs to the declared admissible bridge family, and every nonclaim required by N_0 and N_B is recorded. We write ValSAU( C) for this finite verification result.",NOT_APPLICABLE_DEFINITION,"{""caveats"": [""FORMAL_OR_PROOF_ASSISTANT_COMPONENT_DISCLOSED""], ""declarations"": [], ""elaboration_status"": ""NOT_APPLICABLE_OR_NOT_RUN"", ""exact_conclusion_match"": null, ""exact_hypothesis_match"": null, ""lab_or_test_evidence"": [], ""modules"": [], ""source_files"": [], ""statement_delta"": [""Imported module family exists, but no plausible declaration-name match passed the conservative threshold.""], ""status"": ""NO_MATCH"", ""trust_base"": []}","[""CG17"", ""CG25"", ""CG29""]"
P058-C0040,P058,definition,DEFINITION,source/papers/Tsiokos_2026_Why_Mathematics_Even_Works.tex:L1293-L1364; derived/expanded/Tsiokos_2026_Why_Mathematics_Even_Works.tex:L1293-L1364,"SAU failure fields: For a raw candidate package C=( P_0,B_ 0→1 ,U,C,a^ ; SatW,StrictW,NonDescW,DescW,SolveW,AuditW), define the six SAU failure fields as follows: F_ sat ( C)= , Sat( P_0), \ \ , otherwise, F_ strict ( C)= , delta_ fact (pi_0,pi_1)≠ , \ \ , delta_ fact (pi_0,pi_1)= , F_ nondesc ( C)= , U _q, \ \ , otherwise, F_ desc ( C)= , C(U) _B a^ , \ \ , otherwise, F_ solve ( C)= , a^ ∈Ans_0(P) and Eval_ Theta_0 (delta_0(a^ ))=pass, \ \ , otherwise, and F_ audit ( C)= delta_ overread delta_ nosmuggle (B) F_ 6 ^ audit ( C), where F_ 6 ^ audit ( C)= , delta_ audit (B)= and AuditGate_B:pass, \ \ , otherwise. The SAU defect vector is F_ SAU ( C) = (F_ sat ,F_ strict ,F_ nondesc , F_ desc ,F_ solve ,F_ audit ). We write F_ SAU ( C)= when all six components are empty.",NOT_APPLICABLE_DEFINITION,"{""caveats"": [""FORMAL_OR_PROOF_ASSISTANT_COMPONENT_DISCLOSED""], ""declarations"": [], ""elaboration_status"": ""NOT_APPLICABLE_OR_NOT_RUN"", ""exact_conclusion_match"": null, ""exact_hypothesis_match"": null, ""lab_or_test_evidence"": [], ""modules"": [], ""source_files"": [], ""statement_delta"": [""Imported module family exists, but no plausible declaration-name match passed the conservative threshold.""], ""status"": ""NO_MATCH"", ""trust_base"": []}","[""CG17"", ""CG25"", ""CG29""]"
P058-C0042,P058,definition,DEFINITION,source/papers/Tsiokos_2026_Why_Mathematics_Even_Works.tex:L1411-L1437; derived/expanded/Tsiokos_2026_Why_Mathematics_Even_Works.tex:L1411-L1437,"SAU diagnostic tag set: The diagnostic tag set of a raw package is the finite set Diag_ SAU ( C)⊆ \ accepted,convenient,non_strict,not_hidden, unreturned,irrelevant,failed_audit, smuggled,overread \ assigned by the following rules: accepted∈Diag_ SAU ( C) only when the claim status is accepted, F_ SAU ( C)= , and the package validates. If F_ sat ≠ , add convenient . The promotion may still compress or clarify, but it is not certified as necessary for a saturated lower defect. If F_ strict ≠ , add non_strict . This mirrors the canonical promotion status non_strict; it is recorded here only as a diagnostic tag. If F_ nondesc ≠ , add not_hidden . The alleged promoted structure is not shown to be genuinely non-descending. If F_ desc ≠ , add unreturned . The promoted calculation has not produced an accepted lower descendant. If F_ solve ≠ , add irrelevant . The descendant does not solve, decide, or certify the declared lower problem. If F_6^ audit ≠ , add failed_audit ; the canonical claim status is then blocked. If delta_ nosmuggle (B)≠ , add smuggled ; this mirrors the canonical promotion status smuggled. If delta_ overread ≠ , add overread ; this mirrors the canonical claim status overread. These tags are not a new status family. They are readable labels derived from the canonical claim, promotion, and gate statuses together with the SAU defect vector.",NOT_APPLICABLE_DEFINITION,"{""caveats"": [""FORMAL_OR_PROOF_ASSISTANT_COMPONENT_DISCLOSED""], ""declarations"": [], ""elaboration_status"": ""NOT_APPLICABLE_OR_NOT_RUN"", ""exact_conclusion_match"": null, ""exact_hypothesis_match"": null, ""lab_or_test_evidence"": [], ""modules"": [], ""source_files"": [], ""statement_delta"": [""Imported module family exists, but no plausible declaration-name match passed the conservative threshold.""], ""status"": ""NO_MATCH"", ""trust_base"": []}","[""CG17"", ""CG25"", ""CG29""]"
P058-C0043,P058,definition,DEFINITION,source/papers/Tsiokos_2026_Why_Mathematics_Even_Works.tex:L1442-L1479; derived/expanded/Tsiokos_2026_Why_Mathematics_Even_Works.tex:L1442-L1479,"Counterfeit SAU patterns: A candidate bridge has one of the following counterfeit profiles when it resembles SAU informally but lacks a required field: Ornamental extension: Strict(B), U _q, but C(U) _B a^ . The promoted layer is richer but unreturned. Mere notation: C(U) _B a^ , but delta_ fact (pi_0,pi_1)= . The promoted expression descends, but no strictness has been shown. Irrelevant descent: C(U) _B a^ , but Eval_ Theta_0 (delta_0(a^ ))≠pass. The descendant exists but does not answer the problem. Smuggled proof: delta_ nosmuggle (B)≠ . The proof uses content not admitted by the bridge. Literalized hidden object: U _q and Lit_0(U) without an independent bridge for U .",NOT_APPLICABLE_DEFINITION,"{""caveats"": [""FORMAL_OR_PROOF_ASSISTANT_COMPONENT_DISCLOSED""], ""declarations"": [], ""elaboration_status"": ""NOT_APPLICABLE_OR_NOT_RUN"", ""exact_conclusion_match"": null, ""exact_hypothesis_match"": null, ""lab_or_test_evidence"": [], ""modules"": [], ""source_files"": [], ""statement_delta"": [""Imported module family exists, but no plausible declaration-name match passed the conservative threshold.""], ""status"": ""NO_MATCH"", ""trust_base"": []}","[""CG17"", ""CG25"", ""CG29""]"
P058-C0049,P058,definition,DEFINITION,source/papers/Tsiokos_2026_Why_Mathematics_Even_Works.tex:L1562-L1573; derived/expanded/Tsiokos_2026_Why_Mathematics_Even_Works.tex:L1562-L1573,"Exact-six role failure vector: For a candidate exact-six upgrade with role witnesses (W_1,W_2,W_3,W_4,W_5,W_6), define R_6=(R_1,R_2,R_3,R_4,R_5,R_6), where R_i= exactly when W_i is present, role-aligned, thresholded, level-indexed, visible or bridged, audited, and nonclaim-safe; otherwise R_i=\ \ .",NOT_APPLICABLE_DEFINITION,"{""caveats"": [""FORMAL_OR_PROOF_ASSISTANT_COMPONENT_DISCLOSED""], ""declarations"": [], ""elaboration_status"": ""NOT_APPLICABLE_OR_NOT_RUN"", ""exact_conclusion_match"": null, ""exact_hypothesis_match"": null, ""lab_or_test_evidence"": [], ""modules"": [], ""source_files"": [], ""statement_delta"": [""Imported module family exists, but no plausible declaration-name match passed the conservative threshold.""], ""status"": ""NO_MATCH"", ""trust_base"": []}","[""CG17"", ""CG25"", ""CG29""]"
P058-C0050,P058,definition,DEFINITION,source/papers/Tsiokos_2026_Why_Mathematics_Even_Works.tex:L1587-L1601; derived/expanded/Tsiokos_2026_Why_Mathematics_Even_Works.tex:L1587-L1601,"Lower-layer literalization claim: A lower-layer literalization claim for a promoted structure U , written Lit_0(U), is a claim that asserts one of the following at the lower layer without an additional admissible bridge for U itself: U∈ T_0 ; U _q ; U is directly visible under I_0 ; the lower layer may use all of U , rather than only the audited descendant C(U) . A literalization claim is bridge-backed only when the bridge family L_B contains an admissible bridge for the literalized content of U , not merely for C(U) .",NOT_APPLICABLE_DEFINITION,"{""caveats"": [""FORMAL_OR_PROOF_ASSISTANT_COMPONENT_DISCLOSED""], ""declarations"": [], ""elaboration_status"": ""NOT_APPLICABLE_OR_NOT_RUN"", ""exact_conclusion_match"": null, ""exact_hypothesis_match"": null, ""lab_or_test_evidence"": [], ""modules"": [], ""source_files"": [], ""statement_delta"": [""Imported module family exists, but no plausible declaration-name match passed the conservative threshold.""], ""status"": ""NO_MATCH"", ""trust_base"": []}","[""CG17""]"
P058-C0052,P058,definition,DEFINITION,source/papers/Tsiokos_2026_Why_Mathematics_Even_Works.tex:L1663-L1682; derived/expanded/Tsiokos_2026_Why_Mathematics_Even_Works.tex:L1663-L1682,"Reduced SAU boundary trace: A reduced SAU boundary trace is a normal-form trace B= ( P_0,B_ 0→1 ,U,C,a^ ;A_ B , N ) obtained from a finite strict useful trace by the boundary-normal-form theorem of , such that: U is the hidden support subtrace or generated hidden support of the promoted calculation; U _q , so U itself is not a lower-layer object, operation, or claim; C(U) _B a^ , so the selected boundary expression descends under audit; no proper audited subexpression D(U) of C(U) already supplies the same lower answer with the same proof role, unless the trace has first been replaced by that smaller boundary; the nonclaim record states that only C(U) 's descendant is asserted at the lower layer, not U itself. We write RedSAU( B) for this condition.",NOT_APPLICABLE_DEFINITION,"{""caveats"": [""FORMAL_OR_PROOF_ASSISTANT_COMPONENT_DISCLOSED""], ""declarations"": [], ""elaboration_status"": ""NOT_APPLICABLE_OR_NOT_RUN"", ""exact_conclusion_match"": null, ""exact_hypothesis_match"": null, ""lab_or_test_evidence"": [], ""modules"": [], ""source_files"": [], ""statement_delta"": [""Imported module family exists, but no plausible declaration-name match passed the conservative threshold.""], ""status"": ""NO_MATCH"", ""trust_base"": []}","[""CG17"", ""CG25"", ""CG29""]"
P058-C0053,P058,definition,DEFINITION,source/papers/Tsiokos_2026_Why_Mathematics_Even_Works.tex:L1687-L1694; derived/expanded/Tsiokos_2026_Why_Mathematics_Even_Works.tex:L1687-L1694,"Boundary constructor and head: Let C(U) be the selected expression in a reduced boundary trace. Its head constructor is the outermost audit-relevant operation used to turn the hidden support into a lower-descending expression. It is denoted Head(C). The head is typed. For example, a power constructor U↦ U^n , a coefficient constructor F( )↦[ ]F( ) , a fixed-point constructor x↦ x^G , and a quotient-class constructor a↦[a] have different sorts even if their descended values happen to be represented by the same set-theoretic object.",NOT_APPLICABLE_DEFINITION,"{""caveats"": [""FORMAL_OR_PROOF_ASSISTANT_COMPONENT_DISCLOSED""], ""declarations"": [], ""elaboration_status"": ""NOT_APPLICABLE_OR_NOT_RUN"", ""exact_conclusion_match"": null, ""exact_hypothesis_match"": null, ""lab_or_test_evidence"": [], ""modules"": [], ""source_files"": [], ""statement_delta"": [""Imported module family exists, but no plausible declaration-name match passed the conservative threshold.""], ""status"": ""NO_MATCH"", ""trust_base"": []}","[""CG17"", ""CG25"", ""CG29""]"
P058-C0054,P058,definition,DEFINITION,source/papers/Tsiokos_2026_Why_Mathematics_Even_Works.tex:L1699-L1706; derived/expanded/Tsiokos_2026_Why_Mathematics_Even_Works.tex:L1699-L1706,"Boundary support: The boundary support of C(U) , written Supp_ Boundary (C(U)), is the smallest part of the hidden support and promoted package used by the head constructor to produce the audited descendant. In a root-composite profile this is the orbit of U under composition or powers; in a coefficient profile it is the first-order thickening or coefficient direction; in an invariant profile it is the symmetry orbit; and in an obstruction profile it is the local datum together with the subobject declared trivial or exact.",NOT_APPLICABLE_DEFINITION,"{""caveats"": [""FORMAL_OR_PROOF_ASSISTANT_COMPONENT_DISCLOSED""], ""declarations"": [], ""elaboration_status"": ""NOT_APPLICABLE_OR_NOT_RUN"", ""exact_conclusion_match"": null, ""exact_hypothesis_match"": null, ""lab_or_test_evidence"": [], ""modules"": [], ""source_files"": [], ""statement_delta"": [""Imported module family exists, but no plausible declaration-name match passed the conservative threshold.""], ""status"": ""NO_MATCH"", ""trust_base"": []}","[""CG17"", ""CG25"", ""CG29""]"
P058-C0055,P058,definition,DEFINITION,source/papers/Tsiokos_2026_Why_Mathematics_Even_Works.tex:L1711-L1749; derived/expanded/Tsiokos_2026_Why_Mathematics_Even_Works.tex:L1711-L1749,"Basic audit grammar: The basic SAU audit grammar G_ Basic is the typed grammar whose primitive boundary constructors are the following: Composite or power constructor: C(U)=U^n (n 2) or, more generally, a finite composite of a hidden update whose selected composite descends. Coefficient or standard-part constructor: C(U)= (Phi(U)), where is a coefficient, jet, residue, leading-term, or standard-part audit map. Projection or shadow constructor: C(U)=q(U), where q is a declared shadow, real-part, observable, quotient, or forgetful projection. Invariant or fixed-point constructor: C(U)∈ Inv_G( T_1) or C(U)∈ Fix(G), where a promoted symmetry action makes the selected expression invariant and hence lower-descending. Trace, norm, or symmetric aggregation constructor: C(U)= _ g∈ G gU, C(U)= _ g∈ G gU, or another declared finite symmetric aggregation of a promoted orbit. Quotient or obstruction-class constructor: C(U)=[U]∈ M/N, where N is the subobject declared exact, trivial, gauge, globally generated, or lower-null. The grammar is closed under finite products, finite sums, ordered tuples, and composition with already accepted lower-layer verifiers. It is not closed under arbitrary informal analogy, undeclared semantic interpretation, or unaudited transfer.",NOT_APPLICABLE_DEFINITION,"{""caveats"": [""FORMAL_OR_PROOF_ASSISTANT_COMPONENT_DISCLOSED""], ""declarations"": [], ""elaboration_status"": ""NOT_APPLICABLE_OR_NOT_RUN"", ""exact_conclusion_match"": null, ""exact_hypothesis_match"": null, ""lab_or_test_evidence"": [], ""modules"": [], ""source_files"": [], ""statement_delta"": [""Imported module family exists, but no plausible declaration-name match passed the conservative threshold.""], ""status"": ""NO_MATCH"", ""trust_base"": []}","[""CG17"", ""CG25"", ""CG29""]"
P058-C0056,P058,definition,DEFINITION,source/papers/Tsiokos_2026_Why_Mathematics_Even_Works.tex:L1754-L1760; derived/expanded/Tsiokos_2026_Why_Mathematics_Even_Works.tex:L1754-L1760,Basic boundary trace: A reduced SAU boundary trace B is basic when its boundary expression C(U) is generated by G_ Basic and every constructor used in C is declared in the bridge audit record. We write BasicSAU( B).,NOT_APPLICABLE_DEFINITION,"{""caveats"": [""FORMAL_OR_PROOF_ASSISTANT_COMPONENT_DISCLOSED""], ""declarations"": [], ""elaboration_status"": ""NOT_APPLICABLE_OR_NOT_RUN"", ""exact_conclusion_match"": null, ""exact_hypothesis_match"": null, ""lab_or_test_evidence"": [], ""modules"": [], ""source_files"": [], ""statement_delta"": [""Imported module family exists, but no plausible declaration-name match passed the conservative threshold.""], ""status"": ""NO_MATCH"", ""trust_base"": []}","[""CG17"", ""CG25"", ""CG29""]"
P058-C0057,P058,definition,DEFINITION,source/papers/Tsiokos_2026_Why_Mathematics_Even_Works.tex:L1769-L1805; derived/expanded/Tsiokos_2026_Why_Mathematics_Even_Works.tex:L1769-L1805,"Profile registry generated by the basic grammar: The basic profile registry is R_ Basic =\ RootComp,Coeff,ProjShad,InvDesc,AggInv,ObsLed\ . The four canonical case-study profiles are the subregistry R_ 4 =\ RootComp,Coeff,InvDesc,ObsLed\ . The registry map rho_ Basic : G_ Basic R_ Basic is defined on primitive heads by rho_ Basic (U↦ U^n)=RootComp, rho_ Basic ( Phi)=Coeff, rho_ Basic (q)=ProjShad, rho_ Basic (Inv_G or Fix(G))=InvDesc, rho_ Basic ( _G, _G,symmetric aggregation)=AggInv, rho_ Basic (U↦[U]∈ M/N)=ObsLed. For composite boundary expressions, rho_ Basic returns the finite ordered list or product of primitive profile labels appearing in the reduced expression.",NOT_APPLICABLE_DEFINITION,"{""caveats"": [""FORMAL_OR_PROOF_ASSISTANT_COMPONENT_DISCLOSED""], ""declarations"": [], ""elaboration_status"": ""NOT_APPLICABLE_OR_NOT_RUN"", ""exact_conclusion_match"": null, ""exact_hypothesis_match"": null, ""lab_or_test_evidence"": [], ""modules"": [], ""source_files"": [], ""statement_delta"": [""Imported module family exists, but no plausible declaration-name match passed the conservative threshold.""], ""status"": ""NO_MATCH"", ""trust_base"": []}","[""CG17"", ""CG25"", ""CG29""]"
P058-C0065,P058,definition,DEFINITION,source/papers/Tsiokos_2026_Why_Mathematics_Even_Works.tex:L2043-L2077; derived/expanded/Tsiokos_2026_Why_Mathematics_Even_Works.tex:L2043-L2077,"Finite real-shadow layer: Let Y=\ -1,0,1\ and let F:Y→ Y, F(y)=-y. The map F is called the lower reversal. The same-layer half-step problem asks for a map H:Y→ Y such that H^2=F. For this profile set Cand_0(P_ Imag )=End(Y) and define the exact defect delta_ Imag,0 (H) = 0, H^2=F, 1, H^2≠ F. The pass threshold is zero defect. Thus a lower candidate passes precisely when it is a same-layer square root of reversal.",NOT_APPLICABLE_DEFINITION,"{""caveats"": [""FORMAL_OR_PROOF_ASSISTANT_COMPONENT_DISCLOSED""], ""declarations"": [], ""elaboration_status"": ""NOT_APPLICABLE_OR_NOT_RUN"", ""exact_conclusion_match"": null, ""exact_hypothesis_match"": null, ""lab_or_test_evidence"": [], ""modules"": [], ""source_files"": [], ""statement_delta"": [""Imported module family exists, but no plausible declaration-name match passed the conservative threshold.""], ""status"": ""NO_MATCH"", ""trust_base"": []}","[""CG17"", ""CG25"", ""CG29""]"
P058-C0069,P058,definition,DEFINITION,source/papers/Tsiokos_2026_Why_Mathematics_Even_Works.tex:L2133-L2165; derived/expanded/Tsiokos_2026_Why_Mathematics_Even_Works.tex:L2133-L2165,"Four-phase carrier and real-shadow lens: Let X=C_4=\ 1,i,-1,-i\ with the cyclic update G:X→ X, G(z)=iz. Thus 1↦ i↦ -1↦ -i↦ 1. Define the real-shadow lens q:X→ Y by q(1)=1, q(-1)=-1, q(i)=q(-i)=0. The promoted operation is U=G . The selected expression former is C(G)=G^2.",NOT_APPLICABLE_DEFINITION,"{""caveats"": [""FORMAL_OR_PROOF_ASSISTANT_COMPONENT_DISCLOSED""], ""declarations"": [], ""elaboration_status"": ""NOT_APPLICABLE_OR_NOT_RUN"", ""exact_conclusion_match"": null, ""exact_hypothesis_match"": null, ""lab_or_test_evidence"": [], ""modules"": [], ""source_files"": [], ""statement_delta"": [""Imported module family exists, but no plausible declaration-name match passed the conservative threshold.""], ""status"": ""NO_MATCH"", ""trust_base"": []}","[""CG17"", ""CG25"", ""CG29""]"
P058-C0070,P058,definition,DEFINITION,source/papers/Tsiokos_2026_Why_Mathematics_Even_Works.tex:L2215-L2247; derived/expanded/Tsiokos_2026_Why_Mathematics_Even_Works.tex:L2215-L2247,"The imaginary-number promotion bridge: The imaginary-number promotion bridge is the record B_ Imag =( T_0, T_1,I_ Imag ,S,q, pi_0, pi_1,U,C, G_ Imag , A_ Imag , L_ Imag , N_ Imag ), where: T_0 is the finite real-shadow package on Y=\ -1,0,1\ with reversal F ; T_1 is the four-phase package on X=C_4 , optionally completed real-linearly to R[J] C ; S=X , q:X→ Y is the real-shadow lens, pi_0=q , and pi_1= _X ; U=G is the quarter-turn update; C(G)=G^2 ; the accepted descended output is the audited certificate a^ _ Imag :=(F,\ qG^2=Fq,\ G _q); the nonclaim register includes G End(Y), G _q, `` i is not a real-shadow state.''''",NOT_APPLICABLE_DEFINITION,"{""caveats"": [""FORMAL_OR_PROOF_ASSISTANT_COMPONENT_DISCLOSED""], ""declarations"": [], ""elaboration_status"": ""NOT_APPLICABLE_OR_NOT_RUN"", ""exact_conclusion_match"": null, ""exact_hypothesis_match"": null, ""lab_or_test_evidence"": [], ""modules"": [], ""source_files"": [], ""statement_delta"": [""Imported module family exists, but no plausible declaration-name match passed the conservative threshold.""], ""status"": ""NO_MATCH"", ""trust_base"": []}","[""CG17"", ""CG25"", ""CG29""]"
P058-C0085,P058,definition,DEFINITION,source/papers/Tsiokos_2026_Why_Mathematics_Even_Works.tex:L2567-L2582; derived/expanded/Tsiokos_2026_Why_Mathematics_Even_Works.tex:L2567-L2582,"Value-only derivative-extraction problem: The lower candidate class for the derivative-extraction problem is Cand_0(P_ Jet )=\ m: R→ R\ , where a candidate m is intended to compute derivative information from the visible value f(x) . Define the exact defect delta_ Jet,0 (m)= 0, m _x=D_x, 1, m _x≠ D_x. The pass threshold is zero defect. Thus a lower candidate passes precisely when the derivative functional factors through the point-value interface.",NOT_APPLICABLE_DEFINITION,"{""caveats"": [""FORMAL_OR_PROOF_ASSISTANT_COMPONENT_DISCLOSED""], ""declarations"": [], ""elaboration_status"": ""NOT_APPLICABLE_OR_NOT_RUN"", ""exact_conclusion_match"": null, ""exact_hypothesis_match"": null, ""lab_or_test_evidence"": [], ""modules"": [], ""source_files"": [], ""statement_delta"": [""Imported module family exists, but no plausible declaration-name match passed the conservative threshold.""], ""status"": ""NO_MATCH"", ""trust_base"": []}","[""CG17"", ""CG25"", ""CG29""]"
P058-C0089,P058,definition,DEFINITION,source/papers/Tsiokos_2026_Why_Mathematics_Even_Works.tex:L2680-L2708; derived/expanded/Tsiokos_2026_Why_Mathematics_Even_Works.tex:L2680-L2708,"Dual-number algebra: Let R[ ]/( ^2)= R[ ]/( ^2). Every element of R[ ]/( ^2) has a unique form a+b , a,b∈ R, with ^2=0. Define the standard-part audit and coefficient audit by st(a+b )=a, [ ](a+b )=b. The promoted first-order interface at x is j_x^1: P→ R[ ]/( ^2), j_x^1(f)=f(x+ ).",NOT_APPLICABLE_DEFINITION,"{""caveats"": [""FORMAL_OR_PROOF_ASSISTANT_COMPONENT_DISCLOSED""], ""declarations"": [], ""elaboration_status"": ""NOT_APPLICABLE_OR_NOT_RUN"", ""exact_conclusion_match"": null, ""exact_hypothesis_match"": null, ""lab_or_test_evidence"": [], ""modules"": [], ""source_files"": [], ""statement_delta"": [""Imported module family exists, but no plausible declaration-name match passed the conservative threshold.""], ""status"": ""NO_MATCH"", ""trust_base"": []}","[""CG17"", ""CG25"", ""CG29""]"
P058-C0090,P058,definition,DEFINITION,source/papers/Tsiokos_2026_Why_Mathematics_Even_Works.tex:L2737-L2752; derived/expanded/Tsiokos_2026_Why_Mathematics_Even_Works.tex:L2737-L2752,Value and first-jet interfaces: Let the comparison carrier be the polynomial algebra S_ Jet = R[t]. Define pi_0= _x:S_ Jet → R and pi_1=j_x^1:S_ Jet → R[ ]/( ^2). The lower interface pi_0 sees only value. The promoted interface pi_1 sees value plus first-order coefficient.,NOT_APPLICABLE_DEFINITION,"{""caveats"": [""FORMAL_OR_PROOF_ASSISTANT_COMPONENT_DISCLOSED""], ""declarations"": [], ""elaboration_status"": ""NOT_APPLICABLE_OR_NOT_RUN"", ""exact_conclusion_match"": null, ""exact_hypothesis_match"": null, ""lab_or_test_evidence"": [], ""modules"": [], ""source_files"": [], ""statement_delta"": [""Imported module family exists, but no plausible declaration-name match passed the conservative threshold.""], ""status"": ""NO_MATCH"", ""trust_base"": []}","[""CG17""]"
P058-C0104,P058,definition,DEFINITION,source/papers/Tsiokos_2026_Why_Mathematics_Even_Works.tex:L3164-L3185; derived/expanded/Tsiokos_2026_Why_Mathematics_Even_Works.tex:L3164-L3185,"Galois root-use problem: The Galois root-use problem P_ Gal has two layers: the saturated lower request for an individual root in K , with candidate class K and defect delta_ Gal,0 ; the audited replacement answer type consisting of base-field invariant data generated from a promoted root package, such as C_ orb (alpha), Tr_ L/K (alpha), Nm_ L/K (alpha), and other G-fixed expressions. The nonclaim register contains, at minimum, alpha∈ K is not claimed.",NOT_APPLICABLE_DEFINITION,"{""caveats"": [""FORMAL_OR_PROOF_ASSISTANT_COMPONENT_DISCLOSED""], ""declarations"": [], ""elaboration_status"": ""NOT_APPLICABLE_OR_NOT_RUN"", ""exact_conclusion_match"": null, ""exact_hypothesis_match"": null, ""lab_or_test_evidence"": [], ""modules"": [], ""source_files"": [], ""statement_delta"": [""Imported module family exists, but no plausible declaration-name match passed the conservative threshold.""], ""status"": ""NO_MATCH"", ""trust_base"": []}","[""CG17"", ""CG25"", ""CG29""]"
P058-C0117,P058,definition,DEFINITION,source/papers/Tsiokos_2026_Why_Mathematics_Even_Works.tex:L3564-L3579; derived/expanded/Tsiokos_2026_Why_Mathematics_Even_Works.tex:L3564-L3579,"Period audit over cycles: A directed closed walk or cycle gamma determines a signed sum of oriented edges. For a∈ C^1(Gamma;k) , define the period of a around gamma by _gamma a = _ e∈ gamma epsilon_e a(e), where epsilon_e=1 if gamma traverses e in the chosen orientation and epsilon_e=-1 if it traverses e in the opposite orientation. The period audit is the map Per(a):Z_1(Gamma;k)→ k, Per(a)(gamma)= _gamma a, where Z_1(Gamma;k) is the cycle space of the graph.",NOT_APPLICABLE_DEFINITION,"{""caveats"": [""FORMAL_OR_PROOF_ASSISTANT_COMPONENT_DISCLOSED""], ""declarations"": [], ""elaboration_status"": ""NOT_APPLICABLE_OR_NOT_RUN"", ""exact_conclusion_match"": null, ""exact_hypothesis_match"": null, ""lab_or_test_evidence"": [], ""modules"": [], ""source_files"": [], ""statement_delta"": [""Imported module family exists, but no plausible declaration-name match passed the conservative threshold.""], ""status"": ""NO_MATCH"", ""trust_base"": []}","[""CG17"", ""CG25"", ""CG29""]"
P058-C0118,P058,definition,DEFINITION,source/papers/Tsiokos_2026_Why_Mathematics_Even_Works.tex:L3584-L3602; derived/expanded/Tsiokos_2026_Why_Mathematics_Even_Works.tex:L3584-L3602,"Local interface and cohomology interface: Let S=C^1(Gamma;k). Define the lower local interface by pi_0:S→\ locally-admissible\ , pi_0(a)=locally-admissible, and the promoted cohomology interface by pi_1:S→ H^1(Gamma;k), pi_1(a)=[a].",NOT_APPLICABLE_DEFINITION,"{""caveats"": [""FORMAL_OR_PROOF_ASSISTANT_COMPONENT_DISCLOSED""], ""declarations"": [], ""elaboration_status"": ""NOT_APPLICABLE_OR_NOT_RUN"", ""exact_conclusion_match"": null, ""exact_hypothesis_match"": null, ""lab_or_test_evidence"": [], ""modules"": [], ""source_files"": [], ""statement_delta"": [""Imported module family exists, but no plausible declaration-name match passed the conservative threshold.""], ""status"": ""NO_MATCH"", ""trust_base"": []}","[""CG17"", ""CG25"", ""CG29""]"
P058-C0119,P058,definition,DEFINITION,source/papers/Tsiokos_2026_Why_Mathematics_Even_Works.tex:L3607-L3625; derived/expanded/Tsiokos_2026_Why_Mathematics_Even_Works.tex:L3607-L3625,"Cohomological non-descent and audit: For a∈ C^1(Gamma;k) , write a _ pot when no global potential phi∈ C^0(Gamma;k) satisfies d_0phi=a . Define the obstruction expression C(a)=([a],Per(a)). It is audited by the equivalences [a]=0 Longleftrightarrow Per(a)=0 Longleftrightarrow phi with d_0phi=a.",NOT_APPLICABLE_DEFINITION,"{""caveats"": [""FORMAL_OR_PROOF_ASSISTANT_COMPONENT_DISCLOSED""], ""declarations"": [], ""elaboration_status"": ""NOT_APPLICABLE_OR_NOT_RUN"", ""exact_conclusion_match"": null, ""exact_hypothesis_match"": null, ""lab_or_test_evidence"": [], ""modules"": [], ""source_files"": [], ""statement_delta"": [""Imported module family exists, but no plausible declaration-name match passed the conservative threshold.""], ""status"": ""NO_MATCH"", ""trust_base"": []}","[""CG17"", ""CG25"", ""CG29""]"
P058-C0120,P058,definition,DEFINITION,source/papers/Tsiokos_2026_Why_Mathematics_Even_Works.tex:L3630-L3646; derived/expanded/Tsiokos_2026_Why_Mathematics_Even_Works.tex:L3630-L3646,"Cohomology descent-use problem: For a fixed finite connected graph Gamma and edge datum a∈ C^1(Gamma;k) , the cohomology descent-use problem P_ Coh (a) asks for an accepted lower answer to the question: Does a descend to a global potential? The lower candidate class consists of potentials phi∈ C^0(Gamma;k) . The promoted answer type consists of either: a positive descent witness phi with d_0phi=a , certified by [a]=0 ; or a negative obstruction witness, such as [a]≠0 together with a cycle gamma satisfying _gamma a≠0 . The nonclaim register contains, at minimum, local edge admissibility implies global descent is not claimed.",NOT_APPLICABLE_DEFINITION,"{""caveats"": [""FORMAL_OR_PROOF_ASSISTANT_COMPONENT_DISCLOSED""], ""declarations"": [], ""elaboration_status"": ""NOT_APPLICABLE_OR_NOT_RUN"", ""exact_conclusion_match"": null, ""exact_hypothesis_match"": null, ""lab_or_test_evidence"": [], ""modules"": [], ""source_files"": [], ""statement_delta"": [""Imported module family exists, but no plausible declaration-name match passed the conservative threshold.""], ""status"": ""NO_MATCH"", ""trust_base"": []}","[""CG17"", ""CG25"", ""CG29""]"
P058-C0135,P058,definition,DEFINITION,source/papers/Tsiokos_2026_Why_Mathematics_Even_Works.tex:L4023-L4039; derived/expanded/Tsiokos_2026_Why_Mathematics_Even_Works.tex:L4023-L4039,"Canonical witness vector: The canonical witness vector is the ordered family W_ 4 = ( W_ Imag , W_ Jet , W_ Gal , W_ Coh ), where: W_ Imag is the root-composite witness built from the four-phase carrier C_4=\ 1,i,-1,-i\ , the real-shadow lens q:C_4→\ -1,0,1\ , the quarter-turn G(z)=iz , and the descending square G^2 . W_ Jet is the coefficient witness built from the dual-number algebra R[ ]/( ^2) , the non-real nilpotent , the first-jet expression f(x+ ) , and the coefficient audit [ ]f(x+ )=f'(x) . W_ Gal is the invariant-descent witness built from a finite Galois splitting field L/K , a non-descending root alpha K , and descending invariant audits such as elementary symmetric functions, L^ Gal(L/K) =K , Tr_ L/K , and Nm_ L/K . W_ Coh is the obstruction-ledger witness built from a finite connected graph Gamma , local edge data a∈ C^1(Gamma;k) , the global-potential descent question a=d_0phi , and the obstruction class [a]∈ H^1(Gamma;k) . Each component of W_4 is understood with its declared lower problem profile, promotion bridge, audit channels, and nonclaim register from the corresponding theorem sheet.",NOT_APPLICABLE_DEFINITION,"{""caveats"": [""FORMAL_OR_PROOF_ASSISTANT_COMPONENT_DISCLOSED""], ""declarations"": [], ""elaboration_status"": ""NOT_APPLICABLE_OR_NOT_RUN"", ""exact_conclusion_match"": null, ""exact_hypothesis_match"": null, ""lab_or_test_evidence"": [], ""modules"": [], ""source_files"": [], ""statement_delta"": [""Imported module family exists, but no plausible declaration-name match passed the conservative threshold.""], ""status"": ""NO_MATCH"", ""trust_base"": []}","[""CG17"", ""CG25"", ""CG29""]"
P058-C0146,P058,definition,DEFINITION,source/papers/Tsiokos_2026_Why_Mathematics_Even_Works.tex:L4303-L4311; derived/expanded/Tsiokos_2026_Why_Mathematics_Even_Works.tex:L4303-L4311,"Case profile: The case profile of a witness W is Profile( W) =(tau_ nondesc ,tau_ desc ,tau_ audit ,tau_ defect ), where tau_ nondesc records the type of non-descending structure, tau_ desc records the type of selected descendant, tau_ audit records the audit channel, and tau_ defect records the lower-layer defect closed or certified by the promoted package.",NOT_APPLICABLE_DEFINITION,"{""caveats"": [""FORMAL_OR_PROOF_ASSISTANT_COMPONENT_DISCLOSED""], ""declarations"": [], ""elaboration_status"": ""NOT_APPLICABLE_OR_NOT_RUN"", ""exact_conclusion_match"": null, ""exact_hypothesis_match"": null, ""lab_or_test_evidence"": [], ""modules"": [], ""source_files"": [], ""statement_delta"": [""Imported module family exists, but no plausible declaration-name match passed the conservative threshold.""], ""status"": ""NO_MATCH"", ""trust_base"": []}","[""CG17"", ""CG25"", ""CG29""]"
P058-C0147,P058,definition,DEFINITION,source/papers/Tsiokos_2026_Why_Mathematics_Even_Works.tex:L4317-L4339; derived/expanded/Tsiokos_2026_Why_Mathematics_Even_Works.tex:L4317-L4339,"SAU profile skeleton: An SAU profile skeleton is a finite typed record p= (tau_ 0 ,tau_ sat ,tau_ strict , tau_ U ,tau_ C ,tau_ desc ,tau_ solve , tau_ audit ,tau_ nonclaim ), where: tau_0 records the lower-layer problem type; tau_ sat records the saturation witness type; tau_ strict records the nonfactorization witness type; tau_U records the promoted non-descending structure type; tau_C records the selected composite, coefficient, invariant, trace, norm, standard part, or obstruction expression; tau_ desc records the descent equation or audit channel; tau_ solve records how the descended object solves, decides, or certifies the lower problem; tau_ audit records the required audit data; tau_ nonclaim records the hidden-structure claims that must remain blocked. The skeleton records roles and obligations, not a concrete mathematical substrate.",NOT_APPLICABLE_DEFINITION,"{""caveats"": [""FORMAL_OR_PROOF_ASSISTANT_COMPONENT_DISCLOSED""], ""declarations"": [], ""elaboration_status"": ""NOT_APPLICABLE_OR_NOT_RUN"", ""exact_conclusion_match"": null, ""exact_hypothesis_match"": null, ""lab_or_test_evidence"": [], ""modules"": [], ""source_files"": [], ""statement_delta"": [""Imported module family exists, but no plausible declaration-name match passed the conservative threshold.""], ""status"": ""NO_MATCH"", ""trust_base"": []}","[""CG17"", ""CG25"", ""CG29""]"
P058-C0148,P058,definition,DEFINITION,source/papers/Tsiokos_2026_Why_Mathematics_Even_Works.tex:L4344-L4360; derived/expanded/Tsiokos_2026_Why_Mathematics_Even_Works.tex:L4344-L4360,"Profile instance: Let p be an SAU profile skeleton. A profile instance of p is a raw candidate package C=( P_0,B_ 0→1 ,U,C,a^ ; SatW,StrictW,NonDescW,DescW,SolveW,AuditW) together with a typing map rho: C p which assigns each concrete witness field of C to the corresponding profile slot of Definition . We write Inst( p, C) when the typing map is declared and all profile slots are inhabited by concrete witness data.",NOT_APPLICABLE_DEFINITION,"{""caveats"": [""FORMAL_OR_PROOF_ASSISTANT_COMPONENT_DISCLOSED""], ""declarations"": [], ""elaboration_status"": ""NOT_APPLICABLE_OR_NOT_RUN"", ""exact_conclusion_match"": null, ""exact_hypothesis_match"": null, ""lab_or_test_evidence"": [], ""modules"": [], ""source_files"": [], ""statement_delta"": [""Imported module family exists, but no plausible declaration-name match passed the conservative threshold.""], ""status"": ""NO_MATCH"", ""trust_base"": []}","[""CG17"", ""CG25"", ""CG29""]"
P058-C0149,P058,definition,DEFINITION,source/papers/Tsiokos_2026_Why_Mathematics_Even_Works.tex:L4365-L4376; derived/expanded/Tsiokos_2026_Why_Mathematics_Even_Works.tex:L4365-L4376,"Validated profile instance: A profile instance Inst( p, C) is validated when F_ SAU ( C)= under the declared instruments, thresholds, bridges, and nonclaim registers. We write Inst_ SAU ( p, C) for a validated profile instance.",NOT_APPLICABLE_DEFINITION,"{""caveats"": [""FORMAL_OR_PROOF_ASSISTANT_COMPONENT_DISCLOSED""], ""declarations"": [], ""elaboration_status"": ""NOT_APPLICABLE_OR_NOT_RUN"", ""exact_conclusion_match"": null, ""exact_hypothesis_match"": null, ""lab_or_test_evidence"": [], ""modules"": [], ""source_files"": [], ""statement_delta"": [""Imported module family exists, but no plausible declaration-name match passed the conservative threshold.""], ""status"": ""NO_MATCH"", ""trust_base"": []}","[""CG17"", ""CG25"", ""CG29""]"
P058-C0150,P058,definition,DEFINITION,source/papers/Tsiokos_2026_Why_Mathematics_Even_Works.tex:L4381-L4394; derived/expanded/Tsiokos_2026_Why_Mathematics_Even_Works.tex:L4381-L4394,"Substrate erasure: For a raw candidate package C , define its substrate erasure Erase( C)=Profile( C) to be the record obtained by forgetting the substrate-specific carriers, elements, functions, roots, graphs, fields, and algebras, while retaining: (tau_ 0 ,tau_ sat ,tau_ strict , tau_U,tau_C,tau_ desc ,tau_ solve , tau_ audit ,tau_ nonclaim ). Equivalently, Erase keeps the bridge grammar and suppresses the material implementation.",NOT_APPLICABLE_DEFINITION,"{""caveats"": [""FORMAL_OR_PROOF_ASSISTANT_COMPONENT_DISCLOSED""], ""declarations"": [], ""elaboration_status"": ""NOT_APPLICABLE_OR_NOT_RUN"", ""exact_conclusion_match"": null, ""exact_hypothesis_match"": null, ""lab_or_test_evidence"": [], ""modules"": [], ""source_files"": [], ""statement_delta"": [""Imported module family exists, but no plausible declaration-name match passed the conservative threshold.""], ""status"": ""NO_MATCH"", ""trust_base"": []}","[""CG17"", ""CG25"", ""CG29""]"
P058-C0154,P058,definition,DEFINITION,source/papers/Tsiokos_2026_Why_Mathematics_Even_Works.tex:L4448-L4455; derived/expanded/Tsiokos_2026_Why_Mathematics_Even_Works.tex:L4448-L4455,"Profile equivalence: Two candidate packages C and C' are profile-equivalent, written C _ Profile C', when their substrate erasures are isomorphic as typed SAU skeletons. This means that their six witness obligations have the same role shape, but it does not assert an isomorphism between their underlying carriers.",NOT_APPLICABLE_DEFINITION,"{""caveats"": [""FORMAL_OR_PROOF_ASSISTANT_COMPONENT_DISCLOSED""], ""declarations"": [], ""elaboration_status"": ""NOT_APPLICABLE_OR_NOT_RUN"", ""exact_conclusion_match"": null, ""exact_hypothesis_match"": null, ""lab_or_test_evidence"": [], ""modules"": [], ""source_files"": [], ""statement_delta"": [""Imported module family exists, but no plausible declaration-name match passed the conservative threshold.""], ""status"": ""NO_MATCH"", ""trust_base"": []}","[""CG17"", ""CG25"", ""CG29""]"
P058-C0155,P058,definition,DEFINITION,source/papers/Tsiokos_2026_Why_Mathematics_Even_Works.tex:L4460-L4476; derived/expanded/Tsiokos_2026_Why_Mathematics_Even_Works.tex:L4460-L4476,"SAU transfer plan: An SAU transfer plan from a source package C_s to a target package C_t is a triple Transfer( C_s, C_t; p) such that: Inst_ SAU ( p, C_s) , so the source realizes p with a validated certificate; Inst( p, C_t) , so the target inhabits the same profile skeleton; the target has its own candidate witness fields and instruments, not merely borrowed source witnesses. The transfer plan is validated when additionally F_ SAU ( C_t)= .",NOT_APPLICABLE_DEFINITION,"{""caveats"": [""FORMAL_OR_PROOF_ASSISTANT_COMPONENT_DISCLOSED""], ""declarations"": [], ""elaboration_status"": ""NOT_APPLICABLE_OR_NOT_RUN"", ""exact_conclusion_match"": null, ""exact_hypothesis_match"": null, ""lab_or_test_evidence"": [], ""modules"": [], ""source_files"": [], ""statement_delta"": [""Imported module family exists, but no plausible declaration-name match passed the conservative threshold.""], ""status"": ""NO_MATCH"", ""trust_base"": []}","[""CG17"", ""CG25"", ""CG29""]"
P058-C0156,P058,definition,DEFINITION,source/papers/Tsiokos_2026_Why_Mathematics_Even_Works.tex:L4481-L4516; derived/expanded/Tsiokos_2026_Why_Mathematics_Even_Works.tex:L4481-L4516,"Canonical SAU profile registry: The four canonical witnesses determine the registry R_4= \ p_ RootComp , p_ Coeff , p_ InvDesc , p_ ObsLed \ , where: p_ RootComp is the root-composite profile: U _q, U^n _q F. p_ Coeff is the coefficient or standard-part profile: U _ T_0 , (Phi(U))=a^ for a coefficient, standard-part, or jet audit . p_ InvDesc is the invariant-descent profile: U T_0, C(U)∈ Inv( T_1/ T_0) T_0. p_ ObsLed is the obstruction-ledger profile: local or partial data fails descent, [U]=0 iff descent succeeds.",NOT_APPLICABLE_DEFINITION,"{""caveats"": [""FORMAL_OR_PROOF_ASSISTANT_COMPONENT_DISCLOSED""], ""declarations"": [], ""elaboration_status"": ""NOT_APPLICABLE_OR_NOT_RUN"", ""exact_conclusion_match"": null, ""exact_hypothesis_match"": null, ""lab_or_test_evidence"": [], ""modules"": [], ""source_files"": [], ""statement_delta"": [""Imported module family exists, but no plausible declaration-name match passed the conservative threshold.""], ""status"": ""NO_MATCH"", ""trust_base"": []}","[""CG17"", ""CG25"", ""CG29""]"
P058-C0157,P058,definition,DEFINITION,source/papers/Tsiokos_2026_Why_Mathematics_Even_Works.tex:L4521-L4531; derived/expanded/Tsiokos_2026_Why_Mathematics_Even_Works.tex:L4521-L4531,"SAU coverage: Let P be a family of lower-layer problems and let R be a finite registry of SAU profile skeletons. We say that R SAU-covers P , written Cover_ SAU ( R, P), when for every P∈ P there exist a lower problem profile P_ 0,P , a candidate bridge B_P , a candidate package C_P , and a profile p_P∈ R such that Inst_ SAU ( p_P, C_P).",NOT_APPLICABLE_DEFINITION,"{""caveats"": [""FORMAL_OR_PROOF_ASSISTANT_COMPONENT_DISCLOSED""], ""declarations"": [], ""elaboration_status"": ""NOT_APPLICABLE_OR_NOT_RUN"", ""exact_conclusion_match"": null, ""exact_hypothesis_match"": null, ""lab_or_test_evidence"": [], ""modules"": [], ""source_files"": [], ""statement_delta"": [""Imported module family exists, but no plausible declaration-name match passed the conservative threshold.""], ""status"": ""NO_MATCH"", ""trust_base"": []}","[""CG17"", ""CG25"", ""CG29""]"
P058-C0167,P058,definition,DEFINITION,source/papers/Tsiokos_2026_Why_Mathematics_Even_Works.tex:L4744-L4751; derived/expanded/Tsiokos_2026_Why_Mathematics_Even_Works.tex:L4744-L4751,"Explanatory compression: Suppose a finite registry R SAU-covers a finite problem family P . The registry provides explanatory compression when many problem instances are certified by fewer recurring profile skeletons. A crude count is _ SAU ( P, R)=| P|-| R|, with the understanding that this number is only a bookkeeping index, not an invariant of mathematical depth.",NOT_APPLICABLE_DEFINITION,"{""caveats"": [""FORMAL_OR_PROOF_ASSISTANT_COMPONENT_DISCLOSED""], ""declarations"": [], ""elaboration_status"": ""NOT_APPLICABLE_OR_NOT_RUN"", ""exact_conclusion_match"": null, ""exact_hypothesis_match"": null, ""lab_or_test_evidence"": [], ""modules"": [], ""source_files"": [], ""statement_delta"": [""Imported module family exists, but no plausible declaration-name match passed the conservative threshold.""], ""status"": ""NO_MATCH"", ""trust_base"": []}","[""CG17"", ""CG25"", ""CG29""]"
P058-C0173,P058,definition,DEFINITION,source/papers/Tsiokos_2026_Why_Mathematics_Even_Works.tex:L4878-L4889; derived/expanded/Tsiokos_2026_Why_Mathematics_Even_Works.tex:L4878-L4889,"Exact quotient descent: Let q:X→ Y be a quotient, shadow, or observable map and let F:X→ X be an update. We say that F descends through q , written F _q, when there exists a map F^ :Y→ Y such that qF=F^ q. The descended map F^ is unique on im(q) .",NOT_APPLICABLE_DEFINITION,"{""caveats"": [""FORMAL_OR_PROOF_ASSISTANT_COMPONENT_DISCLOSED""], ""declarations"": [], ""elaboration_status"": ""NOT_APPLICABLE_OR_NOT_RUN"", ""exact_conclusion_match"": null, ""exact_hypothesis_match"": null, ""lab_or_test_evidence"": [], ""modules"": [], ""source_files"": [], ""statement_delta"": [""Imported module family exists, but no plausible declaration-name match passed the conservative threshold.""], ""status"": ""NO_MATCH"", ""trust_base"": []}","[""CG17"", ""CG25"", ""CG29""]"
P058-C0174,P058,definition,DEFINITION,source/papers/Tsiokos_2026_Why_Mathematics_Even_Works.tex:L4893-L4908; derived/expanded/Tsiokos_2026_Why_Mathematics_Even_Works.tex:L4893-L4908,"Split-pair descent defect: For q:X→ Y and F:X→ X , define delta^ split _1(q,F) = \ (x,x')∈ X× X:q(x)=q(x') and qF(x)≠ qF(x')\ . Then F _q Longleftrightarrow delta^ split _1(q,F)= . A nonempty split-pair defect is an explicit P_1 descent obstruction.",NOT_APPLICABLE_DEFINITION,"{""caveats"": [""FORMAL_OR_PROOF_ASSISTANT_COMPONENT_DISCLOSED""], ""declarations"": [], ""elaboration_status"": ""NOT_APPLICABLE_OR_NOT_RUN"", ""exact_conclusion_match"": null, ""exact_hypothesis_match"": null, ""lab_or_test_evidence"": [], ""modules"": [], ""source_files"": [], ""statement_delta"": [""Imported module family exists, but no plausible declaration-name match passed the conservative threshold.""], ""status"": ""NO_MATCH"", ""trust_base"": []}","[""CG17"", ""CG25"", ""CG29""]"
P058-C0175,P058,definition,DEFINITION,source/papers/Tsiokos_2026_Why_Mathematics_Even_Works.tex:L4913-L4928; derived/expanded/Tsiokos_2026_Why_Mathematics_Even_Works.tex:L4913-L4928,"Strictness defect: Given object maps pi_0:S→ O_0 and pi_1:S→ O_1 , define the factorization defect delta_ fact (pi_0,pi_1) = \ (s,s')∈ S× S:pi_0(s)=pi_0(s') and pi_1(s)≠pi_1(s')\ . The promotion is strict when Strict(B_ 0→1 ) Longleftrightarrow delta_ fact (pi_0,pi_1)≠ . Equivalently, pi_1 does not factor through pi_0 . A strict promotion distinguishes something that the lower interface collapses.",NOT_APPLICABLE_DEFINITION,"{""caveats"": [""FORMAL_OR_PROOF_ASSISTANT_COMPONENT_DISCLOSED""], ""declarations"": [], ""elaboration_status"": ""NOT_APPLICABLE_OR_NOT_RUN"", ""exact_conclusion_match"": null, ""exact_hypothesis_match"": null, ""lab_or_test_evidence"": [], ""modules"": [], ""source_files"": [], ""statement_delta"": [""Imported module family exists, but no plausible declaration-name match passed the conservative threshold.""], ""status"": ""NO_MATCH"", ""trust_base"": []}","[""CG17"", ""CG25"", ""CG29""]"
P058-C0177,P058,definition,DEFINITION,source/papers/Tsiokos_2026_Why_Mathematics_Even_Works.tex:L4947-L4963; derived/expanded/Tsiokos_2026_Why_Mathematics_Even_Works.tex:L4947-L4963,"Six Birds role convention: Throughout this paper the six primitive role labels are used with the following fixed meanings: P_1=descent/closure/rewrite/transport of content, P_2=representability/gating/admissibility, P_3=route mismatch/holonomy/path or protocol comparison, P_4=refinement/staging/gluing, P_5=packaging/completion/objecthood/idempotence, P_6=audit/provenance/replay/drive certification. A role label is not a total algebraic generator. It is a typed channel whose activation requires role-aligned witness data, threshold data, level data, visibility data, audit data, and an explicit nonclaim record.",NOT_APPLICABLE_DEFINITION,"{""caveats"": [""FORMAL_OR_PROOF_ASSISTANT_COMPONENT_DISCLOSED""], ""declarations"": [], ""elaboration_status"": ""NOT_APPLICABLE_OR_NOT_RUN"", ""exact_conclusion_match"": null, ""exact_hypothesis_match"": null, ""lab_or_test_evidence"": [], ""modules"": [], ""source_files"": [], ""statement_delta"": [""Imported module family exists, but no plausible declaration-name match passed the conservative threshold.""], ""status"": ""NO_MATCH"", ""trust_base"": []}","[""CG17"", ""CG25"", ""CG29""]"
P058-C0178,P058,definition,DEFINITION,source/papers/Tsiokos_2026_Why_Mathematics_Even_Works.tex:L4968-L4981; derived/expanded/Tsiokos_2026_Why_Mathematics_Even_Works.tex:L4968-L4981,"Strictly useful promoted extension: A promotion bridge B_ 0→1 is a strictly useful promoted extension of T_0 for the lower problem P when there exist U,C,a^ such that SAU( P_0,B_ 0→1 ,U,C,a^ ) holds. The accepted claim form is Gamma; T_0 T_1;I_B Useful(B_ 0→1 ,P):accepted. The claim means: the promoted layer solves, decides, or certifies the lower problem through an audited descending output that the saturated lower interface could not provide. It does not mean that the hidden promoted structure itself belongs to the lower layer.",NOT_APPLICABLE_DEFINITION,"{""caveats"": [""FORMAL_OR_PROOF_ASSISTANT_COMPONENT_DISCLOSED""], ""declarations"": [], ""elaboration_status"": ""NOT_APPLICABLE_OR_NOT_RUN"", ""exact_conclusion_match"": null, ""exact_hypothesis_match"": null, ""lab_or_test_evidence"": [], ""modules"": [], ""source_files"": [], ""statement_delta"": [""Imported module family exists, but no plausible declaration-name match passed the conservative threshold.""], ""status"": ""NO_MATCH"", ""trust_base"": []}","[""CG17"", ""CG25"", ""CG29""]"
P058-C0179,P058,definition,DEFINITION,source/papers/Tsiokos_2026_Why_Mathematics_Even_Works.tex:L4986-L5010; derived/expanded/Tsiokos_2026_Why_Mathematics_Even_Works.tex:L4986-L5010,"Exact-six SAU certificate: An SAU certificate is exact-six when, in addition to Definition , the bridge record determines an inherited FATCD -style description D_B whose six role channels all have active projections: Status_i(D_B)=active_projection, pi_i(D_B)\ exists, i=1, ,6. Equivalently, the bridge record contains role-aligned active witness data for all six channels: (W_1,W_2,W_3,W_4,W_5,W_6), where: W_1 witnesses descent or descent obstruction; W_2 witnesses lower nonrepresentability and promoted representability; W_3 witnesses route, phase, orbit, path, or coherence data suppressed by the lower layer; W_4 witnesses the stage transition from lower layer to promoted layer and back to audited descent; W_5 witnesses packaging, quotienting, or completion; W_6 witnesses audit, provenance, replay, no-overreading, and nonclaims. Each witness must carry threshold, level, visibility, audit, and nonclaim records. Exact-six SAU is a scoped FATCD -anchored certificate type, not a claim that every useful mathematical extension activates all six channels.",NOT_APPLICABLE_DEFINITION,"{""caveats"": [""FORMAL_OR_PROOF_ASSISTANT_COMPONENT_DISCLOSED""], ""declarations"": [], ""elaboration_status"": ""NOT_APPLICABLE_OR_NOT_RUN"", ""exact_conclusion_match"": null, ""exact_hypothesis_match"": null, ""lab_or_test_evidence"": [], ""modules"": [], ""source_files"": [], ""statement_delta"": [""Imported module family exists, but no plausible declaration-name match passed the conservative threshold.""], ""status"": ""NO_MATCH"", ""trust_base"": []}","[""CG17"", ""CG25"", ""CG29""]"
P058-C0180,P058,definition,DEFINITION,source/papers/Tsiokos_2026_Why_Mathematics_Even_Works.tex:L5015-L5024; derived/expanded/Tsiokos_2026_Why_Mathematics_Even_Works.tex:L5015-L5024,"Root-composite profile: A bridge has root-composite profile when U _q but U^n _B a^ for some n 2 . The imaginary-number witness is the case n=2 , where the non-descending half-step squares to a descending reversal.",NOT_APPLICABLE_DEFINITION,"{""caveats"": [""FORMAL_OR_PROOF_ASSISTANT_COMPONENT_DISCLOSED""], ""declarations"": [], ""elaboration_status"": ""NOT_APPLICABLE_OR_NOT_RUN"", ""exact_conclusion_match"": null, ""exact_hypothesis_match"": null, ""lab_or_test_evidence"": [], ""modules"": [], ""source_files"": [], ""statement_delta"": [""Imported module family exists, but no plausible declaration-name match passed the conservative threshold.""], ""status"": ""NO_MATCH"", ""trust_base"": []}","[""CG17"", ""CG25"", ""CG29""]"
P058-C0181,P058,definition,DEFINITION,source/papers/Tsiokos_2026_Why_Mathematics_Even_Works.tex:L5029-L5041; derived/expanded/Tsiokos_2026_Why_Mathematics_Even_Works.tex:L5029-L5041,"Coefficient or standard-part profile: A bridge has coefficient/standard-part profile when a promoted infinitesimal or nilpotent object T_0 is used to form a promoted expression F( ) , and a declared audit map Coeff_ , st, returns a lower answer. The dual-number first-jet witness has ^2=0, [ ]f(x+ )=f''(x).",NOT_APPLICABLE_DEFINITION,"{""caveats"": [""FORMAL_OR_PROOF_ASSISTANT_COMPONENT_DISCLOSED""], ""declarations"": [], ""elaboration_status"": ""NOT_APPLICABLE_OR_NOT_RUN"", ""exact_conclusion_match"": null, ""exact_hypothesis_match"": null, ""lab_or_test_evidence"": [], ""modules"": [], ""source_files"": [], ""statement_delta"": [""Imported module family exists, but no plausible declaration-name match passed the conservative threshold.""], ""status"": ""NO_MATCH"", ""trust_base"": []}","[""CG17"", ""CG25"", ""CG29""]"
P058-C0182,P058,definition,DEFINITION,source/papers/Tsiokos_2026_Why_Mathematics_Even_Works.tex:L5046-L5053; derived/expanded/Tsiokos_2026_Why_Mathematics_Even_Works.tex:L5046-L5053,"Invariant-descent profile: A bridge has invariant-descent profile when a promoted symmetry structure G L contains non-descending objects u∈ L K , but invariant composites descend: C(u)∈ L^G=K. The Galois witness uses roots in a splitting field as non-descending promoted objects and uses fixed-field, trace, norm, and symmetric-polynomial expressions as descending audits.",NOT_APPLICABLE_DEFINITION,"{""caveats"": [""FORMAL_OR_PROOF_ASSISTANT_COMPONENT_DISCLOSED""], ""declarations"": [], ""elaboration_status"": ""NOT_APPLICABLE_OR_NOT_RUN"", ""exact_conclusion_match"": null, ""exact_hypothesis_match"": null, ""lab_or_test_evidence"": [], ""modules"": [], ""source_files"": [], ""statement_delta"": [""Imported module family exists, but no plausible declaration-name match passed the conservative threshold.""], ""status"": ""NO_MATCH"", ""trust_base"": []}","[""CG17"", ""CG25"", ""CG29""]"
P058-C0183,P058,definition,DEFINITION,source/papers/Tsiokos_2026_Why_Mathematics_Even_Works.tex:L5058-L5071; derived/expanded/Tsiokos_2026_Why_Mathematics_Even_Works.tex:L5058-L5071,"Obstruction-ledger profile: A bridge has obstruction-ledger profile when lower local data fails to descend globally, but the failure itself becomes a promoted audited object. In a cochain complex, H^n= d_n/imd_ n-1 records the obstruction class, and [a]=0 Longleftrightarrow the desired global descent or gluing succeeds inside the declared host. This profile treats certified failure as a valid lower answer when the lower problem asks for a decision or obstruction certificate.",NOT_APPLICABLE_DEFINITION,"{""caveats"": [""FORMAL_OR_PROOF_ASSISTANT_COMPONENT_DISCLOSED""], ""declarations"": [], ""elaboration_status"": ""NOT_APPLICABLE_OR_NOT_RUN"", ""exact_conclusion_match"": null, ""exact_hypothesis_match"": null, ""lab_or_test_evidence"": [], ""modules"": [], ""source_files"": [], ""statement_delta"": [""Imported module family exists, but no plausible declaration-name match passed the conservative threshold.""], ""status"": ""NO_MATCH"", ""trust_base"": []}","[""CG17"", ""CG25"", ""CG29""]"
P058-C0184,P058,definition,DEFINITION,source/papers/Tsiokos_2026_Why_Mathematics_Even_Works.tex:L5081-L5095; derived/expanded/Tsiokos_2026_Why_Mathematics_Even_Works.tex:L5081-L5095,"Use-set and overreading defect: For a claim , let Use( ) be the finite set of records on which the claim depends. Given a finite family L of admissible visibility bridges under I , define delta_ overread (I, , L) = \ x∈Use( ):vis_I(x)=suppressed and no L∈ L admissibly bridges x\ . The no-overreading threshold is Theta_ vis :delta_ overread = possibly together with weak-bridge, outside-scope, and unknown-content checks.",NOT_APPLICABLE_DEFINITION,"{""caveats"": [""FORMAL_OR_PROOF_ASSISTANT_COMPONENT_DISCLOSED""], ""declarations"": [], ""elaboration_status"": ""NOT_APPLICABLE_OR_NOT_RUN"", ""exact_conclusion_match"": null, ""exact_hypothesis_match"": null, ""lab_or_test_evidence"": [], ""modules"": [], ""source_files"": [], ""statement_delta"": [""Imported module family exists, but no plausible declaration-name match passed the conservative threshold.""], ""status"": ""NO_MATCH"", ""trust_base"": []}","[""CG17"", ""CG25"", ""CG29""]"
P058-C0185,P058,definition,DEFINITION,source/papers/Tsiokos_2026_Why_Mathematics_Even_Works.tex:L5100-L5115; derived/expanded/Tsiokos_2026_Why_Mathematics_Even_Works.tex:L5100-L5115,"No-smuggling defect: The no-smuggling defect delta_ nosmuggle (B) is the finite set of bridge-scope violations, including at least the following kinds: target-layer data used without declaration to prove target novelty; suppressed content used without an admissible bridge; simulation or example used as theorem-grade evidence; local evidence used as global without a gluing record; route/coherence data used as a drive or audit certificate without the required bridge; lossy summary used as exact data. The no-smuggling threshold is Theta_ nosmuggle :delta_ nosmuggle (B)= .",NOT_APPLICABLE_DEFINITION,"{""caveats"": [""FORMAL_OR_PROOF_ASSISTANT_COMPONENT_DISCLOSED""], ""declarations"": [], ""elaboration_status"": ""NOT_APPLICABLE_OR_NOT_RUN"", ""exact_conclusion_match"": null, ""exact_hypothesis_match"": null, ""lab_or_test_evidence"": [], ""modules"": [], ""source_files"": [], ""statement_delta"": [""Imported module family exists, but no plausible declaration-name match passed the conservative threshold.""], ""status"": ""NO_MATCH"", ""trust_base"": []}","[""CG17"", ""CG25"", ""CG29""]"
P058-C0186,P058,definition,DEFINITION,source/papers/Tsiokos_2026_Why_Mathematics_Even_Works.tex:L5120-L5133; derived/expanded/Tsiokos_2026_Why_Mathematics_Even_Works.tex:L5120-L5133,"SAU failure modes: A candidate promotion bridge fails to certify strict audited utility if any of the following occur: No saturation: the lower interface already supplies an accepted answer. No strictness: delta_ fact (pi_0,pi_1)= , so the promoted interface factors through the lower one. No promoted non-descent: the alleged hidden structure was already a lower-layer object. No audited descent: C(U) does not produce an accepted lower answer. No problem resolution: the descended output fails the lower problem threshold. Audit failure: the source, audit, visibility, threshold, or replay record fails. Smuggling: delta_ nosmuggle (B)≠ . Overreading: the claim asserts hidden promoted content at the lower layer rather than only the audited descendant.",NOT_APPLICABLE_DEFINITION,"{""caveats"": [""FORMAL_OR_PROOF_ASSISTANT_COMPONENT_DISCLOSED""], ""declarations"": [], ""elaboration_status"": ""NOT_APPLICABLE_OR_NOT_RUN"", ""exact_conclusion_match"": null, ""exact_hypothesis_match"": null, ""lab_or_test_evidence"": [], ""modules"": [], ""source_files"": [], ""statement_delta"": [""Imported module family exists, but no plausible declaration-name match passed the conservative threshold.""], ""status"": ""NO_MATCH"", ""trust_base"": []}","[""CG17""]"
P058-C0201,P058,prose_definition,PROSE_DEFINITION_SECTION,source/papers/Tsiokos_2026_Why_Mathematics_Even_Works.tex:L5646-L5667; derived/expanded/Tsiokos_2026_Why_Mathematics_Even_Works.tex:L5646-L5667,Definition realization: The definition audit records 78 definition items: @ lr@ →prule Realization status Count Realized Lean definition 14 Partial realization 23 Needs real definition 41,NAMED_SOURCE_SECTION_ARGUMENT,"{""caveats"": [""FORMAL_OR_PROOF_ASSISTANT_COMPONENT_DISCLOSED""], ""declarations"": [], ""elaboration_status"": ""NOT_APPLICABLE_OR_NOT_RUN"", ""exact_conclusion_match"": null, ""exact_hypothesis_match"": null, ""lab_or_test_evidence"": [], ""modules"": [], ""source_files"": [], ""statement_delta"": [""Imported module family exists, but no plausible declaration-name match passed the conservative threshold.""], ""status"": ""NO_MATCH"", ""trust_base"": []}","[""CG17"", ""CG25"", ""CG29""]"
P056-C0006,P056,prose_definition,PROSE_DEFINITION,source/papers/Tsiokos_2026_To_Worship_a_Stone_with_Six_Birds_Reality_as_Closure.tex:L319; derived/expanded/Tsiokos_2026_To_Worship_a_Stone_with_Six_Birds_Reality_as_Closure.tex:L319,Definition (purchased). Intelligence is the capacity to export closure: a system is intelligent to another exactly to the degree that its layer-births arrive as certificates the other can audit and build on.,PROSE_STATUS_OR_ARGUMENT_RECORD,"{""caveats"": [""CORPUS_EVIDENCE_DISCUSSION_ONLY_NO_OWN_FORMALIZATION_APPENDIX""], ""declarations"": [], ""elaboration_status"": ""NOT_APPLICABLE_OR_NOT_RUN"", ""exact_conclusion_match"": null, ""exact_hypothesis_match"": null, ""lab_or_test_evidence"": [], ""modules"": [], ""source_files"": [], ""statement_delta"": [""No imported module family was assigned to this paper at Step-2 intake.""], ""status"": ""PAPER_DISCLOSED_ASSET_NOT_IMPORTED"", ""trust_base"": []}","[""CG26""]"
P011-C0004,P011,definition,DEFINITION,source/papers/Tsiokos_2026_Hiddenness_as_a_Structural_Law_of_Emergence.tex:L274-L291; derived/expanded/Tsiokos_2026_Hiddenness_as_a_Structural_Law_of_Emergence.tex:L274-L291,"Computational substrate: A computational substrate sigma is a typed bounded polynomial-time computation context . It consists of: an instance family X_ sigma ; a size function on instances together with a bound N_ sigma , so that only instances of size at most N_ sigma belong to the bounded carrier considered here; a declared solver-prefix family, assigning to each bounded instance the finite trace shape that a polynomial-time computation may generate before the history is audited. A substrate is therefore the typed context in which instances, scale, and trace formation have all been fixed, rather than a language or a set of inputs.",NOT_APPLICABLE_DEFINITION,"{""caveats"": [""FORMAL_OR_PROOF_ASSISTANT_COMPONENT_DISCLOSED""], ""declarations"": [], ""elaboration_status"": ""NOT_APPLICABLE_OR_NOT_RUN"", ""exact_conclusion_match"": null, ""exact_hypothesis_match"": null, ""lab_or_test_evidence"": [], ""modules"": [], ""source_files"": [], ""statement_delta"": [""No imported module family was assigned to this paper at Step-2 intake.""], ""status"": ""PAPER_DISCLOSED_ASSET_NOT_IMPORTED"", ""trust_base"": []}","[""CG01"", ""CG03"", ""CG05"", ""CG24""]"
P011-C0006,P011,definition,DEFINITION,source/papers/Tsiokos_2026_Hiddenness_as_a_Structural_Law_of_Emergence.tex:L313-L327; derived/expanded/Tsiokos_2026_Hiddenness_as_a_Structural_Law_of_Emergence.tex:L313-L327,History space: Let sigma be a computational substrate and let L be an autonomous lift on sigma . The history space H_ sigma ^ L is the finite typed set of bounded polynomial-time computation histories generated by L on sigma . Each history h∈H_ sigma ^ L records: the substrate input instance; the solver-prefix trace generated under L ; the autonomous-lift internal-state record sigma_ L (h) ; the declared predictive continuations available from h ; the audit bookkeeping attached to h .,NOT_APPLICABLE_DEFINITION,"{""caveats"": [""FORMAL_OR_PROOF_ASSISTANT_COMPONENT_DISCLOSED""], ""declarations"": [], ""elaboration_status"": ""NOT_APPLICABLE_OR_NOT_RUN"", ""exact_conclusion_match"": null, ""exact_hypothesis_match"": null, ""lab_or_test_evidence"": [], ""modules"": [], ""source_files"": [], ""statement_delta"": [""No imported module family was assigned to this paper at Step-2 intake.""], ""status"": ""PAPER_DISCLOSED_ASSET_NOT_IMPORTED"", ""trust_base"": []}","[""CG01"", ""CG03"", ""CG05"", ""CG24""]"
P011-C0007,P011,definition,DEFINITION,source/papers/Tsiokos_2026_Hiddenness_as_a_Structural_Law_of_Emergence.tex:L343-L355; derived/expanded/Tsiokos_2026_Hiddenness_as_a_Structural_Law_of_Emergence.tex:L343-L355,"Current quotient: The current quotient Q_ sigma ^ L is the equivalence relation on H_ sigma ^ L that identifies two histories exactly when every declared polynomial-time current observable gives the same value on them. Thus, for h,h'∈H_ sigma ^ L , Qclass h =Qclass h' Longleftrightarrow _ Q (h)= _ Q (h') for every declared current observable _ Q .",NOT_APPLICABLE_DEFINITION,"{""caveats"": [""FORMAL_OR_PROOF_ASSISTANT_COMPONENT_DISCLOSED""], ""declarations"": [], ""elaboration_status"": ""NOT_APPLICABLE_OR_NOT_RUN"", ""exact_conclusion_match"": null, ""exact_hypothesis_match"": null, ""lab_or_test_evidence"": [], ""modules"": [], ""source_files"": [], ""statement_delta"": [""No imported module family was assigned to this paper at Step-2 intake.""], ""status"": ""PAPER_DISCLOSED_ASSET_NOT_IMPORTED"", ""trust_base"": []}","[""CG01"", ""CG03"", ""CG05"", ""CG24""]"
P011-C0008,P011,definition,DEFINITION,source/papers/Tsiokos_2026_Hiddenness_as_a_Structural_Law_of_Emergence.tex:L363-L376; derived/expanded/Tsiokos_2026_Hiddenness_as_a_Structural_Law_of_Emergence.tex:L363-L376,"Predictive quotient: The predictive quotient M_ sigma ^ L is the equivalence relation on H_ sigma ^ L that identifies two histories exactly when every declared witness-augmented polynomial-time observable agrees on them under all admissible continuations. Thus, for h,h'∈H_ sigma ^ L , Mclass h =Mclass h' Longleftrightarrow _ M (h)= _ M (h') for every declared witness-augmented observable _ M .",NOT_APPLICABLE_DEFINITION,"{""caveats"": [""FORMAL_OR_PROOF_ASSISTANT_COMPONENT_DISCLOSED""], ""declarations"": [], ""elaboration_status"": ""NOT_APPLICABLE_OR_NOT_RUN"", ""exact_conclusion_match"": null, ""exact_hypothesis_match"": null, ""lab_or_test_evidence"": [], ""modules"": [], ""source_files"": [], ""statement_delta"": [""No imported module family was assigned to this paper at Step-2 intake.""], ""status"": ""PAPER_DISCLOSED_ASSET_NOT_IMPORTED"", ""trust_base"": []}","[""CG01"", ""CG03"", ""CG05"", ""CG24""]"
P011-C0009,P011,definition,DEFINITION,source/papers/Tsiokos_2026_Hiddenness_as_a_Structural_Law_of_Emergence.tex:L383-L396; derived/expanded/Tsiokos_2026_Hiddenness_as_a_Structural_Law_of_Emergence.tex:L383-L396,Forget-witness map: The forget-witness map pi:M_ sigma ^ L _ sigma ^ L sends each predictive class to the unique current class containing it: pi(Mclass h )=Qclass h . It is well defined because every polynomial-time current observable is also a witness-augmented observable with the witness and continuation fields ignored.,NOT_APPLICABLE_DEFINITION,"{""caveats"": [""FORMAL_OR_PROOF_ASSISTANT_COMPONENT_DISCLOSED""], ""declarations"": [], ""elaboration_status"": ""NOT_APPLICABLE_OR_NOT_RUN"", ""exact_conclusion_match"": null, ""exact_hypothesis_match"": null, ""lab_or_test_evidence"": [], ""modules"": [], ""source_files"": [], ""statement_delta"": [""No imported module family was assigned to this paper at Step-2 intake.""], ""status"": ""PAPER_DISCLOSED_ASSET_NOT_IMPORTED"", ""trust_base"": []}","[""CG01"", ""CG03"", ""CG05"", ""CG24""]"
P011-C0011,P011,definition,DEFINITION,source/papers/Tsiokos_2026_Hiddenness_as_a_Structural_Law_of_Emergence.tex:L436-L466; derived/expanded/Tsiokos_2026_Hiddenness_as_a_Structural_Law_of_Emergence.tex:L436-L466,"Autonomous lift: Let sigma be a computational substrate. An autonomous lift on sigma is a typed object L=(gen_ L ,sigma_ L ,replay_ L ) with the following components: gen_ L is a deterministic polynomial-time history-generation procedure. In plain terms, it is a deterministic polynomial-time algorithm that, given the substrate input and the prior trace data, extends the computation history by one audited step. sigma_ L :H_ sigma ^ L → S is the internal-state readout of the lift, where S is the lift's finite typed state space. The value sigma_ L (h) records the internal determining state of the procedure at the history h . replay_ L is the all-input replay record for gen_ L : an audited machine-index and time-certificate object that allows the same polynomial-time procedure to be reproduced on any input. This is the audit-side bookkeeping supplied by the FATCD discipline . The autonomous lift is realized in Lean by the autonomous-lift declaration listed in ; the Lean record exposes additional family-characterizing predicates beyond the components named in the definition above. The narrowing-disclosure discipline is recorded in .",NOT_APPLICABLE_DEFINITION,"{""caveats"": [""FORMAL_OR_PROOF_ASSISTANT_COMPONENT_DISCLOSED""], ""declarations"": [], ""elaboration_status"": ""NOT_APPLICABLE_OR_NOT_RUN"", ""exact_conclusion_match"": null, ""exact_hypothesis_match"": null, ""lab_or_test_evidence"": [], ""modules"": [], ""source_files"": [], ""statement_delta"": [""No imported module family was assigned to this paper at Step-2 intake.""], ""status"": ""PAPER_DISCLOSED_ASSET_NOT_IMPORTED"", ""trust_base"": []}","[""CG01"", ""CG03"", ""CG05"", ""CG24""]"
P011-C0013,P011,definition,DEFINITION,source/papers/Tsiokos_2026_Hiddenness_as_a_Structural_Law_of_Emergence.tex:L508-L517; derived/expanded/Tsiokos_2026_Hiddenness_as_a_Structural_Law_of_Emergence.tex:L508-L517,"Lift A—Self-generating substrate: An autonomous lift L on sigma is in Lift A if gen_ L generates substrate instances internally from the lift's own state, without an external instance feed. In plain terms, the lift is itself the instance generator: for example, a deterministic algorithm that, given only its current internal state, emits a new bounded 3-SAT instance and then attempts to decide it.",NOT_APPLICABLE_DEFINITION,"{""caveats"": [""FORMAL_OR_PROOF_ASSISTANT_COMPONENT_DISCLOSED""], ""declarations"": [], ""elaboration_status"": ""NOT_APPLICABLE_OR_NOT_RUN"", ""exact_conclusion_match"": null, ""exact_hypothesis_match"": null, ""lab_or_test_evidence"": [], ""modules"": [], ""source_files"": [], ""statement_delta"": [""No imported module family was assigned to this paper at Step-2 intake.""], ""status"": ""PAPER_DISCLOSED_ASSET_NOT_IMPORTED"", ""trust_base"": []}","[""CG01"", ""CG03"", ""CG05"", ""CG24""]"
P011-C0014,P011,definition,DEFINITION,source/papers/Tsiokos_2026_Hiddenness_as_a_Structural_Law_of_Emergence.tex:L519-L528; derived/expanded/Tsiokos_2026_Hiddenness_as_a_Structural_Law_of_Emergence.tex:L519-L528,"Lift B—Feedback-coupled: An autonomous lift L on sigma is in Lift B if gen_ L couples instance generation to the running trace, so that the lift's internal state and prior trace data feed back into the next instance-generation step. In plain terms, the lift produces the next instance as a function of what it has already done; the strength of that function may range over the StrengthClass k stratification.",NOT_APPLICABLE_DEFINITION,"{""caveats"": [""FORMAL_OR_PROOF_ASSISTANT_COMPONENT_DISCLOSED""], ""declarations"": [], ""elaboration_status"": ""NOT_APPLICABLE_OR_NOT_RUN"", ""exact_conclusion_match"": null, ""exact_hypothesis_match"": null, ""lab_or_test_evidence"": [], ""modules"": [], ""source_files"": [], ""statement_delta"": [""No imported module family was assigned to this paper at Step-2 intake.""], ""status"": ""PAPER_DISCLOSED_ASSET_NOT_IMPORTED"", ""trust_base"": []}","[""CG01"", ""CG03"", ""CG05"", ""CG24""]"
P011-C0015,P011,definition,DEFINITION,source/papers/Tsiokos_2026_Hiddenness_as_a_Structural_Law_of_Emergence.tex:L530-L538; derived/expanded/Tsiokos_2026_Hiddenness_as_a_Structural_Law_of_Emergence.tex:L530-L538,"Lift C—Internally-seeded random: An autonomous lift L on sigma is in Lift C if gen_ L uses an internal seed to inject randomness into instance generation, while the seed is not visible to current observation. Equivalently, the apparent randomness is controlled by a state variable seen by sigma_ L , not by an external oracle; the current observation channel cannot read that seed directly.",NOT_APPLICABLE_DEFINITION,"{""caveats"": [""FORMAL_OR_PROOF_ASSISTANT_COMPONENT_DISCLOSED""], ""declarations"": [], ""elaboration_status"": ""NOT_APPLICABLE_OR_NOT_RUN"", ""exact_conclusion_match"": null, ""exact_hypothesis_match"": null, ""lab_or_test_evidence"": [], ""modules"": [], ""source_files"": [], ""statement_delta"": [""No imported module family was assigned to this paper at Step-2 intake.""], ""status"": ""PAPER_DISCLOSED_ASSET_NOT_IMPORTED"", ""trust_base"": []}","[""CG01"", ""CG03"", ""CG05"", ""CG24""]"
P011-C0016,P011,definition,DEFINITION,source/papers/Tsiokos_2026_Hiddenness_as_a_Structural_Law_of_Emergence.tex:L540-L548; derived/expanded/Tsiokos_2026_Hiddenness_as_a_Structural_Law_of_Emergence.tex:L540-L548,"Lift D—Planted-suppressed internalization: An autonomous lift L on sigma is in Lift D if gen_ L plants witness content into the generated instance but suppresses its visibility from current observation. For example, the lift may construct a 3-SAT instance from a satisfying assignment that it knows internally, while the current observation channel is configured so that the planted assignment is not exposed.",NOT_APPLICABLE_DEFINITION,"{""caveats"": [""FORMAL_OR_PROOF_ASSISTANT_COMPONENT_DISCLOSED""], ""declarations"": [], ""elaboration_status"": ""NOT_APPLICABLE_OR_NOT_RUN"", ""exact_conclusion_match"": null, ""exact_hypothesis_match"": null, ""lab_or_test_evidence"": [], ""modules"": [], ""source_files"": [], ""statement_delta"": [""No imported module family was assigned to this paper at Step-2 intake.""], ""status"": ""PAPER_DISCLOSED_ASSET_NOT_IMPORTED"", ""trust_base"": []}","[""CG01"", ""CG03"", ""CG05"", ""CG24""]"
P011-C0017,P011,definition,DEFINITION,source/papers/Tsiokos_2026_Hiddenness_as_a_Structural_Law_of_Emergence.tex:L579-L594; derived/expanded/Tsiokos_2026_Hiddenness_as_a_Structural_Law_of_Emergence.tex:L579-L594,"Trace-fingerprint loop class: A trace-fingerprint loop class L_ traceFP on H_ sigma ^ L is a declared family of loops in the predictive-quotient holonomy carrier. Each ∈L_ traceFP acts on histories by a structured trace-level modification h .h . The map h↦ .h preserves the finite carrier's typed structure, preserves the underlying substrate instance, and is measure-preserving when H_ sigma ^ L is read with its finite counting support. The family is chosen so that its actions are compatible with both Q_ sigma ^ L and M_ sigma ^ L .",NOT_APPLICABLE_DEFINITION,"{""caveats"": [""FORMAL_OR_PROOF_ASSISTANT_COMPONENT_DISCLOSED""], ""declarations"": [], ""elaboration_status"": ""NOT_APPLICABLE_OR_NOT_RUN"", ""exact_conclusion_match"": null, ""exact_hypothesis_match"": null, ""lab_or_test_evidence"": [], ""modules"": [], ""source_files"": [], ""statement_delta"": [""No imported module family was assigned to this paper at Step-2 intake.""], ""status"": ""PAPER_DISCLOSED_ASSET_NOT_IMPORTED"", ""trust_base"": []}","[""CG01"", ""CG03"", ""CG05"", ""CG24""]"
P011-C0018,P011,definition,DEFINITION,source/papers/Tsiokos_2026_Hiddenness_as_a_Structural_Law_of_Emergence.tex:L596-L606; derived/expanded/Tsiokos_2026_Hiddenness_as_a_Structural_Law_of_Emergence.tex:L596-L606,"Loop action on Q: Let ∈L_ traceFP and let Qclass h ∈Q_ sigma ^ L . The loop action on Q is LoopActionQ h =Qclass .h . This is well defined because the loop class is compatible with Q-equivalence: if Qclass h =Qclass h' , then Qclass .h =Qclass .h' .",NOT_APPLICABLE_DEFINITION,"{""caveats"": [""FORMAL_OR_PROOF_ASSISTANT_COMPONENT_DISCLOSED""], ""declarations"": [], ""elaboration_status"": ""NOT_APPLICABLE_OR_NOT_RUN"", ""exact_conclusion_match"": null, ""exact_hypothesis_match"": null, ""lab_or_test_evidence"": [], ""modules"": [], ""source_files"": [], ""statement_delta"": [""No imported module family was assigned to this paper at Step-2 intake.""], ""status"": ""PAPER_DISCLOSED_ASSET_NOT_IMPORTED"", ""trust_base"": []}","[""CG01"", ""CG03"", ""CG05"", ""CG24""]"
P011-C0019,P011,definition,DEFINITION,source/papers/Tsiokos_2026_Hiddenness_as_a_Structural_Law_of_Emergence.tex:L608-L618; derived/expanded/Tsiokos_2026_Hiddenness_as_a_Structural_Law_of_Emergence.tex:L608-L618,"Loop action on M: Let ∈L_ traceFP and let Mclass h ∈M_ sigma ^ L . The loop action on M is LoopActionM h =Mclass .h . This is well defined because the loop class is compatible with M-equivalence: if Mclass h =Mclass h' , then Mclass .h =Mclass .h' .",NOT_APPLICABLE_DEFINITION,"{""caveats"": [""FORMAL_OR_PROOF_ASSISTANT_COMPONENT_DISCLOSED""], ""declarations"": [], ""elaboration_status"": ""NOT_APPLICABLE_OR_NOT_RUN"", ""exact_conclusion_match"": null, ""exact_hypothesis_match"": null, ""lab_or_test_evidence"": [], ""modules"": [], ""source_files"": [], ""statement_delta"": [""No imported module family was assigned to this paper at Step-2 intake.""], ""status"": ""PAPER_DISCLOSED_ASSET_NOT_IMPORTED"", ""trust_base"": []}","[""CG01"", ""CG03"", ""CG05"", ""CG24""]"
P011-C0020,P011,definition,DEFINITION,source/papers/Tsiokos_2026_Hiddenness_as_a_Structural_Law_of_Emergence.tex:L620-L636; derived/expanded/Tsiokos_2026_Hiddenness_as_a_Structural_Law_of_Emergence.tex:L620-L636,"M-vs-Q loop-action asymmetry: The pair (sigma,L) exhibits an M-vs-Q loop-action asymmetry if there exist ∈L_ traceFP and h∈H_ sigma ^ L such that the loop action is trivial on the current class but non-trivial on the predictive class: LoopActionQ h =Qclass h and LoopActionM h ≠Mclass h . Equivalently, there is a structural rewrite that current observation cannot detect, because it leaves the Q -class fixed, while predictive observation can detect it, because it moves the M -class.",NOT_APPLICABLE_DEFINITION,"{""caveats"": [""FORMAL_OR_PROOF_ASSISTANT_COMPONENT_DISCLOSED""], ""declarations"": [], ""elaboration_status"": ""NOT_APPLICABLE_OR_NOT_RUN"", ""exact_conclusion_match"": null, ""exact_hypothesis_match"": null, ""lab_or_test_evidence"": [], ""modules"": [], ""source_files"": [], ""statement_delta"": [""No imported module family was assigned to this paper at Step-2 intake.""], ""status"": ""PAPER_DISCLOSED_ASSET_NOT_IMPORTED"", ""trust_base"": []}","[""CG01"", ""CG03"", ""CG05"", ""CG24""]"
P011-C0021,P011,definition,DEFINITION,source/papers/Tsiokos_2026_Hiddenness_as_a_Structural_Law_of_Emergence.tex:L675-L695; derived/expanded/Tsiokos_2026_Hiddenness_as_a_Structural_Law_of_Emergence.tex:L675-L695,"Visibility coupling / exposure: Let sigma be a computational substrate, let L be an autonomous lift on sigma , and write sigma_ L :H_ sigma ^ L → S for its internal-state readout. The visibility coupling predicate Exposure(L,sigma) holds if and only if there exist an observable codomain O , a declared polynomial-time current observable _ Q :H_ sigma ^ L → O, and a polynomial-time function f:S→ O such that ( h,h'∈H_ sigma ^ L , f(sigma_ L (h))≠ f(sigma_ L (h')) ) and ( h∈H_ sigma ^ L , _ Q (h)=f(sigma_ L (h)) ).",NOT_APPLICABLE_DEFINITION,"{""caveats"": [""FORMAL_OR_PROOF_ASSISTANT_COMPONENT_DISCLOSED""], ""declarations"": [], ""elaboration_status"": ""NOT_APPLICABLE_OR_NOT_RUN"", ""exact_conclusion_match"": null, ""exact_hypothesis_match"": null, ""lab_or_test_evidence"": [], ""modules"": [], ""source_files"": [], ""statement_delta"": [""No imported module family was assigned to this paper at Step-2 intake.""], ""status"": ""PAPER_DISCLOSED_ASSET_NOT_IMPORTED"", ""trust_base"": []}","[""CG01"", ""CG03"", ""CG05"", ""CG24""]"
P011-C0024,P011,definition,DEFINITION,source/papers/Tsiokos_2026_Hiddenness_as_a_Structural_Law_of_Emergence.tex:L762-L778; derived/expanded/Tsiokos_2026_Hiddenness_as_a_Structural_Law_of_Emergence.tex:L762-L778,"Predictive witness content: The pair (sigma,L) has predictive witness content in the selected carrier if there exist histories h,h'∈H_ sigma ^ L such that Qclass h =Qclass h' but Mclass h ≠Mclass h' . Equivalently, the forget-witness map pi:M_ sigma ^ L →Q_ sigma ^ L is not a bijection: M_ sigma ^ L strictly refines Q_ sigma ^ L on the support of H_ sigma ^ L .",NOT_APPLICABLE_DEFINITION,"{""caveats"": [""FORMAL_OR_PROOF_ASSISTANT_COMPONENT_DISCLOSED""], ""declarations"": [], ""elaboration_status"": ""NOT_APPLICABLE_OR_NOT_RUN"", ""exact_conclusion_match"": null, ""exact_hypothesis_match"": null, ""lab_or_test_evidence"": [], ""modules"": [], ""source_files"": [], ""statement_delta"": [""No imported module family was assigned to this paper at Step-2 intake.""], ""status"": ""PAPER_DISCLOSED_ASSET_NOT_IMPORTED"", ""trust_base"": []}","[""CG01"", ""CG03"", ""CG05"", ""CG24""]"
P011-C0030,P011,definition,DEFINITION,source/papers/Tsiokos_2026_Hiddenness_as_a_Structural_Law_of_Emergence.tex:L1253-L1265; derived/expanded/Tsiokos_2026_Hiddenness_as_a_Structural_Law_of_Emergence.tex:L1253-L1265,"Q-to-P projection: The Q-to-P projection is the map pi_ QP :Q_ sigma ^ L \ polynomial-time decision predicates\ that sends a current class Qclass h to the polynomial-time decision predicate read off from any representative history h in that class. This is well-defined because the decision output of a history is itself a polynomial-time current observable _ Q , hence is constant on Q_ sigma ^ L -classes.",NOT_APPLICABLE_DEFINITION,"{""caveats"": [""FORMAL_OR_PROOF_ASSISTANT_COMPONENT_DISCLOSED""], ""declarations"": [], ""elaboration_status"": ""NOT_APPLICABLE_OR_NOT_RUN"", ""exact_conclusion_match"": null, ""exact_hypothesis_match"": null, ""lab_or_test_evidence"": [], ""modules"": [], ""source_files"": [], ""statement_delta"": [""No imported module family was assigned to this paper at Step-2 intake.""], ""status"": ""PAPER_DISCLOSED_ASSET_NOT_IMPORTED"", ""trust_base"": []}","[""CG01"", ""CG03"", ""CG05"", ""CG24""]"
P011-C0032,P011,definition,DEFINITION,source/papers/Tsiokos_2026_Hiddenness_as_a_Structural_Law_of_Emergence.tex:L1312-L1323; derived/expanded/Tsiokos_2026_Hiddenness_as_a_Structural_Law_of_Emergence.tex:L1312-L1323,"M-to-NP projection: The M-to-NP projection is the map pi_ MNP :M_ sigma ^ L \ verifier predicates V(x,w) on instance–witness pairs\ that sends a predictive class Mclass h to the verifier predicate observed in that class. This is well-defined because verifier acceptance is a witness-augmented polynomial-time observable, hence is constant on M_ sigma ^ L -classes.",NOT_APPLICABLE_DEFINITION,"{""caveats"": [""FORMAL_OR_PROOF_ASSISTANT_COMPONENT_DISCLOSED""], ""declarations"": [], ""elaboration_status"": ""NOT_APPLICABLE_OR_NOT_RUN"", ""exact_conclusion_match"": null, ""exact_hypothesis_match"": null, ""lab_or_test_evidence"": [], ""modules"": [], ""source_files"": [], ""statement_delta"": [""No imported module family was assigned to this paper at Step-2 intake.""], ""status"": ""PAPER_DISCLOSED_ASSET_NOT_IMPORTED"", ""trust_base"": []}","[""CG01"", ""CG03"", ""CG05"", ""CG24""]"
P004-C0004,P004,definition,DEFINITION,source/papers/Tsiokos_2026_Adequacy_Residuals_and_Blind_Spot_Currency.tex:L244-L250; derived/expanded/Tsiokos_2026_Adequacy_Residuals_and_Blind_Spot_Currency.tex:L244-L250,"Audit energy: Let E be a finite-dimensional real or complex Hilbert space. An audit energy on E is a self-adjoint positive-semidefinite operator C=C^* 0 on E . The audit cost of a carrier vector u∈ E is the quadratic form u^*Cu , and the kernel Ker C consists of the zero-audit-cost directions.",NOT_APPLICABLE_DEFINITION,"{""caveats"": [""FORMAL_OR_PROOF_ASSISTANT_COMPONENT_DISCLOSED""], ""declarations"": [], ""elaboration_status"": ""NOT_APPLICABLE_OR_NOT_RUN"", ""exact_conclusion_match"": null, ""exact_hypothesis_match"": null, ""lab_or_test_evidence"": [], ""modules"": [], ""source_files"": [], ""statement_delta"": [""Imported module family exists, but no plausible declaration-name match passed the conservative threshold.""], ""status"": ""NO_MATCH"", ""trust_base"": []}","[""CG10""]"
P004-C0005,P004,definition,DEFINITION,source/papers/Tsiokos_2026_Adequacy_Residuals_and_Blind_Spot_Currency.tex:L255-L268; derived/expanded/Tsiokos_2026_Adequacy_Residuals_and_Blind_Spot_Currency.tex:L255-L268,"Legal energy quotient: The legal energy quotient of (E,C) is the orthogonal complement E_C=(Ker C)^ ⊆ E, together with the restricted audit form C_0=C|_ E_C >0 which is strictly positive on E_C . The Moore–Penrose pseudoinverse C^ , following , acts as C_0^ -1 on E_C and as zero on Ker C .",NOT_APPLICABLE_DEFINITION,"{""caveats"": [""FORMAL_OR_PROOF_ASSISTANT_COMPONENT_DISCLOSED""], ""declarations"": [], ""elaboration_status"": ""NOT_APPLICABLE_OR_NOT_RUN"", ""exact_conclusion_match"": null, ""exact_hypothesis_match"": null, ""lab_or_test_evidence"": [], ""modules"": [], ""source_files"": [], ""statement_delta"": [""Imported module family exists, but no plausible declaration-name match passed the conservative threshold.""], ""status"": ""NO_MATCH"", ""trust_base"": []}","[""CG01"", ""CG03"", ""CG10"", ""CG19"", ""CG24""]"
P004-C0006,P004,definition,DEFINITION,source/papers/Tsiokos_2026_Adequacy_Residuals_and_Blind_Spot_Currency.tex:L275-L287; derived/expanded/Tsiokos_2026_Adequacy_Residuals_and_Blind_Spot_Currency.tex:L275-L287,"Null-legal probe family: A linear map F: E→ Y is a null-legal probe family when it vanishes on the zero-audit-cost directions: F|_ Ker C =0. For such an F , its restriction to the legal subspace is F_0=F|_ E_C : E_C→ Y. The native and dissolving probe families used throughout the paper are taken to be null-legal: their restrictions are written L_0 and D_0 .",NOT_APPLICABLE_DEFINITION,"{""caveats"": [""FORMAL_OR_PROOF_ASSISTANT_COMPONENT_DISCLOSED""], ""declarations"": [], ""elaboration_status"": ""NOT_APPLICABLE_OR_NOT_RUN"", ""exact_conclusion_match"": null, ""exact_hypothesis_match"": null, ""lab_or_test_evidence"": [], ""modules"": [], ""source_files"": [], ""statement_delta"": [""Imported module family exists, but no plausible declaration-name match passed the conservative threshold.""], ""status"": ""NO_MATCH"", ""trust_base"": []}","[""CG01"", ""CG03"", ""CG10"", ""CG19"", ""CG24""]"
P004-C0007,P004,definition,DEFINITION,source/papers/Tsiokos_2026_Adequacy_Residuals_and_Blind_Spot_Currency.tex:L322-L335; derived/expanded/Tsiokos_2026_Adequacy_Residuals_and_Blind_Spot_Currency.tex:L322-L335,"Probe-family currency: Let F: E→ Y be a null-legal probe family in the sense of , with restriction F_0=F|_ E_C . Its probe-family currency is the positive semidefinite operator on Y K_F = F_0C_0^ -1 F_0^* = FC^ F^*, where the right-hand expression uses the Moore–Penrose pseudoinverse C^ of . For a recombination y∈ Y , the variational capacity of the scalar probe y^*F is Capacity_C(y^*F)=y^*K_Fy.",NOT_APPLICABLE_DEFINITION,"{""caveats"": [""FORMAL_OR_PROOF_ASSISTANT_COMPONENT_DISCLOSED""], ""declarations"": [], ""elaboration_status"": ""NOT_APPLICABLE_OR_NOT_RUN"", ""exact_conclusion_match"": null, ""exact_hypothesis_match"": null, ""lab_or_test_evidence"": [], ""modules"": [], ""source_files"": [], ""statement_delta"": [""Imported module family exists, but no plausible declaration-name match passed the conservative threshold.""], ""status"": ""NO_MATCH"", ""trust_base"": []}","[""CG01"", ""CG03"", ""CG10"", ""CG19"", ""CG24""]"
P004-C0009,P004,prose_definition,PROSE_DEFINITION_SECTION,source/papers/Tsiokos_2026_Adequacy_Residuals_and_Blind_Spot_Currency.tex:L390-L469; derived/expanded/Tsiokos_2026_Adequacy_Residuals_and_Blind_Spot_Currency.tex:L390-L469,"Definition of the Adequacy Residual: This section gives the central object of the paper. With the standing hypotheses of and the probe-family currency of in place, the joint native-dissolving currency matrix decomposes into four blocks. The adequacy residual is the Schur complement of the native block : the leftover content of the dissolving block after the native block has explained as much as it can. [Native, dissolving, and joint block currencies] Let L: E→ Y and D: E→ Z be null-legal probe families (in the sense of ), with restrictions L_0,D_0 . The native, dissolving, and cross currencies are K_ LL =L_0C_0^ -1 L_0^*, K_ DL =D_0C_0^ -1 L_0^*, K_ LD =L_0C_0^ -1 D_0^*, K_ DD =D_0C_0^ -1 D_0^*. Here K_ LL =K_F for F=L and K_ DD =K_F for F=D in the probe-family currency of . Equivalently, K_ LL and K_ DD are positive semidefinite operators on Y and Z respectively; K_ DL and K_ LD =K_ DL ^* are the corresponding rectangular cross operators. The joint currency matrix of the combined family (L,D) is K(D,L) = K_ LL K_ LD K_ DL K_ DD .",NAMED_SOURCE_SECTION_ARGUMENT,"{""caveats"": [""FORMAL_OR_PROOF_ASSISTANT_COMPONENT_DISCLOSED""], ""declarations"": [], ""elaboration_status"": ""NOT_APPLICABLE_OR_NOT_RUN"", ""exact_conclusion_match"": null, ""exact_hypothesis_match"": null, ""lab_or_test_evidence"": [], ""modules"": [], ""source_files"": [], ""statement_delta"": [""Imported module family exists, but no plausible declaration-name match passed the conservative threshold.""], ""status"": ""NO_MATCH"", ""trust_base"": []}","[""CG01"", ""CG03"", ""CG10"", ""CG19"", ""CG24""]"
P004-C0010,P004,definition,DEFINITION,source/papers/Tsiokos_2026_Adequacy_Residuals_and_Blind_Spot_Currency.tex:L402-L430; derived/expanded/Tsiokos_2026_Adequacy_Residuals_and_Blind_Spot_Currency.tex:L402-L430,"Native, dissolving, and joint block currencies: Let L: E→ Y and D: E→ Z be null-legal probe families (in the sense of ), with restrictions L_0,D_0 . The native, dissolving, and cross currencies are K_ LL =L_0C_0^ -1 L_0^*, K_ DL =D_0C_0^ -1 L_0^*, K_ LD =L_0C_0^ -1 D_0^*, K_ DD =D_0C_0^ -1 D_0^*. Here K_ LL =K_F for F=L and K_ DD =K_F for F=D in the probe-family currency of . Equivalently, K_ LL and K_ DD are positive semidefinite operators on Y and Z respectively; K_ DL and K_ LD =K_ DL ^* are the corresponding rectangular cross operators. The joint currency matrix of the combined family (L,D) is K(D,L) = K_ LL K_ LD K_ DL K_ DD .",NOT_APPLICABLE_DEFINITION,"{""caveats"": [""FORMAL_OR_PROOF_ASSISTANT_COMPONENT_DISCLOSED""], ""declarations"": [], ""elaboration_status"": ""NOT_APPLICABLE_OR_NOT_RUN"", ""exact_conclusion_match"": null, ""exact_hypothesis_match"": null, ""lab_or_test_evidence"": [], ""modules"": [], ""source_files"": [], ""statement_delta"": [""Imported module family exists, but no plausible declaration-name match passed the conservative threshold.""], ""status"": ""NO_MATCH"", ""trust_base"": []}","[""CG01"", ""CG03"", ""CG10"", ""CG19"", ""CG24""]"
P004-C0011,P004,definition,DEFINITION,source/papers/Tsiokos_2026_Adequacy_Residuals_and_Blind_Spot_Currency.tex:L436-L441; derived/expanded/Tsiokos_2026_Adequacy_Residuals_and_Blind_Spot_Currency.tex:L436-L441,Adequacy residual: The adequacy residual of D relative to L is Xi_C(D L)=K_ DD -K_ DL K_ LL ^ K_ LD .,NOT_APPLICABLE_DEFINITION,"{""caveats"": [""FORMAL_OR_PROOF_ASSISTANT_COMPONENT_DISCLOSED""], ""declarations"": [], ""elaboration_status"": ""NOT_APPLICABLE_OR_NOT_RUN"", ""exact_conclusion_match"": null, ""exact_hypothesis_match"": null, ""lab_or_test_evidence"": [], ""modules"": [], ""source_files"": [], ""statement_delta"": [""Imported module family exists, but no plausible declaration-name match passed the conservative threshold.""], ""status"": ""NO_MATCH"", ""trust_base"": []}","[""CG01"", ""CG03"", ""CG10"", ""CG19"", ""CG24""]"
P004-C0013,P004,definition,DEFINITION,source/papers/Tsiokos_2026_Adequacy_Residuals_and_Blind_Spot_Currency.tex:L479-L494; derived/expanded/Tsiokos_2026_Adequacy_Residuals_and_Blind_Spot_Currency.tex:L479-L494,"Energy-scaled probes and native-explanation projection: The energy-scaled native and dissolving probes are T_L=L_0C_0^ -1/2 , T_D=D_0C_0^ -1/2 . Here C_0^ 1/2 is the unique positive square root of C_0 on E_C . The native-explanation projection P_L is the orthogonal projection in E_C onto Ran(T_L^*)⊆ E_C, the native probe range in the energy-scaled coordinate system.",NOT_APPLICABLE_DEFINITION,"{""caveats"": [""FORMAL_OR_PROOF_ASSISTANT_COMPONENT_DISCLOSED""], ""declarations"": [], ""elaboration_status"": ""NOT_APPLICABLE_OR_NOT_RUN"", ""exact_conclusion_match"": null, ""exact_hypothesis_match"": null, ""lab_or_test_evidence"": [], ""modules"": [], ""source_files"": [], ""statement_delta"": [""Imported module family exists, but no plausible declaration-name match passed the conservative threshold.""], ""status"": ""NO_MATCH"", ""trust_base"": []}","[""CG01"", ""CG03"", ""CG10"", ""CG19"", ""CG24""]"
P004-C0015,P004,definition,DEFINITION,source/papers/Tsiokos_2026_Adequacy_Residuals_and_Blind_Spot_Currency.tex:L570-L581; derived/expanded/Tsiokos_2026_Adequacy_Residuals_and_Blind_Spot_Currency.tex:L570-L581,"Optimal native explanation map: Given native and dissolving probe families L,D and their block currencies K_ LL ,K_ DL of , the optimal native explanation map is A_*=K_ DL K_ LL ^ : Y→ Z. When K_ LL is invertible on Y , A_* reduces to the ordinary regression-style K_ DL K_ LL ^ -1 , the matrix-form Gauss–Markov / generalized-least-squares explanation map .",NOT_APPLICABLE_DEFINITION,"{""caveats"": [""FORMAL_OR_PROOF_ASSISTANT_COMPONENT_DISCLOSED""], ""declarations"": [], ""elaboration_status"": ""NOT_APPLICABLE_OR_NOT_RUN"", ""exact_conclusion_match"": null, ""exact_hypothesis_match"": null, ""lab_or_test_evidence"": [], ""modules"": [], ""source_files"": [], ""statement_delta"": [""Imported module family exists, but no plausible declaration-name match passed the conservative threshold.""], ""status"": ""NO_MATCH"", ""trust_base"": []}","[""CG01"", ""CG03"", ""CG10"", ""CG19"", ""CG24""]"
P004-C0019,P004,definition,DEFINITION,source/papers/Tsiokos_2026_Adequacy_Residuals_and_Blind_Spot_Currency.tex:L755-L791; derived/expanded/Tsiokos_2026_Adequacy_Residuals_and_Blind_Spot_Currency.tex:L755-L791,"Extended native family and conditional currencies: Let M: E→ W be an additional null-legal native probe family. The extended native family is L^+ = L M : E→ Y W, L^+u=(Lu,Mu), which is null-legal because L and M both vanish on Ker C . The conditional native currency of M given L is the Schur complement K_ MM L = K_ MM -K_ ML K_ LL ^ K_ LM , also known as the shorted operator of K_ MM by the L -block . The conditional dissolving-extension cross currency is K_ DM L = K_ DM -K_ DL K_ LL ^ K_ LM , K_ MD L =K_ DM L ^*. The conditional joint currency block is positive semidefinite, so in particular K_ MM L 0 on W ; the rectangular cross block K_ DM L is paired with its adjoint K_ MD L . K_ MM L vanishes precisely when the added probes M are already explained by L on the legal quotient.",NOT_APPLICABLE_DEFINITION,"{""caveats"": [""FORMAL_OR_PROOF_ASSISTANT_COMPONENT_DISCLOSED""], ""declarations"": [], ""elaboration_status"": ""NOT_APPLICABLE_OR_NOT_RUN"", ""exact_conclusion_match"": null, ""exact_hypothesis_match"": null, ""lab_or_test_evidence"": [], ""modules"": [], ""source_files"": [], ""statement_delta"": [""Imported module family exists, but no plausible declaration-name match passed the conservative threshold.""], ""status"": ""NO_MATCH"", ""trust_base"": []}","[""CG01"", ""CG03"", ""CG10"", ""CG19"", ""CG24""]"
P004-C0023,P004,definition,DEFINITION,source/papers/Tsiokos_2026_Adequacy_Residuals_and_Blind_Spot_Currency.tex:L936-L950; derived/expanded/Tsiokos_2026_Adequacy_Residuals_and_Blind_Spot_Currency.tex:L936-L950,"Faithful reparameterization on the native range: A linear map A: Y→ Y' is a faithful reparameterization on Ran L_0 when its restriction to the range of the native probe family is injective: Ker A Ran L_0=\ 0\ . Equivalently, in the energy-scaled coordinates of , Ran(T_ AL ^*)=Ran(T_L^*) and the native-explanation projection is unchanged: P_ AL =P_L . Under this condition the Moore–Penrose comparison A^*(AK_ LL A^*)^ A=K_ LL ^ holds on the range relevant to the Schur correction.",NOT_APPLICABLE_DEFINITION,"{""caveats"": [""FORMAL_OR_PROOF_ASSISTANT_COMPONENT_DISCLOSED""], ""declarations"": [], ""elaboration_status"": ""NOT_APPLICABLE_OR_NOT_RUN"", ""exact_conclusion_match"": null, ""exact_hypothesis_match"": null, ""lab_or_test_evidence"": [], ""modules"": [], ""source_files"": [], ""statement_delta"": [""Imported module family exists, but no plausible declaration-name match passed the conservative threshold.""], ""status"": ""NO_MATCH"", ""trust_base"": []}","[""CG01"", ""CG03"", ""CG10"", ""CG19"", ""CG24""]"
P004-C0027,P004,definition,DEFINITION,source/papers/Tsiokos_2026_Adequacy_Residuals_and_Blind_Spot_Currency.tex:L1119-L1130; derived/expanded/Tsiokos_2026_Adequacy_Residuals_and_Blind_Spot_Currency.tex:L1119-L1130,"Declared residual budget and adequacy defect: A declared residual budget on Z is a positive semidefinite operator Omega 0 . The corresponding adequacy defect of D relative to L and Omega is the Hermitian operator Delta_Xi=Xi_C(D L)-Omega, where Xi_C(D L) is the adequacy residual of . The budget holds when Delta_Xi 0 ; a positive quadratic-form direction of Delta_Xi is a certificate that it does not.",NOT_APPLICABLE_DEFINITION,"{""caveats"": [""FORMAL_OR_PROOF_ASSISTANT_COMPONENT_DISCLOSED""], ""declarations"": [], ""elaboration_status"": ""NOT_APPLICABLE_OR_NOT_RUN"", ""exact_conclusion_match"": null, ""exact_hypothesis_match"": null, ""lab_or_test_evidence"": [], ""modules"": [], ""source_files"": [], ""statement_delta"": [""Imported module family exists, but no plausible declaration-name match passed the conservative threshold.""], ""status"": ""NO_MATCH"", ""trust_base"": []}","[""CG01"", ""CG03"", ""CG10"", ""CG19"", ""CG24""]"
P009-C0005,P009,definition,DEFINITION,source/papers/Tsiokos_2026_Emergence_IS_the_Needle_Killer.tex:L371-L381; derived/expanded/Tsiokos_2026_Emergence_IS_the_Needle_Killer.tex:L371-L381,"Packaged native currency: Let Gamma be an exact package. Set C_Gamma=Gamma^*CGamma, L_Gamma=LGamma. If L_Gamma is null-legal for C_Gamma , the packaged native currency is K_ C,Gamma (L)=L_Gamma C_Gamma^ L_Gamma^*.",NOT_APPLICABLE_DEFINITION,"{""caveats"": [""FORMAL_OR_PROOF_ASSISTANT_COMPONENT_DISCLOSED""], ""declarations"": [], ""elaboration_status"": ""NOT_APPLICABLE_OR_NOT_RUN"", ""exact_conclusion_match"": null, ""exact_hypothesis_match"": null, ""lab_or_test_evidence"": [], ""modules"": [], ""source_files"": [], ""statement_delta"": [""No imported module family was assigned to this paper at Step-2 intake.""], ""status"": ""PAPER_DISCLOSED_ASSET_NOT_IMPORTED"", ""trust_base"": []}","[""CG01"", ""CG24""]"
P009-C0016,P009,definition,DEFINITION,source/papers/Tsiokos_2026_Emergence_IS_the_Needle_Killer.tex:L1100-L1132; derived/expanded/Tsiokos_2026_Emergence_IS_the_Needle_Killer.tex:L1100-L1132,"Involutive object ledger: An involutive object ledger is a tuple X=(X,J,mu,psi,Y, J), where: [label=( )] X is the visible object space; J:X→ X is an involution; mu is a positive object ledger measure, meaning a positive Radon-type measure on X , or a finite positive weight system on X ; Y is a real Hilbert response space; J:Y→ Y is a linear isometric involution; psi:X→ Y is an equivariant readout: psi(Jx)= Jpsi(x). Define P_-:= I- J 2 , psi_-(x):=P_-psi(x). Here P_- is the spectral projection onto the -1 -eigenspace of the isometric involution J , which is the standard anti-invariant decomposition for an involution on a Hilbert space . The anti-invariant object ledger is A_X:=∈t_X psi_-(x)psi_-(x)^* dmu(x), interpreted in the finite-rank or trace-class sense whenever required.",NOT_APPLICABLE_DEFINITION,"{""caveats"": [""FORMAL_OR_PROOF_ASSISTANT_COMPONENT_DISCLOSED""], ""declarations"": [], ""elaboration_status"": ""NOT_APPLICABLE_OR_NOT_RUN"", ""exact_conclusion_match"": null, ""exact_hypothesis_match"": null, ""lab_or_test_evidence"": [], ""modules"": [], ""source_files"": [], ""statement_delta"": [""No imported module family was assigned to this paper at Step-2 intake.""], ""status"": ""PAPER_DISCLOSED_ASSET_NOT_IMPORTED"", ""trust_base"": []}","[""CG01"", ""CG24""]"
P009-C0017,P009,definition,DEFINITION,source/papers/Tsiokos_2026_Emergence_IS_the_Needle_Killer.tex:L1134-L1146; derived/expanded/Tsiokos_2026_Emergence_IS_the_Needle_Killer.tex:L1134-L1146,"Separating anti-invariant readout: The anti-invariant readout separates the fixed locus when psi_-(x)=0 Longleftrightarrow x∈Fix(J) on the visible support of mu . It is quantitatively separating if, for every >0 , there exists m( )>0 such that (x,Fix(J)) implies \|psi_-(x)\| m( ).",NOT_APPLICABLE_DEFINITION,"{""caveats"": [""FORMAL_OR_PROOF_ASSISTANT_COMPONENT_DISCLOSED""], ""declarations"": [], ""elaboration_status"": ""NOT_APPLICABLE_OR_NOT_RUN"", ""exact_conclusion_match"": null, ""exact_hypothesis_match"": null, ""lab_or_test_evidence"": [], ""modules"": [], ""source_files"": [], ""statement_delta"": [""No imported module family was assigned to this paper at Step-2 intake.""], ""status"": ""PAPER_DISCLOSED_ASSET_NOT_IMPORTED"", ""trust_base"": []}","[""CG01"", ""CG24""]"
P009-C0018,P009,definition,DEFINITION,source/papers/Tsiokos_2026_Emergence_IS_the_Needle_Killer.tex:L1148-L1169; derived/expanded/Tsiokos_2026_Emergence_IS_the_Needle_Killer.tex:L1148-L1169,"Carrier-side anti-invariant membrane: Let E be an exact packaged carrier with audit C 0 on its legal quotient and anti-invariant native probe family L^-:E→ Y^-. The anti-invariant carrier currency is K^-:=L^-C^ (L^-)^*, with null-mode legality required. A budget record is a positive operator Theta^- with K^- Theta^-. A collapse ladder is a family of records K^-_n B_n, B_n→ 0, or a defected version with B_n replaced by a bridge budget as developed in the domination-bridges subsection.",NOT_APPLICABLE_DEFINITION,"{""caveats"": [""FORMAL_OR_PROOF_ASSISTANT_COMPONENT_DISCLOSED""], ""declarations"": [], ""elaboration_status"": ""NOT_APPLICABLE_OR_NOT_RUN"", ""exact_conclusion_match"": null, ""exact_hypothesis_match"": null, ""lab_or_test_evidence"": [], ""modules"": [], ""source_files"": [], ""statement_delta"": [""No imported module family was assigned to this paper at Step-2 intake.""], ""status"": ""PAPER_DISCLOSED_ASSET_NOT_IMPORTED"", ""trust_base"": []}","[""CG01"", ""CG24""]"
P009-C0022,P009,definition,DEFINITION,source/papers/Tsiokos_2026_Emergence_IS_the_Needle_Killer.tex:L1276-L1292; derived/expanded/Tsiokos_2026_Emergence_IS_the_Needle_Killer.tex:L1276-L1292,"Completed domination bridge: A completed domination bridge from the object ledger to the carrier membrane is a record A_X K^-+E with E 0 a declared bridge defect. Equivalently, in the exact case E=0 , if A_X=V^*V, K^-=W^*W, then the bridge is exact precisely when there is a contraction T such that V=TW.",NOT_APPLICABLE_DEFINITION,"{""caveats"": [""FORMAL_OR_PROOF_ASSISTANT_COMPONENT_DISCLOSED""], ""declarations"": [], ""elaboration_status"": ""NOT_APPLICABLE_OR_NOT_RUN"", ""exact_conclusion_match"": null, ""exact_hypothesis_match"": null, ""lab_or_test_evidence"": [], ""modules"": [], ""source_files"": [], ""statement_delta"": [""No imported module family was assigned to this paper at Step-2 intake.""], ""status"": ""PAPER_DISCLOSED_ASSET_NOT_IMPORTED"", ""trust_base"": []}","[""CG01"", ""CG24""]"
P009-C0025,P009,definition,DEFINITION,source/papers/Tsiokos_2026_Emergence_IS_the_Needle_Killer.tex:L1414-L1427; derived/expanded/Tsiokos_2026_Emergence_IS_the_Needle_Killer.tex:L1414-L1427,"Exhaustive moving ledger: A finite-window or moving object ledger A_ X,n is exhaustive for a completed ledger A_X if there are inclusions or transports _n and tail operators T_n 0 such that A_X _n A_ X,n _n^*+T_n. It is vanishing-exhaustive under bounds A_ X,n B_n if ( _nB_n _n^*)+ T_n→ 0.",NOT_APPLICABLE_DEFINITION,"{""caveats"": [""FORMAL_OR_PROOF_ASSISTANT_COMPONENT_DISCLOSED""], ""declarations"": [], ""elaboration_status"": ""NOT_APPLICABLE_OR_NOT_RUN"", ""exact_conclusion_match"": null, ""exact_hypothesis_match"": null, ""lab_or_test_evidence"": [], ""modules"": [], ""source_files"": [], ""statement_delta"": [""No imported module family was assigned to this paper at Step-2 intake.""], ""status"": ""PAPER_DISCLOSED_ASSET_NOT_IMPORTED"", ""trust_base"": []}","[""CG01"", ""CG24""]"
P009-C0027,P009,definition,DEFINITION,source/papers/Tsiokos_2026_Emergence_IS_the_Needle_Killer.tex:L1471-L1491; derived/expanded/Tsiokos_2026_Emergence_IS_the_Needle_Killer.tex:L1471-L1491,"General obstruction budget: A defected duality-confinement record has the form A_X (1+t)( K^-_n+E_ src,n ) +(1+t^ -1 )E_ br,n for t>0 , where E_ br,n is bridge/domination defect and E_ src,n is source/membrane defect. In a collapse ladder one often has K^-_n Lambda_n^ -1 Theta_0^-. Then the budget is B_n(t) =(1+t)(Lambda_n^ -1 Theta_0^-+E_ src,n ) +(1+t^ -1 )E_ br,n .",NOT_APPLICABLE_DEFINITION,"{""caveats"": [""FORMAL_OR_PROOF_ASSISTANT_COMPONENT_DISCLOSED""], ""declarations"": [], ""elaboration_status"": ""NOT_APPLICABLE_OR_NOT_RUN"", ""exact_conclusion_match"": null, ""exact_hypothesis_match"": null, ""lab_or_test_evidence"": [], ""modules"": [], ""source_files"": [], ""statement_delta"": [""No imported module family was assigned to this paper at Step-2 intake.""], ""status"": ""PAPER_DISCLOSED_ASSET_NOT_IMPORTED"", ""trust_base"": []}","[""CG01"", ""CG24""]"
P009-C0031,P009,definition,DEFINITION,source/papers/Tsiokos_2026_Emergence_IS_the_Needle_Killer.tex:L1758-L1776; derived/expanded/Tsiokos_2026_Emergence_IS_the_Needle_Killer.tex:L1758-L1776,"Lawful transfer record: A lawful transfer record between two exact packaged carriers E_ src and E_ tgt , with audit operators C_ src ,C_ tgt , native probe families L_ src ,L_ tgt , dissolving probe families D_ src ,D_ tgt , and adequacy residuals Xi^ src ,Xi^ tgt , consists of four transport maps T_E:E_ src → E_ tgt , T_L:Y_ src → Y_ tgt , T_D:Z_ src → Z_ tgt , T_Xi:Z_ src → Z_ tgt , each declaring its role under P_1, ,P_6 , together with the currency-block compatibility data declared in the next two definitions. The transport T_Xi carries the adequacy-residual budget on the dissolving response space.",NOT_APPLICABLE_DEFINITION,"{""caveats"": [""FORMAL_OR_PROOF_ASSISTANT_COMPONENT_DISCLOSED""], ""declarations"": [], ""elaboration_status"": ""NOT_APPLICABLE_OR_NOT_RUN"", ""exact_conclusion_match"": null, ""exact_hypothesis_match"": null, ""lab_or_test_evidence"": [], ""modules"": [], ""source_files"": [], ""statement_delta"": [""No imported module family was assigned to this paper at Step-2 intake.""], ""status"": ""PAPER_DISCLOSED_ASSET_NOT_IMPORTED"", ""trust_base"": []}","[""CG01"", ""CG24""]"
P009-C0032,P009,definition,DEFINITION,source/papers/Tsiokos_2026_Emergence_IS_the_Needle_Killer.tex:L1778-L1795; derived/expanded/Tsiokos_2026_Emergence_IS_the_Needle_Killer.tex:L1778-L1795,"Exact bridge: A lawful transfer record is an exact bridge when the transport maps deliver currency-block congruences on the source and target legal quotients: T_L^*K^ tgt _ LL T_L=K^ src _ LL , T_D^*K^ tgt _ DD T_D=K^ src _ DD , and the residual-transport map T_Xi satisfies the adequacy-residual congruence T_Xi^* XiRes_ C_ tgt (D_ tgt L_ tgt ) T_Xi = XiRes_ C_ src (D_ src L_ src ).",NOT_APPLICABLE_DEFINITION,"{""caveats"": [""FORMAL_OR_PROOF_ASSISTANT_COMPONENT_DISCLOSED""], ""declarations"": [], ""elaboration_status"": ""NOT_APPLICABLE_OR_NOT_RUN"", ""exact_conclusion_match"": null, ""exact_hypothesis_match"": null, ""lab_or_test_evidence"": [], ""modules"": [], ""source_files"": [], ""statement_delta"": [""No imported module family was assigned to this paper at Step-2 intake.""], ""status"": ""PAPER_DISCLOSED_ASSET_NOT_IMPORTED"", ""trust_base"": []}","[""CG24""]"
P009-C0033,P009,definition,DEFINITION,source/papers/Tsiokos_2026_Emergence_IS_the_Needle_Killer.tex:L1797-L1810; derived/expanded/Tsiokos_2026_Emergence_IS_the_Needle_Killer.tex:L1797-L1810,"Defective bridge: A lawful transfer record is a defective bridge with defect operator Delta 0 on the target dissolving block when the transport maps deliver T_L^*K^ tgt _ LL T_L=K^ src _ LL , together with the currency-block Loewner domination K^ tgt _ DD T_D K^ src _ DD T_D^*+Delta on the target dissolving block.",NOT_APPLICABLE_DEFINITION,"{""caveats"": [""FORMAL_OR_PROOF_ASSISTANT_COMPONENT_DISCLOSED""], ""declarations"": [], ""elaboration_status"": ""NOT_APPLICABLE_OR_NOT_RUN"", ""exact_conclusion_match"": null, ""exact_hypothesis_match"": null, ""lab_or_test_evidence"": [], ""modules"": [], ""source_files"": [], ""statement_delta"": [""No imported module family was assigned to this paper at Step-2 intake.""], ""status"": ""PAPER_DISCLOSED_ASSET_NOT_IMPORTED"", ""trust_base"": []}","[""CG24""]"
P054-C0003,P054,prose_definition,PROSE_DEFINITION_SECTION,source/papers/Tsiokos_2026_To_Spend_a_Stone_with_Six_Birds_Currency_Constraint_Duality_and_Shadow_Prices_Across_Closure_Layers.tex:L160-L168; derived/expanded/Tsiokos_2026_To_Spend_a_Stone_with_Six_Birds_Currency_Constraint_Duality_and_Shadow_Prices_Across_Closure_Layers.tex:L160-L168,"A strict definition of currency: Fix a layer with state space Y . A currency is a low-dimensional map u:Y→ R^k, typically with k Y , that plays at least one structural role.",NAMED_SOURCE_SECTION_ARGUMENT,"{""caveats"": [""FORMAL_OR_PROOF_ASSISTANT_COMPONENT_DISCLOSED""], ""declarations"": [], ""elaboration_status"": ""NOT_APPLICABLE_OR_NOT_RUN"", ""exact_conclusion_match"": null, ""exact_hypothesis_match"": null, ""lab_or_test_evidence"": [], ""modules"": [], ""source_files"": [], ""statement_delta"": [""No imported module family was assigned to this paper at Step-2 intake.""], ""status"": ""PAPER_DISCLOSED_ASSET_NOT_IMPORTED"", ""trust_base"": []}","[""CG04"", ""CG10"", ""CG19"", ""CG24""]"
P003-C0038,P003,prose_definition,PROSE_DEFINITION_SECTION,source/papers/Tsiokos_2026_Accepted_New_Layer_Strict_Tests_on_Fixed_Support_in_Six_Birds_Theory.tex:L1635-L1687; derived/expanded/Tsiokos_2026_Accepted_New_Layer_Strict_Tests_on_Fixed_Support_in_Six_Birds_Theory.tex:L1635-L1687,Definitions: The bridge-native event level inherited from Paper 8 . It carries scoped event positives and an unrealized readout-agreement slot. The new-layer carrier substrate constructed by the PICA route of . It is the layer at which Paper 9 states native strict slot realization.,NAMED_SOURCE_SECTION_ARGUMENT,"{""caveats"": [""CONDITIONAL_LEAN_SCHEMAS_EMPIRICAL_PREMISES_EXTERNAL""], ""declarations"": [], ""elaboration_status"": ""NOT_APPLICABLE_OR_NOT_RUN"", ""exact_conclusion_match"": null, ""exact_hypothesis_match"": null, ""lab_or_test_evidence"": [], ""modules"": [], ""source_files"": [], ""statement_delta"": [""No imported module family was assigned to this paper at Step-2 intake.""], ""status"": ""PAPER_DISCLOSED_ASSET_NOT_IMPORTED"", ""trust_base"": []}","[""CG02"", ""CG06"", ""CG08"", ""CG17""]"
P021-C0005,P021,definition,DEFINITION,source/papers/Tsiokos_2026_Promotion_Criteria_and_Surviving_Packages_on_Fixed_Support_in_Six_Birds_Theory.tex:L124-L126; derived/expanded/Tsiokos_2026_Promotion_Criteria_and_Surviving_Packages_on_Fixed_Support_in_Six_Birds_Theory.tex:L124-L126,"Candidate promoted package: Fix a common support surface together with a designated observable family and an admissible family of lower-layer operations. A candidate promoted package is an abstract package-level description intended to summarize lower-layer states or histories on that fixed-support surface. Its purpose is not merely to record a smaller state space but to provide a package on which the designated observables and admissible operations can be read without hidden dependence on arbitrary representatives. A candidate may be intrinsic, representative-selected, protocol-indexed, or otherwise structured, but it is always evaluated on the same frozen corpus and designated slice.",NOT_APPLICABLE_DEFINITION,"{""caveats"": [""FORMAL_OR_PROOF_ASSISTANT_COMPONENT_DISCLOSED""], ""declarations"": [], ""elaboration_status"": ""NOT_APPLICABLE_OR_NOT_RUN"", ""exact_conclusion_match"": null, ""exact_hypothesis_match"": null, ""lab_or_test_evidence"": [], ""modules"": [], ""source_files"": [], ""statement_delta"": [""No imported module family was assigned to this paper at Step-2 intake.""], ""status"": ""PAPER_DISCLOSED_ASSET_NOT_IMPORTED"", ""trust_base"": []}","[""CG06"", ""CG08""]"
P021-C0006,P021,definition,DEFINITION,source/papers/Tsiokos_2026_Promotion_Criteria_and_Surviving_Packages_on_Fixed_Support_in_Six_Birds_Theory.tex:L128-L130; derived/expanded/Tsiokos_2026_Promotion_Criteria_and_Surviving_Packages_on_Fixed_Support_in_Six_Birds_Theory.tex:L128-L130,"Induced update law: A candidate carries an induced update law when the admissible lower-layer operations act on the package in a well-defined way that does not depend on the choice of lower representative. If two lower states are identified by the candidate package, admissible continuations must not immediately reintroduce an unrecorded distinction at the package level. The induced update law is the package-level expression of descent from the lower surface.",NOT_APPLICABLE_DEFINITION,"{""caveats"": [""FORMAL_OR_PROOF_ASSISTANT_COMPONENT_DISCLOSED""], ""declarations"": [], ""elaboration_status"": ""NOT_APPLICABLE_OR_NOT_RUN"", ""exact_conclusion_match"": null, ""exact_hypothesis_match"": null, ""lab_or_test_evidence"": [], ""modules"": [], ""source_files"": [], ""statement_delta"": [""No imported module family was assigned to this paper at Step-2 intake.""], ""status"": ""PAPER_DISCLOSED_ASSET_NOT_IMPORTED"", ""trust_base"": []}","[""CG08""]"
P021-C0007,P021,definition,DEFINITION,source/papers/Tsiokos_2026_Promotion_Criteria_and_Surviving_Packages_on_Fixed_Support_in_Six_Birds_Theory.tex:L132-L134; derived/expanded/Tsiokos_2026_Promotion_Criteria_and_Surviving_Packages_on_Fixed_Support_in_Six_Birds_Theory.tex:L132-L134,"Admissible second-stage coarse-graining: An admissible second-stage coarse-graining is a further package-level coarse-graining or repackaging that remains admissible relative to the retained observable surface and the induced update law. Not every quotient of the candidate is admissible; admissibility is tied to the structure the package is supposed to preserve. The identity coarse-graining is always admissible. The substantive question is whether nontrivial admissible further coarse-grainings exist and, if so, whether the decisive structure survives them.",NOT_APPLICABLE_DEFINITION,"{""caveats"": [""FORMAL_OR_PROOF_ASSISTANT_COMPONENT_DISCLOSED""], ""declarations"": [], ""elaboration_status"": ""NOT_APPLICABLE_OR_NOT_RUN"", ""exact_conclusion_match"": null, ""exact_hypothesis_match"": null, ""lab_or_test_evidence"": [], ""modules"": [], ""source_files"": [], ""statement_delta"": [""No imported module family was assigned to this paper at Step-2 intake.""], ""status"": ""PAPER_DISCLOSED_ASSET_NOT_IMPORTED"", ""trust_base"": []}","[""CG06"", ""CG08""]"
P021-C0008,P021,definition,DEFINITION,source/papers/Tsiokos_2026_Promotion_Criteria_and_Surviving_Packages_on_Fixed_Support_in_Six_Birds_Theory.tex:L136-L146; derived/expanded/Tsiokos_2026_Promotion_Criteria_and_Surviving_Packages_on_Fixed_Support_in_Six_Birds_Theory.tex:L136-L146,"Promoted-package criterion: A candidate package counts as a promoted package on the designated corpus and slice only if all of the following hold: [label=( )] Sufficiency. The candidate supports the designated observable family on the frozen corpus. Induced closure. The admissible lower-layer operations descend to a well-defined package-level update law. Second-stage stability. The decisive structure survives admissible further coarse-graining, or else the candidate is rigid-minimal for explicit admissibility reasons rather than vacuous fragility. Control admissibility. The candidate separates the required null, memory-only, artifact, and boundary-sensitive controls in the right way. No-smuggling. The candidate's apparent success does not depend on omitted protocol or scheduler variables that should have been internalized. Slice legibility. On at least one designated slice, the candidate is not merely sufficient but distinguished as a frontier-level package.",NOT_APPLICABLE_DEFINITION,"{""caveats"": [""FORMAL_OR_PROOF_ASSISTANT_COMPONENT_DISCLOSED""], ""declarations"": [], ""elaboration_status"": ""NOT_APPLICABLE_OR_NOT_RUN"", ""exact_conclusion_match"": null, ""exact_hypothesis_match"": null, ""lab_or_test_evidence"": [], ""modules"": [], ""source_files"": [], ""statement_delta"": [""No imported module family was assigned to this paper at Step-2 intake.""], ""status"": ""PAPER_DISCLOSED_ASSET_NOT_IMPORTED"", ""trust_base"": []}","[""CG06"", ""CG08""]"
P021-C0009,P021,definition,DEFINITION,source/papers/Tsiokos_2026_Promotion_Criteria_and_Surviving_Packages_on_Fixed_Support_in_Six_Birds_Theory.tex:L159-L161; derived/expanded/Tsiokos_2026_Promotion_Criteria_and_Surviving_Packages_on_Fixed_Support_in_Six_Birds_Theory.tex:L159-L161,"Protocol-indexed promotion: A distinct case occurs when promotion is available only after context or protocol state is internalized into the package. We call this protocol-indexed promotion. The base candidate does not qualify honestly on its own, because its apparent success depends on omitted protocol state, but an internalized or explicitly indexed version satisfies the promoted-package criterion once that dependence is represented inside the state object. This is stronger than a mere artifact diagnosis and weaker than intrinsic promotion: the route remains live, but only as an indexed package rather than as a context-free one.",NOT_APPLICABLE_DEFINITION,"{""caveats"": [""FORMAL_OR_PROOF_ASSISTANT_COMPONENT_DISCLOSED""], ""declarations"": [], ""elaboration_status"": ""NOT_APPLICABLE_OR_NOT_RUN"", ""exact_conclusion_match"": null, ""exact_hypothesis_match"": null, ""lab_or_test_evidence"": [], ""modules"": [], ""source_files"": [], ""statement_delta"": [""No imported module family was assigned to this paper at Step-2 intake.""], ""status"": ""PAPER_DISCLOSED_ASSET_NOT_IMPORTED"", ""trust_base"": []}","[""CG06"", ""CG08""]"
P021-C0019,P021,prose_definition,PROSE_DEFINITION_SECTION,source/papers/Tsiokos_2026_Promotion_Criteria_and_Surviving_Packages_on_Fixed_Support_in_Six_Birds_Theory.tex:L357-L392; derived/expanded/Tsiokos_2026_Promotion_Criteria_and_Surviving_Packages_on_Fixed_Support_in_Six_Birds_Theory.tex:L357-L392,"Formal Definitions and Theorem Statements: This appendix records the formal vocabulary behind in compact form. It does not replace the computational analysis of the main text and does not enlarge the paper's claim surface . [Candidate promoted package] Fix a common support surface, a designated observable family, and an admissible family of lower-level operations. A candidate promoted package consists of a package-level state object together with a way of reading lower-level states or histories into that package-level object. The package is intended to capture the structure relevant for the designated observables and admissible operations, without hidden dependence on an arbitrary lower-level representative.",NAMED_SOURCE_SECTION_ARGUMENT,"{""caveats"": [""FORMAL_OR_PROOF_ASSISTANT_COMPONENT_DISCLOSED""], ""declarations"": [], ""elaboration_status"": ""NOT_APPLICABLE_OR_NOT_RUN"", ""exact_conclusion_match"": null, ""exact_hypothesis_match"": null, ""lab_or_test_evidence"": [], ""modules"": [], ""source_files"": [], ""statement_delta"": [""No imported module family was assigned to this paper at Step-2 intake.""], ""status"": ""PAPER_DISCLOSED_ASSET_NOT_IMPORTED"", ""trust_base"": []}","[""CG06"", ""CG08""]"
P021-C0020,P021,definition,DEFINITION,source/papers/Tsiokos_2026_Promotion_Criteria_and_Surviving_Packages_on_Fixed_Support_in_Six_Birds_Theory.tex:L361-L363; derived/expanded/Tsiokos_2026_Promotion_Criteria_and_Surviving_Packages_on_Fixed_Support_in_Six_Birds_Theory.tex:L361-L363,"Candidate promoted package: Fix a common support surface, a designated observable family, and an admissible family of lower-level operations. A candidate promoted package consists of a package-level state object together with a way of reading lower-level states or histories into that package-level object. The package is intended to capture the structure relevant for the designated observables and admissible operations, without hidden dependence on an arbitrary lower-level representative.",NOT_APPLICABLE_DEFINITION,"{""caveats"": [""FORMAL_OR_PROOF_ASSISTANT_COMPONENT_DISCLOSED""], ""declarations"": [], ""elaboration_status"": ""NOT_APPLICABLE_OR_NOT_RUN"", ""exact_conclusion_match"": null, ""exact_hypothesis_match"": null, ""lab_or_test_evidence"": [], ""modules"": [], ""source_files"": [], ""statement_delta"": [""No imported module family was assigned to this paper at Step-2 intake.""], ""status"": ""PAPER_DISCLOSED_ASSET_NOT_IMPORTED"", ""trust_base"": []}","[""CG06"", ""CG08""]"
P021-C0021,P021,definition,DEFINITION,source/papers/Tsiokos_2026_Promotion_Criteria_and_Surviving_Packages_on_Fixed_Support_in_Six_Birds_Theory.tex:L365-L367; derived/expanded/Tsiokos_2026_Promotion_Criteria_and_Surviving_Packages_on_Fixed_Support_in_Six_Birds_Theory.tex:L365-L367,Induced update law: A candidate package carries an induced update law when the admissible lower-level operations descend to package-level updates in a representative-independent way. Lower-level identifications that define the package must remain respected under admissible continuation at the package level.,NOT_APPLICABLE_DEFINITION,"{""caveats"": [""FORMAL_OR_PROOF_ASSISTANT_COMPONENT_DISCLOSED""], ""declarations"": [], ""elaboration_status"": ""NOT_APPLICABLE_OR_NOT_RUN"", ""exact_conclusion_match"": null, ""exact_hypothesis_match"": null, ""lab_or_test_evidence"": [], ""modules"": [], ""source_files"": [], ""statement_delta"": [""No imported module family was assigned to this paper at Step-2 intake.""], ""status"": ""PAPER_DISCLOSED_ASSET_NOT_IMPORTED"", ""trust_base"": []}","[""CG06"", ""CG08""]"
P021-C0022,P021,definition,DEFINITION,source/papers/Tsiokos_2026_Promotion_Criteria_and_Surviving_Packages_on_Fixed_Support_in_Six_Birds_Theory.tex:L369-L371; derived/expanded/Tsiokos_2026_Promotion_Criteria_and_Surviving_Packages_on_Fixed_Support_in_Six_Birds_Theory.tex:L369-L371,"Admissible second-stage coarse-graining: An admissible second-stage coarse-graining is a further package-level repackaging that preserves the retained observable surface together with the descended update structure. The identity coarse-graining is always admissible. The substantive question is whether a candidate survives nontrivial admissible further coarse-graining, or is rigid-minimal for explicit admissibility reasons rather than by vacuous overconstraint.",NOT_APPLICABLE_DEFINITION,"{""caveats"": [""FORMAL_OR_PROOF_ASSISTANT_COMPONENT_DISCLOSED""], ""declarations"": [], ""elaboration_status"": ""NOT_APPLICABLE_OR_NOT_RUN"", ""exact_conclusion_match"": null, ""exact_hypothesis_match"": null, ""lab_or_test_evidence"": [], ""modules"": [], ""source_files"": [], ""statement_delta"": [""No imported module family was assigned to this paper at Step-2 intake.""], ""status"": ""PAPER_DISCLOSED_ASSET_NOT_IMPORTED"", ""trust_base"": []}","[""CG06"", ""CG08""]"
P021-C0023,P021,definition,DEFINITION,source/papers/Tsiokos_2026_Promotion_Criteria_and_Surviving_Packages_on_Fixed_Support_in_Six_Birds_Theory.tex:L373-L383; derived/expanded/Tsiokos_2026_Promotion_Criteria_and_Surviving_Packages_on_Fixed_Support_in_Six_Birds_Theory.tex:L373-L383,Promoted-package criterion: A candidate package satisfies the promoted-package criterion on a designated corpus and slice if it satisfies all of the following: [label=( )] sufficiency for the designated observable family; induced closure under admissible lower-level operations; admissible second-stage stability; control admissibility on the required control bundle; no-smuggling with respect to omitted protocol or scheduler state; and slice legibility on at least one designated slice.,NOT_APPLICABLE_DEFINITION,"{""caveats"": [""FORMAL_OR_PROOF_ASSISTANT_COMPONENT_DISCLOSED""], ""declarations"": [], ""elaboration_status"": ""NOT_APPLICABLE_OR_NOT_RUN"", ""exact_conclusion_match"": null, ""exact_hypothesis_match"": null, ""lab_or_test_evidence"": [], ""modules"": [], ""source_files"": [], ""statement_delta"": [""No imported module family was assigned to this paper at Step-2 intake.""], ""status"": ""PAPER_DISCLOSED_ASSET_NOT_IMPORTED"", ""trust_base"": []}","[""CG06"", ""CG08""]"
P021-C0024,P021,definition,DEFINITION,source/papers/Tsiokos_2026_Promotion_Criteria_and_Surviving_Packages_on_Fixed_Support_in_Six_Birds_Theory.tex:L385-L387; derived/expanded/Tsiokos_2026_Promotion_Criteria_and_Surviving_Packages_on_Fixed_Support_in_Six_Birds_Theory.tex:L385-L387,"Protocol-indexed promotion criterion: A protocol-indexed promoted package is one for which the base candidate does not qualify honestly without additional protocol or context state, but an internalized or indexed refinement of that candidate satisfies the promoted-package criterion once the omitted dependence is represented inside the package itself.",NOT_APPLICABLE_DEFINITION,"{""caveats"": [""FORMAL_OR_PROOF_ASSISTANT_COMPONENT_DISCLOSED""], ""declarations"": [], ""elaboration_status"": ""NOT_APPLICABLE_OR_NOT_RUN"", ""exact_conclusion_match"": null, ""exact_hypothesis_match"": null, ""lab_or_test_evidence"": [], ""modules"": [], ""source_files"": [], ""statement_delta"": [""No imported module family was assigned to this paper at Step-2 intake.""], ""status"": ""PAPER_DISCLOSED_ASSET_NOT_IMPORTED"", ""trust_base"": []}","[""CG06"", ""CG08""]"
P021-C0026,P021,prose_definition,PROSE_DEFINITION_SECTION,source/papers/Tsiokos_2026_Promotion_Criteria_and_Surviving_Packages_on_Fixed_Support_in_Six_Birds_Theory.tex:L396-L410; derived/expanded/Tsiokos_2026_Promotion_Criteria_and_Surviving_Packages_on_Fixed_Support_in_Six_Birds_Theory.tex:L396-L410,"Namespace and definition layer: The development is organized under a dedicated promotion namespace. At the definition level, it introduces formal counterparts of the criterion concepts: candidate promoted packages, induced update laws, admissible second-stage coarse-grainings, promoted-layer criteria, and protocol-indexed promotion criteria. These are route-family-level abstractions and are not tied to repository artifact identifiers or benchmark-specific file structure. The main modules are: Recombination/Promotion.lean: namespace entry point for the promotion layer. Recombination/Promotion/Definitions.lean: abstract definitions corresponding to the criterion vocabulary. Recombination/Promotion/Statements.lean: compile-safe statement layer built on the definitions. Recombination/Promotion/CriterionKernel.lean: generic kernel theorem assembling the criterion fields. Recombination/Promotion/Examples.lean: small self-contained examples demonstrating usability. Recombination/Promotion/FlagshipStub.lean: abstract flagship-oriented witness stub for kernel instantiation.",NAMED_SOURCE_SECTION_ARGUMENT,"{""caveats"": [""FORMAL_OR_PROOF_ASSISTANT_COMPONENT_DISCLOSED""], ""declarations"": [], ""elaboration_status"": ""NOT_APPLICABLE_OR_NOT_RUN"", ""exact_conclusion_match"": null, ""exact_hypothesis_match"": null, ""lab_or_test_evidence"": [], ""modules"": [], ""source_files"": [], ""statement_delta"": [""No imported module family was assigned to this paper at Step-2 intake.""], ""status"": ""PAPER_DISCLOSED_ASSET_NOT_IMPORTED"", ""trust_base"": []}","[""CG06"", ""CG08""]"
P014-C0004,P014,definition,DEFINITION,source/papers/Tsiokos_2026_Internal_Structure_of_a_Surviving_Promoted_Package_on_Fixed_Support_in_Six_Birds_Theory.tex:L171-L174; derived/expanded/Tsiokos_2026_Internal_Structure_of_a_Surviving_Promoted_Package_on_Fixed_Support_in_Six_Birds_Theory.tex:L171-L174,"Candidate promoted package: A candidate promoted package on a fixed corpus consists of a candidate kind together with the promoted-state data and admissible representational surface carried by that kind. The intrinsic candidate carries only the promoted base state, the sectioned candidate carries the base state together with an admissible section choice, the bundle-section-fiber candidate carries the base state together with an admissible section fiber, and the protocol-indexed candidate carries the base state together with explicit protocol or index data.",NOT_APPLICABLE_DEFINITION,"{""caveats"": [""FORMAL_OR_PROOF_ASSISTANT_COMPONENT_DISCLOSED""], ""declarations"": [], ""elaboration_status"": ""NOT_APPLICABLE_OR_NOT_RUN"", ""exact_conclusion_match"": null, ""exact_hypothesis_match"": null, ""lab_or_test_evidence"": [], ""modules"": [], ""source_files"": [], ""statement_delta"": [""No imported module family was assigned to this paper at Step-2 intake.""], ""status"": ""PAPER_DISCLOSED_ASSET_NOT_IMPORTED"", ""trust_base"": []}","[""CG08""]"
P014-C0005,P014,definition,DEFINITION,source/papers/Tsiokos_2026_Internal_Structure_of_a_Surviving_Promoted_Package_on_Fixed_Support_in_Six_Birds_Theory.tex:L176-L179; derived/expanded/Tsiokos_2026_Internal_Structure_of_a_Surviving_Promoted_Package_on_Fixed_Support_in_Six_Birds_Theory.tex:L176-L179,"Descended readout and signature-level descended update: Let P be a candidate promoted package on a fixed comparison surface C . We say that P has descended readout support on C if the designated promoted-level readout family descends honestly from the lower layer on that surface. We say that P has signature-level descended update support on C if the retained lower-generator interface descends to a coherent promoted-level action or closure interface on C . In this paper, the update interface is signature-level rather than a full executable promoted dynamics.",NOT_APPLICABLE_DEFINITION,"{""caveats"": [""FORMAL_OR_PROOF_ASSISTANT_COMPONENT_DISCLOSED""], ""declarations"": [], ""elaboration_status"": ""NOT_APPLICABLE_OR_NOT_RUN"", ""exact_conclusion_match"": null, ""exact_hypothesis_match"": null, ""lab_or_test_evidence"": [], ""modules"": [], ""source_files"": [], ""statement_delta"": [""No imported module family was assigned to this paper at Step-2 intake.""], ""status"": ""PAPER_DISCLOSED_ASSET_NOT_IMPORTED"", ""trust_base"": []}","[""CG08""]"
P014-C0007,P014,definition,DEFINITION,source/papers/Tsiokos_2026_Internal_Structure_of_a_Surviving_Promoted_Package_on_Fixed_Support_in_Six_Birds_Theory.tex:L185-L188; derived/expanded/Tsiokos_2026_Internal_Structure_of_a_Surviving_Promoted_Package_on_Fixed_Support_in_Six_Birds_Theory.tex:L185-L188,"Second-stage stability and protocol honesty: Let P be a candidate promoted package. We say that P is second-stage stable if admissible non-identity recoarsenings of its retained promoted surface preserve the relevant readout, signature-level closure, and control-contrast structure after the candidate is rebuilt on the coarsened surface. We say that P is protocol honest if its apparent support does not depend on pre-internalization artifacts or on reference-only protocol rows that fail the protocol gate.",NOT_APPLICABLE_DEFINITION,"{""caveats"": [""FORMAL_OR_PROOF_ASSISTANT_COMPONENT_DISCLOSED""], ""declarations"": [], ""elaboration_status"": ""NOT_APPLICABLE_OR_NOT_RUN"", ""exact_conclusion_match"": null, ""exact_hypothesis_match"": null, ""lab_or_test_evidence"": [], ""modules"": [], ""source_files"": [], ""statement_delta"": [""No imported module family was assigned to this paper at Step-2 intake.""], ""status"": ""PAPER_DISCLOSED_ASSET_NOT_IMPORTED"", ""trust_base"": []}","[""CG08""]"
P014-C0009,P014,definition,DEFINITION,source/papers/Tsiokos_2026_Internal_Structure_of_a_Surviving_Promoted_Package_on_Fixed_Support_in_Six_Birds_Theory.tex:L217-L220; derived/expanded/Tsiokos_2026_Internal_Structure_of_a_Surviving_Promoted_Package_on_Fixed_Support_in_Six_Birds_Theory.tex:L217-L220,"Package verdict, readiness, and nearby-support distinction: The package-type verdict is the main classification assigned by the joint internal-structure audit. The higher-layer readiness axis records downstream weak primitive participation and is not a substitute for package type. The nearby-support distinction records, separately, readout-surface status, detector-admissibility status, and family-level nearby characterization.",NOT_APPLICABLE_DEFINITION,"{""caveats"": [""FORMAL_OR_PROOF_ASSISTANT_COMPONENT_DISCLOSED""], ""declarations"": [], ""elaboration_status"": ""NOT_APPLICABLE_OR_NOT_RUN"", ""exact_conclusion_match"": null, ""exact_hypothesis_match"": null, ""lab_or_test_evidence"": [], ""modules"": [], ""source_files"": [], ""statement_delta"": [""No imported module family was assigned to this paper at Step-2 intake.""], ""status"": ""PAPER_DISCLOSED_ASSET_NOT_IMPORTED"", ""trust_base"": []}","[""CG08""]"
P014-C0012,P014,definition,DEFINITION,source/papers/Tsiokos_2026_Internal_Structure_of_a_Surviving_Promoted_Package_on_Fixed_Support_in_Six_Birds_Theory.tex:L313-L316; derived/expanded/Tsiokos_2026_Internal_Structure_of_a_Surviving_Promoted_Package_on_Fixed_Support_in_Six_Birds_Theory.tex:L313-L316,"Equal-footing comparison rule: For a candidate kind K and a case x ∈ C_ core , the primary audit outcome is attached to the pair (K,x) rather than to the raw number of admissible representatives of kind K over x . Representative multiplicity may contribute to ambiguity statistics, but it does not count as additional positive evidence for descended readout or signature-level descended update support.",NOT_APPLICABLE_DEFINITION,"{""caveats"": [""FORMAL_OR_PROOF_ASSISTANT_COMPONENT_DISCLOSED""], ""declarations"": [], ""elaboration_status"": ""NOT_APPLICABLE_OR_NOT_RUN"", ""exact_conclusion_match"": null, ""exact_hypothesis_match"": null, ""lab_or_test_evidence"": [], ""modules"": [], ""source_files"": [], ""statement_delta"": [""No imported module family was assigned to this paper at Step-2 intake.""], ""status"": ""PAPER_DISCLOSED_ASSET_NOT_IMPORTED"", ""trust_base"": []}","[""CG08""]"
P014-C0042,P014,definition,DEFINITION,source/papers/Tsiokos_2026_Internal_Structure_of_a_Surviving_Promoted_Package_on_Fixed_Support_in_Six_Birds_Theory.tex:L747-L750; derived/expanded/Tsiokos_2026_Internal_Structure_of_a_Surviving_Promoted_Package_on_Fixed_Support_in_Six_Birds_Theory.tex:L747-L750,"Current formal criterion layer: The current formal criterion layer is the Lean surface consisting of abstract vocabulary for candidate kinds, candidate packages, section families, descended readout, descended update, recoarsening, and second-stage stability, together with criterion-level statement surfaces for package verdict, higher-layer readiness, nearby-support distinctions, and nonreplacement boundaries.",NOT_APPLICABLE_DEFINITION,"{""caveats"": [""FORMAL_OR_PROOF_ASSISTANT_COMPONENT_DISCLOSED""], ""declarations"": [], ""elaboration_status"": ""NOT_APPLICABLE_OR_NOT_RUN"", ""exact_conclusion_match"": null, ""exact_hypothesis_match"": null, ""lab_or_test_evidence"": [], ""modules"": [], ""source_files"": [], ""statement_delta"": [""No imported module family was assigned to this paper at Step-2 intake.""], ""status"": ""PAPER_DISCLOSED_ASSET_NOT_IMPORTED"", ""trust_base"": []}","[""CG08""]"
P014-C0051,P014,prose_definition,PROSE_DEFINITION_SECTION,source/papers/Tsiokos_2026_Internal_Structure_of_a_Surviving_Promoted_Package_on_Fixed_Support_in_Six_Birds_Theory.tex:L818-L823; derived/expanded/Tsiokos_2026_Internal_Structure_of_a_Surviving_Promoted_Package_on_Fixed_Support_in_Six_Birds_Theory.tex:L818-L823,"Formal Definitions and Theorem Statements: This appendix collects the abstract formal vocabulary used by the paper without turning the empirical audit into a theorem by declaration. The goal is to make the statement surface explicit and conventional and to record, in one place, the definition and proposition surfaces used in the main text.",NAMED_SOURCE_SECTION_ARGUMENT,"{""caveats"": [""FORMAL_OR_PROOF_ASSISTANT_COMPONENT_DISCLOSED""], ""declarations"": [], ""elaboration_status"": ""NOT_APPLICABLE_OR_NOT_RUN"", ""exact_conclusion_match"": null, ""exact_hypothesis_match"": null, ""lab_or_test_evidence"": [], ""modules"": [], ""source_files"": [], ""statement_delta"": [""No imported module family was assigned to this paper at Step-2 intake.""], ""status"": ""PAPER_DISCLOSED_ASSET_NOT_IMPORTED"", ""trust_base"": []}","[""CG08""]"
P014-C0052,P014,prose_definition,PROSE_DEFINITION_SECTION,source/papers/Tsiokos_2026_Internal_Structure_of_a_Surviving_Promoted_Package_on_Fixed_Support_in_Six_Birds_Theory.tex:L823-L835; derived/expanded/Tsiokos_2026_Internal_Structure_of_a_Surviving_Promoted_Package_on_Fixed_Support_in_Six_Birds_Theory.tex:L823-L835,"Abstract definitions: The main text introduces the following definition surfaces. : candidate promoted package. : descended readout support and signature-level descended update support. : second-stage stability and protocol honesty. : package verdict, higher-layer readiness, and nearby-support distinction. : equal-footing comparison rule on the core subset. : the current formal criterion layer used by the bounded Lean track.",NAMED_SOURCE_SECTION_ARGUMENT,"{""caveats"": [""FORMAL_OR_PROOF_ASSISTANT_COMPONENT_DISCLOSED""], ""declarations"": [], ""elaboration_status"": ""NOT_APPLICABLE_OR_NOT_RUN"", ""exact_conclusion_match"": null, ""exact_hypothesis_match"": null, ""lab_or_test_evidence"": [], ""modules"": [], ""source_files"": [], ""statement_delta"": [""No imported module family was assigned to this paper at Step-2 intake.""], ""status"": ""PAPER_DISCLOSED_ASSET_NOT_IMPORTED"", ""trust_base"": []}","[""CG08""]"
P007-C0020,P007,definition,DEFINITION,source/papers/Tsiokos_2026_Carrier_Exactification_after_Promotion_on_Fixed_Support_in_Six_Birds_Theory.tex:L2059-L2063; derived/expanded/Tsiokos_2026_Carrier_Exactification_after_Promotion_on_Fixed_Support_in_Six_Birds_Theory.tex:L2059-L2063,"Designated surface: A designated surface is a tuple Sigma = (S, O, G, Xi, P) of seed, observable, generator, section, and protocol types.",NOT_APPLICABLE_DEFINITION,"{""caveats"": [""FORMAL_OR_PROOF_ASSISTANT_COMPONENT_DISCLOSED""], ""declarations"": [], ""elaboration_status"": ""NOT_APPLICABLE_OR_NOT_RUN"", ""exact_conclusion_match"": null, ""exact_hypothesis_match"": null, ""lab_or_test_evidence"": [], ""modules"": [], ""source_files"": [], ""statement_delta"": [""No imported module family was assigned to this paper at Step-2 intake.""], ""status"": ""PAPER_DISCLOSED_ASSET_NOT_IMPORTED"", ""trust_base"": []}","[""CG17""]"
P007-C0021,P007,definition,DEFINITION,source/papers/Tsiokos_2026_Carrier_Exactification_after_Promotion_on_Fixed_Support_in_Six_Birds_Theory.tex:L2065-L2076; derived/expanded/Tsiokos_2026_Carrier_Exactification_after_Promotion_on_Fixed_Support_in_Six_Birds_Theory.tex:L2065-L2076,"Carrier candidate: A carrier candidate on Sigma is a tuple C = (X, V, rho, lambda, tau) consisting of [leftmargin=2em, itemsep=0pt, topsep=2pt] a state space X , a validity predicate V : X → Prop , a seed-realization relation rho : S → X → Prop , a readout relation lambda : X → O → Prop , a transport relation tau : G → X → X → Prop .",NOT_APPLICABLE_DEFINITION,"{""caveats"": [""FORMAL_OR_PROOF_ASSISTANT_COMPONENT_DISCLOSED""], ""declarations"": [], ""elaboration_status"": ""NOT_APPLICABLE_OR_NOT_RUN"", ""exact_conclusion_match"": null, ""exact_hypothesis_match"": null, ""lab_or_test_evidence"": [], ""modules"": [], ""source_files"": [], ""statement_delta"": [""No imported module family was assigned to this paper at Step-2 intake.""], ""status"": ""PAPER_DISCLOSED_ASSET_NOT_IMPORTED"", ""trust_base"": []}","[""CG17""]"
P007-C0022,P007,definition,DEFINITION,source/papers/Tsiokos_2026_Carrier_Exactification_after_Promotion_on_Fixed_Support_in_Six_Birds_Theory.tex:L2099-L2117; derived/expanded/Tsiokos_2026_Carrier_Exactification_after_Promotion_on_Fixed_Support_in_Six_Birds_Theory.tex:L2099-L2117,"Reduction: A reduction from C to D on the same surface Sigma is a map phi : X_ C → X_ D satisfying, for all admissible arguments, V_ C (x) implies V_ D (phi(x)), rho_ C (s, x) implies rho_ D (s, phi(x)), lambda_ C (x, o) implies lambda_ D (phi(x), o), tau_ C (g, x, y) implies tau_ D (g, phi(x), phi(y)). We write C D when a reduction exists, and say C is non-reducible among a family \ D_i\ _ i ∈ I if C D_i for every i . This is the C3 comparator of Section .",NOT_APPLICABLE_DEFINITION,"{""caveats"": [""FORMAL_OR_PROOF_ASSISTANT_COMPONENT_DISCLOSED""], ""declarations"": [], ""elaboration_status"": ""NOT_APPLICABLE_OR_NOT_RUN"", ""exact_conclusion_match"": null, ""exact_hypothesis_match"": null, ""lab_or_test_evidence"": [], ""modules"": [], ""source_files"": [], ""statement_delta"": [""No imported module family was assigned to this paper at Step-2 intake.""], ""status"": ""PAPER_DISCLOSED_ASSET_NOT_IMPORTED"", ""trust_base"": []}","[""CG17""]"
P007-C0028,P007,prose_definition,PROSE_DEFINITION_SECTION,source/papers/Tsiokos_2026_Carrier_Exactification_after_Promotion_on_Fixed_Support_in_Six_Birds_Theory.tex:L2519-L2531; derived/expanded/Tsiokos_2026_Carrier_Exactification_after_Promotion_on_Fixed_Support_in_Six_Birds_Theory.tex:L2519-L2531,"Formal Definitions and Criteria: This appendix expands the conceptual setup of without repeating the main text's carrier atlas or final-gate tables. Its role is to fix the paper's formal vocabulary at a prose-and-math level. The appendix does not introduce any stronger empirical claim than the main body. In particular, the verdict vocabulary remains the ticket31 vocabulary: lawful same-branch witness, coarse public signature shadow, scoped protocol-indexed carrier survival, real scope limitations beyond the flagship anchors, and the final gate protocol_indexed_carrier_only.",NAMED_SOURCE_SECTION_ARGUMENT,"{""caveats"": [""FORMAL_OR_PROOF_ASSISTANT_COMPONENT_DISCLOSED""], ""declarations"": [], ""elaboration_status"": ""NOT_APPLICABLE_OR_NOT_RUN"", ""exact_conclusion_match"": null, ""exact_hypothesis_match"": null, ""lab_or_test_evidence"": [], ""modules"": [], ""source_files"": [], ""statement_delta"": [""No imported module family was assigned to this paper at Step-2 intake.""], ""status"": ""PAPER_DISCLOSED_ASSET_NOT_IMPORTED"", ""trust_base"": []}","[""CG17""]"
P007-C0030,P007,prose_definition,PROSE_DEFINITION_SECTION,source/papers/Tsiokos_2026_Carrier_Exactification_after_Promotion_on_Fixed_Support_in_Six_Birds_Theory.tex:L2926-L2944; derived/expanded/Tsiokos_2026_Carrier_Exactification_after_Promotion_on_Fixed_Support_in_Six_Birds_Theory.tex:L2926-L2944,"Definitions and predicates: Definitions.lean provides the typed vocabulary behind the manuscript's main distinctions. DesignatedSurface fixes the seed, observable, generator, section, and protocol types. CarrierCandidate packages a state space together with validity, seed realization, readout, and transport relations. The definitional layer then introduces the predicates that parallel the paper's C1–C7 vocabulary: ReadoutSufficient, TransportClosed, TransportExact, ReadoutTransportCompatible, SectionHonest, ProtocolHonest, ExpansionHonest, and CrossSeedSupported. Reduction is represented by Reduction, ReducibleTo, and NonReducibleAmong. The Lean layer also introduces explicit status types for scope, law, compression, protocol indexing, quadratics, proto-events, and gate verdicts. This is how the formal layer preserves the same distinctions as the main text: lawful witness versus public shadow, scoped protocol-indexed evidence versus full exactification, and non-faithful compression versus faithful compression.",NAMED_SOURCE_SECTION_ARGUMENT,"{""caveats"": [""FORMAL_OR_PROOF_ASSISTANT_COMPONENT_DISCLOSED""], ""declarations"": [], ""elaboration_status"": ""NOT_APPLICABLE_OR_NOT_RUN"", ""exact_conclusion_match"": null, ""exact_hypothesis_match"": null, ""lab_or_test_evidence"": [], ""modules"": [], ""source_files"": [], ""statement_delta"": [""No imported module family was assigned to this paper at Step-2 intake.""], ""status"": ""PAPER_DISCLOSED_ASSET_NOT_IMPORTED"", ""trust_base"": []}","[""CG17""]"
P008-C0009,P008,definition,DEFINITION,source/papers/Tsiokos_2026_Carrier_to_Event_Admissibility_on_Fixed_Support_in_Six_Birds_Theory.tex:L1058-L1066; derived/expanded/Tsiokos_2026_Carrier_to_Event_Admissibility_on_Fixed_Support_in_Six_Birds_Theory.tex:L1058-L1066,"Designated surface: A designated surface is a tuple Sigma = (Z,\ f,\ Sigma_f,\ I,\ L,\ ), where Z is a finite carrier set, f : Z → X is a lens, Sigma_f is the induced definability structure, I is a family of admissible instruments, L is a family of selected lifts, and ∈ \ claim-bearing ,\ support-only ,\ control-only \ is the surface classification.",NOT_APPLICABLE_DEFINITION,"{""caveats"": [""FORMAL_OR_PROOF_ASSISTANT_COMPONENT_DISCLOSED""], ""declarations"": [], ""elaboration_status"": ""NOT_APPLICABLE_OR_NOT_RUN"", ""exact_conclusion_match"": null, ""exact_hypothesis_match"": null, ""lab_or_test_evidence"": [], ""modules"": [], ""source_files"": [], ""statement_delta"": [""No imported module family was assigned to this paper at Step-2 intake.""], ""status"": ""PAPER_DISCLOSED_ASSET_NOT_IMPORTED"", ""trust_base"": []}","[""CG02"", ""CG06"", ""CG17""]"
P008-C0010,P008,definition,DEFINITION,source/papers/Tsiokos_2026_Carrier_to_Event_Admissibility_on_Fixed_Support_in_Six_Birds_Theory.tex:L1068-L1075; derived/expanded/Tsiokos_2026_Carrier_to_Event_Admissibility_on_Fixed_Support_in_Six_Birds_Theory.tex:L1068-L1075,"Event bridge record: An event bridge record on Sigma is an eight-tuple B_E = (C,\ P,\ I,\ L,\ V,\ Theta,\ S,\ A), where C is a carrier-side condition, P is a public/readout-side condition, I ∈ I is the declared instrument, L ∈ L is the selected lift (or forgetting map), V is a visibility-and-suppression record, Theta is the threshold-or-witness record, S is the exact-six role profile of the bridge, and A is the audit record.",NOT_APPLICABLE_DEFINITION,"{""caveats"": [""FORMAL_OR_PROOF_ASSISTANT_COMPONENT_DISCLOSED""], ""declarations"": [], ""elaboration_status"": ""NOT_APPLICABLE_OR_NOT_RUN"", ""exact_conclusion_match"": null, ""exact_hypothesis_match"": null, ""lab_or_test_evidence"": [], ""modules"": [], ""source_files"": [], ""statement_delta"": [""No imported module family was assigned to this paper at Step-2 intake.""], ""status"": ""PAPER_DISCLOSED_ASSET_NOT_IMPORTED"", ""trust_base"": []}","[""CG02"", ""CG06"", ""CG17""]"
P008-C0011,P008,definition,DEFINITION,source/papers/Tsiokos_2026_Carrier_to_Event_Admissibility_on_Fixed_Support_in_Six_Birds_Theory.tex:L1079-L1089; derived/expanded/Tsiokos_2026_Carrier_to_Event_Admissibility_on_Fixed_Support_in_Six_Birds_Theory.tex:L1079-L1089,"Event admissibility: An event bridge record B_E is admissible on Sigma , written Admissible(B_E, Sigma) , if DS(B_E)\ \ IV(B_E)\ \ SH(B_E)\ \ LS(B_E)\ \ PH(B_E) \ TA(B_E)\ \ CP(B_E)\ \ LA(B_E)\ \ XC(B_E)\ \ CB(B_E), where the ten conjuncts are declared surface, instrument visibility, suppression honesty, selected-lift stability, protocol honesty, threshold activation, control-separation placeholder, layer assignment, exact-six completeness, and claim-boundary compliance, respectively.",NOT_APPLICABLE_DEFINITION,"{""caveats"": [""FORMAL_OR_PROOF_ASSISTANT_COMPONENT_DISCLOSED""], ""declarations"": [], ""elaboration_status"": ""NOT_APPLICABLE_OR_NOT_RUN"", ""exact_conclusion_match"": null, ""exact_hypothesis_match"": null, ""lab_or_test_evidence"": [], ""modules"": [], ""source_files"": [], ""statement_delta"": [""No imported module family was assigned to this paper at Step-2 intake.""], ""status"": ""PAPER_DISCLOSED_ASSET_NOT_IMPORTED"", ""trust_base"": []}","[""CG02"", ""CG06"", ""CG17""]"
P008-C0012,P008,definition,DEFINITION,source/papers/Tsiokos_2026_Carrier_to_Event_Admissibility_on_Fixed_Support_in_Six_Birds_Theory.tex:L1093-L1100; derived/expanded/Tsiokos_2026_Carrier_to_Event_Admissibility_on_Fixed_Support_in_Six_Birds_Theory.tex:L1093-L1100,"Candidate test family: A candidate test family on Sigma is a tuple T = (\ B_i\ _ i ∈ F ,\ Sigma_T,\ mu ), where F is a finite index set, \ B_i\ _ i ∈ F is a family of event bridge records proposed as members, Sigma_T is the declared test surface, and mu is an assignment of members to declared slots on Sigma_T .",NOT_APPLICABLE_DEFINITION,"{""caveats"": [""FORMAL_OR_PROOF_ASSISTANT_COMPONENT_DISCLOSED""], ""declarations"": [], ""elaboration_status"": ""NOT_APPLICABLE_OR_NOT_RUN"", ""exact_conclusion_match"": null, ""exact_hypothesis_match"": null, ""lab_or_test_evidence"": [], ""modules"": [], ""source_files"": [], ""statement_delta"": [""No imported module family was assigned to this paper at Step-2 intake.""], ""status"": ""PAPER_DISCLOSED_ASSET_NOT_IMPORTED"", ""trust_base"": []}","[""CG02"", ""CG06"", ""CG17""]"
P008-C0013,P008,definition,DEFINITION,source/papers/Tsiokos_2026_Carrier_to_Event_Admissibility_on_Fixed_Support_in_Six_Birds_Theory.tex:L1102-L1109; derived/expanded/Tsiokos_2026_Carrier_to_Event_Admissibility_on_Fixed_Support_in_Six_Birds_Theory.tex:L1102-L1109,"Test admissibility: A candidate test family T is admissible, written AdmissibleTest(T, Sigma_T) , if every B_i is admissible, the family is finite and nonempty, and ME(T, Sigma_T)\ \ EX(T, Sigma_T)\ \ IS(T)\ \ LS_ fam (T)\ \ PC(T)\ \ CS(T)\ \ XC_ fam (T)\ \ CB_ fam (T), where the conjuncts are mutual exclusivity on Sigma_T , exhaustivity on Sigma_T , instrument stability, family-level selected-lift stability, public-readout compatibility, control separation, family-level exact-six completeness, and family-level claim-boundary compliance.",NOT_APPLICABLE_DEFINITION,"{""caveats"": [""FORMAL_OR_PROOF_ASSISTANT_COMPONENT_DISCLOSED""], ""declarations"": [], ""elaboration_status"": ""NOT_APPLICABLE_OR_NOT_RUN"", ""exact_conclusion_match"": null, ""exact_hypothesis_match"": null, ""lab_or_test_evidence"": [], ""modules"": [], ""source_files"": [], ""statement_delta"": [""No imported module family was assigned to this paper at Step-2 intake.""], ""status"": ""PAPER_DISCLOSED_ASSET_NOT_IMPORTED"", ""trust_base"": []}","[""CG02"", ""CG06"", ""CG17""]"
P008-C0023,P008,prose_definition,PROSE_DEFINITION_SECTION,source/papers/Tsiokos_2026_Carrier_to_Event_Admissibility_on_Fixed_Support_in_Six_Birds_Theory.tex:L1285-L1364; derived/expanded/Tsiokos_2026_Carrier_to_Event_Admissibility_on_Fixed_Support_in_Six_Birds_Theory.tex:L1285-L1364,"Formal definitions and gate predicates: This appendix collects the record-level definitions used in the main text. The definitions are stated at the level needed to read the artifact tables and gates; the Lean formalization in Appendix gives the corresponding abstract record skeletons. A surface is a declared domain on which a claim is evaluated. The pipeline distinguishes claim-bearing surfaces, support-only surfaces, and control-only surfaces. A support-only surface cannot produce an accepted event unless a later gate explicitly accepts it, and no such acceptance is made for the erasure or nearby-positive comparison rows in this run.",NAMED_SOURCE_SECTION_ARGUMENT,"{""caveats"": [""FORMAL_OR_PROOF_ASSISTANT_COMPONENT_DISCLOSED""], ""declarations"": [], ""elaboration_status"": ""NOT_APPLICABLE_OR_NOT_RUN"", ""exact_conclusion_match"": null, ""exact_hypothesis_match"": null, ""lab_or_test_evidence"": [], ""modules"": [], ""source_files"": [], ""statement_delta"": [""No imported module family was assigned to this paper at Step-2 intake.""], ""status"": ""PAPER_DISCLOSED_ASSET_NOT_IMPORTED"", ""trust_base"": []}","[""CG02"", ""CG06"", ""CG17""]"
P037-C0040,P037,prose_definition,PROSE_DEFINITION_SECTION,source/papers/Tsiokos_2026_Strict_Test_to_Event_Package_Admissibility_on_Fixed_Support_in_Six_Birds_Theory.tex:L1053-L1073; derived/expanded/Tsiokos_2026_Strict_Test_to_Event_Package_Admissibility_on_Fixed_Support_in_Six_Birds_Theory.tex:L1053-L1073,"Definitions: H2 denotes the inherited H2 boundary layer, and H6 denotes the H6 PICA new-layer support used by Paper 10. The mnemonics are paper-local shorthand for the layer vocabulary inherited from Paper 9 . They are notation, not new layers introduced by this paper. The strict-test partition rung is the inherited rung that fixes the accepted new-layer strict-test substrate: accepted strict test families, native strict slots, and slot realizations. It supplies input for later rungs but does not itself construct event-level records. It is the strict-test-only base on which the paper-10-new event-level attempt is mounted. See .",NAMED_SOURCE_SECTION_ARGUMENT,"{""caveats"": [""FORMAL_OR_PROOF_ASSISTANT_COMPONENT_DISCLOSED""], ""declarations"": [], ""elaboration_status"": ""NOT_APPLICABLE_OR_NOT_RUN"", ""exact_conclusion_match"": null, ""exact_hypothesis_match"": null, ""lab_or_test_evidence"": [], ""modules"": [], ""source_files"": [], ""statement_delta"": [""No imported module family was assigned to this paper at Step-2 intake.""], ""status"": ""PAPER_DISCLOSED_ASSET_NOT_IMPORTED"", ""trust_base"": []}","[""CG08"", ""CG13"", ""CG17""]"
P016-C0012,P016,prose_definition,PROSE_DEFINITION_SECTION,source/papers/Tsiokos_2026_Marking_Erasure_and_Recombination_on_Fixed_Support_Exact_Finite_Evidence_from_Six_Birds_Theory.tex:L471-L475; derived/expanded/Tsiokos_2026_Marking_Erasure_and_Recombination_on_Fixed_Support_Exact_Finite_Evidence_from_Six_Birds_Theory.tex:L471-L475,Formal Definitions and Theorem Statements: This appendix records the formal objects and theorem statements used in the main text. It is not a replacement for the Lean development and does not reproduce full proofs; it is included to keep the formal vocabulary explicit and scoped.,NAMED_SOURCE_SECTION_ARGUMENT,"{""caveats"": [""FORMAL_OR_PROOF_ASSISTANT_COMPONENT_DISCLOSED""], ""declarations"": [], ""elaboration_status"": ""NOT_APPLICABLE_OR_NOT_RUN"", ""exact_conclusion_match"": null, ""exact_hypothesis_match"": null, ""lab_or_test_evidence"": [], ""modules"": [], ""source_files"": [], ""statement_delta"": [""No imported module family was assigned to this paper at Step-2 intake.""], ""status"": ""PAPER_DISCLOSED_ASSET_NOT_IMPORTED"", ""trust_base"": []}","[""CG06"", ""CG07"", ""CG08"", ""CG11"", ""CG13""]"
P016-C0014,P016,prose_definition,PROSE_DEFINITION_SECTION,source/papers/Tsiokos_2026_Marking_Erasure_and_Recombination_on_Fixed_Support_Exact_Finite_Evidence_from_Six_Birds_Theory.tex:L536-L540; derived/expanded/Tsiokos_2026_Marking_Erasure_and_Recombination_on_Fixed_Support_Exact_Finite_Evidence_from_Six_Birds_Theory.tex:L536-L540,"Definition layer: The definition layer introduces branch assemblages, branchwise and recombination equivalence relations, quotient objects for K_i and R_i , and the refinement-dependent map . These objects are kept abstract where necessary: the observable result type is indexed by interface, and the quotient equivalence layer is packaged using a project-local Recombination.Equiv.",NAMED_SOURCE_SECTION_ARGUMENT,"{""caveats"": [""FORMAL_OR_PROOF_ASSISTANT_COMPONENT_DISCLOSED""], ""declarations"": [], ""elaboration_status"": ""NOT_APPLICABLE_OR_NOT_RUN"", ""exact_conclusion_match"": null, ""exact_hypothesis_match"": null, ""lab_or_test_evidence"": [], ""modules"": [], ""source_files"": [], ""statement_delta"": [""No imported module family was assigned to this paper at Step-2 intake.""], ""status"": ""PAPER_DISCLOSED_ASSET_NOT_IMPORTED"", ""trust_base"": []}","[""CG06"", ""CG07"", ""CG08"", ""CG11"", ""CG13""]"
P022-C0012,P022,prose_definition,PROSE_DEFINITION_SECTION,source/papers/Tsiokos_2026_Recombination_Witnesses_on_Fixed_Support_Control_Stable_Anchors_and_a_Formal_Kernel_in_Six_Birds_Theory.tex:L702-L711; derived/expanded/Tsiokos_2026_Recombination_Witnesses_on_Fixed_Support_Control_Stable_Anchors_and_a_Formal_Kernel_in_Six_Birds_Theory.tex:L702-L711,"Formal Definitions and Theorem Statements: This appendix collects the formal definitions and theorem statements used in the main text. At the level of general mathematical form, the quotient and factorization language used here sits near behavioral equivalence, bisimulation, exact aggregation, and standard quotient-factorization arguments . It does not reproduce proofs. The comparison base is inherited from the first three papers of the series: fixed support and admissibility, the current and predictive quotients on single histories, and the branchwise and recombination quotients on branch assemblages. The present paper uses those inherited structures only to define and compare the flagship recombination family on a common exact-finite support. At the single-history level, the current quotient Q_i identifies reachable histories that are indistinguishable by the current event package, while the predictive quotient M_i identifies histories that remain indistinguishable under all admissible future generator/observable words on the reachable image. At the branch-assemblage level, the branchwise quotient K_i identifies assemblages with the same weighted multiset of predictive classes, while the recombination quotient R_i identifies assemblages that are indistinguishable by admissible later recombination observables. When recombination equivalence refines branchwise equivalence there is a canonical forgetful map _i : R_i → K_i .",NAMED_SOURCE_SECTION_ARGUMENT,"{""caveats"": [""FORMAL_OR_PROOF_ASSISTANT_COMPONENT_DISCLOSED""], ""declarations"": [], ""elaboration_status"": ""NOT_APPLICABLE_OR_NOT_RUN"", ""exact_conclusion_match"": null, ""exact_hypothesis_match"": null, ""lab_or_test_evidence"": [], ""modules"": [], ""source_files"": [], ""statement_delta"": [""No imported module family was assigned to this paper at Step-2 intake.""], ""status"": ""PAPER_DISCLOSED_ASSET_NOT_IMPORTED"", ""trust_base"": []}","[""CG06"", ""CG07"", ""CG08"", ""CG13""]"
P012-C0003,P012,definition,DEFINITION,source/papers/Tsiokos_2026_Holonomy_with_Memory_in_Six_Birds_Theory_Predictive_Quotients_Witnesses_and_Fixed_Support_Route_Transport.tex:L142-L164; derived/expanded/Tsiokos_2026_Holonomy_with_Memory_in_Six_Birds_Theory_Predictive_Quotients_Witnesses_and_Fixed_Support_Route_Transport.tex:L142-L164,"Route transport package: A route transport package is a typed object T= ( Sigma,I,\ Histories_i\ _ i∈I , \ C_ i→ j \ _ i,j∈I , \ E_i\ _ i∈I , id,comp,push,obs ) consisting of the following data: a fixed support object Sigma ; a family of interfaces I ; for each interface i∈I , a set Histories_i of admissible histories terminating at i ; for each ordered pair (i,j) , a set C_ i→ j of admissible continuations from i to j ; for each interface i , a set E_i of admissible events at i ; identity continuations 1_i∈C_ i→ i and typed composition of continuations where defined; a push operation sending (h,gamma)∈ Histories_i× C_ i→ j to a continued history push_ gamma h∈Histories_j ; an observation map assigning to each history-event pair (h,e)∈Histories_i×E_i an observation value obs_i(h,e) .",NOT_APPLICABLE_DEFINITION,"{""caveats"": [""FORMAL_OR_PROOF_ASSISTANT_COMPONENT_DISCLOSED""], ""declarations"": [], ""elaboration_status"": ""NOT_APPLICABLE_OR_NOT_RUN"", ""exact_conclusion_match"": null, ""exact_hypothesis_match"": null, ""lab_or_test_evidence"": [], ""modules"": [], ""source_files"": [], ""statement_delta"": [""Imported module family exists, but no plausible declaration-name match passed the conservative threshold.""], ""status"": ""NO_MATCH"", ""trust_base"": []}","[""CG11"", ""CG12"", ""CG18""]"
P012-C0004,P012,definition,DEFINITION,source/papers/Tsiokos_2026_Holonomy_with_Memory_in_Six_Birds_Theory_Predictive_Quotients_Witnesses_and_Fixed_Support_Route_Transport.tex:L171-L184; derived/expanded/Tsiokos_2026_Holonomy_with_Memory_in_Six_Birds_Theory_Predictive_Quotients_Witnesses_and_Fixed_Support_Route_Transport.tex:L171-L184,"Current-event equivalence: Histories h and h' are current-event equivalent at interface i , written h CurrentEquiv_i h', iff they agree on all current admissible events: h CurrentEquiv_i h' Longleftrightarrow e∈E_i, obs_i(h,e)=obs_i(h',e).",NOT_APPLICABLE_DEFINITION,"{""caveats"": [""FORMAL_OR_PROOF_ASSISTANT_COMPONENT_DISCLOSED""], ""declarations"": [], ""elaboration_status"": ""NOT_APPLICABLE_OR_NOT_RUN"", ""exact_conclusion_match"": null, ""exact_hypothesis_match"": null, ""lab_or_test_evidence"": [], ""modules"": [], ""source_files"": [], ""statement_delta"": [""Imported module family exists, but no plausible declaration-name match passed the conservative threshold.""], ""status"": ""NO_MATCH"", ""trust_base"": []}","[""CG11"", ""CG12"", ""CG18""]"
P012-C0005,P012,definition,DEFINITION,source/papers/Tsiokos_2026_Holonomy_with_Memory_in_Six_Birds_Theory_Predictive_Quotients_Witnesses_and_Fixed_Support_Route_Transport.tex:L188-L203; derived/expanded/Tsiokos_2026_Holonomy_with_Memory_in_Six_Birds_Theory_Predictive_Quotients_Witnesses_and_Fixed_Support_Route_Transport.tex:L188-L203,"Future-predictive equivalence: Histories h and h' are future-predictively equivalent at interface i , written h FutureEquiv_i h', iff they agree on all later admissible event observations after all admissible continuations: h FutureEquiv_i h' Longleftrightarrow j∈I gamma∈C_ i→ j e∈E_j, obs_j(push_ gamma h,e) = obs_j(push_ gamma h',e).",NOT_APPLICABLE_DEFINITION,"{""caveats"": [""FORMAL_OR_PROOF_ASSISTANT_COMPONENT_DISCLOSED""], ""declarations"": [], ""elaboration_status"": ""NOT_APPLICABLE_OR_NOT_RUN"", ""exact_conclusion_match"": null, ""exact_hypothesis_match"": null, ""lab_or_test_evidence"": [], ""modules"": [], ""source_files"": [], ""statement_delta"": [""Imported module family exists, but no plausible declaration-name match passed the conservative threshold.""], ""status"": ""NO_MATCH"", ""trust_base"": []}","[""CG11"", ""CG12"", ""CG18""]"
P012-C0006,P012,definition,DEFINITION,source/papers/Tsiokos_2026_Holonomy_with_Memory_in_Six_Birds_Theory_Predictive_Quotients_Witnesses_and_Fixed_Support_Route_Transport.tex:L229-L237; derived/expanded/Tsiokos_2026_Holonomy_with_Memory_in_Six_Birds_Theory_Predictive_Quotients_Witnesses_and_Fixed_Support_Route_Transport.tex:L229-L237,"Predictive witness: A predictive witness at interface i is a pair of histories h,h'∈Histories_i such that h CurrentEquiv_i h' and (h FutureEquiv_i h' ).",NOT_APPLICABLE_DEFINITION,"{""caveats"": [""FORMAL_OR_PROOF_ASSISTANT_COMPONENT_DISCLOSED""], ""declarations"": [], ""elaboration_status"": ""NOT_APPLICABLE_OR_NOT_RUN"", ""exact_conclusion_match"": null, ""exact_hypothesis_match"": null, ""lab_or_test_evidence"": [], ""modules"": [], ""source_files"": [], ""statement_delta"": [""Imported module family exists, but no plausible declaration-name match passed the conservative threshold.""], ""status"": ""NO_MATCH"", ""trust_base"": []}","[""CG11"", ""CG12"", ""CG18""]"
P012-C0018,P012,prose_definition,PROSE_DEFINITION_SECTION,source/papers/Tsiokos_2026_Holonomy_with_Memory_in_Six_Birds_Theory_Predictive_Quotients_Witnesses_and_Fixed_Support_Route_Transport.tex:L784-L787; derived/expanded/Tsiokos_2026_Holonomy_with_Memory_in_Six_Birds_Theory_Predictive_Quotients_Witnesses_and_Fixed_Support_Route_Transport.tex:L784-L787,Proof Details and Formal Definitions: This appendix records the dependency structure behind the theorem spine stated in Section . The body of the paper states only the quotient-level results needed later; the present appendix makes explicit how those results depend on the underlying definitions.,NAMED_SOURCE_SECTION_ARGUMENT,"{""caveats"": [""FORMAL_OR_PROOF_ASSISTANT_COMPONENT_DISCLOSED""], ""declarations"": [], ""elaboration_status"": ""NOT_APPLICABLE_OR_NOT_RUN"", ""exact_conclusion_match"": null, ""exact_hypothesis_match"": null, ""lab_or_test_evidence"": [], ""modules"": [], ""source_files"": [], ""statement_delta"": [""Imported module family exists, but no plausible declaration-name match passed the conservative threshold.""], ""status"": ""NO_MATCH"", ""trust_base"": []}","[""CG11"", ""CG12"", ""CG18""]"
P012-C0019,P012,prose_definition,PROSE_DEFINITION_SECTION,source/papers/Tsiokos_2026_Holonomy_with_Memory_in_Six_Birds_Theory_Predictive_Quotients_Witnesses_and_Fixed_Support_Route_Transport.tex:L800-L805; derived/expanded/Tsiokos_2026_Holonomy_with_Memory_in_Six_Birds_Theory_Predictive_Quotients_Witnesses_and_Fixed_Support_Route_Transport.tex:L800-L805,"Definitions used by the theorem spine: The abstract route-transport package consists of a fixed support object, a family of interfaces, interface-indexed history sets, typed continuation sets, interface-indexed event sets, and the operations of identity continuation, continuation composition, representative push, and current observation, subject to identity and composition laws for push. The two fundamental equivalence relations are current-event equivalence and future-predictive equivalence. Their quotients define the current quotient Q and the predictive quotient M , with canonical comparison map pi : M → Q induced by refinement. The finite implementation of Section should be read as an exact model of this abstract package rather than as a separate semantics. In particular, the benchmark and discovery sections do not change the theorem layer; they instantiate it.",NAMED_SOURCE_SECTION_ARGUMENT,"{""caveats"": [""FORMAL_OR_PROOF_ASSISTANT_COMPONENT_DISCLOSED""], ""declarations"": [], ""elaboration_status"": ""NOT_APPLICABLE_OR_NOT_RUN"", ""exact_conclusion_match"": null, ""exact_hypothesis_match"": null, ""lab_or_test_evidence"": [], ""modules"": [], ""source_files"": [], ""statement_delta"": [""Imported module family exists, but no plausible declaration-name match passed the conservative threshold.""], ""status"": ""NO_MATCH"", ""trust_base"": []}","[""CG11"", ""CG12"", ""CG18""]"
P048-C0005,P048,definition,DEFINITION,source/papers/Tsiokos_2026_To_Flatten_a_Stone_with_Six_Birds_Critical_Pairs_Holonomy_and_Confluence_in_Rewriting_Systems.tex:L234-L242; derived/expanded/Tsiokos_2026_To_Flatten_a_Stone_with_Six_Birds_Critical_Pairs_Holonomy_and_Confluence_in_Rewriting_Systems.tex:L234-L242,"Reduction 2-complex: For the purposes of this paper, a reduction 2-complex associated to a rewriting system R consists of the following data. A set of 0 -cells, namely the states, words, or terms under consideration. A set of directed 1 -cells, namely the one-step rewrites x → y . A set of generating 2 -cells, each attached to a local two-route branching pattern with common source. In the finite-ARS setting these are local peaks. In the string and term-rewriting settings used in this paper, these are reachable critical pairs relative to the chosen start states and exploration bounds.",NOT_APPLICABLE_DEFINITION,"{""caveats"": [""FORMAL_OR_PROOF_ASSISTANT_COMPONENT_DISCLOSED""], ""declarations"": [], ""elaboration_status"": ""NOT_APPLICABLE_OR_NOT_RUN"", ""exact_conclusion_match"": null, ""exact_hypothesis_match"": null, ""lab_or_test_evidence"": [], ""modules"": [], ""source_files"": [], ""statement_delta"": [""No imported module family was assigned to this paper at Step-2 intake.""], ""status"": ""PAPER_DISCLOSED_ASSET_NOT_IMPORTED"", ""trust_base"": []}","[""CG07"", ""CG11"", ""CG12"", ""CG18""]"
P048-C0007,P048,definition,DEFINITION,source/papers/Tsiokos_2026_To_Flatten_a_Stone_with_Six_Birds_Critical_Pairs_Holonomy_and_Confluence_in_Rewriting_Systems.tex:L255-L270; derived/expanded/Tsiokos_2026_To_Flatten_a_Stone_with_Six_Birds_Critical_Pairs_Holonomy_and_Confluence_in_Rewriting_Systems.tex:L255-L270,"Boundary data and fillers: Let sigma be a generating 2 -cell with source x and one-step branches to y_ and y_r . Its boundary data consist of x → y_ and x → y_r. A filler for sigma is a common descendant w together with directed paths y_ →^* w and y_r →^* w. When such a filler exists, we call w a join witness for sigma .",NOT_APPLICABLE_DEFINITION,"{""caveats"": [""FORMAL_OR_PROOF_ASSISTANT_COMPONENT_DISCLOSED""], ""declarations"": [], ""elaboration_status"": ""NOT_APPLICABLE_OR_NOT_RUN"", ""exact_conclusion_match"": null, ""exact_hypothesis_match"": null, ""lab_or_test_evidence"": [], ""modules"": [], ""source_files"": [], ""statement_delta"": [""No imported module family was assigned to this paper at Step-2 intake.""], ""status"": ""PAPER_DISCLOSED_ASSET_NOT_IMPORTED"", ""trust_base"": []}","[""CG07"", ""CG11"", ""CG12"", ""CG18""]"
P048-C0008,P048,definition,DEFINITION,source/papers/Tsiokos_2026_To_Flatten_a_Stone_with_Six_Birds_Critical_Pairs_Holonomy_and_Confluence_in_Rewriting_Systems.tex:L272-L279; derived/expanded/Tsiokos_2026_To_Flatten_a_Stone_with_Six_Birds_Critical_Pairs_Holonomy_and_Confluence_in_Rewriting_Systems.tex:L272-L279,Elementary holonomy status: Let sigma be a generating 2 -cell in a reduction 2-complex. sigma has trivial elementary holonomy if it admits a filler in the sense of . sigma has nontrivial elementary holonomy if no such filler exists.,NOT_APPLICABLE_DEFINITION,"{""caveats"": [""FORMAL_OR_PROOF_ASSISTANT_COMPONENT_DISCLOSED""], ""declarations"": [], ""elaboration_status"": ""NOT_APPLICABLE_OR_NOT_RUN"", ""exact_conclusion_match"": null, ""exact_hypothesis_match"": null, ""lab_or_test_evidence"": [], ""modules"": [], ""source_files"": [], ""statement_delta"": [""No imported module family was assigned to this paper at Step-2 intake.""], ""status"": ""PAPER_DISCLOSED_ASSET_NOT_IMPORTED"", ""trust_base"": []}","[""CG07"", ""CG11"", ""CG12"", ""CG18""]"
P048-C0011,P048,definition,DEFINITION,source/papers/Tsiokos_2026_To_Flatten_a_Stone_with_Six_Birds_Critical_Pairs_Holonomy_and_Confluence_in_Rewriting_Systems.tex:L333-L341; derived/expanded/Tsiokos_2026_To_Flatten_a_Stone_with_Six_Birds_Critical_Pairs_Holonomy_and_Confluence_in_Rewriting_Systems.tex:L333-L341,"Joinability: Two states b,c ∈ X are joinable if there exists some d ∈ X such that b →^* d and c →^* d.",NOT_APPLICABLE_DEFINITION,"{""caveats"": [""FORMAL_OR_PROOF_ASSISTANT_COMPONENT_DISCLOSED""], ""declarations"": [], ""elaboration_status"": ""NOT_APPLICABLE_OR_NOT_RUN"", ""exact_conclusion_match"": null, ""exact_hypothesis_match"": null, ""lab_or_test_evidence"": [], ""modules"": [], ""source_files"": [], ""statement_delta"": [""No imported module family was assigned to this paper at Step-2 intake.""], ""status"": ""PAPER_DISCLOSED_ASSET_NOT_IMPORTED"", ""trust_base"": []}","[""CG07"", ""CG11"", ""CG12"", ""CG18""]"
P048-C0012,P048,definition,DEFINITION,source/papers/Tsiokos_2026_To_Flatten_a_Stone_with_Six_Birds_Critical_Pairs_Holonomy_and_Confluence_in_Rewriting_Systems.tex:L343-L346; derived/expanded/Tsiokos_2026_To_Flatten_a_Stone_with_Six_Birds_Critical_Pairs_Holonomy_and_Confluence_in_Rewriting_Systems.tex:L343-L346,Normal forms: A state n ∈ X is a normal form if there is no state m ∈ X such that n → m .,NOT_APPLICABLE_DEFINITION,"{""caveats"": [""FORMAL_OR_PROOF_ASSISTANT_COMPONENT_DISCLOSED""], ""declarations"": [], ""elaboration_status"": ""NOT_APPLICABLE_OR_NOT_RUN"", ""exact_conclusion_match"": null, ""exact_hypothesis_match"": null, ""lab_or_test_evidence"": [], ""modules"": [], ""source_files"": [], ""statement_delta"": [""No imported module family was assigned to this paper at Step-2 intake.""], ""status"": ""PAPER_DISCLOSED_ASSET_NOT_IMPORTED"", ""trust_base"": []}","[""CG07"", ""CG11"", ""CG12"", ""CG18""]"
P048-C0013,P048,definition,DEFINITION,source/papers/Tsiokos_2026_To_Flatten_a_Stone_with_Six_Birds_Critical_Pairs_Holonomy_and_Confluence_in_Rewriting_Systems.tex:L348-L358; derived/expanded/Tsiokos_2026_To_Flatten_a_Stone_with_Six_Birds_Critical_Pairs_Holonomy_and_Confluence_in_Rewriting_Systems.tex:L348-L358,"Local confluence: The rewriting system (X,→) is locally confluent if for all a,b,c ∈ X , a → b and a → c implies b and c are joinable.",NOT_APPLICABLE_DEFINITION,"{""caveats"": [""FORMAL_OR_PROOF_ASSISTANT_COMPONENT_DISCLOSED""], ""declarations"": [], ""elaboration_status"": ""NOT_APPLICABLE_OR_NOT_RUN"", ""exact_conclusion_match"": null, ""exact_hypothesis_match"": null, ""lab_or_test_evidence"": [], ""modules"": [], ""source_files"": [], ""statement_delta"": [""No imported module family was assigned to this paper at Step-2 intake.""], ""status"": ""PAPER_DISCLOSED_ASSET_NOT_IMPORTED"", ""trust_base"": []}","[""CG07"", ""CG11"", ""CG12"", ""CG18""]"
P048-C0014,P048,definition,DEFINITION,source/papers/Tsiokos_2026_To_Flatten_a_Stone_with_Six_Birds_Critical_Pairs_Holonomy_and_Confluence_in_Rewriting_Systems.tex:L360-L371; derived/expanded/Tsiokos_2026_To_Flatten_a_Stone_with_Six_Birds_Critical_Pairs_Holonomy_and_Confluence_in_Rewriting_Systems.tex:L360-L371,"Elementary peaks and elementary flatness: An elementary peak is a triple (a,b,c) such that a → b, a → c, b ≠ c. The rewriting system (X,→) is elementarily flat if every elementary peak is joinable.",NOT_APPLICABLE_DEFINITION,"{""caveats"": [""FORMAL_OR_PROOF_ASSISTANT_COMPONENT_DISCLOSED""], ""declarations"": [], ""elaboration_status"": ""NOT_APPLICABLE_OR_NOT_RUN"", ""exact_conclusion_match"": null, ""exact_hypothesis_match"": null, ""lab_or_test_evidence"": [], ""modules"": [], ""source_files"": [], ""statement_delta"": [""No imported module family was assigned to this paper at Step-2 intake.""], ""status"": ""PAPER_DISCLOSED_ASSET_NOT_IMPORTED"", ""trust_base"": []}","[""CG07"", ""CG11"", ""CG12"", ""CG18""]"
P048-C0018,P048,definition,DEFINITION,source/papers/Tsiokos_2026_To_Flatten_a_Stone_with_Six_Birds_Critical_Pairs_Holonomy_and_Confluence_in_Rewriting_Systems.tex:L408-L422; derived/expanded/Tsiokos_2026_To_Flatten_a_Stone_with_Six_Birds_Critical_Pairs_Holonomy_and_Confluence_in_Rewriting_Systems.tex:L408-L422,"Confluence and normalization: The rewriting system (X,→) is confluent if for all a,b,c ∈ X , a →^* b and a →^* c implies b and c are joinable. It is normalizing if for every a ∈ X there exists some normal form n such that a →^* n.",NOT_APPLICABLE_DEFINITION,"{""caveats"": [""FORMAL_OR_PROOF_ASSISTANT_COMPONENT_DISCLOSED""], ""declarations"": [], ""elaboration_status"": ""NOT_APPLICABLE_OR_NOT_RUN"", ""exact_conclusion_match"": null, ""exact_hypothesis_match"": null, ""lab_or_test_evidence"": [], ""modules"": [], ""source_files"": [], ""statement_delta"": [""No imported module family was assigned to this paper at Step-2 intake.""], ""status"": ""PAPER_DISCLOSED_ASSET_NOT_IMPORTED"", ""trust_base"": []}","[""CG07"", ""CG11"", ""CG12"", ""CG18""]"
P048-C0030,P048,prose_definition,PROSE_DEFINITION_SECTION,source/papers/Tsiokos_2026_To_Flatten_a_Stone_with_Six_Birds_Critical_Pairs_Holonomy_and_Confluence_in_Rewriting_Systems.tex:L894-L915; derived/expanded/Tsiokos_2026_To_Flatten_a_Stone_with_Six_Birds_Critical_Pairs_Holonomy_and_Confluence_in_Rewriting_Systems.tex:L894-L915,"Formalized definitions: The file ConfluenceFlat/Core.lean formalizes the abstract rewriting notions used in . These include: finite abstract rewriting systems, reflexive-transitive reachability, joinability, normal forms, local confluence, elementary peaks, elementary flatness. The file ConfluenceFlat/UniqueNormalForm.lean adds the supporting global notions used later in , including: confluence, normalization, uniqueness of normal form from a chosen start state, existence and uniqueness of normal form under confluence and normalization.",NAMED_SOURCE_SECTION_ARGUMENT,"{""caveats"": [""FORMAL_OR_PROOF_ASSISTANT_COMPONENT_DISCLOSED""], ""declarations"": [], ""elaboration_status"": ""NOT_APPLICABLE_OR_NOT_RUN"", ""exact_conclusion_match"": null, ""exact_hypothesis_match"": null, ""lab_or_test_evidence"": [], ""modules"": [], ""source_files"": [], ""statement_delta"": [""No imported module family was assigned to this paper at Step-2 intake.""], ""status"": ""PAPER_DISCLOSED_ASSET_NOT_IMPORTED"", ""trust_base"": []}","[""CG07"", ""CG11"", ""CG12"", ""CG18""]"
P015-C0002,P015,definition,DEFINITION,source/papers/Tsiokos_2026_Locally_Boolean_Globally_Obstructed_Event_Packages_and_Admissible_Global_Packaging_in_Six_Birds_Theory.tex:L132-L138; derived/expanded/Tsiokos_2026_Locally_Boolean_Globally_Obstructed_Event_Packages_and_Admissible_Global_Packaging_in_Six_Birds_Theory.tex:L132-L138,"Finite stable-record context: A finite stable-record context is a pair c = (A_c,B_c) with A_c a finite atomic outcome set and B_c= P(A_c) its Boolean event algebra. We refer to the elements of A_c as the atoms of c , and to the elements of B_c as its events.",NOT_APPLICABLE_DEFINITION,"{""caveats"": [""FORMAL_OR_PROOF_ASSISTANT_COMPONENT_DISCLOSED""], ""declarations"": [], ""elaboration_status"": ""NOT_APPLICABLE_OR_NOT_RUN"", ""exact_conclusion_match"": null, ""exact_hypothesis_match"": null, ""lab_or_test_evidence"": [], ""modules"": [], ""source_files"": [], ""statement_delta"": [""No imported module family was assigned to this paper at Step-2 intake.""], ""status"": ""PAPER_DISCLOSED_ASSET_NOT_IMPORTED"", ""trust_base"": []}","[""CG07"", ""CG22""]"
P015-C0003,P015,definition,DEFINITION,source/papers/Tsiokos_2026_Locally_Boolean_Globally_Obstructed_Event_Packages_and_Admissible_Global_Packaging_in_Six_Birds_Theory.tex:L146-L158; derived/expanded/Tsiokos_2026_Locally_Boolean_Globally_Obstructed_Event_Packages_and_Admissible_Global_Packaging_in_Six_Birds_Theory.tex:L146-L158,"Event package: An event package is a quadruple E = ( C,\ B_c\ _ c∈ C , , A), where C is a finite set of contexts, for each c∈ C , B_c= P(A_c) is the finite Boolean event algebra of c , is a cross-context shared-event relation, A is the audit layer, including the admissibility and defect diagnostics used to decide whether the package is well-formed and globally realizable.",NOT_APPLICABLE_DEFINITION,"{""caveats"": [""FORMAL_OR_PROOF_ASSISTANT_COMPONENT_DISCLOSED""], ""declarations"": [], ""elaboration_status"": ""NOT_APPLICABLE_OR_NOT_RUN"", ""exact_conclusion_match"": null, ""exact_hypothesis_match"": null, ""lab_or_test_evidence"": [], ""modules"": [], ""source_files"": [], ""statement_delta"": [""No imported module family was assigned to this paper at Step-2 intake.""], ""status"": ""PAPER_DISCLOSED_ASSET_NOT_IMPORTED"", ""trust_base"": []}","[""CG07"", ""CG22""]"
P015-C0004,P015,definition,DEFINITION,source/papers/Tsiokos_2026_Locally_Boolean_Globally_Obstructed_Event_Packages_and_Admissible_Global_Packaging_in_Six_Birds_Theory.tex:L186-L192; derived/expanded/Tsiokos_2026_Locally_Boolean_Globally_Obstructed_Event_Packages_and_Admissible_Global_Packaging_in_Six_Birds_Theory.tex:L186-L192,"Frozen-slice/shared-support object: A frozen-slice/shared-support object is a finite comparison base Sigma = (S,prep,prot,reg), where S is a finite support index set and (prep,prot,reg) record the fixed preparation, protocol, and evaluation regime under which the support is being compared.",NOT_APPLICABLE_DEFINITION,"{""caveats"": [""FORMAL_OR_PROOF_ASSISTANT_COMPONENT_DISCLOSED""], ""declarations"": [], ""elaboration_status"": ""NOT_APPLICABLE_OR_NOT_RUN"", ""exact_conclusion_match"": null, ""exact_hypothesis_match"": null, ""lab_or_test_evidence"": [], ""modules"": [], ""source_files"": [], ""statement_delta"": [""No imported module family was assigned to this paper at Step-2 intake.""], ""status"": ""PAPER_DISCLOSED_ASSET_NOT_IMPORTED"", ""trust_base"": []}","[""CG07"", ""CG22""]"
P015-C0005,P015,definition,DEFINITION,source/papers/Tsiokos_2026_Locally_Boolean_Globally_Obstructed_Event_Packages_and_Admissible_Global_Packaging_in_Six_Birds_Theory.tex:L227-L242; derived/expanded/Tsiokos_2026_Locally_Boolean_Globally_Obstructed_Event_Packages_and_Admissible_Global_Packaging_in_Six_Birds_Theory.tex:L227-L242,"Admissible global realization: An admissible global realization of an event package E=( C,\ B_c\ _ c∈ C , , A) consists of a finite set Omega and maps pi_c:Omega→ A_c for all c∈ C such that: Context coverage. For every c∈ C and every atom a∈ A_c , there exists omega∈Omega with pi_c(omega)=a . Event realization. Each context event E∈ B_c is realized by [ -3mu[ E _Omega^c⊆ Omega . Shared-event consistency. Whenever E∈ B_c , F∈ B_d , and E F , one has [ -3mu[ E _Omega^c = [ -3mu[ F _Omega^d. Audit admissibility. The realization respects the package discipline encoded in A : no unlicensed hidden distinctions are introduced, and the realization remains within the layer's admissible record and interface class.",NOT_APPLICABLE_DEFINITION,"{""caveats"": [""FORMAL_OR_PROOF_ASSISTANT_COMPONENT_DISCLOSED""], ""declarations"": [], ""elaboration_status"": ""NOT_APPLICABLE_OR_NOT_RUN"", ""exact_conclusion_match"": null, ""exact_hypothesis_match"": null, ""lab_or_test_evidence"": [], ""modules"": [], ""source_files"": [], ""statement_delta"": [""No imported module family was assigned to this paper at Step-2 intake.""], ""status"": ""PAPER_DISCLOSED_ASSET_NOT_IMPORTED"", ""trust_base"": []}","[""CG07"", ""CG22""]"
P015-C0006,P015,definition,DEFINITION,source/papers/Tsiokos_2026_Locally_Boolean_Globally_Obstructed_Event_Packages_and_Admissible_Global_Packaging_in_Six_Birds_Theory.tex:L244-L246; derived/expanded/Tsiokos_2026_Locally_Boolean_Globally_Obstructed_Event_Packages_and_Admissible_Global_Packaging_in_Six_Birds_Theory.tex:L244-L246,Admissible global package: An event package E admits an admissible global package if it admits an admissible global realization in the above sense.,NOT_APPLICABLE_DEFINITION,"{""caveats"": [""FORMAL_OR_PROOF_ASSISTANT_COMPONENT_DISCLOSED""], ""declarations"": [], ""elaboration_status"": ""NOT_APPLICABLE_OR_NOT_RUN"", ""exact_conclusion_match"": null, ""exact_hypothesis_match"": null, ""lab_or_test_evidence"": [], ""modules"": [], ""source_files"": [], ""statement_delta"": [""No imported module family was assigned to this paper at Step-2 intake.""], ""status"": ""PAPER_DISCLOSED_ASSET_NOT_IMPORTED"", ""trust_base"": []}","[""CG07""]"
P015-C0007,P015,definition,DEFINITION,source/papers/Tsiokos_2026_Locally_Boolean_Globally_Obstructed_Event_Packages_and_Admissible_Global_Packaging_in_Six_Birds_Theory.tex:L254-L256; derived/expanded/Tsiokos_2026_Locally_Boolean_Globally_Obstructed_Event_Packages_and_Admissible_Global_Packaging_in_Six_Birds_Theory.tex:L254-L256,Global obstruction: An event package E is globally obstructed if it admits no admissible global package.,NOT_APPLICABLE_DEFINITION,"{""caveats"": [""FORMAL_OR_PROOF_ASSISTANT_COMPONENT_DISCLOSED""], ""declarations"": [], ""elaboration_status"": ""NOT_APPLICABLE_OR_NOT_RUN"", ""exact_conclusion_match"": null, ""exact_hypothesis_match"": null, ""lab_or_test_evidence"": [], ""modules"": [], ""source_files"": [], ""statement_delta"": [""No imported module family was assigned to this paper at Step-2 intake.""], ""status"": ""PAPER_DISCLOSED_ASSET_NOT_IMPORTED"", ""trust_base"": []}","[""CG07""]"
P015-C0021,P015,prose_definition,PROSE_DEFINITION_SECTION,source/papers/Tsiokos_2026_Locally_Boolean_Globally_Obstructed_Event_Packages_and_Admissible_Global_Packaging_in_Six_Birds_Theory.tex:L674-L677; derived/expanded/Tsiokos_2026_Locally_Boolean_Globally_Obstructed_Event_Packages_and_Admissible_Global_Packaging_in_Six_Birds_Theory.tex:L674-L677,"Proof Details and Formal Definitions: This appendix records the short proof details and formal clarifications deferred from the main text. The aim is not to expand the theorem spine into a second full formal development, but to make explicit how the claims stated in follow from the paper's definitions.",NAMED_SOURCE_SECTION_ARGUMENT,"{""caveats"": [""FORMAL_OR_PROOF_ASSISTANT_COMPONENT_DISCLOSED""], ""declarations"": [], ""elaboration_status"": ""NOT_APPLICABLE_OR_NOT_RUN"", ""exact_conclusion_match"": null, ""exact_hypothesis_match"": null, ""lab_or_test_evidence"": [], ""modules"": [], ""source_files"": [], ""statement_delta"": [""No imported module family was assigned to this paper at Step-2 intake.""], ""status"": ""PAPER_DISCLOSED_ASSET_NOT_IMPORTED"", ""trust_base"": []}","[""CG07"", ""CG22""]"
P025-C0003,P025,definition,DEFINITION,source/papers/Tsiokos_2026_Self_Dual_Trace_Confinement_A_Six_Birds_Structural_Law_for_Formed_Closures_Under_Involutive_Self_Duality.tex:L387-L413; derived/expanded/Tsiokos_2026_Self_Dual_Trace_Confinement_A_Six_Birds_Structural_Law_for_Formed_Closures_Under_Involutive_Self_Duality.tex:L387-L413,"Involutive object ledger Realized in the Lean formalization; see App .: An involutive object ledger is a tuple X =(X,J,mu,psi,Y,J_ iso ) consisting of the following data: a visible carrier X ; an involution J:X→ X , so J(Jx)=x for every x∈ X ; a positive measure, or in the finite case a positive weight system, mu on X ; a real Hilbert response space Y ; a linear isometric involution J_ iso :Y→ Y ; a measurable readout psi:X→ Y satisfying the equivariance condition psi(Jx)=J_ iso psi(x) (x∈ X). The fixed locus of the ledger involution is Fix(J)=\ x∈ X: Jx=x\ .",NOT_APPLICABLE_DEFINITION,"{""caveats"": [""FORMAL_OR_PROOF_ASSISTANT_COMPONENT_DISCLOSED""], ""declarations"": [], ""elaboration_status"": ""NOT_APPLICABLE_OR_NOT_RUN"", ""exact_conclusion_match"": null, ""exact_hypothesis_match"": null, ""lab_or_test_evidence"": [], ""modules"": [], ""source_files"": [], ""statement_delta"": [""No imported module family was assigned to this paper at Step-2 intake.""], ""status"": ""PAPER_DISCLOSED_ASSET_NOT_IMPORTED"", ""trust_base"": []}","[""CG11"", ""CG12"", ""CG18"", ""CG22""]"
P025-C0004,P025,definition,DEFINITION,source/papers/Tsiokos_2026_Self_Dual_Trace_Confinement_A_Six_Birds_Structural_Law_for_Formed_Closures_Under_Involutive_Self_Duality.tex:L562-L576; derived/expanded/Tsiokos_2026_Self_Dual_Trace_Confinement_A_Six_Birds_Structural_Law_for_Formed_Closures_Under_Involutive_Self_Duality.tex:L562-L576,"Anti-invariant object ledger Realized in the Lean formalization; see App .: The anti-invariant object ledger of X is the positive cone element A_ X := ∈t_X psi_ - (x)psi_ - (x)^* dmu(x), psi_ - (x)=P_ - psi(x). Equivalently, A_ X is the Gram-type positive element generated by integrating the anti-invariant readout against the object-ledger measure mu .",NOT_APPLICABLE_DEFINITION,"{""caveats"": [""FORMAL_OR_PROOF_ASSISTANT_COMPONENT_DISCLOSED""], ""declarations"": [], ""elaboration_status"": ""NOT_APPLICABLE_OR_NOT_RUN"", ""exact_conclusion_match"": null, ""exact_hypothesis_match"": null, ""lab_or_test_evidence"": [], ""modules"": [], ""source_files"": [], ""statement_delta"": [""No imported module family was assigned to this paper at Step-2 intake.""], ""status"": ""PAPER_DISCLOSED_ASSET_NOT_IMPORTED"", ""trust_base"": []}","[""CG11"", ""CG12"", ""CG18"", ""CG22""]"
P025-C0005,P025,definition,DEFINITION,source/papers/Tsiokos_2026_Self_Dual_Trace_Confinement_A_Six_Birds_Structural_Law_for_Formed_Closures_Under_Involutive_Self_Duality.tex:L598-L622; derived/expanded/Tsiokos_2026_Self_Dual_Trace_Confinement_A_Six_Birds_Structural_Law_for_Formed_Closures_Under_Involutive_Self_Duality.tex:L598-L622,"Separating anti-invariant readout: The anti-invariant readout psi_ - is qualitatively separating when, on the visible support of mu , psi_ - (x)=0 Longleftrightarrow x∈Fix(J). In the finite weighted case this means the equivalence holds for every x∈ X with positive weight. In the measure-theoretic case it means the equivalence holds outside a mu -null set. It is quantitatively separating with modulus m when m:(0,∈fty)→(0,∈fty) and, for every >0 and every x∈ X , (x,Fix(J))≥ implies \|psi_ - (x)\|≥ m( ).",NOT_APPLICABLE_DEFINITION,"{""caveats"": [""FORMAL_OR_PROOF_ASSISTANT_COMPONENT_DISCLOSED""], ""declarations"": [], ""elaboration_status"": ""NOT_APPLICABLE_OR_NOT_RUN"", ""exact_conclusion_match"": null, ""exact_hypothesis_match"": null, ""lab_or_test_evidence"": [], ""modules"": [], ""source_files"": [], ""statement_delta"": [""No imported module family was assigned to this paper at Step-2 intake.""], ""status"": ""PAPER_DISCLOSED_ASSET_NOT_IMPORTED"", ""trust_base"": []}","[""CG11"", ""CG12"", ""CG18"", ""CG22""]"
P025-C0009,P025,definition,DEFINITION,source/papers/Tsiokos_2026_Self_Dual_Trace_Confinement_A_Six_Birds_Structural_Law_for_Formed_Closures_Under_Involutive_Self_Duality.tex:L774-L801; derived/expanded/Tsiokos_2026_Self_Dual_Trace_Confinement_A_Six_Birds_Structural_Law_for_Formed_Closures_Under_Involutive_Self_Duality.tex:L774-L801,"Completed domination bridge: A completed domination bridge from A_ X to a carrier-side anti-invariant currency K^ - consists of a positive defect E in the typed positive cone, with 0 E, together with the domination relation A_ X K^ - +E. The bridge is exact when E=0 and defected when the defect term is retained. A sequence of bridges A_ X Kminus_ n +E_n is a domination-record sequence when the associated positive bounds B_n=Kminus_ n +E_n satisfy B_n→0 (n→∈fty).",NOT_APPLICABLE_DEFINITION,"{""caveats"": [""FORMAL_OR_PROOF_ASSISTANT_COMPONENT_DISCLOSED""], ""declarations"": [], ""elaboration_status"": ""NOT_APPLICABLE_OR_NOT_RUN"", ""exact_conclusion_match"": null, ""exact_hypothesis_match"": null, ""lab_or_test_evidence"": [], ""modules"": [], ""source_files"": [], ""statement_delta"": [""No imported module family was assigned to this paper at Step-2 intake.""], ""status"": ""PAPER_DISCLOSED_ASSET_NOT_IMPORTED"", ""trust_base"": []}","[""CG11"", ""CG12"", ""CG18"", ""CG22""]"
P025-C0013,P025,definition,DEFINITION,source/papers/Tsiokos_2026_Self_Dual_Trace_Confinement_A_Six_Birds_Structural_Law_for_Formed_Closures_Under_Involutive_Self_Duality.tex:L976-L995; derived/expanded/Tsiokos_2026_Self_Dual_Trace_Confinement_A_Six_Birds_Structural_Law_for_Formed_Closures_Under_Involutive_Self_Duality.tex:L976-L995,"Exhaustive moving ledger: An exhaustive moving ledger over an involutive object ledger X consists of a sequence of positive cone elements A_ X,n , inclusion transports _n , and positive tails T_n with 0 T_n , such that, for every n , A_ X _n A_ X,n _n^*+T_n. It is vanishing-exhaustive when there are positive bounds B_n satisfying A_ X,n B_n and ( _n B_n _n^*)+ T_n→0 (n→∈fty).",NOT_APPLICABLE_DEFINITION,"{""caveats"": [""FORMAL_OR_PROOF_ASSISTANT_COMPONENT_DISCLOSED""], ""declarations"": [], ""elaboration_status"": ""NOT_APPLICABLE_OR_NOT_RUN"", ""exact_conclusion_match"": null, ""exact_hypothesis_match"": null, ""lab_or_test_evidence"": [], ""modules"": [], ""source_files"": [], ""statement_delta"": [""No imported module family was assigned to this paper at Step-2 intake.""], ""status"": ""PAPER_DISCLOSED_ASSET_NOT_IMPORTED"", ""trust_base"": []}","[""CG11"", ""CG12"", ""CG18"", ""CG22""]"
P025-C0015,P025,definition,DEFINITION,source/papers/Tsiokos_2026_Self_Dual_Trace_Confinement_A_Six_Birds_Structural_Law_for_Formed_Closures_Under_Involutive_Self_Duality.tex:L1050-L1065; derived/expanded/Tsiokos_2026_Self_Dual_Trace_Confinement_A_Six_Birds_Structural_Law_for_Formed_Closures_Under_Involutive_Self_Duality.tex:L1050-L1065,"Defected obstruction budget: A defected obstruction budget at level n is a domination record of the form A_ X (1+t) (Kminus_ n +E_ src,n ) +(1+t^ -1 )E_ br,n , where t>0 , where E_ src,n is a source defect, and where E_ br,n is a bridge defect. Both defects are positive cone elements. The unparameterized budget is obtained by setting t=1 , which adds the two defect contributions without optimization.",NOT_APPLICABLE_DEFINITION,"{""caveats"": [""FORMAL_OR_PROOF_ASSISTANT_COMPONENT_DISCLOSED""], ""declarations"": [], ""elaboration_status"": ""NOT_APPLICABLE_OR_NOT_RUN"", ""exact_conclusion_match"": null, ""exact_hypothesis_match"": null, ""lab_or_test_evidence"": [], ""modules"": [], ""source_files"": [], ""statement_delta"": [""No imported module family was assigned to this paper at Step-2 intake.""], ""status"": ""PAPER_DISCLOSED_ASSET_NOT_IMPORTED"", ""trust_base"": []}","[""CG11"", ""CG12"", ""CG18"", ""CG22""]"
P043-C0002,P043,definition,DEFINITION,source/papers/Tsiokos_2026_To_Chart_a_Stone_with_Six_Birds_Emergence_Phase_Diagrams_for_Effective_Theories_in_Control_Space.tex:L119-L127; derived/expanded/Tsiokos_2026_To_Chart_a_Stone_with_Six_Birds_Emergence_Phase_Diagrams_for_Effective_Theories_in_Control_Space.tex:L119-L127,"Control space and admissible macro-descriptions: A control space U is any set of variables over which macro-law feasibility is to be charted. A control point u ∈ U may include a microscopic law parameter, a packaging or lens, a staging depth tau , a protocol or mechanism variable, and a budget coordinate. Different atlases in this paper use different choices of U : law-space atlases vary microscopic law parameters while holding packaging fixed, packaging-space atlases vary the packaging while holding the microscopic law fixed, and mechanism-space atlases vary protocol/mechanism choices over a fixed finite-state substrate. For a given control point u , let x_t ∈ X denote the microscopic state and let x_ t+1 K_u( x_t) denote the corresponding microscopic update law. Let tau(u) ∈ N be the staging depth at which the macro-description is assessed. An admissible macro-description at u is a pair (Pi,L) ∈ C(u) , where Pi : X → Y is a packaging map and L is a candidate macro update rule on Y . The family C(u) collects whichever package/law pairs are allowed at that control point.",NOT_APPLICABLE_DEFINITION,"{""caveats"": [""FORMAL_OR_PROOF_ASSISTANT_COMPONENT_DISCLOSED""], ""declarations"": [], ""elaboration_status"": ""NOT_APPLICABLE_OR_NOT_RUN"", ""exact_conclusion_match"": null, ""exact_hypothesis_match"": null, ""lab_or_test_evidence"": [], ""modules"": [], ""source_files"": [], ""statement_delta"": [""No imported module family was assigned to this paper at Step-2 intake.""], ""status"": ""PAPER_DISCLOSED_ASSET_NOT_IMPORTED"", ""trust_base"": []}","[""CG14"", ""CG15""]"
P043-C0003,P043,definition,DEFINITION,source/papers/Tsiokos_2026_To_Chart_a_Stone_with_Six_Birds_Emergence_Phase_Diagrams_for_Effective_Theories_in_Control_Space.tex:L141-L162; derived/expanded/Tsiokos_2026_To_Chart_a_Stone_with_Six_Birds_Emergence_Phase_Diagrams_for_Effective_Theories_in_Control_Space.tex:L141-L162,"Emergence atlas: Fix a scientific predicate Q expressing the additional property one wishes to chart, such as boundedness, closure, geometry-compatibility, sustained directionality, or some other macro-level property. The emergence atlas associated with Q at tolerance delta 0 is A_ Q (delta) = Bigl\ [t] u ∈ U : (Pi,L) ∈ C(u) such that CE(u;Pi,L) delta, NT(u;Pi,L), AS(u;Pi,L), Cost(u;Pi,L) B(u), Q(u;Pi,L) Bigr\ , where B(u) is the budget coordinate or budget bound carried by the control point.",NOT_APPLICABLE_DEFINITION,"{""caveats"": [""FORMAL_OR_PROOF_ASSISTANT_COMPONENT_DISCLOSED""], ""declarations"": [], ""elaboration_status"": ""NOT_APPLICABLE_OR_NOT_RUN"", ""exact_conclusion_match"": null, ""exact_hypothesis_match"": null, ""lab_or_test_evidence"": [], ""modules"": [], ""source_files"": [], ""statement_delta"": [""No imported module family was assigned to this paper at Step-2 intake.""], ""status"": ""PAPER_DISCLOSED_ASSET_NOT_IMPORTED"", ""trust_base"": []}","[""CG14"", ""CG15""]"
P043-C0004,P043,definition,DEFINITION,source/papers/Tsiokos_2026_To_Chart_a_Stone_with_Six_Birds_Emergence_Phase_Diagrams_for_Effective_Theories_in_Control_Space.tex:L166-L204; derived/expanded/Tsiokos_2026_To_Chart_a_Stone_with_Six_Birds_Emergence_Phase_Diagrams_for_Effective_Theories_in_Control_Space.tex:L166-L204,"Atlas fields: Besides feasible-set atlases, one may chart scalar fields over the same control space. Two generic examples are the closure field CE^ _ Q (u) = ∈f Bigl\ [t] CE(u;Pi,L) : (Pi,L)∈C(u), NT(u;Pi,L), AS(u;Pi,L), Cost(u;Pi,L) B(u), Q(u;Pi,L) Bigr\ , and the budget frontier B^ _ Q (u) = ∈f Bigl\ [t] Cost(u;Pi,L) : (Pi,L)∈C(u), CE(u;Pi,L) delta, NT(u;Pi,L), AS(u;Pi,L), Q(u;Pi,L) Bigr\ . The paper will also use novelty, directionality, effective-information, and budget fields as additional slices of the same atlas object.",NOT_APPLICABLE_DEFINITION,"{""caveats"": [""FORMAL_OR_PROOF_ASSISTANT_COMPONENT_DISCLOSED""], ""declarations"": [], ""elaboration_status"": ""NOT_APPLICABLE_OR_NOT_RUN"", ""exact_conclusion_match"": null, ""exact_hypothesis_match"": null, ""lab_or_test_evidence"": [], ""modules"": [], ""source_files"": [], ""statement_delta"": [""No imported module family was assigned to this paper at Step-2 intake.""], ""status"": ""PAPER_DISCLOSED_ASSET_NOT_IMPORTED"", ""trust_base"": []}","[""CG14"", ""CG15""]"
P043-C0005,P043,definition,DEFINITION,source/papers/Tsiokos_2026_To_Chart_a_Stone_with_Six_Birds_Emergence_Phase_Diagrams_for_Effective_Theories_in_Control_Space.tex:L258-L260; derived/expanded/Tsiokos_2026_To_Chart_a_Stone_with_Six_Birds_Emergence_Phase_Diagrams_for_Effective_Theories_in_Control_Space.tex:L258-L260,"Packaged macro-kernel: Given a finite microscopic kernel P , a partition Pi=\ B_ 1 , ,B_ K \ of X , a block-supported lift family u=(u_ 1 , ,u_ K ) , and a stage tau∈N , the packaged macro-kernel is the row-stochastic kernel M_ Pi,u ^ (tau) defined by .",NOT_APPLICABLE_DEFINITION,"{""caveats"": [""FORMAL_OR_PROOF_ASSISTANT_COMPONENT_DISCLOSED""], ""declarations"": [], ""elaboration_status"": ""NOT_APPLICABLE_OR_NOT_RUN"", ""exact_conclusion_match"": null, ""exact_hypothesis_match"": null, ""lab_or_test_evidence"": [], ""modules"": [], ""source_files"": [], ""statement_delta"": [""No imported module family was assigned to this paper at Step-2 intake.""], ""status"": ""PAPER_DISCLOSED_ASSET_NOT_IMPORTED"", ""trust_base"": []}","[""CG14"", ""CG15""]"
P050-C0003,P050,prose_definition,PROSE_DEFINITION_SECTION,source/papers/Tsiokos_2026_To_Lay_a_Stone_with_Six_Birds_Finite_State_Semantics_for_Packaging_Directionality_and_Coarse_Graining.tex:L301-L307; derived/expanded/Tsiokos_2026_To_Lay_a_Stone_with_Six_Birds_Finite_State_Semantics_for_Packaging_Directionality_and_Coarse_Graining.tex:L301-L307,"Definitions: substrates, realizations, and no-smuggling semantics: This section fixes notation and states the semantic discipline that will underlie our minimal substrate theorems. The guiding idea is realizability: a primitive is realized only if it arises from internal structure on the substrate, not from external schedules or externally declared oracles.",NAMED_SOURCE_SECTION_ARGUMENT,"{""caveats"": [""FORMAL_OR_PROOF_ASSISTANT_COMPONENT_DISCLOSED""], ""declarations"": [], ""elaboration_status"": ""NOT_APPLICABLE_OR_NOT_RUN"", ""exact_conclusion_match"": null, ""exact_hypothesis_match"": null, ""lab_or_test_evidence"": [], ""modules"": [], ""source_files"": [], ""statement_delta"": [""No imported module family was assigned to this paper at Step-2 intake.""], ""status"": ""PAPER_DISCLOSED_ASSET_NOT_IMPORTED"", ""trust_base"": []}","[""CG15"", ""CG23""]"
P050-C0004,P050,definition,DEFINITION,source/papers/Tsiokos_2026_To_Lay_a_Stone_with_Six_Birds_Finite_State_Semantics_for_Packaging_Directionality_and_Coarse_Graining.tex:L313-L320; derived/expanded/Tsiokos_2026_To_Lay_a_Stone_with_Six_Birds_Finite_State_Semantics_for_Packaging_Directionality_and_Coarse_Graining.tex:L313-L320,"Substrate (informal): A substrate S consists of: (i) a state carrier Z (finite in our canonical machine model), (ii) a composable dynamics primitive (autonomous in the canonical model), and (iii) an admissible family of deterministic observational maps (lenses) from Z to coarser description spaces. Additional internal structure may be present (e.g.\ registers, ledgers, prototype selectors), but must be represented as part of state or as derived operators.",NOT_APPLICABLE_DEFINITION,"{""caveats"": [""FORMAL_OR_PROOF_ASSISTANT_COMPONENT_DISCLOSED""], ""declarations"": [], ""elaboration_status"": ""NOT_APPLICABLE_OR_NOT_RUN"", ""exact_conclusion_match"": null, ""exact_hypothesis_match"": null, ""lab_or_test_evidence"": [], ""modules"": [], ""source_files"": [], ""statement_delta"": [""No imported module family was assigned to this paper at Step-2 intake.""], ""status"": ""PAPER_DISCLOSED_ASSET_NOT_IMPORTED"", ""trust_base"": []}","[""CG15"", ""CG23""]"
P050-C0005,P050,definition,DEFINITION,source/papers/Tsiokos_2026_To_Lay_a_Stone_with_Six_Birds_Finite_State_Semantics_for_Packaging_Directionality_and_Coarse_Graining.tex:L324-L328; derived/expanded/Tsiokos_2026_To_Lay_a_Stone_with_Six_Birds_Finite_State_Semantics_for_Packaging_Directionality_and_Coarse_Graining.tex:L324-L328,"Realization (informal): A realization of a primitive on S is a specification of internal operators and constraints on S that instantiate the primitive without introducing external oracles. Concretely, realizations may be given by endomaps on distributions or predicates, deterministically induced coarse-grainings, internal audit functionals, and internal composition rules.",NOT_APPLICABLE_DEFINITION,"{""caveats"": [""FORMAL_OR_PROOF_ASSISTANT_COMPONENT_DISCLOSED""], ""declarations"": [], ""elaboration_status"": ""NOT_APPLICABLE_OR_NOT_RUN"", ""exact_conclusion_match"": null, ""exact_hypothesis_match"": null, ""lab_or_test_evidence"": [], ""modules"": [], ""source_files"": [], ""statement_delta"": [""No imported module family was assigned to this paper at Step-2 intake.""], ""status"": ""PAPER_DISCLOSED_ASSET_NOT_IMPORTED"", ""trust_base"": []}","[""CG15"", ""CG23""]"
P050-C0006,P050,definition,DEFINITION,source/papers/Tsiokos_2026_To_Lay_a_Stone_with_Six_Birds_Finite_State_Semantics_for_Packaging_Directionality_and_Coarse_Graining.tex:L337-L346; derived/expanded/Tsiokos_2026_To_Lay_a_Stone_with_Six_Birds_Finite_State_Semantics_for_Packaging_Directionality_and_Coarse_Graining.tex:L337-L346,"No smuggling: A construction smuggles a primitive if it requires information or structure not representable within the substrate state and its admitted operators. Equivalently, a primitive is realized without smuggling if it is definable using only: (i) the substrate state carrier, (ii) the admitted compositional dynamics, (iii) deterministic lenses and their induced constructions, and (iv) internal endomaps/audits constructed from the above. External schedules, externally declared equivalence relations, and externally imposed audits that are not induced by the substrate are disallowed.",NOT_APPLICABLE_DEFINITION,"{""caveats"": [""FORMAL_OR_PROOF_ASSISTANT_COMPONENT_DISCLOSED""], ""declarations"": [], ""elaboration_status"": ""NOT_APPLICABLE_OR_NOT_RUN"", ""exact_conclusion_match"": null, ""exact_hypothesis_match"": null, ""lab_or_test_evidence"": [], ""modules"": [], ""source_files"": [], ""statement_delta"": [""No imported module family was assigned to this paper at Step-2 intake.""], ""status"": ""PAPER_DISCLOSED_ASSET_NOT_IMPORTED"", ""trust_base"": []}","[""CG15"", ""CG23""]"
P050-C0008,P050,definition,DEFINITION,source/papers/Tsiokos_2026_To_Lay_a_Stone_with_Six_Birds_Finite_State_Semantics_for_Packaging_Directionality_and_Coarse_Graining.tex:L359-L363; derived/expanded/Tsiokos_2026_To_Lay_a_Stone_with_Six_Birds_Finite_State_Semantics_for_Packaging_Directionality_and_Coarse_Graining.tex:L359-L363,"Lens: A lens is a deterministic map f:Z→ X . We interpret f as the observational interface: two microstates z,z'∈ Z are observationally indistinguishable at scale f if f(z)=f(z') .",NOT_APPLICABLE_DEFINITION,"{""caveats"": [""FORMAL_OR_PROOF_ASSISTANT_COMPONENT_DISCLOSED""], ""declarations"": [], ""elaboration_status"": ""NOT_APPLICABLE_OR_NOT_RUN"", ""exact_conclusion_match"": null, ""exact_hypothesis_match"": null, ""lab_or_test_evidence"": [], ""modules"": [], ""source_files"": [], ""statement_delta"": [""No imported module family was assigned to this paper at Step-2 intake.""], ""status"": ""PAPER_DISCLOSED_ASSET_NOT_IMPORTED"", ""trust_base"": []}","[""CG15"", ""CG23""]"
P050-C0009,P050,definition,DEFINITION,source/papers/Tsiokos_2026_To_Lay_a_Stone_with_Six_Birds_Finite_State_Semantics_for_Packaging_Directionality_and_Coarse_Graining.tex:L367-L371; derived/expanded/Tsiokos_2026_To_Lay_a_Stone_with_Six_Birds_Finite_State_Semantics_for_Packaging_Directionality_and_Coarse_Graining.tex:L367-L371,"Definability from a lens: A predicate h:Z→\ 0,1\ is definable from a lens f:Z→ X if h is constant on fibers of f , i.e.\ if f(z)=f(z') implies h(z)=h(z') . Equivalently, there exists h:X→\ 0,1\ such that h= h f .",NOT_APPLICABLE_DEFINITION,"{""caveats"": [""FORMAL_OR_PROOF_ASSISTANT_COMPONENT_DISCLOSED""], ""declarations"": [], ""elaboration_status"": ""NOT_APPLICABLE_OR_NOT_RUN"", ""exact_conclusion_match"": null, ""exact_hypothesis_match"": null, ""lab_or_test_evidence"": [], ""modules"": [], ""source_files"": [], ""statement_delta"": [""No imported module family was assigned to this paper at Step-2 intake.""], ""status"": ""PAPER_DISCLOSED_ASSET_NOT_IMPORTED"", ""trust_base"": []}","[""CG15"", ""CG23""]"
P050-C0010,P050,definition,DEFINITION,source/papers/Tsiokos_2026_To_Lay_a_Stone_with_Six_Birds_Finite_State_Semantics_for_Packaging_Directionality_and_Coarse_Graining.tex:L375-L379; derived/expanded/Tsiokos_2026_To_Lay_a_Stone_with_Six_Birds_Finite_State_Semantics_for_Packaging_Directionality_and_Coarse_Graining.tex:L375-L379,Refinement: A lens f_2:Z→ X_2 refines f_1:Z→ X_1 if there exists a deterministic map g:X_2→ X_1 such that f_1=g f_2 . We write f_2 f_1 .,NOT_APPLICABLE_DEFINITION,"{""caveats"": [""FORMAL_OR_PROOF_ASSISTANT_COMPONENT_DISCLOSED""], ""declarations"": [], ""elaboration_status"": ""NOT_APPLICABLE_OR_NOT_RUN"", ""exact_conclusion_match"": null, ""exact_hypothesis_match"": null, ""lab_or_test_evidence"": [], ""modules"": [], ""source_files"": [], ""statement_delta"": [""No imported module family was assigned to this paper at Step-2 intake.""], ""status"": ""PAPER_DISCLOSED_ASSET_NOT_IMPORTED"", ""trust_base"": []}","[""CG15"", ""CG23""]"
P050-C0011,P050,definition,DEFINITION,source/papers/Tsiokos_2026_To_Lay_a_Stone_with_Six_Birds_Finite_State_Semantics_for_Packaging_Directionality_and_Coarse_Graining.tex:L389-L394; derived/expanded/Tsiokos_2026_To_Lay_a_Stone_with_Six_Birds_Finite_State_Semantics_for_Packaging_Directionality_and_Coarse_Graining.tex:L389-L394,"Packaging endomap: A packaging endomap is a function e:alpha→alpha (for an appropriate carrier alpha ) that is exactly or approximately idempotent. Exact idempotence is the equation e e = e . When alpha is a set of descriptions, Fix(e)=\ x∈alpha: e(x)=x\ are the packaged objects.",NOT_APPLICABLE_DEFINITION,"{""caveats"": [""FORMAL_OR_PROOF_ASSISTANT_COMPONENT_DISCLOSED""], ""declarations"": [], ""elaboration_status"": ""NOT_APPLICABLE_OR_NOT_RUN"", ""exact_conclusion_match"": null, ""exact_hypothesis_match"": null, ""lab_or_test_evidence"": [], ""modules"": [], ""source_files"": [], ""statement_delta"": [""No imported module family was assigned to this paper at Step-2 intake.""], ""status"": ""PAPER_DISCLOSED_ASSET_NOT_IMPORTED"", ""trust_base"": []}","[""CG15"", ""CG23""]"
P050-C0012,P050,definition,DEFINITION,source/papers/Tsiokos_2026_To_Lay_a_Stone_with_Six_Birds_Finite_State_Semantics_for_Packaging_Directionality_and_Coarse_Graining.tex:L398-L405; derived/expanded/Tsiokos_2026_To_Lay_a_Stone_with_Six_Birds_Finite_State_Semantics_for_Packaging_Directionality_and_Coarse_Graining.tex:L398-L405,"Packaging equivalence: Given e:alpha→alpha , define a relation _e on alpha by x _e y Longleftrightarrow e(x)=e(y). We call _e the packaging equivalence induced by e .",NOT_APPLICABLE_DEFINITION,"{""caveats"": [""FORMAL_OR_PROOF_ASSISTANT_COMPONENT_DISCLOSED""], ""declarations"": [], ""elaboration_status"": ""NOT_APPLICABLE_OR_NOT_RUN"", ""exact_conclusion_match"": null, ""exact_hypothesis_match"": null, ""lab_or_test_evidence"": [], ""modules"": [], ""source_files"": [], ""statement_delta"": [""No imported module family was assigned to this paper at Step-2 intake.""], ""status"": ""PAPER_DISCLOSED_ASSET_NOT_IMPORTED"", ""trust_base"": []}","[""CG15"", ""CG23""]"
P050-C0013,P050,definition,DEFINITION,source/papers/Tsiokos_2026_To_Lay_a_Stone_with_Six_Birds_Finite_State_Semantics_for_Packaging_Directionality_and_Coarse_Graining.tex:L414-L421; derived/expanded/Tsiokos_2026_To_Lay_a_Stone_with_Six_Birds_Finite_State_Semantics_for_Packaging_Directionality_and_Coarse_Graining.tex:L414-L421,"Packaging presentation and packaging-respecting map: A packaging presentation is a pair (alpha,e) consisting of a carrier alpha and an endomap e:alpha→alpha . Given two presentations (alpha,e) and (beta,e') , a map h:alpha→beta is packaging-respecting if it commutes with packaging: h e = e' h.",NOT_APPLICABLE_DEFINITION,"{""caveats"": [""FORMAL_OR_PROOF_ASSISTANT_COMPONENT_DISCLOSED""], ""declarations"": [], ""elaboration_status"": ""NOT_APPLICABLE_OR_NOT_RUN"", ""exact_conclusion_match"": null, ""exact_hypothesis_match"": null, ""lab_or_test_evidence"": [], ""modules"": [], ""source_files"": [], ""statement_delta"": [""No imported module family was assigned to this paper at Step-2 intake.""], ""status"": ""PAPER_DISCLOSED_ASSET_NOT_IMPORTED"", ""trust_base"": []}","[""CG15"", ""CG23""]"
P050-C0016,P050,definition,DEFINITION,source/papers/Tsiokos_2026_To_Lay_a_Stone_with_Six_Birds_Finite_State_Semantics_for_Packaging_Directionality_and_Coarse_Graining.tex:L443-L450; derived/expanded/Tsiokos_2026_To_Lay_a_Stone_with_Six_Birds_Finite_State_Semantics_for_Packaging_Directionality_and_Coarse_Graining.tex:L443-L450,"Audit monotonicity: Let A be an audit functional that assigns a nonnegative number to a process observed at a given scale. We say A is monotone under deterministic coarse-graining if for any lens f:Z→ X , the audited value at the macro scale is no larger than at the micro scale: A (process on X ) A (process on Z ).",NOT_APPLICABLE_DEFINITION,"{""caveats"": [""FORMAL_OR_PROOF_ASSISTANT_COMPONENT_DISCLOSED""], ""declarations"": [], ""elaboration_status"": ""NOT_APPLICABLE_OR_NOT_RUN"", ""exact_conclusion_match"": null, ""exact_hypothesis_match"": null, ""lab_or_test_evidence"": [], ""modules"": [], ""source_files"": [], ""statement_delta"": [""No imported module family was assigned to this paper at Step-2 intake.""], ""status"": ""PAPER_DISCLOSED_ASSET_NOT_IMPORTED"", ""trust_base"": []}","[""CG15"", ""CG23""]"
P050-C0017,P050,prose_definition,PROSE_DEFINITION_SECTION,source/papers/Tsiokos_2026_To_Lay_a_Stone_with_Six_Birds_Finite_State_Semantics_for_Packaging_Directionality_and_Coarse_Graining.tex:L455-L460; derived/expanded/Tsiokos_2026_To_Lay_a_Stone_with_Six_Birds_Finite_State_Semantics_for_Packaging_Directionality_and_Coarse_Graining.tex:L455-L460,"Where these definitions are used: introduces a canonical minimal machine substrate in which: lenses are explicit deterministic maps, packaging is realized by an internal operator E_ tau,f , and audits include Sigma_T and ACC affinity classes. then states representation and minimality theorems in this vocabulary.",NAMED_SOURCE_SECTION_ARGUMENT,"{""caveats"": [""FORMAL_OR_PROOF_ASSISTANT_COMPONENT_DISCLOSED""], ""declarations"": [], ""elaboration_status"": ""NOT_APPLICABLE_OR_NOT_RUN"", ""exact_conclusion_match"": null, ""exact_hypothesis_match"": null, ""lab_or_test_evidence"": [], ""modules"": [], ""source_files"": [], ""statement_delta"": [""No imported module family was assigned to this paper at Step-2 intake.""], ""status"": ""PAPER_DISCLOSED_ASSET_NOT_IMPORTED"", ""trust_base"": []}","[""CG15"", ""CG23""]"
P050-C0018,P050,definition,DEFINITION,source/papers/Tsiokos_2026_To_Lay_a_Stone_with_Six_Birds_Finite_State_Semantics_for_Packaging_Directionality_and_Coarse_Graining.tex:L521-L536; derived/expanded/Tsiokos_2026_To_Lay_a_Stone_with_Six_Birds_Finite_State_Semantics_for_Packaging_Directionality_and_Coarse_Graining.tex:L521-L536,"Empirical packaging endomap: Given (P,f,tau) and prototypes U_f , define the empirical packaging endomap E_ tau,f :Delta(Z)→Delta(Z) by E_ tau,f (mu) := U_f (Q_f(mu P^tau) ). Equivalently, in matrix form (with Q the Z× X lens matrix and U the X× Z prototype matrix), E_ tau,f = P^tau Q U, mu ↦ mu E_ tau,f .",NOT_APPLICABLE_DEFINITION,"{""caveats"": [""FORMAL_OR_PROOF_ASSISTANT_COMPONENT_DISCLOSED""], ""declarations"": [], ""elaboration_status"": ""NOT_APPLICABLE_OR_NOT_RUN"", ""exact_conclusion_match"": null, ""exact_hypothesis_match"": null, ""lab_or_test_evidence"": [], ""modules"": [], ""source_files"": [], ""statement_delta"": [""No imported module family was assigned to this paper at Step-2 intake.""], ""status"": ""PAPER_DISCLOSED_ASSET_NOT_IMPORTED"", ""trust_base"": []}","[""CG15"", ""CG23""]"
P050-C0021,P050,definition,DEFINITION,source/papers/Tsiokos_2026_To_Lay_a_Stone_with_Six_Birds_Finite_State_Semantics_for_Packaging_Directionality_and_Coarse_Graining.tex:L676-L684; derived/expanded/Tsiokos_2026_To_Lay_a_Stone_with_Six_Birds_Finite_State_Semantics_for_Packaging_Directionality_and_Coarse_Graining.tex:L676-L684,"Canonical minimal machine class S_: A substrate belongs to S_ if it consists of: (i) a finite carrier Z , (ii) an autonomous time-homogeneous Markov kernel P on Z , (iii) an admissible family of deterministic lenses f:Z→ X closed under composition (refinement chains), (iv) a family of internal packaging endomaps E_ tau,f induced by (P,f,tau) and prototype choices ( ), and (v) intrinsic audits of directionality/drive induced by (rho,P) (e.g.\ Sigma_T and ACC affinities) that are monotone under deterministic coarse-graining ( ).",NOT_APPLICABLE_DEFINITION,"{""caveats"": [""FORMAL_OR_PROOF_ASSISTANT_COMPONENT_DISCLOSED""], ""declarations"": [], ""elaboration_status"": ""NOT_APPLICABLE_OR_NOT_RUN"", ""exact_conclusion_match"": null, ""exact_hypothesis_match"": null, ""lab_or_test_evidence"": [], ""modules"": [], ""source_files"": [], ""statement_delta"": [""No imported module family was assigned to this paper at Step-2 intake.""], ""status"": ""PAPER_DISCLOSED_ASSET_NOT_IMPORTED"", ""trust_base"": []}","[""CG15"", ""CG23""]"
P050-C0028,P050,prose_definition,PROSE_DEFINITION,source/papers/Tsiokos_2026_To_Lay_a_Stone_with_Six_Birds_Finite_State_Semantics_for_Packaging_Directionality_and_Coarse_Graining.tex:L1131-L1135; derived/expanded/Tsiokos_2026_To_Lay_a_Stone_with_Six_Birds_Finite_State_Semantics_for_Packaging_Directionality_and_Coarse_Graining.tex:L1131-L1135,"Definition (Lean): sat r S (x) : iff y, S(y) r(x,y), where r : Setoid α and S : Set α.",PROSE_STATUS_OR_ARGUMENT_RECORD,"{""caveats"": [""FORMAL_OR_PROOF_ASSISTANT_COMPONENT_DISCLOSED""], ""declarations"": [], ""elaboration_status"": ""NOT_APPLICABLE_OR_NOT_RUN"", ""exact_conclusion_match"": null, ""exact_hypothesis_match"": null, ""lab_or_test_evidence"": [], ""modules"": [], ""source_files"": [], ""statement_delta"": [""No imported module family was assigned to this paper at Step-2 intake.""], ""status"": ""PAPER_DISCLOSED_ASSET_NOT_IMPORTED"", ""trust_base"": []}","[""CG15"", ""CG23""]"
P042-C0003,P042,definition,DEFINITION,source/papers/Tsiokos_2026_To_Cast_a_Stone_with_Six_Birds_A_Closure_Deficit_Account_of_Randomness_under_Packaging_and_Budget.tex:L166-L174; derived/expanded/Tsiokos_2026_To_Cast_a_Stone_with_Six_Birds_A_Closure_Deficit_Account_of_Randomness_under_Packaging_and_Budget.tex:L166-L174,"Micro-closure deficit: Given a packaging Pi : X→Y and a staging scale tau , the micro-closure deficit is CD_tau(Pi) := I(X_t; Y_ t+tau Y_t).",NOT_APPLICABLE_DEFINITION,"{""caveats"": [""FORMAL_OR_PROOF_ASSISTANT_COMPONENT_DISCLOSED""], ""declarations"": [], ""elaboration_status"": ""NOT_APPLICABLE_OR_NOT_RUN"", ""exact_conclusion_match"": null, ""exact_hypothesis_match"": null, ""lab_or_test_evidence"": [], ""modules"": [], ""source_files"": [], ""statement_delta"": [""No imported module family was assigned to this paper at Step-2 intake.""], ""status"": ""PAPER_DISCLOSED_ASSET_NOT_IMPORTED"", ""trust_base"": []}","[""CG04"", ""CG10"", ""CG19"", ""CG24""]"
P042-C0006,P042,definition,DEFINITION,source/papers/Tsiokos_2026_To_Cast_a_Stone_with_Six_Birds_A_Closure_Deficit_Account_of_Randomness_under_Packaging_and_Budget.tex:L242-L249; derived/expanded/Tsiokos_2026_To_Cast_a_Stone_with_Six_Birds_A_Closure_Deficit_Account_of_Randomness_under_Packaging_and_Budget.tex:L242-L249,"tau -closed packaging: A packaging Pi is tau -closed if for every x,x' ∈ X with Pi(x)=Pi(x') , one has p_x^ (tau) = p_ x' ^ (tau) as distributions on Y.",NOT_APPLICABLE_DEFINITION,"{""caveats"": [""FORMAL_OR_PROOF_ASSISTANT_COMPONENT_DISCLOSED""], ""declarations"": [], ""elaboration_status"": ""NOT_APPLICABLE_OR_NOT_RUN"", ""exact_conclusion_match"": null, ""exact_hypothesis_match"": null, ""lab_or_test_evidence"": [], ""modules"": [], ""source_files"": [], ""statement_delta"": [""No imported module family was assigned to this paper at Step-2 intake.""], ""status"": ""PAPER_DISCLOSED_ASSET_NOT_IMPORTED"", ""trust_base"": []}","[""CG04"", ""CG10"", ""CG19"", ""CG24""]"
P005-C0010,P005,definition,DEFINITION,source/papers/Tsiokos_2026_An_Audited_Closure_Architecture_for_Consciousness_Exact_Finite_Models_Structural_Theorems_and_Conditional_Realization.tex:L380-L389; derived/expanded/Tsiokos_2026_An_Audited_Closure_Architecture_for_Consciousness_Exact_Finite_Models_Structural_Theorems_and_Conditional_Realization.tex:L380-L389,"Carrier, actions, lens: A carrier is a finite set X of states. A transition/action family over X is a finite set A of actions with, for each a∈ A , either a map F_a : X → X or a row-stochastic kernel P_a on X ; whether dynamics are deterministic or stochastic is declared per construction. A lens (observation map) is a map q : X → Y onto a finite value set; its fibers form the observational partition Pi_q of X . A policy for q is a feedback rule that selects actions measurably with respect to Pi_q (more generally, with respect to the history of q -values).",NOT_APPLICABLE_DEFINITION,"{""caveats"": [""FORMAL_OR_PROOF_ASSISTANT_COMPONENT_DISCLOSED""], ""declarations"": [], ""elaboration_status"": ""NOT_APPLICABLE_OR_NOT_RUN"", ""exact_conclusion_match"": null, ""exact_hypothesis_match"": null, ""lab_or_test_evidence"": [], ""modules"": [], ""source_files"": [], ""statement_delta"": [""No imported module family was assigned to this paper at Step-2 intake.""], ""status"": ""PAPER_DISCLOSED_ASSET_NOT_IMPORTED"", ""trust_base"": []}","[""CG14"", ""CG16"", ""CG26""]"
P005-C0011,P005,definition,DEFINITION,source/papers/Tsiokos_2026_An_Audited_Closure_Architecture_for_Consciousness_Exact_Finite_Models_Structural_Theorems_and_Conditional_Realization.tex:L391-L404; derived/expanded/Tsiokos_2026_An_Audited_Closure_Architecture_for_Consciousness_Exact_Finite_Models_Structural_Theorems_and_Conditional_Realization.tex:L391-L404,"Quotient, refinement, factorization defect: A partition Pi' refines Pi when every block of Pi' is contained in a block of Pi . Given two lenses pi_0, pi_1 on the same carrier, the factorization defect is Delta_ fact (pi_0,pi_1) = \ (s,s') : pi_0(s)=pi_0(s') and pi_1(s)≠pi_1(s')\ , the set of split pairs: pairs identified by the coarse description and separated by the fine one. pi_1 factors through pi_0 (there is with pi_1= pi_0 ) if and only if Delta_ fact (pi_0,pi_1)=∅ . A nonempty defect is the exact, checkable meaning of ``the fine content is not recoverable from the coarse description'' used throughout this paper.",NOT_APPLICABLE_DEFINITION,"{""caveats"": [""FORMAL_OR_PROOF_ASSISTANT_COMPONENT_DISCLOSED""], ""declarations"": [], ""elaboration_status"": ""NOT_APPLICABLE_OR_NOT_RUN"", ""exact_conclusion_match"": null, ""exact_hypothesis_match"": null, ""lab_or_test_evidence"": [], ""modules"": [], ""source_files"": [], ""statement_delta"": [""No imported module family was assigned to this paper at Step-2 intake.""], ""status"": ""PAPER_DISCLOSED_ASSET_NOT_IMPORTED"", ""trust_base"": []}","[""CG14"", ""CG16"", ""CG26""]"
P005-C0012,P005,definition,DEFINITION,source/papers/Tsiokos_2026_An_Audited_Closure_Architecture_for_Consciousness_Exact_Finite_Models_Structural_Theorems_and_Conditional_Realization.tex:L406-L417; derived/expanded/Tsiokos_2026_An_Audited_Closure_Architecture_for_Consciousness_Exact_Finite_Models_Structural_Theorems_and_Conditional_Realization.tex:L406-L417,"Predictive and observational equivalence: Fix a carrier with declared dynamics and a lens q . Two states (or histories) are observationally equivalent when all admissible current observables agree on them; the induced quotient is the current public quotient Q . They are predictively equivalent when they agree on the full family of admissible future behavior (continuation laws, or distributions over future observable trajectories under all admissible continuations); the induced quotient is the predictive quotient M . Predictive equivalence refines observational equivalence, giving a canonical comparison map pi : M → Q . The gap between them, same Q -class with different M -class, is a factorization defect and is the recurring engine of this paper.",NOT_APPLICABLE_DEFINITION,"{""caveats"": [""FORMAL_OR_PROOF_ASSISTANT_COMPONENT_DISCLOSED""], ""declarations"": [], ""elaboration_status"": ""NOT_APPLICABLE_OR_NOT_RUN"", ""exact_conclusion_match"": null, ""exact_hypothesis_match"": null, ""lab_or_test_evidence"": [], ""modules"": [], ""source_files"": [], ""statement_delta"": [""No imported module family was assigned to this paper at Step-2 intake.""], ""status"": ""PAPER_DISCLOSED_ASSET_NOT_IMPORTED"", ""trust_base"": []}","[""CG14"", ""CG16"", ""CG26""]"
P005-C0013,P005,definition,DEFINITION,source/papers/Tsiokos_2026_An_Audited_Closure_Architecture_for_Consciousness_Exact_Finite_Models_Structural_Theorems_and_Conditional_Realization.tex:L425-L439; derived/expanded/Tsiokos_2026_An_Audited_Closure_Architecture_for_Consciousness_Exact_Finite_Models_Structural_Theorems_and_Conditional_Realization.tex:L425-L439,"Closure operator and audit: A closure operator on a finite structured set is an extensive, monotone, idempotent endomap; its fixed points are the descriptions the structure recognizes as complete. When a closure-like operator E is only approximately idempotent, its idempotence defect delta(E)= 12 _z E^2(z, )-E(z, ) _1 is computed exactly and reported rather than assumed small. An audit is a declared, executable check on a construction, such as a defect computation, a control run, or an exhaustive comparison, whose outcome is recorded with the result. A gate is a named audit whose passage is required before a claim may be graded; the gate vocabulary used here (sufficiency, descent, stability, control-of-content, no-smuggling, visibility, audit, strictness) is imported from the interaction calculus of the companion corpus (Appendix ) and is used as a reporting format, not re-proved.",NOT_APPLICABLE_DEFINITION,"{""caveats"": [""FORMAL_OR_PROOF_ASSISTANT_COMPONENT_DISCLOSED""], ""declarations"": [], ""elaboration_status"": ""NOT_APPLICABLE_OR_NOT_RUN"", ""exact_conclusion_match"": null, ""exact_hypothesis_match"": null, ""lab_or_test_evidence"": [], ""modules"": [], ""source_files"": [], ""statement_delta"": [""No imported module family was assigned to this paper at Step-2 intake.""], ""status"": ""PAPER_DISCLOSED_ASSET_NOT_IMPORTED"", ""trust_base"": []}","[""CG26""]"
P005-C0014,P005,definition,DEFINITION,source/papers/Tsiokos_2026_An_Audited_Closure_Architecture_for_Consciousness_Exact_Finite_Models_Structural_Theorems_and_Conditional_Realization.tex:L441-L454; derived/expanded/Tsiokos_2026_An_Audited_Closure_Architecture_for_Consciousness_Exact_Finite_Models_Structural_Theorems_and_Conditional_Realization.tex:L441-L454,"Viability kernel: Fix a carrier X , a safety predicate, feasible action sets, and declared successor supports. The viability kernel K_ viab is the greatest fixed point of the controlled-invariance operator V(K) = \ s ∈ K : s safe and a ∈ A_ feas (s) with Post(s,a) ⊆ K \ , computed by descending iteration; this is the standard discrete-time viability kernel . For a lens , we write K_ viab ( ) for the best kernel achievable by -measurable policies. A nonempty kernel means controlled persistence in the model, nothing more.",NOT_APPLICABLE_DEFINITION,"{""caveats"": [""FORMAL_OR_PROOF_ASSISTANT_COMPONENT_DISCLOSED""], ""declarations"": [], ""elaboration_status"": ""NOT_APPLICABLE_OR_NOT_RUN"", ""exact_conclusion_match"": null, ""exact_hypothesis_match"": null, ""lab_or_test_evidence"": [], ""modules"": [], ""source_files"": [], ""statement_delta"": [""No imported module family was assigned to this paper at Step-2 intake.""], ""status"": ""PAPER_DISCLOSED_ASSET_NOT_IMPORTED"", ""trust_base"": []}","[""CG14"", ""CG16"", ""CG26""]"
P005-C0016,P005,definition,DEFINITION,source/papers/Tsiokos_2026_An_Audited_Closure_Architecture_for_Consciousness_Exact_Finite_Models_Structural_Theorems_and_Conditional_Realization.tex:L500-L538; derived/expanded/Tsiokos_2026_An_Audited_Closure_Architecture_for_Consciousness_Exact_Finite_Models_Structural_Theorems_and_Conditional_Realization.tex:L500-L538,"Full C-package target: The full C-package C is the eight-clause full-design and audit contract C1 – C8 , together with cross-clause coherence data and a full promotion-gate panel. A candidate consists of a carrier X , declared transition/action families, a public lens and exposure channels, a predictive self-lens, branch structure, a maintenance ledger, and protocol generators; the clauses constrain that data as follows. A declared multiscale exposure-closure family with robust fixed-point structure: closure operators E_tau at declared stagings tau , exact fixed-point and defect bookkeeping, and perturbation audits with declared retention thresholds. A strict promoted distinction across declared layers: Delta_ fact (pi_0,pi_1)≠∅ for the declared lower and promoted readouts, certified by a split pair. A recursively stable self-coordinate: refinement of the public self-lens by dynamical profiles terminates at a predictive quotient that carries the package's own continuation coordinate. The determining predictive state is not exposed relative to the declared public channel family: no admissible current observable factors through it non-constantly on the realized support. Hiddenness is channel-relative by construction. A declared audit of action credit: generator provenance routes computed directionality into self, other, or none, with scheduled and internalized controls that must not be credited as self. A maintained, funded order/tick/arrow structure: a staged phase carrier that persists and progresses under budget, with the arrow carried by the package's own audit channel rather than by external scheduling. Strict recombination refinement over the branchwise quotient: joint content over declared branches, witnessed by R_ rec K_ bw (Section ). Nonempty maintained viability: K_ viab ≠∅ under the declared maintenance ledger, with underfunding collapsing the kernel.",NOT_APPLICABLE_DEFINITION,"{""caveats"": [""FORMAL_OR_PROOF_ASSISTANT_COMPONENT_DISCLOSED""], ""declarations"": [], ""elaboration_status"": ""NOT_APPLICABLE_OR_NOT_RUN"", ""exact_conclusion_match"": null, ""exact_hypothesis_match"": null, ""lab_or_test_evidence"": [], ""modules"": [], ""source_files"": [], ""statement_delta"": [""No imported module family was assigned to this paper at Step-2 intake.""], ""status"": ""PAPER_DISCLOSED_ASSET_NOT_IMPORTED"", ""trust_base"": []}","[""CG14"", ""CG16"", ""CG26""]"
P005-C0021,P005,construction,DEFINITIONAL_CONSTRUCTION,source/papers/Tsiokos_2026_An_Audited_Closure_Architecture_for_Consciousness_Exact_Finite_Models_Structural_Theorems_and_Conditional_Realization.tex:L685-L695; derived/expanded/Tsiokos_2026_An_Audited_Closure_Architecture_for_Consciousness_Exact_Finite_Models_Structural_Theorems_and_Conditional_Realization.tex:L685-L695,"T1-L1, the self-wheel: The carrier is Z = P × W with |P|=6 public positions and |W|=2 hidden phases, so N = |Z| = 12 . The public self-lens is q(p,w)=p : the system can observe its own position but not its phase. The dynamics contain a live, unobserved phase slip with exact branch weights 3/4 and 1/4 , placed so that public history does not reconstruct the phase: the public trace (1,2,1) can end in either phase. A deadline makes the hidden phase viability-relevant: continuation beyond the deadline requires acting on the phase-dependent continuation law, and a wrong commitment exits the safe set.",NOT_APPLICABLE_DEFINITION,"{""caveats"": [""FORMAL_OR_PROOF_ASSISTANT_COMPONENT_DISCLOSED""], ""declarations"": [], ""elaboration_status"": ""NOT_APPLICABLE_OR_NOT_RUN"", ""exact_conclusion_match"": null, ""exact_hypothesis_match"": null, ""lab_or_test_evidence"": [], ""modules"": [], ""source_files"": [], ""statement_delta"": [""No imported module family was assigned to this paper at Step-2 intake.""], ""status"": ""PAPER_DISCLOSED_ASSET_NOT_IMPORTED"", ""trust_base"": []}","[""CG14"", ""CG16"", ""CG26""]"
P055-C0003,P055,prose_definition,PROSE_DEFINITION,source/papers/Tsiokos_2026_To_Throw_a_Stone_with_Six_Birds_On_Agents_and_Agenthood.tex:L197-L198; derived/expanded/Tsiokos_2026_To_Throw_a_Stone_with_Six_Birds_On_Agents_and_Agenthood.tex:L197-L198,"Definition (Theory / layer, specialized). In the notation of Six Birds Theory, a theory can be written T=(Pi,L, F,B) . In our finite setting, Pi is implemented by state projections, L is the controlled kernel P , F is the ledger-gated feasible action set A_ feas (s) , and B is the budget/ledger dynamics encoded in the state.",PROSE_STATUS_OR_ARGUMENT_RECORD,"{""caveats"": [""FORMAL_OR_PROOF_ASSISTANT_COMPONENT_DISCLOSED""], ""declarations"": [], ""elaboration_status"": ""NOT_APPLICABLE_OR_NOT_RUN"", ""exact_conclusion_match"": null, ""exact_hypothesis_match"": null, ""lab_or_test_evidence"": [], ""modules"": [], ""source_files"": [], ""statement_delta"": [""No imported module family was assigned to this paper at Step-2 intake.""], ""status"": ""PAPER_DISCLOSED_ASSET_NOT_IMPORTED"", ""trust_base"": []}","[""CG14""]"
P055-C0004,P055,prose_definition,PROSE_DEFINITION_SECTION,source/papers/Tsiokos_2026_To_Throw_a_Stone_with_Six_Birds_On_Agents_and_Agenthood.tex:L197-L200; derived/expanded/Tsiokos_2026_To_Throw_a_Stone_with_Six_Birds_On_Agents_and_Agenthood.tex:L197-L200,"Definition (Theory / layer, specialized).: In the notation of Six Birds Theory, a theory can be written T=(Pi,L, F,B) . In our finite setting, Pi is implemented by state projections, L is the controlled kernel P , F is the ledger-gated feasible action set A_ feas (s) , and B is the budget/ledger dynamics encoded in the state.",NAMED_SOURCE_SECTION_ARGUMENT,"{""caveats"": [""FORMAL_OR_PROOF_ASSISTANT_COMPONENT_DISCLOSED""], ""declarations"": [], ""elaboration_status"": ""NOT_APPLICABLE_OR_NOT_RUN"", ""exact_conclusion_match"": null, ""exact_hypothesis_match"": null, ""lab_or_test_evidence"": [], ""modules"": [], ""source_files"": [], ""statement_delta"": [""No imported module family was assigned to this paper at Step-2 intake.""], ""status"": ""PAPER_DISCLOSED_ASSET_NOT_IMPORTED"", ""trust_base"": []}","[""CG14""]"
P055-C0005,P055,prose_definition,PROSE_DEFINITION,source/papers/Tsiokos_2026_To_Throw_a_Stone_with_Six_Birds_On_Agents_and_Agenthood.tex:L200-L201; derived/expanded/Tsiokos_2026_To_Throw_a_Stone_with_Six_Birds_On_Agents_and_Agenthood.tex:L200-L201,"Definition (Theory object). A theory object is an object inside a theory: a packaged macro label (or invariant package) that is stable under the closures induced by T at the relevant horizon. Operationally, low idempotence defect means the macro labels behave like objects under composition; nonempty viability kernel means such objects can persist under robust support semantics. An agent is a theory object equipped with an interface alphabet whose feasible interventions induce a nontrivial action channel to outside outputs (positive feasible empowerment).",PROSE_STATUS_OR_ARGUMENT_RECORD,"{""caveats"": [""FORMAL_OR_PROOF_ASSISTANT_COMPONENT_DISCLOSED""], ""declarations"": [], ""elaboration_status"": ""NOT_APPLICABLE_OR_NOT_RUN"", ""exact_conclusion_match"": null, ""exact_hypothesis_match"": null, ""lab_or_test_evidence"": [], ""modules"": [], ""source_files"": [], ""statement_delta"": [""No imported module family was assigned to this paper at Step-2 intake.""], ""status"": ""PAPER_DISCLOSED_ASSET_NOT_IMPORTED"", ""trust_base"": []}","[""CG14"", ""CG16"", ""CG20"", ""CG26""]"
P055-C0006,P055,prose_definition,PROSE_DEFINITION_SECTION,source/papers/Tsiokos_2026_To_Throw_a_Stone_with_Six_Birds_On_Agents_and_Agenthood.tex:L200-L203; derived/expanded/Tsiokos_2026_To_Throw_a_Stone_with_Six_Birds_On_Agents_and_Agenthood.tex:L200-L203,"Definition (Theory object).: A theory object is an object inside a theory: a packaged macro label (or invariant package) that is stable under the closures induced by T at the relevant horizon. Operationally, low idempotence defect means the macro labels behave like objects under composition; nonempty viability kernel means such objects can persist under robust support semantics. An agent is a theory object equipped with an interface alphabet whose feasible interventions induce a nontrivial action channel to outside outputs (positive feasible empowerment).",NAMED_SOURCE_SECTION_ARGUMENT,"{""caveats"": [""FORMAL_OR_PROOF_ASSISTANT_COMPONENT_DISCLOSED""], ""declarations"": [], ""elaboration_status"": ""NOT_APPLICABLE_OR_NOT_RUN"", ""exact_conclusion_match"": null, ""exact_hypothesis_match"": null, ""lab_or_test_evidence"": [], ""modules"": [], ""source_files"": [], ""statement_delta"": [""No imported module family was assigned to this paper at Step-2 intake.""], ""status"": ""PAPER_DISCLOSED_ASSET_NOT_IMPORTED"", ""trust_base"": []}","[""CG14"", ""CG16"", ""CG20"", ""CG26""]"
P055-C0007,P055,prose_definition,PROSE_DEFINITION_SECTION,source/papers/Tsiokos_2026_To_Throw_a_Stone_with_Six_Birds_On_Agents_and_Agenthood.tex:L215-L222; derived/expanded/Tsiokos_2026_To_Throw_a_Stone_with_Six_Birds_On_Agents_and_Agenthood.tex:L215-L222,"Definition (Finite controlled kernel).: Let S=\ 0,1, ,n-1\ be a finite state space and A=\ 0,1, ,m-1\ a finite action set. A controlled stochastic kernel is a row-stochastic tensor P[a,s,s'] Pr(s_ t+1 =s' s_t=s, a_t=a), with P[a,s,s'] 0 and _ s' P[a,s,s']=1 for all (a,s) . For a state distribution d (row vector), one step under action a is d' = d P[a, , ] .",NAMED_SOURCE_SECTION_ARGUMENT,"{""caveats"": [""FORMAL_OR_PROOF_ASSISTANT_COMPONENT_DISCLOSED""], ""declarations"": [], ""elaboration_status"": ""NOT_APPLICABLE_OR_NOT_RUN"", ""exact_conclusion_match"": null, ""exact_hypothesis_match"": null, ""lab_or_test_evidence"": [], ""modules"": [], ""source_files"": [], ""statement_delta"": [""No imported module family was assigned to this paper at Step-2 intake.""], ""status"": ""PAPER_DISCLOSED_ASSET_NOT_IMPORTED"", ""trust_base"": []}","[""CG14"", ""CG16"", ""CG20"", ""CG26""]"
P055-C0008,P055,prose_definition,PROSE_DEFINITION,source/papers/Tsiokos_2026_To_Throw_a_Stone_with_Six_Birds_On_Agents_and_Agenthood.tex:L222-L227; derived/expanded/Tsiokos_2026_To_Throw_a_Stone_with_Six_Birds_On_Agents_and_Agenthood.tex:L222-L227,"Definition (Successor support). We use robust support semantics: the set of possible successors under (s,a) is Post(s,a) := \ s' ∈ S : P[a,s,s']>0 \ . All viability statements below are with respect to Post (not expectations): a move is safe only if every nonzero-probability successor stays safe.",PROSE_STATUS_OR_ARGUMENT_RECORD,"{""caveats"": [""FORMAL_OR_PROOF_ASSISTANT_COMPONENT_DISCLOSED""], ""declarations"": [], ""elaboration_status"": ""NOT_APPLICABLE_OR_NOT_RUN"", ""exact_conclusion_match"": null, ""exact_hypothesis_match"": null, ""lab_or_test_evidence"": [], ""modules"": [], ""source_files"": [], ""statement_delta"": [""No imported module family was assigned to this paper at Step-2 intake.""], ""status"": ""PAPER_DISCLOSED_ASSET_NOT_IMPORTED"", ""trust_base"": []}","[""CG14"", ""CG16"", ""CG20"", ""CG26""]"
P055-C0009,P055,prose_definition,PROSE_DEFINITION_SECTION,source/papers/Tsiokos_2026_To_Throw_a_Stone_with_Six_Birds_On_Agents_and_Agenthood.tex:L222-L229; derived/expanded/Tsiokos_2026_To_Throw_a_Stone_with_Six_Birds_On_Agents_and_Agenthood.tex:L222-L229,"Definition (Successor support).: We use robust support semantics: the set of possible successors under (s,a) is Post(s,a) := \ s' ∈ S : P[a,s,s']>0 \ . All viability statements below are with respect to Post (not expectations): a move is safe only if every nonzero-probability successor stays safe.",NAMED_SOURCE_SECTION_ARGUMENT,"{""caveats"": [""FORMAL_OR_PROOF_ASSISTANT_COMPONENT_DISCLOSED""], ""declarations"": [], ""elaboration_status"": ""NOT_APPLICABLE_OR_NOT_RUN"", ""exact_conclusion_match"": null, ""exact_hypothesis_match"": null, ""lab_or_test_evidence"": [], ""modules"": [], ""source_files"": [], ""statement_delta"": [""No imported module family was assigned to this paper at Step-2 intake.""], ""status"": ""PAPER_DISCLOSED_ASSET_NOT_IMPORTED"", ""trust_base"": []}","[""CG14"", ""CG16"", ""CG20"", ""CG26""]"
P055-C0010,P055,prose_definition,PROSE_DEFINITION_SECTION,source/papers/Tsiokos_2026_To_Throw_a_Stone_with_Six_Birds_On_Agents_and_Agenthood.tex:L230-L237; derived/expanded/Tsiokos_2026_To_Throw_a_Stone_with_Six_Birds_On_Agents_and_Agenthood.tex:L230-L237,"Definition (Ledger and feasibility).: A ledger is a nonnegative scalar extracted from state, r:S→ R_ 0 . Each action has a nonnegative cost c:A→ R_ 0 . The feasible actions at state s are A_ feas (s) := \ a∈ A : c(a) r(s) \ . This is the operational form of P _2 (constraints) and P _6 (accounting): infeasible interface commands are not ``actions'' in the induced layer.",NAMED_SOURCE_SECTION_ARGUMENT,"{""caveats"": [""FORMAL_OR_PROOF_ASSISTANT_COMPONENT_DISCLOSED""], ""declarations"": [], ""elaboration_status"": ""NOT_APPLICABLE_OR_NOT_RUN"", ""exact_conclusion_match"": null, ""exact_hypothesis_match"": null, ""lab_or_test_evidence"": [], ""modules"": [], ""source_files"": [], ""statement_delta"": [""No imported module family was assigned to this paper at Step-2 intake.""], ""status"": ""PAPER_DISCLOSED_ASSET_NOT_IMPORTED"", ""trust_base"": []}","[""CG14"", ""CG16"", ""CG20"", ""CG26""]"
P055-C0011,P055,prose_definition,PROSE_DEFINITION_SECTION,source/papers/Tsiokos_2026_To_Throw_a_Stone_with_Six_Birds_On_Agents_and_Agenthood.tex:L238-L241; derived/expanded/Tsiokos_2026_To_Throw_a_Stone_with_Six_Birds_On_Agents_and_Agenthood.tex:L238-L241,"Definition (Safe set).: A safety predicate Safe:S→\ true,false\ specifies which states count as viable. We emphasize that ``safe'' can encode more than survival; in later sections we also use safety to encode coherence (e.g., requiring a repaired/noise-free internal bit).",NAMED_SOURCE_SECTION_ARGUMENT,"{""caveats"": [""FORMAL_OR_PROOF_ASSISTANT_COMPONENT_DISCLOSED""], ""declarations"": [], ""elaboration_status"": ""NOT_APPLICABLE_OR_NOT_RUN"", ""exact_conclusion_match"": null, ""exact_hypothesis_match"": null, ""lab_or_test_evidence"": [], ""modules"": [], ""source_files"": [], ""statement_delta"": [""No imported module family was assigned to this paper at Step-2 intake.""], ""status"": ""PAPER_DISCLOSED_ASSET_NOT_IMPORTED"", ""trust_base"": []}","[""CG14"", ""CG16"", ""CG20"", ""CG26""]"
P055-C0012,P055,prose_definition,PROSE_DEFINITION,source/papers/Tsiokos_2026_To_Throw_a_Stone_with_Six_Birds_On_Agents_and_Agenthood.tex:L241-L246; derived/expanded/Tsiokos_2026_To_Throw_a_Stone_with_Six_Birds_On_Agents_and_Agenthood.tex:L241-L246,"Definition (Viability operator / controlled-invariance map). Given a candidate set K⊆ S , define the contracting controlled-invariance operator V(K) := Bigl\ s∈ K : Safe(s)\ \ a∈ A_ feas (s)\ s.t.\ Post(s,a)⊆ K Bigr\ . Intuitively: s remains in K if it is safe and there exists a feasible action whose entire successor support stays inside K . The explicit condition s∈ K makes V pointwise contracting ( V(K)⊆ K ), matching the standard ``greatest controlled-invariant subset'' construction and the assumptions of our Lean fixed-point anchor.",PROSE_STATUS_OR_ARGUMENT_RECORD,"{""caveats"": [""FORMAL_OR_PROOF_ASSISTANT_COMPONENT_DISCLOSED""], ""declarations"": [], ""elaboration_status"": ""NOT_APPLICABLE_OR_NOT_RUN"", ""exact_conclusion_match"": null, ""exact_hypothesis_match"": null, ""lab_or_test_evidence"": [], ""modules"": [], ""source_files"": [], ""statement_delta"": [""No imported module family was assigned to this paper at Step-2 intake.""], ""status"": ""PAPER_DISCLOSED_ASSET_NOT_IMPORTED"", ""trust_base"": []}","[""CG14"", ""CG16"", ""CG20"", ""CG26""]"
P055-C0013,P055,prose_definition,PROSE_DEFINITION_SECTION,source/papers/Tsiokos_2026_To_Throw_a_Stone_with_Six_Birds_On_Agents_and_Agenthood.tex:L241-L248; derived/expanded/Tsiokos_2026_To_Throw_a_Stone_with_Six_Birds_On_Agents_and_Agenthood.tex:L241-L248,"Definition (Viability operator / controlled-invariance map).: Given a candidate set K⊆ S , define the contracting controlled-invariance operator V(K) := Bigl\ s∈ K : Safe(s)\ \ a∈ A_ feas (s)\ s.t.\ Post(s,a)⊆ K Bigr\ . Intuitively: s remains in K if it is safe and there exists a feasible action whose entire successor support stays inside K . The explicit condition s∈ K makes V pointwise contracting ( V(K)⊆ K ), matching the standard ``greatest controlled-invariant subset'' construction and the assumptions of our Lean fixed-point anchor.",NAMED_SOURCE_SECTION_ARGUMENT,"{""caveats"": [""FORMAL_OR_PROOF_ASSISTANT_COMPONENT_DISCLOSED""], ""declarations"": [], ""elaboration_status"": ""NOT_APPLICABLE_OR_NOT_RUN"", ""exact_conclusion_match"": null, ""exact_hypothesis_match"": null, ""lab_or_test_evidence"": [], ""modules"": [], ""source_files"": [], ""statement_delta"": [""No imported module family was assigned to this paper at Step-2 intake.""], ""status"": ""PAPER_DISCLOSED_ASSET_NOT_IMPORTED"", ""trust_base"": []}","[""CG14"", ""CG16"", ""CG20"", ""CG26""]"
P055-C0014,P055,prose_definition,PROSE_DEFINITION,source/papers/Tsiokos_2026_To_Throw_a_Stone_with_Six_Birds_On_Agents_and_Agenthood.tex:L248-L253; derived/expanded/Tsiokos_2026_To_Throw_a_Stone_with_Six_Birds_On_Agents_and_Agenthood.tex:L248-L253,"Definition (Viability kernel). The viability kernel K⊆ S is the greatest fixed point of V , K = V(K), computed by iterating V from the top safe set until convergence. In finite state spaces, this monotone decreasing iteration stabilizes in at most |S| steps; our Lean lemma in the reproducibility section provides a formal anchor for this finite greatest-fixed-point property.",PROSE_STATUS_OR_ARGUMENT_RECORD,"{""caveats"": [""FORMAL_OR_PROOF_ASSISTANT_COMPONENT_DISCLOSED""], ""declarations"": [], ""elaboration_status"": ""NOT_APPLICABLE_OR_NOT_RUN"", ""exact_conclusion_match"": null, ""exact_hypothesis_match"": null, ""lab_or_test_evidence"": [], ""modules"": [], ""source_files"": [], ""statement_delta"": [""No imported module family was assigned to this paper at Step-2 intake.""], ""status"": ""PAPER_DISCLOSED_ASSET_NOT_IMPORTED"", ""trust_base"": []}","[""CG14"", ""CG16"", ""CG20"", ""CG26""]"
P055-C0015,P055,prose_definition,PROSE_DEFINITION_SECTION,source/papers/Tsiokos_2026_To_Throw_a_Stone_with_Six_Birds_On_Agents_and_Agenthood.tex:L248-L255; derived/expanded/Tsiokos_2026_To_Throw_a_Stone_with_Six_Birds_On_Agents_and_Agenthood.tex:L248-L255,"Definition (Viability kernel).: The viability kernel K⊆ S is the greatest fixed point of V , K = V(K), computed by iterating V from the top safe set until convergence. In finite state spaces, this monotone decreasing iteration stabilizes in at most |S| steps; our Lean lemma in the reproducibility section provides a formal anchor for this finite greatest-fixed-point property.",NAMED_SOURCE_SECTION_ARGUMENT,"{""caveats"": [""FORMAL_OR_PROOF_ASSISTANT_COMPONENT_DISCLOSED""], ""declarations"": [], ""elaboration_status"": ""NOT_APPLICABLE_OR_NOT_RUN"", ""exact_conclusion_match"": null, ""exact_hypothesis_match"": null, ""lab_or_test_evidence"": [], ""modules"": [], ""source_files"": [], ""statement_delta"": [""No imported module family was assigned to this paper at Step-2 intake.""], ""status"": ""PAPER_DISCLOSED_ASSET_NOT_IMPORTED"", ""trust_base"": []}","[""CG14"", ""CG16"", ""CG20"", ""CG26""]"
P055-C0016,P055,prose_definition,PROSE_DEFINITION_SECTION,source/papers/Tsiokos_2026_To_Throw_a_Stone_with_Six_Birds_On_Agents_and_Agenthood.tex:L261-L264; derived/expanded/Tsiokos_2026_To_Throw_a_Stone_with_Six_Birds_On_Agents_and_Agenthood.tex:L261-L264,"Definition (Output lens).: An output variable is a projection (lens) f:S→ Y into a finite output set Y=\ 0,1, ,|Y|-1\ . In the ring-world exhibits, f is typically the outside position coordinate y or a macro-lens (y,r,phi) that intentionally hides micro-variables.",NAMED_SOURCE_SECTION_ARGUMENT,"{""caveats"": [""FORMAL_OR_PROOF_ASSISTANT_COMPONENT_DISCLOSED""], ""declarations"": [], ""elaboration_status"": ""NOT_APPLICABLE_OR_NOT_RUN"", ""exact_conclusion_match"": null, ""exact_hypothesis_match"": null, ""lab_or_test_evidence"": [], ""modules"": [], ""source_files"": [], ""statement_delta"": [""No imported module family was assigned to this paper at Step-2 intake.""], ""status"": ""PAPER_DISCLOSED_ASSET_NOT_IMPORTED"", ""trust_base"": []}","[""CG14"", ""CG16"", ""CG20"", ""CG26""]"
P055-C0017,P055,prose_definition,PROSE_DEFINITION,source/papers/Tsiokos_2026_To_Throw_a_Stone_with_Six_Birds_On_Agents_and_Agenthood.tex:L264-L269; derived/expanded/Tsiokos_2026_To_Throw_a_Stone_with_Six_Birds_On_Agents_and_Agenthood.tex:L264-L269,"Definition (Action-sequence channel). Fix an initial state s_0 and a horizon H 1 . For an action sequence alpha=(a_0, ,a_ H-1 ) , let S_H be the random state after rolling out the kernel under alpha , and define Y=f(S_H) . The induced channel from sequences to outputs is W[alpha, y] := Pr(Y=y s_0,alpha). Equivalently, each row of W is the output distribution obtained by propagating delta_ s_0 through the sequence and aggregating probability mass by f .",PROSE_STATUS_OR_ARGUMENT_RECORD,"{""caveats"": [""FORMAL_OR_PROOF_ASSISTANT_COMPONENT_DISCLOSED""], ""declarations"": [], ""elaboration_status"": ""NOT_APPLICABLE_OR_NOT_RUN"", ""exact_conclusion_match"": null, ""exact_hypothesis_match"": null, ""lab_or_test_evidence"": [], ""modules"": [], ""source_files"": [], ""statement_delta"": [""No imported module family was assigned to this paper at Step-2 intake.""], ""status"": ""PAPER_DISCLOSED_ASSET_NOT_IMPORTED"", ""trust_base"": []}","[""CG14"", ""CG16"", ""CG20"", ""CG26""]"
P055-C0018,P055,prose_definition,PROSE_DEFINITION_SECTION,source/papers/Tsiokos_2026_To_Throw_a_Stone_with_Six_Birds_On_Agents_and_Agenthood.tex:L264-L271; derived/expanded/Tsiokos_2026_To_Throw_a_Stone_with_Six_Birds_On_Agents_and_Agenthood.tex:L264-L271,"Definition (Action-sequence channel).: Fix an initial state s_0 and a horizon H 1 . For an action sequence alpha=(a_0, ,a_ H-1 ) , let S_H be the random state after rolling out the kernel under alpha , and define Y=f(S_H) . The induced channel from sequences to outputs is W[alpha, y] := Pr(Y=y s_0,alpha). Equivalently, each row of W is the output distribution obtained by propagating delta_ s_0 through the sequence and aggregating probability mass by f .",NAMED_SOURCE_SECTION_ARGUMENT,"{""caveats"": [""FORMAL_OR_PROOF_ASSISTANT_COMPONENT_DISCLOSED""], ""declarations"": [], ""elaboration_status"": ""NOT_APPLICABLE_OR_NOT_RUN"", ""exact_conclusion_match"": null, ""exact_hypothesis_match"": null, ""lab_or_test_evidence"": [], ""modules"": [], ""source_files"": [], ""statement_delta"": [""No imported module family was assigned to this paper at Step-2 intake.""], ""status"": ""PAPER_DISCLOSED_ASSET_NOT_IMPORTED"", ""trust_base"": []}","[""CG14"", ""CG16"", ""CG20"", ""CG26""]"
P055-C0019,P055,prose_definition,PROSE_DEFINITION_SECTION,source/papers/Tsiokos_2026_To_Throw_a_Stone_with_Six_Birds_On_Agents_and_Agenthood.tex:L272-L279; derived/expanded/Tsiokos_2026_To_Throw_a_Stone_with_Six_Birds_On_Agents_and_Agenthood.tex:L272-L279,"Definition (Empowerment).: For a fixed (s_0,H,f) , empowerment is the channel capacity of W : Emp(s_0;H,f) := _ p(alpha) I(A;Y), where A is the chosen action-sequence random variable and I( ; ) is mutual information . We compute this exactly (for small channels) via Blahut–Arimoto .",NAMED_SOURCE_SECTION_ARGUMENT,"{""caveats"": [""FORMAL_OR_PROOF_ASSISTANT_COMPONENT_DISCLOSED""], ""declarations"": [], ""elaboration_status"": ""NOT_APPLICABLE_OR_NOT_RUN"", ""exact_conclusion_match"": null, ""exact_hypothesis_match"": null, ""lab_or_test_evidence"": [], ""modules"": [], ""source_files"": [], ""statement_delta"": [""No imported module family was assigned to this paper at Step-2 intake.""], ""status"": ""PAPER_DISCLOSED_ASSET_NOT_IMPORTED"", ""trust_base"": []}","[""CG14"", ""CG16"", ""CG20"", ""CG26""]"
P055-C0020,P055,prose_definition,PROSE_DEFINITION,source/papers/Tsiokos_2026_To_Throw_a_Stone_with_Six_Birds_On_Agents_and_Agenthood.tex:L279-L285; derived/expanded/Tsiokos_2026_To_Throw_a_Stone_with_Six_Birds_On_Agents_and_Agenthood.tex:L279-L285,"Definition (Feasible empowerment). To respect P _2 /P _6 , we restrict the sequence set by ledger feasibility. Given costs c(a) and budget r(s_0) , a sequence alpha is feasible if _ t=0 ^ H-1 c(a_t) r(s_0) . Feasible empowerment is the capacity of the restricted channel: Emp_ feas (s_0;H,f) := Cap (W\ restricted to feasible alpha ). Remark (what ``feasible'' means in this paper). In principle, feasibility can be state- and branch-dependent because the ledger is part of the state and may evolve over the horizon. In this paper we use a deliberately simple, explicit notion: we treat the channel input alphabet as open-loop action sequences and restrict it by an initial-budget gate, i.e.\ _ t=0 ^ H-1 c(a_t) r(s_0) . This yields an ``open-loop budgeted empowerment'' that is easy to audit and compare under matched controls. It can over- or under-approximate stricter stepwise feasibility in settings with replenishment or branch-dependent constraints; we therefore treat it as an operational proxy and include calibrated nulls (Section ) to guard against mis-typed control channels.",PROSE_STATUS_OR_ARGUMENT_RECORD,"{""caveats"": [""FORMAL_OR_PROOF_ASSISTANT_COMPONENT_DISCLOSED""], ""declarations"": [], ""elaboration_status"": ""NOT_APPLICABLE_OR_NOT_RUN"", ""exact_conclusion_match"": null, ""exact_hypothesis_match"": null, ""lab_or_test_evidence"": [], ""modules"": [], ""source_files"": [], ""statement_delta"": [""No imported module family was assigned to this paper at Step-2 intake.""], ""status"": ""PAPER_DISCLOSED_ASSET_NOT_IMPORTED"", ""trust_base"": []}","[""CG14"", ""CG16"", ""CG20"", ""CG26""]"
P055-C0021,P055,prose_definition,PROSE_DEFINITION_SECTION,source/papers/Tsiokos_2026_To_Throw_a_Stone_with_Six_Birds_On_Agents_and_Agenthood.tex:L279-L284; derived/expanded/Tsiokos_2026_To_Throw_a_Stone_with_Six_Birds_On_Agents_and_Agenthood.tex:L279-L284,"Definition (Feasible empowerment).: To respect P _2 /P _6 , we restrict the sequence set by ledger feasibility. Given costs c(a) and budget r(s_0) , a sequence alpha is feasible if _ t=0 ^ H-1 c(a_t) r(s_0) . Feasible empowerment is the capacity of the restricted channel: Emp_ feas (s_0;H,f) := Cap (W\ restricted to feasible alpha ).",NAMED_SOURCE_SECTION_ARGUMENT,"{""caveats"": [""FORMAL_OR_PROOF_ASSISTANT_COMPONENT_DISCLOSED""], ""declarations"": [], ""elaboration_status"": ""NOT_APPLICABLE_OR_NOT_RUN"", ""exact_conclusion_match"": null, ""exact_hypothesis_match"": null, ""lab_or_test_evidence"": [], ""modules"": [], ""source_files"": [], ""statement_delta"": [""No imported module family was assigned to this paper at Step-2 intake.""], ""status"": ""PAPER_DISCLOSED_ASSET_NOT_IMPORTED"", ""trust_base"": []}","[""CG14"", ""CG16"", ""CG20"", ""CG26""]"
P055-C0022,P055,prose_definition,PROSE_DEFINITION,source/papers/Tsiokos_2026_To_Throw_a_Stone_with_Six_Birds_On_Agents_and_Agenthood.tex:L294-L295; derived/expanded/Tsiokos_2026_To_Throw_a_Stone_with_Six_Birds_On_Agents_and_Agenthood.tex:L294-L295,"Definition (Macro lens and fibers). Let pi:S→ X be a macro lens (coarser than f in general). For a macro label x∈ X , define its fiber S_x := \ s∈ S : pi(s)=x\ .",PROSE_STATUS_OR_ARGUMENT_RECORD,"{""caveats"": [""FORMAL_OR_PROOF_ASSISTANT_COMPONENT_DISCLOSED""], ""declarations"": [], ""elaboration_status"": ""NOT_APPLICABLE_OR_NOT_RUN"", ""exact_conclusion_match"": null, ""exact_hypothesis_match"": null, ""lab_or_test_evidence"": [], ""modules"": [], ""source_files"": [], ""statement_delta"": [""No imported module family was assigned to this paper at Step-2 intake.""], ""status"": ""PAPER_DISCLOSED_ASSET_NOT_IMPORTED"", ""trust_base"": []}","[""CG14"", ""CG16"", ""CG20"", ""CG26""]"
P055-C0023,P055,prose_definition,PROSE_DEFINITION_SECTION,source/papers/Tsiokos_2026_To_Throw_a_Stone_with_Six_Birds_On_Agents_and_Agenthood.tex:L294-L297; derived/expanded/Tsiokos_2026_To_Throw_a_Stone_with_Six_Birds_On_Agents_and_Agenthood.tex:L294-L297,"Definition (Macro lens and fibers).: Let pi:S→ X be a macro lens (coarser than f in general). For a macro label x∈ X , define its fiber S_x := \ s∈ S : pi(s)=x\ .",NAMED_SOURCE_SECTION_ARGUMENT,"{""caveats"": [""FORMAL_OR_PROOF_ASSISTANT_COMPONENT_DISCLOSED""], ""declarations"": [], ""elaboration_status"": ""NOT_APPLICABLE_OR_NOT_RUN"", ""exact_conclusion_match"": null, ""exact_hypothesis_match"": null, ""lab_or_test_evidence"": [], ""modules"": [], ""source_files"": [], ""statement_delta"": [""No imported module family was assigned to this paper at Step-2 intake.""], ""status"": ""PAPER_DISCLOSED_ASSET_NOT_IMPORTED"", ""trust_base"": []}","[""CG14"", ""CG16"", ""CG20"", ""CG26""]"
P055-C0024,P055,prose_definition,PROSE_DEFINITION,source/papers/Tsiokos_2026_To_Throw_a_Stone_with_Six_Birds_On_Agents_and_Agenthood.tex:L297-L306; derived/expanded/Tsiokos_2026_To_Throw_a_Stone_with_Six_Birds_On_Agents_and_Agenthood.tex:L297-L306,"Definition (Empirical packaging endomap). Fix a horizon tau 0 and a stationary policy mu(a s) (deterministic or stochastic). For each macro label x , initialize a reference micro-distribution d_0 that is uniform over S_x . Let T_mu be the induced one-step transition under mu : T_mu := _ a∈ A mu(a s) P[a,s,s']. Evolve d_tau := d_0 T_mu^tau , aggregate to a macro distribution over X via pi , and define E(x) as the mode macro label at time tau (ties broken deterministically by smallest label). The resulting map E: X→ X is an empirical packaging endomap: it says ``starting from macro label x (with hidden microstate randomized), what macro label do we typically return to after tau steps under the policy?''",PROSE_STATUS_OR_ARGUMENT_RECORD,"{""caveats"": [""FORMAL_OR_PROOF_ASSISTANT_COMPONENT_DISCLOSED""], ""declarations"": [], ""elaboration_status"": ""NOT_APPLICABLE_OR_NOT_RUN"", ""exact_conclusion_match"": null, ""exact_hypothesis_match"": null, ""lab_or_test_evidence"": [], ""modules"": [], ""source_files"": [], ""statement_delta"": [""No imported module family was assigned to this paper at Step-2 intake.""], ""status"": ""PAPER_DISCLOSED_ASSET_NOT_IMPORTED"", ""trust_base"": []}","[""CG14"", ""CG16"", ""CG20"", ""CG26""]"
P055-C0025,P055,prose_definition,PROSE_DEFINITION_SECTION,source/papers/Tsiokos_2026_To_Throw_a_Stone_with_Six_Birds_On_Agents_and_Agenthood.tex:L297-L308; derived/expanded/Tsiokos_2026_To_Throw_a_Stone_with_Six_Birds_On_Agents_and_Agenthood.tex:L297-L308,"Definition (Empirical packaging endomap).: Fix a horizon tau 0 and a stationary policy mu(a s) (deterministic or stochastic). For each macro label x , initialize a reference micro-distribution d_0 that is uniform over S_x . Let T_mu be the induced one-step transition under mu : T_mu := _ a∈ A mu(a s) P[a,s,s']. Evolve d_tau := d_0 T_mu^tau , aggregate to a macro distribution over X via pi , and define E(x) as the mode macro label at time tau (ties broken deterministically by smallest label). The resulting map E: X→ X is an empirical packaging endomap: it says ``starting from macro label x (with hidden microstate randomized), what macro label do we typically return to after tau steps under the policy?''",NAMED_SOURCE_SECTION_ARGUMENT,"{""caveats"": [""FORMAL_OR_PROOF_ASSISTANT_COMPONENT_DISCLOSED""], ""declarations"": [], ""elaboration_status"": ""NOT_APPLICABLE_OR_NOT_RUN"", ""exact_conclusion_match"": null, ""exact_hypothesis_match"": null, ""lab_or_test_evidence"": [], ""modules"": [], ""source_files"": [], ""statement_delta"": [""No imported module family was assigned to this paper at Step-2 intake.""], ""status"": ""PAPER_DISCLOSED_ASSET_NOT_IMPORTED"", ""trust_base"": []}","[""CG14"", ""CG16"", ""CG20"", ""CG26""]"
P055-C0026,P055,prose_definition,PROSE_DEFINITION,source/papers/Tsiokos_2026_To_Throw_a_Stone_with_Six_Birds_On_Agents_and_Agenthood.tex:L308-L313; derived/expanded/Tsiokos_2026_To_Throw_a_Stone_with_Six_Birds_On_Agents_and_Agenthood.tex:L308-L313,"Definition (Idempotence defect). The idempotence defect of E is Def(E) := |\ x∈ X: E(E(x))≠ E(x)\ | |X| . If Def(E) 0 , the macro labels behave like stable objects under the lens pi and the policy mu ; if Def(E) is large, the lens fails to induce objecthood (labels do not compose stably).",PROSE_STATUS_OR_ARGUMENT_RECORD,"{""caveats"": [""FORMAL_OR_PROOF_ASSISTANT_COMPONENT_DISCLOSED""], ""declarations"": [], ""elaboration_status"": ""NOT_APPLICABLE_OR_NOT_RUN"", ""exact_conclusion_match"": null, ""exact_hypothesis_match"": null, ""lab_or_test_evidence"": [], ""modules"": [], ""source_files"": [], ""statement_delta"": [""No imported module family was assigned to this paper at Step-2 intake.""], ""status"": ""PAPER_DISCLOSED_ASSET_NOT_IMPORTED"", ""trust_base"": []}","[""CG14"", ""CG16"", ""CG20"", ""CG26""]"
P055-C0027,P055,prose_definition,PROSE_DEFINITION_SECTION,source/papers/Tsiokos_2026_To_Throw_a_Stone_with_Six_Birds_On_Agents_and_Agenthood.tex:L308-L315; derived/expanded/Tsiokos_2026_To_Throw_a_Stone_with_Six_Birds_On_Agents_and_Agenthood.tex:L308-L315,"Definition (Idempotence defect).: The idempotence defect of E is Def(E) := |\ x∈ X: E(E(x))≠ E(x)\ | |X| . If Def(E) 0 , the macro labels behave like stable objects under the lens pi and the policy mu ; if Def(E) is large, the lens fails to induce objecthood (labels do not compose stably).",NAMED_SOURCE_SECTION_ARGUMENT,"{""caveats"": [""FORMAL_OR_PROOF_ASSISTANT_COMPONENT_DISCLOSED""], ""declarations"": [], ""elaboration_status"": ""NOT_APPLICABLE_OR_NOT_RUN"", ""exact_conclusion_match"": null, ""exact_hypothesis_match"": null, ""lab_or_test_evidence"": [], ""modules"": [], ""source_files"": [], ""statement_delta"": [""No imported module family was assigned to this paper at Step-2 intake.""], ""status"": ""PAPER_DISCLOSED_ASSET_NOT_IMPORTED"", ""trust_base"": []}","[""CG14"", ""CG16"", ""CG20"", ""CG26""]"
P055-C0028,P055,prose_definition,PROSE_DEFINITION,source/papers/Tsiokos_2026_To_Throw_a_Stone_with_Six_Birds_On_Agents_and_Agenthood.tex:L321-L322; derived/expanded/Tsiokos_2026_To_Throw_a_Stone_with_Six_Birds_On_Agents_and_Agenthood.tex:L321-L322,"Definition (Agent as a theory object, operational). Fix a theory layer T (kernel + feasibility + ledger), lenses (f,pi) , horizons (H,tau) , and a maintenance policy mu for E . We call the induced package an agent theory object at this scale if (i) the viability kernel K is nonempty for the chosen safety predicate (maintained existence), (ii) the macro labels behave object-like under pi and mu at horizon tau (low idempotence defect), and (iii) the within-layer action channel to f at horizon H is nontrivial (positive feasible empowerment on K ). The exhibits report these as |K| , median empowerment on K , and Def(E) .",PROSE_STATUS_OR_ARGUMENT_RECORD,"{""caveats"": [""FORMAL_OR_PROOF_ASSISTANT_COMPONENT_DISCLOSED""], ""declarations"": [], ""elaboration_status"": ""NOT_APPLICABLE_OR_NOT_RUN"", ""exact_conclusion_match"": null, ""exact_hypothesis_match"": null, ""lab_or_test_evidence"": [], ""modules"": [], ""source_files"": [], ""statement_delta"": [""No imported module family was assigned to this paper at Step-2 intake.""], ""status"": ""PAPER_DISCLOSED_ASSET_NOT_IMPORTED"", ""trust_base"": []}","[""CG14"", ""CG16"", ""CG20"", ""CG26""]"
P055-C0029,P055,prose_definition,PROSE_DEFINITION_SECTION,source/papers/Tsiokos_2026_To_Throw_a_Stone_with_Six_Birds_On_Agents_and_Agenthood.tex:L321-L324; derived/expanded/Tsiokos_2026_To_Throw_a_Stone_with_Six_Birds_On_Agents_and_Agenthood.tex:L321-L324,"Definition (Agent as a theory object, operational).: Fix a theory layer T (kernel + feasibility + ledger), lenses (f,pi) , horizons (H,tau) , and a maintenance policy mu for E . We call the induced package an agent theory object at this scale if (i) the viability kernel K is nonempty for the chosen safety predicate (maintained existence), (ii) the macro labels behave object-like under pi and mu at horizon tau (low idempotence defect), and (iii) the within-layer action channel to f at horizon H is nontrivial (positive feasible empowerment on K ). The exhibits report these as |K| , median empowerment on K , and Def(E) .",NAMED_SOURCE_SECTION_ARGUMENT,"{""caveats"": [""FORMAL_OR_PROOF_ASSISTANT_COMPONENT_DISCLOSED""], ""declarations"": [], ""elaboration_status"": ""NOT_APPLICABLE_OR_NOT_RUN"", ""exact_conclusion_match"": null, ""exact_hypothesis_match"": null, ""lab_or_test_evidence"": [], ""modules"": [], ""source_files"": [], ""statement_delta"": [""No imported module family was assigned to this paper at Step-2 intake.""], ""status"": ""PAPER_DISCLOSED_ASSET_NOT_IMPORTED"", ""trust_base"": []}","[""CG14"", ""CG16"", ""CG20"", ""CG26""]"
P044-C0021,P044,definition,DEFINITION,source/papers/Tsiokos_2026_To_Chat_a_Stone_with_Six_Birds_Language_Theory_Models.tex:L273-L283; derived/expanded/Tsiokos_2026_To_Chat_a_Stone_with_Six_Birds_Language_Theory_Models.tex:L273-L283,"Closure-package layer: A typed audited layer is a pair Tlayer i =(Xspace i , i ), where Xspace i is a finite microstate space and i :Xspace i →Xspace i is an idempotent self-map, i i = i . The induced equivalence relation on Xspace i identifies two microstates when they lie in the same pre-image of a fixed point in the image of i . Equivalently, the quotient partition is the partition of Xspace i into fibers of the map onto its fixed-point image .",NOT_APPLICABLE_DEFINITION,"{""caveats"": [""FORMAL_OR_PROOF_ASSISTANT_COMPONENT_DISCLOSED""], ""declarations"": [], ""elaboration_status"": ""NOT_APPLICABLE_OR_NOT_RUN"", ""exact_conclusion_match"": null, ""exact_hypothesis_match"": null, ""lab_or_test_evidence"": [], ""modules"": [], ""source_files"": [], ""statement_delta"": [""No imported module family was assigned to this paper at Step-2 intake.""], ""status"": ""PAPER_DISCLOSED_ASSET_NOT_IMPORTED"", ""trust_base"": []}","[""CG09"", ""CG16"", ""CG20"", ""CG26""]"
P044-C0022,P044,definition,DEFINITION,source/papers/Tsiokos_2026_To_Chat_a_Stone_with_Six_Birds_Language_Theory_Models.tex:L285-L295; derived/expanded/Tsiokos_2026_To_Chat_a_Stone_with_Six_Birds_Language_Theory_Models.tex:L285-L295,"Closure-deficit statistic: Given a layer Tlayer i and a declared lookahead tau , the closure-deficit statistic CD_ tau is the conditional-information residual measuring how much next- tau -token structure on Xspace i remains unresolved by the quotient map i . Schematically, for an observed current microstate X_0 and a future window X_ >0, tau , CD_ tau H (X_ >0, tau i (X_0) ) - H (X_ >0, tau X_0 ). Thus CD_ tau is the conditional-entropy gap between prediction from the layer quotient and prediction from the raw microstate, restricted to the declared lookahead window. The runtime estimates this quantity from finite samples and reports estimator-quality flags alongside the value .",NOT_APPLICABLE_DEFINITION,"{""caveats"": [""FORMAL_OR_PROOF_ASSISTANT_COMPONENT_DISCLOSED""], ""declarations"": [], ""elaboration_status"": ""NOT_APPLICABLE_OR_NOT_RUN"", ""exact_conclusion_match"": null, ""exact_hypothesis_match"": null, ""lab_or_test_evidence"": [], ""modules"": [], ""source_files"": [], ""statement_delta"": [""No imported module family was assigned to this paper at Step-2 intake.""], ""status"": ""PAPER_DISCLOSED_ASSET_NOT_IMPORTED"", ""trust_base"": []}","[""CG09"", ""CG16"", ""CG20"", ""CG26""]"
P044-C0023,P044,definition,DEFINITION,source/papers/Tsiokos_2026_To_Chat_a_Stone_with_Six_Birds_Language_Theory_Models.tex:L297-L305; derived/expanded/Tsiokos_2026_To_Chat_a_Stone_with_Six_Birds_Language_Theory_Models.tex:L297-L305,"Idempotence/self-consistency defect: Given a layer Tlayer i , lookahead tau , and readout f , the idempotence/self-consistency defect delta_ tau,f is the empirical fixed-point gap measuring deviation from i i = i on observed data through f . A typical estimator is a total-variation or analogous distributional distance between the empirical readout distribution after one application of i and after two applications: delta_ tau,f d (f( i (X_0)), f( i ( i (X_0))) ), with the future window and readout determining which empirical events are compared. As with CD_ tau , the runtime reports finite-sample support and propagates estimator-quality flags rather than treating small empirical deviations as exact equalities .",NOT_APPLICABLE_DEFINITION,"{""caveats"": [""FORMAL_OR_PROOF_ASSISTANT_COMPONENT_DISCLOSED""], ""declarations"": [], ""elaboration_status"": ""NOT_APPLICABLE_OR_NOT_RUN"", ""exact_conclusion_match"": null, ""exact_hypothesis_match"": null, ""lab_or_test_evidence"": [], ""modules"": [], ""source_files"": [], ""statement_delta"": [""No imported module family was assigned to this paper at Step-2 intake.""], ""status"": ""PAPER_DISCLOSED_ASSET_NOT_IMPORTED"", ""trust_base"": []}","[""CG09"", ""CG16"", ""CG20"", ""CG26""]"
P044-C0024,P044,definition,DEFINITION,source/papers/Tsiokos_2026_To_Chat_a_Stone_with_Six_Birds_Language_Theory_Models.tex:L307-L315; derived/expanded/Tsiokos_2026_To_Chat_a_Stone_with_Six_Birds_Language_Theory_Models.tex:L307-L315,"Strict extension: Let q_i(s)= i (s) denote the parent quotient representative for a parent layer Tlayer i , and let q_ i+1 denote the candidate quotient evaluated on the same observed support through the declared candidate lift into Xspace i+1 . A candidate layer Tlayer i+1 is a strict extension of Tlayer i when there exist observed microstates s,s'∈ Xspace i such that q_i(s)=q_i(s') and q_ i+1 (s) q_ i+1 (s'). Equivalently, the candidate quotient does not factor through the parent quotient: it separates at least one pair that the parent identifies. The strict-extension certificate StrictExtCert records such a witness pair together with the audit evidence that licenses committing the candidate as a new layer .",NOT_APPLICABLE_DEFINITION,"{""caveats"": [""FORMAL_OR_PROOF_ASSISTANT_COMPONENT_DISCLOSED""], ""declarations"": [], ""elaboration_status"": ""NOT_APPLICABLE_OR_NOT_RUN"", ""exact_conclusion_match"": null, ""exact_hypothesis_match"": null, ""lab_or_test_evidence"": [], ""modules"": [], ""source_files"": [], ""statement_delta"": [""No imported module family was assigned to this paper at Step-2 intake.""], ""status"": ""PAPER_DISCLOSED_ASSET_NOT_IMPORTED"", ""trust_base"": []}","[""CG09""]"
P013-C0034,P013,prose_definition,PROSE_DEFINITION_SECTION,source/papers/Tsiokos_2026_Institutions_Are_Strict_Extensions_of_the_Game.tex:L1525-L1532; derived/expanded/Tsiokos_2026_Institutions_Are_Strict_Extensions_of_the_Game.tex:L1525-L1532,"Carrier definitions and gate predicates: This appendix fixes the formal objects used in the body. The predictive-state, closure-deficit, and promotion-gate definitions are the standard imported objects cited in the body; the carrier-specific instances below are the finite objects on which this paper's exact recomputations are performed.",NAMED_SOURCE_SECTION_ARGUMENT,"{""caveats"": [""FINITE_RECOMPUTATION_EXPLICITLY_NOT_PROOF_ASSISTANT""], ""declarations"": [], ""elaboration_status"": ""NOT_APPLICABLE_OR_NOT_RUN"", ""exact_conclusion_match"": null, ""exact_hypothesis_match"": null, ""lab_or_test_evidence"": [], ""modules"": [], ""source_files"": [], ""statement_delta"": [""No imported module family was assigned to this paper at Step-2 intake.""], ""status"": ""PAPER_DISCLOSED_ASSET_NOT_IMPORTED"", ""trust_base"": []}","[""CG09"", ""CG14"", ""CG16"", ""CG20"", ""CG26""]"
P013-C0035,P013,prose_definition,PROSE_DEFINITION_SECTION,source/papers/Tsiokos_2026_Institutions_Are_Strict_Extensions_of_the_Game.tex:L1532-L1675; derived/expanded/Tsiokos_2026_Institutions_Are_Strict_Extensions_of_the_Game.tex:L1532-L1675,"Definitions: A stage game g is a declared two-player 2×2 game with action sets Act_i=\ C,D\ , joint-profile set Omega=Act_1×Act_2=\ CC,CD,DC,DD\ , and exact rational payoff map u_g:Omega→ Q^2 . A deterministic memory-one reactive rule is r=(alpha,r_ CC ,r_ CD ,r_ DC ,r_ DD )∈\ C,D\ ^5, where alpha is the initial action and r_omega is the action after the previous joint profile omega∈Omega . The catalog R_ 32 contains all 2^5=32 such rules; named rules such as always-cooperate, always-defect, tit-for-tat, grim, and win-stay-lose-shift are catalog entries.",NAMED_SOURCE_SECTION_ARGUMENT,"{""caveats"": [""FINITE_RECOMPUTATION_EXPLICITLY_NOT_PROOF_ASSISTANT""], ""declarations"": [], ""elaboration_status"": ""NOT_APPLICABLE_OR_NOT_RUN"", ""exact_conclusion_match"": null, ""exact_hypothesis_match"": null, ""lab_or_test_evidence"": [], ""modules"": [], ""source_files"": [], ""statement_delta"": [""No imported module family was assigned to this paper at Step-2 intake.""], ""status"": ""PAPER_DISCLOSED_ASSET_NOT_IMPORTED"", ""trust_base"": []}","[""CG09"", ""CG14"", ""CG16"", ""CG20"", ""CG26""]"
P018-C0008,P018,definition,DEFINITION,source/papers/Tsiokos_2026_One_Meta_Theory_Three_Clay_Problem_Closures.tex:L716-L724; derived/expanded/Tsiokos_2026_One_Meta_Theory_Three_Clay_Problem_Closures.tex:L716-L724,"Carrier residual: For the purposes of this paper, the carrier's adequacy residual Xi_C(D L) is the Paper 1 obstruction-residual measure of a typed carrier C against its accepted-imports base, meaning the external mathematical material licensed for that carrier by closure formation: it records the remaining target-relevant gap after the carrier's native coverage in domain D is accounted for at level L .",NOT_APPLICABLE_DEFINITION,"{""caveats"": [""FORMAL_OR_PROOF_ASSISTANT_COMPONENT_DISCLOSED""], ""declarations"": [], ""elaboration_status"": ""NOT_APPLICABLE_OR_NOT_RUN"", ""exact_conclusion_match"": null, ""exact_hypothesis_match"": null, ""lab_or_test_evidence"": [], ""modules"": [], ""source_files"": [], ""statement_delta"": [""No imported module family was assigned to this paper at Step-2 intake.""], ""status"": ""PAPER_DISCLOSED_ASSET_NOT_IMPORTED"", ""trust_base"": []}","[""CG27""]"
P018-C0010,P018,definition,DEFINITION,source/papers/Tsiokos_2026_One_Meta_Theory_Three_Clay_Problem_Closures.tex:L947-L962; derived/expanded/Tsiokos_2026_One_Meta_Theory_Three_Clay_Problem_Closures.tex:L947-L962,"Typed primary carrier: A typed primary carrier aimed at X is the carrier-level datum introduced in S : an attempted proof construction whose type signature targets the conjecture X , carries the residual Xi_C(D L) from , and comes equipped with the accepted-imports base and audit setting in which that residual is interpreted. Formally, this section works with carriers satisfying C X, C -context discipline, R_C=Xi_C(D_C L_C), together with target-relative bridge predicates and carrier-internal cascade predicates. The target-relative predicates depend on X ; the cascade predicates are intrinsic to C 's own residual cascade.",NOT_APPLICABLE_DEFINITION,"{""caveats"": [""FORMAL_OR_PROOF_ASSISTANT_COMPONENT_DISCLOSED""], ""declarations"": [], ""elaboration_status"": ""NOT_APPLICABLE_OR_NOT_RUN"", ""exact_conclusion_match"": null, ""exact_hypothesis_match"": null, ""lab_or_test_evidence"": [], ""modules"": [], ""source_files"": [], ""statement_delta"": [""No imported module family was assigned to this paper at Step-2 intake.""], ""status"": ""PAPER_DISCLOSED_ASSET_NOT_IMPORTED"", ""trust_base"": []}","[""CG27""]"
P018-C0011,P018,definition,DEFINITION,source/papers/Tsiokos_2026_One_Meta_Theory_Three_Clay_Problem_Closures.tex:L964-L1001; derived/expanded/Tsiokos_2026_One_Meta_Theory_Three_Clay_Problem_Closures.tex:L964-L1001,"Four typed carrier states: For a typed primary carrier C aimed at X , the four Part I states are the following. The non- X -equivalent\ state says that the residual closure of C is logically equivalent to some conjectural content X' distinct from X . The three carrier-residual equivalent states are CRE-TE , the target-equivalent fallback; CRE-BF , the bridge-failed dead end; and CRE-CTMT , the cascade-terminal matrix-element case. The last three are the three typed foreclosure modes available once the residual closure is X -equivalent. Equivalently, writing B for the accepted-imports base, non- X -equivalent_X(C) Longleftrightarrow X'. (R_C=0 X') X'≠ X, OpenPending_ B (X') Longleftrightarrow B(X'), NativeOutcome_ B (C,X') Longleftrightarrow ( B(X') R_C=0) OpenPending_ B (X'), CRE-TE _X(C) Longleftrightarrow (R_C=0 X) SelfAuditFail(C), CRE-BF _X(C) Longleftrightarrow NoBridge(C,X) BridgeMismatch(C,X), CRE-CTMT _X(C) Longleftrightarrow MRed(C) (C) (C,X).",NOT_APPLICABLE_DEFINITION,"{""caveats"": [""FORMAL_OR_PROOF_ASSISTANT_COMPONENT_DISCLOSED""], ""declarations"": [], ""elaboration_status"": ""NOT_APPLICABLE_OR_NOT_RUN"", ""exact_conclusion_match"": null, ""exact_hypothesis_match"": null, ""lab_or_test_evidence"": [], ""modules"": [], ""source_files"": [], ""statement_delta"": [""No imported module family was assigned to this paper at Step-2 intake.""], ""status"": ""PAPER_DISCLOSED_ASSET_NOT_IMPORTED"", ""trust_base"": []}","[""CG27""]"
P018-C0012,P018,definition,DEFINITION,source/papers/Tsiokos_2026_One_Meta_Theory_Three_Clay_Problem_Closures.tex:L1003-L1011; derived/expanded/Tsiokos_2026_One_Meta_Theory_Three_Clay_Problem_Closures.tex:L1003-L1011,"Coverage context: Fix a target conjecture X and an accepted-imports base B:Prop→Prop with import soundness. A coverage context for (X, B) , denoted CoverageCtx(X,C) when the typed carrier under audit is C , is an opaque admissibility predicate marking the audit setting in which the four-state classification is intended to be exhaustive. The predicate is treated as primitive in the body of this paper.",NOT_APPLICABLE_DEFINITION,"{""caveats"": [""FORMAL_OR_PROOF_ASSISTANT_COMPONENT_DISCLOSED""], ""declarations"": [], ""elaboration_status"": ""NOT_APPLICABLE_OR_NOT_RUN"", ""exact_conclusion_match"": null, ""exact_hypothesis_match"": null, ""lab_or_test_evidence"": [], ""modules"": [], ""source_files"": [], ""statement_delta"": [""No imported module family was assigned to this paper at Step-2 intake.""], ""status"": ""PAPER_DISCLOSED_ASSET_NOT_IMPORTED"", ""trust_base"": []}","[""CG27""]"
P018-C0014,P018,definition,DEFINITION,source/papers/Tsiokos_2026_One_Meta_Theory_Three_Clay_Problem_Closures.tex:L1157-L1171; derived/expanded/Tsiokos_2026_One_Meta_Theory_Three_Clay_Problem_Closures.tex:L1157-L1171,"Carrier-side typed bridge: A carrier-side typed bridge\ is a typed transport object used in the Part I carrier audit: it is directed from a carrier-side comparison context toward the target-side carrier data, and its composition with the original carrier is part of the typed evidence under review. This is the carrier-side bridge of Part I. It is distinct from the calibration-side typed bridge used later in Part III for bridges between calibrations. The composition relation is written BridgeComp_X(B,C,C_B), meaning that the bridge B composed with the original carrier C produces the enriched composite carrier C_B for target X .",NOT_APPLICABLE_DEFINITION,"{""caveats"": [""FORMAL_OR_PROOF_ASSISTANT_COMPONENT_DISCLOSED""], ""declarations"": [], ""elaboration_status"": ""NOT_APPLICABLE_OR_NOT_RUN"", ""exact_conclusion_match"": null, ""exact_hypothesis_match"": null, ""lab_or_test_evidence"": [], ""modules"": [], ""source_files"": [], ""statement_delta"": [""No imported module family was assigned to this paper at Step-2 intake.""], ""status"": ""PAPER_DISCLOSED_ASSET_NOT_IMPORTED"", ""trust_base"": []}","[""CG27""]"
P018-C0015,P018,definition,DEFINITION,source/papers/Tsiokos_2026_One_Meta_Theory_Three_Clay_Problem_Closures.tex:L1173-L1180; derived/expanded/Tsiokos_2026_One_Meta_Theory_Three_Clay_Problem_Closures.tex:L1173-L1180,"X -strength obligation: An X -strength obligation\ is the obligation carried by a bridge whose composition with a non- X -equivalent carrier produces an X -equivalent composite. In standard terms, the bridge is no longer merely a change of presentation; it must supply the target-strength content needed for the composite to hit X . We write this predicate as XObl(B,X) .",NOT_APPLICABLE_DEFINITION,"{""caveats"": [""FORMAL_OR_PROOF_ASSISTANT_COMPONENT_DISCLOSED""], ""declarations"": [], ""elaboration_status"": ""NOT_APPLICABLE_OR_NOT_RUN"", ""exact_conclusion_match"": null, ""exact_hypothesis_match"": null, ""lab_or_test_evidence"": [], ""modules"": [], ""source_files"": [], ""statement_delta"": [""No imported module family was assigned to this paper at Step-2 intake.""], ""status"": ""PAPER_DISCLOSED_ASSET_NOT_IMPORTED"", ""trust_base"": []}","[""CG27""]"
P018-C0020,P018,definition,DEFINITION,source/papers/Tsiokos_2026_One_Meta_Theory_Three_Clay_Problem_Closures.tex:L1458-L1463; derived/expanded/Tsiokos_2026_One_Meta_Theory_Three_Clay_Problem_Closures.tex:L1458-L1463,"Framework-scope predicate: For a target conjecture X , the framework-scope predicate InScope(X) marks X as a target to which the framework-internal-move audit applies. The predicate is treated as primitive in the body.",NOT_APPLICABLE_DEFINITION,"{""caveats"": [""FORMAL_OR_PROOF_ASSISTANT_COMPONENT_DISCLOSED""], ""declarations"": [], ""elaboration_status"": ""NOT_APPLICABLE_OR_NOT_RUN"", ""exact_conclusion_match"": null, ""exact_hypothesis_match"": null, ""lab_or_test_evidence"": [], ""modules"": [], ""source_files"": [], ""statement_delta"": [""No imported module family was assigned to this paper at Step-2 intake.""], ""status"": ""PAPER_DISCLOSED_ASSET_NOT_IMPORTED"", ""trust_base"": []}","[""CG27""]"
P018-C0024,P018,definition,DEFINITION,source/papers/Tsiokos_2026_One_Meta_Theory_Three_Clay_Problem_Closures.tex:L1703-L1723; derived/expanded/Tsiokos_2026_One_Meta_Theory_Three_Clay_Problem_Closures.tex:L1703-L1723,"V-Differential trace-state-only column: A substrate lies in the V-Differential trace-state-only column\ when the load-bearing witness for closure is not exposed as a direct witness object by the problem, but is instead available through trace-state evidence that must be named and accepted by the closure-formation discipline. Writing S for a substrate, V-Differential trace-state-only column(S) Longleftrightarrow WitnessCompressedAsTraceState(S), V-Differential witness-content-exposing column(S) Longleftrightarrow WitnessExposedByProblem(S). The first predicate is the column membership used by the recognition-mode template. The second records the contrasting case: the substrate exposes its load-bearing witness through its own problem-specific closure apparatus.",NOT_APPLICABLE_DEFINITION,"{""caveats"": [""FORMAL_OR_PROOF_ASSISTANT_COMPONENT_DISCLOSED""], ""declarations"": [], ""elaboration_status"": ""NOT_APPLICABLE_OR_NOT_RUN"", ""exact_conclusion_match"": null, ""exact_hypothesis_match"": null, ""lab_or_test_evidence"": [], ""modules"": [], ""source_files"": [], ""statement_delta"": [""No imported module family was assigned to this paper at Step-2 intake.""], ""status"": ""PAPER_DISCLOSED_ASSET_NOT_IMPORTED"", ""trust_base"": []}","[""CG27""]"
P018-C0025,P018,definition,DEFINITION,source/papers/Tsiokos_2026_One_Meta_Theory_Three_Clay_Problem_Closures.tex:L1857-L1862; derived/expanded/Tsiokos_2026_One_Meta_Theory_Three_Clay_Problem_Closures.tex:L1857-L1862,"Template-applies predicate: For a substrate c , a target X , and the seven-stage template T , the predicate Applies(c,X,T) marks (c,X) as a pair on which the template's seven-stage audit succeeds. The predicate is treated as primitive in the body.",NOT_APPLICABLE_DEFINITION,"{""caveats"": [""FORMAL_OR_PROOF_ASSISTANT_COMPONENT_DISCLOSED""], ""declarations"": [], ""elaboration_status"": ""NOT_APPLICABLE_OR_NOT_RUN"", ""exact_conclusion_match"": null, ""exact_hypothesis_match"": null, ""lab_or_test_evidence"": [], ""modules"": [], ""source_files"": [], ""statement_delta"": [""No imported module family was assigned to this paper at Step-2 intake.""], ""status"": ""PAPER_DISCLOSED_ASSET_NOT_IMPORTED"", ""trust_base"": []}","[""CG27""]"
P018-C0028,P018,definition,DEFINITION,source/papers/Tsiokos_2026_One_Meta_Theory_Three_Clay_Problem_Closures.tex:L1948-L1955; derived/expanded/Tsiokos_2026_One_Meta_Theory_Three_Clay_Problem_Closures.tex:L1948-L1955,Three-option derivation sweep: The three-option derivation sweep is the Stage-6 sub-procedure that runs a trace-state-only closure attempt against three options. The framework-primitive option\ asks whether the closure is reachable by framework-primitive descent. The SAU non-descent option\ asks whether the attempted derivation stops at non-descent at the SAU boundary. The V-Differential elevation option\ asks whether elevating the data inside V-Differential resolves the closure route.,NOT_APPLICABLE_DEFINITION,"{""caveats"": [""FORMAL_OR_PROOF_ASSISTANT_COMPONENT_DISCLOSED""], ""declarations"": [], ""elaboration_status"": ""NOT_APPLICABLE_OR_NOT_RUN"", ""exact_conclusion_match"": null, ""exact_hypothesis_match"": null, ""lab_or_test_evidence"": [], ""modules"": [], ""source_files"": [], ""statement_delta"": [""No imported module family was assigned to this paper at Step-2 intake.""], ""status"": ""PAPER_DISCLOSED_ASSET_NOT_IMPORTED"", ""trust_base"": []}","[""CG27""]"
P018-C0030,P018,definition,DEFINITION,source/papers/Tsiokos_2026_One_Meta_Theory_Three_Clay_Problem_Closures.tex:L2114-L2120; derived/expanded/Tsiokos_2026_One_Meta_Theory_Three_Clay_Problem_Closures.tex:L2114-L2120,"Load-bearing predicate: For a structural content s , a substrate c , and a target X , the predicate LoadBearingFor(s,c,X) marks s as load-bearing for the closure of X on c , that is, s is what closure formation must accept as named recognition in order to land X . The predicate is treated as primitive in the body.",NOT_APPLICABLE_DEFINITION,"{""caveats"": [""FORMAL_OR_PROOF_ASSISTANT_COMPONENT_DISCLOSED""], ""declarations"": [], ""elaboration_status"": ""NOT_APPLICABLE_OR_NOT_RUN"", ""exact_conclusion_match"": null, ""exact_hypothesis_match"": null, ""lab_or_test_evidence"": [], ""modules"": [], ""source_files"": [], ""statement_delta"": [""No imported module family was assigned to this paper at Step-2 intake.""], ""status"": ""PAPER_DISCLOSED_ASSET_NOT_IMPORTED"", ""trust_base"": []}","[""CG27""]"
P018-C0038,P018,definition,DEFINITION,source/papers/Tsiokos_2026_One_Meta_Theory_Three_Clay_Problem_Closures.tex:L2544-L2558; derived/expanded/Tsiokos_2026_One_Meta_Theory_Three_Clay_Problem_Closures.tex:L2544-L2558,"Calibration: A calibration is a record consisting of a name, a detector class, and a native carrier type. The name identifies the calibration in the family; the detector class states what kind of obstruction it reads; and the native carrier type states the mathematical carrier in which that detector is meaningful. Symbolically, the record shape is Calibration = \ name:String,\ detectorClass:String,\ nativeCarrierType:String\ .",NOT_APPLICABLE_DEFINITION,"{""caveats"": [""FORMAL_OR_PROOF_ASSISTANT_COMPONENT_DISCLOSED""], ""declarations"": [], ""elaboration_status"": ""NOT_APPLICABLE_OR_NOT_RUN"", ""exact_conclusion_match"": null, ""exact_hypothesis_match"": null, ""lab_or_test_evidence"": [], ""modules"": [], ""source_files"": [], ""statement_delta"": [""No imported module family was assigned to this paper at Step-2 intake.""], ""status"": ""PAPER_DISCLOSED_ASSET_NOT_IMPORTED"", ""trust_base"": []}","[""CG27""]"
P018-C0040,P018,prose_definition,PROSE_DEFINITION,source/papers/Tsiokos_2026_One_Meta_Theory_Three_Clay_Problem_Closures.tex:L2584-L2594; derived/expanded/Tsiokos_2026_One_Meta_Theory_Three_Clay_Problem_Closures.tex:L2584-L2594,"Define C_0 to be the thirteen records displayed in . Each entry has the three fields of : a name, a detector class, and a native carrier type. Thus every listed row is a well-typed calibration record. By direct enumeration of the list, there are thirteen entries, so | C_0|=13, hence | C_0| 13 .",PROSE_STATUS_OR_ARGUMENT_RECORD,"{""caveats"": [""FORMAL_OR_PROOF_ASSISTANT_COMPONENT_DISCLOSED""], ""declarations"": [], ""elaboration_status"": ""NOT_APPLICABLE_OR_NOT_RUN"", ""exact_conclusion_match"": null, ""exact_hypothesis_match"": null, ""lab_or_test_evidence"": [], ""modules"": [], ""source_files"": [], ""statement_delta"": [""No imported module family was assigned to this paper at Step-2 intake.""], ""status"": ""PAPER_DISCLOSED_ASSET_NOT_IMPORTED"", ""trust_base"": []}","[""CG27""]"
P018-C0041,P018,definition,DEFINITION,source/papers/Tsiokos_2026_One_Meta_Theory_Three_Clay_Problem_Closures.tex:L2672-L2702; derived/expanded/Tsiokos_2026_One_Meta_Theory_Three_Clay_Problem_Closures.tex:L2672-L2702,"Calibration four-axis profile: The four-axis calibration profile of a calibration consists of its algebraic identities, detector class, descent invariants, and carrier orientation. A candidate calibration is a rebadge of an existing calibration when the two profiles match on all four axes. It is genuinely new relative to a family when it is not a rebadge of any existing family member. Thus a profile is the product Profile = AlgId× DetectorClass× DescentInv× CarrierOrient. For profiles p and q , Rebadge(p,q) iff p_ alg =q_ alg p_ det =q_ det p_ desc =q_ desc p_ orient =q_ orient , and GenuineNew(p, F) iff q∈ F,\ (p,q).",NOT_APPLICABLE_DEFINITION,"{""caveats"": [""FORMAL_OR_PROOF_ASSISTANT_COMPONENT_DISCLOSED""], ""declarations"": [], ""elaboration_status"": ""NOT_APPLICABLE_OR_NOT_RUN"", ""exact_conclusion_match"": null, ""exact_hypothesis_match"": null, ""lab_or_test_evidence"": [], ""modules"": [], ""source_files"": [], ""statement_delta"": [""No imported module family was assigned to this paper at Step-2 intake.""], ""status"": ""PAPER_DISCLOSED_ASSET_NOT_IMPORTED"", ""trust_base"": []}","[""CG27""]"
P018-C0043,P018,definition,DEFINITION,source/papers/Tsiokos_2026_One_Meta_Theory_Three_Clay_Problem_Closures.tex:L2770-L2784; derived/expanded/Tsiokos_2026_One_Meta_Theory_Three_Clay_Problem_Closures.tex:L2770-L2784,"Calibration-side typed bridge: A calibration-side typed bridge is a directed typed transport between two calibrations. It has a source calibration, a target calibration, and a bridge kind indicating whether the transport is a basis-change identity or substantive theorem. This is the calibration-side bridge of Part III. It is distinct from the carrier-side typed bridge of , which appears in the Bridge Impossibility Corollary of Part I. The record form is B=\ source:Calibration,\ target:Calibration,\ kind:BridgeKind\ .",NOT_APPLICABLE_DEFINITION,"{""caveats"": [""FORMAL_OR_PROOF_ASSISTANT_COMPONENT_DISCLOSED""], ""declarations"": [], ""elaboration_status"": ""NOT_APPLICABLE_OR_NOT_RUN"", ""exact_conclusion_match"": null, ""exact_hypothesis_match"": null, ""lab_or_test_evidence"": [], ""modules"": [], ""source_files"": [], ""statement_delta"": [""No imported module family was assigned to this paper at Step-2 intake.""], ""status"": ""PAPER_DISCLOSED_ASSET_NOT_IMPORTED"", ""trust_base"": []}","[""CG27""]"
P018-C0044,P018,definition,DEFINITION,source/papers/Tsiokos_2026_One_Meta_Theory_Three_Clay_Problem_Closures.tex:L2786-L2797; derived/expanded/Tsiokos_2026_One_Meta_Theory_Three_Clay_Problem_Closures.tex:L2786-L2797,"Calibration-bridge kind dichotomy: The kind of a calibration-side typed bridge has exactly two possibilities: a basis-change kind, which identifies two presentations of the same detector-and-carrier content, and a substantive kind, which asserts a nontrivial theorem relating structurally different calibration invariants. As a two-constructor type, BridgeKind ::= basisChange substantive.",NOT_APPLICABLE_DEFINITION,"{""caveats"": [""FORMAL_OR_PROOF_ASSISTANT_COMPONENT_DISCLOSED""], ""declarations"": [], ""elaboration_status"": ""NOT_APPLICABLE_OR_NOT_RUN"", ""exact_conclusion_match"": null, ""exact_hypothesis_match"": null, ""lab_or_test_evidence"": [], ""modules"": [], ""source_files"": [], ""statement_delta"": [""No imported module family was assigned to this paper at Step-2 intake.""], ""status"": ""PAPER_DISCLOSED_ASSET_NOT_IMPORTED"", ""trust_base"": []}","[""CG27""]"
P018-C0046,P018,definition,DEFINITION,source/papers/Tsiokos_2026_One_Meta_Theory_Three_Clay_Problem_Closures.tex:L2843-L2854; derived/expanded/Tsiokos_2026_One_Meta_Theory_Three_Clay_Problem_Closures.tex:L2843-L2854,"Calibration-bridge reversal: Given a calibration-side typed bridge B with source S and target T , its formal reversal is the bridge record obtained by swapping the source and target fields. Symmetry is the stronger condition that the original bridge and its reversal agree as typed bridge data. Writing B:S→ T , the reversed record B^ op has type B^ op :T→ S, kind(B^ op )=kind(B).",NOT_APPLICABLE_DEFINITION,"{""caveats"": [""FORMAL_OR_PROOF_ASSISTANT_COMPONENT_DISCLOSED""], ""declarations"": [], ""elaboration_status"": ""NOT_APPLICABLE_OR_NOT_RUN"", ""exact_conclusion_match"": null, ""exact_hypothesis_match"": null, ""lab_or_test_evidence"": [], ""modules"": [], ""source_files"": [], ""statement_delta"": [""No imported module family was assigned to this paper at Step-2 intake.""], ""status"": ""PAPER_DISCLOSED_ASSET_NOT_IMPORTED"", ""trust_base"": []}","[""CG27""]"
P018-C0049,P018,definition,DEFINITION,source/papers/Tsiokos_2026_One_Meta_Theory_Three_Clay_Problem_Closures.tex:L3068-L3099; derived/expanded/Tsiokos_2026_One_Meta_Theory_Three_Clay_Problem_Closures.tex:L3068-L3099,"Framework-type: A framework-type is a four-axis record consisting of uniformity, worst-caseness, scoping, and packaging. On the P versus NP track, the cascade framework-type is nonuniform, average-case, scoped, and package-based. The standard Clay target framework-type is uniform, worst-case, unconditional, and language-based. The uniform / nonuniform and worst-case / average-case axes are the framework-type analogues of the distinctions surveyed in . Thus framework-type = Uniformity× WorstCaseness× Scoping× Packaging. For the P versus NP row, F_ PvNP = (nonuniform,averageCase, scoped,packageBased), T_ Clay = (uniform,worstCase, unconditional,languageBased). The matching predicate is componentwise equality on these four axes.",NOT_APPLICABLE_DEFINITION,"{""caveats"": [""FORMAL_OR_PROOF_ASSISTANT_COMPONENT_DISCLOSED""], ""declarations"": [], ""elaboration_status"": ""NOT_APPLICABLE_OR_NOT_RUN"", ""exact_conclusion_match"": null, ""exact_hypothesis_match"": null, ""lab_or_test_evidence"": [], ""modules"": [], ""source_files"": [], ""statement_delta"": [""No imported module family was assigned to this paper at Step-2 intake.""], ""status"": ""PAPER_DISCLOSED_ASSET_NOT_IMPORTED"", ""trust_base"": []}","[""CG27""]"
P018-C0052,P018,definition,DEFINITION,source/papers/Tsiokos_2026_One_Meta_Theory_Three_Clay_Problem_Closures.tex:L3198-L3213; derived/expanded/Tsiokos_2026_One_Meta_Theory_Three_Clay_Problem_Closures.tex:L3198-L3213,"Named functorial gate: A named functorial gate consists of a name, a typed source, a typed target, a direction, and a stated theorem obligation. It is a typed bridge-as-content: the gate does not assert that the transport has been supplied, but records exactly what a supplied transport would have to prove. The record shape is FunctorialGate = \ name,source,target, direction,theoremObligation\ . Here source and target are typed-source descriptions: calibration, regime, or framework/target type labels, depending on the gate.",NOT_APPLICABLE_DEFINITION,"{""caveats"": [""FORMAL_OR_PROOF_ASSISTANT_COMPONENT_DISCLOSED""], ""declarations"": [], ""elaboration_status"": ""NOT_APPLICABLE_OR_NOT_RUN"", ""exact_conclusion_match"": null, ""exact_hypothesis_match"": null, ""lab_or_test_evidence"": [], ""modules"": [], ""source_files"": [], ""statement_delta"": [""No imported module family was assigned to this paper at Step-2 intake.""], ""status"": ""PAPER_DISCLOSED_ASSET_NOT_IMPORTED"", ""trust_base"": []}","[""CG27""]"
P018-C0054,P018,prose_definition,PROSE_DEFINITION,source/papers/Tsiokos_2026_One_Meta_Theory_Three_Clay_Problem_Closures.tex:L3258-L3276; derived/expanded/Tsiokos_2026_One_Meta_Theory_Three_Clay_Problem_Closures.tex:L3258-L3276,"Define G_ named to be the three records in . Each record has the five fields in : name, source, target, direction, and theorem obligation. Inspection of the displayed catalog gives exactly three entries, so | G_ named |=3. Moreover, each displayed row has a nonempty name and a nonempty theorem obligation field. Therefore every g∈ G_ named satisfies the species-level well-formedness condition. This proves the catalog theorem. No individual gate obligation is solved by this argument; those obligations are exactly the source-to-target transports named in the fifth field of each gate record. This theorem is verified in Lean as SixBirdsMetaMath.MetaMath. CalibrationFamily.FunctorialGates. named_functorial_gates; see Appendix .",PROSE_STATUS_OR_ARGUMENT_RECORD,"{""caveats"": [""FORMAL_OR_PROOF_ASSISTANT_COMPONENT_DISCLOSED""], ""declarations"": [], ""elaboration_status"": ""NOT_APPLICABLE_OR_NOT_RUN"", ""exact_conclusion_match"": null, ""exact_hypothesis_match"": null, ""lab_or_test_evidence"": [], ""modules"": [], ""source_files"": [], ""statement_delta"": [""No imported module family was assigned to this paper at Step-2 intake.""], ""status"": ""PAPER_DISCLOSED_ASSET_NOT_IMPORTED"", ""trust_base"": []}","[""CG27""]"
P019-C0005,P019,definition,DEFINITION,source/papers/Tsiokos_2026_P_NP_under_Closure_of_the_Saturated_SAT_Layer.tex:L416-L443; derived/expanded/Tsiokos_2026_P_NP_under_Closure_of_the_Saturated_SAT_Layer.tex:L416-L443,"Audited SAT shell: The audited SAT shell S_ aud ^ SAT is the finite-stage typed state record for the SAT construction. A point of S_ aud ^ SAT is a tuple s=(K_ poly ,Inst,sigma_ L , , pkg,Audit,beta), where: K_ poly is the declared polynomial-time machine class, consisting of deterministic polynomial-time transducers together with time certificates; Inst is the active SAT instance database, an indexed family of encoded SAT formulas under the current size filter; sigma_ L is the autonomous lift state, including phase and internal trace data; is the current visibility lens; pkg is the active quotient and continuation packaging; Audit is the audit ledger; beta is the polynomial budget and replay ledger. The audited shell is realized in Lean by the audited SAT shell declaration listed in .",NOT_APPLICABLE_DEFINITION,"{""caveats"": [""FORMAL_OR_PROOF_ASSISTANT_COMPONENT_DISCLOSED""], ""declarations"": [], ""elaboration_status"": ""NOT_APPLICABLE_OR_NOT_RUN"", ""exact_conclusion_match"": null, ""exact_hypothesis_match"": null, ""lab_or_test_evidence"": [], ""modules"": [], ""source_files"": [], ""statement_delta"": [""No imported module family was assigned to this paper at Step-2 intake.""], ""status"": ""PAPER_DISCLOSED_ASSET_NOT_IMPORTED"", ""trust_base"": []}","[""CG27""]"
P019-C0006,P019,definition,DEFINITION,source/papers/Tsiokos_2026_P_NP_under_Closure_of_the_Saturated_SAT_Layer.tex:L477-L498; derived/expanded/Tsiokos_2026_P_NP_under_Closure_of_the_Saturated_SAT_Layer.tex:L477-L498,"SAT history carrier: The SAT history carrier H^ ! _ SAT is the all-input, machine-indexed collection of SAT histories generated over the audited SAT shells. At finite stage N , a history in HsatN N is a finite typed trace h=( ,e,p_ e ,I_ e ,trace_ Q , sigma_ L ,Cont_ M ,Audit_ h ), where is an encoded SAT instance of size at most N , e is a deterministic polynomial-time transducer index, p_ e is its time certificate, I_ e is the package interface, trace_ Q is the current trace produced by the autonomous run, sigma_ L is the autonomous lift state, Cont_ M is the predictive continuation record, and Audit_ h is the history-local audit record. The SAT history carrier is realized in Lean by the SAT history carrier declaration listed in , with the finite-stage form exposed as a free argument; see for the narrowing-disclosure discipline.",NOT_APPLICABLE_DEFINITION,"{""caveats"": [""FORMAL_OR_PROOF_ASSISTANT_COMPONENT_DISCLOSED""], ""declarations"": [], ""elaboration_status"": ""NOT_APPLICABLE_OR_NOT_RUN"", ""exact_conclusion_match"": null, ""exact_hypothesis_match"": null, ""lab_or_test_evidence"": [], ""modules"": [], ""source_files"": [], ""statement_delta"": [""No imported module family was assigned to this paper at Step-2 intake.""], ""status"": ""PAPER_DISCLOSED_ASSET_NOT_IMPORTED"", ""trust_base"": []}","[""CG27""]"
P019-C0007,P019,definition,DEFINITION,source/papers/Tsiokos_2026_P_NP_under_Closure_of_the_Saturated_SAT_Layer.tex:L538-L563; derived/expanded/Tsiokos_2026_P_NP_under_Closure_of_the_Saturated_SAT_Layer.tex:L538-L563,"Saturated SAT layer: The saturated SAT layer T^ ! _ SAT is the aggregate typed bookkeeping object T^ ! _ SAT = (S_ aud ^ SAT ,H^ ! _ SAT ,E^ ! _ Q ,E^ ! _ M ,Q^ ! _ SAT ,M^ ! _ SAT ,pi^ ! , Audit^ ! ). Its components are the audited shell S_ aud ^ SAT , the SAT history carrier H^ ! _ SAT , the saturated current and predictive observable families E^ ! _ Q and E^ ! _ M , the saturated current and predictive quotients Q^ ! _ SAT and M^ ! _ SAT , the comparison map pi^ ! between the two quotients, and the closed audit record Audit^ ! under the lawful polynomial-time instrument I_ poly . The saturated SAT layer is realized in Lean by the saturated SAT layer declaration listed in ; the Lean record carries the typed core (H^ ! _ SAT ,E^ ! _ Q ,E^ ! _ M ,pi^ ! ,Audit^ ! ) plus closure-operator and admissibility/audit fields, while the audited shell S_ aud ^ SAT and saturated quotients Q^ ! _ SAT ,M^ ! _ SAT live in companion records. The narrowing-disclosure discipline is recorded in .",NOT_APPLICABLE_DEFINITION,"{""caveats"": [""FORMAL_OR_PROOF_ASSISTANT_COMPONENT_DISCLOSED""], ""declarations"": [], ""elaboration_status"": ""NOT_APPLICABLE_OR_NOT_RUN"", ""exact_conclusion_match"": null, ""exact_hypothesis_match"": null, ""lab_or_test_evidence"": [], ""modules"": [], ""source_files"": [], ""statement_delta"": [""No imported module family was assigned to this paper at Step-2 intake.""], ""status"": ""PAPER_DISCLOSED_ASSET_NOT_IMPORTED"", ""trust_base"": []}","[""CG27""]"
P019-C0009,P019,definition,DEFINITION,source/papers/Tsiokos_2026_P_NP_under_Closure_of_the_Saturated_SAT_Layer.tex:L636-L653; derived/expanded/Tsiokos_2026_P_NP_under_Closure_of_the_Saturated_SAT_Layer.tex:L636-L653,"Lawful polynomial-time current instrument: The lawful polynomial-time current instrument I_ poly is the typed instrument on T^ ! _ SAT consisting of: the machine class admitted by the audited shell S_ aud ^ SAT , namely the deterministic polynomial-time transducers drawn from K_ poly ; the polynomial time budget under which those transducers are admitted; the input-encoding convention, namely the standard encoded SAT instances fixed in ; the visibility lens selecting the Q -visible projection of histories in H^ ! _ SAT ; the audit interface containing the declared no-smuggling commitments that any admitted transducer must satisfy.",NOT_APPLICABLE_DEFINITION,"{""caveats"": [""FORMAL_OR_PROOF_ASSISTANT_COMPONENT_DISCLOSED""], ""declarations"": [], ""elaboration_status"": ""NOT_APPLICABLE_OR_NOT_RUN"", ""exact_conclusion_match"": null, ""exact_hypothesis_match"": null, ""lab_or_test_evidence"": [], ""modules"": [], ""source_files"": [], ""statement_delta"": [""No imported module family was assigned to this paper at Step-2 intake.""], ""status"": ""PAPER_DISCLOSED_ASSET_NOT_IMPORTED"", ""trust_base"": []}","[""CG27""]"
P019-C0010,P019,definition,DEFINITION,source/papers/Tsiokos_2026_P_NP_under_Closure_of_the_Saturated_SAT_Layer.tex:L665-L686; derived/expanded/Tsiokos_2026_P_NP_under_Closure_of_the_Saturated_SAT_Layer.tex:L665-L686,"Lawfulness discipline: A candidate current observable on H^ ! _ SAT is lawful when it satisfies the following five clauses. Machine indexing. The observable is realized by a declared deterministic polynomial-time transducer drawn from K_ poly , with an associated machine index. Time certificate. The transducer carries a polynomial time certificate in the input length, witnessed by an explicit polynomial. All-input replay convention. The observable is defined on every encoded SAT instance admitted at the current stage, with a replay convention for the corresponding all-input transcript. Visibility bookkeeping. The observable reads only the declared Q -visible projection of the history, as selected by the visibility lens of I_ poly . No-smuggling records. The observable carries explicit audit records satisfying the gate predicates declared in the audit interface.",NOT_APPLICABLE_DEFINITION,"{""caveats"": [""FORMAL_OR_PROOF_ASSISTANT_COMPONENT_DISCLOSED""], ""declarations"": [], ""elaboration_status"": ""NOT_APPLICABLE_OR_NOT_RUN"", ""exact_conclusion_match"": null, ""exact_hypothesis_match"": null, ""lab_or_test_evidence"": [], ""modules"": [], ""source_files"": [], ""statement_delta"": [""No imported module family was assigned to this paper at Step-2 intake.""], ""status"": ""PAPER_DISCLOSED_ASSET_NOT_IMPORTED"", ""trust_base"": []}","[""CG27""]"
P019-C0011,P019,definition,DEFINITION,source/papers/Tsiokos_2026_P_NP_under_Closure_of_the_Saturated_SAT_Layer.tex:L710-L724; derived/expanded/Tsiokos_2026_P_NP_under_Closure_of_the_Saturated_SAT_Layer.tex:L710-L724,"Saturated current-observable family: The saturated current-observable family E^ ! _ Q is the family of all lawful polynomial-time current observables on the SAT history carrier: E^ ! _ Q = \ f:H^ ! _ SAT → Y f is a lawful polynomial-time current observable \ , where Y ranges over the finite typed output alphabets admitted by the instrument.",NOT_APPLICABLE_DEFINITION,"{""caveats"": [""FORMAL_OR_PROOF_ASSISTANT_COMPONENT_DISCLOSED""], ""declarations"": [], ""elaboration_status"": ""NOT_APPLICABLE_OR_NOT_RUN"", ""exact_conclusion_match"": null, ""exact_hypothesis_match"": null, ""lab_or_test_evidence"": [], ""modules"": [], ""source_files"": [], ""statement_delta"": [""No imported module family was assigned to this paper at Step-2 intake.""], ""status"": ""PAPER_DISCLOSED_ASSET_NOT_IMPORTED"", ""trust_base"": []}","[""CG27""]"
P019-C0013,P019,definition,DEFINITION,source/papers/Tsiokos_2026_P_NP_under_Closure_of_the_Saturated_SAT_Layer.tex:L913-L926; derived/expanded/Tsiokos_2026_P_NP_under_Closure_of_the_Saturated_SAT_Layer.tex:L913-L926,Saturated current quotient: Define the current setoid _ Q on H^ ! _ SAT by h_ 1 _ Q h_ 2 Longleftrightarrow f(h_ 1 )=f(h_ 2 ) for every f∈E^ ! _ Q . The saturated current quotient is Q^ ! _ SAT =H^ ! _ SAT / _ Q .,NOT_APPLICABLE_DEFINITION,"{""caveats"": [""FORMAL_OR_PROOF_ASSISTANT_COMPONENT_DISCLOSED""], ""declarations"": [], ""elaboration_status"": ""NOT_APPLICABLE_OR_NOT_RUN"", ""exact_conclusion_match"": null, ""exact_hypothesis_match"": null, ""lab_or_test_evidence"": [], ""modules"": [], ""source_files"": [], ""statement_delta"": [""No imported module family was assigned to this paper at Step-2 intake.""], ""status"": ""PAPER_DISCLOSED_ASSET_NOT_IMPORTED"", ""trust_base"": []}","[""CG27""]"
P019-C0014,P019,definition,DEFINITION,source/papers/Tsiokos_2026_P_NP_under_Closure_of_the_Saturated_SAT_Layer.tex:L948-L965; derived/expanded/Tsiokos_2026_P_NP_under_Closure_of_the_Saturated_SAT_Layer.tex:L948-L965,"Saturated predictive quotient: Let E^ ! _ M be the predictive-side analog of E^ ! _ Q : the family of lawful polynomial-time observables admitted under the predictive visibility lens, which may read the continuation-side or witness-side projections of SAT histories. Define the predictive setoid _ M on H^ ! _ SAT by h_ 1 _ M h_ 2 Longleftrightarrow F(h_ 1 )=F(h_ 2 ) for every F∈E^ ! _ M . The saturated predictive quotient is M^ ! _ SAT =H^ ! _ SAT / _ M .",NOT_APPLICABLE_DEFINITION,"{""caveats"": [""FORMAL_OR_PROOF_ASSISTANT_COMPONENT_DISCLOSED""], ""declarations"": [], ""elaboration_status"": ""NOT_APPLICABLE_OR_NOT_RUN"", ""exact_conclusion_match"": null, ""exact_hypothesis_match"": null, ""lab_or_test_evidence"": [], ""modules"": [], ""source_files"": [], ""statement_delta"": [""No imported module family was assigned to this paper at Step-2 intake.""], ""status"": ""PAPER_DISCLOSED_ASSET_NOT_IMPORTED"", ""trust_base"": []}","[""CG27""]"
P019-C0015,P019,definition,DEFINITION,source/papers/Tsiokos_2026_P_NP_under_Closure_of_the_Saturated_SAT_Layer.tex:L983-L1000; derived/expanded/Tsiokos_2026_P_NP_under_Closure_of_the_Saturated_SAT_Layer.tex:L983-L1000,"Comparison map: Every current observable is, in particular, a predictive observable that ignores the continuation-side and witness-side fields. Hence the predictive setoid refines the current setoid: h_ 1 _ M h_ 2 implies h_ 1 _ Q h_ 2 . The identity map on H^ ! _ SAT therefore descends to a well-defined function pi^ ! :M^ ! _ SAT ^ ! _ SAT , pi^ ! ([h]_ M )=[h]_ Q .",NOT_APPLICABLE_DEFINITION,"{""caveats"": [""FORMAL_OR_PROOF_ASSISTANT_COMPONENT_DISCLOSED""], ""declarations"": [], ""elaboration_status"": ""NOT_APPLICABLE_OR_NOT_RUN"", ""exact_conclusion_match"": null, ""exact_hypothesis_match"": null, ""lab_or_test_evidence"": [], ""modules"": [], ""source_files"": [], ""statement_delta"": [""No imported module family was assigned to this paper at Step-2 intake.""], ""status"": ""PAPER_DISCLOSED_ASSET_NOT_IMPORTED"", ""trust_base"": []}","[""CG27""]"
P019-C0016,P019,definition,DEFINITION,source/papers/Tsiokos_2026_P_NP_under_Closure_of_the_Saturated_SAT_Layer.tex:L1033-L1058; derived/expanded/Tsiokos_2026_P_NP_under_Closure_of_the_Saturated_SAT_Layer.tex:L1033-L1058,"Autonomous lift Omega_ SAT: The autonomous lift Omega_ SAT on the saturated SAT layer is the deterministic-policy record consisting of: a SAT-specific lift-state space, whose elements encode the internal state of the autonomous policy as it generates SAT histories; an update rule sending a current lift state, active encoded SAT instance, and audited-shell bookkeeping data to the next lift state; a history-generation link sending lift-state trajectories to the corresponding histories in H^ ! _ SAT ; a continuation catalog assigning to each lift state the admissible witness-side and predictive continuations available from that state. The autonomous lift is realized in Lean by the autonomous lift declaration listed in , with the policy components (Omega_ SAT -state, update rule, history-generation map, continuation catalog) exposed as independent fields together with Prop-level no-oracle / no-hidden-witness commitments. The deterministic-policy linkage between the update rule and the history-generation map is recorded paper-side. See for the narrowing-disclosure discipline.",NOT_APPLICABLE_DEFINITION,"{""caveats"": [""FORMAL_OR_PROOF_ASSISTANT_COMPONENT_DISCLOSED""], ""declarations"": [], ""elaboration_status"": ""NOT_APPLICABLE_OR_NOT_RUN"", ""exact_conclusion_match"": null, ""exact_hypothesis_match"": null, ""lab_or_test_evidence"": [], ""modules"": [], ""source_files"": [], ""statement_delta"": [""No imported module family was assigned to this paper at Step-2 intake.""], ""status"": ""PAPER_DISCLOSED_ASSET_NOT_IMPORTED"", ""trust_base"": []}","[""CG27""]"
P019-C0017,P019,definition,DEFINITION,source/papers/Tsiokos_2026_P_NP_under_Closure_of_the_Saturated_SAT_Layer.tex:L1075-L1089; derived/expanded/Tsiokos_2026_P_NP_under_Closure_of_the_Saturated_SAT_Layer.tex:L1075-L1089,"Instrument-relative visibility map: The instrument-relative visibility map Vis^ ! is the typed map Vis^ ! : (Omega_ SAT -states)×H^ ! _ SAT VisData, which sends a lift state and a SAT history to the visibility data exposed by the instrument's selected lens. The instrument-relative visibility map is realized in Lean by the instrument-relative visibility map declaration listed in .",NOT_APPLICABLE_DEFINITION,"{""caveats"": [""FORMAL_OR_PROOF_ASSISTANT_COMPONENT_DISCLOSED""], ""declarations"": [], ""elaboration_status"": ""NOT_APPLICABLE_OR_NOT_RUN"", ""exact_conclusion_match"": null, ""exact_hypothesis_match"": null, ""lab_or_test_evidence"": [], ""modules"": [], ""source_files"": [], ""statement_delta"": [""No imported module family was assigned to this paper at Step-2 intake.""], ""status"": ""PAPER_DISCLOSED_ASSET_NOT_IMPORTED"", ""trust_base"": []}","[""CG27""]"
P019-C0018,P019,definition,DEFINITION,source/papers/Tsiokos_2026_P_NP_under_Closure_of_the_Saturated_SAT_Layer.tex:L1152-L1163; derived/expanded/Tsiokos_2026_P_NP_under_Closure_of_the_Saturated_SAT_Layer.tex:L1152-L1163,"Decision currentization: Decision currentization, written Currentize^ dec _ Q (SAT) , holds when there exists a current observable f∈E^ ! _ Q such that for every encoded SAT instance , f(h_ )=SATbit( ). Here h_ ∈H^ ! _ SAT denotes the history of under the fixed all-input replay convention for the lawful instrument I_ poly .",NOT_APPLICABLE_DEFINITION,"{""caveats"": [""FORMAL_OR_PROOF_ASSISTANT_COMPONENT_DISCLOSED""], ""declarations"": [], ""elaboration_status"": ""NOT_APPLICABLE_OR_NOT_RUN"", ""exact_conclusion_match"": null, ""exact_hypothesis_match"": null, ""lab_or_test_evidence"": [], ""modules"": [], ""source_files"": [], ""statement_delta"": [""No imported module family was assigned to this paper at Step-2 intake.""], ""status"": ""PAPER_DISCLOSED_ASSET_NOT_IMPORTED"", ""trust_base"": []}","[""CG27""]"
P019-C0019,P019,definition,DEFINITION,source/papers/Tsiokos_2026_P_NP_under_Closure_of_the_Saturated_SAT_Layer.tex:L1181-L1197; derived/expanded/Tsiokos_2026_P_NP_under_Closure_of_the_Saturated_SAT_Layer.tex:L1181-L1197,"Witness currentization: Witness currentization, written Currentize^ wit _ Q (Omega_ SAT ) , holds when there exists a current observable g∈E^ ! _ Q such that for every encoded SAT instance , g(h_ )= omega_ SAT ( ), if is satisfiable, , if is unsatisfiable. The symbol is a designated output value meaning that no satisfying assignment exists.",NOT_APPLICABLE_DEFINITION,"{""caveats"": [""FORMAL_OR_PROOF_ASSISTANT_COMPONENT_DISCLOSED""], ""declarations"": [], ""elaboration_status"": ""NOT_APPLICABLE_OR_NOT_RUN"", ""exact_conclusion_match"": null, ""exact_hypothesis_match"": null, ""lab_or_test_evidence"": [], ""modules"": [], ""source_files"": [], ""statement_delta"": [""No imported module family was assigned to this paper at Step-2 intake.""], ""status"": ""PAPER_DISCLOSED_ASSET_NOT_IMPORTED"", ""trust_base"": []}","[""CG27""]"
P019-C0024,P019,prose_definition,PROSE_DEFINITION,source/papers/Tsiokos_2026_P_NP_under_Closure_of_the_Saturated_SAT_Layer.tex:L1494-L1519; derived/expanded/Tsiokos_2026_P_NP_under_Closure_of_the_Saturated_SAT_Layer.tex:L1494-L1519,"Define f=pi g . If is satisfiable, then g(h_ )=omega_ SAT ( )≠ , so f(h_ ) = pi(omega_ SAT ( )) = 1 = SATbit( ). If is unsatisfiable, then g(h_ )= , so f(h_ ) = pi( ) = 0 = SATbit( ). Thus f(h_ )=SATbit( ) for every encoded SAT instance .",PROSE_STATUS_OR_ARGUMENT_RECORD,"{""caveats"": [""FORMAL_OR_PROOF_ASSISTANT_COMPONENT_DISCLOSED""], ""declarations"": [], ""elaboration_status"": ""NOT_APPLICABLE_OR_NOT_RUN"", ""exact_conclusion_match"": null, ""exact_hypothesis_match"": null, ""lab_or_test_evidence"": [], ""modules"": [], ""source_files"": [], ""statement_delta"": [""No imported module family was assigned to this paper at Step-2 intake.""], ""status"": ""PAPER_DISCLOSED_ASSET_NOT_IMPORTED"", ""trust_base"": []}","[""CG27""]"
P019-C0026,P019,definition,DEFINITION,source/papers/Tsiokos_2026_P_NP_under_Closure_of_the_Saturated_SAT_Layer.tex:L1549-L1574; derived/expanded/Tsiokos_2026_P_NP_under_Closure_of_the_Saturated_SAT_Layer.tex:L1549-L1574,"Recognition source Gamma_ CSL-SAT-hidden: On the saturated SAT layer T^ ! _ SAT , under the lawful current instrument I_ poly , the recognition source Gamma_ csl-sat-hidden is the predicate Gamma_ csl-sat-hidden := Currentize^ wit _ Q (Omega_ SAT ). Here Currentize^ wit _ Q (Omega_ SAT ) is the witness-currentization predicate of : it asserts that the canonical witness producer induced by the autonomous lift Omega_ SAT is realized by a lawful current observable in E^ ! _ Q . Thus Gamma_ csl-sat-hidden asserts that this witness producer is not current on T^ ! _ SAT through I_ poly . On the fixed-presentation carrier, the same source is equivalently the localized residual Br^ lex _ SAT ^ ! _ Q , where Br^ lex _ SAT is the canonical lexicographic SAT-branching readout. The recognition source is encoded in Lean as the typed recognition-source carrier listed in ; see for the narrowing-disclosure discipline.",NOT_APPLICABLE_DEFINITION,"{""caveats"": [""FORMAL_OR_PROOF_ASSISTANT_COMPONENT_DISCLOSED""], ""declarations"": [], ""elaboration_status"": ""NOT_APPLICABLE_OR_NOT_RUN"", ""exact_conclusion_match"": null, ""exact_hypothesis_match"": null, ""lab_or_test_evidence"": [], ""modules"": [], ""source_files"": [], ""statement_delta"": [""No imported module family was assigned to this paper at Step-2 intake.""], ""status"": ""PAPER_DISCLOSED_ASSET_NOT_IMPORTED"", ""trust_base"": []}","[""CG27""]"
P019-C0030,P019,definition,DEFINITION,source/papers/Tsiokos_2026_P_NP_under_Closure_of_the_Saturated_SAT_Layer.tex:L1737-L1751; derived/expanded/Tsiokos_2026_P_NP_under_Closure_of_the_Saturated_SAT_Layer.tex:L1737-L1751,"BirdInt judgment for the PvNP closure: The BirdInt^ aud _ fin judgment for the PvNP closure is the four-slot framework-relative assertion BIJudgment Gamma_ csl-sat-hidden T^ ! _ SAT I_ poly P^ SB ≠ NP^ SB . The source, layer, instrument, and proposition slots record, in order, the supplied structural input Gamma_ csl-sat-hidden , the saturated SAT layer T^ ! _ SAT , the lawful polynomial-time current instrument I_ poly , and the framework-relative separation P^ SB ≠NP^ SB . The judgment is qualified by recognition grade. The BirdInt judgment is recorded in the formalization harness as a manifest obligation rather than a Lean theorem; see .",NOT_APPLICABLE_DEFINITION,"{""caveats"": [""FORMAL_OR_PROOF_ASSISTANT_COMPONENT_DISCLOSED""], ""declarations"": [], ""elaboration_status"": ""NOT_APPLICABLE_OR_NOT_RUN"", ""exact_conclusion_match"": null, ""exact_hypothesis_match"": null, ""lab_or_test_evidence"": [], ""modules"": [], ""source_files"": [], ""statement_delta"": [""No imported module family was assigned to this paper at Step-2 intake.""], ""status"": ""PAPER_DISCLOSED_ASSET_NOT_IMPORTED"", ""trust_base"": []}","[""CG27""]"
P019-C0040,P019,definition,DEFINITION,source/papers/Tsiokos_2026_P_NP_under_Closure_of_the_Saturated_SAT_Layer.tex:L2464-L2527; derived/expanded/Tsiokos_2026_P_NP_under_Closure_of_the_Saturated_SAT_Layer.tex:L2464-L2527,"The AOR instance object attached to T^ ! _ SAT: Let S_ PvNP be the SAT scope consisting of the saturated SAT layer T^ ! _ SAT , the lawful polynomial-time current instrument I_ poly , the saturated current and predictive observable families E^ ! _ Q and E^ ! _ M , the quotients Q^ ! _ SAT and M^ ! _ SAT , the comparison map pi^ ! , the autonomous lift Omega_ SAT , the visibility relation Vis^ ! , the currentization predicates Currentize^ dec _ Q and Currentize^ wit _ Q , the recognition source Gamma_ csl-sat-hidden , the standard SAT verifier package, the Class-B basis B_ fix , and the BirdInt^ aud _ fin judgment package. The AOR instance object C_ PvNP (T^ ! _ SAT ,I_ poly ,Gamma_ csl-sat-hidden ) has the following typed fields. The carrier is H^ ! _ SAT , read through the finite-stage carriers described in and the saturated aggregate of . The current observations are the lawful polynomial-time observables E^ ! _ Q of under the instrument I_ poly of . The predictive observations are E^ ! _ M . The current and predictive quotients are Q^ ! _ SAT and M^ ! _ SAT , with comparison map pi^ ! , as in . The routes are the polynomial-time post-processing, finite product, and composition operations of , together with the self-reduction route used in Translation Theorem B. The source records are the standard SAT∈ P bridge used in Translation Theorem A, the self-reduction package used in Translation Theorem B, the standard verifier package for SAT∈ NP , and the recognition source Gamma_ csl-sat-hidden supplied by . The hidden-state record is the autonomous lift Omega_ SAT of , together with the visibility relation Vis^ ! of . The target records are decision currentization Currentize^ dec _ Q (SAT) , witness currentization Currentize^ wit _ Q (Omega_ SAT ) , the localized fixed-branch residual Br^ lex _ SAT ^ ! _ Q , and the judgment proposition P^ SB ≠NP^ SB . The residual statuses are the discharges recorded in , , , , and . The nonclaim register is the register of , including the absence of an unconditional standard-ZFC theorem, the absence of a claim to circumvent classical barriers in their native formulations, the non-derivation of Gamma_ csl-sat-hidden , and the scoped nature of Class-B Irremovability. Realized in Lean by the AOR-instance object declaration listed in ; carrier-attached to the concrete PvNP types.",NOT_APPLICABLE_DEFINITION,"{""caveats"": [""FORMAL_OR_PROOF_ASSISTANT_COMPONENT_DISCLOSED""], ""declarations"": [], ""elaboration_status"": ""NOT_APPLICABLE_OR_NOT_RUN"", ""exact_conclusion_match"": null, ""exact_hypothesis_match"": null, ""lab_or_test_evidence"": [], ""modules"": [], ""source_files"": [], ""statement_delta"": [""No imported module family was assigned to this paper at Step-2 intake.""], ""status"": ""PAPER_DISCLOSED_ASSET_NOT_IMPORTED"", ""trust_base"": []}","[""CG27""]"
P019-C0070,P019,definition,DEFINITION,source/papers/Tsiokos_2026_P_NP_under_Closure_of_the_Saturated_SAT_Layer.tex:L3213-L3251; derived/expanded/Tsiokos_2026_P_NP_under_Closure_of_the_Saturated_SAT_Layer.tex:L3213-L3251,"Six mechanisms (P1–P6): The saturated SAT shell carries the following six mechanisms. P_ 1 , machine update. This is the deterministic polynomial-time transducer class admitted on the SAT layer, namely the class K_ poly declared in the audited shell. Update is by lawful polynomial-time machine action on encoded SAT instances. P_ 2 , admissibility. This is the set of encoded SAT instances admitted at the current finite stage. Admissibility is determined by the finite-stage restriction of the audited shell's instance database, together with the type-correctness and no-smuggling checks imposed by the lawfulness discipline. P_ 3 , timescale. This is the polynomial budget declared by the lawful instrument I_ poly , including the local clock and the time certificate recorded by each lawful current observable. P_ 4 , lens selection. This is the visibility lens of the audited shell, determining which projection of histories is exposed to current observation, and which wider projection is used for predictive observation. P_ 5 , packaging. This is the Q/M quotient and continuation packaging: the SAT-saturated current and predictive quotients Q^ ! _ SAT and M^ ! _ SAT , together with the comparison map pi^ ! on the history carrier H^ ! _ SAT . P_ 6 , audit. This is the audit ledger of the audited shell, including the machine-index record, time certificate, replay log, and gate predicates declared in the audit interface. The closed audit record is part of the saturated SAT layer T^ ! _ SAT , and the seven gates G_ 1 – G_ 7 are listed in .",NOT_APPLICABLE_DEFINITION,"{""caveats"": [""FORMAL_OR_PROOF_ASSISTANT_COMPONENT_DISCLOSED""], ""declarations"": [], ""elaboration_status"": ""NOT_APPLICABLE_OR_NOT_RUN"", ""exact_conclusion_match"": null, ""exact_hypothesis_match"": null, ""lab_or_test_evidence"": [], ""modules"": [], ""source_files"": [], ""statement_delta"": [""No imported module family was assigned to this paper at Step-2 intake.""], ""status"": ""PAPER_DISCLOSED_ASSET_NOT_IMPORTED"", ""trust_base"": []}","[""CG27""]"
P019-C0077,P019,prose_definition,PROSE_DEFINITION,source/papers/Tsiokos_2026_P_NP_under_Closure_of_the_Saturated_SAT_Layer.tex:L3501-L3505; derived/expanded/Tsiokos_2026_P_NP_under_Closure_of_the_Saturated_SAT_Layer.tex:L3501-L3505,"definition / faithful ``realized in Lean as Module.name'' The Lean declaration is the paper definition's typed realization. This is the default for the saturated-layer, observable, quotient, lift, currentization, appendix-definition, and Class-B definition rows.",PROSE_STATUS_OR_ARGUMENT_RECORD,"{""caveats"": [""FORMAL_OR_PROOF_ASSISTANT_COMPONENT_DISCLOSED""], ""declarations"": [], ""elaboration_status"": ""NOT_APPLICABLE_OR_NOT_RUN"", ""exact_conclusion_match"": null, ""exact_hypothesis_match"": null, ""lab_or_test_evidence"": [], ""modules"": [], ""source_files"": [], ""statement_delta"": [""No imported module family was assigned to this paper at Step-2 intake.""], ""status"": ""PAPER_DISCLOSED_ASSET_NOT_IMPORTED"", ""trust_base"": []}","[""CG27""]"
P019-C0078,P019,prose_definition,PROSE_DEFINITION,source/papers/Tsiokos_2026_P_NP_under_Closure_of_the_Saturated_SAT_Layer.tex:L3507-L3512; derived/expanded/Tsiokos_2026_P_NP_under_Closure_of_the_Saturated_SAT_Layer.tex:L3507-L3512,definition / narrowed surrogate ``realized in Lean with the parameter or scope exposed'' The Lean definition exposes a parameter or finite-stage scope that the body treats in its intended mathematical form. In this paper the history carrier is realized with the finite-stage form exposed as a free argument.,PROSE_STATUS_OR_ARGUMENT_RECORD,"{""caveats"": [""FORMAL_OR_PROOF_ASSISTANT_COMPONENT_DISCLOSED""], ""declarations"": [], ""elaboration_status"": ""NOT_APPLICABLE_OR_NOT_RUN"", ""exact_conclusion_match"": null, ""exact_hypothesis_match"": null, ""lab_or_test_evidence"": [], ""modules"": [], ""source_files"": [], ""statement_delta"": [""No imported module family was assigned to this paper at Step-2 intake.""], ""status"": ""PAPER_DISCLOSED_ASSET_NOT_IMPORTED"", ""trust_base"": []}","[""CG27""]"
P019-C0089,P019,prose_definition,PROSE_DEFINITION_SECTION,source/papers/Tsiokos_2026_P_NP_under_Closure_of_the_Saturated_SAT_Layer.tex:L3807-L3967; derived/expanded/Tsiokos_2026_P_NP_under_Closure_of_the_Saturated_SAT_Layer.tex:L3807-L3967,"Class-B definitions: [Class-B carrier-property law] A Class-B carrier-property law is a theorem of the form Phi( C) implies O∈ O_ C : T(O), where C is a Six Birds carrier, Phi( C) is an intrinsic feature of that carrier, and the impossibility conclusion follows from the feature itself. The feature is not an external recognition source, is not a restatement of the target, and is not a claim-discipline restriction on how the target is allowed to be asserted. Class-B laws are contrasted with Class-A claim-discipline laws. Class-A laws, such as no-overread, adequacy, and quotientality, act on the structure of the claim being made. Class-B laws act on the carrier: they try to derive an impossibility from a property of the computational substrate. The formalization records the intrinsic feature condition, the non-recognition-source condition, the non-claim-discipline condition, and the carrier-feature impossibility conclusion as explicit fields of the corresponding typed record.",NAMED_SOURCE_SECTION_ARGUMENT,"{""caveats"": [""FORMAL_OR_PROOF_ASSISTANT_COMPONENT_DISCLOSED""], ""declarations"": [], ""elaboration_status"": ""NOT_APPLICABLE_OR_NOT_RUN"", ""exact_conclusion_match"": null, ""exact_hypothesis_match"": null, ""lab_or_test_evidence"": [], ""modules"": [], ""source_files"": [], ""statement_delta"": [""No imported module family was assigned to this paper at Step-2 intake.""], ""status"": ""PAPER_DISCLOSED_ASSET_NOT_IMPORTED"", ""trust_base"": []}","[""CG27""]"
P019-C0090,P019,definition,DEFINITION,source/papers/Tsiokos_2026_P_NP_under_Closure_of_the_Saturated_SAT_Layer.tex:L3810-L3823; derived/expanded/Tsiokos_2026_P_NP_under_Closure_of_the_Saturated_SAT_Layer.tex:L3810-L3823,"Class-B carrier-property law: A Class-B carrier-property law is a theorem of the form Phi( C) implies O∈ O_ C : T(O), where C is a Six Birds carrier, Phi( C) is an intrinsic feature of that carrier, and the impossibility conclusion follows from the feature itself. The feature is not an external recognition source, is not a restatement of the target, and is not a claim-discipline restriction on how the target is allowed to be asserted.",NOT_APPLICABLE_DEFINITION,"{""caveats"": [""FORMAL_OR_PROOF_ASSISTANT_COMPONENT_DISCLOSED""], ""declarations"": [], ""elaboration_status"": ""NOT_APPLICABLE_OR_NOT_RUN"", ""exact_conclusion_match"": null, ""exact_hypothesis_match"": null, ""lab_or_test_evidence"": [], ""modules"": [], ""source_files"": [], ""statement_delta"": [""No imported module family was assigned to this paper at Step-2 intake.""], ""status"": ""PAPER_DISCLOSED_ASSET_NOT_IMPORTED"", ""trust_base"": []}","[""CG27""]"
P019-C0092,P019,definition,DEFINITION,source/papers/Tsiokos_2026_P_NP_under_Closure_of_the_Saturated_SAT_Layer.tex:L3834-L3857; derived/expanded/Tsiokos_2026_P_NP_under_Closure_of_the_Saturated_SAT_Layer.tex:L3834-L3857,"Fixed-presentation feature basis: For the standard fixed-presentation polynomial current carrier, the fixed-presentation feature basis is B_ fix = \ Delta_X,\ PolyClosure(E^ ! _ Q ),\ TimeFilt,\ PresData\ . Here Delta_X is the diagonal equality relation on the encoded input carrier; PolyClosure(E^ ! _ Q ) is the closure structure of the saturated current-observable family under pairing, finite products, polynomial-time post-processing, and polynomial-time composition; TimeFilt is the polynomial resource ladder E^ [1] ⊆ E^ [2] ⊆ , E^ ! _ Q = _k E^ [k] ; and PresData is the fixed-presentation structural data: bit positions, variable names, symbol order, clause order, delimiter conventions, and the analogous features of the chosen SAT encoding.",NOT_APPLICABLE_DEFINITION,"{""caveats"": [""FORMAL_OR_PROOF_ASSISTANT_COMPONENT_DISCLOSED""], ""declarations"": [], ""elaboration_status"": ""NOT_APPLICABLE_OR_NOT_RUN"", ""exact_conclusion_match"": null, ""exact_hypothesis_match"": null, ""lab_or_test_evidence"": [], ""modules"": [], ""source_files"": [], ""statement_delta"": [""No imported module family was assigned to this paper at Step-2 intake.""], ""status"": ""PAPER_DISCLOSED_ASSET_NOT_IMPORTED"", ""trust_base"": []}","[""CG27""]"
P019-C0093,P019,definition,DEFINITION,source/papers/Tsiokos_2026_P_NP_under_Closure_of_the_Saturated_SAT_Layer.tex:L3866-L3894; derived/expanded/Tsiokos_2026_P_NP_under_Closure_of_the_Saturated_SAT_Layer.tex:L3866-L3894,"Normal feature classes: The five normal feature classes are Q,J,C,P,T . Q , the quotient class, consists of equivalence relations R⊆ X× X such that the proposed Class-B law requires R⊆ (F) for every F∈E^ ! _ Q . Equivalently, every lawful current observable is required to be constant on R -classes. J , the joint-access class, consists of finite tuples F_1, ,F_n∈E^ ! _ Q of separately current observables whose joint access (F_1, ,F_n) is alleged not to lie in E^ ! _ Q . C , the positive-closure class, consists of constructions that yield new current observables from current ones by composition, pairing, products, or polynomial-time post-processing. P , the presentation-refinement class, consists of refinements of the carrier by presentation data. These refinements supply breaker data rather than invariance constraints. T , the time-filtration class, consists of features indexed by polynomial resource strata E^ [k] , either at a fixed k or uniformly across all k .",NOT_APPLICABLE_DEFINITION,"{""caveats"": [""FORMAL_OR_PROOF_ASSISTANT_COMPONENT_DISCLOSED""], ""declarations"": [], ""elaboration_status"": ""NOT_APPLICABLE_OR_NOT_RUN"", ""exact_conclusion_match"": null, ""exact_hypothesis_match"": null, ""lab_or_test_evidence"": [], ""modules"": [], ""source_files"": [], ""statement_delta"": [""No imported module family was assigned to this paper at Step-2 intake.""], ""status"": ""PAPER_DISCLOSED_ASSET_NOT_IMPORTED"", ""trust_base"": []}","[""CG27""]"
P019-C0094,P019,definition,DEFINITION,source/papers/Tsiokos_2026_P_NP_under_Closure_of_the_Saturated_SAT_Layer.tex:L3899-L3926; derived/expanded/Tsiokos_2026_P_NP_under_Closure_of_the_Saturated_SAT_Layer.tex:L3899-L3926,"Basis-generated feature expression: A basis-generated feature expression is built from B_ fix by finitely many applications of the following closure operations: quotienting, orbiting, transporting, holonomy or gluing-class formation, pairing, finite products, polynomial-time post-processing, resource filtration, and presentation refinement. This is the standard closure-operator construction on a basis of generators , restricted to the operations admitted by the carrier package. Transport has three flavors: route-equivalence transport, record-carrying transport, and resource-indexed transport. The normal-class assignment is a total function normalClass:\ basis-generated expressions\ \ Q,J,C,P,T\ . The diagonal primitive, quotienting, orbiting, transport-by-route, and holonomy or gluing-class formation land in Q . The polynomial-closure primitive, pairing, finite products, and polynomial-time post-processing land in C . The time-filtration primitive, transport-by-resource, and resource filtration land in T . The presentation primitive, transport-by-record, and presentation refinement land in P . Joint-access expressions land in J precisely when they assert obstruction to finite joint access of separately current observables.",NOT_APPLICABLE_DEFINITION,"{""caveats"": [""FORMAL_OR_PROOF_ASSISTANT_COMPONENT_DISCLOSED""], ""declarations"": [], ""elaboration_status"": ""NOT_APPLICABLE_OR_NOT_RUN"", ""exact_conclusion_match"": null, ""exact_hypothesis_match"": null, ""lab_or_test_evidence"": [], ""modules"": [], ""source_files"": [], ""statement_delta"": [""No imported module family was assigned to this paper at Step-2 intake.""], ""status"": ""PAPER_DISCLOSED_ASSET_NOT_IMPORTED"", ""trust_base"": []}","[""CG27""]"
P019-C0095,P019,definition,DEFINITION,source/papers/Tsiokos_2026_P_NP_under_Closure_of_the_Saturated_SAT_Layer.tex:L3928-L3936; derived/expanded/Tsiokos_2026_P_NP_under_Closure_of_the_Saturated_SAT_Layer.tex:L3928-L3936,"Intrinsic feature of the fixed-presentation carrier: An intrinsic feature of (X,E^ ! _ Q ,I_ poly ,Pres) is a feature definable from that carrier package alone. It does not import an external predicate, a measure, a topology, an oracle, an advice string, a probability law, a metric not induced by the encoding, a group action not already present, or algebraic structure not already present. Equivalently, it is invariant under isomorphisms of the carrier package.",NOT_APPLICABLE_DEFINITION,"{""caveats"": [""FORMAL_OR_PROOF_ASSISTANT_COMPONENT_DISCLOSED""], ""declarations"": [], ""elaboration_status"": ""NOT_APPLICABLE_OR_NOT_RUN"", ""exact_conclusion_match"": null, ""exact_hypothesis_match"": null, ""lab_or_test_evidence"": [], ""modules"": [], ""source_files"": [], ""statement_delta"": [""No imported module family was assigned to this paper at Step-2 intake.""], ""status"": ""PAPER_DISCLOSED_ASSET_NOT_IMPORTED"", ""trust_base"": []}","[""CG27""]"
P024-C0005,P024,definition,DEFINITION,source/papers/Tsiokos_2026_Riemann_Hypothesis_via_Self_Dual_Trace_Confinement_A_Conditional_Closure.tex:L426-L438; derived/expanded/Tsiokos_2026_Riemann_Hypothesis_via_Self_Dual_Trace_Confinement_A_Conditional_Closure.tex:L426-L438,"Functional-equation involution J_ L: The functional-equation involution on the complex plane is J_ L (s) = 1- s . Equivalently, if s=x+iy , then J_ L (s) = 1-x+iy. Thus J_ L is reflection across the vertical line Real(s)=1/2 .",NOT_APPLICABLE_DEFINITION,"{""caveats"": [""FORMAL_OR_PROOF_ASSISTANT_COMPONENT_DISCLOSED""], ""declarations"": [], ""elaboration_status"": ""NOT_APPLICABLE_OR_NOT_RUN"", ""exact_conclusion_match"": null, ""exact_hypothesis_match"": null, ""lab_or_test_evidence"": [], ""modules"": [], ""source_files"": [], ""statement_delta"": [""No imported module family was assigned to this paper at Step-2 intake.""], ""status"": ""PAPER_DISCLOSED_ASSET_NOT_IMPORTED"", ""trust_base"": []}","[""CG27""]"
P024-C0006,P024,definition,DEFINITION,source/papers/Tsiokos_2026_Riemann_Hypothesis_via_Self_Dual_Trace_Confinement_A_Conditional_Closure.tex:L471-L478; derived/expanded/Tsiokos_2026_Riemann_Hypothesis_via_Self_Dual_Trace_Confinement_A_Conditional_Closure.tex:L471-L478,"Anti-invariant readout psi_ -: The anti-invariant readout associated with J_ L is the signed horizontal displacement from the critical line, psi_ - (s)=Real(s)- 1 2 .",NOT_APPLICABLE_DEFINITION,"{""caveats"": [""FORMAL_OR_PROOF_ASSISTANT_COMPONENT_DISCLOSED""], ""declarations"": [], ""elaboration_status"": ""NOT_APPLICABLE_OR_NOT_RUN"", ""exact_conclusion_match"": null, ""exact_hypothesis_match"": null, ""lab_or_test_evidence"": [], ""modules"": [], ""source_files"": [], ""statement_delta"": [""No imported module family was assigned to this paper at Step-2 intake.""], ""status"": ""PAPER_DISCLOSED_ASSET_NOT_IMPORTED"", ""trust_base"": []}","[""CG27""]"
P024-C0007,P024,definition,DEFINITION,source/papers/Tsiokos_2026_Riemann_Hypothesis_via_Self_Dual_Trace_Confinement_A_Conditional_Closure.tex:L512-L534; derived/expanded/Tsiokos_2026_Riemann_Hypothesis_via_Self_Dual_Trace_Confinement_A_Conditional_Closure.tex:L512-L534,"Nontrivial-zero ledger Realized in the Lean formalization; the typed real-coordinate representation is recorded in App (A3).: Let Lambda_ (s)=pi^ -s/2 Gamma(s/2) (s) denote the completed Riemann zeta function . The nontrivial-zero ledger of Lambda_ is the typed multiset Z_ ^ nt = \ (rho,m_ rho ) : rho∈C, Lambda_ (rho)=0, 0<Real(rho)<1, m_ rho >0 \ _ multi , where m_ rho is the positive integer multiplicity of rho as a zero of Lambda_ . The associated atomic ledger measure is mu_ L (\ rho\ )=m_ rho .",NOT_APPLICABLE_DEFINITION,"{""caveats"": [""FORMAL_OR_PROOF_ASSISTANT_COMPONENT_DISCLOSED""], ""declarations"": [], ""elaboration_status"": ""NOT_APPLICABLE_OR_NOT_RUN"", ""exact_conclusion_match"": null, ""exact_hypothesis_match"": null, ""lab_or_test_evidence"": [], ""modules"": [], ""source_files"": [], ""statement_delta"": [""No imported module family was assigned to this paper at Step-2 intake.""], ""status"": ""PAPER_DISCLOSED_ASSET_NOT_IMPORTED"", ""trust_base"": []}","[""CG27""]"
P024-C0008,P024,definition,DEFINITION,source/papers/Tsiokos_2026_Riemann_Hypothesis_via_Self_Dual_Trace_Confinement_A_Conditional_Closure.tex:L546-L567; derived/expanded/Tsiokos_2026_Riemann_Hypothesis_via_Self_Dual_Trace_Confinement_A_Conditional_Closure.tex:L546-L567,"Anti-invariant zero ledger: The anti-invariant zero ledger of is the multiplicity-weighted scalar A_ Z ( ) = _ rho∈Z_ ^ nt m_ rho |Real(rho)- 1 2 |^ 2 . Equivalently, using the readout from , A_ Z ( ) = _ rho∈Z_ ^ nt m_ rho |psi_ - (rho) |^ 2 , with summation over the typed multiset Z_ ^ nt , hence with multiplicity.",NOT_APPLICABLE_DEFINITION,"{""caveats"": [""FORMAL_OR_PROOF_ASSISTANT_COMPONENT_DISCLOSED""], ""declarations"": [], ""elaboration_status"": ""NOT_APPLICABLE_OR_NOT_RUN"", ""exact_conclusion_match"": null, ""exact_hypothesis_match"": null, ""lab_or_test_evidence"": [], ""modules"": [], ""source_files"": [], ""statement_delta"": [""No imported module family was assigned to this paper at Step-2 intake.""], ""status"": ""PAPER_DISCLOSED_ASSET_NOT_IMPORTED"", ""trust_base"": []}","[""CG27""]"
P024-C0009,P024,definition,DEFINITION,source/papers/Tsiokos_2026_Riemann_Hypothesis_via_Self_Dual_Trace_Confinement_A_Conditional_Closure.tex:L608-L637; derived/expanded/Tsiokos_2026_Riemann_Hypothesis_via_Self_Dual_Trace_Confinement_A_Conditional_Closure.tex:L608-L637,"Saturated completed Selberg trace closure Realized in the Lean formalization; admissibility under the seven Foundations-II schemas is carried by the Audit_L field, recorded in App .: The saturated completed Selberg trace closure Sel^ ! _ ,tr is a typed shell consisting of the following thirteen fields: [label= ( ) ] H_L , the completed L -history carrier; I_ tr , a lawful trace instrument; EQ_ tr , the saturated trace-observable family; EM_ zero , the predictive verifier events for the zero-side data; Q_L , the current quotient carrier H_L/ _Q ; M_L , the predictive quotient carrier H_L/ _M ; pi_L : M_L→ Q_L , the comparison map between the two quotient sides; J_ L , the functional-equation involution from ; Lambda_L , the completed L -function, specialized here to Lambda_ ; Z_ ^ nt , the nontrivial-zero ledger from ; A_ Z ( ) , the anti-invariant zero ledger from ; Vis_ L , the instrument-relative visibility map; Audit_ L , the audit provenance and admissibility field for the shell. The standing assumption attached to Sel^ ! _ ,tr is that this shell is admissible for the relevant Foundations-II formation schemas.",NOT_APPLICABLE_DEFINITION,"{""caveats"": [""FORMAL_OR_PROOF_ASSISTANT_COMPONENT_DISCLOSED""], ""declarations"": [], ""elaboration_status"": ""NOT_APPLICABLE_OR_NOT_RUN"", ""exact_conclusion_match"": null, ""exact_hypothesis_match"": null, ""lab_or_test_evidence"": [], ""modules"": [], ""source_files"": [], ""statement_delta"": [""No imported module family was assigned to this paper at Step-2 intake.""], ""status"": ""PAPER_DISCLOSED_ASSET_NOT_IMPORTED"", ""trust_base"": []}","[""CG27""]"
P024-C0015,P024,definition,DEFINITION,source/papers/Tsiokos_2026_Riemann_Hypothesis_via_Self_Dual_Trace_Confinement_A_Conditional_Closure.tex:L822-L838; derived/expanded/Tsiokos_2026_Riemann_Hypothesis_via_Self_Dual_Trace_Confinement_A_Conditional_Closure.tex:L822-L838,"The recognition source Gamma_ SDTC-Selberg Encoded in the Lean formalization as a typed structure carrier, not as a Lean axiom; downstream theorems take a value of this carrier as an explicit hypothesis. See App .: On the saturated completed Selberg trace closure Sel^ ! _ ,tr , the recognition source Gamma_ SDTC-Selberg supplies a sequence of completed domination records B_n in the typed positive cone of Sel^ ! _ ,tr such that 0 B_n, A_ Z ( ) B_n, (B_n)→ 0 as n→∈fty. Equivalently, Gamma_ SDTC-Selberg asserts that the duality-confinement domination hypothesis holds for the RH ledger inside Sel^ ! _ ,tr , with J_ L , Z_ ^ nt , and A_ Z ( ) as the specialized involution, zero ledger, and anti-invariant ledger.",NOT_APPLICABLE_DEFINITION,"{""caveats"": [""FORMAL_OR_PROOF_ASSISTANT_COMPONENT_DISCLOSED""], ""declarations"": [], ""elaboration_status"": ""NOT_APPLICABLE_OR_NOT_RUN"", ""exact_conclusion_match"": null, ""exact_hypothesis_match"": null, ""lab_or_test_evidence"": [], ""modules"": [], ""source_files"": [], ""statement_delta"": [""No imported module family was assigned to this paper at Step-2 intake.""], ""status"": ""PAPER_DISCLOSED_ASSET_NOT_IMPORTED"", ""trust_base"": []}","[""CG27""]"
P024-C0020,P024,definition,DEFINITION,source/papers/Tsiokos_2026_Riemann_Hypothesis_via_Self_Dual_Trace_Confinement_A_Conditional_Closure.tex:L1042-L1089; derived/expanded/Tsiokos_2026_Riemann_Hypothesis_via_Self_Dual_Trace_Confinement_A_Conditional_Closure.tex:L1042-L1089,"The AOR instance object attached to Sel^ ! _ ,tr Realized in the Lean formalization with a canonical assembled carrier; see App .: Let S_ RH be the scope consisting of the saturated completed Selberg trace shell Sel^ ! _ ,tr , the completed zeta function Lambda_ , the typed nontrivial-zero ledger Z_ ^ nt , the functional-equation involution J_ L , the anti-invariant readout psi_ - , the anti-invariant zero ledger A_ Z ( ) , the trace instrument I_ tr , the audit field Audit_ L , the recognition source Gamma_ SDTC-Selberg , the duality-confinement master theorem, and translation theorem T. The AOR instance object C_ RH (Sel^ ! _ ,tr ,Gamma_ SDTC-Selberg ) has the following typed fields. [label= ( ) ] The carrier is the zero side of Sel^ ! _ ,tr , with current and predictive quotient data inherited from the fields Q_L , M_L , and pi_L:M_L→ Q_L of . The observations are the zero ledger Z_ ^ nt , the anti-invariant displacement psi_ - , the zero-ledger readout A_ Z ( ) , and the visibility data Vis_ L . The routes are the functional-equation involution J_ L , the comparison map pi_L , the anti-invariant projection implicit in the anti-invariant-zero-ledger interface reading of psi_ - , and the typed bridge from the abstract DC apparatus to the shell. The source records are the admissibility witness Audit_ L , the Selberg-class recognition source Gamma_ SDTC-Selberg , and the completed domination sequence B_n . The interface records are the structural-coherence assumptions of the recognition source linking the abstract DC apparatus to the shell. The constraints are positivity in the typed cone, the order , trace monotonicity, the DC-ledger domination carried by Gamma_ SDTC-Selberg , and the asymptotic trace condition. The residual statuses are the discharge records listed in . The nonclaim register is the register of , including the conditional status of the recognition source, the Foundations-II admissibility hypothesis, the typed real-coordinate disclosure, and the absence of any GRH or standard-ZFC unconditional claim.",NOT_APPLICABLE_DEFINITION,"{""caveats"": [""FORMAL_OR_PROOF_ASSISTANT_COMPONENT_DISCLOSED""], ""declarations"": [], ""elaboration_status"": ""NOT_APPLICABLE_OR_NOT_RUN"", ""exact_conclusion_match"": null, ""exact_hypothesis_match"": null, ""lab_or_test_evidence"": [], ""modules"": [], ""source_files"": [], ""statement_delta"": [""No imported module family was assigned to this paper at Step-2 intake.""], ""status"": ""PAPER_DISCLOSED_ASSET_NOT_IMPORTED"", ""trust_base"": []}","[""CG27""]"
P017-C0006,P017,definition,DEFINITION,source/papers/Tsiokos_2026_Navier_Stokes_as_a_Layer_Dissolving_Membrane_Theorem.tex:L456-L472; derived/expanded/Tsiokos_2026_Navier_Stokes_as_a_Layer_Dissolving_Membrane_Theorem.tex:L456-L472,"BG/BKM dissolving readout: For each Bradshaw–Grujic stage J and time t∈[0,T_ (u_0)) , the dissolving readout is a linear map DBG_ J,t : E_ J,t → Z_J , where Z_J is the finite-dimensional response space of windowed Fourier values at frequency scale lambda_J(t) . The readout evaluates the windowed observable on P_ J(t) appearing in the Bradshaw–Grujic continuation criterion: typically an L^p or L^∈fty windowed norm of the vorticity or velocity. The right-support constraint DBG_ J,t =DBG_ J,t P_ J(t) records that DBG_ J,t sees only the active shell at stage J .",NOT_APPLICABLE_DEFINITION,"{""caveats"": [""FORMAL_OR_PROOF_ASSISTANT_COMPONENT_DISCLOSED""], ""declarations"": [], ""elaboration_status"": ""NOT_APPLICABLE_OR_NOT_RUN"", ""exact_conclusion_match"": null, ""exact_hypothesis_match"": null, ""lab_or_test_evidence"": [], ""modules"": [], ""source_files"": [], ""statement_delta"": [""No imported module family was assigned to this paper at Step-2 intake.""], ""status"": ""PAPER_DISCLOSED_ASSET_NOT_IMPORTED"", ""trust_base"": []}","[""CG27""]"
P017-C0007,P017,definition,DEFINITION,source/papers/Tsiokos_2026_Navier_Stokes_as_a_Layer_Dissolving_Membrane_Theorem.tex:L488-L507; derived/expanded/Tsiokos_2026_Navier_Stokes_as_a_Layer_Dissolving_Membrane_Theorem.tex:L488-L507,"Physical-native probe family: For each Bradshaw–Grujic stage J and time t , the physical-native probe family is the finite linear map Lphys_ J,t : E_ J,t → Y , where Y collects the values of the declared physical measurements. Each component of Lphys_ J,t is either a Littlewood–Paley shell projection P_j u( ,t) with j J in an H^ gamma_0 -compatible norm, or a classical Sobolev (Bessel-potential) component probe such as an H^s -component of the velocity with s gamma_0 . The native Schur block Lphys_ J,t C_ J,t ^ (Lphys_ J,t )^* recovers the kinetic-energy and enstrophy budgets visible at the Bradshaw–Grujic window resolution; energy and enstrophy themselves are quadratic in the carrier data and are therefore not native probes (a no-go recorded in ).",NOT_APPLICABLE_DEFINITION,"{""caveats"": [""FORMAL_OR_PROOF_ASSISTANT_COMPONENT_DISCLOSED""], ""declarations"": [], ""elaboration_status"": ""NOT_APPLICABLE_OR_NOT_RUN"", ""exact_conclusion_match"": null, ""exact_hypothesis_match"": null, ""lab_or_test_evidence"": [], ""modules"": [], ""source_files"": [], ""statement_delta"": [""No imported module family was assigned to this paper at Step-2 intake.""], ""status"": ""PAPER_DISCLOSED_ASSET_NOT_IMPORTED"", ""trust_base"": []}","[""CG27""]"
P017-C0008,P017,definition,DEFINITION,source/papers/Tsiokos_2026_Navier_Stokes_as_a_Layer_Dissolving_Membrane_Theorem.tex:L511-L531; derived/expanded/Tsiokos_2026_Navier_Stokes_as_a_Layer_Dissolving_Membrane_Theorem.tex:L511-L531,"BG-windowed exact package: At each Bradshaw–Grujic stage j , the BG-windowed exact package Gamma_j collects the admissible BG-window probes (the relevant components of Lphys_ J,t and the windowed value of DBG_ J,t on the active shell P_j ) together with the structural constraints they must preserve: [label=( )] the divergence-free condition u=0 ; the Helmholtz-projected carrier on which the probes act; the boundary arrangement relating P_j to P_ j+1 ; the doubling relation lambda_ j+1 =2lambda_j . The package is exact in the sense of : it transports the audited sub-problem from one BG window to the next without altering the energy, response, or residual information.",NOT_APPLICABLE_DEFINITION,"{""caveats"": [""FORMAL_OR_PROOF_ASSISTANT_COMPONENT_DISCLOSED""], ""declarations"": [], ""elaboration_status"": ""NOT_APPLICABLE_OR_NOT_RUN"", ""exact_conclusion_match"": null, ""exact_hypothesis_match"": null, ""lab_or_test_evidence"": [], ""modules"": [], ""source_files"": [], ""statement_delta"": [""No imported module family was assigned to this paper at Step-2 intake.""], ""status"": ""PAPER_DISCLOSED_ASSET_NOT_IMPORTED"", ""trust_base"": []}","[""CG27""]"
P017-C0009,P017,definition,DEFINITION,source/papers/Tsiokos_2026_Navier_Stokes_as_a_Layer_Dissolving_Membrane_Theorem.tex:L533-L550; derived/expanded/Tsiokos_2026_Navier_Stokes_as_a_Layer_Dissolving_Membrane_Theorem.tex:L533-L550,"Null-mode legality of the NS carrier: The NS carrier (E_ J,t ,C_ J,t ,L^ phys ,D^ BG ) is null-mode legal when the physical-native probes and the dissolving readout both vanish on the audit kernel: Lphys_ J,t |_ Ker C_ J,t =0, DBG_ J,t |_ Ker C_ J,t =0 . Equivalently, both families descend to the legal energy quotient E_ J,t /Ker C_ J,t , on which the audit form is positive definite and the adequacy residual Xi_ C_ J,t (D^ BG ^ phys ) of is well-defined. Null-mode legality is built into the carrier by construction; it is not a regularity assumption to be verified after the residual has been formed.",NOT_APPLICABLE_DEFINITION,"{""caveats"": [""FORMAL_OR_PROOF_ASSISTANT_COMPONENT_DISCLOSED""], ""declarations"": [], ""elaboration_status"": ""NOT_APPLICABLE_OR_NOT_RUN"", ""exact_conclusion_match"": null, ""exact_hypothesis_match"": null, ""lab_or_test_evidence"": [], ""modules"": [], ""source_files"": [], ""statement_delta"": [""No imported module family was assigned to this paper at Step-2 intake.""], ""status"": ""PAPER_DISCLOSED_ASSET_NOT_IMPORTED"", ""trust_base"": []}","[""CG27""]"
P017-C0011,P017,definition,DEFINITION,source/papers/Tsiokos_2026_Navier_Stokes_as_a_Layer_Dissolving_Membrane_Theorem.tex:L567-L581; derived/expanded/Tsiokos_2026_Navier_Stokes_as_a_Layer_Dissolving_Membrane_Theorem.tex:L567-L581,"Beale–Kato–Majda continuation criterion: The Beale–Kato–Majda continuation criterion is the imported record asserting that for a strong solution u of the Navier–Stokes equations on [0,T) with T _ (u_0) and omega= × u , ∈t_0^T \|omega( ,t)\|_ L^∈fty dt < ∈fty implies T_ (u_0)>T . The record is consumed at its declared status, with the continuation conclusion supplied by the cited references rather than derived here.",NOT_APPLICABLE_DEFINITION,"{""caveats"": [""FORMAL_OR_PROOF_ASSISTANT_COMPONENT_DISCLOSED""], ""declarations"": [], ""elaboration_status"": ""NOT_APPLICABLE_OR_NOT_RUN"", ""exact_conclusion_match"": null, ""exact_hypothesis_match"": null, ""lab_or_test_evidence"": [], ""modules"": [], ""source_files"": [], ""statement_delta"": [""No imported module family was assigned to this paper at Step-2 intake.""], ""status"": ""PAPER_DISCLOSED_ASSET_NOT_IMPORTED"", ""trust_base"": []}","[""CG27""]"
P017-C0012,P017,definition,DEFINITION,source/papers/Tsiokos_2026_Navier_Stokes_as_a_Layer_Dissolving_Membrane_Theorem.tex:L583-L598; derived/expanded/Tsiokos_2026_Navier_Stokes_as_a_Layer_Dissolving_Membrane_Theorem.tex:L583-L598,"Bradshaw–Grujic frequency-window continuation criterion: The Bradshaw–Grujic frequency-window continuation criterion is the imported record asserting that, for the dissolving readout of and doubling stages lambda_ j+1 =2lambda_j , _j _ t∈ I_j \|DBG_ j,t u\|_ Z_j <∈fty implies T_ (u_0)=∈fty . The record is consumed at its declared status; this paper constructs an audited stage-by-stage bound on Xi_ C_ J,t (D^ BG ^ phys ) that delivers this hypothesis.",NOT_APPLICABLE_DEFINITION,"{""caveats"": [""FORMAL_OR_PROOF_ASSISTANT_COMPONENT_DISCLOSED""], ""declarations"": [], ""elaboration_status"": ""NOT_APPLICABLE_OR_NOT_RUN"", ""exact_conclusion_match"": null, ""exact_hypothesis_match"": null, ""lab_or_test_evidence"": [], ""modules"": [], ""source_files"": [], ""statement_delta"": [""No imported module family was assigned to this paper at Step-2 intake.""], ""status"": ""PAPER_DISCLOSED_ASSET_NOT_IMPORTED"", ""trust_base"": []}","[""CG27""]"
P017-C0013,P017,definition,DEFINITION,source/papers/Tsiokos_2026_Navier_Stokes_as_a_Layer_Dissolving_Membrane_Theorem.tex:L600-L616; derived/expanded/Tsiokos_2026_Navier_Stokes_as_a_Layer_Dissolving_Membrane_Theorem.tex:L600-L616,"Kato local well-posedness on the smooth-data subcarrier: The Kato local well-posedness import is the imported record asserting that for divergence-free smooth Sobolev data on R^3 with gamma_0>5/2 , u_0=0, u_0∈ H^ gamma_0 ( R^3) implies T_ (u_0)∈(0,∈fty] and a unique u∈ C ([0,T_ (u_0)),H^ gamma_0 ). The carrier objects E_ J,t , C_ J,t , Lphys_ J,t , and DBG_ J,t of are all attached to this strong-solution arc.",NOT_APPLICABLE_DEFINITION,"{""caveats"": [""FORMAL_OR_PROOF_ASSISTANT_COMPONENT_DISCLOSED""], ""declarations"": [], ""elaboration_status"": ""NOT_APPLICABLE_OR_NOT_RUN"", ""exact_conclusion_match"": null, ""exact_hypothesis_match"": null, ""lab_or_test_evidence"": [], ""modules"": [], ""source_files"": [], ""statement_delta"": [""No imported module family was assigned to this paper at Step-2 intake.""], ""status"": ""PAPER_DISCLOSED_ASSET_NOT_IMPORTED"", ""trust_base"": []}","[""CG27""]"
P017-C0014,P017,definition,DEFINITION,source/papers/Tsiokos_2026_Navier_Stokes_as_a_Layer_Dissolving_Membrane_Theorem.tex:L618-L635; derived/expanded/Tsiokos_2026_Navier_Stokes_as_a_Layer_Dissolving_Membrane_Theorem.tex:L618-L635,"Half-log analyticity import: The half-log analyticity import, in the Foias–Temam tradition refined to half-log form by and by the preprint , is the imported record asserting that restart data in the joint space H^ gamma_0 B^ - _ ∈fty,∈fty , gamma_0>3/2- , yields a lower bound on the spatial analyticity radius rho(t) : on BG-compatible stages, rho(t) lambda_J(t) lambda_J(t) . The record is consumed at its declared status.",NOT_APPLICABLE_DEFINITION,"{""caveats"": [""FORMAL_OR_PROOF_ASSISTANT_COMPONENT_DISCLOSED""], ""declarations"": [], ""elaboration_status"": ""NOT_APPLICABLE_OR_NOT_RUN"", ""exact_conclusion_match"": null, ""exact_hypothesis_match"": null, ""lab_or_test_evidence"": [], ""modules"": [], ""source_files"": [], ""statement_delta"": [""No imported module family was assigned to this paper at Step-2 intake.""], ""status"": ""PAPER_DISCLOSED_ASSET_NOT_IMPORTED"", ""trust_base"": []}","[""CG27""]"
P017-C0015,P017,definition,DEFINITION,source/papers/Tsiokos_2026_Navier_Stokes_as_a_Layer_Dissolving_Membrane_Theorem.tex:L637-L649; derived/expanded/Tsiokos_2026_Navier_Stokes_as_a_Layer_Dissolving_Membrane_Theorem.tex:L637-L649,"Littlewood–Paley / Bony–Chemin–Danchin calculus: The Littlewood–Paley / Bony–Chemin–Danchin paradifferential calculus import on R^3 is the imported record supplying the shell-orthogonality identities, commutator estimates, and operator-norm bounds between Littlewood–Paley shells P_j and smooth multipliers used downstream. The operator-norm decay \|S_j\|^2 2^ -2sj of the LP-transport stage operator ( ) is recovered from this calculus.",NOT_APPLICABLE_DEFINITION,"{""caveats"": [""FORMAL_OR_PROOF_ASSISTANT_COMPONENT_DISCLOSED""], ""declarations"": [], ""elaboration_status"": ""NOT_APPLICABLE_OR_NOT_RUN"", ""exact_conclusion_match"": null, ""exact_hypothesis_match"": null, ""lab_or_test_evidence"": [], ""modules"": [], ""source_files"": [], ""statement_delta"": [""No imported module family was assigned to this paper at Step-2 intake.""], ""status"": ""PAPER_DISCLOSED_ASSET_NOT_IMPORTED"", ""trust_base"": []}","[""CG27""]"
P017-C0016,P017,definition,DEFINITION,source/papers/Tsiokos_2026_Navier_Stokes_as_a_Layer_Dissolving_Membrane_Theorem.tex:L651-L666; derived/expanded/Tsiokos_2026_Navier_Stokes_as_a_Layer_Dissolving_Membrane_Theorem.tex:L651-L666,"Sobolev/Besov embedding chain: The Sobolev/Besov embedding chain import is the imported record asserting that the smooth Sobolev restart data lifts to the Besov component required by the half-log import: H^ gamma_0 B^ - _ ∈fty,∈fty , gamma_0>3/2, >0 admissible. Together with and , this import forms the analytic infrastructure consumed by the Gevrey radius-window branch and the LP-transport rescue of .",NOT_APPLICABLE_DEFINITION,"{""caveats"": [""FORMAL_OR_PROOF_ASSISTANT_COMPONENT_DISCLOSED""], ""declarations"": [], ""elaboration_status"": ""NOT_APPLICABLE_OR_NOT_RUN"", ""exact_conclusion_match"": null, ""exact_hypothesis_match"": null, ""lab_or_test_evidence"": [], ""modules"": [], ""source_files"": [], ""statement_delta"": [""No imported module family was assigned to this paper at Step-2 intake.""], ""status"": ""PAPER_DISCLOSED_ASSET_NOT_IMPORTED"", ""trust_base"": []}","[""CG27""]"
P017-C0019,P017,definition,DEFINITION,source/papers/Tsiokos_2026_Navier_Stokes_as_a_Layer_Dissolving_Membrane_Theorem.tex:L731-L771; derived/expanded/Tsiokos_2026_Navier_Stokes_as_a_Layer_Dissolving_Membrane_Theorem.tex:L731-L771,"Source-admission ledger: The source-admission ledger is the positive operator-valued sum Omega_ src = Omega_ tr + Omega_ pr + Omega_ visc + Omega_ tail + Omega_ str , with five positive semidefinite components Omega_ tr 0, Omega_ pr 0, Omega_ visc 0, Omega_ tail 0, Omega_ str 0, hence Omega_ src 0 . The summands record the contributions entering the dissolving response space at each stage from, respectively: [label=( )] the nonlinear transport (u )u as a Schur block on the active shells ( Omega_ tr ); the pressure p after the Helmholtz/Leray projection ( Omega_ pr ); viscosity nuDelta u as a damping block on each shell ( Omega_ visc ); the high-frequency tail capturing the interaction of visible shells with discarded shells j>J ( Omega_ tail ); vortex stretching (omega )u tested against the physical-native probes ( Omega_ str ). Each summand is owned by an imported PDE record from : Omega_ tr and Omega_ pr by the Littlewood–Paley / Bony–Chemin–Danchin commutator and Helmholtz-projection estimates ( ); Omega_ visc by the viscous damping at scale lambda_J(t) from nuDelta ; Omega_ tail by the Sobolev/Besov embedding combined with the BG-window cutoff ( ); and Omega_ str by the vortex-stretching estimate against the physical-native probes.",NOT_APPLICABLE_DEFINITION,"{""caveats"": [""FORMAL_OR_PROOF_ASSISTANT_COMPONENT_DISCLOSED""], ""declarations"": [], ""elaboration_status"": ""NOT_APPLICABLE_OR_NOT_RUN"", ""exact_conclusion_match"": null, ""exact_hypothesis_match"": null, ""lab_or_test_evidence"": [], ""modules"": [], ""source_files"": [], ""statement_delta"": [""No imported module family was assigned to this paper at Step-2 intake.""], ""status"": ""PAPER_DISCLOSED_ASSET_NOT_IMPORTED"", ""trust_base"": []}","[""CG27""]"
P017-C0031,P017,definition,DEFINITION,source/papers/Tsiokos_2026_Navier_Stokes_as_a_Layer_Dissolving_Membrane_Theorem.tex:L1136-L1151; derived/expanded/Tsiokos_2026_Navier_Stokes_as_a_Layer_Dissolving_Membrane_Theorem.tex:L1136-L1151,"Gevrey-normalized derivative probes: Let rho(t) be the spatial analyticity radius at time t , as supplied by the half-log analyticity import, and let C_G>0 be the Gevrey normalization constant. For each derivative order m 0 , BG stage J , and time t , the Gevrey-normalized derivative probe is M_ m,J,t = rho(t)^m C_G^m m! ^m P_ J(t) . The family \ M_ m,J,t \ _ m 0 is a lawful native probe family on the BG-windowed carrier under the half-log analyticity record.",NOT_APPLICABLE_DEFINITION,"{""caveats"": [""FORMAL_OR_PROOF_ASSISTANT_COMPONENT_DISCLOSED""], ""declarations"": [], ""elaboration_status"": ""NOT_APPLICABLE_OR_NOT_RUN"", ""exact_conclusion_match"": null, ""exact_hypothesis_match"": null, ""lab_or_test_evidence"": [], ""modules"": [], ""source_files"": [], ""statement_delta"": [""No imported module family was assigned to this paper at Step-2 intake.""], ""status"": ""PAPER_DISCLOSED_ASSET_NOT_IMPORTED"", ""trust_base"": []}","[""CG27""]"
P017-C0032,P017,definition,DEFINITION,source/papers/Tsiokos_2026_Navier_Stokes_as_a_Layer_Dissolving_Membrane_Theorem.tex:L1165-L1179; derived/expanded/Tsiokos_2026_Navier_Stokes_as_a_Layer_Dissolving_Membrane_Theorem.tex:L1165-L1179,"LP transport stage operator: For each BG stage j , the LP-transport stage operator is the linear map S_j: L^2(P_j) H^ -s , s q- . On the smooth-data subcarrier it satisfies the operator-norm bound \|S_j\|^2 2^ -2sj . Here P_j is the Littlewood–Paley shell at frequency scale 2^j , and s is the response exponent.",NOT_APPLICABLE_DEFINITION,"{""caveats"": [""FORMAL_OR_PROOF_ASSISTANT_COMPONENT_DISCLOSED""], ""declarations"": [], ""elaboration_status"": ""NOT_APPLICABLE_OR_NOT_RUN"", ""exact_conclusion_match"": null, ""exact_hypothesis_match"": null, ""lab_or_test_evidence"": [], ""modules"": [], ""source_files"": [], ""statement_delta"": [""No imported module family was assigned to this paper at Step-2 intake.""], ""status"": ""PAPER_DISCLOSED_ASSET_NOT_IMPORTED"", ""trust_base"": []}","[""CG27""]"
P017-C0037,P017,definition,DEFINITION,source/papers/Tsiokos_2026_Navier_Stokes_as_a_Layer_Dissolving_Membrane_Theorem.tex:L1357-L1395; derived/expanded/Tsiokos_2026_Navier_Stokes_as_a_Layer_Dissolving_Membrane_Theorem.tex:L1357-L1395,"Six Birds closure records R_1 – R_9: The Six Birds closure record bundle for the Navier–Stokes carrier is the tuple R=(R_1,R_2,R_3,R_4,R_5,R_6,R_7,R_8,R_9), where the nine entries are the following proof-carrying records. [label= R_ .] Adequacy orientation: the carrier data (E_ J,t ,C_ J,t ,Lphys_ J,t ,DBG_ J,t ) is ordered so that a smaller residual Xi is better. Exact BG-windowed package: Gamma_j preserves divergence-free structure and the mismatch sector on the packaged carrier. Null-mode legality: L^ phys and D^ BG vanish on Ker C_ J,t as in . Source-admission acceptance: the recurrence with Omega_ src =Omega_ tr +Omega_ pr +Omega_ visc +Omega_ tail +Omega_ str is accepted on the cascade of . BG frequency-doubling staging: the active scales obey lambda_ j+1 =2lambda_j . Dissolving-side LP transport: S_j:L^2(P_j)→ H^ -s with s q- is accepted as the typed transport of . Half-log analyticity: restart data in H^ gamma_0 B^ - _ ∈fty,∈fty , with gamma_0>3/2- , carries the half-log lower radius on BG-compatible stages. Paper-grounded PDE imports: Beale–Kato–Majda continuation, Bradshaw–Grujic frequency-window continuation, Kato local well-posedness, half-log analyticity, Littlewood–Paley / Bony–Chemin–Danchin calculus, and the Sobolev/Besov embedding chain are accepted at their declared status. Nonclaim boundary: there is no criterion-native replacement of D^ BG , no generic Besov claim, no untyped global comparison, and no closure outside the smooth-data subcarrier without additional records.",NOT_APPLICABLE_DEFINITION,"{""caveats"": [""FORMAL_OR_PROOF_ASSISTANT_COMPONENT_DISCLOSED""], ""declarations"": [], ""elaboration_status"": ""NOT_APPLICABLE_OR_NOT_RUN"", ""exact_conclusion_match"": null, ""exact_hypothesis_match"": null, ""lab_or_test_evidence"": [], ""modules"": [], ""source_files"": [], ""statement_delta"": [""No imported module family was assigned to this paper at Step-2 intake.""], ""status"": ""PAPER_DISCLOSED_ASSET_NOT_IMPORTED"", ""trust_base"": []}","[""CG27""]"
P017-C0039,P017,definition,DEFINITION,source/papers/Tsiokos_2026_Navier_Stokes_as_a_Layer_Dissolving_Membrane_Theorem.tex:L1708-L1710; derived/expanded/Tsiokos_2026_Navier_Stokes_as_a_Layer_Dissolving_Membrane_Theorem.tex:L1708-L1710,"NS smooth-data carrier as an AOR-instance object: The Navier–Stokes smooth-data carrier with initial datum u_0∈ H^ gamma_0 , gamma_0>5/2 , is the AOR-instance object C_ NS whose carrier family is the Bradshaw–Grujic frequency-refinement chain H_ J,t =E_ J,t /Ker C_ J,t indexed by BG stages J∈ N and time t<T_ (u_0) , with refinement morphisms J↦ J+1 of combined kind A3+A6. Its AOR registries are populated by the records of S –S : physical-native probes L^ phys and target readout D^ BG as observation records; the BG-windowed package Gamma_j , audited transport T_h , and LP-transport S_j as route records; the source-admission ledger Omega_ src as source records; the BG window P_ J(t) as the bounded interface; null-mode legality, positivity, and the Loewner recurrence as constraints; the half-log radius bound as a scale record; and the present paper's nonclaim list as the nonclaim register. The scope S_ NS restricts to smooth divergence-free Sobolev data.",NOT_APPLICABLE_DEFINITION,"{""caveats"": [""FORMAL_OR_PROOF_ASSISTANT_COMPONENT_DISCLOSED""], ""declarations"": [], ""elaboration_status"": ""NOT_APPLICABLE_OR_NOT_RUN"", ""exact_conclusion_match"": null, ""exact_hypothesis_match"": null, ""lab_or_test_evidence"": [], ""modules"": [], ""source_files"": [], ""statement_delta"": [""No imported module family was assigned to this paper at Step-2 intake.""], ""status"": ""PAPER_DISCLOSED_ASSET_NOT_IMPORTED"", ""trust_base"": []}","[""CG27""]"
P035-C0005,P035,definition,DEFINITION,source/papers/Tsiokos_2026_Six_Birds_for_Navier_Stokes_A_Mechanized_No_Zeno_Scaffold.tex:L248-L254; derived/expanded/Tsiokos_2026_Six_Birds_for_Navier_Stokes_A_Mechanized_No_Zeno_Scaffold.tex:L248-L254,"Zeno cascade: We say a Zeno cascade occurs if the crossing times are bounded above: T∈R\ \ s.t.\ \ n∈N,\ t(n) T. Equivalently, _n t(n)<∈fty , i.e.\ the frontier reaches arbitrarily fine levels in finite time.",NOT_APPLICABLE_DEFINITION,"{""caveats"": [""FORMAL_OR_PROOF_ASSISTANT_COMPONENT_DISCLOSED""], ""declarations"": [], ""elaboration_status"": ""NOT_APPLICABLE_OR_NOT_RUN"", ""exact_conclusion_match"": null, ""exact_hypothesis_match"": null, ""lab_or_test_evidence"": [], ""modules"": [], ""source_files"": [], ""statement_delta"": [""No imported module family was assigned to this paper at Step-2 intake.""], ""status"": ""PAPER_DISCLOSED_ASSET_NOT_IMPORTED"", ""trust_base"": []}","[""CG27""]"
P035-C0006,P035,definition,DEFINITION,source/papers/Tsiokos_2026_Six_Birds_for_Navier_Stokes_A_Mechanized_No_Zeno_Scaffold.tex:L261-L267; derived/expanded/Tsiokos_2026_Six_Birds_for_Navier_Stokes_A_Mechanized_No_Zeno_Scaffold.tex:L261-L267,"Increment certificate: Let Phi:N→R be a nonnegative sequence. We say Phi is an increment certificate for t if for all n , Phi(n)\ \ t(n+1)-t(n).",NOT_APPLICABLE_DEFINITION,"{""caveats"": [""FORMAL_OR_PROOF_ASSISTANT_COMPONENT_DISCLOSED""], ""declarations"": [], ""elaboration_status"": ""NOT_APPLICABLE_OR_NOT_RUN"", ""exact_conclusion_match"": null, ""exact_hypothesis_match"": null, ""lab_or_test_evidence"": [], ""modules"": [], ""source_files"": [], ""statement_delta"": [""No imported module family was assigned to this paper at Step-2 intake.""], ""status"": ""PAPER_DISCLOSED_ASSET_NOT_IMPORTED"", ""trust_base"": []}","[""CG27""]"
P035-C0008,P035,definition,DEFINITION,source/papers/Tsiokos_2026_Six_Birds_for_Navier_Stokes_A_Mechanized_No_Zeno_Scaffold.tex:L288-L303; derived/expanded/Tsiokos_2026_Six_Birds_for_Navier_Stokes_A_Mechanized_No_Zeno_Scaffold.tex:L288-L303,"WORK/CAP/DIV: Let w,Cap:N→R be sequences with Cap(n)>0 . WORK: w(n) is the ``work quantum'' required to advance from level n to n+1 . CAP: Cap(n) is the ``capacity'' available at level n (a bound relating work to input energy and/or throughput on the crossing interval). WORK × CAP inequality: for all n , w(n)\ \ Cap(n) (t(n+1)-t(n) ). DIV: the ratios w(n)/Cap(n) have unbounded partial sums: M∈R,\ n∈N\ s.t.\ M _ k=0 ^ n-1 w(k) Cap(k) .",NOT_APPLICABLE_DEFINITION,"{""caveats"": [""FORMAL_OR_PROOF_ASSISTANT_COMPONENT_DISCLOSED""], ""declarations"": [], ""elaboration_status"": ""NOT_APPLICABLE_OR_NOT_RUN"", ""exact_conclusion_match"": null, ""exact_hypothesis_match"": null, ""lab_or_test_evidence"": [], ""modules"": [], ""source_files"": [], ""statement_delta"": [""No imported module family was assigned to this paper at Step-2 intake.""], ""status"": ""PAPER_DISCLOSED_ASSET_NOT_IMPORTED"", ""trust_base"": []}","[""CG27""]"
P035-C0023,P035,prose_definition,PROSE_DEFINITION_SECTION,source/papers/Tsiokos_2026_Six_Birds_for_Navier_Stokes_A_Mechanized_No_Zeno_Scaffold.tex:L530-L548; derived/expanded/Tsiokos_2026_Six_Birds_for_Navier_Stokes_A_Mechanized_No_Zeno_Scaffold.tex:L530-L548,"Definition vs.\ diagnostic.: Throughout, ``SBT-legal'' is used in two explicit senses. Analytically, it denotes a restricted variant/theory in which feasibility at each scale excludes wavepacket-like concentration (a hypothesis on admissible interface signals, not a theorem about classical Navier–Stokes). Operationally, we implement a certificate that tests this exclusion at a chosen resolution and time window; in this paper we use it primarily as an initial-data filter and as a controlled LEGAL-vs-ILLEGAL diagnostic. We do not claim that passing the certificate at t=0 implies it remains true for later times under the classical PDE flow; that invariance problem is recorded as an OPEN hinge in Section . This section states the paper's main proposal: rather than claiming Clay regularity, we define an SBT-legal (restricted) variant of Navier–Stokes in which feasibility (P2) excludes localization in a quantitative way, and we provide a reproducible certificate to test this legality on initial data (and diagnostically along short runs). This is a research program specification and an operational toolbox, not a PDE theorem.",NAMED_SOURCE_SECTION_ARGUMENT,"{""caveats"": [""FORMAL_OR_PROOF_ASSISTANT_COMPONENT_DISCLOSED""], ""declarations"": [], ""elaboration_status"": ""NOT_APPLICABLE_OR_NOT_RUN"", ""exact_conclusion_match"": null, ""exact_hypothesis_match"": null, ""lab_or_test_evidence"": [], ""modules"": [], ""source_files"": [], ""statement_delta"": [""No imported module family was assigned to this paper at Step-2 intake.""], ""status"": ""PAPER_DISCLOSED_ASSET_NOT_IMPORTED"", ""trust_base"": []}","[""CG27""]"
P035-C0024,P035,definition,DEFINITION,source/papers/Tsiokos_2026_Six_Birds_for_Navier_Stokes_A_Mechanized_No_Zeno_Scaffold.tex:L562-L570; derived/expanded/Tsiokos_2026_Six_Birds_for_Navier_Stokes_A_Mechanized_No_Zeno_Scaffold.tex:L562-L570,Anti-localization at scale j: A shell field v∈ Ran(Delta_j) is _j -anti-localized if _ x_0∈T^3 ∈t_ B_j(x_0) |v(x)|^2 dx _j \|v\|_ L^2_x ^2. A sequence is asymptotically anti-localized if _j→ 0 as j→∈fty .,NOT_APPLICABLE_DEFINITION,"{""caveats"": [""FORMAL_OR_PROOF_ASSISTANT_COMPONENT_DISCLOSED""], ""declarations"": [], ""elaboration_status"": ""NOT_APPLICABLE_OR_NOT_RUN"", ""exact_conclusion_match"": null, ""exact_hypothesis_match"": null, ""lab_or_test_evidence"": [], ""modules"": [], ""source_files"": [], ""statement_delta"": [""No imported module family was assigned to this paper at Step-2 intake.""], ""status"": ""PAPER_DISCLOSED_ASSET_NOT_IMPORTED"", ""trust_base"": []}","[""CG27""]"
P035-C0030,P035,definition,DEFINITION,source/papers/Tsiokos_2026_Six_Birds_for_Navier_Stokes_A_Mechanized_No_Zeno_Scaffold.tex:L630-L645; derived/expanded/Tsiokos_2026_Six_Birds_for_Navier_Stokes_A_Mechanized_No_Zeno_Scaffold.tex:L630-L645,"Operational SBT-legality certificate (initial data): Given a dyadic decomposition u_0= _j (u_0)_j , define L_j(u_0) by . Let f_j denote the baseline volume fraction at scale j (uniform reference). Define the normalized concentration factor _j(u_0) := L_j(u_0) f_j . We say u_0 is SBT-legal at thresholds ( _ ,burst_ ,m_ ) if the certificate computed by the script python/scripts/ns_spt_legal_certify.py returns PASS, which in practice checks configurable bounds on: (i) _j _j , (ii) a burst ratio statistic over time windows if evolution is enabled, and optionally (iii) an effective channel count m_ 95 from PCA/SVD diagnostics.",NOT_APPLICABLE_DEFINITION,"{""caveats"": [""FORMAL_OR_PROOF_ASSISTANT_COMPONENT_DISCLOSED""], ""declarations"": [], ""elaboration_status"": ""NOT_APPLICABLE_OR_NOT_RUN"", ""exact_conclusion_match"": null, ""exact_hypothesis_match"": null, ""lab_or_test_evidence"": [], ""modules"": [], ""source_files"": [], ""statement_delta"": [""No imported module family was assigned to this paper at Step-2 intake.""], ""status"": ""PAPER_DISCLOSED_ASSET_NOT_IMPORTED"", ""trust_base"": []}","[""CG27""]"
P057-C0002,P057,definition,DEFINITION,source/papers/Tsiokos_2026_To_XOR_a_Stone_with_Six_Birds_Closure_Diagnostics_for_Emergent_Bits_Gates_and_Booleanity.tex:L162-L172; derived/expanded/Tsiokos_2026_To_XOR_a_Stone_with_Six_Birds_Closure_Diagnostics_for_Emergent_Bits_Gates_and_Booleanity.tex:L162-L172,"Logic layer: Fix a microstate space Z , a lens f : Z → X , and an evaluation window tau . A logic layer at (f,tau) consists of a nontrivial family B ⊆ Sigma_f of binary packaged predicates together with induced macro-updates such that: Stability. Each b ∈ B is metastable on the timescale tau . Closure. The relevant micro-updates descend to macro-operators on the packaged variables with small closure defect. Feasibility semantics. Each b ∈ B is the indicator of a stable feasible set, and the connective operations required at the layer remain definable there. Auditability. Persistence, route agreement, and information loss are measurable by explicit diagnostics. When these conditions fail, a symbolic description may still be convenient, but it does not constitute a closed logic layer in the sense used in this paper.",NOT_APPLICABLE_DEFINITION,"{""caveats"": [""FORMAL_OR_PROOF_ASSISTANT_COMPONENT_DISCLOSED""], ""declarations"": [], ""elaboration_status"": ""NOT_APPLICABLE_OR_NOT_RUN"", ""exact_conclusion_match"": null, ""exact_hypothesis_match"": null, ""lab_or_test_evidence"": [], ""modules"": [], ""source_files"": [], ""statement_delta"": [""No imported module family was assigned to this paper at Step-2 intake.""], ""status"": ""PAPER_DISCLOSED_ASSET_NOT_IMPORTED"", ""trust_base"": []}","[""CG27""]"
P057-C0004,P057,prose_definition,PROSE_DEFINITION,source/papers/Tsiokos_2026_To_XOR_a_Stone_with_Six_Birds_Closure_Diagnostics_for_Emergent_Bits_Gates_and_Booleanity.tex:L264; derived/expanded/Tsiokos_2026_To_XOR_a_Stone_with_Six_Birds_Closure_Diagnostics_for_Emergent_Bits_Gates_and_Booleanity.tex:L264,"Definition is intentionally stricter than merely being able to label states by zero and one. A candidate bit must remain stable long enough to matter, must support a descended operator calculus, and must survive audit. This is why the six primitives are complementary rather than redundant. P5 packages the carrier; P4 keeps it from dissolving immediately; P2 makes it semantically meaningful; P1 determines whether an effective operator vocabulary can be stabilized; P3 detects route dependence and protocol residue; P6 determines what must be paid to maintain the whole arrangement.",PROSE_STATUS_OR_ARGUMENT_RECORD,"{""caveats"": [""FORMAL_OR_PROOF_ASSISTANT_COMPONENT_DISCLOSED""], ""declarations"": [], ""elaboration_status"": ""NOT_APPLICABLE_OR_NOT_RUN"", ""exact_conclusion_match"": null, ""exact_hypothesis_match"": null, ""lab_or_test_evidence"": [], ""modules"": [], ""source_files"": [], ""statement_delta"": [""No imported module family was assigned to this paper at Step-2 intake.""], ""status"": ""PAPER_DISCLOSED_ASSET_NOT_IMPORTED"", ""trust_base"": []}","[""CG27""]"
P057-C0005,P057,prose_definition,PROSE_DEFINITION,source/papers/Tsiokos_2026_To_XOR_a_Stone_with_Six_Birds_Closure_Diagnostics_for_Emergent_Bits_Gates_and_Booleanity.tex:L272-L273; derived/expanded/Tsiokos_2026_To_XOR_a_Stone_with_Six_Birds_Closure_Diagnostics_for_Emergent_Bits_Gates_and_Booleanity.tex:L272-L273,"Definition gives four requirements for a logic layer: stability, closure, feasibility semantics, and auditability. This section turns those four requirements into measurable quantities and summarizes the controlled laboratories in which they are evaluated. The important methodological point is that the paper is not reporting live computations from the manuscript source. All numerical values reported in Sections – are taken from the frozen result bundle under results/final_claims/ and the source artifacts it summarizes. The manuscript does not recompute those values during drafting; it only defines the diagnostics and interprets the frozen outputs. Methodologically, this follows the broader Six Birds insistence that closure claims be paired with explicit audit rather than inferred from symbolic convenience alone .",PROSE_STATUS_OR_ARGUMENT_RECORD,"{""caveats"": [""FORMAL_OR_PROOF_ASSISTANT_COMPONENT_DISCLOSED""], ""declarations"": [], ""elaboration_status"": ""NOT_APPLICABLE_OR_NOT_RUN"", ""exact_conclusion_match"": null, ""exact_hypothesis_match"": null, ""lab_or_test_evidence"": [], ""modules"": [], ""source_files"": [], ""statement_delta"": [""No imported module family was assigned to this paper at Step-2 intake.""], ""status"": ""PAPER_DISCLOSED_ASSET_NOT_IMPORTED"", ""trust_base"": []}","[""CG27""]"
P020-C0003,P020,prose_definition,PROSE_DEFINITION_SECTION,source/papers/Tsiokos_2026_Persistence_of_SPT_Legality_from_Channelized_Feasibility_in_a_Multiscale_Hilbert_Cell_Model.tex:L301-L307; derived/expanded/Tsiokos_2026_Persistence_of_SPT_Legality_from_Channelized_Feasibility_in_a_Multiscale_Hilbert_Cell_Model.tex:L301-L307,"Model and Definitions: This section formalizes the minimal multiscale setting used throughout the paper. All statements are finite-dimensional (for mechanizability), but the definitions are written in Hilbert language. The intended interpretation is: depth j indexes refinement, and the cell partition at depth j represents the resolution at which localization is measured.",NAMED_SOURCE_SECTION_ARGUMENT,"{""caveats"": [""FORMAL_OR_PROOF_ASSISTANT_COMPONENT_DISCLOSED""], ""declarations"": [], ""elaboration_status"": ""NOT_APPLICABLE_OR_NOT_RUN"", ""exact_conclusion_match"": null, ""exact_hypothesis_match"": null, ""lab_or_test_evidence"": [], ""modules"": [], ""source_files"": [], ""statement_delta"": [""No imported module family was assigned to this paper at Step-2 intake.""], ""status"": ""PAPER_DISCLOSED_ASSET_NOT_IMPORTED"", ""trust_base"": []}","[""CG27""]"
P020-C0004,P020,definition,DEFINITION,source/papers/Tsiokos_2026_Persistence_of_SPT_Legality_from_Channelized_Feasibility_in_a_Multiscale_Hilbert_Cell_Model.tex:L338-L344; derived/expanded/Tsiokos_2026_Persistence_of_SPT_Legality_from_Channelized_Feasibility_in_a_Multiscale_Hilbert_Cell_Model.tex:L338-L344,"Cell concentration: For j J_ and nonzero v∈ H_j , define the maximum cell energy fraction _j(v) := _ c∈C_j \|P_ j,c v\|^2 \|v\|^2 . We set _j(0):=0 by convention.",NOT_APPLICABLE_DEFINITION,"{""caveats"": [""FORMAL_OR_PROOF_ASSISTANT_COMPONENT_DISCLOSED""], ""declarations"": [], ""elaboration_status"": ""NOT_APPLICABLE_OR_NOT_RUN"", ""exact_conclusion_match"": null, ""exact_hypothesis_match"": null, ""lab_or_test_evidence"": [], ""modules"": [], ""source_files"": [], ""statement_delta"": [""No imported module family was assigned to this paper at Step-2 intake.""], ""status"": ""PAPER_DISCLOSED_ASSET_NOT_IMPORTED"", ""trust_base"": []}","[""CG27""]"
P020-C0005,P020,definition,DEFINITION,source/papers/Tsiokos_2026_Persistence_of_SPT_Legality_from_Channelized_Feasibility_in_a_Multiscale_Hilbert_Cell_Model.tex:L346-L352; derived/expanded/Tsiokos_2026_Persistence_of_SPT_Legality_from_Channelized_Feasibility_in_a_Multiscale_Hilbert_Cell_Model.tex:L346-L352,"Normalized concentration: For j J_ and v∈ H_j , define _j(v) := _j(v) f_j . Thus _j(v)∈[0,1/f_j] , with _j(v) 1 corresponding to roughly uniform energy distribution across cells, while _j(v) 1/f_j corresponds to near-complete localization in a single cell.",NOT_APPLICABLE_DEFINITION,"{""caveats"": [""FORMAL_OR_PROOF_ASSISTANT_COMPONENT_DISCLOSED""], ""declarations"": [], ""elaboration_status"": ""NOT_APPLICABLE_OR_NOT_RUN"", ""exact_conclusion_match"": null, ""exact_hypothesis_match"": null, ""lab_or_test_evidence"": [], ""modules"": [], ""source_files"": [], ""statement_delta"": [""No imported module family was assigned to this paper at Step-2 intake.""], ""status"": ""PAPER_DISCLOSED_ASSET_NOT_IMPORTED"", ""trust_base"": []}","[""CG27""]"
P020-C0006,P020,definition,DEFINITION,source/papers/Tsiokos_2026_Persistence_of_SPT_Legality_from_Channelized_Feasibility_in_a_Multiscale_Hilbert_Cell_Model.tex:L354-L360; derived/expanded/Tsiokos_2026_Persistence_of_SPT_Legality_from_Channelized_Feasibility_in_a_Multiscale_Hilbert_Cell_Model.tex:L354-L360,SPT-legal state: Fix a legality threshold K_ 1 . A state u∈ H is SPT-legal (with threshold K_ ) if for every j J_ with u_j≠ 0 one has _j(u_j) K_ .,NOT_APPLICABLE_DEFINITION,"{""caveats"": [""FORMAL_OR_PROOF_ASSISTANT_COMPONENT_DISCLOSED""], ""declarations"": [], ""elaboration_status"": ""NOT_APPLICABLE_OR_NOT_RUN"", ""exact_conclusion_match"": null, ""exact_hypothesis_match"": null, ""lab_or_test_evidence"": [], ""modules"": [], ""source_files"": [], ""statement_delta"": [""No imported module family was assigned to this paper at Step-2 intake.""], ""status"": ""PAPER_DISCLOSED_ASSET_NOT_IMPORTED"", ""trust_base"": []}","[""CG27""]"
P020-C0007,P020,definition,DEFINITION,source/papers/Tsiokos_2026_Persistence_of_SPT_Legality_from_Channelized_Feasibility_in_a_Multiscale_Hilbert_Cell_Model.tex:L366-L380; derived/expanded/Tsiokos_2026_Persistence_of_SPT_Legality_from_Channelized_Feasibility_in_a_Multiscale_Hilbert_Cell_Model.tex:L366-L380,"Channel map and feasible set: Fix a channel count m_j∈N for each depth j . A channel map at depth j is a linear synthesis operator Gamma_j:R^ m_j → H_j, Gamma_j a = _ r=1 ^ m_j a_r psi_ j,r , where psi_ j,r ∈ H_j are the channels. The associated feasible set is the range F_j := Ran(Gamma_j)⊆ H_j. We call Gamma_j (equivalently, the channel family \ psi_ j,r \ ) an artifact at depth j .",NOT_APPLICABLE_DEFINITION,"{""caveats"": [""FORMAL_OR_PROOF_ASSISTANT_COMPONENT_DISCLOSED""], ""declarations"": [], ""elaboration_status"": ""NOT_APPLICABLE_OR_NOT_RUN"", ""exact_conclusion_match"": null, ""exact_hypothesis_match"": null, ""lab_or_test_evidence"": [], ""modules"": [], ""source_files"": [], ""statement_delta"": [""No imported module family was assigned to this paper at Step-2 intake.""], ""status"": ""PAPER_DISCLOSED_ASSET_NOT_IMPORTED"", ""trust_base"": []}","[""CG27""]"
P020-C0008,P020,definition,DEFINITION,source/papers/Tsiokos_2026_Persistence_of_SPT_Legality_from_Channelized_Feasibility_in_a_Multiscale_Hilbert_Cell_Model.tex:L382-L392; derived/expanded/Tsiokos_2026_Persistence_of_SPT_Legality_from_Channelized_Feasibility_in_a_Multiscale_Hilbert_Cell_Model.tex:L382-L392,"Packaging projector: The (bandwise) packaging map associated to F_j is the orthogonal projector E_j:H_j→ F_j, E_j^2 = E_j, F_j = \ v∈ H_j: E_j v=v\ . We also write I for the identity map on H_j and refer to (I-E_j)v as the off-feasible component of v .",NOT_APPLICABLE_DEFINITION,"{""caveats"": [""FORMAL_OR_PROOF_ASSISTANT_COMPONENT_DISCLOSED""], ""declarations"": [], ""elaboration_status"": ""NOT_APPLICABLE_OR_NOT_RUN"", ""exact_conclusion_match"": null, ""exact_hypothesis_match"": null, ""lab_or_test_evidence"": [], ""modules"": [], ""source_files"": [], ""statement_delta"": [""No imported module family was assigned to this paper at Step-2 intake.""], ""status"": ""PAPER_DISCLOSED_ASSET_NOT_IMPORTED"", ""trust_base"": []}","[""CG27""]"
P020-C0009,P020,definition,DEFINITION,source/papers/Tsiokos_2026_Persistence_of_SPT_Legality_from_Channelized_Feasibility_in_a_Multiscale_Hilbert_Cell_Model.tex:L403-L412; derived/expanded/Tsiokos_2026_Persistence_of_SPT_Legality_from_Channelized_Feasibility_in_a_Multiscale_Hilbert_Cell_Model.tex:L403-L412,"Channel delocalization: A channel family \ psi_ j,r \ _ r=1 ^ m_j is cell-delocalized with constant _0(j) 1 if _ c∈C_j \|P_ j,c psi_ j,r \|^2 _0(j) f_j \|psi_ j,r \|^2 for all r.",NOT_APPLICABLE_DEFINITION,"{""caveats"": [""FORMAL_OR_PROOF_ASSISTANT_COMPONENT_DISCLOSED""], ""declarations"": [], ""elaboration_status"": ""NOT_APPLICABLE_OR_NOT_RUN"", ""exact_conclusion_match"": null, ""exact_hypothesis_match"": null, ""lab_or_test_evidence"": [], ""modules"": [], ""source_files"": [], ""statement_delta"": [""No imported module family was assigned to this paper at Step-2 intake.""], ""status"": ""PAPER_DISCLOSED_ASSET_NOT_IMPORTED"", ""trust_base"": []}","[""CG27""]"
P020-C0010,P020,definition,DEFINITION,source/papers/Tsiokos_2026_Persistence_of_SPT_Legality_from_Channelized_Feasibility_in_a_Multiscale_Hilbert_Cell_Model.tex:L414-L427; derived/expanded/Tsiokos_2026_Persistence_of_SPT_Legality_from_Channelized_Feasibility_in_a_Multiscale_Hilbert_Cell_Model.tex:L414-L427,"Frame bounds and conditioning: A channel map Gamma_j has (Euclidean) frame bounds 0<alpha_j beta_j<∈fty if alpha_j \|a\|^2 \|Gamma_j a\|^2 beta_j \|a\|^2 for all a∈R^ m_j . We define the associated condition number proxy cond(Gamma_j) := beta_j/alpha_j. In finite dimensions, one may take alpha_j,beta_j as the smallest/largest eigenvalues of the Gram matrix Gamma_j^→pGamma_j when Gamma_j is full rank. See, e.g., for background on frames/Riesz sequences and the role of frame bounds.",NOT_APPLICABLE_DEFINITION,"{""caveats"": [""FORMAL_OR_PROOF_ASSISTANT_COMPONENT_DISCLOSED""], ""declarations"": [], ""elaboration_status"": ""NOT_APPLICABLE_OR_NOT_RUN"", ""exact_conclusion_match"": null, ""exact_hypothesis_match"": null, ""lab_or_test_evidence"": [], ""modules"": [], ""source_files"": [], ""statement_delta"": [""No imported module family was assigned to this paper at Step-2 intake.""], ""status"": ""PAPER_DISCLOSED_ASSET_NOT_IMPORTED"", ""trust_base"": []}","[""CG27""]"
P020-C0013,P020,definition,DEFINITION,source/papers/Tsiokos_2026_Persistence_of_SPT_Legality_from_Channelized_Feasibility_in_a_Multiscale_Hilbert_Cell_Model.tex:L441-L451; derived/expanded/Tsiokos_2026_Persistence_of_SPT_Legality_from_Channelized_Feasibility_in_a_Multiscale_Hilbert_Cell_Model.tex:L441-L451,"Empirical delocalization constant: Given channels \ psi_ j,r \ at depth j , define _0^ emp (j) := _ r _ c∈C_j \|P_ j,c psi_ j,r \|^2 f_j \|psi_ j,r \|^2 , In our finite-dimensional setting this is an exact worst-case artifact constant computed from the channels; the superscript ``emp'' emphasizes that it is audited from artifact data rather than estimated from trajectory samples. with the convention that zero-norm channels are ignored.",NOT_APPLICABLE_DEFINITION,"{""caveats"": [""FORMAL_OR_PROOF_ASSISTANT_COMPONENT_DISCLOSED""], ""declarations"": [], ""elaboration_status"": ""NOT_APPLICABLE_OR_NOT_RUN"", ""exact_conclusion_match"": null, ""exact_hypothesis_match"": null, ""lab_or_test_evidence"": [], ""modules"": [], ""source_files"": [], ""statement_delta"": [""No imported module family was assigned to this paper at Step-2 intake.""], ""status"": ""PAPER_DISCLOSED_ASSET_NOT_IMPORTED"", ""trust_base"": []}","[""CG27""]"
P020-C0014,P020,definition,DEFINITION,source/papers/Tsiokos_2026_Persistence_of_SPT_Legality_from_Channelized_Feasibility_in_a_Multiscale_Hilbert_Cell_Model.tex:L453-L463; derived/expanded/Tsiokos_2026_Persistence_of_SPT_Legality_from_Channelized_Feasibility_in_a_Multiscale_Hilbert_Cell_Model.tex:L453-L463,"Predicted feasibility legality envelope: Given diagnostics _0^ emp (j) and frame bounds (alpha_j,beta_j) , we define the predicted feasibility bound K^ feas _j := _0^ emp (j) cond(Gamma_j) m_j = _0^ emp (j) (beta_j/alpha_j) m_j. The main static theorem (T-SPT-00) justifies that _j(v) is uniformly controlled on v∈F_j under the corresponding hypotheses, with explicit constants comparable to .",NOT_APPLICABLE_DEFINITION,"{""caveats"": [""FORMAL_OR_PROOF_ASSISTANT_COMPONENT_DISCLOSED""], ""declarations"": [], ""elaboration_status"": ""NOT_APPLICABLE_OR_NOT_RUN"", ""exact_conclusion_match"": null, ""exact_hypothesis_match"": null, ""lab_or_test_evidence"": [], ""modules"": [], ""source_files"": [], ""statement_delta"": [""No imported module family was assigned to this paper at Step-2 intake.""], ""status"": ""PAPER_DISCLOSED_ASSET_NOT_IMPORTED"", ""trust_base"": []}","[""CG27""]"
P020-C0015,P020,definition,DEFINITION,source/papers/Tsiokos_2026_Persistence_of_SPT_Legality_from_Channelized_Feasibility_in_a_Multiscale_Hilbert_Cell_Model.tex:L469-L480; derived/expanded/Tsiokos_2026_Persistence_of_SPT_Legality_from_Channelized_Feasibility_in_a_Multiscale_Hilbert_Cell_Model.tex:L469-L480,"Cellwise feasibility defect: For u_j∈ H_j define the cellwise defect ratio def^ ∈fty _j(u_j) := _ c∈C_j \|P_ j,c (I-E_j)u_j\|^2 \|u_j\|^2 , with def^ ∈fty _j(0):=0 . The robust persistence theorem (T-SPT-02) assumes a bound of the form def^ ∈fty _j(u_j(t)) _∈fty f_j uniformly in time and depth, which is strictly stronger (and more relevant to localization) than a global bound on \|(I-E_j)u_j(t)\|/\|u_j(t)\| .",NOT_APPLICABLE_DEFINITION,"{""caveats"": [""FORMAL_OR_PROOF_ASSISTANT_COMPONENT_DISCLOSED""], ""declarations"": [], ""elaboration_status"": ""NOT_APPLICABLE_OR_NOT_RUN"", ""exact_conclusion_match"": null, ""exact_hypothesis_match"": null, ""lab_or_test_evidence"": [], ""modules"": [], ""source_files"": [], ""statement_delta"": [""No imported module family was assigned to this paper at Step-2 intake.""], ""status"": ""PAPER_DISCLOSED_ASSET_NOT_IMPORTED"", ""trust_base"": []}","[""CG27""]"
P002-C0005,P002,prose_definition,PROSE_DEFINITION,source/papers/Tsiokos_2026_A_Six_Birds_Eye_View_of_Quantum_Theory_Operational_Closure_Semantics_for_Measurement_Contextuality_and_Record_Stability.tex:L138-L142; derived/expanded/Tsiokos_2026_A_Six_Birds_Eye_View_of_Quantum_Theory_Operational_Closure_Semantics_for_Measurement_Contextuality_and_Record_Stability.tex:L138-L142,"Define an empirical equivalence relation: z z' Longleftrightarrow i∈ I,\ f_i(z)=f_i(z'). By construction, z z' means that the layer cannot distinguish z from z' using any admissible lens in the family. OI–EI then dictates that such states must be identified as the same object at that layer.",PROSE_STATUS_OR_ARGUMENT_RECORD,"{""caveats"": [""FORMAL_OR_PROOF_ASSISTANT_COMPONENT_DISCLOSED""], ""declarations"": [], ""elaboration_status"": ""NOT_APPLICABLE_OR_NOT_RUN"", ""exact_conclusion_match"": null, ""exact_hypothesis_match"": null, ""lab_or_test_evidence"": [], ""modules"": [], ""source_files"": [], ""statement_delta"": [""No imported module family was assigned to this paper at Step-2 intake.""], ""status"": ""PAPER_DISCLOSED_ASSET_NOT_IMPORTED"", ""trust_base"": []}","[""CG27""]"
P002-C0009,P002,prose_definition,PROSE_DEFINITION,source/papers/Tsiokos_2026_A_Six_Birds_Eye_View_of_Quantum_Theory_Operational_Closure_Semantics_for_Measurement_Contextuality_and_Record_Stability.tex:L669-L673; derived/expanded/Tsiokos_2026_A_Six_Birds_Eye_View_of_Quantum_Theory_Operational_Closure_Semantics_for_Measurement_Contextuality_and_Record_Stability.tex:L669-L673,"Define a basin lens (coarse record variable) f : Z → X, where X is a small set of macro labels (e.g., ``left basin'' versus ``right basin'').",PROSE_STATUS_OR_ARGUMENT_RECORD,"{""caveats"": [""FORMAL_OR_PROOF_ASSISTANT_COMPONENT_DISCLOSED""], ""declarations"": [], ""elaboration_status"": ""NOT_APPLICABLE_OR_NOT_RUN"", ""exact_conclusion_match"": null, ""exact_hypothesis_match"": null, ""lab_or_test_evidence"": [], ""modules"": [], ""source_files"": [], ""statement_delta"": [""No imported module family was assigned to this paper at Step-2 intake.""], ""status"": ""PAPER_DISCLOSED_ASSET_NOT_IMPORTED"", ""trust_base"": []}","[""CG27""]"
P002-C0010,P002,prose_definition,PROSE_DEFINITION,source/papers/Tsiokos_2026_A_Six_Birds_Eye_View_of_Quantum_Theory_Operational_Closure_Semantics_for_Measurement_Contextuality_and_Record_Stability.tex:L685-L693; derived/expanded/Tsiokos_2026_A_Six_Birds_Eye_View_of_Quantum_Theory_Operational_Closure_Semantics_for_Measurement_Contextuality_and_Record_Stability.tex:L685-L693,"Define completion by U_f(p) := _ x∈ X p(x) u_x, and define the timescale-dependent packaging operator by E_ tau,f := U_f Q_f T_tau. That is, the operator evolves the substrate, reads only the basin masses, and then discards within-basin microdetails by re-imposing the prototypes.",PROSE_STATUS_OR_ARGUMENT_RECORD,"{""caveats"": [""FORMAL_OR_PROOF_ASSISTANT_COMPONENT_DISCLOSED""], ""declarations"": [], ""elaboration_status"": ""NOT_APPLICABLE_OR_NOT_RUN"", ""exact_conclusion_match"": null, ""exact_hypothesis_match"": null, ""lab_or_test_evidence"": [], ""modules"": [], ""source_files"": [], ""statement_delta"": [""No imported module family was assigned to this paper at Step-2 intake.""], ""status"": ""PAPER_DISCLOSED_ASSET_NOT_IMPORTED"", ""trust_base"": []}","[""CG27""]"
P036-C0003,P036,prose_definition,PROSE_DEFINITION_SECTION,source/papers/Tsiokos_2026_Six_Birds_for_Neutrino_Mass_Lens_Swap_Stability_and_Packaging_Audits.tex:L276-L321; derived/expanded/Tsiokos_2026_Six_Birds_for_Neutrino_Mass_Lens_Swap_Stability_and_Packaging_Audits.tex:L276-L321,"Formal definition.: Let parameters be partitioned as =(phi, _B) where phi denotes the shared parameters we hold fixed in the audit direction B|A and _B denotes nuisance parameters specific to lens B . Define the profiled log-likelihood L _B(phi) _ _B L_B(phi, _B), and the profiled directional mismatch Delta ^2 _ B|A -2 , where phi_L is the shared-parameter component of the best-fit point under lens L . In practice we approximate by profiling only a tractable subset of B 's nuisance parameters under a runtime cap; the intent is not to ``profile away'' all mismatch, but to reduce sensitivity to purely lens-specific packaging degrees of freedom. In our implementation, the profiled set comprises the following calibration/beta parameters: Tcal_ext150, Tcal_rel90, Tcal_rel220, Ecal_ext150, Ecal_rel90, Ecal_rel220, TT_CIBClustering_Alpha, TT_CIB_150x150, TT_CIB_150x220, TT_CIB_220x220, TT_GalCirrus_Alpha, TT_GalCirrus_Amp. For the reverse direction, the capped set is: TT_tSZ_CIB_Corr_Amp, TT_tSZ_CIB_corr, Ecal150, Ecal220, Ecal90, TT_CIBClustering_Alpha, TT_CIBClustering_Amp, TT_CIBClustering_Beta, TT_GalCirrus_Alpha, TT_GalCirrus_Amp, TT_GalCirrus_Beta, TT_Poisson_150x150 (runtime-capped to 12 parameters; see run metadata).",NAMED_SOURCE_SECTION_ARGUMENT,"{""caveats"": [""NO_DEDICATED_FORMAL_COMPONENT_LOCATED_AT_SURVEY_DEPTH""], ""declarations"": [], ""elaboration_status"": ""NOT_APPLICABLE_OR_NOT_RUN"", ""exact_conclusion_match"": null, ""exact_hypothesis_match"": null, ""lab_or_test_evidence"": [], ""modules"": [], ""source_files"": [], ""statement_delta"": [""No imported module family was assigned to this paper at Step-2 intake.""], ""status"": ""NO_MATCH"", ""trust_base"": []}","[""CG27""]"
P001-C0004,P001,definition,DEFINITION,source/papers/Tsiokos_2026_A_Six_Birds_Eye_View_of_Dark_Energy_Closure_Route_Mismatch_and_Audits_for_Apparent_Acceleration.tex:L120-L123; derived/expanded/Tsiokos_2026_A_Six_Birds_Eye_View_of_Dark_Energy_Closure_Route_Mismatch_and_Audits_for_Apparent_Acceleration.tex:L120-L123,Lens and completion: A lens is a map f:X→Y . A completion is a map U:Y→X .,NOT_APPLICABLE_DEFINITION,"{""caveats"": [""FORMAL_OR_PROOF_ASSISTANT_COMPONENT_DISCLOSED""], ""declarations"": [], ""elaboration_status"": ""NOT_APPLICABLE_OR_NOT_RUN"", ""exact_conclusion_match"": null, ""exact_hypothesis_match"": null, ""lab_or_test_evidence"": [], ""modules"": [], ""source_files"": [], ""statement_delta"": [""No imported module family was assigned to this paper at Step-2 intake.""], ""status"": ""PAPER_DISCLOSED_ASSET_NOT_IMPORTED"", ""trust_base"": []}","[""CG27""]"
P001-C0005,P001,definition,DEFINITION,source/papers/Tsiokos_2026_A_Six_Birds_Eye_View_of_Dark_Energy_Closure_Route_Mismatch_and_Audits_for_Apparent_Acceleration.tex:L125-L132; derived/expanded/Tsiokos_2026_A_Six_Birds_Eye_View_of_Dark_Energy_Closure_Route_Mismatch_and_Audits_for_Apparent_Acceleration.tex:L125-L132,"Packaging operator: The induced packaging operator is the endomap E = U f:X→X. Intuitively, E(x) is the ``macro-consistent representative'' obtained by observing x through f and filling in missing structure via U .",NOT_APPLICABLE_DEFINITION,"{""caveats"": [""FORMAL_OR_PROOF_ASSISTANT_COMPONENT_DISCLOSED""], ""declarations"": [], ""elaboration_status"": ""NOT_APPLICABLE_OR_NOT_RUN"", ""exact_conclusion_match"": null, ""exact_hypothesis_match"": null, ""lab_or_test_evidence"": [], ""modules"": [], ""source_files"": [], ""statement_delta"": [""No imported module family was assigned to this paper at Step-2 intake.""], ""status"": ""PAPER_DISCLOSED_ASSET_NOT_IMPORTED"", ""trust_base"": []}","[""CG27""]"
P001-C0006,P001,definition,DEFINITION,source/papers/Tsiokos_2026_A_Six_Birds_Eye_View_of_Dark_Energy_Closure_Route_Mismatch_and_Audits_for_Apparent_Acceleration.tex:L141-L148; derived/expanded/Tsiokos_2026_A_Six_Birds_Eye_View_of_Dark_Energy_Closure_Route_Mismatch_and_Audits_for_Apparent_Acceleration.tex:L141-L148,"Idempotence and idempotence defect: Packaging is idempotent if E(E(x))=E(x) for all x∈X . When idempotence is only approximate, we define the idempotence defect delta(x) := d_ X (E(E(x)),E(x) ).",NOT_APPLICABLE_DEFINITION,"{""caveats"": [""FORMAL_OR_PROOF_ASSISTANT_COMPONENT_DISCLOSED""], ""declarations"": [], ""elaboration_status"": ""NOT_APPLICABLE_OR_NOT_RUN"", ""exact_conclusion_match"": null, ""exact_hypothesis_match"": null, ""lab_or_test_evidence"": [], ""modules"": [], ""source_files"": [], ""statement_delta"": [""No imported module family was assigned to this paper at Step-2 intake.""], ""status"": ""PAPER_DISCLOSED_ASSET_NOT_IMPORTED"", ""trust_base"": []}","[""CG27""]"
P001-C0007,P001,definition,DEFINITION,source/papers/Tsiokos_2026_A_Six_Birds_Eye_View_of_Dark_Energy_Closure_Route_Mismatch_and_Audits_for_Apparent_Acceleration.tex:L158-L165; derived/expanded/Tsiokos_2026_A_Six_Birds_Eye_View_of_Dark_Energy_Closure_Route_Mismatch_and_Audits_for_Apparent_Acceleration.tex:L158-L165,"Route mismatch: Given evolution T , define the (state-space) route mismatch diagnostic RM(x) := d_ X (E(T(x)), T(E(x)) ). Optionally, a lens-space diagnostic d_ Y (f(E(T(x))),f(T(E(x)))) may be used when only observables can be compared.",NOT_APPLICABLE_DEFINITION,"{""caveats"": [""FORMAL_OR_PROOF_ASSISTANT_COMPONENT_DISCLOSED""], ""declarations"": [], ""elaboration_status"": ""NOT_APPLICABLE_OR_NOT_RUN"", ""exact_conclusion_match"": null, ""exact_hypothesis_match"": null, ""lab_or_test_evidence"": [], ""modules"": [], ""source_files"": [], ""statement_delta"": [""No imported module family was assigned to this paper at Step-2 intake.""], ""status"": ""PAPER_DISCLOSED_ASSET_NOT_IMPORTED"", ""trust_base"": []}","[""CG27""]"
P049-C0022,P049,prose_definition,PROSE_DEFINITION_SECTION,source/papers/Tsiokos_2026_To_Kill_Three_Stones_with_Six_Birds_A_Common_Grammar_for_the_SM_QM_and_GR.tex:L1903-L1916; derived/expanded/Tsiokos_2026_To_Kill_Three_Stones_with_Six_Birds_A_Common_Grammar_for_the_SM_QM_and_GR.tex:L1903-L1916,"Landing modes and audit gates (operational definitions): Modes. COMPUTE (value/verdict from the construction); SELECT (choice on declared conditions); PROVE-BLIND (invariance theorem ⇒ observed-input); GROUND (condition supplied as down-shadow of a named higher source; carries source-warrant + theorem-strength caveats); RECOGNITION (known result reproduced as a law-instance, non-circularly); FORBIDDEN-RULE/DEMARCATION (computed exclusion/classification with can-fail control).",NAMED_SOURCE_SECTION_ARGUMENT,"{""caveats"": [""FORMAL_OR_PROOF_ASSISTANT_COMPONENT_DISCLOSED""], ""declarations"": [], ""elaboration_status"": ""NOT_APPLICABLE_OR_NOT_RUN"", ""exact_conclusion_match"": null, ""exact_hypothesis_match"": null, ""lab_or_test_evidence"": [], ""modules"": [], ""source_files"": [], ""statement_delta"": [""No imported module family was assigned to this paper at Step-2 intake.""], ""status"": ""PAPER_DISCLOSED_ASSET_NOT_IMPORTED"", ""trust_base"": []}","[""CG05"", ""CG09"", ""CG11"", ""CG13"", ""CG27""]"
