claim_id,source_paper,claim_type,claim_grade,source_location,normalized_claim,proof_status,formalization,vii_links
P031-C0080,P031,open_problem,OPEN_PROBLEM_OR_DEFERRED_WORK,source/papers/Tsiokos_2026_Six_Birds_Foundations_of_Emergence_Calculus.tex:L1426-L1429; derived/expanded/Tsiokos_2026_Six_Birds_Foundations_of_Emergence_Calculus.tex:L1426-L1429,Appendix D frames the Zeno decision frontier as a research outlook for when Zeno can or cannot be ruled out in the abstract bridge setting.,PROSE_STATUS_OR_ARGUMENT_RECORD,"{""caveats"": [""FORMAL_OR_PROOF_ASSISTANT_COMPONENT_DISCLOSED""], ""declarations"": [], ""elaboration_status"": ""NOT_APPLICABLE_OR_NOT_RUN"", ""exact_conclusion_match"": null, ""exact_hypothesis_match"": null, ""lab_or_test_evidence"": [], ""modules"": [], ""source_files"": [], ""statement_delta"": [""Imported module family exists, but no plausible declaration-name match passed the conservative threshold.""], ""status"": ""NO_MATCH"", ""trust_base"": []}","[""CG03""]"
P031-C0081,P031,open_problem,OPEN_PROBLEM_OR_DEFERRED_WORK,source/papers/Tsiokos_2026_Six_Birds_Foundations_of_Emergence_Calculus.tex:L1431-L1444; derived/expanded/Tsiokos_2026_Six_Birds_Foundations_of_Emergence_Calculus.tex:L1431-L1444,Outlook: forthcoming instantiations This paper isolates a math-only emergence calculus.,PROSE_STATUS_OR_ARGUMENT_RECORD,"{""caveats"": [""FORMAL_OR_PROOF_ASSISTANT_COMPONENT_DISCLOSED""], ""declarations"": [], ""elaboration_status"": ""NOT_APPLICABLE_OR_NOT_RUN"", ""exact_conclusion_match"": null, ""exact_hypothesis_match"": null, ""lab_or_test_evidence"": [], ""modules"": [], ""source_files"": [], ""statement_delta"": [""Imported module family exists, but no plausible declaration-name match passed the conservative threshold.""], ""status"": ""NO_MATCH"", ""trust_base"": []}","[""CG03"", ""CG21"", ""CG30""]"
P031-C0082,P031,open_problem,OPEN_PROBLEM_OR_DEFERRED_WORK,source/papers/Tsiokos_2026_Six_Birds_Foundations_of_Emergence_Calculus.tex:L1431-L1448; derived/expanded/Tsiokos_2026_Six_Birds_Foundations_of_Emergence_Calculus.tex:L1431-L1448,"Outlook: forthcoming instantiations: This paper isolates a math-only emergence calculus. It uses a theory package (lens/definability, completion, audit). It is paired with the six primitive moves that change what theories can exist and what objects they recognize. A series of companion papers will instantiate this calculus in multiple domains (with domain-specific choices of lenses, bridges, and audits) while keeping the present framework fixed: mathematics theories, physics theories as families of effective closures across scales, life and cognition as theory stacks, conscious entities as theories, societies and civilizations, the universe as a “theorist”. We intentionally do not include details here; the purpose of this paragraph is only to indicate scope and to delineate the boundary between the general calculus proved in this paper and its forthcoming instantiations.",NAMED_SOURCE_SECTION_ARGUMENT,"{""caveats"": [""FORMAL_OR_PROOF_ASSISTANT_COMPONENT_DISCLOSED""], ""declarations"": [], ""elaboration_status"": ""NOT_APPLICABLE_OR_NOT_RUN"", ""exact_conclusion_match"": null, ""exact_hypothesis_match"": null, ""lab_or_test_evidence"": [], ""modules"": [], ""source_files"": [], ""statement_delta"": [""Imported module family exists, but no plausible declaration-name match passed the conservative threshold.""], ""status"": ""NO_MATCH"", ""trust_base"": []}","[""CG03"", ""CG21"", ""CG30""]"
P027-C0109,P027,open_problem,OPEN_PROBLEM_OR_DEFERRED_WORK,source/papers/Tsiokos_2026_Six_Birds_Foundations_II_Admissibility_Meta_Theory_and_the_Exact_Six_Program.tex:L2870-L2876; derived/expanded/Tsiokos_2026_Six_Birds_Foundations_II_Admissibility_Meta_Theory_and_the_Exact_Six_Program.tex:L2870-L2876,This posture also explains why the endogenous-instrument meta-limit (Sections and ) is deferred to future work.,PROSE_STATUS_OR_ARGUMENT_RECORD,"{""caveats"": [""FORMAL_OR_PROOF_ASSISTANT_COMPONENT_DISCLOSED""], ""declarations"": [], ""elaboration_status"": ""NOT_APPLICABLE_OR_NOT_RUN"", ""exact_conclusion_match"": null, ""exact_hypothesis_match"": null, ""lab_or_test_evidence"": [], ""modules"": [], ""source_files"": [], ""statement_delta"": [""Imported module family exists, but no plausible declaration-name match passed the conservative threshold.""], ""status"": ""NO_MATCH"", ""trust_base"": []}","[""CG02"", ""CG21"", ""CG30""]"
P027-C0118,P027,open_problem,OPEN_PROBLEM_OR_DEFERRED_WORK,source/papers/Tsiokos_2026_Six_Birds_Foundations_II_Admissibility_Meta_Theory_and_the_Exact_Six_Program.tex:L2993-L3011; derived/expanded/Tsiokos_2026_Six_Birds_Foundations_II_Admissibility_Meta_Theory_and_the_Exact_Six_Program.tex:L2993-L3011,"An adjacent meta-theoretic question, deferred to future work, is whether the accepted internal instrument family can itself certify both its soundness and its completeness for exact-six judgments formulable inside the same regime. Future work",PROSE_STATUS_OR_ARGUMENT_RECORD,"{""caveats"": [""FORMAL_OR_PROOF_ASSISTANT_COMPONENT_DISCLOSED""], ""declarations"": [], ""elaboration_status"": ""NOT_APPLICABLE_OR_NOT_RUN"", ""exact_conclusion_match"": null, ""exact_hypothesis_match"": null, ""lab_or_test_evidence"": [], ""modules"": [], ""source_files"": [], ""statement_delta"": [""Imported module family exists, but no plausible declaration-name match passed the conservative threshold.""], ""status"": ""NO_MATCH"", ""trust_base"": []}","[""CG02"", ""CG21"", ""CG30""]"
P027-C0119,P027,open_problem,OPEN_PROBLEM_OR_DEFERRED_WORK,source/papers/Tsiokos_2026_Six_Birds_Foundations_II_Admissibility_Meta_Theory_and_the_Exact_Six_Program.tex:L3011-L3020; derived/expanded/Tsiokos_2026_Six_Birds_Foundations_II_Admissibility_Meta_Theory_and_the_Exact_Six_Program.tex:L3011-L3020,"Future work: Theorem and the limitations of Section suggest several follow-on research directions. Each subsection below states a direction, not a commitment.",NAMED_SOURCE_SECTION_ARGUMENT,"{""caveats"": [""FORMAL_OR_PROOF_ASSISTANT_COMPONENT_DISCLOSED""], ""declarations"": [], ""elaboration_status"": ""NOT_APPLICABLE_OR_NOT_RUN"", ""exact_conclusion_match"": null, ""exact_hypothesis_match"": null, ""lab_or_test_evidence"": [], ""modules"": [], ""source_files"": [], ""statement_delta"": [""Imported module family exists, but no plausible declaration-name match passed the conservative threshold.""], ""status"": ""NO_MATCH"", ""trust_base"": []}","[""CG02"", ""CG21"", ""CG30""]"
P027-C0120,P027,open_problem,OPEN_PROBLEM_OR_DEFERRED_WORK,source/papers/Tsiokos_2026_Six_Birds_Foundations_II_Admissibility_Meta_Theory_and_the_Exact_Six_Program.tex:L3022-L3037; derived/expanded/Tsiokos_2026_Six_Birds_Foundations_II_Admissibility_Meta_Theory_and_the_Exact_Six_Program.tex:L3022-L3037,A closely related open question is recognition-completeness: whether every finite audited feature of a description in FATCD reduces to the six role meanings — the recognition hypothesis on which Theorem is conditional (Remark ). establishing or refuting their reducibility is left to future work.,PROSE_STATUS_OR_ARGUMENT_RECORD,"{""caveats"": [""FORMAL_OR_PROOF_ASSISTANT_COMPONENT_DISCLOSED""], ""declarations"": [], ""elaboration_status"": ""NOT_APPLICABLE_OR_NOT_RUN"", ""exact_conclusion_match"": null, ""exact_hypothesis_match"": null, ""lab_or_test_evidence"": [], ""modules"": [], ""source_files"": [], ""statement_delta"": [""Imported module family exists, but no plausible declaration-name match passed the conservative threshold.""], ""status"": ""NO_MATCH"", ""trust_base"": []}","[""CG02"", ""CG21"", ""CG30""]"
P027-C0122,P027,open_problem,OPEN_PROBLEM_OR_DEFERRED_WORK,source/papers/Tsiokos_2026_Six_Birds_Foundations_II_Admissibility_Meta_Theory_and_the_Exact_Six_Program.tex:L3062-L3067; derived/expanded/Tsiokos_2026_Six_Birds_Foundations_II_Admissibility_Meta_Theory_and_the_Exact_Six_Program.tex:L3062-L3067,The generator-and-relation structure of P1–P6 beyond typed non-collapse remains open.,PROSE_STATUS_OR_ARGUMENT_RECORD,"{""caveats"": [""FORMAL_OR_PROOF_ASSISTANT_COMPONENT_DISCLOSED""], ""declarations"": [""SixBirds.typed_non_collapse"", ""SixBirdsIII.typed_non_collapse""], ""elaboration_status"": ""STATIC_INDEX_AND_IMPORT_RESOLUTION_ONLY; LOCAL_LEAN_KERNEL_NOT_RUN"", ""exact_conclusion_match"": null, ""exact_hypothesis_match"": null, ""lab_or_test_evidence"": [], ""modules"": [""SixBirds.Admissibility"", ""SixBirdsIII.CoreInteraction""], ""source_files"": [""formalization/foundations_vi_scaffold/lean/vendor/foundations/six-birds-foundations-ii/lean/full/SixBirds/Admissibility.lean"", ""formalization/foundations_vi_scaffold/lean/vendor/foundations/six-birds-foundations-iii/lean/full/SixBirdsIII/CoreInteraction.lean""], ""statement_delta"": [""Lexical/declaration-name alignment only; exact parameters, hypotheses, and conclusions were not certified equivalent."", ""Candidate scores: SixBirds.typed_non_collapse=0.503; SixBirdsIII.typed_non_collapse=0.503""], ""status"": ""PLAUSIBLE_IMPORTED_MATCH_REQUIRES_STATEMENT_REVIEW"", ""trust_base"": []}","[""CG02"", ""CG21"", ""CG30""]"
P026-C0016,P026,open_problem,OPEN_PROBLEM_OR_DEFERRED_WORK,source/papers/Tsiokos_2026_Six_Birds_Foundations_III_A_Finite_Audited_Interaction_Calculus_for_SBT.tex:L343-L373; derived/expanded/Tsiokos_2026_Six_Birds_Foundations_III_A_Finite_Audited_Interaction_Calculus_for_SBT.tex:L343-L373,"Section 16 records limitations, nonclaims, and future work, with the final paper-inclusion nonclaim block of thirty-six entries.",PROSE_STATUS_OR_ARGUMENT_RECORD,"{""caveats"": [""FORMAL_OR_PROOF_ASSISTANT_COMPONENT_DISCLOSED""], ""declarations"": [], ""elaboration_status"": ""NOT_APPLICABLE_OR_NOT_RUN"", ""exact_conclusion_match"": null, ""exact_hypothesis_match"": null, ""lab_or_test_evidence"": [], ""modules"": [], ""source_files"": [], ""statement_delta"": [""Imported module family exists, but no plausible declaration-name match passed the conservative threshold.""], ""status"": ""NO_MATCH"", ""trust_base"": []}","[""CG02"", ""CG05"", ""CG06"", ""CG09"", ""CG20""]"
P026-C0107,P026,open_problem,OPEN_PROBLEM_OR_DEFERRED_WORK,source/papers/Tsiokos_2026_Six_Birds_Foundations_III_A_Finite_Audited_Interaction_Calculus_for_SBT.tex:L4230; derived/expanded/Tsiokos_2026_Six_Birds_Foundations_III_A_Finite_Audited_Interaction_Calculus_for_SBT.tex:L4230,They are deferred to future work,PROSE_STATUS_OR_ARGUMENT_RECORD,"{""caveats"": [""FORMAL_OR_PROOF_ASSISTANT_COMPONENT_DISCLOSED""], ""declarations"": [], ""elaboration_status"": ""NOT_APPLICABLE_OR_NOT_RUN"", ""exact_conclusion_match"": null, ""exact_hypothesis_match"": null, ""lab_or_test_evidence"": [], ""modules"": [], ""source_files"": [], ""statement_delta"": [""Imported module family exists, but no plausible declaration-name match passed the conservative threshold.""], ""status"": ""NO_MATCH"", ""trust_base"": []}","[""CG09""]"
P026-C0113,P026,open_problem,OPEN_PROBLEM_OR_DEFERRED_WORK,source/papers/Tsiokos_2026_Six_Birds_Foundations_III_A_Finite_Audited_Interaction_Calculus_for_SBT.tex:L4250-L4251; derived/expanded/Tsiokos_2026_Six_Birds_Foundations_III_A_Finite_Audited_Interaction_Calculus_for_SBT.tex:L4250-L4251,a positive gluing theorem for compatible local promotion bridges is recorded as future work in Subsection 16.3.2.,PROSE_STATUS_OR_ARGUMENT_RECORD,"{""caveats"": [""FORMAL_OR_PROOF_ASSISTANT_COMPONENT_DISCLOSED""], ""declarations"": [], ""elaboration_status"": ""NOT_APPLICABLE_OR_NOT_RUN"", ""exact_conclusion_match"": null, ""exact_hypothesis_match"": null, ""lab_or_test_evidence"": [], ""modules"": [], ""source_files"": [], ""statement_delta"": [""Imported module family exists, but no plausible declaration-name match passed the conservative threshold.""], ""status"": ""NO_MATCH"", ""trust_base"": []}","[""CG02"", ""CG05"", ""CG06"", ""CG09"", ""CG20""]"
P026-C0114,P026,open_problem,OPEN_PROBLEM_OR_DEFERRED_WORK,source/papers/Tsiokos_2026_Six_Birds_Foundations_III_A_Finite_Audited_Interaction_Calculus_for_SBT.tex:L4253; derived/expanded/Tsiokos_2026_Six_Birds_Foundations_III_A_Finite_Audited_Interaction_Calculus_for_SBT.tex:L4253,Subsection 11.9 discusses instrument transfer and marks its full classifier as future work.,PROSE_STATUS_OR_ARGUMENT_RECORD,"{""caveats"": [""FORMAL_OR_PROOF_ASSISTANT_COMPONENT_DISCLOSED""], ""declarations"": [], ""elaboration_status"": ""NOT_APPLICABLE_OR_NOT_RUN"", ""exact_conclusion_match"": null, ""exact_hypothesis_match"": null, ""lab_or_test_evidence"": [], ""modules"": [], ""source_files"": [], ""statement_delta"": [""Imported module family exists, but no plausible declaration-name match passed the conservative threshold.""], ""status"": ""NO_MATCH"", ""trust_base"": []}","[""CG02"", ""CG05"", ""CG06"", ""CG09"", ""CG20""]"
P026-C0131,P026,open_problem,OPEN_PROBLEM_OR_DEFERRED_WORK,source/papers/Tsiokos_2026_Six_Birds_Foundations_III_A_Finite_Audited_Interaction_Calculus_for_SBT.tex:L4786; derived/expanded/Tsiokos_2026_Six_Birds_Foundations_III_A_Finite_Audited_Interaction_Calculus_for_SBT.tex:L4786,"This subsection records the instrument-transfer rule that governs whether a claim accepted under one instrument may be transported to another, and marks the corresponding full classifier as future work.",PROSE_STATUS_OR_ARGUMENT_RECORD,"{""caveats"": [""FORMAL_OR_PROOF_ASSISTANT_COMPONENT_DISCLOSED""], ""declarations"": [], ""elaboration_status"": ""NOT_APPLICABLE_OR_NOT_RUN"", ""exact_conclusion_match"": null, ""exact_hypothesis_match"": null, ""lab_or_test_evidence"": [], ""modules"": [], ""source_files"": [], ""statement_delta"": [""Imported module family exists, but no plausible declaration-name match passed the conservative threshold.""], ""status"": ""NO_MATCH"", ""trust_base"": []}","[""CG02"", ""CG05"", ""CG06"", ""CG09"", ""CG20""]"
P026-C0155,P026,open_problem,OPEN_PROBLEM_OR_DEFERRED_WORK,source/papers/Tsiokos_2026_Six_Birds_Foundations_III_A_Finite_Audited_Interaction_Calculus_for_SBT.tex:L5462-L5485; derived/expanded/Tsiokos_2026_Six_Birds_Foundations_III_A_Finite_Audited_Interaction_Calculus_for_SBT.tex:L5462-L5485,Implementation correctness of any concrete PICA implementation is future work and is not certified by this realization theorem,PROSE_STATUS_OR_ARGUMENT_RECORD,"{""caveats"": [""FORMAL_OR_PROOF_ASSISTANT_COMPONENT_DISCLOSED""], ""declarations"": [], ""elaboration_status"": ""NOT_APPLICABLE_OR_NOT_RUN"", ""exact_conclusion_match"": null, ""exact_hypothesis_match"": null, ""lab_or_test_evidence"": [], ""modules"": [], ""source_files"": [], ""statement_delta"": [""Imported module family exists, but no plausible declaration-name match passed the conservative threshold.""], ""status"": ""NO_MATCH"", ""trust_base"": []}","[""CG06""]"
P026-C0190,P026,open_problem,OPEN_PROBLEM_OR_DEFERRED_WORK,source/papers/Tsiokos_2026_Six_Birds_Foundations_III_A_Finite_Audited_Interaction_Calculus_for_SBT.tex:L6411; derived/expanded/Tsiokos_2026_Six_Birds_Foundations_III_A_Finite_Audited_Interaction_Calculus_for_SBT.tex:L6411,Both directions of general defect propagation are future work.,PROSE_STATUS_OR_ARGUMENT_RECORD,"{""caveats"": [""FORMAL_OR_PROOF_ASSISTANT_COMPONENT_DISCLOSED""], ""declarations"": [], ""elaboration_status"": ""NOT_APPLICABLE_OR_NOT_RUN"", ""exact_conclusion_match"": null, ""exact_hypothesis_match"": null, ""lab_or_test_evidence"": [], ""modules"": [], ""source_files"": [], ""statement_delta"": [""Imported module family exists, but no plausible declaration-name match passed the conservative threshold.""], ""status"": ""NO_MATCH"", ""trust_base"": []}","[""CG02"", ""CG05"", ""CG06"", ""CG09"", ""CG20""]"
P026-C0195,P026,open_problem,OPEN_PROBLEM_OR_DEFERRED_WORK,source/papers/Tsiokos_2026_Six_Birds_Foundations_III_A_Finite_Audited_Interaction_Calculus_for_SBT.tex:L6520-L6521; derived/expanded/Tsiokos_2026_Six_Birds_Foundations_III_A_Finite_Audited_Interaction_Calculus_for_SBT.tex:L6520-L6521,"Limitations, Nonclaims, and Future Work",PROSE_STATUS_OR_ARGUMENT_RECORD,"{""caveats"": [""FORMAL_OR_PROOF_ASSISTANT_COMPONENT_DISCLOSED""], ""declarations"": [], ""elaboration_status"": ""NOT_APPLICABLE_OR_NOT_RUN"", ""exact_conclusion_match"": null, ""exact_hypothesis_match"": null, ""lab_or_test_evidence"": [], ""modules"": [], ""source_files"": [], ""statement_delta"": [""Imported module family exists, but no plausible declaration-name match passed the conservative threshold.""], ""status"": ""NO_MATCH"", ""trust_base"": []}","[""CG02"", ""CG05"", ""CG06"", ""CG09"", ""CG20""]"
P026-C0197,P026,open_problem,OPEN_PROBLEM_OR_DEFERRED_WORK,source/papers/Tsiokos_2026_Six_Birds_Foundations_III_A_Finite_Audited_Interaction_Calculus_for_SBT.tex:L6523; derived/expanded/Tsiokos_2026_Six_Birds_Foundations_III_A_Finite_Audited_Interaction_Calculus_for_SBT.tex:L6523,Subsection 16.3 records the six classes of future work that the paper does not undertake.,PROSE_STATUS_OR_ARGUMENT_RECORD,"{""caveats"": [""FORMAL_OR_PROOF_ASSISTANT_COMPONENT_DISCLOSED""], ""declarations"": [], ""elaboration_status"": ""NOT_APPLICABLE_OR_NOT_RUN"", ""exact_conclusion_match"": null, ""exact_hypothesis_match"": null, ""lab_or_test_evidence"": [], ""modules"": [], ""source_files"": [], ""statement_delta"": [""Imported module family exists, but no plausible declaration-name match passed the conservative threshold.""], ""status"": ""NO_MATCH"", ""trust_base"": []}","[""CG05"", ""CG21"", ""CG06"", ""CG09""]"
P026-C0208,P026,open_problem,OPEN_PROBLEM_OR_DEFERRED_WORK,source/papers/Tsiokos_2026_Six_Birds_Foundations_III_A_Finite_Audited_Interaction_Calculus_for_SBT.tex:L6687-L6691; derived/expanded/Tsiokos_2026_Six_Birds_Foundations_III_A_Finite_Audited_Interaction_Calculus_for_SBT.tex:L6687-L6691,Future Work: This subsection records the six classes of future work that the present paper does not undertake. Each class is a scoped pointer to admissible extension targets for BirdInt^ aud _ fin ; none of the entries below is a claim about results in this paper.,NAMED_SOURCE_SECTION_ARGUMENT,"{""caveats"": [""FORMAL_OR_PROOF_ASSISTANT_COMPONENT_DISCLOSED""], ""declarations"": [], ""elaboration_status"": ""NOT_APPLICABLE_OR_NOT_RUN"", ""exact_conclusion_match"": null, ""exact_hypothesis_match"": null, ""lab_or_test_evidence"": [], ""modules"": [], ""source_files"": [], ""statement_delta"": [""Imported module family exists, but no plausible declaration-name match passed the conservative threshold.""], ""status"": ""NO_MATCH"", ""trust_base"": []}","[""CG02"", ""CG05"", ""CG06"", ""CG09"", ""CG20""]"
P026-C0209,P026,open_problem,OPEN_PROBLEM_OR_DEFERRED_WORK,source/papers/Tsiokos_2026_Six_Birds_Foundations_III_A_Finite_Audited_Interaction_Calculus_for_SBT.tex:L6693; derived/expanded/Tsiokos_2026_Six_Birds_Foundations_III_A_Finite_Audited_Interaction_Calculus_for_SBT.tex:L6693,Future work on the claim classifier of Subsection 11.2 includes:,PROSE_STATUS_OR_ARGUMENT_RECORD,"{""caveats"": [""FORMAL_OR_PROOF_ASSISTANT_COMPONENT_DISCLOSED""], ""declarations"": [], ""elaboration_status"": ""NOT_APPLICABLE_OR_NOT_RUN"", ""exact_conclusion_match"": null, ""exact_hypothesis_match"": null, ""lab_or_test_evidence"": [], ""modules"": [], ""source_files"": [], ""statement_delta"": [""Imported module family exists, but no plausible declaration-name match passed the conservative threshold.""], ""status"": ""NO_MATCH"", ""trust_base"": []}","[""CG02"", ""CG05"", ""CG06"", ""CG09"", ""CG20""]"
P026-C0210,P026,open_problem,OPEN_PROBLEM_OR_DEFERRED_WORK,source/papers/Tsiokos_2026_Six_Birds_Foundations_III_A_Finite_Audited_Interaction_Calculus_for_SBT.tex:L6723; derived/expanded/Tsiokos_2026_Six_Birds_Foundations_III_A_Finite_Audited_Interaction_Calculus_for_SBT.tex:L6723,the four extension targets above are recorded as future work.,PROSE_STATUS_OR_ARGUMENT_RECORD,"{""caveats"": [""FORMAL_OR_PROOF_ASSISTANT_COMPONENT_DISCLOSED""], ""declarations"": [], ""elaboration_status"": ""NOT_APPLICABLE_OR_NOT_RUN"", ""exact_conclusion_match"": null, ""exact_hypothesis_match"": null, ""lab_or_test_evidence"": [], ""modules"": [], ""source_files"": [], ""statement_delta"": [""Imported module family exists, but no plausible declaration-name match passed the conservative threshold.""], ""status"": ""NO_MATCH"", ""trust_base"": []}","[""CG02"", ""CG05"", ""CG06"", ""CG09"", ""CG20""]"
P026-C0211,P026,open_problem,OPEN_PROBLEM_OR_DEFERRED_WORK,source/papers/Tsiokos_2026_Six_Birds_Foundations_III_A_Finite_Audited_Interaction_Calculus_for_SBT.tex:L6741; derived/expanded/Tsiokos_2026_Six_Birds_Foundations_III_A_Finite_Audited_Interaction_Calculus_for_SBT.tex:L6741,Implementation correctness and richer external model audits remain future work.,PROSE_STATUS_OR_ARGUMENT_RECORD,"{""caveats"": [""FORMAL_OR_PROOF_ASSISTANT_COMPONENT_DISCLOSED""], ""declarations"": [], ""elaboration_status"": ""NOT_APPLICABLE_OR_NOT_RUN"", ""exact_conclusion_match"": null, ""exact_hypothesis_match"": null, ""lab_or_test_evidence"": [], ""modules"": [], ""source_files"": [], ""statement_delta"": [""Imported module family exists, but no plausible declaration-name match passed the conservative threshold.""], ""status"": ""NO_MATCH"", ""trust_base"": []}","[""CG02"", ""CG05"", ""CG06"", ""CG09"", ""CG20""]"
P026-C0212,P026,open_problem,OPEN_PROBLEM_OR_DEFERRED_WORK,source/papers/Tsiokos_2026_Six_Birds_Foundations_III_A_Finite_Audited_Interaction_Calculus_for_SBT.tex:L6757; derived/expanded/Tsiokos_2026_Six_Birds_Foundations_III_A_Finite_Audited_Interaction_Calculus_for_SBT.tex:L6757,the three extensions above are recorded as future work.,PROSE_STATUS_OR_ARGUMENT_RECORD,"{""caveats"": [""FORMAL_OR_PROOF_ASSISTANT_COMPONENT_DISCLOSED""], ""declarations"": [], ""elaboration_status"": ""NOT_APPLICABLE_OR_NOT_RUN"", ""exact_conclusion_match"": null, ""exact_hypothesis_match"": null, ""lab_or_test_evidence"": [], ""modules"": [], ""source_files"": [], ""statement_delta"": [""Imported module family exists, but no plausible declaration-name match passed the conservative threshold.""], ""status"": ""NO_MATCH"", ""trust_base"": []}","[""CG02"", ""CG05"", ""CG06"", ""CG09"", ""CG20""]"
P026-C0214,P026,open_problem,OPEN_PROBLEM_OR_DEFERRED_WORK,source/papers/Tsiokos_2026_Six_Birds_Foundations_III_A_Finite_Audited_Interaction_Calculus_for_SBT.tex:L6777; derived/expanded/Tsiokos_2026_Six_Birds_Foundations_III_A_Finite_Audited_Interaction_Calculus_for_SBT.tex:L6777,the extensions above are recorded as future work.,PROSE_STATUS_OR_ARGUMENT_RECORD,"{""caveats"": [""FORMAL_OR_PROOF_ASSISTANT_COMPONENT_DISCLOSED""], ""declarations"": [], ""elaboration_status"": ""NOT_APPLICABLE_OR_NOT_RUN"", ""exact_conclusion_match"": null, ""exact_hypothesis_match"": null, ""lab_or_test_evidence"": [], ""modules"": [], ""source_files"": [], ""statement_delta"": [""Imported module family exists, but no plausible declaration-name match passed the conservative threshold.""], ""status"": ""NO_MATCH"", ""trust_base"": []}","[""CG02"", ""CG05"", ""CG06"", ""CG09"", ""CG20""]"
P026-C0215,P026,open_problem,OPEN_PROBLEM_OR_DEFERRED_WORK,source/papers/Tsiokos_2026_Six_Birds_Foundations_III_A_Finite_Audited_Interaction_Calculus_for_SBT.tex:L6793; derived/expanded/Tsiokos_2026_Six_Birds_Foundations_III_A_Finite_Audited_Interaction_Calculus_for_SBT.tex:L6793,the extensions above are recorded as future work.,PROSE_STATUS_OR_ARGUMENT_RECORD,"{""caveats"": [""FORMAL_OR_PROOF_ASSISTANT_COMPONENT_DISCLOSED""], ""declarations"": [], ""elaboration_status"": ""NOT_APPLICABLE_OR_NOT_RUN"", ""exact_conclusion_match"": null, ""exact_hypothesis_match"": null, ""lab_or_test_evidence"": [], ""modules"": [], ""source_files"": [], ""statement_delta"": [""Imported module family exists, but no plausible declaration-name match passed the conservative threshold.""], ""status"": ""NO_MATCH"", ""trust_base"": []}","[""CG02"", ""CG05"", ""CG06"", ""CG09"", ""CG20""]"
P026-C0219,P026,open_problem,OPEN_PROBLEM_OR_DEFERRED_WORK,source/papers/Tsiokos_2026_Six_Birds_Foundations_III_A_Finite_Audited_Interaction_Calculus_for_SBT.tex:L6911-L6912; derived/expanded/Tsiokos_2026_Six_Birds_Foundations_III_A_Finite_Audited_Interaction_Calculus_for_SBT.tex:L6911-L6912,"The block closes the boundary of BirdInt^ aud _ fin : the paper records what it asserts, what it does not assert, and what it leaves to future work.",PROSE_STATUS_OR_ARGUMENT_RECORD,"{""caveats"": [""FORMAL_OR_PROOF_ASSISTANT_COMPONENT_DISCLOSED""], ""declarations"": [], ""elaboration_status"": ""NOT_APPLICABLE_OR_NOT_RUN"", ""exact_conclusion_match"": null, ""exact_hypothesis_match"": null, ""lab_or_test_evidence"": [], ""modules"": [], ""source_files"": [], ""statement_delta"": [""Imported module family exists, but no plausible declaration-name match passed the conservative threshold.""], ""status"": ""NO_MATCH"", ""trust_base"": []}","[""CG02"", ""CG05"", ""CG06"", ""CG09"", ""CG20""]"
P026-C0239,P026,open_problem,OPEN_PROBLEM_OR_DEFERRED_WORK,source/papers/Tsiokos_2026_Six_Birds_Foundations_III_A_Finite_Audited_Interaction_Calculus_for_SBT.tex:L8173; derived/expanded/Tsiokos_2026_Six_Birds_Foundations_III_A_Finite_Audited_Interaction_Calculus_for_SBT.tex:L8173,"A positive refinement-improvement theorem requires a P_4 -monotonicity bridge with explicit hypotheses on the refinement, the update, and the closure functional, recorded as future work in Subsection 16.3.1.",PROSE_STATUS_OR_ARGUMENT_RECORD,"{""caveats"": [""FORMAL_OR_PROOF_ASSISTANT_COMPONENT_DISCLOSED""], ""declarations"": [], ""elaboration_status"": ""NOT_APPLICABLE_OR_NOT_RUN"", ""exact_conclusion_match"": null, ""exact_hypothesis_match"": null, ""lab_or_test_evidence"": [], ""modules"": [], ""source_files"": [], ""statement_delta"": [""Imported module family exists, but no plausible declaration-name match passed the conservative threshold.""], ""status"": ""NO_MATCH"", ""trust_base"": []}","[""CG02"", ""CG05"", ""CG06"", ""CG09"", ""CG20""]"
P026-C0252,P026,open_problem,OPEN_PROBLEM_OR_DEFERRED_WORK,source/papers/Tsiokos_2026_Six_Birds_Foundations_III_A_Finite_Audited_Interaction_Calculus_for_SBT.tex:L8598; derived/expanded/Tsiokos_2026_Six_Birds_Foundations_III_A_Finite_Audited_Interaction_Calculus_for_SBT.tex:L8598,"The PICA nonclaim register N_ PICA contains the ten nonclaims of Subsubsection 13.2.10: no PICA universality, no 6× 6 universal law, raw status not formal status, action not pair-realness, fallback not real source, ablation evidence is model-grade, P_ 3 not P6_ drive without bridge, dirty records not real, finite stochastic fragment only, implementation correctness future work.",PROSE_STATUS_OR_ARGUMENT_RECORD,"{""caveats"": [""FORMAL_OR_PROOF_ASSISTANT_COMPONENT_DISCLOSED""], ""declarations"": [], ""elaboration_status"": ""NOT_APPLICABLE_OR_NOT_RUN"", ""exact_conclusion_match"": null, ""exact_hypothesis_match"": null, ""lab_or_test_evidence"": [], ""modules"": [], ""source_files"": [], ""statement_delta"": [""Imported module family exists, but no plausible declaration-name match passed the conservative threshold.""], ""status"": ""NO_MATCH"", ""trust_base"": []}","[""CG09""]"
P026-C0277,P026,open_problem,OPEN_PROBLEM_OR_DEFERRED_WORK,source/papers/Tsiokos_2026_Six_Birds_Foundations_III_A_Finite_Audited_Interaction_Calculus_for_SBT.tex:L9259; derived/expanded/Tsiokos_2026_Six_Birds_Foundations_III_A_Finite_Audited_Interaction_Calculus_for_SBT.tex:L9259,"The appendix does not claim a general theorem of the form ``a defect at one square in a finite pasting diagram propagates to a defect at every square downstream of it'' or ``the absence of a defect at one square suffices for the absence of a defect at every square in the diagram.'' Both directions of general defect propagation are future work, in keeping with Subsubsection 14.5.3.",PROSE_STATUS_OR_ARGUMENT_RECORD,"{""caveats"": [""FORMAL_OR_PROOF_ASSISTANT_COMPONENT_DISCLOSED""], ""declarations"": [], ""elaboration_status"": ""NOT_APPLICABLE_OR_NOT_RUN"", ""exact_conclusion_match"": null, ""exact_hypothesis_match"": null, ""lab_or_test_evidence"": [], ""modules"": [], ""source_files"": [], ""statement_delta"": [""Imported module family exists, but no plausible declaration-name match passed the conservative threshold.""], ""status"": ""NO_MATCH"", ""trust_base"": []}","[""CG02"", ""CG05"", ""CG06"", ""CG09"", ""CG20""]"
P026-C0284,P026,open_problem,OPEN_PROBLEM_OR_DEFERRED_WORK,source/papers/Tsiokos_2026_Six_Birds_Foundations_III_A_Finite_Audited_Interaction_Calculus_for_SBT.tex:L9603; derived/expanded/Tsiokos_2026_Six_Birds_Foundations_III_A_Finite_Audited_Interaction_Calculus_for_SBT.tex:L9603,"This subsection records the deferred claims by future-paper group, mirroring the six classes of future work in Subsection 16.3.",PROSE_STATUS_OR_ARGUMENT_RECORD,"{""caveats"": [""FORMAL_OR_PROOF_ASSISTANT_COMPONENT_DISCLOSED""], ""declarations"": [], ""elaboration_status"": ""NOT_APPLICABLE_OR_NOT_RUN"", ""exact_conclusion_match"": null, ""exact_hypothesis_match"": null, ""lab_or_test_evidence"": [], ""modules"": [], ""source_files"": [], ""statement_delta"": [""Imported module family exists, but no plausible declaration-name match passed the conservative threshold.""], ""status"": ""NO_MATCH"", ""trust_base"": []}","[""CG28"", ""CG09""]"
P026-C0285,P026,open_problem,OPEN_PROBLEM_OR_DEFERRED_WORK,source/papers/Tsiokos_2026_Six_Birds_Foundations_III_A_Finite_Audited_Interaction_Calculus_for_SBT.tex:L9701; derived/expanded/Tsiokos_2026_Six_Birds_Foundations_III_A_Finite_Audited_Interaction_Calculus_for_SBT.tex:L9701,Each item below is not deferred to future work but explicitly excluded as a positive claim of BirdInt^ aud _ fin .,PROSE_STATUS_OR_ARGUMENT_RECORD,"{""caveats"": [""FORMAL_OR_PROOF_ASSISTANT_COMPONENT_DISCLOSED""], ""declarations"": [], ""elaboration_status"": ""NOT_APPLICABLE_OR_NOT_RUN"", ""exact_conclusion_match"": null, ""exact_hypothesis_match"": null, ""lab_or_test_evidence"": [], ""modules"": [], ""source_files"": [], ""statement_delta"": [""Imported module family exists, but no plausible declaration-name match passed the conservative threshold.""], ""status"": ""NO_MATCH"", ""trust_base"": []}","[""CG02"", ""CG05"", ""CG06"", ""CG09"", ""CG20""]"
P026-C0288,P026,open_problem,OPEN_PROBLEM_OR_DEFERRED_WORK,source/papers/Tsiokos_2026_Six_Birds_Foundations_III_A_Finite_Audited_Interaction_Calculus_for_SBT.tex:L9726; derived/expanded/Tsiokos_2026_Six_Birds_Foundations_III_A_Finite_Audited_Interaction_Calculus_for_SBT.tex:L9726,defers the items of Subsection H.1 to future work,PROSE_STATUS_OR_ARGUMENT_RECORD,"{""caveats"": [""FORMAL_OR_PROOF_ASSISTANT_COMPONENT_DISCLOSED""], ""declarations"": [], ""elaboration_status"": ""NOT_APPLICABLE_OR_NOT_RUN"", ""exact_conclusion_match"": null, ""exact_hypothesis_match"": null, ""lab_or_test_evidence"": [], ""modules"": [], ""source_files"": [], ""statement_delta"": [""Imported module family exists, but no plausible declaration-name match passed the conservative threshold.""], ""status"": ""NO_MATCH"", ""trust_base"": []}","[""CG02"", ""CG05"", ""CG06"", ""CG09"", ""CG20""]"
P028-C0098,P028,open_problem,OPEN_PROBLEM_OR_DEFERRED_WORK,source/papers/Tsiokos_2026_Six_Birds_Foundations_IV_A_Catalog_of_Layer_Agnostic_Structural_Laws.tex:L9485-L9491; derived/expanded/Tsiokos_2026_Six_Birds_Foundations_IV_A_Catalog_of_Layer_Agnostic_Structural_Laws.tex:L9485-L9491,Sketches and future work,PROSE_STATUS_OR_ARGUMENT_RECORD,"{""caveats"": [""FORMAL_OR_PROOF_ASSISTANT_COMPONENT_DISCLOSED""], ""declarations"": [], ""elaboration_status"": ""NOT_APPLICABLE_OR_NOT_RUN"", ""exact_conclusion_match"": null, ""exact_hypothesis_match"": null, ""lab_or_test_evidence"": [], ""modules"": [], ""source_files"": [], ""statement_delta"": [""Imported module family exists, but no plausible declaration-name match passed the conservative threshold.""], ""status"": ""NO_MATCH"", ""trust_base"": []}","[""CG01"", ""CG03"", ""CG05"", ""CG07"", ""CG08""]"
P028-C0099,P028,open_problem,OPEN_PROBLEM_OR_DEFERRED_WORK,source/papers/Tsiokos_2026_Six_Birds_Foundations_IV_A_Catalog_of_Layer_Agnostic_Structural_Laws.tex:L9491-L9613; derived/expanded/Tsiokos_2026_Six_Birds_Foundations_IV_A_Catalog_of_Layer_Agnostic_Structural_Laws.tex:L9491-L9613,"Sketches and future work: This chapter records pointers, not new laws. The preceding chapters state the 52\ laws that belong to the Foundations IV\ catalog. Here we record structural candidates that appeared in the atlas work but were not promoted to catalog rows. The reason is not that the candidates are uninteresting; it is that their recognition source has not yet been identified. A recognition source is the substrate, apparatus layer, or carrier discipline that makes the named structure precise enough to support the normal-form template of . Without such a source, a phrase may be suggestive but still fail to determine the setup, theorem, proof spine, cases, interaction status, and nonclaims required of a Foundations IV\ law. The catalog is therefore deliberately non-exhaustive. Several structural candidates documented in the atlas await a recognition source before they can be cast in normal form; this section lists them with that caveat. This is a scope discipline rather than a promise that every sketch will later become layer-agnostic. Some sketches may turn out to belong to a substrate paper only, because the named structure is carrier-specific. Others may become Foundations IV-style laws once a future paper or a new apparatus layer supplies the missing recognition source.",NAMED_SOURCE_SECTION_ARGUMENT,"{""caveats"": [""FORMAL_OR_PROOF_ASSISTANT_COMPONENT_DISCLOSED""], ""declarations"": [], ""elaboration_status"": ""NOT_APPLICABLE_OR_NOT_RUN"", ""exact_conclusion_match"": null, ""exact_hypothesis_match"": null, ""lab_or_test_evidence"": [], ""modules"": [], ""source_files"": [], ""statement_delta"": [""Imported module family exists, but no plausible declaration-name match passed the conservative threshold.""], ""status"": ""NO_MATCH"", ""trust_base"": []}","[""CG01"", ""CG03"", ""CG05"", ""CG07"", ""CG08""]"
P028-C0104,P028,open_problem,OPEN_PROBLEM_OR_DEFERRED_WORK,source/papers/Tsiokos_2026_Six_Birds_Foundations_IV_A_Catalog_of_Layer_Agnostic_Structural_Laws.tex:L9948-L9957; derived/expanded/Tsiokos_2026_Six_Birds_Foundations_IV_A_Catalog_of_Layer_Agnostic_Structural_Laws.tex:L9948-L9957,the source formulation remains future work.,PROSE_STATUS_OR_ARGUMENT_RECORD,"{""caveats"": [""FORMAL_OR_PROOF_ASSISTANT_COMPONENT_DISCLOSED""], ""declarations"": [], ""elaboration_status"": ""NOT_APPLICABLE_OR_NOT_RUN"", ""exact_conclusion_match"": null, ""exact_hypothesis_match"": null, ""lab_or_test_evidence"": [], ""modules"": [], ""source_files"": [], ""statement_delta"": [""Imported module family exists, but no plausible declaration-name match passed the conservative threshold.""], ""status"": ""NO_MATCH"", ""trust_base"": []}","[""CG23""]"
P030-C0043,P030,open_problem,OPEN_PROBLEM_OR_DEFERRED_WORK,source/papers/Tsiokos_2026_Six_Birds_Foundations_V_Endogenous_Closure_A_Catalog_of_Structural_Laws_for_Living_Cognitive_and_Social_Systems.tex:L2021-L2028; derived/expanded/Tsiokos_2026_Six_Birds_Foundations_V_Endogenous_Closure_A_Catalog_of_Structural_Laws_for_Living_Cognitive_and_Social_Systems.tex:L2021-L2028,A general theorem translating the E2 carrier-capacity bound into the E7.1 discharge bound remains open.,PROSE_STATUS_OR_ARGUMENT_RECORD,"{""caveats"": [""FORMAL_OR_PROOF_ASSISTANT_COMPONENT_DISCLOSED""], ""declarations"": [], ""elaboration_status"": ""NOT_APPLICABLE_OR_NOT_RUN"", ""exact_conclusion_match"": null, ""exact_hypothesis_match"": null, ""lab_or_test_evidence"": [], ""modules"": [], ""source_files"": [], ""statement_delta"": [""Imported module family exists, but no plausible declaration-name match passed the conservative threshold.""], ""status"": ""NO_MATCH"", ""trust_base"": []}","[""CG10""]"
P030-C0047,P030,open_problem,OPEN_PROBLEM_OR_DEFERRED_WORK,source/papers/Tsiokos_2026_Six_Birds_Foundations_V_Endogenous_Closure_A_Catalog_of_Structural_Laws_for_Living_Cognitive_and_Social_Systems.tex:L2117-L2121; derived/expanded/Tsiokos_2026_Six_Birds_Foundations_V_Endogenous_Closure_A_Catalog_of_Structural_Laws_for_Living_Cognitive_and_Social_Systems.tex:L2117-L2121,A theorem from E8 shadow prices to offline allocation remains open.,PROSE_STATUS_OR_ARGUMENT_RECORD,"{""caveats"": [""FORMAL_OR_PROOF_ASSISTANT_COMPONENT_DISCLOSED""], ""declarations"": [], ""elaboration_status"": ""NOT_APPLICABLE_OR_NOT_RUN"", ""exact_conclusion_match"": null, ""exact_hypothesis_match"": null, ""lab_or_test_evidence"": [], ""modules"": [], ""source_files"": [], ""statement_delta"": [""Imported module family exists, but no plausible declaration-name match passed the conservative threshold.""], ""status"": ""NO_MATCH"", ""trust_base"": []}","[""CG10""]"
P030-C0053,P030,open_problem,OPEN_PROBLEM_OR_DEFERRED_WORK,source/papers/Tsiokos_2026_Six_Birds_Foundations_V_Endogenous_Closure_A_Catalog_of_Structural_Laws_for_Living_Cognitive_and_Social_Systems.tex:L2459-L2461; derived/expanded/Tsiokos_2026_Six_Birds_Foundations_V_Endogenous_Closure_A_Catalog_of_Structural_Laws_for_Living_Cognitive_and_Social_Systems.tex:L2459-L2461,A proposed theorem-level bridge from planning intention to E11 institutional rewrite remains open.,PROSE_STATUS_OR_ARGUMENT_RECORD,"{""caveats"": [""FORMAL_OR_PROOF_ASSISTANT_COMPONENT_DISCLOSED""], ""declarations"": [], ""elaboration_status"": ""NOT_APPLICABLE_OR_NOT_RUN"", ""exact_conclusion_match"": null, ""exact_hypothesis_match"": null, ""lab_or_test_evidence"": [], ""modules"": [], ""source_files"": [], ""statement_delta"": [""Imported module family exists, but no plausible declaration-name match passed the conservative threshold.""], ""status"": ""NO_MATCH"", ""trust_base"": []}","[""CG01"", ""CG02"", ""CG04"", ""CG09"", ""CG10""]"
P030-C0056,P030,open_problem,OPEN_PROBLEM_OR_DEFERRED_WORK,source/papers/Tsiokos_2026_Six_Birds_Foundations_V_Endogenous_Closure_A_Catalog_of_Structural_Laws_for_Living_Cognitive_and_Social_Systems.tex:L2684-L2693; derived/expanded/Tsiokos_2026_Six_Birds_Foundations_V_Endogenous_Closure_A_Catalog_of_Structural_Laws_for_Living_Cognitive_and_Social_Systems.tex:L2684-L2693,The proposed bridge from planning/execution restriction to E11's institutional comparison remains open and is not used below.,PROSE_STATUS_OR_ARGUMENT_RECORD,"{""caveats"": [""FORMAL_OR_PROOF_ASSISTANT_COMPONENT_DISCLOSED""], ""declarations"": [], ""elaboration_status"": ""NOT_APPLICABLE_OR_NOT_RUN"", ""exact_conclusion_match"": null, ""exact_hypothesis_match"": null, ""lab_or_test_evidence"": [], ""modules"": [], ""source_files"": [], ""statement_delta"": [""Imported module family exists, but no plausible declaration-name match passed the conservative threshold.""], ""status"": ""NO_MATCH"", ""trust_base"": []}","[""CG01"", ""CG02"", ""CG04"", ""CG09"", ""CG10""]"
P030-C0059,P030,open_problem,OPEN_PROBLEM_OR_DEFERRED_WORK,source/papers/Tsiokos_2026_Six_Birds_Foundations_V_Endogenous_Closure_A_Catalog_of_Structural_Laws_for_Living_Cognitive_and_Social_Systems.tex:L2842-L2853; derived/expanded/Tsiokos_2026_Six_Birds_Foundations_V_Endogenous_Closure_A_Catalog_of_Structural_Laws_for_Living_Cognitive_and_Social_Systems.tex:L2842-L2853,the general E4-to-E11 bridge remains open.,PROSE_STATUS_OR_ARGUMENT_RECORD,"{""caveats"": [""FORMAL_OR_PROOF_ASSISTANT_COMPONENT_DISCLOSED""], ""declarations"": [], ""elaboration_status"": ""NOT_APPLICABLE_OR_NOT_RUN"", ""exact_conclusion_match"": null, ""exact_hypothesis_match"": null, ""lab_or_test_evidence"": [], ""modules"": [], ""source_files"": [], ""statement_delta"": [""Imported module family exists, but no plausible declaration-name match passed the conservative threshold.""], ""status"": ""NO_MATCH"", ""trust_base"": []}","[""CG01"", ""CG02"", ""CG04"", ""CG09"", ""CG10""]"
P030-C0061,P030,open_problem,OPEN_PROBLEM_OR_DEFERRED_WORK,source/papers/Tsiokos_2026_Six_Birds_Foundations_V_Endogenous_Closure_A_Catalog_of_Structural_Laws_for_Living_Cognitive_and_Social_Systems.tex:L2993-L2996; derived/expanded/Tsiokos_2026_Six_Birds_Foundations_V_Endogenous_Closure_A_Catalog_of_Structural_Laws_for_Living_Cognitive_and_Social_Systems.tex:L2993-L2996,the general theorem connecting every paid bridge to E12 entry closure remains open.,PROSE_STATUS_OR_ARGUMENT_RECORD,"{""caveats"": [""FORMAL_OR_PROOF_ASSISTANT_COMPONENT_DISCLOSED""], ""declarations"": [], ""elaboration_status"": ""NOT_APPLICABLE_OR_NOT_RUN"", ""exact_conclusion_match"": null, ""exact_hypothesis_match"": null, ""lab_or_test_evidence"": [], ""modules"": [], ""source_files"": [], ""statement_delta"": [""Imported module family exists, but no plausible declaration-name match passed the conservative threshold.""], ""status"": ""NO_MATCH"", ""trust_base"": []}","[""CG01"", ""CG02"", ""CG04"", ""CG09"", ""CG10""]"
P030-C0075,P030,open_problem,OPEN_PROBLEM_OR_DEFERRED_WORK,source/papers/Tsiokos_2026_Six_Birds_Foundations_V_Endogenous_Closure_A_Catalog_of_Structural_Laws_for_Living_Cognitive_and_Social_Systems.tex:L3963-L3973; derived/expanded/Tsiokos_2026_Six_Birds_Foundations_V_Endogenous_Closure_A_Catalog_of_Structural_Laws_for_Living_Cognitive_and_Social_Systems.tex:L3963-L3973,A stronger theorem from E6/E8 budget prices to the repair/coarsening frequencies remains open.,PROSE_STATUS_OR_ARGUMENT_RECORD,"{""caveats"": [""FORMAL_OR_PROOF_ASSISTANT_COMPONENT_DISCLOSED""], ""declarations"": [], ""elaboration_status"": ""NOT_APPLICABLE_OR_NOT_RUN"", ""exact_conclusion_match"": null, ""exact_hypothesis_match"": null, ""lab_or_test_evidence"": [], ""modules"": [], ""source_files"": [], ""statement_delta"": [""Imported module family exists, but no plausible declaration-name match passed the conservative threshold.""], ""status"": ""NO_MATCH"", ""trust_base"": []}","[""CG01"", ""CG02"", ""CG04"", ""CG09"", ""CG10""]"
P030-C0116,P030,open_problem,OPEN_PROBLEM_OR_DEFERRED_WORK,source/papers/Tsiokos_2026_Six_Birds_Foundations_V_Endogenous_Closure_A_Catalog_of_Structural_Laws_for_Living_Cognitive_and_Social_Systems.tex:L6634-L6672; derived/expanded/Tsiokos_2026_Six_Birds_Foundations_V_Endogenous_Closure_A_Catalog_of_Structural_Laws_for_Living_Cognitive_and_Social_Systems.tex:L6634-L6672,"Deferred candidates and future work: The catalog is intentionally incomplete. The following candidates have recognizable shapes but do not yet possess a distinct theorem, obstruction set, and recognition interface. Global or conscious access. Simultaneous descent into memory, action, and report may combine E6, E7, E12, and E13 without adding a new law. Phenomenality is outside the present apparatus. Play or sandboxed obstruction sampling. This currently appears to be E9 under a gated risk budget unless transfer from sandbox to live repair supplies a new obstruction. Boundary discovery dynamics. E12 classifies a candidate boundary; it does not state how a carrier searches the boundary lattice. Transported gates and norms. E13 transports repair. A separate P2-transport theorem may be needed for norms, standards, and regulatory gates. Distributed exposure and price discovery. A multi-carrier E6/E9 system may model markets or collective sensing, but standard aggregation results must not be merely renamed. Reproduction, heredity, and evolutionary closure. The E-series treats repair and adaptation of a declared carrier. Replication, heritable variation, population selection, ecological inheritance, and open-ended lineage innovation require additional carrier and source machinery. The life-focused substrate paper likewise separates bounded competencies from autonomous open-ended evolution . Abiogenesis and origin-of-life transitions. No theorem here selects the first E-system from nonliving chemistry or proves that the D1–D6 package is necessary and sufficient for life.",NAMED_SOURCE_SECTION_ARGUMENT,"{""caveats"": [""FORMAL_OR_PROOF_ASSISTANT_COMPONENT_DISCLOSED""], ""declarations"": [], ""elaboration_status"": ""NOT_APPLICABLE_OR_NOT_RUN"", ""exact_conclusion_match"": null, ""exact_hypothesis_match"": null, ""lab_or_test_evidence"": [], ""modules"": [], ""source_files"": [], ""statement_delta"": [""Imported module family exists, but no plausible declaration-name match passed the conservative threshold.""], ""status"": ""NO_MATCH"", ""trust_base"": []}","[""CG14""]"
P030-C0120,P030,open_problem,OPEN_PROBLEM_OR_DEFERRED_WORK,source/papers/Tsiokos_2026_Six_Birds_Foundations_V_Endogenous_Closure_A_Catalog_of_Structural_Laws_for_Living_Cognitive_and_Social_Systems.tex:L6844-L6885; derived/expanded/Tsiokos_2026_Six_Birds_Foundations_V_Endogenous_Closure_A_Catalog_of_Structural_Laws_for_Living_Cognitive_and_Social_Systems.tex:L6844-L6885,General audit-capacity pricing remains open.,PROSE_STATUS_OR_ARGUMENT_RECORD,"{""caveats"": [""FORMAL_OR_PROOF_ASSISTANT_COMPONENT_DISCLOSED""], ""declarations"": [], ""elaboration_status"": ""NOT_APPLICABLE_OR_NOT_RUN"", ""exact_conclusion_match"": null, ""exact_hypothesis_match"": null, ""lab_or_test_evidence"": [], ""modules"": [], ""source_files"": [], ""statement_delta"": [""Imported module family exists, but no plausible declaration-name match passed the conservative threshold.""], ""status"": ""NO_MATCH"", ""trust_base"": []}","[""CG01"", ""CG02"", ""CG04"", ""CG09"", ""CG10""]"
P029-C0003,P029,open_problem,OPEN_PROBLEM_OR_DEFERRED_WORK,source/papers/Tsiokos_2026_Six_Birds_Foundations_VI_A_Catalog_of_Dynamical_Structural_Laws.tex:L130-L152; derived/expanded/Tsiokos_2026_Six_Birds_Foundations_VI_A_Catalog_of_Dynamical_Structural_Laws.tex:L130-L152,"The paper solves no open problem and claims none: Collatz, Erd o s–Straus, Lychrel, Recam\'an, the Langton's-ant highway, Gilbreath, and the exact chromatic number of the plane all remain open, and each law's nonclaims say so explicitly.",ABSTRACT_STATUS_BOUNDARY,"{""caveats"": [""FORMAL_OR_PROOF_ASSISTANT_COMPONENT_DISCLOSED""], ""declarations"": [], ""elaboration_status"": ""NOT_APPLICABLE_OR_NOT_RUN"", ""exact_conclusion_match"": null, ""exact_hypothesis_match"": null, ""lab_or_test_evidence"": [], ""modules"": [], ""source_files"": [], ""statement_delta"": [""Imported module family exists, but no plausible declaration-name match passed the conservative threshold.""], ""status"": ""NO_MATCH"", ""trust_base"": []}","[""CG04"", ""CG10"", ""CG12"", ""CG18"", ""CG19""]"
P029-C0009,P029,open_problem,OPEN_PROBLEM_OR_DEFERRED_WORK,source/papers/Tsiokos_2026_Six_Birds_Foundations_VI_A_Catalog_of_Dynamical_Structural_Laws.tex:L478-L489; derived/expanded/Tsiokos_2026_Six_Birds_Foundations_VI_A_Catalog_of_Dynamical_Structural_Laws.tex:L478-L489,Hidden Amortized Solvency (G1) is the liveness law and the flagship of the catalog: it splits the eventual-solvency question into an unconditional reduction and a conditional discharge schema whose named hypotheses are exactly what remains open for Collatz.,PROSE_STATUS_OR_ARGUMENT_RECORD,"{""caveats"": [""FORMAL_OR_PROOF_ASSISTANT_COMPONENT_DISCLOSED""], ""declarations"": [], ""elaboration_status"": ""NOT_APPLICABLE_OR_NOT_RUN"", ""exact_conclusion_match"": null, ""exact_hypothesis_match"": null, ""lab_or_test_evidence"": [], ""modules"": [], ""source_files"": [], ""statement_delta"": [""Imported module family exists, but no plausible declaration-name match passed the conservative threshold.""], ""status"": ""NO_MATCH"", ""trust_base"": []}","[""CG12""]"
P029-C0012,P029,open_problem,OPEN_PROBLEM_OR_DEFERRED_WORK,source/papers/Tsiokos_2026_Six_Birds_Foundations_VI_A_Catalog_of_Dynamical_Structural_Laws.tex:L655-L676; derived/expanded/Tsiokos_2026_Six_Birds_Foundations_VI_A_Catalog_of_Dynamical_Structural_Laws.tex:L655-L676,liveness remains open because both boxed hypotheses are unproved .,PROSE_STATUS_OR_ARGUMENT_RECORD,"{""caveats"": [""FORMAL_OR_PROOF_ASSISTANT_COMPONENT_DISCLOSED""], ""declarations"": [], ""elaboration_status"": ""NOT_APPLICABLE_OR_NOT_RUN"", ""exact_conclusion_match"": null, ""exact_hypothesis_match"": null, ""lab_or_test_evidence"": [], ""modules"": [], ""source_files"": [], ""statement_delta"": [""Imported module family exists, but no plausible declaration-name match passed the conservative threshold.""], ""status"": ""NO_MATCH"", ""trust_base"": []}","[""CG04"", ""CG10"", ""CG12"", ""CG18"", ""CG19""]"
P029-C0017,P029,open_problem,OPEN_PROBLEM_OR_DEFERRED_WORK,source/papers/Tsiokos_2026_Six_Birds_Foundations_VI_A_Catalog_of_Dynamical_Structural_Laws.tex:L1105-L1131; derived/expanded/Tsiokos_2026_Six_Birds_Foundations_VI_A_Catalog_of_Dynamical_Structural_Laws.tex:L1105-L1131,"For base 10, no analogous certificate is known: 196 remains open, and finite searches, however deep, are bounded evidence only .",PROSE_STATUS_OR_ARGUMENT_RECORD,"{""caveats"": [""FORMAL_OR_PROOF_ASSISTANT_COMPONENT_DISCLOSED""], ""declarations"": [], ""elaboration_status"": ""NOT_APPLICABLE_OR_NOT_RUN"", ""exact_conclusion_match"": null, ""exact_hypothesis_match"": null, ""lab_or_test_evidence"": [], ""modules"": [], ""source_files"": [], ""statement_delta"": [""Imported module family exists, but no plausible declaration-name match passed the conservative threshold.""], ""status"": ""NO_MATCH"", ""trust_base"": []}","[""CG28""]"
P029-C0023,P029,open_problem,OPEN_PROBLEM_OR_DEFERRED_WORK,source/papers/Tsiokos_2026_Six_Birds_Foundations_VI_A_Catalog_of_Dynamical_Structural_Laws.tex:L1707-L1730; derived/expanded/Tsiokos_2026_Six_Birds_Foundations_VI_A_Catalog_of_Dynamical_Structural_Laws.tex:L1707-L1730,The highway conjecture — that every finite initial configuration reaches the 104 -step highway — remains open,PROSE_STATUS_OR_ARGUMENT_RECORD,"{""caveats"": [""FORMAL_OR_PROOF_ASSISTANT_COMPONENT_DISCLOSED""], ""declarations"": [], ""elaboration_status"": ""NOT_APPLICABLE_OR_NOT_RUN"", ""exact_conclusion_match"": null, ""exact_hypothesis_match"": null, ""lab_or_test_evidence"": [], ""modules"": [], ""source_files"": [], ""statement_delta"": [""Imported module family exists, but no plausible declaration-name match passed the conservative threshold.""], ""status"": ""NO_MATCH"", ""trust_base"": []}","[""CG28""]"
P029-C0029,P029,open_problem,OPEN_PROBLEM_OR_DEFERRED_WORK,source/papers/Tsiokos_2026_Six_Birds_Foundations_VI_A_Catalog_of_Dynamical_Structural_Laws.tex:L2397-L2403; derived/expanded/Tsiokos_2026_Six_Birds_Foundations_VI_A_Catalog_of_Dynamical_Structural_Laws.tex:L2397-L2403,Nothing is deferred here — the disposition is final unless a genuinely temporal residual is someday exhibited.,PROSE_STATUS_OR_ARGUMENT_RECORD,"{""caveats"": [""FORMAL_OR_PROOF_ASSISTANT_COMPONENT_DISCLOSED""], ""declarations"": [], ""elaboration_status"": ""NOT_APPLICABLE_OR_NOT_RUN"", ""exact_conclusion_match"": null, ""exact_hypothesis_match"": null, ""lab_or_test_evidence"": [], ""modules"": [], ""source_files"": [], ""statement_delta"": [""Imported module family exists, but no plausible declaration-name match passed the conservative threshold.""], ""status"": ""NO_MATCH"", ""trust_base"": []}","[""CG04"", ""CG10"", ""CG12"", ""CG18"", ""CG19""]"
P029-C0031,P029,open_problem,OPEN_PROBLEM_OR_DEFERRED_WORK,source/papers/Tsiokos_2026_Six_Birds_Foundations_VI_A_Catalog_of_Dynamical_Structural_Laws.tex:L2434-L2451; derived/expanded/Tsiokos_2026_Six_Birds_Foundations_VI_A_Catalog_of_Dynamical_Structural_Laws.tex:L2434-L2451,"Open problems, left open.: This paper solves no open problem and reports no progress on one. Specifically: the Collatz conjecture remains open (G1's Part (b) hypotheses [H-G1-ghost-convergence] and [H-G1-separation] are named obligations, and the 2^L - 1 shadowing family is evidence against fixed-depth strategies, not evidence about the conjecture); Tao's almost-all result retains status probabilistic relative to G1's pointwise target and discharges neither hypothesis. The ErdH o s–Straus conjecture remains open (Mordell-style residue coverage and the quadratic-residue obstruction are sub-results about identity families; density evidence is never upgraded to pointwise closure). No base-10 Lychrel candidate is decided — 196 remains open, and deep finite searches stay bounded evidence. Recam\'an coverage remains open ( 852655 is a bounded-census fact, not a permanent-hole proof). The Langton's-ant highway conjecture remains open (trajectory unboundedness is proved, by Bunimovich–Troubetzkoy, and is cited in a nonclaim-scoped role only). Gilbreath's conjecture remains open (the gap-smallness reframing is heuristic). The exact chromatic number of the plane remains open (the bracket is 5 – 7 ). The Catalan–Dickson question for aliquot sequences remains open. Where a law names a conjectural flagship, the law organizes the problem's structure; it never claims progress on the problem itself.",NAMED_SOURCE_SECTION_ARGUMENT,"{""caveats"": [""FORMAL_OR_PROOF_ASSISTANT_COMPONENT_DISCLOSED""], ""declarations"": [], ""elaboration_status"": ""NOT_APPLICABLE_OR_NOT_RUN"", ""exact_conclusion_match"": null, ""exact_hypothesis_match"": null, ""lab_or_test_evidence"": [], ""modules"": [], ""source_files"": [], ""statement_delta"": [""Imported module family exists, but no plausible declaration-name match passed the conservative threshold.""], ""status"": ""NO_MATCH"", ""trust_base"": []}","[""CG04"", ""CG10"", ""CG12"", ""CG18"", ""CG19""]"
P029-C0032,P029,open_problem,OPEN_PROBLEM_OR_DEFERRED_WORK,source/papers/Tsiokos_2026_Six_Birds_Foundations_VI_A_Catalog_of_Dynamical_Structural_Laws.tex:L2434-L2449; derived/expanded/Tsiokos_2026_Six_Birds_Foundations_VI_A_Catalog_of_Dynamical_Structural_Laws.tex:L2434-L2449,"This paper solves no open problem and reports no progress on one. Specifically: the Collatz conjecture remains open (G1's Part (b) hypotheses [H-G1-ghost-convergence] and [H-G1-separation] are named obligations, and the 2^L - 1 shadowing family is evidence against fixed-depth strategies, not evidence about the conjecture) The ErdH o s–Straus conjecture remains open (Mordell-style residue coverage and the quadratic-residue obstruction are sub-results about identity families No base-10 Lychrel candidate is decided — 196 remains open, and deep finite searches stay bounded evidence. Recam\'an coverage remains open ( 852655 is a bounded-census fact, not a permanent-hole proof). The Langton's-ant highway conjecture remains open (trajectory unboundedness is proved, by Bunimovich–Troubetzkoy, and is cited in a nonclaim-scoped role only). Gilbreath's conjecture remains open (the gap-smallness reframing is heuristic). The exact chromatic number of the plane remains open (the bracket is 5 – 7 ). The Catalan–Dickson question for aliquot sequences remains open.",PROSE_STATUS_OR_ARGUMENT_RECORD,"{""caveats"": [""FORMAL_OR_PROOF_ASSISTANT_COMPONENT_DISCLOSED""], ""declarations"": [], ""elaboration_status"": ""NOT_APPLICABLE_OR_NOT_RUN"", ""exact_conclusion_match"": null, ""exact_hypothesis_match"": null, ""lab_or_test_evidence"": [], ""modules"": [], ""source_files"": [], ""statement_delta"": [""Imported module family exists, but no plausible declaration-name match passed the conservative threshold.""], ""status"": ""NO_MATCH"", ""trust_base"": []}","[""CG04"", ""CG10"", ""CG12"", ""CG18"", ""CG19""]"
P006-C0002,P006,open_problem,OPEN_PROBLEM_OR_DEFERRED_WORK,source/papers/Tsiokos_2026_Audited_Operational_Realisability_A_Closure_Completion_Reflection_for_Carriers_with_Audit_Data.tex:L160-L189; derived/expanded/Tsiokos_2026_Audited_Operational_Realisability_A_Closure_Completion_Reflection_for_Carriers_with_Audit_Data.tex:L160-L189,full predicate-level non-membership proofs at every level remain framework future work.,ABSTRACT_STATUS_BOUNDARY,"{""caveats"": [""FORMAL_OR_PROOF_ASSISTANT_COMPONENT_DISCLOSED""], ""declarations"": [], ""elaboration_status"": ""NOT_APPLICABLE_OR_NOT_RUN"", ""exact_conclusion_match"": null, ""exact_hypothesis_match"": null, ""lab_or_test_evidence"": [], ""modules"": [], ""source_files"": [], ""statement_delta"": [""No imported module family was assigned to this paper at Step-2 intake.""], ""status"": ""PAPER_DISCLOSED_ASSET_NOT_IMPORTED"", ""trust_base"": []}","[""CG25"", ""CG29""]"
P006-C0072,P006,open_problem,OPEN_PROBLEM_OR_DEFERRED_WORK,source/papers/Tsiokos_2026_Audited_Operational_Realisability_A_Closure_Completion_Reflection_for_Carriers_with_Audit_Data.tex:L1601-L1609; derived/expanded/Tsiokos_2026_Audited_Operational_Realisability_A_Closure_Completion_Reflection_for_Carriers_with_Audit_Data.tex:L1601-L1609,full predicate-level non-membership verification remains framework future work and is stated as scope in the abstract.,PROSE_STATUS_OR_ARGUMENT_RECORD,"{""caveats"": [""FORMAL_OR_PROOF_ASSISTANT_COMPONENT_DISCLOSED""], ""declarations"": [], ""elaboration_status"": ""NOT_APPLICABLE_OR_NOT_RUN"", ""exact_conclusion_match"": null, ""exact_hypothesis_match"": null, ""lab_or_test_evidence"": [], ""modules"": [], ""source_files"": [], ""statement_delta"": [""No imported module family was assigned to this paper at Step-2 intake.""], ""status"": ""PAPER_DISCLOSED_ASSET_NOT_IMPORTED"", ""trust_base"": []}","[""CG25"", ""CG29""]"
P006-C0075,P006,open_problem,OPEN_PROBLEM_OR_DEFERRED_WORK,source/papers/Tsiokos_2026_Audited_Operational_Realisability_A_Closure_Completion_Reflection_for_Carriers_with_Audit_Data.tex:L1668-L1679; derived/expanded/Tsiokos_2026_Audited_Operational_Realisability_A_Closure_Completion_Reflection_for_Carriers_with_Audit_Data.tex:L1668-L1679,"For the hierarchy theorem ( ), the companion record exhibits two named finite witness carriers with typed obstruction markers, while full predicate-level non-membership verification is deferred pending a fuller enumeration of the cost table.",PROSE_STATUS_OR_ARGUMENT_RECORD,"{""caveats"": [""FORMAL_OR_PROOF_ASSISTANT_COMPONENT_DISCLOSED""], ""declarations"": [], ""elaboration_status"": ""NOT_APPLICABLE_OR_NOT_RUN"", ""exact_conclusion_match"": null, ""exact_hypothesis_match"": null, ""lab_or_test_evidence"": [], ""modules"": [], ""source_files"": [], ""statement_delta"": [""No imported module family was assigned to this paper at Step-2 intake.""], ""status"": ""PAPER_DISCLOSED_ASSET_NOT_IMPORTED"", ""trust_base"": []}","[""CG25"", ""CG29""]"
P006-C0081,P006,open_problem,OPEN_PROBLEM_OR_DEFERRED_WORK,source/papers/Tsiokos_2026_Audited_Operational_Realisability_A_Closure_Completion_Reflection_for_Carriers_with_Audit_Data.tex:L1738-L1744; derived/expanded/Tsiokos_2026_Audited_Operational_Realisability_A_Closure_Completion_Reflection_for_Carriers_with_Audit_Data.tex:L1738-L1744,"It exhibits named carriers and typed obstruction markers at the two stability boundaries in AOR^ ref ⊆ AOR^ casc ⊆ AOR , while full predicate-level negated-membership proofs at every level remain framework future work.",PROSE_STATUS_OR_ARGUMENT_RECORD,"{""caveats"": [""FORMAL_OR_PROOF_ASSISTANT_COMPONENT_DISCLOSED""], ""declarations"": [], ""elaboration_status"": ""NOT_APPLICABLE_OR_NOT_RUN"", ""exact_conclusion_match"": null, ""exact_hypothesis_match"": null, ""lab_or_test_evidence"": [], ""modules"": [], ""source_files"": [], ""statement_delta"": [""No imported module family was assigned to this paper at Step-2 intake.""], ""status"": ""PAPER_DISCLOSED_ASSET_NOT_IMPORTED"", ""trust_base"": []}","[""CG25"", ""CG29""]"
P006-C0083,P006,open_problem,OPEN_PROBLEM_OR_DEFERRED_WORK,source/papers/Tsiokos_2026_Audited_Operational_Realisability_A_Closure_Completion_Reflection_for_Carriers_with_Audit_Data.tex:L1807-L1818; derived/expanded/Tsiokos_2026_Audited_Operational_Realisability_A_Closure_Completion_Reflection_for_Carriers_with_Audit_Data.tex:L1807-L1818,"The hierarchy theorem exhibits named witness carriers and typed obstruction markers, while full predicate-level non-membership proofs at every level remain framework future work.",PROSE_STATUS_OR_ARGUMENT_RECORD,"{""caveats"": [""FORMAL_OR_PROOF_ASSISTANT_COMPONENT_DISCLOSED""], ""declarations"": [], ""elaboration_status"": ""NOT_APPLICABLE_OR_NOT_RUN"", ""exact_conclusion_match"": null, ""exact_hypothesis_match"": null, ""lab_or_test_evidence"": [], ""modules"": [], ""source_files"": [], ""statement_delta"": [""No imported module family was assigned to this paper at Step-2 intake.""], ""status"": ""PAPER_DISCLOSED_ASSET_NOT_IMPORTED"", ""trust_base"": []}","[""CG25"", ""CG29""]"
P006-C0093,P006,open_problem,OPEN_PROBLEM_OR_DEFERRED_WORK,source/papers/Tsiokos_2026_Audited_Operational_Realisability_A_Closure_Completion_Reflection_for_Carriers_with_Audit_Data.tex:L2383-L2407; derived/expanded/Tsiokos_2026_Audited_Operational_Realisability_A_Closure_Completion_Reflection_for_Carriers_with_Audit_Data.tex:L2383-L2407,full predicate-level non-membership verification remains framework future work.,PROSE_STATUS_OR_ARGUMENT_RECORD,"{""caveats"": [""FORMAL_OR_PROOF_ASSISTANT_COMPONENT_DISCLOSED""], ""declarations"": [], ""elaboration_status"": ""NOT_APPLICABLE_OR_NOT_RUN"", ""exact_conclusion_match"": null, ""exact_hypothesis_match"": null, ""lab_or_test_evidence"": [], ""modules"": [], ""source_files"": [], ""statement_delta"": [""No imported module family was assigned to this paper at Step-2 intake.""], ""status"": ""PAPER_DISCLOSED_ASSET_NOT_IMPORTED"", ""trust_base"": []}","[""CG25"", ""CG29""]"
P006-C0094,P006,open_problem,OPEN_PROBLEM_OR_DEFERRED_WORK,source/papers/Tsiokos_2026_Audited_Operational_Realisability_A_Closure_Completion_Reflection_for_Carriers_with_Audit_Data.tex:L2430-L2438; derived/expanded/Tsiokos_2026_Audited_Operational_Realisability_A_Closure_Completion_Reflection_for_Carriers_with_Audit_Data.tex:L2430-L2438,Full predicate-level non-membership verification remains framework future work and would require substantially more of the 143-entry cost table than the present definition_metadata narrowing covers.,PROSE_STATUS_OR_ARGUMENT_RECORD,"{""caveats"": [""FORMAL_OR_PROOF_ASSISTANT_COMPONENT_DISCLOSED""], ""declarations"": [], ""elaboration_status"": ""NOT_APPLICABLE_OR_NOT_RUN"", ""exact_conclusion_match"": null, ""exact_hypothesis_match"": null, ""lab_or_test_evidence"": [], ""modules"": [], ""source_files"": [], ""statement_delta"": [""No imported module family was assigned to this paper at Step-2 intake.""], ""status"": ""PAPER_DISCLOSED_ASSET_NOT_IMPORTED"", ""trust_base"": []}","[""CG25"", ""CG29""]"
P006-C0098,P006,open_problem,OPEN_PROBLEM_OR_DEFERRED_WORK,source/papers/Tsiokos_2026_Audited_Operational_Realisability_A_Closure_Completion_Reflection_for_Carriers_with_Audit_Data.tex:L2590-L2594; derived/expanded/Tsiokos_2026_Audited_Operational_Realisability_A_Closure_Completion_Reflection_for_Carriers_with_Audit_Data.tex:L2590-L2594,Full predicate-level verification for the hierarchy witnesses remains framework future work.,PROSE_STATUS_OR_ARGUMENT_RECORD,"{""caveats"": [""FORMAL_OR_PROOF_ASSISTANT_COMPONENT_DISCLOSED""], ""declarations"": [], ""elaboration_status"": ""NOT_APPLICABLE_OR_NOT_RUN"", ""exact_conclusion_match"": null, ""exact_hypothesis_match"": null, ""lab_or_test_evidence"": [], ""modules"": [], ""source_files"": [], ""statement_delta"": [""No imported module family was assigned to this paper at Step-2 intake.""], ""status"": ""PAPER_DISCLOSED_ASSET_NOT_IMPORTED"", ""trust_base"": []}","[""CG25"", ""CG29""]"
P006-C0101,P006,open_problem,OPEN_PROBLEM_OR_DEFERRED_WORK,source/papers/Tsiokos_2026_Audited_Operational_Realisability_A_Closure_Completion_Reflection_for_Carriers_with_Audit_Data.tex:L2672-L2675; derived/expanded/Tsiokos_2026_Audited_Operational_Realisability_A_Closure_Completion_Reflection_for_Carriers_with_Audit_Data.tex:L2672-L2675,"The hierarchy theorem exhibits named carriers and typed obstruction markers, but full predicate-level verification for the hierarchy witnesses remains future work pending a fuller cost-table enumeration.",PROSE_STATUS_OR_ARGUMENT_RECORD,"{""caveats"": [""FORMAL_OR_PROOF_ASSISTANT_COMPONENT_DISCLOSED""], ""declarations"": [], ""elaboration_status"": ""NOT_APPLICABLE_OR_NOT_RUN"", ""exact_conclusion_match"": null, ""exact_hypothesis_match"": null, ""lab_or_test_evidence"": [], ""modules"": [], ""source_files"": [], ""statement_delta"": [""No imported module family was assigned to this paper at Step-2 intake.""], ""status"": ""PAPER_DISCLOSED_ASSET_NOT_IMPORTED"", ""trust_base"": []}","[""CG25"", ""CG29""]"
P023-C0023,P023,open_problem,OPEN_PROBLEM_OR_DEFERRED_WORK,source/papers/Tsiokos_2026_Reflexive_SBT_and_Anti_Localization.tex:L1089-L1093; derived/expanded/Tsiokos_2026_Reflexive_SBT_and_Anti_Localization.tex:L1089-L1093,Discussion and future work,PROSE_STATUS_OR_ARGUMENT_RECORD,"{""caveats"": [""FORMAL_OR_PROOF_ASSISTANT_COMPONENT_DISCLOSED""], ""declarations"": [], ""elaboration_status"": ""NOT_APPLICABLE_OR_NOT_RUN"", ""exact_conclusion_match"": null, ""exact_hypothesis_match"": null, ""lab_or_test_evidence"": [], ""modules"": [], ""source_files"": [], ""statement_delta"": [""No imported module family was assigned to this paper at Step-2 intake.""], ""status"": ""PAPER_DISCLOSED_ASSET_NOT_IMPORTED"", ""trust_base"": []}","[""CG05"", ""CG22"", ""CG29""]"
P053-C0067,P053,open_problem,OPEN_PROBLEM_OR_DEFERRED_WORK,source/papers/Tsiokos_2026_To_Set_a_Stone_with_Six_Birds_The_Free_and_Purchased_Parts_of_ZFC.tex:L1514-L1525; derived/expanded/Tsiokos_2026_To_Set_a_Stone_with_Six_Birds_The_Free_and_Purchased_Parts_of_ZFC.tex:L1514-L1525,"The open questions are supposed to be open: On this reading the famous open questions lose their air of scandal. A foundation that grows by lawful extension must have undecided questions: they are the predicates not yet definable from the current lens, the places where extension is still available. The continuum hypothesis is the canonical such place (S ): the same substrate admits an inner-model packaging where it holds and a generic-extension packaging where it fails, and the ground lens does not adjudicate. Independence is the footprint of the extension law—the formal signature of a foundation that is still, lawfully, being written. A foundation with no independent questions would be one that had saturated completely, and by the saturation law no sufficiently expressive one ever does.",NAMED_SOURCE_SECTION_ARGUMENT,"{""caveats"": [""FORMAL_OR_PROOF_ASSISTANT_COMPONENT_DISCLOSED""], ""declarations"": [], ""elaboration_status"": ""NOT_APPLICABLE_OR_NOT_RUN"", ""exact_conclusion_match"": null, ""exact_hypothesis_match"": null, ""lab_or_test_evidence"": [], ""modules"": [], ""source_files"": [], ""statement_delta"": [""No imported module family was assigned to this paper at Step-2 intake.""], ""status"": ""PAPER_DISCLOSED_ASSET_NOT_IMPORTED"", ""trust_base"": []}",[]
P041-C0009,P041,open_problem,OPEN_PROBLEM_OR_DEFERRED_WORK,source/papers/Tsiokos_2026_To_Become_a_Stone_with_Six_Birds_A_Physics_is_A_Theory.tex:L791-L792; derived/expanded/Tsiokos_2026_To_Become_a_Stone_with_Six_Birds_A_Physics_is_A_Theory.tex:L791-L792,Connecting this to geometric averaging schemes is future work.,PROSE_STATUS_OR_ARGUMENT_RECORD,"{""caveats"": [""FORMAL_OR_PROOF_ASSISTANT_COMPONENT_DISCLOSED""], ""declarations"": [], ""elaboration_status"": ""NOT_APPLICABLE_OR_NOT_RUN"", ""exact_conclusion_match"": null, ""exact_hypothesis_match"": null, ""lab_or_test_evidence"": [], ""modules"": [], ""source_files"": [], ""statement_delta"": [""No imported module family was assigned to this paper at Step-2 intake.""], ""status"": ""PAPER_DISCLOSED_ASSET_NOT_IMPORTED"", ""trust_base"": []}","[""CG25""]"
P040-C0013,P040,open_problem,OPEN_PROBLEM_OR_DEFERRED_WORK,source/papers/Tsiokos_2026_The_Usefulness_of_Non_Descending_Objects_A_Six_Birds_Theory_of_Mathematical_Applicability.tex:L548-L553; derived/expanded/Tsiokos_2026_The_Usefulness_of_Non_Descending_Objects_A_Six_Birds_Theory_of_Mathematical_Applicability.tex:L548-L553,the formal set-theoretic definition is deferred to .,PROSE_STATUS_OR_ARGUMENT_RECORD,"{""caveats"": [""FORMAL_OR_PROOF_ASSISTANT_COMPONENT_DISCLOSED""], ""declarations"": [], ""elaboration_status"": ""NOT_APPLICABLE_OR_NOT_RUN"", ""exact_conclusion_match"": null, ""exact_hypothesis_match"": null, ""lab_or_test_evidence"": [], ""modules"": [], ""source_files"": [], ""statement_delta"": [""Imported module family exists, but no plausible declaration-name match passed the conservative threshold.""], ""status"": ""NO_MATCH"", ""trust_base"": []}","[""CG29""]"
P040-C0045,P040,open_problem,OPEN_PROBLEM_OR_DEFERRED_WORK,source/papers/Tsiokos_2026_The_Usefulness_of_Non_Descending_Objects_A_Six_Birds_Theory_of_Mathematical_Applicability.tex:L1455-L1491; derived/expanded/Tsiokos_2026_The_Usefulness_of_Non_Descending_Objects_A_Six_Birds_Theory_of_Mathematical_Applicability.tex:L1455-L1491,"Audit failure An overreading, smuggling, provenance, or replay check remains open.",PROSE_STATUS_OR_ARGUMENT_RECORD,"{""caveats"": [""FORMAL_OR_PROOF_ASSISTANT_COMPONENT_DISCLOSED""], ""declarations"": [], ""elaboration_status"": ""NOT_APPLICABLE_OR_NOT_RUN"", ""exact_conclusion_match"": null, ""exact_hypothesis_match"": null, ""lab_or_test_evidence"": [], ""modules"": [], ""source_files"": [], ""statement_delta"": [""Imported module family exists, but no plausible declaration-name match passed the conservative threshold.""], ""status"": ""NO_MATCH"", ""trust_base"": []}","[""CG17"", ""CG25"", ""CG29""]"
P040-C0050,P040,open_problem,OPEN_PROBLEM_OR_DEFERRED_WORK,source/papers/Tsiokos_2026_The_Usefulness_of_Non_Descending_Objects_A_Six_Birds_Theory_of_Mathematical_Applicability.tex:L1610-L1616; derived/expanded/Tsiokos_2026_The_Usefulness_of_Non_Descending_Objects_A_Six_Birds_Theory_of_Mathematical_Applicability.tex:L1610-L1616,"Conversely, if the six verified witness fields supply saturation, strictness, non-descent, descent, solving, and audit safety, and F_ SAU ( C)= records that none of the corresponding failure conditions remains open, then the package validates.",PROSE_STATUS_OR_ARGUMENT_RECORD,"{""caveats"": [""FORMAL_OR_PROOF_ASSISTANT_COMPONENT_DISCLOSED""], ""declarations"": [], ""elaboration_status"": ""NOT_APPLICABLE_OR_NOT_RUN"", ""exact_conclusion_match"": null, ""exact_hypothesis_match"": null, ""lab_or_test_evidence"": [], ""modules"": [], ""source_files"": [], ""statement_delta"": [""Imported module family exists, but no plausible declaration-name match passed the conservative threshold.""], ""status"": ""NO_MATCH"", ""trust_base"": []}","[""CG17"", ""CG25"", ""CG29""]"
P040-C0071,P040,open_problem,OPEN_PROBLEM_OR_DEFERRED_WORK,source/papers/Tsiokos_2026_The_Usefulness_of_Non_Descending_Objects_A_Six_Birds_Theory_of_Mathematical_Applicability.tex:L2165-L2179; derived/expanded/Tsiokos_2026_The_Usefulness_of_Non_Descending_Objects_A_Six_Birds_Theory_of_Mathematical_Applicability.tex:L2165-L2179,A full enumeration of the original 27 candidates is deferred to,PROSE_STATUS_OR_ARGUMENT_RECORD,"{""caveats"": [""FORMAL_OR_PROOF_ASSISTANT_COMPONENT_DISCLOSED""], ""declarations"": [], ""elaboration_status"": ""NOT_APPLICABLE_OR_NOT_RUN"", ""exact_conclusion_match"": null, ""exact_hypothesis_match"": null, ""lab_or_test_evidence"": [], ""modules"": [], ""source_files"": [], ""statement_delta"": [""Imported module family exists, but no plausible declaration-name match passed the conservative threshold.""], ""status"": ""NO_MATCH"", ""trust_base"": []}","[""CG29""]"
P040-C0079,P040,open_problem,OPEN_PROBLEM_OR_DEFERRED_WORK,source/papers/Tsiokos_2026_The_Usefulness_of_Non_Descending_Objects_A_Six_Birds_Theory_of_Mathematical_Applicability.tex:L2443-L2452; derived/expanded/Tsiokos_2026_The_Usefulness_of_Non_Descending_Objects_A_Six_Birds_Theory_of_Mathematical_Applicability.tex:L2443-L2452,The full small-cardinality enumeration is deferred to .,PROSE_STATUS_OR_ARGUMENT_RECORD,"{""caveats"": [""FORMAL_OR_PROOF_ASSISTANT_COMPONENT_DISCLOSED""], ""declarations"": [], ""elaboration_status"": ""NOT_APPLICABLE_OR_NOT_RUN"", ""exact_conclusion_match"": null, ""exact_hypothesis_match"": null, ""lab_or_test_evidence"": [], ""modules"": [], ""source_files"": [], ""statement_delta"": [""Imported module family exists, but no plausible declaration-name match passed the conservative threshold.""], ""status"": ""NO_MATCH"", ""trust_base"": []}","[""CG29""]"
P040-C0132,P040,open_problem,OPEN_PROBLEM_OR_DEFERRED_WORK,source/papers/Tsiokos_2026_The_Usefulness_of_Non_Descending_Objects_A_Six_Birds_Theory_of_Mathematical_Applicability.tex:L3851-L3857; derived/expanded/Tsiokos_2026_The_Usefulness_of_Non_Descending_Objects_A_Six_Birds_Theory_of_Mathematical_Applicability.tex:L3851-L3857,The formal one-dimensional triangle ledger corollary is deferred to the methods appendix with the other worked graph computations.,PROSE_STATUS_OR_ARGUMENT_RECORD,"{""caveats"": [""FORMAL_OR_PROOF_ASSISTANT_COMPONENT_DISCLOSED""], ""declarations"": [], ""elaboration_status"": ""NOT_APPLICABLE_OR_NOT_RUN"", ""exact_conclusion_match"": null, ""exact_hypothesis_match"": null, ""lab_or_test_evidence"": [], ""modules"": [], ""source_files"": [], ""statement_delta"": [""Imported module family exists, but no plausible declaration-name match passed the conservative threshold.""], ""status"": ""NO_MATCH"", ""trust_base"": []}","[""CG17"", ""CG25"", ""CG29""]"
P040-C0169,P040,open_problem,OPEN_PROBLEM_OR_DEFERRED_WORK,source/papers/Tsiokos_2026_The_Usefulness_of_Non_Descending_Objects_A_Six_Birds_Theory_of_Mathematical_Applicability.tex:L4690-L4692; derived/expanded/Tsiokos_2026_The_Usefulness_of_Non_Descending_Objects_A_Six_Birds_Theory_of_Mathematical_Applicability.tex:L4690-L4692,The outlook separates what these results establish from the questions they leave open. Outlook,PROSE_STATUS_OR_ARGUMENT_RECORD,"{""caveats"": [""FORMAL_OR_PROOF_ASSISTANT_COMPONENT_DISCLOSED""], ""declarations"": [], ""elaboration_status"": ""NOT_APPLICABLE_OR_NOT_RUN"", ""exact_conclusion_match"": null, ""exact_hypothesis_match"": null, ""lab_or_test_evidence"": [], ""modules"": [], ""source_files"": [], ""statement_delta"": [""Imported module family exists, but no plausible declaration-name match passed the conservative threshold.""], ""status"": ""NO_MATCH"", ""trust_base"": []}","[""CG17"", ""CG25"", ""CG29""]"
P040-C0170,P040,open_problem,OPEN_PROBLEM_OR_DEFERRED_WORK,source/papers/Tsiokos_2026_The_Usefulness_of_Non_Descending_Objects_A_Six_Birds_Theory_of_Mathematical_Applicability.tex:L4694-L4786; derived/expanded/Tsiokos_2026_The_Usefulness_of_Non_Descending_Objects_A_Six_Birds_Theory_of_Mathematical_Applicability.tex:L4694-L4786,"What follows from the results: Within finite typed audited promoted-use traces, the paper supplies a profile-level account of strict mathematical usefulness. What this opens for further work is a disciplined way to ask whether a family of lower problems is covered by recurring audited profiles. [Explanatory compression] Suppose a finite registry R SAU-covers a finite problem family P . The registry provides explanatory compression when many problem instances are certified by fewer recurring profile skeletons. A crude count is _ SAU ( P, R)=| P|-| R|, with the understanding that this number is only a bookkeeping index, not an invariant of mathematical depth.",NAMED_SOURCE_SECTION_ARGUMENT,"{""caveats"": [""FORMAL_OR_PROOF_ASSISTANT_COMPONENT_DISCLOSED""], ""declarations"": [], ""elaboration_status"": ""NOT_APPLICABLE_OR_NOT_RUN"", ""exact_conclusion_match"": null, ""exact_hypothesis_match"": null, ""lab_or_test_evidence"": [], ""modules"": [], ""source_files"": [], ""statement_delta"": [""Imported module family exists, but no plausible declaration-name match passed the conservative threshold.""], ""status"": ""NO_MATCH"", ""trust_base"": []}","[""CG17"", ""CG25"", ""CG29""]"
P040-C0175,P040,open_problem,OPEN_PROBLEM_OR_DEFERRED_WORK,source/papers/Tsiokos_2026_The_Usefulness_of_Non_Descending_Objects_A_Six_Birds_Theory_of_Mathematical_Applicability.tex:L4786-L4822; derived/expanded/Tsiokos_2026_The_Usefulness_of_Non_Descending_Objects_A_Six_Birds_Theory_of_Mathematical_Applicability.tex:L4786-L4822,"Summary and limits: The results give a theorem-grade normal form for strict mathematical usefulness in finite typed audited promoted-use traces: when a saturated lower problem is solved or certified by essentially using promoted-only structure, the trace forces hidden non-descent: a support that does not descend directly, together with an audited boundary expression that does descend. The four canonical witnesses—imaginary numbers, dual numbers, Galois roots, and graph cohomology—instantiate distinct minimal or universal profiles, and the necessity–soundness chain extracts SAU from strict useful traces rather than stipulating it. The no-overreading discipline blocks the literalization of hidden promoted objects in the lower layer. The scope is bounded. We address strict useful promoted-use traces, not mathematics in general; not every promoted extension is useful, and the four canonical witnesses are not an exhaustive classification of useful structures. We do not claim novelty for the classical constructions themselves, and hidden promoted objects are not asserted as lower-layer content. The companion Lean development plays a bounded role: it supplies substantive proofs for selected direct, computational, and definitional fragments and records the remaining theorems as proof-carrying traceability records. Source, Lean code, and reproducibility artifacts are hosted at ; see for the discipline that governs which results carry substantive Lean proofs. Foundations I–III provide inherited provenance but are not prerequisites for reading the paper.",NAMED_SOURCE_SECTION_ARGUMENT,"{""caveats"": [""FORMAL_OR_PROOF_ASSISTANT_COMPONENT_DISCLOSED""], ""declarations"": [], ""elaboration_status"": ""NOT_APPLICABLE_OR_NOT_RUN"", ""exact_conclusion_match"": null, ""exact_hypothesis_match"": null, ""lab_or_test_evidence"": [], ""modules"": [], ""source_files"": [], ""statement_delta"": [""Imported module family exists, but no plausible declaration-name match passed the conservative threshold.""], ""status"": ""NO_MATCH"", ""trust_base"": []}","[""CG17""]"
P040-C0217,P040,open_problem,OPEN_PROBLEM_OR_DEFERRED_WORK,source/papers/Tsiokos_2026_The_Usefulness_of_Non_Descending_Objects_A_Six_Birds_Theory_of_Mathematical_Applicability.tex:L5535-L5585; derived/expanded/Tsiokos_2026_The_Usefulness_of_Non_Descending_Objects_A_Six_Birds_Theory_of_Mathematical_Applicability.tex:L5535-L5585,"SAU_Synthesis_Transfer_Profile Profile abstraction, transfer, synthesis, and scoped outlook claims.",PROSE_STATUS_OR_ARGUMENT_RECORD,"{""caveats"": [""FORMAL_OR_PROOF_ASSISTANT_COMPONENT_DISCLOSED""], ""declarations"": [], ""elaboration_status"": ""NOT_APPLICABLE_OR_NOT_RUN"", ""exact_conclusion_match"": null, ""exact_hypothesis_match"": null, ""lab_or_test_evidence"": [], ""modules"": [], ""source_files"": [], ""statement_delta"": [""Imported module family exists, but no plausible declaration-name match passed the conservative threshold.""], ""status"": ""NO_MATCH"", ""trust_base"": []}","[""CG17"", ""CG25"", ""CG29""]"
P058-C0013,P058,open_problem,OPEN_PROBLEM_OR_DEFERRED_WORK,source/papers/Tsiokos_2026_Why_Mathematics_Even_Works.tex:L543-L548; derived/expanded/Tsiokos_2026_Why_Mathematics_Even_Works.tex:L543-L548,the formal set-theoretic definition is deferred to .,PROSE_STATUS_OR_ARGUMENT_RECORD,"{""caveats"": [""FORMAL_OR_PROOF_ASSISTANT_COMPONENT_DISCLOSED""], ""declarations"": [], ""elaboration_status"": ""NOT_APPLICABLE_OR_NOT_RUN"", ""exact_conclusion_match"": null, ""exact_hypothesis_match"": null, ""lab_or_test_evidence"": [], ""modules"": [], ""source_files"": [], ""statement_delta"": [""Imported module family exists, but no plausible declaration-name match passed the conservative threshold.""], ""status"": ""NO_MATCH"", ""trust_base"": []}","[""CG29""]"
P058-C0041,P058,open_problem,OPEN_PROBLEM_OR_DEFERRED_WORK,source/papers/Tsiokos_2026_Why_Mathematics_Even_Works.tex:L1369-L1405; derived/expanded/Tsiokos_2026_Why_Mathematics_Even_Works.tex:L1369-L1405,"Audit failure An overreading, smuggling, provenance, or replay check remains open.",PROSE_STATUS_OR_ARGUMENT_RECORD,"{""caveats"": [""FORMAL_OR_PROOF_ASSISTANT_COMPONENT_DISCLOSED""], ""declarations"": [], ""elaboration_status"": ""NOT_APPLICABLE_OR_NOT_RUN"", ""exact_conclusion_match"": null, ""exact_hypothesis_match"": null, ""lab_or_test_evidence"": [], ""modules"": [], ""source_files"": [], ""statement_delta"": [""Imported module family exists, but no plausible declaration-name match passed the conservative threshold.""], ""status"": ""NO_MATCH"", ""trust_base"": []}","[""CG17"", ""CG25"", ""CG29""]"
P058-C0046,P058,open_problem,OPEN_PROBLEM_OR_DEFERRED_WORK,source/papers/Tsiokos_2026_Why_Mathematics_Even_Works.tex:L1525-L1534; derived/expanded/Tsiokos_2026_Why_Mathematics_Even_Works.tex:L1525-L1534,"For the converse, the six verified witness fields supply saturation, strictness, non-descent, descent, solving, and audit safety, while F_ SAU ( C)= records that none of the corresponding failure conditions remains open.",PROSE_STATUS_OR_ARGUMENT_RECORD,"{""caveats"": [""FORMAL_OR_PROOF_ASSISTANT_COMPONENT_DISCLOSED""], ""declarations"": [], ""elaboration_status"": ""NOT_APPLICABLE_OR_NOT_RUN"", ""exact_conclusion_match"": null, ""exact_hypothesis_match"": null, ""lab_or_test_evidence"": [], ""modules"": [], ""source_files"": [], ""statement_delta"": [""Imported module family exists, but no plausible declaration-name match passed the conservative threshold.""], ""status"": ""NO_MATCH"", ""trust_base"": []}","[""CG17"", ""CG25"", ""CG29""]"
P058-C0067,P058,open_problem,OPEN_PROBLEM_OR_DEFERRED_WORK,source/papers/Tsiokos_2026_Why_Mathematics_Even_Works.tex:L2093-L2108; derived/expanded/Tsiokos_2026_Why_Mathematics_Even_Works.tex:L2093-L2108,A full enumeration of the original 27 candidates is deferred to .,PROSE_STATUS_OR_ARGUMENT_RECORD,"{""caveats"": [""FORMAL_OR_PROOF_ASSISTANT_COMPONENT_DISCLOSED""], ""declarations"": [], ""elaboration_status"": ""NOT_APPLICABLE_OR_NOT_RUN"", ""exact_conclusion_match"": null, ""exact_hypothesis_match"": null, ""lab_or_test_evidence"": [], ""modules"": [], ""source_files"": [], ""statement_delta"": [""Imported module family exists, but no plausible declaration-name match passed the conservative threshold.""], ""status"": ""NO_MATCH"", ""trust_base"": []}","[""CG29""]"
P058-C0075,P058,open_problem,OPEN_PROBLEM_OR_DEFERRED_WORK,source/papers/Tsiokos_2026_Why_Mathematics_Even_Works.tex:L2366-L2381; derived/expanded/Tsiokos_2026_Why_Mathematics_Even_Works.tex:L2366-L2381,The full small-cardinality enumeration is deferred to .,PROSE_STATUS_OR_ARGUMENT_RECORD,"{""caveats"": [""FORMAL_OR_PROOF_ASSISTANT_COMPONENT_DISCLOSED""], ""declarations"": [], ""elaboration_status"": ""NOT_APPLICABLE_OR_NOT_RUN"", ""exact_conclusion_match"": null, ""exact_hypothesis_match"": null, ""lab_or_test_evidence"": [], ""modules"": [], ""source_files"": [], ""statement_delta"": [""Imported module family exists, but no plausible declaration-name match passed the conservative threshold.""], ""status"": ""NO_MATCH"", ""trust_base"": []}","[""CG29""]"
P058-C0128,P058,open_problem,OPEN_PROBLEM_OR_DEFERRED_WORK,source/papers/Tsiokos_2026_Why_Mathematics_Even_Works.tex:L3852-L3858; derived/expanded/Tsiokos_2026_Why_Mathematics_Even_Works.tex:L3852-L3858,The formal one-dimensional triangle ledger corollary is deferred to the methods appendix with the other worked graph computations.,PROSE_STATUS_OR_ARGUMENT_RECORD,"{""caveats"": [""FORMAL_OR_PROOF_ASSISTANT_COMPONENT_DISCLOSED""], ""declarations"": [], ""elaboration_status"": ""NOT_APPLICABLE_OR_NOT_RUN"", ""exact_conclusion_match"": null, ""exact_hypothesis_match"": null, ""lab_or_test_evidence"": [], ""modules"": [], ""source_files"": [], ""statement_delta"": [""Imported module family exists, but no plausible declaration-name match passed the conservative threshold.""], ""status"": ""NO_MATCH"", ""trust_base"": []}","[""CG17"", ""CG25"", ""CG29""]"
P058-C0165,P058,open_problem,OPEN_PROBLEM_OR_DEFERRED_WORK,source/papers/Tsiokos_2026_Why_Mathematics_Even_Works.tex:L4732-L4734; derived/expanded/Tsiokos_2026_Why_Mathematics_Even_Works.tex:L4732-L4734,The outlook now separates what this theorem stack establishes from the broader programmatic questions it leaves open. Outlook and Contribution,PROSE_STATUS_OR_ARGUMENT_RECORD,"{""caveats"": [""FORMAL_OR_PROOF_ASSISTANT_COMPONENT_DISCLOSED""], ""declarations"": [], ""elaboration_status"": ""NOT_APPLICABLE_OR_NOT_RUN"", ""exact_conclusion_match"": null, ""exact_hypothesis_match"": null, ""lab_or_test_evidence"": [], ""modules"": [], ""source_files"": [], ""statement_delta"": [""Imported module family exists, but no plausible declaration-name match passed the conservative threshold.""], ""status"": ""NO_MATCH"", ""trust_base"": []}","[""CG17"", ""CG25"", ""CG29""]"
P058-C0166,P058,open_problem,OPEN_PROBLEM_OR_DEFERRED_WORK,source/papers/Tsiokos_2026_Why_Mathematics_Even_Works.tex:L4736-L4832; derived/expanded/Tsiokos_2026_Why_Mathematics_Even_Works.tex:L4736-L4832,"What the paper unlocks: Within the scope of finite typed audited promoted-use traces, the paper gives a profile-level explanation of strict mathematical usefulness. What this unlocks for further work is not a catalog of future domains, but a disciplined way to ask whether a family of lower problems is covered by recurring audited profiles. [Explanatory compression] Suppose a finite registry R SAU-covers a finite problem family P . The registry provides explanatory compression when many problem instances are certified by fewer recurring profile skeletons. A crude count is _ SAU ( P, R)=| P|-| R|, with the understanding that this number is only a bookkeeping index, not an invariant of mathematical depth.",NAMED_SOURCE_SECTION_ARGUMENT,"{""caveats"": [""FORMAL_OR_PROOF_ASSISTANT_COMPONENT_DISCLOSED""], ""declarations"": [], ""elaboration_status"": ""NOT_APPLICABLE_OR_NOT_RUN"", ""exact_conclusion_match"": null, ""exact_hypothesis_match"": null, ""lab_or_test_evidence"": [], ""modules"": [], ""source_files"": [], ""statement_delta"": [""Imported module family exists, but no plausible declaration-name match passed the conservative threshold.""], ""status"": ""NO_MATCH"", ""trust_base"": []}","[""CG17"", ""CG25"", ""CG29""]"
P058-C0171,P058,open_problem,OPEN_PROBLEM_OR_DEFERRED_WORK,source/papers/Tsiokos_2026_Why_Mathematics_Even_Works.tex:L4832-L4864; derived/expanded/Tsiokos_2026_Why_Mathematics_Even_Works.tex:L4832-L4864,"Contribution statement and limits: The contribution is a theorem-grade normal form for strict mathematical usefulness in finite typed audited promoted-use traces. When a saturated lower problem is solved or certified by essentially using promoted-only structure, the trace forces hidden support that does not descend directly and an audited boundary expression that does descend. The four canonical witnesses–imaginary numbers, dual numbers, Galois roots, and graph cohomology–instantiate distinct minimal or universal profiles, and the necessity-soundness chain extracts SAU from strict useful traces rather than stipulating it. The no-overreading discipline is part of the contribution: it blocks the literalization of hidden promoted objects in the lower layer. The paper does not claim that all mathematics is useful, that every promoted extension is useful, or that every useful structure has been classified. It does not claim novelty for the classical constructions themselves, and it does not claim that hidden promoted objects literally belong to the lower layer. Foundations I–III supply inherited provenance but are not prerequisites for reading the paper, because the working vocabulary is defined locally. The Lean development also has a bounded role: it supplies substantive proofs for selected direct, computational, and definitional fragments, while projection-over-record theorems are tracked as proof-carrying traceability records.",NAMED_SOURCE_SECTION_ARGUMENT,"{""caveats"": [""FORMAL_OR_PROOF_ASSISTANT_COMPONENT_DISCLOSED""], ""declarations"": [], ""elaboration_status"": ""NOT_APPLICABLE_OR_NOT_RUN"", ""exact_conclusion_match"": null, ""exact_hypothesis_match"": null, ""lab_or_test_evidence"": [], ""modules"": [], ""source_files"": [], ""statement_delta"": [""Imported module family exists, but no plausible declaration-name match passed the conservative threshold.""], ""status"": ""NO_MATCH"", ""trust_base"": []}","[""CG17""]"
P058-C0200,P058,open_problem,OPEN_PROBLEM_OR_DEFERRED_WORK,source/papers/Tsiokos_2026_Why_Mathematics_Even_Works.tex:L5524-L5574; derived/expanded/Tsiokos_2026_Why_Mathematics_Even_Works.tex:L5524-L5574,"SAU_Synthesis_Transfer_Profile Profile abstraction, transfer, synthesis, and scoped outlook claims.",PROSE_STATUS_OR_ARGUMENT_RECORD,"{""caveats"": [""FORMAL_OR_PROOF_ASSISTANT_COMPONENT_DISCLOSED""], ""declarations"": [], ""elaboration_status"": ""NOT_APPLICABLE_OR_NOT_RUN"", ""exact_conclusion_match"": null, ""exact_hypothesis_match"": null, ""lab_or_test_evidence"": [], ""modules"": [], ""source_files"": [], ""statement_delta"": [""Imported module family exists, but no plausible declaration-name match passed the conservative threshold.""], ""status"": ""NO_MATCH"", ""trust_base"": []}","[""CG17"", ""CG25"", ""CG29""]"
P056-C0003,P056,open_problem,OPEN_PROBLEM_OR_DEFERRED_WORK,source/papers/Tsiokos_2026_To_Worship_a_Stone_with_Six_Birds_Reality_as_Closure.tex:L161; derived/expanded/Tsiokos_2026_To_Worship_a_Stone_with_Six_Birds_Reality_as_Closure.tex:L161,it is posed as open question 7 in S .,PROSE_STATUS_OR_ARGUMENT_RECORD,"{""caveats"": [""CORPUS_EVIDENCE_DISCUSSION_ONLY_NO_OWN_FORMALIZATION_APPENDIX""], ""declarations"": [], ""elaboration_status"": ""NOT_APPLICABLE_OR_NOT_RUN"", ""exact_conclusion_match"": null, ""exact_hypothesis_match"": null, ""lab_or_test_evidence"": [], ""modules"": [], ""source_files"": [], ""statement_delta"": [""No imported module family was assigned to this paper at Step-2 intake.""], ""status"": ""PAPER_DISCLOSED_ASSET_NOT_IMPORTED"", ""trust_base"": []}","[""CG16"", ""CG25"", ""CG26""]"
P056-C0008,P056,open_problem,OPEN_PROBLEM_OR_DEFERRED_WORK,source/papers/Tsiokos_2026_To_Worship_a_Stone_with_Six_Birds_Reality_as_Closure.tex:L387; derived/expanded/Tsiokos_2026_To_Worship_a_Stone_with_Six_Birds_Reality_as_Closure.tex:L387,"Read philosophically: why is there something rather than nothing is, in this grammar, a well-typed open problem.",PROSE_STATUS_OR_ARGUMENT_RECORD,"{""caveats"": [""CORPUS_EVIDENCE_DISCUSSION_ONLY_NO_OWN_FORMALIZATION_APPENDIX""], ""declarations"": [], ""elaboration_status"": ""NOT_APPLICABLE_OR_NOT_RUN"", ""exact_conclusion_match"": null, ""exact_hypothesis_match"": null, ""lab_or_test_evidence"": [], ""modules"": [], ""source_files"": [], ""statement_delta"": [""No imported module family was assigned to this paper at Step-2 intake.""], ""status"": ""PAPER_DISCLOSED_ASSET_NOT_IMPORTED"", ""trust_base"": []}","[""CG16"", ""CG25"", ""CG26""]"
P056-C0009,P056,open_problem,OPEN_PROBLEM_OR_DEFERRED_WORK,source/papers/Tsiokos_2026_To_Worship_a_Stone_with_Six_Birds_Reality_as_Closure.tex:L407; derived/expanded/Tsiokos_2026_To_Worship_a_Stone_with_Six_Birds_Reality_as_Closure.tex:L407,"What happens to a civilization after the crossing is an open question, the ninth of this book, and we will not pretend to close it.",PROSE_STATUS_OR_ARGUMENT_RECORD,"{""caveats"": [""CORPUS_EVIDENCE_DISCUSSION_ONLY_NO_OWN_FORMALIZATION_APPENDIX""], ""declarations"": [], ""elaboration_status"": ""NOT_APPLICABLE_OR_NOT_RUN"", ""exact_conclusion_match"": null, ""exact_hypothesis_match"": null, ""lab_or_test_evidence"": [], ""modules"": [], ""source_files"": [], ""statement_delta"": [""No imported module family was assigned to this paper at Step-2 intake.""], ""status"": ""PAPER_DISCLOSED_ASSET_NOT_IMPORTED"", ""trust_base"": []}","[""CG16"", ""CG25"", ""CG26""]"
P056-C0010,P056,open_problem,OPEN_PROBLEM_OR_DEFERRED_WORK,source/papers/Tsiokos_2026_To_Worship_a_Stone_with_Six_Birds_Reality_as_Closure.tex:L421; derived/expanded/Tsiokos_2026_To_Worship_a_Stone_with_Six_Birds_Reality_as_Closure.tex:L421,"One entry remains open in these books, and it will not be closed.",PROSE_STATUS_OR_ARGUMENT_RECORD,"{""caveats"": [""CORPUS_EVIDENCE_DISCUSSION_ONLY_NO_OWN_FORMALIZATION_APPENDIX""], ""declarations"": [], ""elaboration_status"": ""NOT_APPLICABLE_OR_NOT_RUN"", ""exact_conclusion_match"": null, ""exact_hypothesis_match"": null, ""lab_or_test_evidence"": [], ""modules"": [], ""source_files"": [], ""statement_delta"": [""No imported module family was assigned to this paper at Step-2 intake.""], ""status"": ""PAPER_DISCLOSED_ASSET_NOT_IMPORTED"", ""trust_base"": []}","[""CG26""]"
P009-C0037,P009,open_problem,OPEN_PROBLEM_OR_DEFERRED_WORK,source/papers/Tsiokos_2026_Emergence_IS_the_Needle_Killer.tex:L1982-L1987; derived/expanded/Tsiokos_2026_Emergence_IS_the_Needle_Killer.tex:L1982-L1987,"Future work that aims the framework at a specific external problem must supply its own application-specific records, scope fence, and formalization disclosure.",PROSE_STATUS_OR_ARGUMENT_RECORD,"{""caveats"": [""FORMAL_OR_PROOF_ASSISTANT_COMPONENT_DISCLOSED""], ""declarations"": [], ""elaboration_status"": ""NOT_APPLICABLE_OR_NOT_RUN"", ""exact_conclusion_match"": null, ""exact_hypothesis_match"": null, ""lab_or_test_evidence"": [], ""modules"": [], ""source_files"": [], ""statement_delta"": [""No imported module family was assigned to this paper at Step-2 intake.""], ""status"": ""PAPER_DISCLOSED_ASSET_NOT_IMPORTED"", ""trust_base"": []}","[""CG01"", ""CG24""]"
P003-C0014,P003,open_problem,OPEN_PROBLEM_OR_DEFERRED_WORK,source/papers/Tsiokos_2026_Accepted_New_Layer_Strict_Tests_on_Fixed_Support_in_Six_Birds_Theory.tex:L784-L793; derived/expanded/Tsiokos_2026_Accepted_New_Layer_Strict_Tests_on_Fixed_Support_in_Six_Birds_Theory.tex:L784-L793,"The companion quadratic-witness and transition-witness slots are treated in , and the all-slot closure test is deferred to .",PROSE_STATUS_OR_ARGUMENT_RECORD,"{""caveats"": [""CONDITIONAL_LEAN_SCHEMAS_EMPIRICAL_PREMISES_EXTERNAL""], ""declarations"": [], ""elaboration_status"": ""NOT_APPLICABLE_OR_NOT_RUN"", ""exact_conclusion_match"": null, ""exact_hypothesis_match"": null, ""lab_or_test_evidence"": [], ""modules"": [], ""source_files"": [], ""statement_delta"": [""No imported module family was assigned to this paper at Step-2 intake.""], ""status"": ""PAPER_DISCLOSED_ASSET_NOT_IMPORTED"", ""trust_base"": []}","[""CG02"", ""CG06"", ""CG08"", ""CG17""]"
P003-C0021,P003,open_problem,OPEN_PROBLEM_OR_DEFERRED_WORK,source/papers/Tsiokos_2026_Accepted_New_Layer_Strict_Tests_on_Fixed_Support_in_Six_Birds_Theory.tex:L1243-L1265; derived/expanded/Tsiokos_2026_Accepted_New_Layer_Strict_Tests_on_Fixed_Support_in_Six_Birds_Theory.tex:L1243-L1265,"Higher structures remain future work: The accepted strict-test families are partitions of the closed three-slot domain at each carrier. Building a proto-effect fragment would require identifying effect-shaped structure in those families that survives the foundations claim discipline; building an effect algebra would require composition-respecting operations on such effects across the three carriers; a Born valuation would require a state-functional pairing whose values respect the effect-algebra structure; and composition readiness would require the algebraic and state-side constructions to combine coherently. Each step is a separate structural construction beyond the strict-test acceptance reported in Paper 9. Under , absence of those constructions is a nonclaim boundary, not an implied consequence of the accepted tests. The blockers are constructive rather than refutative. These higher structures remain possible targets for later work; the present paper neither constructs them nor rules them out. The claim-boundary discipline of keeps them explicit as nonclaims, and the claim-boundary control of verifies on the audit side that the accepted families respect that boundary.",NAMED_SOURCE_SECTION_ARGUMENT,"{""caveats"": [""CONDITIONAL_LEAN_SCHEMAS_EMPIRICAL_PREMISES_EXTERNAL""], ""declarations"": [], ""elaboration_status"": ""NOT_APPLICABLE_OR_NOT_RUN"", ""exact_conclusion_match"": null, ""exact_hypothesis_match"": null, ""lab_or_test_evidence"": [], ""modules"": [], ""source_files"": [], ""statement_delta"": [""No imported module family was assigned to this paper at Step-2 intake.""], ""status"": ""PAPER_DISCLOSED_ASSET_NOT_IMPORTED"", ""trust_base"": []}","[""CG02"", ""CG06"", ""CG08"", ""CG17""]"
P014-C0003,P014,open_problem,OPEN_PROBLEM_OR_DEFERRED_WORK,source/papers/Tsiokos_2026_Internal_Structure_of_a_Surviving_Promoted_Package_on_Fixed_Support_in_Six_Birds_Theory.tex:L162-L165; derived/expanded/Tsiokos_2026_Internal_Structure_of_a_Surviving_Promoted_Package_on_Fixed_Support_in_Six_Birds_Theory.tex:L162-L165,"Open question: The key open issue is internal structure. A surviving promoted package is more than a convenient label only if it supports its own descended readout and update structure, remains honest under protocol treatment, retains nontrivial content under admissible second-stage recoarsening, and carries invariant or quadratic content that is not merely proxy bookkeeping from below. Those are the issues taken up in the sections that follow.",NAMED_SOURCE_SECTION_ARGUMENT,"{""caveats"": [""FORMAL_OR_PROOF_ASSISTANT_COMPONENT_DISCLOSED""], ""declarations"": [], ""elaboration_status"": ""NOT_APPLICABLE_OR_NOT_RUN"", ""exact_conclusion_match"": null, ""exact_hypothesis_match"": null, ""lab_or_test_evidence"": [], ""modules"": [], ""source_files"": [], ""statement_delta"": [""No imported module family was assigned to this paper at Step-2 intake.""], ""status"": ""PAPER_DISCLOSED_ASSET_NOT_IMPORTED"", ""trust_base"": []}","[""CG08""]"
P014-C0046,P014,open_problem,OPEN_PROBLEM_OR_DEFERRED_WORK,source/papers/Tsiokos_2026_Internal_Structure_of_a_Surviving_Promoted_Package_on_Fixed_Support_in_Six_Birds_Theory.tex:L767; derived/expanded/Tsiokos_2026_Internal_Structure_of_a_Surviving_Promoted_Package_on_Fixed_Support_in_Six_Birds_Theory.tex:L767,"What remains open: substantive theorems connecting those abstractions to concrete empirical verdicts, and any stronger formal treatment of nearby-support synthesis, protocol-indexed versus nonindexed classification, bundle/dual upgrade claims, or local-chart consequences.",PROSE_STATUS_OR_ARGUMENT_RECORD,"{""caveats"": [""FORMAL_OR_PROOF_ASSISTANT_COMPONENT_DISCLOSED""], ""declarations"": [], ""elaboration_status"": ""NOT_APPLICABLE_OR_NOT_RUN"", ""exact_conclusion_match"": null, ""exact_hypothesis_match"": null, ""lab_or_test_evidence"": [], ""modules"": [], ""source_files"": [], ""statement_delta"": [""No imported module family was assigned to this paper at Step-2 intake.""], ""status"": ""PAPER_DISCLOSED_ASSET_NOT_IMPORTED"", ""trust_base"": []}","[""CG08""]"
P014-C0048,P014,open_problem,OPEN_PROBLEM_OR_DEFERRED_WORK,source/papers/Tsiokos_2026_Internal_Structure_of_a_Surviving_Promoted_Package_on_Fixed_Support_in_Six_Birds_Theory.tex:L774-L790; derived/expanded/Tsiokos_2026_Internal_Structure_of_a_Surviving_Promoted_Package_on_Fixed_Support_in_Six_Birds_Theory.tex:L774-L790,"[t] @ > p 0.14 > X> p 0.22 > p 0.22 @ →prule Component Current formal content Role in the paper Not yet claimed Definitions candidate-package, section-family, descended readout/update, recoarsening/stability vocabulary stabilizes the paper's abstract language no empirical verdicts proved Criteria package verdict axis, higher-layer readiness axis, intrinsic/indexed and bundle/dual criterion surfaces keeps outcome axes separate no final classification theorem proved Flagship stubs abstract flagship witness interfaces prepares later flagship-level theorem work no concrete flagship witness theorem proved Proof-gap layer explicit open theorem targets and caveat boundaries localizes what remains future work no nearby-route or local-chart theorem claimed Current Lean formal layer and its role in the paper.",PROSE_STATUS_OR_ARGUMENT_RECORD,"{""caveats"": [""FORMAL_OR_PROOF_ASSISTANT_COMPONENT_DISCLOSED""], ""declarations"": [], ""elaboration_status"": ""NOT_APPLICABLE_OR_NOT_RUN"", ""exact_conclusion_match"": null, ""exact_hypothesis_match"": null, ""lab_or_test_evidence"": [], ""modules"": [], ""source_files"": [], ""statement_delta"": [""No imported module family was assigned to this paper at Step-2 intake.""], ""status"": ""PAPER_DISCLOSED_ASSET_NOT_IMPORTED"", ""trust_base"": []}","[""CG08""]"
P007-C0003,P007,open_problem,OPEN_PROBLEM_OR_DEFERRED_WORK,source/papers/Tsiokos_2026_Carrier_Exactification_after_Promotion_on_Fixed_Support_in_Six_Birds_Theory.tex:L494-L495; derived/expanded/Tsiokos_2026_Carrier_Exactification_after_Promotion_on_Fixed_Support_in_Six_Birds_Theory.tex:L494-L495,the empirical allocation of candidates to them is deferred to the later audit and final-gate sections.,PROSE_STATUS_OR_ARGUMENT_RECORD,"{""caveats"": [""FORMAL_OR_PROOF_ASSISTANT_COMPONENT_DISCLOSED""], ""declarations"": [], ""elaboration_status"": ""NOT_APPLICABLE_OR_NOT_RUN"", ""exact_conclusion_match"": null, ""exact_hypothesis_match"": null, ""lab_or_test_evidence"": [], ""modules"": [], ""source_files"": [], ""statement_delta"": [""No imported module family was assigned to this paper at Step-2 intake.""], ""status"": ""PAPER_DISCLOSED_ASSET_NOT_IMPORTED"", ""trust_base"": []}","[""CG17""]"
P037-C0008,P037,open_problem,OPEN_PROBLEM_OR_DEFERRED_WORK,source/papers/Tsiokos_2026_Strict_Test_to_Event_Package_Admissibility_on_Fixed_Support_in_Six_Birds_Theory.tex:L316-L322; derived/expanded/Tsiokos_2026_Strict_Test_to_Event_Package_Admissibility_on_Fixed_Support_in_Six_Birds_Theory.tex:L316-L322,"Proto-effect outcome lattice rung (future work): The proto-effect outcome lattice rung is the downstream rung that begins only after accepted event-level and accepted-package input is available. Conceptually, it asks whether proto-effect probes can be evaluated on accepted packages and whether their outcomes support the first operation-level structure beyond event-package admissibility. The rung therefore depends on the protocol-indexed event-level rung in a strong sense: it cannot be supplied directly by strict-test records or by protocol-indexed comparison scope alone. Its input is package-level, not merely carrier-level or event-record-level. The future-work items associated with this rung are the proto-effect fragment, effect algebra, Born valuation, and composition readiness. Each is downstream of an accepted-package input, so none is part of the conceptual evidence for the earlier event-level rung.",NAMED_SOURCE_SECTION_ARGUMENT,"{""caveats"": [""FORMAL_OR_PROOF_ASSISTANT_COMPONENT_DISCLOSED""], ""declarations"": [], ""elaboration_status"": ""NOT_APPLICABLE_OR_NOT_RUN"", ""exact_conclusion_match"": null, ""exact_hypothesis_match"": null, ""lab_or_test_evidence"": [], ""modules"": [], ""source_files"": [], ""statement_delta"": [""No imported module family was assigned to this paper at Step-2 intake.""], ""status"": ""PAPER_DISCLOSED_ASSET_NOT_IMPORTED"", ""trust_base"": []}","[""CG08"", ""CG13"", ""CG17""]"
P037-C0010,P037,open_problem,OPEN_PROBLEM_OR_DEFERRED_WORK,source/papers/Tsiokos_2026_Strict_Test_to_Event_Package_Admissibility_on_Fixed_Support_in_Six_Birds_Theory.tex:L359-L367; derived/expanded/Tsiokos_2026_Strict_Test_to_Event_Package_Admissibility_on_Fixed_Support_in_Six_Birds_Theory.tex:L359-L367,"(proto) at (4.0,4.5) proto-effect outcome lattice rung future work downstream",PROSE_STATUS_OR_ARGUMENT_RECORD,"{""caveats"": [""FORMAL_OR_PROOF_ASSISTANT_COMPONENT_DISCLOSED""], ""declarations"": [], ""elaboration_status"": ""NOT_APPLICABLE_OR_NOT_RUN"", ""exact_conclusion_match"": null, ""exact_hypothesis_match"": null, ""lab_or_test_evidence"": [], ""modules"": [], ""source_files"": [], ""statement_delta"": [""No imported module family was assigned to this paper at Step-2 intake.""], ""status"": ""PAPER_DISCLOSED_ASSET_NOT_IMPORTED"", ""trust_base"": []}","[""CG08"", ""CG13"", ""CG17""]"
P037-C0011,P037,open_problem,OPEN_PROBLEM_OR_DEFERRED_WORK,source/papers/Tsiokos_2026_Strict_Test_to_Event_Package_Admissibility_on_Fixed_Support_in_Six_Birds_Theory.tex:L384-L390; derived/expanded/Tsiokos_2026_Strict_Test_to_Event_Package_Admissibility_on_Fixed_Support_in_Six_Birds_Theory.tex:L384-L390,"requires extension), and proto-effect outcome lattice rung (future work).",PROSE_STATUS_OR_ARGUMENT_RECORD,"{""caveats"": [""FORMAL_OR_PROOF_ASSISTANT_COMPONENT_DISCLOSED""], ""declarations"": [], ""elaboration_status"": ""NOT_APPLICABLE_OR_NOT_RUN"", ""exact_conclusion_match"": null, ""exact_hypothesis_match"": null, ""lab_or_test_evidence"": [], ""modules"": [], ""source_files"": [], ""statement_delta"": [""No imported module family was assigned to this paper at Step-2 intake.""], ""status"": ""PAPER_DISCLOSED_ASSET_NOT_IMPORTED"", ""trust_base"": []}","[""CG08"", ""CG13"", ""CG17""]"
P037-C0021,P037,open_problem,OPEN_PROBLEM_OR_DEFERRED_WORK,source/papers/Tsiokos_2026_Strict_Test_to_Event_Package_Admissibility_on_Fixed_Support_in_Six_Birds_Theory.tex:L644; derived/expanded/Tsiokos_2026_Strict_Test_to_Event_Package_Admissibility_on_Fixed_Support_in_Six_Birds_Theory.tex:L644,The proto-effect outcome lattice rung therefore requires further extension as future work.,PROSE_STATUS_OR_ARGUMENT_RECORD,"{""caveats"": [""FORMAL_OR_PROOF_ASSISTANT_COMPONENT_DISCLOSED""], ""declarations"": [], ""elaboration_status"": ""NOT_APPLICABLE_OR_NOT_RUN"", ""exact_conclusion_match"": null, ""exact_hypothesis_match"": null, ""lab_or_test_evidence"": [], ""modules"": [], ""source_files"": [], ""statement_delta"": [""No imported module family was assigned to this paper at Step-2 intake.""], ""status"": ""PAPER_DISCLOSED_ASSET_NOT_IMPORTED"", ""trust_base"": []}","[""CG08"", ""CG13"", ""CG17""]"
P037-C0024,P037,open_problem,OPEN_PROBLEM_OR_DEFERRED_WORK,source/papers/Tsiokos_2026_Strict_Test_to_Event_Package_Admissibility_on_Fixed_Support_in_Six_Birds_Theory.tex:L724; derived/expanded/Tsiokos_2026_Strict_Test_to_Event_Package_Admissibility_on_Fixed_Support_in_Six_Birds_Theory.tex:L724,The proto-effect outcome lattice rung is downstream of that event-level input and remains future work.,PROSE_STATUS_OR_ARGUMENT_RECORD,"{""caveats"": [""FORMAL_OR_PROOF_ASSISTANT_COMPONENT_DISCLOSED""], ""declarations"": [], ""elaboration_status"": ""NOT_APPLICABLE_OR_NOT_RUN"", ""exact_conclusion_match"": null, ""exact_hypothesis_match"": null, ""lab_or_test_evidence"": [], ""modules"": [], ""source_files"": [], ""statement_delta"": [""No imported module family was assigned to this paper at Step-2 intake.""], ""status"": ""PAPER_DISCLOSED_ASSET_NOT_IMPORTED"", ""trust_base"": []}","[""CG08"", ""CG13"", ""CG17""]"
P037-C0025,P037,open_problem,OPEN_PROBLEM_OR_DEFERRED_WORK,source/papers/Tsiokos_2026_Strict_Test_to_Event_Package_Admissibility_on_Fixed_Support_in_Six_Birds_Theory.tex:L746-L752; derived/expanded/Tsiokos_2026_Strict_Test_to_Event_Package_Admissibility_on_Fixed_Support_in_Six_Birds_Theory.tex:L746-L752,"Proto-effect, effect algebra, Born, composition: future work: The downstream structures named at the proto-effect outcome lattice rung are future-work targets in Paper 10, not negative results or hidden refutations. A proto-effect fragment would require accepted packages on which candidate operations can be probed. An effect algebra would require a proto-effect-level operation structure with enough closure and compatibility to support algebraic organization. A Born valuation would require an admissible valuation target over that event/proto-effect structure. Composition readiness would require enough accepted package and operation data to support lawful composition. None of these inputs is supplied by Paper 10, because the event-package candidate stage is upstream-blocked before any such downstream test can begin. The absence of proto-effect, effect-algebra, Born, and composition results is a structural input absence. Proto-effect probes inherit no support because no package is promoted and no accepted package is available as input ( ). These targets sit after accepted event-level records, package candidates, and promotion in the dependency order.",NAMED_SOURCE_SECTION_ARGUMENT,"{""caveats"": [""FORMAL_OR_PROOF_ASSISTANT_COMPONENT_DISCLOSED""], ""declarations"": [], ""elaboration_status"": ""NOT_APPLICABLE_OR_NOT_RUN"", ""exact_conclusion_match"": null, ""exact_hypothesis_match"": null, ""lab_or_test_evidence"": [], ""modules"": [], ""source_files"": [], ""statement_delta"": [""No imported module family was assigned to this paper at Step-2 intake.""], ""status"": ""PAPER_DISCLOSED_ASSET_NOT_IMPORTED"", ""trust_base"": []}","[""CG13""]"
P037-C0027,P037,open_problem,OPEN_PROBLEM_OR_DEFERRED_WORK,source/papers/Tsiokos_2026_Strict_Test_to_Event_Package_Admissibility_on_Fixed_Support_in_Six_Birds_Theory.tex:L760-L777; derived/expanded/Tsiokos_2026_Strict_Test_to_Event_Package_Admissibility_on_Fixed_Support_in_Six_Birds_Theory.tex:L760-L777,event-level control survival criterion construction. proto-effect outcome lattice rung (future work) requires further extension none Proto-effect operation structure,PROSE_STATUS_OR_ARGUMENT_RECORD,"{""caveats"": [""FORMAL_OR_PROOF_ASSISTANT_COMPONENT_DISCLOSED""], ""declarations"": [], ""elaboration_status"": ""NOT_APPLICABLE_OR_NOT_RUN"", ""exact_conclusion_match"": null, ""exact_hypothesis_match"": null, ""lab_or_test_evidence"": [], ""modules"": [], ""source_files"": [], ""statement_delta"": [""No imported module family was assigned to this paper at Step-2 intake.""], ""status"": ""PAPER_DISCLOSED_ASSET_NOT_IMPORTED"", ""trust_base"": []}","[""CG08"", ""CG13"", ""CG17""]"
P037-C0031,P037,open_problem,OPEN_PROBLEM_OR_DEFERRED_WORK,source/papers/Tsiokos_2026_Strict_Test_to_Event_Package_Admissibility_on_Fixed_Support_in_Six_Birds_Theory.tex:L836; derived/expanded/Tsiokos_2026_Strict_Test_to_Event_Package_Admissibility_on_Fixed_Support_in_Six_Birds_Theory.tex:L836,The proto-effect outcome lattice rung therefore requires further extension as future work.,PROSE_STATUS_OR_ARGUMENT_RECORD,"{""caveats"": [""FORMAL_OR_PROOF_ASSISTANT_COMPONENT_DISCLOSED""], ""declarations"": [], ""elaboration_status"": ""NOT_APPLICABLE_OR_NOT_RUN"", ""exact_conclusion_match"": null, ""exact_hypothesis_match"": null, ""lab_or_test_evidence"": [], ""modules"": [], ""source_files"": [], ""statement_delta"": [""No imported module family was assigned to this paper at Step-2 intake.""], ""status"": ""PAPER_DISCLOSED_ASSET_NOT_IMPORTED"", ""trust_base"": []}","[""CG08"", ""CG13"", ""CG17""]"
P037-C0035,P037,open_problem,OPEN_PROBLEM_OR_DEFERRED_WORK,source/papers/Tsiokos_2026_Strict_Test_to_Event_Package_Admissibility_on_Fixed_Support_in_Six_Birds_Theory.tex:L1011; derived/expanded/Tsiokos_2026_Strict_Test_to_Event_Package_Admissibility_on_Fixed_Support_in_Six_Birds_Theory.tex:L1011,This is the part of the result that would survive unchanged if future work later supplied the missing bridge-level subobject.,PROSE_STATUS_OR_ARGUMENT_RECORD,"{""caveats"": [""FORMAL_OR_PROOF_ASSISTANT_COMPONENT_DISCLOSED""], ""declarations"": [], ""elaboration_status"": ""NOT_APPLICABLE_OR_NOT_RUN"", ""exact_conclusion_match"": null, ""exact_hypothesis_match"": null, ""lab_or_test_evidence"": [], ""modules"": [], ""source_files"": [], ""statement_delta"": [""No imported module family was assigned to this paper at Step-2 intake.""], ""status"": ""PAPER_DISCLOSED_ASSET_NOT_IMPORTED"", ""trust_base"": []}","[""CG08"", ""CG13"", ""CG17""]"
P037-C0038,P037,open_problem,OPEN_PROBLEM_OR_DEFERRED_WORK,source/papers/Tsiokos_2026_Strict_Test_to_Event_Package_Admissibility_on_Fixed_Support_in_Six_Birds_Theory.tex:L1031-L1032; derived/expanded/Tsiokos_2026_Strict_Test_to_Event_Package_Admissibility_on_Fixed_Support_in_Six_Birds_Theory.tex:L1031-L1032,"the event-package candidate, proto-effect fragment, effect algebra, Born valuation, and composition readiness all remain future work",PROSE_STATUS_OR_ARGUMENT_RECORD,"{""caveats"": [""FORMAL_OR_PROOF_ASSISTANT_COMPONENT_DISCLOSED""], ""declarations"": [], ""elaboration_status"": ""NOT_APPLICABLE_OR_NOT_RUN"", ""exact_conclusion_match"": null, ""exact_hypothesis_match"": null, ""lab_or_test_evidence"": [], ""modules"": [], ""source_files"": [], ""statement_delta"": [""No imported module family was assigned to this paper at Step-2 intake.""], ""status"": ""PAPER_DISCLOSED_ASSET_NOT_IMPORTED"", ""trust_base"": []}","[""CG08"", ""CG13"", ""CG17""]"
P037-C0049,P037,open_problem,OPEN_PROBLEM_OR_DEFERRED_WORK,source/papers/Tsiokos_2026_Strict_Test_to_Event_Package_Admissibility_on_Fixed_Support_in_Six_Birds_Theory.tex:L1352; derived/expanded/Tsiokos_2026_Strict_Test_to_Event_Package_Admissibility_on_Fixed_Support_in_Six_Birds_Theory.tex:L1352,This remains downstream future work beyond the present proto-effect rung.,PROSE_STATUS_OR_ARGUMENT_RECORD,"{""caveats"": [""FORMAL_OR_PROOF_ASSISTANT_COMPONENT_DISCLOSED""], ""declarations"": [], ""elaboration_status"": ""NOT_APPLICABLE_OR_NOT_RUN"", ""exact_conclusion_match"": null, ""exact_hypothesis_match"": null, ""lab_or_test_evidence"": [], ""modules"": [], ""source_files"": [], ""statement_delta"": [""No imported module family was assigned to this paper at Step-2 intake.""], ""status"": ""PAPER_DISCLOSED_ASSET_NOT_IMPORTED"", ""trust_base"": []}","[""CG08"", ""CG13"", ""CG17""]"
P025-C0002,P025,open_problem,OPEN_PROBLEM_OR_DEFERRED_WORK,source/papers/Tsiokos_2026_Self_Dual_Trace_Confinement_A_Six_Birds_Structural_Law_for_Formed_Closures_Under_Involutive_Self_Duality.tex:L271-L274; derived/expanded/Tsiokos_2026_Self_Dual_Trace_Confinement_A_Six_Birds_Structural_Law_for_Formed_Closures_Under_Involutive_Self_Duality.tex:L271-L274,"Cross-substrate examples such as CPT symmetry, gauge invariance, particle–antiparticle duality, quantum self-adjointness, and function-field analogues are structural predictions and validation targets for future work, not theorems established here.",PROSE_STATUS_OR_ARGUMENT_RECORD,"{""caveats"": [""FORMAL_OR_PROOF_ASSISTANT_COMPONENT_DISCLOSED""], ""declarations"": [], ""elaboration_status"": ""NOT_APPLICABLE_OR_NOT_RUN"", ""exact_conclusion_match"": null, ""exact_hypothesis_match"": null, ""lab_or_test_evidence"": [], ""modules"": [], ""source_files"": [], ""statement_delta"": [""No imported module family was assigned to this paper at Step-2 intake.""], ""status"": ""PAPER_DISCLOSED_ASSET_NOT_IMPORTED"", ""trust_base"": []}","[""CG11"", ""CG12"", ""CG18"", ""CG22""]"
P025-C0020,P025,open_problem,OPEN_PROBLEM_OR_DEFERRED_WORK,source/papers/Tsiokos_2026_Self_Dual_Trace_Confinement_A_Six_Birds_Structural_Law_for_Formed_Closures_Under_Involutive_Self_Duality.tex:L1296-L1302; derived/expanded/Tsiokos_2026_Self_Dual_Trace_Confinement_A_Six_Birds_Structural_Law_for_Formed_Closures_Under_Involutive_Self_Duality.tex:L1296-L1302,Future work.,PROSE_STATUS_OR_ARGUMENT_RECORD,"{""caveats"": [""FORMAL_OR_PROOF_ASSISTANT_COMPONENT_DISCLOSED""], ""declarations"": [], ""elaboration_status"": ""NOT_APPLICABLE_OR_NOT_RUN"", ""exact_conclusion_match"": null, ""exact_hypothesis_match"": null, ""lab_or_test_evidence"": [], ""modules"": [], ""source_files"": [], ""statement_delta"": [""No imported module family was assigned to this paper at Step-2 intake.""], ""status"": ""PAPER_DISCLOSED_ASSET_NOT_IMPORTED"", ""trust_base"": []}","[""CG11"", ""CG12"", ""CG18"", ""CG22""]"
P025-C0021,P025,open_problem,OPEN_PROBLEM_OR_DEFERRED_WORK,source/papers/Tsiokos_2026_Self_Dual_Trace_Confinement_A_Six_Birds_Structural_Law_for_Formed_Closures_Under_Involutive_Self_Duality.tex:L1296-L1332; derived/expanded/Tsiokos_2026_Self_Dual_Trace_Confinement_A_Six_Birds_Structural_Law_for_Formed_Closures_Under_Involutive_Self_Duality.tex:L1296-L1332,"Future work.: The first extension target is an operator-theoretic realization of the typed cone. One would instantiate the cone with positive trace-class operators on a Hilbert space, prove the trace identity and positivity-to-zero inside that setting, and connect the Douglas factorization carrier used here to the usual range inclusion theorem for bounded Hilbert-space operators. The second extension target is scalar arithmetic. The optimized trace budget currently tracks the AM–GM step through a typed-scalar hypothesis. A stronger treatment would introduce enough typed real-arithmetic structure to express ( a - b )^2≥0 and derive AM–GM internally rather than using it as a supplied scalar fact.",NAMED_SOURCE_SECTION_ARGUMENT,"{""caveats"": [""FORMAL_OR_PROOF_ASSISTANT_COMPONENT_DISCLOSED""], ""declarations"": [], ""elaboration_status"": ""NOT_APPLICABLE_OR_NOT_RUN"", ""exact_conclusion_match"": null, ""exact_hypothesis_match"": null, ""lab_or_test_evidence"": [], ""modules"": [], ""source_files"": [], ""statement_delta"": [""No imported module family was assigned to this paper at Step-2 intake.""], ""status"": ""PAPER_DISCLOSED_ASSET_NOT_IMPORTED"", ""trust_base"": []}","[""CG11"", ""CG12"", ""CG18"", ""CG22""]"
P045-C0003,P045,open_problem,OPEN_PROBLEM_OR_DEFERRED_WORK,source/papers/Tsiokos_2026_To_Classify_a_Stone_with_Six_Birds_Primitive_Activation_and_Observable_Separation_of_Layer_Birth_Classes.tex:L98-L100; derived/expanded/Tsiokos_2026_To_Classify_a_Stone_with_Six_Birds_Primitive_Activation_and_Observable_Separation_of_Layer_Birth_Classes.tex:L98-L100,"Section discusses scope, limitations, and what remains open.",PROSE_STATUS_OR_ARGUMENT_RECORD,"{""caveats"": [""NO_DEDICATED_FORMAL_COMPONENT_LOCATED_AT_SURVEY_DEPTH""], ""declarations"": [], ""elaboration_status"": ""NOT_APPLICABLE_OR_NOT_RUN"", ""exact_conclusion_match"": null, ""exact_hypothesis_match"": null, ""lab_or_test_evidence"": [], ""modules"": [], ""source_files"": [], ""statement_delta"": [""No imported module family was assigned to this paper at Step-2 intake.""], ""status"": ""NO_MATCH"", ""trust_base"": []}","[""CG02"", ""CG14"", ""CG15""]"
P045-C0006,P045,open_problem,OPEN_PROBLEM_OR_DEFERRED_WORK,source/papers/Tsiokos_2026_To_Classify_a_Stone_with_Six_Birds_Primitive_Activation_and_Observable_Separation_of_Layer_Birth_Classes.tex:L397; derived/expanded/Tsiokos_2026_To_Classify_a_Stone_with_Six_Birds_Primitive_Activation_and_Observable_Separation_of_Layer_Birth_Classes.tex:L397,That is why this paper presents the map as the main synthetic payoff and treats exponent-level universality as future work rather than as a completed result.,PROSE_STATUS_OR_ARGUMENT_RECORD,"{""caveats"": [""NO_DEDICATED_FORMAL_COMPONENT_LOCATED_AT_SURVEY_DEPTH""], ""declarations"": [], ""elaboration_status"": ""NOT_APPLICABLE_OR_NOT_RUN"", ""exact_conclusion_match"": null, ""exact_hypothesis_match"": null, ""lab_or_test_evidence"": [], ""modules"": [], ""source_files"": [], ""statement_delta"": [""No imported module family was assigned to this paper at Step-2 intake.""], ""status"": ""NO_MATCH"", ""trust_base"": []}","[""CG02"", ""CG14"", ""CG15""]"
P045-C0009,P045,open_problem,OPEN_PROBLEM_OR_DEFERRED_WORK,source/papers/Tsiokos_2026_To_Classify_a_Stone_with_Six_Birds_Primitive_Activation_and_Observable_Separation_of_Layer_Birth_Classes.tex:L438-L440; derived/expanded/Tsiokos_2026_To_Classify_a_Stone_with_Six_Birds_Primitive_Activation_and_Observable_Separation_of_Layer_Birth_Classes.tex:L438-L440,"What remains open is therefore clear. The paper leaves the field with a controlled rubric, a confirmed set of low-complexity classes, and an observable map that future work will have to respect.",PROSE_STATUS_OR_ARGUMENT_RECORD,"{""caveats"": [""NO_DEDICATED_FORMAL_COMPONENT_LOCATED_AT_SURVEY_DEPTH""], ""declarations"": [], ""elaboration_status"": ""NOT_APPLICABLE_OR_NOT_RUN"", ""exact_conclusion_match"": null, ""exact_hypothesis_match"": null, ""lab_or_test_evidence"": [], ""modules"": [], ""source_files"": [], ""statement_delta"": [""No imported module family was assigned to this paper at Step-2 intake.""], ""status"": ""NO_MATCH"", ""trust_base"": []}","[""CG02"", ""CG14"", ""CG15""]"
P038-C0023,P038,open_problem,OPEN_PROBLEM_OR_DEFERRED_WORK,source/papers/Tsiokos_2026_Strict_Theory_Extension_on_a_Lawful_Continuous_Cantor_Shell.tex:L885-L886; derived/expanded/Tsiokos_2026_Strict_Theory_Extension_on_a_Lawful_Continuous_Cantor_Shell.tex:L885-L886,Discussion and future work,PROSE_STATUS_OR_ARGUMENT_RECORD,"{""caveats"": [""NO_DEDICATED_PROOF_ASSISTANT_COMPONENT_LOCATED""], ""declarations"": [], ""elaboration_status"": ""NOT_APPLICABLE_OR_NOT_RUN"", ""exact_conclusion_match"": null, ""exact_hypothesis_match"": null, ""lab_or_test_evidence"": [], ""modules"": [], ""source_files"": [], ""statement_delta"": [""No imported module family was assigned to this paper at Step-2 intake.""], ""status"": ""NO_MATCH"", ""trust_base"": []}","[""CG15""]"
P038-C0024,P038,open_problem,OPEN_PROBLEM_OR_DEFERRED_WORK,source/papers/Tsiokos_2026_Strict_Theory_Extension_on_a_Lawful_Continuous_Cantor_Shell.tex:L886-L890; derived/expanded/Tsiokos_2026_Strict_Theory_Extension_on_a_Lawful_Continuous_Cantor_Shell.tex:L886-L890,"Discussion and future work: The theorem package proved in this paper is intentionally narrow in scope and correspondingly strong in closure. The main result is not a broad theorem about all context-dependent Cantor systems, nor a shell-general theorem, nor a theorem of non-SFT breadth. It is a closed package on an audited shell-stable class for a canonical hybrid Cantor object. The mathematical novelty is therefore a theorem of theory depth rather than a theorem of broad family coverage.",NAMED_SOURCE_SECTION_ARGUMENT,"{""caveats"": [""NO_DEDICATED_PROOF_ASSISTANT_COMPONENT_LOCATED""], ""declarations"": [], ""elaboration_status"": ""NOT_APPLICABLE_OR_NOT_RUN"", ""exact_conclusion_match"": null, ""exact_hypothesis_match"": null, ""lab_or_test_evidence"": [], ""modules"": [], ""source_files"": [], ""statement_delta"": [""No imported module family was assigned to this paper at Step-2 intake.""], ""status"": ""NO_MATCH"", ""trust_base"": []}","[""CG15""]"
P038-C0027,P038,open_problem,OPEN_PROBLEM_OR_DEFERRED_WORK,source/papers/Tsiokos_2026_Strict_Theory_Extension_on_a_Lawful_Continuous_Cantor_Shell.tex:L929-L930; derived/expanded/Tsiokos_2026_Strict_Theory_Extension_on_a_Lawful_Continuous_Cantor_Shell.tex:L929-L930,Whether the extension and disintegration theoremlets can be widened to a larger shell or a more canonical class remains open.,PROSE_STATUS_OR_ARGUMENT_RECORD,"{""caveats"": [""NO_DEDICATED_PROOF_ASSISTANT_COMPONENT_LOCATED""], ""declarations"": [], ""elaboration_status"": ""NOT_APPLICABLE_OR_NOT_RUN"", ""exact_conclusion_match"": null, ""exact_hypothesis_match"": null, ""lab_or_test_evidence"": [], ""modules"": [], ""source_files"": [], ""statement_delta"": [""No imported module family was assigned to this paper at Step-2 intake.""], ""status"": ""NO_MATCH"", ""trust_base"": []}","[""CG15""]"
P038-C0028,P038,open_problem,OPEN_PROBLEM_OR_DEFERRED_WORK,source/papers/Tsiokos_2026_Strict_Theory_Extension_on_a_Lawful_Continuous_Cantor_Shell.tex:L932-L933; derived/expanded/Tsiokos_2026_Strict_Theory_Extension_on_a_Lawful_Continuous_Cantor_Shell.tex:L932-L933,That remains future work.,PROSE_STATUS_OR_ARGUMENT_RECORD,"{""caveats"": [""NO_DEDICATED_PROOF_ASSISTANT_COMPONENT_LOCATED""], ""declarations"": [], ""elaboration_status"": ""NOT_APPLICABLE_OR_NOT_RUN"", ""exact_conclusion_match"": null, ""exact_hypothesis_match"": null, ""lab_or_test_evidence"": [], ""modules"": [], ""source_files"": [], ""statement_delta"": [""No imported module family was assigned to this paper at Step-2 intake.""], ""status"": ""NO_MATCH"", ""trust_base"": []}","[""CG15""]"
P038-C0031,P038,open_problem,OPEN_PROBLEM_OR_DEFERRED_WORK,source/papers/Tsiokos_2026_Strict_Theory_Extension_on_a_Lawful_Continuous_Cantor_Shell.tex:L938-L939; derived/expanded/Tsiokos_2026_Strict_Theory_Extension_on_a_Lawful_Continuous_Cantor_Shell.tex:L938-L939,Whether stronger package-conditioned or measure-theoretic consequences can be obtained remains open.,PROSE_STATUS_OR_ARGUMENT_RECORD,"{""caveats"": [""NO_DEDICATED_PROOF_ASSISTANT_COMPONENT_LOCATED""], ""declarations"": [], ""elaboration_status"": ""NOT_APPLICABLE_OR_NOT_RUN"", ""exact_conclusion_match"": null, ""exact_hypothesis_match"": null, ""lab_or_test_evidence"": [], ""modules"": [], ""source_files"": [], ""statement_delta"": [""No imported module family was assigned to this paper at Step-2 intake.""], ""status"": ""NO_MATCH"", ""trust_base"": []}","[""CG15""]"
P038-C0032,P038,open_problem,OPEN_PROBLEM_OR_DEFERRED_WORK,source/papers/Tsiokos_2026_Strict_Theory_Extension_on_a_Lawful_Continuous_Cantor_Shell.tex:L941-L959; derived/expanded/Tsiokos_2026_Strict_Theory_Extension_on_a_Lawful_Continuous_Cantor_Shell.tex:L941-L959,Future work: There are four natural future directions. Broader shell stability. One can ask whether the audited shell can be widened while preserving all four theoremlets simultaneously.,NAMED_SOURCE_SECTION_ARGUMENT,"{""caveats"": [""NO_DEDICATED_PROOF_ASSISTANT_COMPONENT_LOCATED""], ""declarations"": [], ""elaboration_status"": ""NOT_APPLICABLE_OR_NOT_RUN"", ""exact_conclusion_match"": null, ""exact_hypothesis_match"": null, ""lab_or_test_evidence"": [], ""modules"": [], ""source_files"": [], ""statement_delta"": [""No imported module family was assigned to this paper at Step-2 intake.""], ""status"": ""NO_MATCH"", ""trust_base"": []}","[""CG15""]"
P038-C0033,P038,open_problem,OPEN_PROBLEM_OR_DEFERRED_WORK,source/papers/Tsiokos_2026_Strict_Theory_Extension_on_a_Lawful_Continuous_Cantor_Shell.tex:L961; derived/expanded/Tsiokos_2026_Strict_Theory_Extension_on_a_Lawful_Continuous_Cantor_Shell.tex:L961,"If future work succeeds, the natural direction is not to abandon this object in favor of a broader but weaker statement, but to widen the class while preserving the same object-level architecture.",PROSE_STATUS_OR_ARGUMENT_RECORD,"{""caveats"": [""NO_DEDICATED_PROOF_ASSISTANT_COMPONENT_LOCATED""], ""declarations"": [], ""elaboration_status"": ""NOT_APPLICABLE_OR_NOT_RUN"", ""exact_conclusion_match"": null, ""exact_hypothesis_match"": null, ""lab_or_test_evidence"": [], ""modules"": [], ""source_files"": [], ""statement_delta"": [""No imported module family was assigned to this paper at Step-2 intake.""], ""status"": ""NO_MATCH"", ""trust_base"": []}","[""CG15""]"
P043-C0009,P043,open_problem,OPEN_PROBLEM_OR_DEFERRED_WORK,source/papers/Tsiokos_2026_To_Chart_a_Stone_with_Six_Birds_Emergence_Phase_Diagrams_for_Effective_Theories_in_Control_Space.tex:L998-L999; derived/expanded/Tsiokos_2026_To_Chart_a_Stone_with_Six_Birds_Emergence_Phase_Diagrams_for_Effective_Theories_in_Control_Space.tex:L998-L999,Nor does it treat optional future work as pending evidence.,PROSE_STATUS_OR_ARGUMENT_RECORD,"{""caveats"": [""FORMAL_OR_PROOF_ASSISTANT_COMPONENT_DISCLOSED""], ""declarations"": [], ""elaboration_status"": ""NOT_APPLICABLE_OR_NOT_RUN"", ""exact_conclusion_match"": null, ""exact_hypothesis_match"": null, ""lab_or_test_evidence"": [], ""modules"": [], ""source_files"": [], ""statement_delta"": [""No imported module family was assigned to this paper at Step-2 intake.""], ""status"": ""PAPER_DISCLOSED_ASSET_NOT_IMPORTED"", ""trust_base"": []}","[""CG14"", ""CG15""]"
P005-C0009,P005,open_problem,OPEN_PROBLEM_OR_DEFERRED_WORK,source/papers/Tsiokos_2026_An_Audited_Closure_Architecture_for_Consciousness_Exact_Finite_Models_Structural_Theorems_and_Conditional_Realization.tex:L338-L356; derived/expanded/Tsiokos_2026_An_Audited_Closure_Architecture_for_Consciousness_Exact_Finite_Models_Structural_Theorems_and_Conditional_Realization.tex:L338-L356,"no derivation ``proposes,'' ``recognizes,'' ``interprets, conditional on'' treating the mapping as derived or measured [O] conditional ontological implication named postulates plus a mechanized conditional theorem ``implies after assuming,'' ``is conditional on,'' ``purchases'' detaching the conclusion from its premises [OPEN] stated, unachieved target explicit negative markers in the artifact ``remains open,'' ``is not exhibited'' ``follows in principle,'' ``is nearly proved'' Tbl-1: claim-grade legend.",PROSE_STATUS_OR_ARGUMENT_RECORD,"{""caveats"": [""FORMAL_OR_PROOF_ASSISTANT_COMPONENT_DISCLOSED""], ""declarations"": [], ""elaboration_status"": ""NOT_APPLICABLE_OR_NOT_RUN"", ""exact_conclusion_match"": null, ""exact_hypothesis_match"": null, ""lab_or_test_evidence"": [], ""modules"": [], ""source_files"": [], ""statement_delta"": [""No imported module family was assigned to this paper at Step-2 intake.""], ""status"": ""PAPER_DISCLOSED_ASSET_NOT_IMPORTED"", ""trust_base"": []}","[""CG14"", ""CG16"", ""CG26""]"
P005-C0032,P005,open_problem,OPEN_PROBLEM_OR_DEFERRED_WORK,source/papers/Tsiokos_2026_An_Audited_Closure_Architecture_for_Consciousness_Exact_Finite_Models_Structural_Theorems_and_Conditional_Realization.tex:L1073-L1076; derived/expanded/Tsiokos_2026_An_Audited_Closure_Architecture_for_Consciousness_Exact_Finite_Models_Structural_Theorems_and_Conditional_Realization.tex:L1073-L1076,"T4c, the reading that achieving the closures is realization rather than imitation, is [O] and is deferred entirely to the conditional bridge of Section",PROSE_STATUS_OR_ARGUMENT_RECORD,"{""caveats"": [""FORMAL_OR_PROOF_ASSISTANT_COMPONENT_DISCLOSED""], ""declarations"": [], ""elaboration_status"": ""NOT_APPLICABLE_OR_NOT_RUN"", ""exact_conclusion_match"": null, ""exact_hypothesis_match"": null, ""lab_or_test_evidence"": [], ""modules"": [], ""source_files"": [], ""statement_delta"": [""No imported module family was assigned to this paper at Step-2 intake.""], ""status"": ""PAPER_DISCLOSED_ASSET_NOT_IMPORTED"", ""trust_base"": []}","[""CG14"", ""CG16"", ""CG26""]"
P005-C0055,P005,open_problem,OPEN_PROBLEM_OR_DEFERRED_WORK,source/papers/Tsiokos_2026_An_Audited_Closure_Architecture_for_Consciousness_Exact_Finite_Models_Structural_Theorems_and_Conditional_Realization.tex:L1566-L1617; derived/expanded/Tsiokos_2026_An_Audited_Closure_Architecture_for_Consciousness_Exact_Finite_Models_Structural_Theorems_and_Conditional_Realization.tex:L1566-L1617,"This is an explicitly simplified approximation of T4b's demarcation target, not the full-certificate relation, which remains open until a full certificate exists.",PROSE_STATUS_OR_ARGUMENT_RECORD,"{""caveats"": [""FORMAL_OR_PROOF_ASSISTANT_COMPONENT_DISCLOSED""], ""declarations"": [], ""elaboration_status"": ""NOT_APPLICABLE_OR_NOT_RUN"", ""exact_conclusion_match"": null, ""exact_hypothesis_match"": null, ""lab_or_test_evidence"": [], ""modules"": [], ""source_files"": [], ""statement_delta"": [""No imported module family was assigned to this paper at Step-2 intake.""], ""status"": ""PAPER_DISCLOSED_ASSET_NOT_IMPORTED"", ""trust_base"": []}","[""CG14"", ""CG16"", ""CG26""]"
P005-C0057,P005,open_problem,OPEN_PROBLEM_OR_DEFERRED_WORK,source/papers/Tsiokos_2026_An_Audited_Closure_Architecture_for_Consciousness_Exact_Finite_Models_Structural_Theorems_and_Conditional_Realization.tex:L1774-L1795; derived/expanded/Tsiokos_2026_An_Audited_Closure_Architecture_for_Consciousness_Exact_Finite_Models_Structural_Theorems_and_Conditional_Realization.tex:L1774-L1795,"These are obligations for future work, not results, and the rows are illustrative targets: every field must be frozen prospectively before any data contact.",PROSE_STATUS_OR_ARGUMENT_RECORD,"{""caveats"": [""FORMAL_OR_PROOF_ASSISTANT_COMPONENT_DISCLOSED""], ""declarations"": [], ""elaboration_status"": ""NOT_APPLICABLE_OR_NOT_RUN"", ""exact_conclusion_match"": null, ""exact_hypothesis_match"": null, ""lab_or_test_evidence"": [], ""modules"": [], ""source_files"": [], ""statement_delta"": [""No imported module family was assigned to this paper at Step-2 intake.""], ""status"": ""PAPER_DISCLOSED_ASSET_NOT_IMPORTED"", ""trust_base"": []}","[""CG14"", ""CG16"", ""CG26""]"
P055-C0040,P055,open_problem,OPEN_PROBLEM_OR_DEFERRED_WORK,source/papers/Tsiokos_2026_To_Throw_a_Stone_with_Six_Birds_On_Agents_and_Agenthood.tex:L711-L712; derived/expanded/Tsiokos_2026_To_Throw_a_Stone_with_Six_Birds_On_Agents_and_Agenthood.tex:L711-L712,Outlook Three directions follow naturally.,PROSE_STATUS_OR_ARGUMENT_RECORD,"{""caveats"": [""FORMAL_OR_PROOF_ASSISTANT_COMPONENT_DISCLOSED""], ""declarations"": [], ""elaboration_status"": ""NOT_APPLICABLE_OR_NOT_RUN"", ""exact_conclusion_match"": null, ""exact_hypothesis_match"": null, ""lab_or_test_evidence"": [], ""modules"": [], ""source_files"": [], ""statement_delta"": [""No imported module family was assigned to this paper at Step-2 intake.""], ""status"": ""PAPER_DISCLOSED_ASSET_NOT_IMPORTED"", ""trust_base"": []}","[""CG14"", ""CG16"", ""CG20"", ""CG26""]"
P055-C0041,P055,open_problem,OPEN_PROBLEM_OR_DEFERRED_WORK,source/papers/Tsiokos_2026_To_Throw_a_Stone_with_Six_Birds_On_Agents_and_Agenthood.tex:L711-L714; derived/expanded/Tsiokos_2026_To_Throw_a_Stone_with_Six_Birds_On_Agents_and_Agenthood.tex:L711-L714,"Outlook: Three directions follow naturally. First, extend the substrate to multi-agent settings where P _2 constraints and P _4 tokens can encode commitments, ownership, and norms. Second, move from exact kernels to approximate learned models while preserving the audit posture (hashing, manifests, and invariants). Third, explore alternative causal proxies (risk-sensitive empowerment, reachability volumes, intervention-based causal effect sizes) and characterize when they agree or disagree.",NAMED_SOURCE_SECTION_ARGUMENT,"{""caveats"": [""FORMAL_OR_PROOF_ASSISTANT_COMPONENT_DISCLOSED""], ""declarations"": [], ""elaboration_status"": ""NOT_APPLICABLE_OR_NOT_RUN"", ""exact_conclusion_match"": null, ""exact_hypothesis_match"": null, ""lab_or_test_evidence"": [], ""modules"": [], ""source_files"": [], ""statement_delta"": [""No imported module family was assigned to this paper at Step-2 intake.""], ""status"": ""PAPER_DISCLOSED_ASSET_NOT_IMPORTED"", ""trust_base"": []}","[""CG14"", ""CG16"", ""CG20"", ""CG26""]"
P044-C0003,P044,open_problem,OPEN_PROBLEM_OR_DEFERRED_WORK,source/papers/Tsiokos_2026_To_Chat_a_Stone_with_Six_Birds_Language_Theory_Models.tex:L65; derived/expanded/Tsiokos_2026_To_Chat_a_Stone_with_Six_Birds_Language_Theory_Models.tex:L65,"This paper studies constructive bottom-up native growth on a static-parent substrate: it operates in a frozen-parent regime, with live parent dynamics deferred to future work, and with bidirectional inter-layer substrate flow not modelled. states these as limitations rather than treating them as implementation details.",PROSE_STATUS_OR_ARGUMENT_RECORD,"{""caveats"": [""FORMAL_OR_PROOF_ASSISTANT_COMPONENT_DISCLOSED""], ""declarations"": [], ""elaboration_status"": ""NOT_APPLICABLE_OR_NOT_RUN"", ""exact_conclusion_match"": null, ""exact_hypothesis_match"": null, ""lab_or_test_evidence"": [], ""modules"": [], ""source_files"": [], ""statement_delta"": [""No imported module family was assigned to this paper at Step-2 intake.""], ""status"": ""PAPER_DISCLOSED_ASSET_NOT_IMPORTED"", ""trust_base"": []}","[""CG09"", ""CG16"", ""CG20"", ""CG26""]"
P044-C0011,P044,open_problem,OPEN_PROBLEM_OR_DEFERRED_WORK,source/papers/Tsiokos_2026_To_Chat_a_Stone_with_Six_Birds_Language_Theory_Models.tex:L115-L116; derived/expanded/Tsiokos_2026_To_Chat_a_Stone_with_Six_Birds_Language_Theory_Models.tex:L115-L116,Other relation kinds are deferred to future work and appear as paper-level limitations in,PROSE_STATUS_OR_ARGUMENT_RECORD,"{""caveats"": [""FORMAL_OR_PROOF_ASSISTANT_COMPONENT_DISCLOSED""], ""declarations"": [], ""elaboration_status"": ""NOT_APPLICABLE_OR_NOT_RUN"", ""exact_conclusion_match"": null, ""exact_hypothesis_match"": null, ""lab_or_test_evidence"": [], ""modules"": [], ""source_files"": [], ""statement_delta"": [""No imported module family was assigned to this paper at Step-2 intake.""], ""status"": ""PAPER_DISCLOSED_ASSET_NOT_IMPORTED"", ""trust_base"": []}","[""CG09"", ""CG16"", ""CG20"", ""CG26""]"
P044-C0019,P044,open_problem,OPEN_PROBLEM_OR_DEFERRED_WORK,source/papers/Tsiokos_2026_To_Chat_a_Stone_with_Six_Birds_Language_Theory_Models.tex:L259-L260; derived/expanded/Tsiokos_2026_To_Chat_a_Stone_with_Six_Birds_Language_Theory_Models.tex:L259-L260,"Both halves are deferred to future work as a joint pair, because unfreezing parents without bidirectional flow models a half-loop no published characterization covers, with the underlying causation/enablement distinction following",PROSE_STATUS_OR_ARGUMENT_RECORD,"{""caveats"": [""FORMAL_OR_PROOF_ASSISTANT_COMPONENT_DISCLOSED""], ""declarations"": [], ""elaboration_status"": ""NOT_APPLICABLE_OR_NOT_RUN"", ""exact_conclusion_match"": null, ""exact_hypothesis_match"": null, ""lab_or_test_evidence"": [], ""modules"": [], ""source_files"": [], ""statement_delta"": [""No imported module family was assigned to this paper at Step-2 intake.""], ""status"": ""PAPER_DISCLOSED_ASSET_NOT_IMPORTED"", ""trust_base"": []}","[""CG09"", ""CG16"", ""CG20"", ""CG26""]"
P044-C0020,P044,open_problem,OPEN_PROBLEM_OR_DEFERRED_WORK,source/papers/Tsiokos_2026_To_Chat_a_Stone_with_Six_Birds_Language_Theory_Models.tex:L262; derived/expanded/Tsiokos_2026_To_Chat_a_Stone_with_Six_Birds_Language_Theory_Models.tex:L262,"the deferred parent-dynamics and bidirectional-flow halves of the framework remain as joint future work, and this paper does not claim either half in isolation.",PROSE_STATUS_OR_ARGUMENT_RECORD,"{""caveats"": [""FORMAL_OR_PROOF_ASSISTANT_COMPONENT_DISCLOSED""], ""declarations"": [], ""elaboration_status"": ""NOT_APPLICABLE_OR_NOT_RUN"", ""exact_conclusion_match"": null, ""exact_hypothesis_match"": null, ""lab_or_test_evidence"": [], ""modules"": [], ""source_files"": [], ""statement_delta"": [""No imported module family was assigned to this paper at Step-2 intake.""], ""status"": ""PAPER_DISCLOSED_ASSET_NOT_IMPORTED"", ""trust_base"": []}","[""CG20""]"
P013-C0004,P013,open_problem,OPEN_PROBLEM_OR_DEFERRED_WORK,source/papers/Tsiokos_2026_Institutions_Are_Strict_Extensions_of_the_Game.tex:L402-L417; derived/expanded/Tsiokos_2026_Institutions_Are_Strict_Extensions_of_the_Game.tex:L402-L417,"The precise novelty conjunction is deferred to , after the carrier, run-layer, and data results are on the table.",PROSE_STATUS_OR_ARGUMENT_RECORD,"{""caveats"": [""FINITE_RECOMPUTATION_EXPLICITLY_NOT_PROOF_ASSISTANT""], ""declarations"": [], ""elaboration_status"": ""NOT_APPLICABLE_OR_NOT_RUN"", ""exact_conclusion_match"": null, ""exact_hypothesis_match"": null, ""lab_or_test_evidence"": [], ""modules"": [], ""source_files"": [], ""statement_delta"": [""No imported module family was assigned to this paper at Step-2 intake.""], ""status"": ""PAPER_DISCLOSED_ASSET_NOT_IMPORTED"", ""trust_base"": []}","[""CG09"", ""CG14"", ""CG16"", ""CG20"", ""CG26""]"
P013-C0005,P013,open_problem,OPEN_PROBLEM_OR_DEFERRED_WORK,source/papers/Tsiokos_2026_Institutions_Are_Strict_Extensions_of_the_Game.tex:L516-L533; derived/expanded/Tsiokos_2026_Institutions_Are_Strict_Extensions_of_the_Game.tex:L516-L533,the artifact and reproducibility map is deferred to .,PROSE_STATUS_OR_ARGUMENT_RECORD,"{""caveats"": [""FINITE_RECOMPUTATION_EXPLICITLY_NOT_PROOF_ASSISTANT""], ""declarations"": [], ""elaboration_status"": ""NOT_APPLICABLE_OR_NOT_RUN"", ""exact_conclusion_match"": null, ""exact_hypothesis_match"": null, ""lab_or_test_evidence"": [], ""modules"": [], ""source_files"": [], ""statement_delta"": [""No imported module family was assigned to this paper at Step-2 intake.""], ""status"": ""PAPER_DISCLOSED_ASSET_NOT_IMPORTED"", ""trust_base"": []}","[""CG09"", ""CG14"", ""CG16"", ""CG20"", ""CG26""]"
P013-C0030,P013,open_problem,OPEN_PROBLEM_OR_DEFERRED_WORK,source/papers/Tsiokos_2026_Institutions_Are_Strict_Extensions_of_the_Game.tex:L1417-L1432; derived/expanded/Tsiokos_2026_Institutions_Are_Strict_Extensions_of_the_Game.tex:L1417-L1432,"Discussion, scope, and outlook",PROSE_STATUS_OR_ARGUMENT_RECORD,"{""caveats"": [""FINITE_RECOMPUTATION_EXPLICITLY_NOT_PROOF_ASSISTANT""], ""declarations"": [], ""elaboration_status"": ""NOT_APPLICABLE_OR_NOT_RUN"", ""exact_conclusion_match"": null, ""exact_hypothesis_match"": null, ""lab_or_test_evidence"": [], ""modules"": [], ""source_files"": [], ""statement_delta"": [""No imported module family was assigned to this paper at Step-2 intake.""], ""status"": ""PAPER_DISCLOSED_ASSET_NOT_IMPORTED"", ""trust_base"": []}","[""CG09"", ""CG14"", ""CG16"", ""CG20"", ""CG26""]"
P013-C0032,P013,open_problem,OPEN_PROBLEM_OR_DEFERRED_WORK,source/papers/Tsiokos_2026_Institutions_Are_Strict_Extensions_of_the_Game.tex:L1464-L1479; derived/expanded/Tsiokos_2026_Institutions_Are_Strict_Extensions_of_the_Game.tex:L1464-L1479,Outlook.,PROSE_STATUS_OR_ARGUMENT_RECORD,"{""caveats"": [""FINITE_RECOMPUTATION_EXPLICITLY_NOT_PROOF_ASSISTANT""], ""declarations"": [], ""elaboration_status"": ""NOT_APPLICABLE_OR_NOT_RUN"", ""exact_conclusion_match"": null, ""exact_hypothesis_match"": null, ""lab_or_test_evidence"": [], ""modules"": [], ""source_files"": [], ""statement_delta"": [""No imported module family was assigned to this paper at Step-2 intake.""], ""status"": ""PAPER_DISCLOSED_ASSET_NOT_IMPORTED"", ""trust_base"": []}","[""CG09"", ""CG14"", ""CG16"", ""CG20"", ""CG26""]"
P013-C0033,P013,open_problem,OPEN_PROBLEM_OR_DEFERRED_WORK,source/papers/Tsiokos_2026_Institutions_Are_Strict_Extensions_of_the_Game.tex:L1464-L1497; derived/expanded/Tsiokos_2026_Institutions_Are_Strict_Extensions_of_the_Game.tex:L1464-L1497,"Outlook.: The most direct next construction is a within-agent learning or acquisition carrier, in which the individual agent is treated as a carrier object in the sense of the Six Birds treatment of agency . The failed crystallization bridge in shows that experience-as-composition selection makes the finite carrier more homogeneous and more stage-predictable, whereas the data show history-dependence growing with experience. A carrier in which individual agents acquire conditional rules over their own histories would test the mechanism that this contrast leaves open. A second direction is a broader family of noisy and dissipative carriers, to map route memory beyond the tested noise grid and to learn when currentizable traces become genuinely coherent. A third is to enlarge the strategic and payoff substrate: richer automata, larger action spaces, asymmetric games, and longer public signals would test which carrier facts persist and which are artifacts of the minimal catalog. The run layer also invites a bounded-rationality connection. The imitation dynamics used here contain a logit-style temperature parameter; in a maximum-entropy or shadow-price reading, such a parameter can be interpreted as the dual of a binding cognitive or informational budget rather than a free behavioral knob . That connection is only an opening in this paper, but it suggests how run-only constants might be tied to explicit resource constraints. On the empirical side, the immediate extension is broader pre-registered testing of the residue hypothesis and the timing reversal on other repeated-game datasets, with the same discipline: hypotheses, predictors, bands, folds, and amendments fixed before outcome analysis.",NAMED_SOURCE_SECTION_ARGUMENT,"{""caveats"": [""FINITE_RECOMPUTATION_EXPLICITLY_NOT_PROOF_ASSISTANT""], ""declarations"": [], ""elaboration_status"": ""NOT_APPLICABLE_OR_NOT_RUN"", ""exact_conclusion_match"": null, ""exact_hypothesis_match"": null, ""lab_or_test_evidence"": [], ""modules"": [], ""source_files"": [], ""statement_delta"": [""No imported module family was assigned to this paper at Step-2 intake.""], ""status"": ""PAPER_DISCLOSED_ASSET_NOT_IMPORTED"", ""trust_base"": []}","[""CG09"", ""CG14"", ""CG16"", ""CG20"", ""CG26""]"
P013-C0037,P013,open_problem,OPEN_PROBLEM_OR_DEFERRED_WORK,source/papers/Tsiokos_2026_Institutions_Are_Strict_Extensions_of_the_Game.tex:L1809-L1828; derived/expanded/Tsiokos_2026_Institutions_Are_Strict_Extensions_of_the_Game.tex:L1809-L1828,The detailed per-claim evidence table is deferred to .,PROSE_STATUS_OR_ARGUMENT_RECORD,"{""caveats"": [""FINITE_RECOMPUTATION_EXPLICITLY_NOT_PROOF_ASSISTANT""], ""declarations"": [], ""elaboration_status"": ""NOT_APPLICABLE_OR_NOT_RUN"", ""exact_conclusion_match"": null, ""exact_hypothesis_match"": null, ""lab_or_test_evidence"": [], ""modules"": [], ""source_files"": [], ""statement_delta"": [""No imported module family was assigned to this paper at Step-2 intake.""], ""status"": ""PAPER_DISCLOSED_ASSET_NOT_IMPORTED"", ""trust_base"": []}","[""CG09"", ""CG14"", ""CG16"", ""CG20"", ""CG26""]"
P018-C0003,P018,open_problem,OPEN_PROBLEM_OR_DEFERRED_WORK,source/papers/Tsiokos_2026_One_Meta_Theory_Three_Clay_Problem_Closures.tex:L205-L242; derived/expanded/Tsiokos_2026_One_Meta_Theory_Three_Clay_Problem_Closures.tex:L205-L242,"The scope is deliberately limited: BSD and Hodge are out of scope except as future work or prediction, and no substrate closure is strengthened here to a standard-ZFC unconditional claim.",ABSTRACT_STATUS_BOUNDARY,"{""caveats"": [""FORMAL_OR_PROOF_ASSISTANT_COMPONENT_DISCLOSED""], ""declarations"": [], ""elaboration_status"": ""NOT_APPLICABLE_OR_NOT_RUN"", ""exact_conclusion_match"": null, ""exact_hypothesis_match"": null, ""lab_or_test_evidence"": [], ""modules"": [], ""source_files"": [], ""statement_delta"": [""No imported module family was assigned to this paper at Step-2 intake.""], ""status"": ""PAPER_DISCLOSED_ASSET_NOT_IMPORTED"", ""trust_base"": []}","[""CG27""]"
P018-C0007,P018,open_problem,OPEN_PROBLEM_OR_DEFERRED_WORK,source/papers/Tsiokos_2026_One_Meta_Theory_Three_Clay_Problem_Closures.tex:L570-L581; derived/expanded/Tsiokos_2026_One_Meta_Theory_Three_Clay_Problem_Closures.tex:L570-L581,"A closure formation is the background act of organizing an open problem, its admissible source material, and the claimed closure event inside one formal setting. A formed Six Birds closure is therefore a formal closure of an open problem in which the closure event is itself treated as a structural fact about the problem's mathematical setting, rather than as an informal label attached after the fact to a proof.",PROSE_STATUS_OR_ARGUMENT_RECORD,"{""caveats"": [""FORMAL_OR_PROOF_ASSISTANT_COMPONENT_DISCLOSED""], ""declarations"": [], ""elaboration_status"": ""NOT_APPLICABLE_OR_NOT_RUN"", ""exact_conclusion_match"": null, ""exact_hypothesis_match"": null, ""lab_or_test_evidence"": [], ""modules"": [], ""source_files"": [], ""statement_delta"": [""No imported module family was assigned to this paper at Step-2 intake.""], ""status"": ""PAPER_DISCLOSED_ASSET_NOT_IMPORTED"", ""trust_base"": []}","[""CG27""]"
P018-C0023,P018,open_problem,OPEN_PROBLEM_OR_DEFERRED_WORK,source/papers/Tsiokos_2026_One_Meta_Theory_Three_Clay_Problem_Closures.tex:L1645-L1648; derived/expanded/Tsiokos_2026_One_Meta_Theory_Three_Clay_Problem_Closures.tex:L1645-L1648,a track-independent depth bound is an open problem in .,PROSE_STATUS_OR_ARGUMENT_RECORD,"{""caveats"": [""FORMAL_OR_PROOF_ASSISTANT_COMPONENT_DISCLOSED""], ""declarations"": [], ""elaboration_status"": ""NOT_APPLICABLE_OR_NOT_RUN"", ""exact_conclusion_match"": null, ""exact_hypothesis_match"": null, ""lab_or_test_evidence"": [], ""modules"": [], ""source_files"": [], ""statement_delta"": [""No imported module family was assigned to this paper at Step-2 intake.""], ""status"": ""PAPER_DISCLOSED_ASSET_NOT_IMPORTED"", ""trust_base"": []}","[""CG27""]"
P018-C0055,P018,open_problem,OPEN_PROBLEM_OR_DEFERRED_WORK,source/papers/Tsiokos_2026_One_Meta_Theory_Three_Clay_Problem_Closures.tex:L3399-L3410; derived/expanded/Tsiokos_2026_One_Meta_Theory_Three_Clay_Problem_Closures.tex:L3399-L3410,"Predictions and open problems: This section records predictions and open problems only. None of the paragraphs below is used as evidence for the formal statements of Parts I–III, and none is a claim that a missing substrate landing has already been supplied. The common theme is that the present paper has identified a small number of testable structural continuations: a third trace-state-only substrate for the recognition-mode template, a track-independent bound for CTMT recursion, and functorial gates beyond the three named in the current typed-deposit catalog.",NAMED_SOURCE_SECTION_ARGUMENT,"{""caveats"": [""FORMAL_OR_PROOF_ASSISTANT_COMPONENT_DISCLOSED""], ""declarations"": [], ""elaboration_status"": ""NOT_APPLICABLE_OR_NOT_RUN"", ""exact_conclusion_match"": null, ""exact_hypothesis_match"": null, ""lab_or_test_evidence"": [], ""modules"": [], ""source_files"": [], ""statement_delta"": [""No imported module family was assigned to this paper at Step-2 intake.""], ""status"": ""PAPER_DISCLOSED_ASSET_NOT_IMPORTED"", ""trust_base"": []}","[""CG27""]"
P018-C0058,P018,open_problem,OPEN_PROBLEM_OR_DEFERRED_WORK,source/papers/Tsiokos_2026_One_Meta_Theory_Three_Clay_Problem_Closures.tex:L3444-L3451; derived/expanded/Tsiokos_2026_One_Meta_Theory_Three_Clay_Problem_Closures.tex:L3444-L3451,"The open question is whether a future Yang–Mills cascade should be expected to behave like a trace-state-only substrate, like a witness-content-exposing substrate, or like a new column not yet represented in the current V-Differential split.",PROSE_STATUS_OR_ARGUMENT_RECORD,"{""caveats"": [""FORMAL_OR_PROOF_ASSISTANT_COMPONENT_DISCLOSED""], ""declarations"": [], ""elaboration_status"": ""NOT_APPLICABLE_OR_NOT_RUN"", ""exact_conclusion_match"": null, ""exact_hypothesis_match"": null, ""lab_or_test_evidence"": [], ""modules"": [], ""source_files"": [], ""statement_delta"": [""No imported module family was assigned to this paper at Step-2 intake.""], ""status"": ""PAPER_DISCLOSED_ASSET_NOT_IMPORTED"", ""trust_base"": []}","[""CG27""]"
P018-C0060,P018,open_problem,OPEN_PROBLEM_OR_DEFERRED_WORK,source/papers/Tsiokos_2026_One_Meta_Theory_Three_Clay_Problem_Closures.tex:L3484-L3488; derived/expanded/Tsiokos_2026_One_Meta_Theory_Three_Clay_Problem_Closures.tex:L3484-L3488,This lifting problem is the main open problem left by Part II.,PROSE_STATUS_OR_ARGUMENT_RECORD,"{""caveats"": [""FORMAL_OR_PROOF_ASSISTANT_COMPONENT_DISCLOSED""], ""declarations"": [], ""elaboration_status"": ""NOT_APPLICABLE_OR_NOT_RUN"", ""exact_conclusion_match"": null, ""exact_hypothesis_match"": null, ""lab_or_test_evidence"": [], ""modules"": [], ""source_files"": [], ""statement_delta"": [""No imported module family was assigned to this paper at Step-2 intake.""], ""status"": ""PAPER_DISCLOSED_ASSET_NOT_IMPORTED"", ""trust_base"": []}","[""CG27""]"
P018-C0061,P018,open_problem,OPEN_PROBLEM_OR_DEFERRED_WORK,source/papers/Tsiokos_2026_One_Meta_Theory_Three_Clay_Problem_Closures.tex:L3500-L3508; derived/expanded/Tsiokos_2026_One_Meta_Theory_Three_Clay_Problem_Closures.tex:L3500-L3508,The open problem is to identify a substrate-independent invariant that would bound CTMT depth across cascades.,PROSE_STATUS_OR_ARGUMENT_RECORD,"{""caveats"": [""FORMAL_OR_PROOF_ASSISTANT_COMPONENT_DISCLOSED""], ""declarations"": [], ""elaboration_status"": ""NOT_APPLICABLE_OR_NOT_RUN"", ""exact_conclusion_match"": null, ""exact_hypothesis_match"": null, ""lab_or_test_evidence"": [], ""modules"": [], ""source_files"": [], ""statement_delta"": [""No imported module family was assigned to this paper at Step-2 intake.""], ""status"": ""PAPER_DISCLOSED_ASSET_NOT_IMPORTED"", ""trust_base"": []}","[""CG27""]"
P018-C0062,P018,open_problem,OPEN_PROBLEM_OR_DEFERRED_WORK,source/papers/Tsiokos_2026_One_Meta_Theory_Three_Clay_Problem_Closures.tex:L3510-L3514; derived/expanded/Tsiokos_2026_One_Meta_Theory_Three_Clay_Problem_Closures.tex:L3510-L3514,"Until such an invariant is found, CTMT depth remains an open problem.",PROSE_STATUS_OR_ARGUMENT_RECORD,"{""caveats"": [""FORMAL_OR_PROOF_ASSISTANT_COMPONENT_DISCLOSED""], ""declarations"": [], ""elaboration_status"": ""NOT_APPLICABLE_OR_NOT_RUN"", ""exact_conclusion_match"": null, ""exact_hypothesis_match"": null, ""lab_or_test_evidence"": [], ""modules"": [], ""source_files"": [], ""statement_delta"": [""No imported module family was assigned to this paper at Step-2 intake.""], ""status"": ""PAPER_DISCLOSED_ASSET_NOT_IMPORTED"", ""trust_base"": []}","[""CG27""]"
P018-C0064,P018,open_problem,OPEN_PROBLEM_OR_DEFERRED_WORK,source/papers/Tsiokos_2026_One_Meta_Theory_Three_Clay_Problem_Closures.tex:L3554-L3559; derived/expanded/Tsiokos_2026_One_Meta_Theory_Three_Clay_Problem_Closures.tex:L3554-L3559,"It collects the exclusions and honesty caveats that govern the earlier sections: what substrate material is out of scope, which claims remain conditional under the SB closure assumption, which recognition sources are imported rather than derived, and which universal meta-claims are candidate future work rather than results of this paper.",PROSE_STATUS_OR_ARGUMENT_RECORD,"{""caveats"": [""FORMAL_OR_PROOF_ASSISTANT_COMPONENT_DISCLOSED""], ""declarations"": [], ""elaboration_status"": ""NOT_APPLICABLE_OR_NOT_RUN"", ""exact_conclusion_match"": null, ""exact_hypothesis_match"": null, ""lab_or_test_evidence"": [], ""modules"": [], ""source_files"": [], ""statement_delta"": [""No imported module family was assigned to this paper at Step-2 intake.""], ""status"": ""PAPER_DISCLOSED_ASSET_NOT_IMPORTED"", ""trust_base"": []}","[""CG27""]"
P018-C0065,P018,open_problem,OPEN_PROBLEM_OR_DEFERRED_WORK,source/papers/Tsiokos_2026_One_Meta_Theory_Three_Clay_Problem_Closures.tex:L3561-L3579; derived/expanded/Tsiokos_2026_One_Meta_Theory_Three_Clay_Problem_Closures.tex:L3561-L3579,BSD has no landed substrate paper in the Tsiokos corpus and is left to future work.,PROSE_STATUS_OR_ARGUMENT_RECORD,"{""caveats"": [""FORMAL_OR_PROOF_ASSISTANT_COMPONENT_DISCLOSED""], ""declarations"": [], ""elaboration_status"": ""NOT_APPLICABLE_OR_NOT_RUN"", ""exact_conclusion_match"": null, ""exact_hypothesis_match"": null, ""lab_or_test_evidence"": [], ""modules"": [], ""source_files"": [], ""statement_delta"": [""No imported module family was assigned to this paper at Step-2 intake.""], ""status"": ""PAPER_DISCLOSED_ASSET_NOT_IMPORTED"", ""trust_base"": []}","[""CG27""]"
P018-C0066,P018,open_problem,OPEN_PROBLEM_OR_DEFERRED_WORK,source/papers/Tsiokos_2026_One_Meta_Theory_Three_Clay_Problem_Closures.tex:L3586-L3589; derived/expanded/Tsiokos_2026_One_Meta_Theory_Three_Clay_Problem_Closures.tex:L3586-L3589,BSD has no landed substrate paper in the Tsiokos corpus and is left to future work.,PROSE_STATUS_OR_ARGUMENT_RECORD,"{""caveats"": [""FORMAL_OR_PROOF_ASSISTANT_COMPONENT_DISCLOSED""], ""declarations"": [], ""elaboration_status"": ""NOT_APPLICABLE_OR_NOT_RUN"", ""exact_conclusion_match"": null, ""exact_hypothesis_match"": null, ""lab_or_test_evidence"": [], ""modules"": [], ""source_files"": [], ""statement_delta"": [""No imported module family was assigned to this paper at Step-2 intake.""], ""status"": ""PAPER_DISCLOSED_ASSET_NOT_IMPORTED"", ""trust_base"": []}","[""CG27""]"
P019-C0025,P019,open_problem,OPEN_PROBLEM_OR_DEFERRED_WORK,source/papers/Tsiokos_2026_P_NP_under_Closure_of_the_Saturated_SAT_Layer.tex:L1539-L1547; derived/expanded/Tsiokos_2026_P_NP_under_Closure_of_the_Saturated_SAT_Layer.tex:L1539-L1547,"The formal carrier schema, including the typed fields used to attach the source to the saturated SAT layer, is deferred to .",PROSE_STATUS_OR_ARGUMENT_RECORD,"{""caveats"": [""FORMAL_OR_PROOF_ASSISTANT_COMPONENT_DISCLOSED""], ""declarations"": [], ""elaboration_status"": ""NOT_APPLICABLE_OR_NOT_RUN"", ""exact_conclusion_match"": null, ""exact_hypothesis_match"": null, ""lab_or_test_evidence"": [], ""modules"": [], ""source_files"": [], ""statement_delta"": [""No imported module family was assigned to this paper at Step-2 intake.""], ""status"": ""PAPER_DISCLOSED_ASSET_NOT_IMPORTED"", ""trust_base"": []}","[""CG27""]"
P019-C0033,P019,open_problem,OPEN_PROBLEM_OR_DEFERRED_WORK,source/papers/Tsiokos_2026_P_NP_under_Closure_of_the_Saturated_SAT_Layer.tex:L1928-L1946; derived/expanded/Tsiokos_2026_P_NP_under_Closure_of_the_Saturated_SAT_Layer.tex:L1928-L1946,"The formal inductive definition of basis generation, together with the normal-class assignment, is deferred to .",PROSE_STATUS_OR_ARGUMENT_RECORD,"{""caveats"": [""FORMAL_OR_PROOF_ASSISTANT_COMPONENT_DISCLOSED""], ""declarations"": [], ""elaboration_status"": ""NOT_APPLICABLE_OR_NOT_RUN"", ""exact_conclusion_match"": null, ""exact_hypothesis_match"": null, ""lab_or_test_evidence"": [], ""modules"": [], ""source_files"": [], ""statement_delta"": [""No imported module family was assigned to this paper at Step-2 intake.""], ""status"": ""PAPER_DISCLOSED_ASSET_NOT_IMPORTED"", ""trust_base"": []}","[""CG27""]"
P019-C0068,P019,open_problem,OPEN_PROBLEM_OR_DEFERRED_WORK,source/papers/Tsiokos_2026_P_NP_under_Closure_of_the_Saturated_SAT_Layer.tex:L3175-L3181; derived/expanded/Tsiokos_2026_P_NP_under_Closure_of_the_Saturated_SAT_Layer.tex:L3175-L3181,"for basis-generated Class-B laws on the standard carrier the answer is negative, while for Class-A methods, enriched carriers, and non-basis structures it remains open.",PROSE_STATUS_OR_ARGUMENT_RECORD,"{""caveats"": [""FORMAL_OR_PROOF_ASSISTANT_COMPONENT_DISCLOSED""], ""declarations"": [], ""elaboration_status"": ""NOT_APPLICABLE_OR_NOT_RUN"", ""exact_conclusion_match"": null, ""exact_hypothesis_match"": null, ""lab_or_test_evidence"": [], ""modules"": [], ""source_files"": [], ""statement_delta"": [""No imported module family was assigned to this paper at Step-2 intake.""], ""status"": ""PAPER_DISCLOSED_ASSET_NOT_IMPORTED"", ""trust_base"": []}","[""CG27""]"
P024-C0038,P024,open_problem,OPEN_PROBLEM_OR_DEFERRED_WORK,source/papers/Tsiokos_2026_Riemann_Hypothesis_via_Self_Dual_Trace_Confinement_A_Conditional_Closure.tex:L1591-L1598; derived/expanded/Tsiokos_2026_Riemann_Hypothesis_via_Self_Dual_Trace_Confinement_A_Conditional_Closure.tex:L1591-L1598,Future work.,PROSE_STATUS_OR_ARGUMENT_RECORD,"{""caveats"": [""FORMAL_OR_PROOF_ASSISTANT_COMPONENT_DISCLOSED""], ""declarations"": [], ""elaboration_status"": ""NOT_APPLICABLE_OR_NOT_RUN"", ""exact_conclusion_match"": null, ""exact_hypothesis_match"": null, ""lab_or_test_evidence"": [], ""modules"": [], ""source_files"": [], ""statement_delta"": [""No imported module family was assigned to this paper at Step-2 intake.""], ""status"": ""PAPER_DISCLOSED_ASSET_NOT_IMPORTED"", ""trust_base"": []}","[""CG27""]"
P024-C0039,P024,open_problem,OPEN_PROBLEM_OR_DEFERRED_WORK,source/papers/Tsiokos_2026_Riemann_Hypothesis_via_Self_Dual_Trace_Confinement_A_Conditional_Closure.tex:L1591-L1623; derived/expanded/Tsiokos_2026_Riemann_Hypothesis_via_Self_Dual_Trace_Confinement_A_Conditional_Closure.tex:L1591-L1623,"Future work.: Three extension targets are natural. First, the admissibility of Sel^ ! _ ,tr should be derived rather than carried as construction-time audit data. A stronger development would unfold the seven Foundations-II schemas as predicates and verify them for the completed Selberg trace instance, replacing the construction-time hypothesis by a derived formed-layer admissibility theorem; this would not change Theorem T or the conditional landing chain. Second, the real-coordinate parameter identification should be formalized at the analytic level. A stronger development would connect the typed zero ledger Z_ ^ nt and its real-coordinate field to the nontrivial zeros of through analytic-number-theoretic infrastructure, lifting the real-part abstraction boundary disclosed in .",NAMED_SOURCE_SECTION_ARGUMENT,"{""caveats"": [""FORMAL_OR_PROOF_ASSISTANT_COMPONENT_DISCLOSED""], ""declarations"": [], ""elaboration_status"": ""NOT_APPLICABLE_OR_NOT_RUN"", ""exact_conclusion_match"": null, ""exact_hypothesis_match"": null, ""lab_or_test_evidence"": [], ""modules"": [], ""source_files"": [], ""statement_delta"": [""No imported module family was assigned to this paper at Step-2 intake.""], ""status"": ""PAPER_DISCLOSED_ASSET_NOT_IMPORTED"", ""trust_base"": []}","[""CG27""]"
P024-C0040,P024,open_problem,OPEN_PROBLEM_OR_DEFERRED_WORK,source/papers/Tsiokos_2026_Riemann_Hypothesis_via_Self_Dual_Trace_Confinement_A_Conditional_Closure.tex:L1951-L1960; derived/expanded/Tsiokos_2026_Riemann_Hypothesis_via_Self_Dual_Trace_Confinement_A_Conditional_Closure.tex:L1951-L1960,"The substantive recognition-source and translation-interface content is deferred to and , respectively.",PROSE_STATUS_OR_ARGUMENT_RECORD,"{""caveats"": [""FORMAL_OR_PROOF_ASSISTANT_COMPONENT_DISCLOSED""], ""declarations"": [], ""elaboration_status"": ""NOT_APPLICABLE_OR_NOT_RUN"", ""exact_conclusion_match"": null, ""exact_hypothesis_match"": null, ""lab_or_test_evidence"": [], ""modules"": [], ""source_files"": [], ""statement_delta"": [""No imported module family was assigned to this paper at Step-2 intake.""], ""status"": ""PAPER_DISCLOSED_ASSET_NOT_IMPORTED"", ""trust_base"": []}","[""CG27""]"
P017-C0004,P017,open_problem,OPEN_PROBLEM_OR_DEFERRED_WORK,source/papers/Tsiokos_2026_Navier_Stokes_as_a_Layer_Dissolving_Membrane_Theorem.tex:L289-L300; derived/expanded/Tsiokos_2026_Navier_Stokes_as_a_Layer_Dissolving_Membrane_Theorem.tex:L289-L300,"This is a presentational recasting: no new PDE input is introduced, the audit content is unchanged, and the AOR-instance theorem is presented under the carrier-attached discharge-assignment discipline of , with a data-bearing strengthening of the discharge-record fields stated as framework future work.",PROSE_STATUS_OR_ARGUMENT_RECORD,"{""caveats"": [""FORMAL_OR_PROOF_ASSISTANT_COMPONENT_DISCLOSED""], ""declarations"": [], ""elaboration_status"": ""NOT_APPLICABLE_OR_NOT_RUN"", ""exact_conclusion_match"": null, ""exact_hypothesis_match"": null, ""lab_or_test_evidence"": [], ""modules"": [], ""source_files"": [], ""statement_delta"": [""No imported module family was assigned to this paper at Step-2 intake.""], ""status"": ""PAPER_DISCLOSED_ASSET_NOT_IMPORTED"", ""trust_base"": []}","[""CG27""]"
P017-C0056,P017,open_problem,OPEN_PROBLEM_OR_DEFERRED_WORK,source/papers/Tsiokos_2026_Navier_Stokes_as_a_Layer_Dissolving_Membrane_Theorem.tex:L2103-L2108; derived/expanded/Tsiokos_2026_Navier_Stokes_as_a_Layer_Dissolving_Membrane_Theorem.tex:L2103-L2108,"Future work may sharpen the bundle — for example, by replacing the combined half-log analyticity and LP-transport rescue with a stronger analyticity radius that delivers contraction on its own, or by promoting the R-record acceptance fields from Prop -valued predicates to data-bearing structures.",PROSE_STATUS_OR_ARGUMENT_RECORD,"{""caveats"": [""FORMAL_OR_PROOF_ASSISTANT_COMPONENT_DISCLOSED""], ""declarations"": [], ""elaboration_status"": ""NOT_APPLICABLE_OR_NOT_RUN"", ""exact_conclusion_match"": null, ""exact_hypothesis_match"": null, ""lab_or_test_evidence"": [], ""modules"": [], ""source_files"": [], ""statement_delta"": [""No imported module family was assigned to this paper at Step-2 intake.""], ""status"": ""PAPER_DISCLOSED_ASSET_NOT_IMPORTED"", ""trust_base"": []}","[""CG27""]"
P035-C0037,P035,open_problem,OPEN_PROBLEM_OR_DEFERRED_WORK,source/papers/Tsiokos_2026_Six_Birds_for_Navier_Stokes_A_Mechanized_No_Zeno_Scaffold.tex:L869-L878; derived/expanded/Tsiokos_2026_Six_Birds_for_Navier_Stokes_A_Mechanized_No_Zeno_Scaffold.tex:L869-L878,Future work Theory (paper-facing).,PROSE_STATUS_OR_ARGUMENT_RECORD,"{""caveats"": [""FORMAL_OR_PROOF_ASSISTANT_COMPONENT_DISCLOSED""], ""declarations"": [], ""elaboration_status"": ""NOT_APPLICABLE_OR_NOT_RUN"", ""exact_conclusion_match"": null, ""exact_hypothesis_match"": null, ""lab_or_test_evidence"": [], ""modules"": [], ""source_files"": [], ""statement_delta"": [""No imported module family was assigned to this paper at Step-2 intake.""], ""status"": ""PAPER_DISCLOSED_ASSET_NOT_IMPORTED"", ""trust_base"": []}","[""CG27""]"
P020-C0037,P020,open_problem,OPEN_PROBLEM_OR_DEFERRED_WORK,source/papers/Tsiokos_2026_Persistence_of_SPT_Legality_from_Channelized_Feasibility_in_a_Multiscale_Hilbert_Cell_Model.tex:L1542-L1556; derived/expanded/Tsiokos_2026_Persistence_of_SPT_Legality_from_Channelized_Feasibility_in_a_Multiscale_Hilbert_Cell_Model.tex:L1542-L1556,"Future work: SPT on higher-order artifacts: The present work treats Gamma_j (and hence F_j and E_j ) as fixed artifacts. A natural next step is to apply the SPT perspective to the artifact itself: treat the channel maps Gamma_j as emergent objects produced by repeated packaging and route-stabilization. One toy direction is to formalize an ``artifact update'' map Gamma_j U_j(Gamma_j; packaged environment data) and to study conditions under which iterated packaging yields an attracting family of artifacts with: (i) bounded per-column delocalization, (ii) nondegenerate frame lower bounds, and (iii) slow mode growth. In Six-Birds terms, this would express how repeated P5 packaging and P3 route-stabilization can produce a fixed point in which anti-localization is emergent rather than assumed. Even in finite-dimensional toy models, identifying conditions under which such an artifact-level fixed point exists would connect legality persistence to the formation of the representation itself.",NAMED_SOURCE_SECTION_ARGUMENT,"{""caveats"": [""FORMAL_OR_PROOF_ASSISTANT_COMPONENT_DISCLOSED""], ""declarations"": [], ""elaboration_status"": ""NOT_APPLICABLE_OR_NOT_RUN"", ""exact_conclusion_match"": null, ""exact_hypothesis_match"": null, ""lab_or_test_evidence"": [], ""modules"": [], ""source_files"": [], ""statement_delta"": [""No imported module family was assigned to this paper at Step-2 intake.""], ""status"": ""PAPER_DISCLOSED_ASSET_NOT_IMPORTED"", ""trust_base"": []}","[""CG27""]"
P002-C0018,P002,open_problem,OPEN_PROBLEM_OR_DEFERRED_WORK,source/papers/Tsiokos_2026_A_Six_Birds_Eye_View_of_Quantum_Theory_Operational_Closure_Semantics_for_Measurement_Contextuality_and_Record_Stability.tex:L882-L891; derived/expanded/Tsiokos_2026_A_Six_Birds_Eye_View_of_Quantum_Theory_Operational_Closure_Semantics_for_Measurement_Contextuality_and_Record_Stability.tex:L882-L891,"Future work: Several extensions are natural and would sharpen the framework. Spekkens toy theory as an SBT instance. Implementing Spekkens' epistemic restriction as a packaging/completion pipeline would provide a direct bridge from the diagnosis to a fully worked non-quantum analogue. Peres–Mermin and contextuality stress tests. A compact SBT reading of a Peres–Mermin square (as incompatible closures over contexts) would make the ``no global packaging'' point even more concrete. Bell-type assumption audits. A careful separation of operational constraints (no-signalling) from packaging assumptions (global joint record language, factorization) could yield a taxonomy of where specific no-go statements bite in SBT terms, without presenting it as a single grand ``resolution.''",NAMED_SOURCE_SECTION_ARGUMENT,"{""caveats"": [""FORMAL_OR_PROOF_ASSISTANT_COMPONENT_DISCLOSED""], ""declarations"": [], ""elaboration_status"": ""NOT_APPLICABLE_OR_NOT_RUN"", ""exact_conclusion_match"": null, ""exact_hypothesis_match"": null, ""lab_or_test_evidence"": [], ""modules"": [], ""source_files"": [], ""statement_delta"": [""No imported module family was assigned to this paper at Step-2 intake.""], ""status"": ""PAPER_DISCLOSED_ASSET_NOT_IMPORTED"", ""trust_base"": []}","[""CG27""]"
P001-C0034,P001,open_problem,OPEN_PROBLEM_OR_DEFERRED_WORK,source/papers/Tsiokos_2026_A_Six_Birds_Eye_View_of_Dark_Energy_Closure_Route_Mismatch_and_Audits_for_Apparent_Acceleration.tex:L828-L834; derived/expanded/Tsiokos_2026_A_Six_Birds_Eye_View_of_Dark_Energy_Closure_Route_Mismatch_and_Audits_for_Apparent_Acceleration.tex:L828-L834,"The staging sweep on DES Y3 vectors is therefore recorded as supplementary protocol evidence (Appendix ), while physical staging interpretation is deferred to a backend-enabled analysis.",PROSE_STATUS_OR_ARGUMENT_RECORD,"{""caveats"": [""FORMAL_OR_PROOF_ASSISTANT_COMPONENT_DISCLOSED""], ""declarations"": [], ""elaboration_status"": ""NOT_APPLICABLE_OR_NOT_RUN"", ""exact_conclusion_match"": null, ""exact_hypothesis_match"": null, ""lab_or_test_evidence"": [], ""modules"": [], ""source_files"": [], ""statement_delta"": [""No imported module family was assigned to this paper at Step-2 intake.""], ""status"": ""PAPER_DISCLOSED_ASSET_NOT_IMPORTED"", ""trust_base"": []}","[""CG27""]"
P001-C0036,P001,open_problem,OPEN_PROBLEM_OR_DEFERRED_WORK,source/papers/Tsiokos_2026_A_Six_Birds_Eye_View_of_Dark_Energy_Closure_Route_Mismatch_and_Audits_for_Apparent_Acceleration.tex:L864-L869; derived/expanded/Tsiokos_2026_A_Six_Birds_Eye_View_of_Dark_Energy_Closure_Route_Mismatch_and_Audits_for_Apparent_Acceleration.tex:L864-L869,"Additionally, the BAO alpha -likelihood is used in its released compressed form with a fixed sound-horizon ratio (full r_d( ) modeling is deferred).",PROSE_STATUS_OR_ARGUMENT_RECORD,"{""caveats"": [""FORMAL_OR_PROOF_ASSISTANT_COMPONENT_DISCLOSED""], ""declarations"": [], ""elaboration_status"": ""NOT_APPLICABLE_OR_NOT_RUN"", ""exact_conclusion_match"": null, ""exact_hypothesis_match"": null, ""lab_or_test_evidence"": [], ""modules"": [], ""source_files"": [], ""statement_delta"": [""No imported module family was assigned to this paper at Step-2 intake.""], ""status"": ""PAPER_DISCLOSED_ASSET_NOT_IMPORTED"", ""trust_base"": []}","[""CG27""]"
P047-C0006,P047,open_problem,OPEN_PROBLEM_OR_DEFERRED_WORK,source/papers/Tsiokos_2026_To_Create_a_Stone_with_Six_Birds_Emergent_Geometric_and_Thermodynamic_Regimes_from_a_Minimal_Stochastic_Substrate.tex:L764-L765; derived/expanded/Tsiokos_2026_To_Create_a_Stone_with_Six_Birds_Emergent_Geometric_and_Thermodynamic_Regimes_from_a_Minimal_Stochastic_Substrate.tex:L764-L765,Future work Several follow-on experiments would strengthen both the physics-like narrative and the algebraic/PICA contribution.,PROSE_STATUS_OR_ARGUMENT_RECORD,"{""caveats"": [""NO_DEDICATED_PROOF_ASSISTANT_COMPONENT_LOCATED""], ""declarations"": [], ""elaboration_status"": ""NOT_APPLICABLE_OR_NOT_RUN"", ""exact_conclusion_match"": null, ""exact_hypothesis_match"": null, ""lab_or_test_evidence"": [], ""modules"": [], ""source_files"": [], ""statement_delta"": [""No imported module family was assigned to this paper at Step-2 intake.""], ""status"": ""NO_MATCH"", ""trust_base"": []}","[""CG27""]"
P047-C0007,P047,open_problem,OPEN_PROBLEM_OR_DEFERRED_WORK,source/papers/Tsiokos_2026_To_Create_a_Stone_with_Six_Birds_Emergent_Geometric_and_Thermodynamic_Regimes_from_a_Minimal_Stochastic_Substrate.tex:L764-L776; derived/expanded/Tsiokos_2026_To_Create_a_Stone_with_Six_Birds_Emergent_Geometric_and_Thermodynamic_Regimes_from_a_Minimal_Stochastic_Substrate.tex:L764-L776,"Future work: Several follow-on experiments would strengthen both the physics-like narrative and the algebraic/PICA contribution. Controlled- tau reruns. Run matched- tau sweeps (or fixed- tau protocols) for Baseline vs Full conditions to separate closure effects from timescale effects. Alternative lenses and lifts. Repeat the multiscale scan with alternative coarse-graining constructions (e.g., different spectral clustering variants) and non-uniform lifts Q_f (e.g., conditional stationary lifts) to test lens robustness. Scaling. Extend to larger n and larger k ladders, and test whether the regime separation sharpens, merges, or transitions. Ablation completion. Add ablations that remove the two currently untested spectral core cells (or replace them with alternative partition primitives) to complete the generator picture. Audit stress tests. Vary path horizon T , embedding dimension m , and regularization floors to quantify audit stability and reduce confounds. Cross-substrate transfer. Apply the disciplined PICA cell catalog to other substrates. The six primitives have been used on particle-based and neural/meta-layer toy substrates , but with additional non-PICA mechanisms; re-implementing those substrates under strict PICA closure would test whether similar regimes emerge without extra assumptions and whether generator subalgebras transfer.",NAMED_SOURCE_SECTION_ARGUMENT,"{""caveats"": [""NO_DEDICATED_PROOF_ASSISTANT_COMPONENT_LOCATED""], ""declarations"": [], ""elaboration_status"": ""NOT_APPLICABLE_OR_NOT_RUN"", ""exact_conclusion_match"": null, ""exact_hypothesis_match"": null, ""lab_or_test_evidence"": [], ""modules"": [], ""source_files"": [], ""statement_delta"": [""No imported module family was assigned to this paper at Step-2 intake.""], ""status"": ""NO_MATCH"", ""trust_base"": []}","[""CG27""]"
P052-C0003,P052,open_problem,OPEN_PROBLEM_OR_DEFERRED_WORK,source/papers/Tsiokos_2026_To_Plot_a_Stone_with_Six_Birds_Constructing_and_Auditing_Emergent_Geometry_from_Markov_Dynamics.tex:L243-L244; derived/expanded/Tsiokos_2026_To_Plot_a_Stone_with_Six_Birds_Constructing_and_Auditing_Emergent_Geometry_from_Markov_Dynamics.tex:L243-L244,Directed geometries induced by asymmetric feasibility (constraints) are natural in the SBT framework but are deferred to future work.,PROSE_STATUS_OR_ARGUMENT_RECORD,"{""caveats"": [""FORMAL_OR_PROOF_ASSISTANT_COMPONENT_DISCLOSED""], ""declarations"": [], ""elaboration_status"": ""NOT_APPLICABLE_OR_NOT_RUN"", ""exact_conclusion_match"": null, ""exact_hypothesis_match"": null, ""lab_or_test_evidence"": [], ""modules"": [], ""source_files"": [], ""statement_delta"": [""No imported module family was assigned to this paper at Step-2 intake.""], ""status"": ""PAPER_DISCLOSED_ASSET_NOT_IMPORTED"", ""trust_base"": []}","[""CG27""]"
P052-C0007,P052,open_problem,OPEN_PROBLEM_OR_DEFERRED_WORK,source/papers/Tsiokos_2026_To_Plot_a_Stone_with_Six_Birds_Constructing_and_Auditing_Emergent_Geometry_from_Markov_Dynamics.tex:L433; derived/expanded/Tsiokos_2026_To_Plot_a_Stone_with_Six_Birds_Constructing_and_Auditing_Emergent_Geometry_from_Markov_Dynamics.tex:L433,"We present four exhibits—plane-like (grid), sphere-like (curved regime), Sierpi\'nski (fractal regime), and anisotropic deformation under constraints—and interpret them through the diagnostics introduced in Section . (Curvature as holonomy is deferred to Section .)",PROSE_STATUS_OR_ARGUMENT_RECORD,"{""caveats"": [""FORMAL_OR_PROOF_ASSISTANT_COMPONENT_DISCLOSED""], ""declarations"": [], ""elaboration_status"": ""NOT_APPLICABLE_OR_NOT_RUN"", ""exact_conclusion_match"": null, ""exact_hypothesis_match"": null, ""lab_or_test_evidence"": [], ""modules"": [], ""source_files"": [], ""statement_delta"": [""No imported module family was assigned to this paper at Step-2 intake.""], ""status"": ""PAPER_DISCLOSED_ASSET_NOT_IMPORTED"", ""trust_base"": []}","[""CG27""]"
P049-C0007,P049,open_problem,OPEN_PROBLEM_OR_DEFERRED_WORK,source/papers/Tsiokos_2026_To_Kill_Three_Stones_with_Six_Birds_A_Common_Grammar_for_the_SM_QM_and_GR.tex:L609-L612; derived/expanded/Tsiokos_2026_To_Kill_Three_Stones_with_Six_Birds_A_Common_Grammar_for_the_SM_QM_and_GR.tex:L609-L612,The all-structures theorem upgrade (lemma L60 → L64) remains open and is tracked as such.,PROSE_STATUS_OR_ARGUMENT_RECORD,"{""caveats"": [""FORMAL_OR_PROOF_ASSISTANT_COMPONENT_DISCLOSED""], ""declarations"": [], ""elaboration_status"": ""NOT_APPLICABLE_OR_NOT_RUN"", ""exact_conclusion_match"": null, ""exact_hypothesis_match"": null, ""lab_or_test_evidence"": [], ""modules"": [], ""source_files"": [], ""statement_delta"": [""No imported module family was assigned to this paper at Step-2 intake.""], ""status"": ""PAPER_DISCLOSED_ASSET_NOT_IMPORTED"", ""trust_base"": []}","[""CG05"", ""CG09"", ""CG11"", ""CG13"", ""CG27""]"
P049-C0019,P049,open_problem,OPEN_PROBLEM_OR_DEFERRED_WORK,source/papers/Tsiokos_2026_To_Kill_Three_Stones_with_Six_Birds_A_Common_Grammar_for_the_SM_QM_and_GR.tex:L1678-L1682; derived/expanded/Tsiokos_2026_To_Kill_Three_Stones_with_Six_Birds_A_Common_Grammar_for_the_SM_QM_and_GR.tex:L1678-L1682,row 14 is its exposure to its own program. discussion-and-outlook Discussion and outlook,PROSE_STATUS_OR_ARGUMENT_RECORD,"{""caveats"": [""FORMAL_OR_PROOF_ASSISTANT_COMPONENT_DISCLOSED""], ""declarations"": [], ""elaboration_status"": ""NOT_APPLICABLE_OR_NOT_RUN"", ""exact_conclusion_match"": null, ""exact_hypothesis_match"": null, ""lab_or_test_evidence"": [], ""modules"": [], ""source_files"": [], ""statement_delta"": [""No imported module family was assigned to this paper at Step-2 intake.""], ""status"": ""PAPER_DISCLOSED_ASSET_NOT_IMPORTED"", ""trust_base"": []}","[""CG05"", ""CG09"", ""CG11"", ""CG13"", ""CG27""]"
P049-C0020,P049,open_problem,OPEN_PROBLEM_OR_DEFERRED_WORK,source/papers/Tsiokos_2026_To_Kill_Three_Stones_with_Six_Birds_A_Common_Grammar_for_the_SM_QM_and_GR.tex:L1707-L1719; derived/expanded/Tsiokos_2026_To_Kill_Three_Stones_with_Six_Birds_A_Common_Grammar_for_the_SM_QM_and_GR.tex:L1707-L1719,"Nearest upgrades (precisely-typed open problems): The program's open problems are not vague: each is a named lemma or audit with a stated success criterion. (i) The L60 → L64 lemma — mass-closure charge-linking forbids a second neutral record channel — upgrades Prediction 3 to an all-structures law. (ii) The F43 continuum audit — tower-coherence, cofinality, residual-vanishing, completion — either licenses the continuum Einstein limit of the discrete consistency condition or names the exact obstruction. (iii) Exact RT saturation in the large-bond limit (the 0.729→0.904→0.941 trend made a theorem with a rate). (iv) Uniqueness of the grounding: whether semiclassical co-sourcing is the only admissible warrant for the common carrier (warranted → forced). (v) A third substrate for the universality thesis — the atlas's remaining foreclosure edges (black-hole thermodynamics and singularities are the natural candidates) — turning n=2 into n=3 with the genre-expectation again stated in advance.",NAMED_SOURCE_SECTION_ARGUMENT,"{""caveats"": [""FORMAL_OR_PROOF_ASSISTANT_COMPONENT_DISCLOSED""], ""declarations"": [], ""elaboration_status"": ""NOT_APPLICABLE_OR_NOT_RUN"", ""exact_conclusion_match"": null, ""exact_hypothesis_match"": null, ""lab_or_test_evidence"": [], ""modules"": [], ""source_files"": [], ""statement_delta"": [""No imported module family was assigned to this paper at Step-2 intake.""], ""status"": ""PAPER_DISCLOSED_ASSET_NOT_IMPORTED"", ""trust_base"": []}","[""CG05"", ""CG09"", ""CG11"", ""CG13"", ""CG27""]"
