node_id,node_type,paper_id,claim_type,grade,label
P031-C0001,CLAIM,P031,paper_thesis,PAPER_STATED_COMPOSITE_RESULT,We present a math-only framework in which theories arise as fixed points of idempotent operators and open-endedness requires changing the operator rather than iterating it. Under minimal hypotheses of composability plus limited interface access with bounded o…
P031-C0002,CLAIM,P031,remark,INTERPRETIVE_REMARK,"Interoperability of certificates (toolkit safety): This manuscript uses three logically distinct ``certificate families'': stability (existence/robustness of fixed points of a completion rule), novelty (strict theory extension by adding non-definable predicat…"
P031-C0003,CLAIM,P031,result_summary,NAMED_RESULT_OR_GATE_SURFACE,The organizing picture: a three-certificate loop: The results of this paper can be read as a minimal calculus for building hierarchical structure while keeping directionality honest. The core observation is that three notions often conflated in informal discu…
P031-C0004,CLAIM,P031,remark,INTERPRETIVE_REMARK,Stationarity is not needed for Sigma_T or data processing: The definition in Section makes sense for any initial distribution rho (it may be +∈fty if reverse-support is missing). The data processing inequality for KL is purely measure-theoretic and therefore…
P031-C0005,CLAIM,P031,remark,INTERPRETIVE_REMARK,"WLOG, we replace X by the image f(Z) so that f is surjective and every fiber B_x=f^ -1 (x) is nonempty. This does not change the induced sigma -algebra/partition or any pushforward laws. We will often refer to a lens f:Z→ X (equivalently, the induced finite p…"
P031-C0006,CLAIM,P031,remark,INTERPRETIVE_REMARK,"Emergence and open-endedness (terminology): Throughout, emergence means the appearance of stable fixed points of a completion rule within a theory package, while open-endedness means strict theory extension (a change in definability or completion), not iterat…"
P031-C0007,CLAIM,P031,definition,DEFINITION,"Finite theory package: Assume A_FIN. A finite theory package is a tuple T = (Z,\ f,\ Sigma_f,\ E,\ A) where: Z is a finite carrier set (microstate space). f:Z→ X is a lens (coarse description). The induced definability structure Sigma_f is the finite sigma -a…"
P031-C0008,CLAIM,P031,remark,INTERPRETIVE_REMARK,"We use the symbol Sigma in two unrelated roles: Sigma_f denotes the definability sigma -algebra induced by a lens f , while Sigma_T(rho) denotes the finite-horizon path reversal asymmetry defined in Section . Context (and subscripts) distinguish these usages."
P031-C0009,CLAIM,P031,remark,INTERPRETIVE_REMARK,"Instantiations in this manuscript: The components of T appear throughout the paper in specialized forms. In Section , an order-closure operator c on a poset is an idempotent completion rule; fixed points of c are the ``objects'' at that rung of a closure ladd…"
P031-C0010,CLAIM,P031,definition,DEFINITION,"Closure operator: Let (L, ) be a poset. A map c:L→ L is a closure operator if for all x,y∈ L : (Extensive) x c(x) . (Monotone) x y implies c(x) c(y) . (Idempotent) c(c(x)) = c(x) ."
P031-C0011,CLAIM,P031,definition,DEFINITION,"Closed points / objects: Given a closure operator c:L→ L , its closed points (or objects of the theory determined by c ) are the fixed points Fix(c) := \ x∈ L : c(x)=x\ ."
P031-C0012,CLAIM,P031,lemma,THEOREM_GRADE,"Closed points are antitone in closure strength: If c d are closure operators on L , then Fix(d)⊆ Fix(c) . Equivalently: if d(x)=x then c(x)=x ."
P031-C0013,CLAIM,P031,lemma,THEOREM_GRADE,"One-step stabilization under iteration: Let c be a closure operator on L . Define the iterate c^ (n) by c^ (0) =id and c^ (n+1) = c c^ (n) . Then for all x∈ L and all integers n 1 , c^ (n) (x) = c(x)."
P031-C0014,CLAIM,P031,corollary,THEOREM_GRADE,"Closure saturates: Fix a closure operator c . For any x∈ L , the sequence x, c(x), c(c(x)), c(c(c(x))), stabilizes after one closure step: it is constant from the second term onward."
P031-C0015,CLAIM,P031,remark,INTERPRETIVE_REMARK,"Viewed abstractly, a closure operator acts like a completion rule. Iterating a fixed completion rule stabilizes. Thus strict ladder growth requires changing the completion rule (equivalently, passing to a stronger theory)."
P031-C0016,CLAIM,P031,definition,DEFINITION,"Strictly stronger closure: For closure operators c,d on L , write c d (`` d is strictly stronger than c '') if c d and there exists an x∈ L such that d(x)≠ c(x) ."
P031-C0017,CLAIM,P031,definition,DEFINITION,Closure ladder: A closure ladder is a sequence of closure operators (c_n)_ n∈ N on L such that c_n c_ n+1 for all n . The fixed-point sets form a nested chain Fix(c_0) Fix(c_1) Fix(c_2) by Lemma .
P031-C0018,CLAIM,P031,remark,INTERPRETIVE_REMARK,"The strictness relation is irreflexive and transitive on closure operators (by the pointwise order), and Lemma records the antitone behavior of fixed points. On a fixed finite lattice, any -chain is finite; the open-endedness modeled here comes from changing…"
P031-C0019,CLAIM,P031,remark,INTERPRETIVE_REMARK,"Lean formalization note: The order-theoretic closure operator used here is formalized in the repository using mathlib's ClosureOperator. The basic closure and ladder API lives in formal/ClosureLadder/Basic.lean . In particular, the iterate-stabilization state…"
P031-C0020,CLAIM,P031,definition,DEFINITION,"Idempotent endomap: Let A be a set (or type). An idempotent endomap on A is a function e : A → A such that e e = e , i.e.\ e(e(a)) = e(a) for all a∈ A ."
P031-C0021,CLAIM,P031,definition,DEFINITION,Fixed points: For an endomap e : A → A define its fixed-point set Fix(e) := \ a∈ A : e(a)=a\ . We interpret Fix(e) as the collection of ``objects'' completed by e .
P031-C0022,CLAIM,P031,lemma,THEOREM_GRADE,"Idempotents split: Let e : A → A be an idempotent endomap. Let i:Fix(e) A denote inclusion, and define r:A→ Fix(e) by r(a):=e(a) (viewed as an element of Fix(e) ). Then r i = id_ Fix(e) and i r = e . In particular, e restricts to the identity on Fix(e) and Fi…"
P031-C0023,CLAIM,P031,remark,INTERPRETIVE_REMARK,"Order-closures as a special case: If L is a poset and c:L→ L is an order-closure (extensive, monotone, idempotent), then forgetting the order yields an idempotent endomap on the underlying set. The converse is false: an idempotent endomap need not be monotone…"
P031-C0024,CLAIM,P031,remark,INTERPRETIVE_REMARK,Formalization note: The constructions in this subsection are formalized in Lean: formal/ClosureLadder/ IdempotentEndo.lean Definitions: ClosureLadder.IdempotentEndo ClosureLadder.IdempotentEndo.FixedPoints. Bridge lemma: ClosureLadder. ClosureOperator. toIdem…
P031-C0025,CLAIM,P031,definition,DEFINITION,Coarse map and canonical lift; D-IC-01: Let Q_f:Delta(Z)→ Delta(X) be the pushforward (coarse-graining) map (Q_fmu)(x) := _ z∈ B_x mu(z). Fix a canonical lift U_f:Delta(X)→ Delta(Z) specified by a choice of prototype distributions (u_x)_ x∈ X with supp(u_x)⊆…
P031-C0026,CLAIM,P031,remark,INTERPRETIVE_REMARK,"Not an order-closure: The map E_ tau,f is an affine endomap of Delta(Z) (indeed a Markov kernel on Z ), and it is always idempotent as an endomap only in special regimes. We treat E_ tau,f within the ``fixed points of (approx) idempotents'' framework (S ), no…"
P031-C0027,CLAIM,P031,definition,DEFINITION,"TV idempotence defect; D-IC-02: Let \| \|_ TV denote total variation on Delta(Z) , i.e. \|mu-nu\|_ TV = 12\|mu-nu\|_1 . The idempotence defect of E_ tau,f is delta_ tau,f := _ mu∈ Delta(Z) \|E_ tau,f (E_ tau,f (mu)) - E_ tau,f (mu) \|_ TV . Guardrail. A small…"
P031-C0028,CLAIM,P031,definition,DEFINITION,"Prototype stability at scale tau: For each x∈ X define the (scale- tau ) stability of the prototype u_x by s_ tau,f (x) := \|E_ tau,f (u_x)-u_x \|_ TV = \|U_f(Q_f(u_xP^tau)) - U_f(delta_x) \|_ TV . We say u_x is -stable if s_ tau,f (x) ."
P031-C0029,CLAIM,P031,theorem,THEOREM_GRADE,"Approximate idempotence from retention: T-IC-02. Assume A_FIN+A_LENS and fix E_ tau,f as in Definition . Define a retention error _ tau,f := _ x∈ X \|Q_f(u_xP^tau)-delta_x \|_ TV . Then: (Prototype stability bound) For all x∈ X , s_ tau,f (x) _ tau,f . (Idemp…"
P031-C0030,CLAIM,P031,theorem,THEOREM_GRADE,"Refinement can help or hurt: T-IC-01. Assume A_FIN+A_LENS. There exist finite Markov kernels P and times tau together with two lenses f_ fine :Z→ X_ fine , f_ coarse :Z→ X_ coarse , such that f_ coarse is a coarsening of f_ fine (the fine partition refines th…"
P031-C0031,CLAIM,P031,remark,INTERPRETIVE_REMARK,"Qualified ``theory birth'': The induced endomap E_ tau,f packages a distribution by evolving for tau steps and then forgetting micro-detail below the lens f , re-instantiating it via the chosen prototypes. Theorem shows that a small retention error implies sm…"
P031-C0032,CLAIM,P031,prose_definition,PROSE_DEFINITION,"Define the (undirected) support graph G=(Z,E) by declaring \ i,j\ ∈ E iff P_ ij >0 (equivalently P_ ji >0 by A_REV). Let E be the corresponding set of oriented edges: for each \ i,j\ ∈ E we include both (i,j) and (j,i) ."
P031-C0033,CLAIM,P031,definition,DEFINITION,"Edge log-ratio 1-form: Assume A_FIN+A_REV. The antisymmetric edge 1-form associated to P is the function a: E→ R defined by a_ ij := a(i,j) := P_ ij P_ ji for (i,j)∈ E. Then a_ ji =-a_ ij ."
P031-C0034,CLAIM,P031,remark,INTERPRETIVE_REMARK,"Why A_REV matters: If A_REV fails, then ratios such as P_ ij /P_ ji may be undefined, and many time-reversal quantities become infinite rather than merely nonzero. In this paper we treat A_REV as the basic finiteness/admissibility condition for edge log-ratio…"
P031-C0035,CLAIM,P031,definition,DEFINITION,"Cycle integral / affinity along a cycle: Given an antisymmetric edge 1-form a and an oriented cycle gamma=(v_0, ,v_m=v_0) , define A(gamma) := _ k=0 ^ m-1 a_ v_k v_ k+1 . Reversing the orientation negates A(gamma) ."
P031-C0036,CLAIM,P031,definition,DEFINITION,"Exact 1-forms: An antisymmetric 1-form a on E is exact if there exists a potential Phi:Z→ R such that for every (i,j)∈ E , a_ ij = Phi(j)-Phi(i). We write a=dPhi in this case."
P031-C0037,CLAIM,P031,lemma,THEOREM_GRADE,"Exact forms have zero cycle integrals: Assume A_FIN+A_REV. If a=dPhi is exact, then A(gamma)=0 for every cycle gamma in G ."
P031-C0038,CLAIM,P031,result_summary,NAMED_RESULT_OR_GATE_SURFACE,Force Lives on Loops.: [Cycle criterion for exactness] Assume A_FIN+A_REV and let a be an antisymmetric 1-form on the oriented edge set E of G . The following are equivalent: a is exact: a=dPhi for some Phi:Z→ R . A(gamma)=0 for every cycle gamma in G . A(gam…
P031-C0039,CLAIM,P031,theorem,THEOREM_GRADE,Cycle criterion for exactness: Assume A_FIN+A_REV and let a be an antisymmetric 1-form on the oriented edge set E of G . The following are equivalent: a is exact: a=dPhi for some Phi:Z→ R . A(gamma)=0 for every cycle gamma in G . A(gamma)=0 for every cycle ga…
P031-C0040,CLAIM,P031,corollary,THEOREM_GRADE,"Null regime as ``no-drive'' / detailed-balance-like: Assume A_FIN+A_REV+A_NULL and let a be the log-ratio 1-form on the bidirected support graph. Then a is exact. Equivalently, there exists Phi:Z→ R such that P_ ij P_ ji = Phi(j)-Phi(i) for all (i,j)∈ E. In p…"
P031-C0041,CLAIM,P031,remark,INTERPRETIVE_REMARK,Implementation note for Appendix C: The repository includes a small graph-theoretic routine that computes cycle affinities and tests exactness on finite Markov kernels (reversible vs biased 3-cycle examples). We relegate all such numerical evidence to Appendi…
P031-C0042,CLAIM,P031,definition,DEFINITION,"Forward path law and reversal (D-AOT-01): Fix a horizon T∈ N with T 1 and an initial distribution rho∈Delta(Z) . The (forward) length- T path law P_ rho,T is the probability measure on Z^ T+1 defined by P_ rho,T (z_0, ,z_T) := rho(z_0) _ t=0 ^ T-1 P(z_t,z_ t+…"
P031-C0043,CLAIM,P031,remark,INTERPRETIVE_REMARK,Stationarity is not required (L-AOT-STAT-01): The quantity Sigma_T(rho) is defined for any initial distribution rho ; it can be strictly positive even in a detailed-balance chain when rho is not stationary (a boundary-term effect). Stationarity is only needed…
P031-C0044,CLAIM,P031,definition,DEFINITION,"Steady-state entropy production (D-AOT-EP-01): Assume additionally A_STAT and let pi be a stationary distribution for P . The (finite-horizon) steady-state entropy production is EP_T:=Sigma_T(pi) . When a per-step rate is desired, we write ep:= 1TSigma_T(pi)…"
P031-C0045,CLAIM,P031,theorem,THEOREM_GRADE,"Data processing for path reversal asymmetry (T-AOT-01): Under A_FIN+A_LENS, for every T 1 and every initial distribution rho , D_ KL ( Q_ rho,T \| R_ * Q_ rho,T ) D_ KL ( P_ rho,T \| R_ * P_ rho,T ) =Sigma_T(rho)."
P031-C0046,CLAIM,P031,corollary,NEGATIVE_RESULT_THEOREM,"No false positives: Assume A_FIN+A_LENS. If the lifted system has zero asymmetry at horizon T , then every coarse observation has zero asymmetry at the same horizon. There are no false positives from forgetting variables. Coarse-graining can hide irreversibil…"
P031-C0047,CLAIM,P031,definition,DEFINITION,"Autonomous m -phase protocol: D-PROT-02. Fix alpha∈[0,1] and define an autonomous Markov chain on the product space Z:=X× Phi by P ((x,phi),(x',phi') ) :=alpha 1_ x'=x S (phi,phi') +(1-alpha) 1_ phi'=phi K_phi(x,x'). We call this the lifted (phase-included) p…"
P031-C0048,CLAIM,P031,theorem,THEOREM_GRADE,Protocol trap / hidden-drive principle (T-AOT-02): Assume A_FIN+A_AUT. Suppose: (i) the phase chain S is reversible with stationary distribution s ; (ii) each K_phi is reversible with respect to a common stationary distribution pi on X . Then the product meas…
P031-C0049,CLAIM,P031,corollary,THEOREM_GRADE,"``P3 needs P6_drive'' under autonomy (C-ACC-01): Under A_FIN+A_REV+A_AUT+A_ACC+A_NULL (no affinities anywhere in the lifted state space), protocol holonomy alone does not yield sustained arrow-of-time in the autonomous accounted model. For any stationary dist…"
P031-C0050,CLAIM,P031,remark,INTERPRETIVE_REMARK,"What the ``protocol trap'' actually warns about: The theorem above is about true path reversal asymmetry. In practice, one can still obtain a spurious ``arrow'' by fitting a one-step Markov model to a non-Markov observed process (for example, by replacing the…"
P031-C0051,CLAIM,P031,definition,DEFINITION,"Predicates and definability: A (Boolean) predicate is a function h:Z→\ 0,1\ . We say that h is definable from the theory f (equivalently: Pi_f -measurable) if it is constant on each block: x∈ X,\ z,z'∈ B_x, h(z)=h(z'). Equivalently, there exists h:X→\ 0,1\ wi…"
P031-C0052,CLAIM,P031,remark,INTERPRETIVE_REMARK,In a fixed finite Z there is a hard cap on how many strict refinements are possible; open-endedness is modeled by repeated extensions across growing problems/domains (each step finite). The ``finite forcing lemma'' is a combinatorial proxy and does not claim…
P031-C0053,CLAIM,P031,result_summary,NAMED_RESULT_OR_GATE_SURFACE,"Counting lemma: definable predicates are rare: Let N:=|Z| and K:=|X| . [Counting definable predicates] Assume A_FIN+A_LENS. The number of predicates definable from f:Z→ X is exactly 2^K . Consequently, if h is sampled uniformly from \ 0,1\ ^Z , then P(h is de…"
P031-C0054,CLAIM,P031,lemma,THEOREM_GRADE,"Counting definable predicates: Assume A_FIN+A_LENS. The number of predicates definable from f:Z→ X is exactly 2^K . Consequently, if h is sampled uniformly from \ 0,1\ ^Z , then P(h is definable from f)= 2^K 2^N =2^ -(N-K) ."
P031-C0055,CLAIM,P031,theorem,THEOREM_GRADE,"Finite forcing lemma / physical forcing lemma: Assume A_FIN+A_LENS. Let f:Z→ X be a theory with blocks Pi_f=\ B_x\ _ x∈ X , and sample h:Z→\ 0,1\ uniformly from \ 0,1\ ^Z (i.i.d.\ fair bits across microstates). Then non-definability is generic: P(h is not def…"
P031-C0056,CLAIM,P031,result_summary,NAMED_RESULT_OR_GATE_SURFACE,"The ``Nothing Stays Constant'' Lemma.: Assume A_FIN+A_LENS and let f:Z→ X have blocks Pi_f=\ B_x\ _ x∈ X . For each block B_x , P(h is constant on B_x)=2^ 1-|B_x| , and by a union bound, P( x∈ X such that h is constant on B_x)\ \ _ x∈ X 2^ 1-|B_x| . In partic…"
P031-C0057,CLAIM,P031,lemma,THEOREM_GRADE,"Assume A_FIN+A_LENS and let f:Z→ X have blocks Pi_f=\ B_x\ _ x∈ X . For each block B_x , P(h is constant on B_x)=2^ 1-|B_x| , and by a union bound, P( x∈ X such that h is constant on B_x)\ \ _ x∈ X 2^ 1-|B_x| . In particular, if every block has size at least…"
P031-C0058,CLAIM,P031,corollary,THEOREM_GRADE,"Generic extension is strict: Assume A_FIN+A_LENS. With probability 1-2^ -(N-K) , the refined lens (f,h):Z→ X×\ 0,1\ is a strict refinement of f . Equivalently, it distinguishes at least one pair of microstates previously indistinguishable under f ."
P031-C0059,CLAIM,P031,remark,INTERPRETIVE_REMARK,Why this is the anti-saturation move: Closure (or packaging) at a fixed theory saturates by idempotence: repeated closure steps do not create an infinite strict chain. Corollary exhibits a mathematically clean extension step: adjoining a generic predicate cha…
P031-C0060,CLAIM,P031,definition,DEFINITION,"Process soup (D-META-PROC-01): A process soup is a set P equipped with a partially defined associative composition (a partial semigroup), with identities where relevant."
P031-C0061,CLAIM,P031,definition,DEFINITION,Interface lens (D-META-LENS-01): An interface lens is a map f: P→ X to a set of observables. It induces a kernel equivalence x _f y iff f(x)=f(y) . Limited access means x≠ y with x _f y . This abstracts the notion of a coarse-graining lens f:Z→ X used elsewhe…
P031-C0062,CLAIM,P031,definition,DEFINITION,"Refinement family (D-META-REF-01): A refinement family is a chain of equivalence relations ( _j)_ j 0 with x _ j+1 y implies x _j y ; equivalently, lenses f_j with f_j=g_j f_ j+1 for some maps g_j . As j increases, observables become more discriminating (part…"
P031-C0063,CLAIM,P031,definition,DEFINITION,Bounded interface (D-META-BND-01): There exists C_0 1 such that the quotient index satisfies | P/ _j| C_0(j+1) for all j . This is an explicit bounded-interface hypothesis on the lens hierarchy (a modeling assumption encoding bounded observable signature); it…
P031-C0064,CLAIM,P031,theorem,THEOREM_GRADE,"Self-generated primitives: Assume D-META-PROC-01, D-META-LENS-01, D-META-REF-01, and D-META-BND-01. Then the six primitives P1–P6 appear canonically as closure mechanics. Here P5, P6, P4, and P2 are by construction from the lens/refinement data, while P1 and…"
P031-C0065,CLAIM,P031,prose_definition,PROSE_DEFINITION_SECTION,"Definitions of P1–P6: [P1: operator rewrite] P1 is a rewrite of the substrate operator: replace a Markov kernel P by a new kernel P' (or a finite family \ P^ (m) \ ), thereby changing the endomap mu↦ mu P^tau and the induced empirical endomap E_ tau,f . This…"
P031-C0066,CLAIM,P031,definition,DEFINITION,"P1: operator rewrite: P1 is a rewrite of the substrate operator: replace a Markov kernel P by a new kernel P' (or a finite family \ P^ (m) \ ), thereby changing the endomap mu↦ mu P^tau and the induced empirical endomap E_ tau,f . This is a change in the oper…"
P031-C0067,CLAIM,P031,definition,DEFINITION,"P2: gating / constraints: P2 restricts the support graph by deleting edges (setting selected P_ ij =0 ) and renormalizing rows, or equivalently restricting to a subgraph on which the kernel lives. Cycle-rank claims are interpreted on the undirected support gr…"
P031-C0068,CLAIM,P031,definition,DEFINITION,"P3: autonomous protocol holonomy: P3 is modeled in the autonomous lifted form on Z:=X×Phi . The phase phi∈Phi evolves by an internal kernel S , and conditioned on phi the microstate updates by K_phi . No external schedule is assumed in the main text; external…"
P031-C0069,CLAIM,P031,definition,DEFINITION,"P4: sectors / invariants: P4 is a conserved sector label: the support decomposes into disconnected components (block structure), or equivalently P is block diagonal up to permutation, so evolution preserves a sector coordinate."
P031-C0070,CLAIM,P031,definition,DEFINITION,P5: packaging: P5 is an idempotent endomap e whose fixed points Fix(e) are the packaged objects of a given theory. This is an endomap notion (Section ). It is not an order-closure.
P031-C0071,CLAIM,P031,definition,DEFINITION,"P6: accounting / audit: P6 is an accounting/audit structure: a certificate or functional that is monotone under coarse maps or packaging. Canonical instantiations in this manuscript include: the information/feasibility order induced by limited access (META),…"
P031-C0072,CLAIM,P031,remark,INTERPRETIVE_REMARK,"We write P6_drive for the ACC specialization: a non-exact log-ratio 1-form (equivalently, a nonzero cycle integral). This is the condition used in the slogan ``P3 needs P6_drive'' under autonomy."
P031-C0073,CLAIM,P031,nonclaim,EXPLICIT_NONCLAIM,We do not claim every system self-organizes
P031-C0074,CLAIM,P031,nonclaim,EXPLICIT_NONCLAIM,Non-claim. This subsection does not assert that coarse descriptions ``override'' micro laws.
P031-C0075,CLAIM,P031,theorem,THEOREM_GRADE,"P2 gating shrinks cycle space: T-P2-01. Assume A_FIN+A_REV. Let G=(V,E) be an undirected support graph and let G'=(V,E') be obtained by deleting edges. Then beta_1(G') beta_1(G), beta_1(G) :=|E|-|V|+c(G), where c(G) is the number of connected components."
P031-C0076,CLAIM,P031,theorem,THEOREM_GRADE,P1 can change cycle rank and spectral gap (T-P1-01): Assume A_FIN+A_REV. P1 rewrites can increase or decrease cycle rank and can increase or decrease a metastability proxy (the spectral gap of a reversible lazy random walk).
P031-C0077,CLAIM,P031,remark,INTERPRETIVE_REMARK,"Evidence pointers: Appendix C records finite graph and kernel witnesses for the P1 and P2 behaviors described above, including explicit cycle-rank changes and spectral-gap increases/decreases."
P031-C0078,CLAIM,P031,nonclaim,EXPLICIT_NONCLAIM,Discussion and scope boundary What the theory does and does not claim
P031-C0079,CLAIM,P031,nonclaim,EXPLICIT_NONCLAIM,"We do not claim that closure ladders arise automatically in arbitrary dynamics, nor that any particular choice of lens f or timescale tau is preferred."
P031-C0080,CLAIM,P031,open_problem,OPEN_PROBLEM_OR_DEFERRED_WORK,Appendix D frames the Zeno decision frontier as a research outlook for when Zeno can or cannot be ruled out in the abstract bridge setting.
P031-C0081,CLAIM,P031,open_problem,OPEN_PROBLEM_OR_DEFERRED_WORK,Outlook: forthcoming instantiations This paper isolates a math-only emergence calculus.
P031-C0082,CLAIM,P031,open_problem,OPEN_PROBLEM_OR_DEFERRED_WORK,"Outlook: forthcoming instantiations: This paper isolates a math-only emergence calculus. It uses a theory package (lens/definability, completion, audit). It is paired with the six primitive moves that change what theories can exist and what objects they recog…"
P031-C0083,CLAIM,P031,prose_definition,PROSE_DEFINITION_SECTION,Balanced-atom route (definitions + kernel-mass hinge).: These files provide the finite-memory ICAP and toy compression witnesses used by the balanced-atom route. Representative files: python/src/clt/bridge_kernels.py python/tests/test_bridge_kernels_fmem_icap…
P031-C0084,CLAIM,P031,result_summary,NAMED_RESULT_OR_GATE_SURFACE,"Setup: frontier and Zeno criterion: Fix a threshold >0 and a scale index j∈ N . Let E_j:[0,∈fty)→[0,∈fty) be an activity observable at level j , and define the frontier j_*(t):= \ j:\ E_j(t) \ . Define crossing times and step durations by t_j := ∈f\ t:\ j_*(t…"
P031-C0085,CLAIM,P031,lemma,THEOREM_GRADE,"WORK from storage growth: Assume that the passive-storage inequality holds at boundary j , and that t↦ E_ j+1 (t) is right-continuous. If t_ j+1 <∈fty , then the supplied work over the crossing interval obeys W_j^+[t_j,t_ j+1 ] \ \ ."
P031-C0086,CLAIM,P031,lemma,THEOREM_GRADE,"Latency lower bound from WORK+ICAP+FEAS: If Lemma holds at boundary j , + hold on [t_j,t_ j+1 ] , and the following fresh-start alignment holds on the crossing interval, W_j^+[t_j,t_ j+1 ] \ \ W_ j,win ^+[t_j,t_ j+1 ], ALIGN then Delta t_j\ \ Lambda(j) B(j) ."
P031-C0087,CLAIM,P031,remark,INTERPRETIVE_REMARK,"When the alignment hypothesis holds: Condition is automatic for memoryless bridges and holds for memoryful bridges when the boundary is ""fresh"" at activation (e.g.\ the port is inactive before t_j or the bridge state is reset at t_j )."
P031-C0088,CLAIM,P031,result_summary,NAMED_RESULT_OR_GATE_SURFACE,No-Zeno criterion via divergence: Define the effective per-boundary capacity Cap(j):=Lambda(j) B(j) . Combining Lemma with the elementary summability criterion yields a clean decision rule. [No-Zeno from divergent reciprocal capacity] Assume that for all suff…
P031-C0089,CLAIM,P031,theorem,THEOREM_GRADE,"No-Zeno from divergent reciprocal capacity: Assume that for all sufficiently large j , Lemma applies with the same threshold >0 . If _ j j_0 1 Cap(j) = ∈fty, then _ j j_0 Delta t_j=∈fty and hence no Zeno cascade occurs."
P031-C0090,CLAIM,P031,result_summary,NAMED_RESULT_OR_GATE_SURFACE,"Hard lemma slots (WORK/CAP/route): The No-Zeno criterion above is elementary once three ingredients are available: (i) a storage-based work quantum (Lemma ), (ii) an integrated throughput cap (ICAP), and (iii) a feasibility/energy-density cap (FEAS). In gener…"
P031-C0091,CLAIM,P031,remark,INTERPRETIVE_REMARK,"Extreme points attain the TV idempotence defect: Because mu↦ \|mu(E^2-E)\|_ TV is convex in mu , the supremum in is attained at extreme points: delta_ TV (E)\ =\ _ z∈ Z \|delta_z(E^2-E) \|_ TV \ =\ 12 _ i _ j |(E^2-E)_ ij |. This is the norm used by the repro…"
P031-C0092,CLAIM,P031,lemma,THEOREM_GRADE,"Route mismatch controls gain growth: In the default linear-operator setting above, the two-step route mismatch RM(j) = \|Pack_ j j+2 - Pack_ j j+1 _ j+1 j+2 \| implies the gain bound Gain(j j+2) Gain(j j+1) Gain(j+1 j+2) + RM(j). L-TK-ROUTE-01"
P031-C0093,CLAIM,P031,remark,INTERPRETIVE_REMARK,Holonomy without teleology: The purpose of RM(j) is to quantify route dependence (a holonomy-like effect) of reduction/packaging. This is logically distinct from directionality: a system may exhibit nontrivial route mismatch while having zero audit (e.g.\ zer…
P031-C0094,CLAIM,P031,definition,DEFINITION,"Ports, causal bridge, and accounting: A port space is a finite-dimensional real Hilbert space U with inner product , _U and norm \| \|_U . Fix a finite time horizon T>0 and write U := L^2([0,T];U) for square-integrable U -valued signals. A (deterministic) bri…"
P031-C0095,CLAIM,P031,definition,DEFINITION,"Passivity with storage: A causal bridge Z: U→ U is passive with storage (cf.\ ) if there exist: (i) a state space X , (ii) a nonnegative storage functional S:X→[0,∈fty) , and (iii) for each input u∈ U a state trajectory x_u:[0,T]→ X , such that for all 0 s t…"
P031-C0096,CLAIM,P031,definition,DEFINITION,"Integrated capacity inequality (ICAP): A causal bridge Z: U→ U satisfies an integrated capacity inequality (ICAP) if there exists Lambda∈(0,∈fty) such that for all 0 s t T and all inputs u∈ U , with truncated input u^ [s,t] :=u 1_ [s,t] and output y^ [s,t] :=…"
P031-C0097,CLAIM,P031,remark,INTERPRETIVE_REMARK,The incremental (activated) form above avoids prehistory contamination in memory systems; a full-output per-subinterval ICAP can fail even for simple delays.
P031-C0098,CLAIM,P031,lemma,THEOREM_GRADE,"Causality is closed under composition: Assume the setup of Definition . If Z_1: U→ U and Z_2: U→ U are causal, then Z_2 Z_1 is causal."
P031-C0099,CLAIM,P031,lemma,THEOREM_GRADE,"Parallel sum: passivity and ICAP constants add: Assume the setup of Definition . Let Z_1, Z_2: U→ U be causal bridges on the same port space U , and define Z:= Z_1+ Z_2 by ( Zu)(t):=( Z_1u)(t)+( Z_2u)(t) . If Z_1 and Z_2 are passive with storage (Definition )…"
P031-C0100,CLAIM,P031,remark,INTERPRETIVE_REMARK,"Serial composition: gain submultiplicativity is model-free; passivity needs port-compatibility: For bounded linear bridges on U one can define an operator-norm gain Gain( Z):=\| Z\|_ U→ U , which satisfies Gain( Z_2 Z_1) Gain( Z_2)Gain( Z_1) . Such a bound yi…"
P031-C0101,CLAIM,P031,remark,INTERPRETIVE_REMARK,"Relation to primitives P5 and P6: In the main text, P5 (packaging) is expressed as a completion endomap E with fixed points, while the present appendix expresses packaging at a boundary as a causal bridge Z acting on port signals. Both viewpoints represent ``…"
P031-C0102,CLAIM,P031,theorem,THEOREM_GRADE,ECT summary: linear ICAP capacity and DIV from three slots: Fix a depth-indexed family of packaged bridges ( Z_j)_j with port spaces U_j and a horizon T>0 . Assume the following slot conditions hold for all sufficiently large j : (Mode compression) Z_j admits…
P031-C0103,CLAIM,P031,remark,INTERPRETIVE_REMARK,"Non-implication: why ECT is an add-on, not automatic: The ECT conclusion is not a consequence of passivity alone. Passivity (existence of a storage functional with S(t)-S(s) ∈t_s^t u, Z u ) does not by itself control ICAP constants, does not force mode compre…"
P031-C0104,CLAIM,P031,definition,DEFINITION,"Atomic/sector decompositions of a packaged bridge (ID: D-ECT-ATOM-01): Fix a port space U and a finite horizon T>0 , and write U:=L^2([0,T];U) . Let Z: U→ U be a causal bridge (Definition ). An atomic (sector) decomposition of Z is a representation Z = _ r=1…"
P031-C0105,CLAIM,P031,definition,DEFINITION,"Dissipative atom representation (ID: D-ECT-ATOM-SS-01): Let Z_r be an atom in an atomic decomposition (Definition ) acting on U:=L^2([0,T];U) . We say Z_r admits a dissipative atom representation if it has a kernel K_r(tau)\ =\ C_r e^ A_rtau B_r, tau 0, with…"
P031-C0106,CLAIM,P031,definition,DEFINITION,"Balanced coupling (ID: D-ECT-BAL-01): In the setting of Definition , fix a constant Lambda_0>0 . We say the atom Z_r satisfies the balanced coupling condition with constant Lambda_0 if \|C_r\|_ op \ \|B_r\|_ op \ \ Lambda_0 lambda_r, where lambda_r>0 is the s…"
P031-C0107,CLAIM,P031,definition,DEFINITION,"ICAP capacity functional (ID: D-ECT-CAP-01): For a causal bridge Z: U→ U , define its ICAP capacity constant Cap( Z)\ :=\ ∈fBig\ Lambda∈(0,∈fty):\ W^+[s,t] Lambda∈t_s^t\|u(tau)\|_U^2 dtau for all 0 s t T and u∈ U Big\ , where u^ [s,t] :=u 1_ [s,t] , y^ [s,t]…"
P031-C0108,CLAIM,P031,lemma,THEOREM_GRADE,Balanced decay implies a uniform kernel-mass bound (ID: L-ECT-BAL-KMASS-01): Assume Z_r admits a dissipative atom representation (Definition ) and satisfies the balanced coupling condition with constant Lambda_0 (Definition ). Then the operator-valued kernel…
P031-C0109,CLAIM,P031,lemma,THEOREM_GRADE,"Finite kernel-mass convolution bridges satisfy ICAP for truncated inputs (ID: L-ECT-FMEM-01): Let U be a finite-dimensional port space and U:=L^2([0,T];U) . Consider a causal convolution bridge Z: U→ U of the form ( Zu)(t)\ :=\ ∈t_0^t K(t-tau) u(tau) dtau, wh…"
P031-C0110,CLAIM,P031,corollary,THEOREM_GRADE,Balanced atoms have uniform ICAP: C-ECT-BAL-ICAP-01. Assume Z_r admits a dissipative atom representation (Definition ) and satisfies the balanced coupling condition with constant Lambda_0 (Definition ). Then Cap( Z_r) Lambda_0 in the sense of Definition . Tha…
P031-C0111,CLAIM,P031,remark,INTERPRETIVE_REMARK,"Finite-memory bridges as a P5 packaging target: Lemma provides a concrete sufficient condition for the uniform per-atom ICAP hypothesis used in Lemma . Accordingly, one natural packaging target for P5 is to return atom bridges that admit a convolution represe…"
P031-C0112,CLAIM,P031,lemma,THEOREM_GRADE,"Mechanical ECT: sector ICAP + mode count implies linear capacity (ID: L-ECT-MECH-01): Let Z= _ r=1 ^m Z_r be an atomic decomposition in the sense of Definition . Assume each atom satisfies ICAP with a uniform constant Lambda_0 , i.e.\ for all r and all 0 s t…"
P031-C0113,CLAIM,P031,remark,INTERPRETIVE_REMARK,"DIV-ready chain: Fix a depth j and interval [t_j,t_ j+1 ] with input u_j and output y_j= Z_j u_j . If the positive supplied work satisfies W_j^+[t_j,t_ j+1 ] for some >0 , then by ICAP, ∈t_ t_j ^ t_ j+1 \|u_j(tau)\|_ U_j ^2 dtau \ \ Cap( Z_j) . If, in additio…"
P031-C0114,CLAIM,P031,remark,INTERPRETIVE_REMARK,"Route mismatch as an additive gain error: In the default linear-operator specialization of Appendix E, Lemma and show that route mismatch contributes an additive term to two-step gain growth. Thus, when estimating gains along successive reductions, RM(j) appe…"
P031-C0115,CLAIM,P031,definition,DEFINITION,"Feasibility gate and induced coercive norm (ID: D-ECT-GATE-01): Fix a finite horizon T>0 , a port Hilbert space U_j , and write U_j:=L^2([0,T];U_j) . Let G_j:U_j→ U_j be a self-adjoint positive semidefinite operator. Define the feasible input class U_j^ feas…"
P031-C0116,CLAIM,P031,lemma,THEOREM_GRADE,"Coercivity on the feasible set (ID: L-ECT-COER-01): Let Z_j: U_j→ U_j be a causal bridge. Assume that for every feasible input u∈ U_j^ feas and every 0 s t T , with output y= Z_j u , ∈t_s^t u(tau),y(tau) dtau\ \ ∈t_s^t u(tau),G_j u(tau) dtau. Then, on U_j^ fe…"
P031-C0117,CLAIM,P031,remark,INTERPRETIVE_REMARK,"Hard slot HL-P2-CORE (P2 must eliminate lossless feasible directions): Slot (HL-P2-CORE). There exists a self-adjoint G_j 0 whose kernel coincides with the lossless directions of the packaged bridge at depth j (e.g.\ in a linear specialization, (G_j)= (Sym Z_…"
P031-C0118,CLAIM,P031,lemma,THEOREM_GRADE,"Feasibility shrinkage implies depth-scaled coercivity (ID: L-ECT-SHRINK-01): Assume the setup of Definition and Lemma . Suppose there exists a constant a_j>0 such that for every feasible input u∈ U_j^ feas and every interval 0 s t T , |u|_ L^2_X(s,t) ^2 a_j^2…"
P031-C0119,CLAIM,P031,remark,INTERPRETIVE_REMARK,"Examples of depth scaling: If a_j (j+1) , then c_j=a_j^2 (j+1)^2 . If a_j 2^ s j , then c_j=a_j^2 2^ 2 s j . These are purely algebraic consequences of the shrinkage hypothesis."
P031-C0120,CLAIM,P031,definition,DEFINITION,"Sectorization of the port space (ID: D-ECT-SECT-01): Fix a depth j and a port Hilbert space U_j . A sectorization is the choice of a finite index set Q_j and a family of orthogonal projections \ Pi_ j,q :U_j→ U_j\ _ q∈ Q_j such that Pi_ j,q Pi_ j,q' =0 for q…"
P031-C0121,CLAIM,P031,definition,DEFINITION,"Sector-respecting minimal decompositions (P5-min) (ID: D-ECT-P5MIN-01): Assume a sectorization as in Definition . An atomic decomposition Z_j= _ r=1 ^m Z_ j,r (Definition ) is sector-respecting if for each atom r there exists a sector label sigma(r)∈ Q_j such…"
P031-C0122,CLAIM,P031,lemma,THEOREM_GRADE,Sectorization bounds the minimal mode count (ID: L-ECT-MODE-UB-01): Assume a sectorization as in Definition . Then any sector-respecting atomic decomposition of Z_j can be merged within each sector to produce a sector-respecting decomposition with at most |Q_…
P031-C0123,CLAIM,P031,definition,DEFINITION,"Quantized index hypothesis (ID: D-ECT-P4IDX-01): Fix depth j and a sectorization as in Definition . We say the sectorization has a quantized index if there exists a constant C_0 1 and an injective map _j: Q_j \ 0,1,2, , C_0(j+1) -1\ . Equivalently, each secto…"
P031-C0124,CLAIM,P031,lemma,THEOREM_GRADE,"Quantized index implies linear sector count (ID: L-ECT-QSIZE-01): Under the quantized index hypothesis of Definition , we have |Q_j|\ \ C_0(j+1) ."
P031-C0125,CLAIM,P031,corollary,THEOREM_GRADE,Linear mode bound from P4 index (ID: C-ECT-HL1-01): Assume a sectorization (Definition ) and P5-min packaging (Definition ). Assume also the quantized index hypothesis (Definition ). Then the packaged mode count satisfies m_j \ \ |Q_j|\ \ C_0(j+1) .
P031-C0126,CLAIM,P031,remark,INTERPRETIVE_REMARK,"Hard lemma slots behind coercivity emergence: Lemma is purely algebraic. In applications, the substantive work is to justify: (i) a sector/atom model produced by packaging (P5) in which a uniform per-atom ICAP bound holds, (ii) a mode-count compression estima…"
P027-C0001,CLAIM,P027,paper_thesis,PAPER_STATED_COMPOSITE_RESULT,"Six Birds Foundations I introduced a stratified closure calculus with six primitive closure roles. The present paper extends that calculus into a theorem-level framework in three parts: a primitive role architecture fixing the meanings, levels, local boundari…"
P027-C0002,CLAIM,P027,nonclaim,EXPLICIT_NONCLAIM,"We do not claim unrestricted exact-six, all-emergence coverage, a full six-primitives algebra, global primitive independence, empirical realization, internal instrument-family completeness, or recognition-completeness of the six roles."
P027-C0003,CLAIM,P027,result_summary,NAMED_RESULT_OR_GATE_SURFACE,"The terminal theorem, informally: A finite audited typed closure description D is a finitely presented collection of typed raw records and annotations subject to finiteness, closure, and honest-bookkeeping conditions. The role vocabulary P1–P6 enters D not as…"
P027-C0004,CLAIM,P027,scope_boundary,SCOPE_OR_LIMITATION_RECORD,"What the paper does and does not claim: The terminal theorem is scoped exact-six, not unrestricted exact-six. It makes none of the following stronger claims: [topsep=2pt,itemsep=1pt] unrestricted exact-six, or any claim about all emergence phenomena; that eve…"
P027-C0005,CLAIM,P027,definition,DEFINITION,"Primitive closure roles: The six primitive closure roles are [topsep=2pt,itemsep=1pt] P1 — update-vs-quotient compatibility / descent obstruction ; P2 — macro-specification representability ; P3 — enriched route/coherence mismatch ; P3 is not a directionality…"
P027-C0006,CLAIM,P027,remark,INTERPRETIVE_REMARK,Corrected alignments: Three alignments that Definition rules out are used throughout later classification: generic transition data is not P3; generic path or derivation data is not P5; and generic semantic or interpretation data is not P1. These constraints d…
P027-C0007,CLAIM,P027,remark,INTERPRETIVE_REMARK,"Drive face of P6: Arguments about affinities, detailed balance, or honest directionality use the narrower P6_ drive specialization of P6: its affinity-carrying, detailed-balance-breaking face . P6_ drive is a face of P6, not a replacement for it. A P3 route/c…"
P027-C0008,CLAIM,P027,definition,DEFINITION,"Level trichotomy: For each role P1, , P6, we distinguish [topsep=2pt,itemsep=1pt] the behavioral level: status, occurrence, or observed behavior of the role in a description; the verification level: proof, witness, certificate, or checkable record supporting…"
P027-C0009,CLAIM,P027,remark,INTERPRETIVE_REMARK,"Level content per primitive: The level trichotomy instantiates as follows. [topsep=2pt,itemsep=1pt] P1: descent success or descent obstruction status; descent proof or obstruction witness; quotient data equipped with a descended map, or an explicit no-descend…"
P027-C0010,CLAIM,P027,proposition,CONDITIONAL_THEOREM,"Boundary distinctions under scoped bookkeeping: For every pair of roles listed in Table , the corresponding ``forbidden collapse'' is ruled out as a locally admissible identification of those two roles under the repaired alignments of Remark together with the…"
P027-C0011,CLAIM,P027,remark,INTERPRETIVE_REMARK,"Not a global independence theorem: The boundary matrix asserts local distinctions, not global independence. Primitives interact legitimately in a single description: P1 descent is audited by P6; P3 route terms may be indexed by P4 stages; nontrivial P2 repres…"
P027-C0012,CLAIM,P027,scope_boundary,SCOPE_OR_LIMITATION_RECORD,Selected-lift atlas and global nonclaims: The remaining architectural data are the selected lifts between levels and the nonclaims that accompany them. Upgrading from behavioral or verification content to the structural-categorical level requires explicitly r…
P027-C0013,CLAIM,P027,definition,DEFINITION,"Selected-lift atlas: The selected-lift atlas for the six roles records, for each P1, , P6: [topsep=2pt,itemsep=1pt] P1: proof or witness together with quotient structure, carrying either a descended map or an explicit no-map obstruction; P2: representability…"
P027-C0014,CLAIM,P027,remark,INTERPRETIVE_REMARK,"Global nonclaims for the role architecture: The role architecture preserves the following nonclaims, all carried forward into the admissibility regime of Section and the theorem chain of Sections – : [topsep=2pt,itemsep=1pt] no full six-primitives algebra is…"
P027-C0015,CLAIM,P027,definition,DEFINITION,Admissible claim under honest bookkeeping: Honest bookkeeping is the admissibility regime for claims about a description D ∈ FATCD . A claim that enters the theorem chain is declared admissible only if every assertion below carries an explicit record in Audit…
P027-C0016,CLAIM,P027,remark,INTERPRETIVE_REMARK,"Why the regime is necessary: The bookkeeping requirement is a structural check, not a stylistic one. Without explicit records, passive observation can be misread as P6, mere packaging as P1 descent, and route failure as P3 mismatch. The regime prevents those…"
P027-C0017,CLAIM,P027,proposition,CONDITIONAL_THEOREM,"Typed non-collapse: Under honest bookkeeping (Definition ) and the repaired alignments of Remark , for every pair of primitive roles (P_i, P_j) with i j , the ``forbidden collapse'' of the corresponding row in Table is not admissible as an identification of P…"
P027-C0018,CLAIM,P027,remark,INTERPRETIVE_REMARK,Typed non-collapse versus global independence: Typed non-collapse is strictly weaker than global primitive independence. It does not assert that the six roles are logically or categorically independent in a global algebra; it asserts only that the pairwise id…
P027-C0019,CLAIM,P027,definition,DEFINITION,"Level profile of an admissible claim: Every admissible claim about a description D ∈ FATCD carries a level profile: each claim is located on the behavioral, verification, or structural-categorical level, and each cross-level assertion is accompanied by a tran…"
P027-C0020,CLAIM,P027,definition,DEFINITION,"Admissible forgetting and selected lifts: Forgetting from the structural-categorical level to verification, and from verification to behavioral, is admissible and is always lossy in principle: an admissible forgetting carries a record of the losses in Audit D…"
P027-C0021,CLAIM,P027,remark,INTERPRETIVE_REMARK,"Lower-to-higher non-determinacy: Definition formalizes the non-determinacy of lower-level data: given behavioral or verification content alone, no choice of structural-categorical content is forced by the admissibility regime, and any asserted choice must be…"
P027-C0022,CLAIM,P027,remark,INTERPRETIVE_REMARK,"Activation thresholds: At the regime level, the threshold-attachment discipline of Definition reads as follows. An admissible active derived role projection pi_i(D) exists only when D carries the threshold, witness, level, collapse, and audit data required by…"
P027-C0023,CLAIM,P027,definition,DEFINITION,"Admissible visibility record: Every admissible claim carries an explicit visibility record comprising its visible content, its suppressed content, the instruments under which the visibility and suppression are asserted, and the resulting instrument-relative c…"
P027-C0024,CLAIM,P027,remark,INTERPRETIVE_REMARK,No instrument-free truth: Definition does not claim that instruments are free of distortion or that any single instrument is canonical. It asserts only that admissible claims carry an instrument-relative visibility record. Instrument completeness is deferred…
P027-C0025,CLAIM,P027,definition,DEFINITION,"Admissible empirical-bridge claim: An empirical-bridge claim about D ∈ FATCD is admissible only when it carries, in Audit D , [topsep=2pt,itemsep=1pt] the substrate and observable to which the bridge relates; the instrument under which the observable is measu…"
P027-C0026,CLAIM,P027,scope_boundary,SCOPE_OR_LIMITATION_RECORD,"Nonclaim closure across the admissibility regime: The admissibility regime, recorded in the definitions and propositions of this section — honest bookkeeping (Definition ), typed non-collapse (Proposition ), the level-profile architecture (Definition ), admis…"
P027-C0027,CLAIM,P027,proposition,CONDITIONAL_THEOREM,"Admissibility-regime nonclaim closure: Under the admissibility regime, the following remain non-claims: [topsep=2pt,itemsep=1pt] no full six-primitives algebra is claimed; no global primitive-independence theorem is claimed; no empirical realization is claime…"
P027-C0028,CLAIM,P027,nonclaim,EXPLICIT_NONCLAIM,"by the same proposition it leaves the restricted typed boundary interactions available, so the standing non-claim is the global primitive-independence theorem and the full six-primitives algebra, not the absence of interaction."
P027-C0029,CLAIM,P027,nonclaim,EXPLICIT_NONCLAIM,"Level-profile architecture (Definition ) blocks direct cross-level comparison without a translation record, which is exactly the non-claim that cross-level comparison remains inadmissible without translation."
P027-C0030,CLAIM,P027,nonclaim,EXPLICIT_NONCLAIM,"Instrument-relative visibility (Definition ) blocks instrument-free truth claims and visible-to-suppressed overreads, which yields the non-claim that no instrument-free truth claim is made."
P027-C0031,CLAIM,P027,nonclaim,EXPLICIT_NONCLAIM,this yields the non-claim that no empirical realization is claimed and that empirical-bridge claims carry the required data.
P027-C0032,CLAIM,P027,nonclaim,EXPLICIT_NONCLAIM,Those that restate a global nonclaim of Remark are thereby carried forward into the regime
P027-C0033,CLAIM,P027,definition,DEFINITION,"Raw record: A raw record is a finite typed syntactic or relational feature of a description. The admissible record kinds are [topsep=2pt,itemsep=1pt] object and state records; relation records, map records, and partial-map records; predicate records and compa…"
P027-C0034,CLAIM,P027,definition,DEFINITION,"Annotations: In addition to raw records, a description admits annotations of six declared kinds: [topsep=2pt,itemsep=1pt] level annotations Ann_L ; threshold annotations Ann_Theta ; lift annotations Ann_ Lift ; forgetting annotations Ann_ Forget ; instrument-…"
P027-C0035,CLAIM,P027,remark,INTERPRETIVE_REMARK,"Independence of the feature alphabet: The record and annotation kinds in Definitions and are syntactic or relational entities. No kind is named P1, , P6. Consequently, membership in FATCD does not require any derived role projection, does not require an exact…"
P027-C0036,CLAIM,P027,definition,DEFINITION,"Finite description: A description D is finite when [topsep=2pt,itemsep=1pt] Raw D contains finitely many records and annotations; every record or annotation carries finite typed fields; every relation, map, path, trace, or annotation is finitely represented;…"
P027-C0037,CLAIM,P027,definition,DEFINITION,"Closed description: A finite description D satisfies the closure condition Closed D when [topsep=2pt,itemsep=1pt] every source and target of every relation or map record is a declared record of D ; every endpoint of every path or derivation record is a declar…"
P027-C0038,CLAIM,P027,definition,DEFINITION,"Audited description: A description D is audited when every claim carried by D has an honest bookkeeping record. The collection of such records is denoted Audit D ⊆ Raw D , subject to the following discipline: [topsep=2pt,itemsep=1pt] every promotion records i…"
P027-C0039,CLAIM,P027,definition,DEFINITION,"Finite audited typed closure description: A finite audited typed closure description is a finitely presented, closed, audited collection of typed raw records and annotations, equipped with honest bookkeeping for claims, levels, thresholds, visibility, forgett…"
P027-C0040,CLAIM,P027,remark,INTERPRETIVE_REMARK,"No minimum richness: FATCD imposes no lower bound on description size. A description consisting of a single object record together with the bookkeeping required by its claims may be admissible, as may a richer description carrying transitions, paths or deriva…"
P027-C0041,CLAIM,P027,definition,DEFINITION,"Threshold attachment: A threshold annotation Ann_Theta ∈ Raw D attaches first to a finite cluster C ⊆ Raw D of raw features of D , where C may consist of a single raw feature. No role projection is attempted on C until all of the following are present in Raw…"
P027-C0042,CLAIM,P027,remark,INTERPRETIVE_REMARK,"Pre-projection discipline: The items of Definition form a structural precondition, not a process narrative. What matters is that each item is present explicitly in Raw D before a role projection is asserted, so that no threshold, witness, collapse case, or le…"
P027-C0043,CLAIM,P027,definition,DEFINITION,"Derived role projection: A derived role projection for a description D ∈ FATCD at role index i ∈ \ 1, ,6\ is an active derived interpretation pi_i(D) of raw features of D as the role P_i , supported by threshold data, witness schema, level assignment, and hon…"
P027-C0044,CLAIM,P027,remark,INTERPRETIVE_REMARK,"Fixed role meanings: The role names P1–P6 are defined by their meanings in Section : P1 concerns update-vs-quotient compatibility and descent obstruction; P2 concerns macro-specification representability; P3 concerns enriched route and coherence mismatch, not…"
P027-C0045,CLAIM,P027,remark,INTERPRETIVE_REMARK,"Projection and membership are independent: Whether a description D supports a given derived role projection pi_i(D) is not part of the admissibility conditions of Definitions – . A description D ∈ FATCD may carry no derived role projection, projections for so…"
P027-C0046,CLAIM,P027,definition,DEFINITION,Residual feature; residual classification scheme: Let D ∈ FATCD . A residual feature of D is a raw record or annotation in Raw D whose role-theoretic disposition is not fixed solely by its raw-grammar kind. The residual classification scheme assigns to each r…
P027-C0047,CLAIM,P027,remark,INTERPRETIVE_REMARK,"Optimization and objective data are not excluded: Raw features expressing optimization, objective, or selection criteria pass through the scheme of Definition ; they are not dismissed by definition. Under the fixed role meanings (Remark ), typical classificat…"
P027-C0048,CLAIM,P027,proposition,CONDITIONAL_THEOREM,Non-circularity schema for FATCD: Membership in FATCD is not defined by requiring a decomposition/exhaustion record or by requiring any derived role projection to exist. Tracked in the formalization harness as a conditional schema (SixBirds.non_circularity);…
P027-C0049,CLAIM,P027,nonclaim,EXPLICIT_NONCLAIM,"At the domain-definition level the scheme records the available labels but does not assert that those two categories are empty, so it cannot smuggle the exact-six answer into the definition of the domain."
P027-C0050,CLAIM,P027,proposition,NEGATIVE_RESULT_THEOREM,"Non-overbreadth schema for FATCD: FATCD is structurally restricted and does not admit arbitrary syntactic material: arbitrary unaudited syntactic material cannot enter FATCD, and mentioning a role name without the supporting threshold, witness, level, collaps…"
P027-C0051,CLAIM,P027,definition,DEFINITION,"Scoped exact-six question: The scoped exact-six question over FATCD asks whether, for every D ∈ FATCD , there exists at least one decomposition/exhaustion record Dec D whose role-channel structure consists of exactly the six typed closure-role channels P1, P2…"
P027-C0052,CLAIM,P027,remark,INTERPRETIVE_REMARK,"Channels, not active projections: An affirmative answer to the scoped exact-six question asserts the existence of six role channels per description, not six active derived projections per description. The distinction introduced in Remark and formalized in Sec…"
P027-C0053,CLAIM,P027,remark,INTERPRETIVE_REMARK,"Relation to the Foundations theorem: Proving ScopedExactSix FATCD is not a re-derivation of the canonical unavoidability result of Foundations I , and ScopedExactSix FATCD does not follow from that result alone. The Foundations theorem derives the P1–P6 vocab…"
P027-C0054,CLAIM,P027,result_summary,NAMED_RESULT_OR_GATE_SURFACE,"Lower-bound theorem and common witness requirements: [Six-role lower bounds] For each role index i ∈ \ 1, ,6\ , there exists a description D_i ∈ FATCD and a derived active projection pi_i(D_i) witnessing the role channel P_i in the sense of Definition . In pa…"
P027-C0055,CLAIM,P027,theorem,CONDITIONAL_THEOREM,"Six-role lower bounds: For each role index i ∈ \ 1, ,6\ , there exists a description D_i ∈ FATCD and a derived active projection pi_i(D_i) witnessing the role channel P_i in the sense of Definition . In particular, each of P1, P2, P3, P4, P5, P6 is instantiat…"
P027-C0056,CLAIM,P027,definition,DEFINITION,"Common witness data for role P_i: A witness of role P_i in FATCD is a tuple (D_i, C_i, Theta_i, W_i, Level_i, v_i^ fin , v_i^ cl , v_i^ aud , n_i, pi_i(D_i) ) where [topsep=2pt,itemsep=1pt] D_i ∈ FATCD is the ambient admissible description; C_i ⊆ Raw D_i is t…"
P027-C0057,CLAIM,P027,nonclaim,EXPLICIT_NONCLAIM,"Each construction below specifies a raw feature cluster, threshold annotation, witness schema, level assignment, derived active projection, and explicit nonclaim record."
P027-C0058,CLAIM,P027,proposition,THEOREM_GRADE,"P1 lower bound: There exists D_1 ∈ FATCD with a derived active projection pi_1(D_1) witnessing P1. The Lean development establishes this for one concrete description witnessDescription Role.P1 under parametric hypotheses (alignment, threshold attachment, and…"
P027-C0059,CLAIM,P027,nonclaim,EXPLICIT_NONCLAIM,The nonclaim record n_1 excludes any P5-packaging identification (Remark ) and any claim of an unconditional descended map in the obstruction case.
P027-C0060,CLAIM,P027,proposition,THEOREM_GRADE,"P2 lower bound: There exists D_2 ∈ FATCD with a derived active projection pi_2(D_2) witnessing P2. The Lean development establishes this for one concrete description witnessDescription Role.P2 under parametric hypotheses (alignment, threshold attachment, and…"
P027-C0061,CLAIM,P027,nonclaim,EXPLICIT_NONCLAIM,The nonclaim n_2 excludes collapse to P5 quotient equality alone and excludes arbitrary relation promotion.
P027-C0062,CLAIM,P027,proposition,THEOREM_GRADE,"P3 lower bound: There exists D_3 ∈ FATCD with a derived active projection pi_3(D_3) witnessing P3. The Lean development establishes this for one concrete description witnessDescription Role.P3 under parametric hypotheses (alignment, threshold attachment, and…"
P027-C0063,CLAIM,P027,nonclaim,EXPLICIT_NONCLAIM,The nonclaim n_3 excludes conflation with P1 route undefinedness and with direct cross-level comparison.
P027-C0064,CLAIM,P027,proposition,THEOREM_GRADE,"P4 lower bound: There exists D_4 ∈ FATCD with a derived active projection pi_4(D_4) witnessing P4. The Lean development establishes this for one concrete description witnessDescription Role.P4 under parametric hypotheses (alignment, threshold attachment, and…"
P027-C0065,CLAIM,P027,nonclaim,EXPLICIT_NONCLAIM,The nonclaim n_4 excludes bare labels and arbitrary relations or transitions without laws.
P027-C0066,CLAIM,P027,proposition,THEOREM_GRADE,P5 lower bound: There exists D_5 ∈ FATCD with a derived active projection pi_5(D_5) witnessing P5. The Lean development establishes this for one concrete description witnessDescription Role.P5 under parametric hypotheses (alignment over the same raw-kind clus…
P027-C0067,CLAIM,P027,nonclaim,EXPLICIT_NONCLAIM,The nonclaim n_5 excludes identity packaging and weak-distinctness witnesses.
P027-C0068,CLAIM,P027,proposition,THEOREM_GRADE,P6 lower bound: There exists D_6 ∈ FATCD with a derived active projection pi_6(D_6) witnessing P6. The Lean development establishes this for one concrete description witnessDescription Role.P6 under parametric hypotheses (alignment over event/provenance/repla…
P027-C0069,CLAIM,P027,nonclaim,EXPLICIT_NONCLAIM,"The nonclaim n_6 excludes passive logs, certificate-only content, and partial audit records."
P027-C0070,CLAIM,P027,remark,INTERPRETIVE_REMARK,"What the lower bounds do and do not establish: Theorem asserts that each of the six roles is instantiated somewhere in FATCD. It does not prove exact-six, does not rule out candidate seventh-role threats, does not prove decomposition, and does not prove uniqu…"
P027-C0071,CLAIM,P027,proposition,NEGATIVE_RESULT_THEOREM,"Role-projection alignment: Under honest bookkeeping and the witness discipline of Definition , each role projection is constrained as follows. [topsep=2pt,itemsep=1pt] P1: admissible only when the candidate cluster carries a selected update, a quotient or rel…"
P027-C0072,CLAIM,P027,remark,INTERPRETIVE_REMARK,"Three corrected alignments, held fixed: Proposition fixes three alignments that are held throughout: generic transition data does not project to P3, generic path or derivation data does not project to P5, and generic semantic or interpretation data does not p…"
P027-C0073,CLAIM,P027,proposition,THEOREM_GRADE,"Closure of probability and uncertainty: Every admissible probability or uncertainty feature of a description D ∈ FATCD whose content takes one of the recognized forms below classifies, within the covered scope, as one of [topsep=2pt,itemsep=1pt] a P2 projecti…"
P027-C0074,CLAIM,P027,proposition,THEOREM_GRADE,"Closure of residual causality: Every admissible residual-causality feature of a description D ∈ FATCD whose content takes one of the recognized forms below classifies, within the covered scope, as one of [topsep=2pt,itemsep=1pt] a P4 projection, as the primar…"
P027-C0075,CLAIM,P027,proposition,NEGATIVE_RESULT_THEOREM,"Closure of residual agency: Every admissible residual-agency feature of a description D ∈ FATCD whose content takes one of the recognized forms below classifies, within the covered scope, as one of [topsep=2pt,itemsep=1pt] a composite of P2, P4, and P6, when…"
P027-C0076,CLAIM,P027,remark,INTERPRETIVE_REMARK,"Scope of the closures: Propositions – close the three threats within the covered scope; they do not make scope-free claims. A feature that falls outside the covered scope is classified as an outside-domain structure via Definition , not absorbed into a primit…"
P027-C0077,CLAIM,P027,result_summary,NAMED_RESULT_OR_GATE_SURFACE,The recognition hypothesis and the classification theorem: [Recognition hypothesis] A description D ∈ FATCD satisfies the recognition hypothesis when every residual feature r ∈ Residual D is recognized: the closure content of r either supplies the witness typ…
P027-C0078,CLAIM,P027,definition,DEFINITION,Recognition hypothesis: A description D ∈ FATCD satisfies the recognition hypothesis when every residual feature r ∈ Residual D is recognized: the closure content of r either supplies the witness type of one of the six role meanings of Definition — so that r…
P027-C0079,CLAIM,P027,remark,INTERPRETIVE_REMARK,"The recognition hypothesis is assumed, not derived: The recognition hypothesis is an explicit assumption on D , not a consequence of the FATCD definitions. Two kinds of finite, audited, in-domain feature are not known to be recognized: a feature carrying a co…"
P027-C0080,CLAIM,P027,theorem,THEOREM_GRADE,"Upper-bound classification: Let D ∈ FATCD satisfy the recognition hypothesis (Definition ), and let r be a residual feature of D in the sense of Definition . Then r classifies as one of [label=( ),topsep=2pt,itemsep=1pt] already absorbed into an admissible P1…"
P027-C0081,CLAIM,P027,remark,INTERPRETIVE_REMARK,"Scope of the theorem: Theorem is conditional on the recognition hypothesis (Definition ) and scoped to FATCD. It does not derive that no finite audited feature requires a seventh role; it assumes this, and discharges the assumption unconditionally only for th…"
P027-C0082,CLAIM,P027,definition,DEFINITION,"Channel status: For each i ∈ \ 1, ,6\ , the role channel Chan i D of a description D ∈ FATCD is the P_i -labeled slot in the six-channel interface associated to D , regardless of whether that slot is active. A channel status for Chan i D is exactly one of the…"
P027-C0083,CLAIM,P027,definition,DEFINITION,"Decomposition/exhaustion record: A decomposition/exhaustion record for D ∈ FATCD is a tuple Dec D = (Raw D , (Chan i D , Status i D )_ i=1 ^ 6 , Residual D , Classify, L, V, Audit D , N ) where [topsep=2pt,itemsep=1pt] the six role channels together with thei…"
P027-C0084,CLAIM,P027,theorem,CONDITIONAL_THEOREM,Decomposition existence: Every description D ∈ FATCD admits a well-formed decomposition/exhaustion record Dec D in the sense of Definition . Tracked in the formalization harness as a conditional schema (SixBirds.decomposition_existence); see Appendix .
P027-C0085,CLAIM,P027,theorem,CONDITIONAL_THEOREM,"Six-channel exactness and residual exhaustion: For every D ∈ FATCD and every well-formed Dec D in the sense of Definition : [label=( ),topsep=2pt,itemsep=1pt] the channel sequence (Chan i D )_ i=1 ^ 6 has length exactly six, one per primitive role P1, , P6; e…"
P027-C0086,CLAIM,P027,nonclaim,EXPLICIT_NONCLAIM,"It does not assert six active projections in every record, nor does it assert that a well-formed record is unique."
P027-C0087,CLAIM,P027,proposition,CONDITIONAL_THEOREM,"Channel-versus-activation discipline: Let D ∈ FATCD and let Dec D be a well-formed decomposition/exhaustion record. The following are distinct statements: [label=( ),topsep=2pt,itemsep=1pt] Six channels: the channel sequence (Chan i D )_ i=1 ^ 6 has length si…"
P027-C0088,CLAIM,P027,proposition,THEOREM_GRADE,"Decomposition records are not unique: A description D ∈ FATCD may admit more than one well-formed decomposition/exhaustion record in the sense of Definition . Distinct well-formed records may differ in level assignments, choice of witness schema, residual cla…"
P027-C0089,CLAIM,P027,remark,INTERPRETIVE_REMARK,"What the decomposition theorems do and do not prove: Theorems and establish the structural side of the scoped exact-six claim: every D ∈ FATCD admits a six-channel decomposition/exhaustion record, with residual exhaustion in the covered scope under the recogn…"
P027-C0090,CLAIM,P027,nonclaim,EXPLICIT_NONCLAIM,"Each family is a guardrail that restates a nonclaim already secured by an earlier result, so each is recorded as a remark."
P027-C0091,CLAIM,P027,remark,INTERPRETIVE_REMARK,"Dependency stress: The scoped exact-six target is dependency-coherent only when the theorem chain is assembled in the order FATCD domain lower bounds upper-bound classification decomposition/exhaustion. Accordingly, the following are inadmissible: [topsep=2pt…"
P027-C0092,CLAIM,P027,remark,INTERPRETIVE_REMARK,"Circularity stress: Three circularity patterns are inadmissible under the theorem chain: [topsep=2pt,itemsep=1pt] redefining FATCD so that it already contains exactly six role slots by construction; declaring the absence of a seventh role by definition rather…"
P027-C0093,CLAIM,P027,remark,INTERPRETIVE_REMARK,"Channel-versus-activation stress: The following conflations are inadmissible: [topsep=2pt,itemsep=1pt] requiring that every D ∈ FATCD activates all six role channels; treating an inactive channel of status below_threshold as an active witness for its role; tr…"
P027-C0094,CLAIM,P027,remark,INTERPRETIVE_REMARK,"Role-alignment stress: The three forbidden assignments of Remark are inadmissible: generic transition data does not project to P3, generic path or derivation data does not project to P5, and generic semantic or interpretation data does not project to P1. The…"
P027-C0095,CLAIM,P027,remark,INTERPRETIVE_REMARK,"Upper-bound residual stress: Under Theorem and within the covered scope, the following regressions are inadmissible: [topsep=2pt,itemsep=1pt] probability or uncertainty features reopening as unresolved threats; residual-causality features reopening as unresol…"
P027-C0096,CLAIM,P027,remark,INTERPRETIVE_REMARK,"Overclaim stress: The following restatements of the scoped exact-six target are inadmissible: [topsep=2pt,itemsep=1pt] restatement as a full six-primitives algebra; restatement as a global primitive-independence theorem; restatement as unique or canonical dec…"
P027-C0097,CLAIM,P027,result_summary,NAMED_RESULT_OR_GATE_SURFACE,"The integrated stress certification: [Integrated stress certification] The theorem chain of Sections , , , and satisfies each of the six stress families recorded in the stress remarks of this section. Dependency, circularity, channel-versus-activation, role-a…"
P027-C0098,CLAIM,P027,proposition,CONDITIONAL_THEOREM,"Integrated stress certification: The theorem chain of Sections , , , and satisfies each of the six stress families recorded in the stress remarks of this section. Dependency, circularity, channel-versus-activation, role-alignment, upper-bound residual, and ov…"
P027-C0099,CLAIM,P027,nonclaim,EXPLICIT_NONCLAIM,"thus nonclaim closure survives the exact-six assembly, and no full-algebra, global-independence, unique-decomposition, empirical-realization, or broadened-domain reading is admitted."
P027-C0100,CLAIM,P027,nonclaim,EXPLICIT_NONCLAIM,"Dependencies cohere, the channel-versus-activation distinction holds, nonclaim closure holds, and the chain admits none of the listed regressions, so the assembled target is eligible for the terminal statement of Section ."
P027-C0101,CLAIM,P027,result_summary,NAMED_RESULT_OR_GATE_SURFACE,"The scoped exact-six theorem: The theorem chain of Sections – and the integrated stress certification of Section together permit the terminal statement. The scoped exact-six theorem combines the definition of FATCD with the lower bounds, the upper-bound class…"
P027-C0102,CLAIM,P027,theorem,NEGATIVE_RESULT_THEOREM,"Scoped exact-six: Let D ∈ FATCD satisfy the recognition hypothesis (Definition ). Then D admits a well-formed decomposition/exhaustion record Dec D with exactly six typed closure-role channels: [topsep=2pt,itemsep=1pt] P1: update-vs-quotient compatibility / d…"
P027-C0103,CLAIM,P027,result_summary,PAPER_STATED_RESULT_SUMMARY,Theorem has a reading that should be preserved throughout what follows.
P027-C0104,CLAIM,P027,nonclaim,EXPLICIT_NONCLAIM,"It does not assert that every D activates all six roles, that every D carries six active projections pi_1(D), , pi_6(D) , or that a single D realizes all six witness schemas of Section . it does not assert uniqueness or canonicity. It does not assert a full s…"
P027-C0105,CLAIM,P027,nonclaim,EXPLICIT_NONCLAIM,An unrestricted exact-six theorem would require a domain-free argument for which the present paper does not claim to have the instruments.
P027-C0106,CLAIM,P027,result_summary,NAMED_RESULT_OR_GATE_SURFACE,"The three parts as one theorem stack: The three parts introduced in Section play complementary roles. The primitive role architecture (Section ) fixes the vocabulary: six role meanings, the behavioral, verification, and structural-categorical level pattern, a…"
P027-C0107,CLAIM,P027,nonclaim,EXPLICIT_NONCLAIM,the associated nonclaim is that no result here rests on an instrument-free truth.
P027-C0108,CLAIM,P027,nonclaim,EXPLICIT_NONCLAIM,"The discipline is one of epistemic hygiene, in the spirit of Bohr's complementarity doctrine : we do not claim that instruments are incompatible in principle, only that they are not interchangeable without explicit visibility bookkeeping and, where contexts s…"
P027-C0109,CLAIM,P027,open_problem,OPEN_PROBLEM_OR_DEFERRED_WORK,This posture also explains why the endogenous-instrument meta-limit (Sections and ) is deferred to future work.
P027-C0110,CLAIM,P027,result_summary,NAMED_RESULT_OR_GATE_SURFACE,"Relation to earlier Six Birds results: Six Birds Foundations I introduced the theory-package formalism T = (Z, f, Sigma_f, E, A) and derived the P1–P6 vocabulary under minimal hypotheses of composability with limited interface access. The present paper does n…"
P027-C0111,CLAIM,P027,scope_boundary,SCOPE_OR_LIMITATION_RECORD,Limitations and nonclaims: This section collects the scope restrictions of Theorem and the global nonclaims preserved throughout.
P027-C0112,CLAIM,P027,result_summary,NAMED_RESULT_OR_GATE_SURFACE,"Scope of the terminal theorem: Theorem quantifies over D ∈ FATCD , where FATCD is the finite audited typed closure description domain of Definition . The theorem asserts: [topsep=2pt,itemsep=1pt] existence of a decomposition/exhaustion record Dec D with six r…"
P027-C0113,CLAIM,P027,scope_boundary,SCOPE_OR_LIMITATION_RECORD,"residual-feature exhaustion under the upper-bound classification, conditional on the recognition hypothesis (Definition ) and within the covered scope, so that no seventh irreducible role is required there (the three principal threat classes are closed uncond…"
P027-C0114,CLAIM,P027,nonclaim,EXPLICIT_NONCLAIM,"It does not assert: [topsep=2pt,itemsep=1pt] decomposition uniqueness or canonicity"
P027-C0115,CLAIM,P027,scope_boundary,SCOPE_OR_LIMITATION_RECORD,"Global nonclaims: Each nonclaim below is preserved throughout the paper and is enforced locally by the theorem-chain result that would otherwise overread it. [topsep=2pt,itemsep=1pt] No full six-primitives algebra. Scoped exact-six is proved over FATCD; it is…"
P027-C0116,CLAIM,P027,nonclaim,EXPLICIT_NONCLAIM,Each nonclaim below is preserved throughout the paper and is enforced locally by the theorem-chain result that would otherwise overread it.
P027-C0117,CLAIM,P027,nonclaim,EXPLICIT_NONCLAIM,"it is not claimed that P1–P6 generate a global algebra of closure operations (Remark , Remark ). it does not assert that any D ∈ FATCD is itself a substrate observation."
P027-C0118,CLAIM,P027,open_problem,OPEN_PROBLEM_OR_DEFERRED_WORK,"An adjacent meta-theoretic question, deferred to future work, is whether the accepted internal instrument family can itself certify both its soundness and its completeness for exact-six judgments formulable inside the same regime. Future work"
P027-C0119,CLAIM,P027,open_problem,OPEN_PROBLEM_OR_DEFERRED_WORK,"Future work: Theorem and the limitations of Section suggest several follow-on research directions. Each subsection below states a direction, not a commitment."
P027-C0120,CLAIM,P027,open_problem,OPEN_PROBLEM_OR_DEFERRED_WORK,A closely related open question is recognition-completeness: whether every finite audited feature of a description in FATCD reduces to the six role meanings — the recognition hypothesis on which Theorem is conditional (Remark ). establishing or refuting their…
P027-C0121,CLAIM,P027,result_summary,PAPER_STATED_RESULT_SUMMARY,"Theorem is existential. A uniqueness study would investigate when distinct well-formed decomposition/exhaustion records of the same D ∈ FATCD are equivalent under explicit translation records, or when a canonical representative can be selected. The channel-ve…"
P027-C0122,CLAIM,P027,open_problem,OPEN_PROBLEM_OR_DEFERRED_WORK,The generator-and-relation structure of P1–P6 beyond typed non-collapse remains open.
P027-C0123,CLAIM,P027,nonclaim,EXPLICIT_NONCLAIM,later work can couple this to substrate-specific measurement theory while preserving the nonclaim of empirical realization.
P027-C0124,CLAIM,P027,nonclaim,EXPLICIT_NONCLAIM,SelectedLiftAtlas typed mirror (def.) §2 prop: boundary- distinctions SixBirds. boundary_ distinctions schema (projection) §3 prop: honest- bookkeeping SixBirds. honest_ bookkeeping_ admissibility schema (projection) §3 prop: typed- non- collapse SixBirds. ty…
P026-C0001,CLAIM,P026,paper_thesis,PAPER_STATED_COMPOSITE_RESULT,"Earlier work in the Six-Bird program supplies six primitive role families ( P_1, ,P_6 — descent, representability, route mismatch, refinement, packaging, audit), an admissibility and exact-six scope discipline over FATCD , inherited status, threshold, visibil…"
P026-C0002,CLAIM,P026,nonclaim,EXPLICIT_NONCLAIM,"The mathematical content of these theorems is standard — descent through a finite quotient, idempotent saturation, the Kullback–Leibler decomposition, finite cycle/cochain duality, the universal property of the image factorization, and so on — and is not clai…"
P026-C0003,CLAIM,P026,nonclaim,EXPLICIT_NONCLAIM,"The introduction states the gap that the calculus closes, lists what the paper proves and what it does not prove, and gives a reader's map of the remaining sections."
P026-C0004,CLAIM,P026,nonclaim,EXPLICIT_NONCLAIM,"the present paper supplies the finite calculus that records them in a single typed framework with explicit admissibility, audit, status, and nonclaim discipline."
P026-C0005,CLAIM,P026,nonclaim,EXPLICIT_NONCLAIM,a finite nonclaim register N that records the negative boundary of every admissible claim.
P026-C0006,CLAIM,P026,result_summary,NAMED_RESULT_OR_GATE_SURFACE,"Core Calculus Results: The paper records five core finite-calculus theorems in Section 6: No total six-symbol algebra (Theorem 1, Section 6): cell status does not factor through the primitive pair (P_ i ,P_ j ) alone, blocking any total binary algebra on P as…"
P026-C0007,CLAIM,P026,result_summary,NAMED_RESULT_OR_GATE_SURFACE,"Descent, Packaging, Completion, and Strictness Results: The paper records nine theorems on descent, packaging, completion, and strictness in Section 7: Descent through quotient (Theorem 6) and descent defect equivalence (Theorem 7): the well-definedness equiv…"
P026-C0008,CLAIM,P026,result_summary,NAMED_RESULT_OR_GATE_SURFACE,No-Go and Countermodel Results: The paper records the cohomological no-drive theorems of Section 8 and the countermodel atlas of Section 9: Forest no-drive (Theorem 15): beta_ 1 (G)=0 implies H^ 1 (G;k)=0 . Exact-form null-drive (Theorem 16): a=dphi implies _…
P026-C0009,CLAIM,P026,result_summary,NAMED_RESULT_OR_GATE_SURFACE,Promotion and Instrument Results: The paper records the promotion-and-stacking theorems of Section 10 and the self-reference theorems of Section 11: Promotion gate soundness (Theorem 19) and strict promotion implies nonfactorization (Theorem 20): any accepted…
P026-C0010,CLAIM,P026,result_summary,NAMED_RESULT_OR_GATE_SURFACE,"Model-Realization Results: The paper records four scoped model-realization theorems plus secondary high-structure recovery results: PICA model-realization (Model Theorem 33, Subsection 13.2): PICAReal_ fin ^ aud _ fin-stoch ^ cell/pair/prov :model_realization…"
P026-C0011,CLAIM,P026,nonclaim,EXPLICIT_NONCLAIM,the full nonclaim register is recorded in Section 16.
P026-C0012,CLAIM,P026,nonclaim,EXPLICIT_NONCLAIM,"The paper does not assert that every phenomenon, every theory, or all of mathematics reduces to six primitives. The calculus accepts a directed-cell judgment P_ i P_ j only under the per-cell admissibility predicate and per-cell profile of Subsection 4.3, and…"
P026-C0013,CLAIM,P026,nonclaim,EXPLICIT_NONCLAIM,"The paper does not assert that the four model families — PICA, Cantor, abstract interpretation, and graph/cohomology — realize the entire calculus or supply universal theorem sources."
P026-C0014,CLAIM,P026,nonclaim,EXPLICIT_NONCLAIM,"The paper does not assert that any instrument certifies its own complete soundness at the same level, nor that the calculus admits a final self-certifying instrument on a finite tower."
P026-C0015,CLAIM,P026,nonclaim,EXPLICIT_NONCLAIM,"It does not assert complete instrument-family completeness, an infinite reflection tower, or a final instrument that audits itself."
P026-C0016,CLAIM,P026,open_problem,OPEN_PROBLEM_OR_DEFERRED_WORK,"Section 16 records limitations, nonclaims, and future work, with the final paper-inclusion nonclaim block of thirty-six entries."
P026-C0017,CLAIM,P026,nonclaim,EXPLICIT_NONCLAIM,"Levels are not a substitute for instruments either: a level fixes which kind of content a judgment refers to, while an instrument fixes which content is visible, suppressed, or outside scope and what claim strengths are admissible."
P026-C0018,CLAIM,P026,nonclaim,EXPLICIT_NONCLAIM,"[] @ ll@ →prule [b] 0.47 Strength [b] 0.47 Meaning [t] 0.47 theorem-grade [t] 0.47 A statement with a proof in the calculus, stated under explicit host, instrument, package, profile, visibility, threshold, audit, and nonclaim assumptions. [t] 0.47 dropped [t]…"
P026-C0019,CLAIM,P026,nonclaim,EXPLICIT_NONCLAIM,"it remains scoped by the host, instrument, package, profile, visibility, threshold, audit, and nonclaim assumptions on its judgment line."
P026-C0020,CLAIM,P026,nonclaim,EXPLICIT_NONCLAIM,"Suppressed content is not asserted to be false, and content outside the scope of I is not asserted to be unknowable."
P026-C0021,CLAIM,P026,nonclaim,EXPLICIT_NONCLAIM,"Every theorem statement carries explicit host, instrument, package, profile, visibility, threshold, audit, and nonclaim assumptions, and these assumptions are part of the theorem rather than an ambient context that may be relaxed without comment."
P026-C0022,CLAIM,P026,nonclaim,EXPLICIT_NONCLAIM,"with Gamma a finite typed context, T an admissible theory package, I an instrument, and a claim whose use-set has been audited against the visibility, threshold, audit, and nonclaim records attached to the judgment."
P026-C0023,CLAIM,P026,scope_boundary,SCOPE_OR_LIMITATION_RECORD,"Main Negative Scope: The paper does not prove, and does not assume as background, any of the following: a universal exact-six theorem stating that every phenomenon, every theory, or all of mathematics reduces to the six primitive labels; a total binary algebr…"
P026-C0024,CLAIM,P026,nonclaim,EXPLICIT_NONCLAIM,"The paper does not prove, and does not assume as background, any of the following:"
P026-C0025,CLAIM,P026,nonclaim,EXPLICIT_NONCLAIM,"The domain is a finite tuple of finite typed components: a primitive set, a level set, a host inventory, a content universe, instruments, packages, profiles, witness and update families, defect records, judgment families, status families, gates, dependencies,…"
P026-C0026,CLAIM,P026,nonclaim,EXPLICIT_NONCLAIM,"BirdInt^ aud _ fin = ( P, Lev, Host, Cont, Instr, Pkg, Prof, Wit, Upd, Def, Judg, Status, Gate, Dep, Audit, Vis, Source, Nonclaim, Real )."
P026-C0027,CLAIM,P026,nonclaim,EXPLICIT_NONCLAIM,"An instrument fixes the visible/suppressed map, scope, claim types, threshold and audit policies, level assignment, bridge policy, source policy, and nonclaim list under which a claim is to be evaluated. Nonclaim is the finite family of nonclaim records carri…"
P026-C0028,CLAIM,P026,nonclaim,EXPLICIT_NONCLAIM,"[] @ ll@ →prule [b] 0.47 Record kind [b] 0.47 Reference [t] 0.47 theory package T=(Z,f,Sigma_f,E, A) together with attached Foundations III records [t] 0.47 Subsection 3.3 [t] 0.47 instrument record I [t] 0.47 Subsection 3.4 [t] 0.47 primitive label P_i∈ P [t…"
P026-C0029,CLAIM,P026,nonclaim,EXPLICIT_NONCLAIM,"suppression is a relation between a record and an instrument, not a property of the record alone, and it does not assert that the suppressed record is false."
P026-C0030,CLAIM,P026,nonclaim,EXPLICIT_NONCLAIM,a finite nonclaim record N_ T recording what claims about the package are explicitly not asserted.
P026-C0031,CLAIM,P026,nonclaim,EXPLICIT_NONCLAIM,"The visibility, suppression, source, audit, defect, promotion, model-realization, and nonclaim records are extra structure attached around the inherited five-tuple."
P026-C0032,CLAIM,P026,nonclaim,EXPLICIT_NONCLAIM,"Any attached promotion data, model-realization data, or level/lens/interface data is finite, hosted, assigned an explicit visibility status under the relevant instrument, and accompanied by its own source, audit, and nonclaim records. The nonclaim record N_ T…"
P026-C0033,CLAIM,P026,nonclaim,EXPLICIT_NONCLAIM,N_I : the finite nonclaim record of I .
P026-C0034,CLAIM,P026,nonclaim,EXPLICIT_NONCLAIM,"where Gamma is a finite typed context of attached records (witnesses, updates, profiles, level/lens/interface records, visibility records, threshold records, audit records, defect records, and nonclaim records), T is an admissible theory package, I is an admi…"
P026-C0035,CLAIM,P026,nonclaim,EXPLICIT_NONCLAIM,"The full classifier under which is determined consults the visibility partition Visible_I/Suppressed_I , the bridge policy BridgePolicy_I , the threshold policy ThresholdPolicy_I , the source policy SourcePolicy_I , the audit policy AuditPolicy_I , and the no…"
P026-C0036,CLAIM,P026,nonclaim,EXPLICIT_NONCLAIM,"with c∈Suppressed_I , c'∈Visible_I , BridgeType_L drawn from the bridge inventory of BridgePolicy_I (Subsection 3.4.1), and Guarantee_L , Strength_L , A_L , V_L , N_L the finite guarantee, strength, audit, visibility, and nonclaim records that the bridge carr…"
P026-C0037,CLAIM,P026,nonclaim,EXPLICIT_NONCLAIM,"When the failure is that the candidate judgment is not covered by the declared profile, host, or instrument, the later judgment classifier records the candidate as outside scope rather than accepted."
P026-C0038,CLAIM,P026,nonclaim,EXPLICIT_NONCLAIM,"[] @ ll@ →prule [b] 0.47 Primitive [b] 0.47 Wit(P_i) [t] 0.47 P_1 [t] 0.47 descent success/failure records, rewrite obstruction records, closure-deficit records [t] 0.47 P_2 [t] 0.47 representability and nonrepresentability records, gate decisions, support an…"
P026-C0039,CLAIM,P026,nonclaim,EXPLICIT_NONCLAIM,"[] @ ll@ →prule [b] 0.47 Primitive [b] 0.47 Upd(P_i) [t] 0.47 P_1 [t] 0.47 mark descent failure, install descended update, rewrite, repair [t] 0.47 P_2 [t] 0.47 mark representable or nonrepresentable, gate support, update admissibility record [t] 0.47 P_3 [t]…"
P026-C0040,CLAIM,P026,nonclaim,EXPLICIT_NONCLAIM,"The judgment families of this section operate on the components directly, and a theorem about BirdInt^ aud _ fin is a theorem about a finite check on those records, under explicit instrument, package, profile, level, visibility, threshold, audit, and nonclaim…"
P026-C0041,CLAIM,P026,nonclaim,EXPLICIT_NONCLAIM,"The internal components are P , Lev , Host , Cont , Instr , Pkg , Prof , Wit , Upd , Def , Judg , Status , Gate , Dep , Audit , Vis , Source , and Nonclaim ."
P026-C0042,CLAIM,P026,nonclaim,EXPLICIT_NONCLAIM,"active_projection : an active derived role projection exists with the required role-aligned witness, threshold, level, audit, and relevant visibility/support data. below_threshold : candidate role evidence is present, but the threshold data required for activ…"
P026-C0043,CLAIM,P026,nonclaim,EXPLICIT_NONCLAIM,"A pair-observable record is a finite typed tuple recording, in addition to \ i,j\ and mu , the joint witness data, the source-of-truth record, the branch-compatibility record, the visibility record, the threshold record, the audit record, the defect record, a…"
P026-C0044,CLAIM,P026,nonclaim,EXPLICIT_NONCLAIM,N : the nonclaim record attached to the bridge.
P026-C0045,CLAIM,P026,result_summary,NAMED_RESULT_OR_GATE_SURFACE,"Dependency and No-Go Judgments: Dependency judgments record typed relationships between content classes under an instrument. They are the working format for the no-go and bridge-required claims that appear throughout the paper, including the route-mismatch-re…"
P026-C0046,CLAIM,P026,nonclaim,EXPLICIT_NONCLAIM,"A claim record under I is the finite typed tuple consisting of the claim content , its declared claim type drawn from ClaimTypes_I , the target package T , the surrounding context Gamma , the source records consulted, the threshold and audit records, the visi…"
P026-C0047,CLAIM,P026,nonclaim,EXPLICIT_NONCLAIM,"accepted : the claim is accepted by I under Gamma, T with admissible visibility, threshold, source, audit, and nonclaim data. rejected : the instrument has an admissible refuting witness for the claim. provisional : partial evidence exists and the profile per…"
P026-C0048,CLAIM,P026,nonclaim,EXPLICIT_NONCLAIM,Nonclaims : the nonclaim records required by the audited claim or object.
P026-C0049,CLAIM,P026,nonclaim,EXPLICIT_NONCLAIM,"NC-15 of Subsection 2.4.3 records the corresponding nonclaim: A passing under I , T , and the surrounding scope yields acceptance under that scope, not instrument-free truth."
P026-C0050,CLAIM,P026,nonclaim,EXPLICIT_NONCLAIM,"Nonclaim is a finite family of admissible nonclaim records, attached either to instruments (as N_I ) or to individual judgments."
P026-C0051,CLAIM,P026,nonclaim,EXPLICIT_NONCLAIM,A candidate instance is rejected as outside the scope of BirdInt^ aud _ fin when any of the following holds:
P026-C0052,CLAIM,P026,nonclaim,EXPLICIT_NONCLAIM,a nonclaim record is missing where one is required by the surrounding instrument or judgment
P026-C0053,CLAIM,P026,result_summary,NAMED_RESULT_OR_GATE_SURFACE,"Gate Statuses: A promotion or claim gate has status drawn from the finite set GateStatus = \ pass, fail, not_required, not_checked, outside_scope \ ."
P026-C0054,CLAIM,P026,nonclaim,EXPLICIT_NONCLAIM,The associated nonclaim is
P026-C0055,CLAIM,P026,nonclaim,EXPLICIT_NONCLAIM,"When the bridge does not claim fixed-point structure on the target, the stability gate is recorded as not_required rather than enforced."
P026-C0056,CLAIM,P026,nonclaim,EXPLICIT_NONCLAIM,NC-10 of Subsection 2.4.3 is the corresponding nonclaim.
P026-C0057,CLAIM,P026,nonclaim,EXPLICIT_NONCLAIM,"Each entry pairs a use-set element x with the bridge L that admissibly relates x to visible content but whose declared strength, threshold, audit, or nonclaim profile does not meet the required strength of the surrounding claim."
P026-C0058,CLAIM,P026,result_summary,PAPER_STATED_RESULT_SUMMARY,"Theorem 1 (NoTotalAlgebra; theorem-grade). Let CellData be the class of typed directed-cell records of BirdInt^ aud _ fin , with the projection"
P026-C0059,CLAIM,P026,nonclaim,EXPLICIT_NONCLAIM,NC-1 of Subsection 2.4.3 is the corresponding nonclaim.
P026-C0060,CLAIM,P026,nonclaim,EXPLICIT_NONCLAIM,they do not assert any equality relation between P_i and P_j .
P026-C0061,CLAIM,P026,result_summary,NAMED_RESULT_OR_GATE_SURFACE,"Corollary: Pair labels alone do not determine cell status. The same primitive pair (P_i,P_j) , with different witness, update, profile, threshold, visibility, audit, or defect data, can produce different cell statuses; this was the working content of Theorem…"
P026-C0062,CLAIM,P026,result_summary,PAPER_STATED_RESULT_SUMMARY,"Theorem 3 (CellWellFormednessDecidability; theorem-grade). In BirdInt^ aud _ fin , well-formedness of a candidate directed cell is decidable. For each candidate cell record"
P026-C0063,CLAIM,P026,result_summary,PAPER_STATED_RESULT_SUMMARY,"Theorem 4 (CoveredCellUniqueStatus; theorem-grade). For every covered candidate directed cell C∈CoveredCell , the finite priority classifier CellClassify of Subsection 5.6.2 assigns exactly one cell status:"
P026-C0064,CLAIM,P026,result_summary,PAPER_STATED_RESULT_SUMMARY,"Theorem 6 (DescentThroughQuotient; theorem-grade). Let X and Y be finite sets on the host H_ fin , let q:X→ Y be a finite package, quotient, or abstraction map, and let F:X→ X be a finite update. Let q_ im :X→im(q) denote the effective-image map. There exists…"
P026-C0065,CLAIM,P026,result_summary,PAPER_STATED_RESULT_SUMMARY,"Theorem 7 (DescentDefectEquivalence; theorem-grade). With X,Y,q,F as in Theorem 6, define the descent defect"
P026-C0066,CLAIM,P026,result_summary,PAPER_STATED_RESULT_SUMMARY,"Theorem 8 (FiniteMarkovClosureDeficit; theorem-grade with assumptions). On the finite stochastic host H_ prob , fix a finite state space X , a finite stochastic kernel on X , a fixed distribution, a finite abstraction Pi:X→ Y , a time lag tau , the declared K…"
P026-C0067,CLAIM,P026,nonclaim,EXPLICIT_NONCLAIM,NC-7 of Subsection 2.4.3 records the corresponding nonclaim.
P026-C0068,CLAIM,P026,result_summary,PAPER_STATED_RESULT_SUMMARY,"Theorem 9 (NoncommutingCompletions; theorem-grade). There exist finite idempotent completion operators E_1,E_2:C→ C on a finite carrier C with"
P026-C0069,CLAIM,P026,result_summary,PAPER_STATED_RESULT_SUMMARY,"Theorem 10 (CompletionPastingDefect; theorem-grade). For finite completion endomaps E_1,E_2:C→ C on a finite carrier C , define the route-mismatch defect"
P026-C0070,CLAIM,P026,result_summary,PAPER_STATED_RESULT_SUMMARY,"Theorem 11 (IdempotentSaturation; theorem-grade). Let X be a finite set on H_ fin , and let E:X→ X be a finite self-map. If E^2=E , then for every n 1 ,"
P026-C0071,CLAIM,P026,nonclaim,EXPLICIT_NONCLAIM,NC-9 of Subsection 2.4.3 is the corresponding nonclaim.
P026-C0072,CLAIM,P026,result_summary,PAPER_STATED_RESULT_SUMMARY,"Theorem 12 (StrictExtensionNonfactorization; theorem-grade). Let S be a finite set on H_ fin , and let"
P026-C0073,CLAIM,P026,result_summary,PAPER_STATED_RESULT_SUMMARY,"Theorem 13 (FactorizationDefectEquivalence; theorem-grade). With S,pi_0,pi_1 as in Theorem 12, define the factorization defect"
P026-C0074,CLAIM,P026,result_summary,PAPER_STATED_RESULT_SUMMARY,"Theorem 14 (FixedInterfaceDefinabilityBound; theorem-grade). Let f:X→ Y be a finite map on H_ fin , and define the full finite-lens definability of f as"
P026-C0075,CLAIM,P026,nonclaim,EXPLICIT_NONCLAIM,The negative scope of Subsection 2.4.3 records the corresponding nonclaim (NC-12 and NC-17 in particular).
P026-C0076,CLAIM,P026,result_summary,NAMED_RESULT_OR_GATE_SURFACE,Drive Certificate: The drive face P6_ drive ^ H^1 on H_ graph is a finite typed record stating that some cohomology class [a]∈ H^1(G) is nonzero. A positive cycle-supported cohomological drive certificate consists of a finite 1 -cochain a∈ C^1(G) ; a finite c…
P026-C0077,CLAIM,P026,result_summary,PAPER_STATED_RESULT_SUMMARY,"Theorem 15 (ForestNoDrive; theorem-grade). For a finite graph G on H_ graph , if beta_1(G)=0 , then"
P026-C0078,CLAIM,P026,result_summary,PAPER_STATED_RESULT_SUMMARY,"Theorem 16 (ExactFormNullDrive; theorem-grade). Let G be a finite graph on H_ graph . If a finite 1 -cochain a∈ C^1(G) is exact, that is,"
P026-C0079,CLAIM,P026,result_summary,PAPER_STATED_RESULT_SUMMARY,"Theorem 17 (NonzeroAffinityEquivalence; theorem-grade). Let G be a finite graph on H_ graph with the fixed coefficient field or declared free coefficient host of Subsection 8.1.1, and let a∈ C^1(G) with cohomology class [a]∈ H^1(G) . Then"
P026-C0080,CLAIM,P026,result_summary,PAPER_STATED_RESULT_SUMMARY,"Theorem 18 (GatingAffinitySuppression; theorem-grade). Let G be a finite graph on H_ graph , and let G↦ G' be a P_2 -style gate that produces a forest, that is,"
P026-C0081,CLAIM,P026,scope_boundary,SCOPE_OR_LIMITATION_RECORD,"Nonclaim: The theorem concerns cycle-supported cohomological drive on a declared finite graph and gate. It does not classify all drive, all thermodynamic force, all entropy production, or all directionality. A drive notion that does not reduce to a cycle-coho…"
P026-C0082,CLAIM,P026,nonclaim,EXPLICIT_NONCLAIM,A drive notion that does not reduce to a cycle-cohomology certificate on a finite graph is outside the scope of this theorem
P026-C0083,CLAIM,P026,nonclaim,EXPLICIT_NONCLAIM,NC-12 of Subsection 2.4.3 records the corresponding nonclaim.
P026-C0084,CLAIM,P026,nonclaim,EXPLICIT_NONCLAIM,"The overclaim that the no-go rules out, named together with the corresponding nonclaim NC- n from Subsection 2.4.3."
P026-C0085,CLAIM,P026,result_summary,NAMED_RESULT_OR_GATE_SURFACE,"Supported No-Go: The construction supports the dependency judgment Gamma ; H_ fin ; I_ fin P_5(q) dep_ insufficient P_1(qF=F^ q),"
P026-C0086,CLAIM,P026,nonclaim,EXPLICIT_NONCLAIM,NC-7 of Subsection 2.4.3 records the corresponding nonclaim.
P026-C0087,CLAIM,P026,result_summary,NAMED_RESULT_OR_GATE_SURFACE,"Supported No-Go: The construction supports the dependency judgment Gamma ; H_ graph ; I_ graph P_3^ holonomy dep_ requires_bridge P6_ drive ^ H^1 ,"
P026-C0088,CLAIM,P026,nonclaim,EXPLICIT_NONCLAIM,NC-12 of Subsection 2.4.3 records the corresponding nonclaim.
P026-C0089,CLAIM,P026,result_summary,NAMED_RESULT_OR_GATE_SURFACE,"Supported No-Go: The construction supports the dependency judgment Gamma ; H_ fin ; I_ fin \ P_5(q_U), P_5(q_V) \ dep_ insufficient P_5(q_ global ),"
P026-C0090,CLAIM,P026,nonclaim,EXPLICIT_NONCLAIM,NC-14 of Subsection 2.4.3 records the corresponding nonclaim.
P026-C0091,CLAIM,P026,result_summary,NAMED_RESULT_OR_GATE_SURFACE,"Supported No-Go: The construction supports the dependency judgment Gamma ; BirdInt^ aud _ fin ; I_ fin Cell_ 63 ^ lambda_ audit :action dep_ insufficient PairObs_ \ 3,6\ ^ mu_ drive :real,"
P026-C0092,CLAIM,P026,nonclaim,EXPLICIT_NONCLAIM,"NC-5 of Subsection 2.4.3 records the corresponding nonclaim, and Theorem 5 of Section 6 makes the cell-to-pair non-implication formal as part of the status-family separation theorem."
P026-C0093,CLAIM,P026,result_summary,NAMED_RESULT_OR_GATE_SURFACE,"Supported No-Go: The construction supports the dependency judgment Gamma ; H_ fin ; I_ fin P_4(q_0 q_1) dep_ insufficient (delta_1^ split (q_1,F) delta_1^ split (q_0,F) ),"
P026-C0094,CLAIM,P026,nonclaim,EXPLICIT_NONCLAIM,NC-13 of Subsection 2.4.3 records the corresponding nonclaim.
P026-C0095,CLAIM,P026,result_summary,NAMED_RESULT_OR_GATE_SURFACE,"Supported No-Go: The construction supports the dependency judgment Gamma ; H_ instr ; I_ instr I_0 audits T_0 dep_ insufficient (I_0 (I_0):accepted ),"
P026-C0096,CLAIM,P026,nonclaim,EXPLICIT_NONCLAIM,"NC-16 of Subsection 2.4.3 records the corresponding nonclaim, and Theorem 24 of Section 11 makes the same-level self-audit failure formal."
P026-C0097,CLAIM,P026,nonclaim,EXPLICIT_NONCLAIM,Subsection 10.7 lists what this paper does not prove about stacking.
P026-C0098,CLAIM,P026,nonclaim,EXPLICIT_NONCLAIM,"The source and target packages are admissible in the sense of Subsection 3.3.3, the object maps pi_j,pi_ j+1 are finite maps with pi_j:S→ O_j and pi_ j+1 :S→ O_ j+1 , the level/lens/interface record L fixes the levels at which the bridge operates, the visibil…"
P026-C0099,CLAIM,P026,result_summary,NAMED_RESULT_OR_GATE_SURFACE,"Gate List: The required gate family of a promotion bridge is PromGate(B) = ( G_ suff , G_ desc , G_ stab , G_ ctrl , G_ nosmuggle , G_ vis , G_ audit , G_ strict ),"
P026-C0100,CLAIM,P026,result_summary,NAMED_RESULT_OR_GATE_SURFACE,"Gate Statuses: Each ordinary gate carries a status from the packet status set GateStatus = \ pass, fail, not_required, not_checked, outside_scope \ ."
P026-C0101,CLAIM,P026,nonclaim,EXPLICIT_NONCLAIM,A gate may be marked not_required when the bridge does not claim the corresponding content
P026-C0102,CLAIM,P026,result_summary,PAPER_STATED_RESULT_SUMMARY,Theorem 19 (PromotionGateSoundness; theorem-grade). Let B_ j→ j+1 be a promotion bridge. If the promotion classifier of Subsection 5.6.4 assigns
P026-C0103,CLAIM,P026,result_summary,PAPER_STATED_RESULT_SUMMARY,Theorem 20 (StrictPromotionImpliesNonfactorization; theorem-grade). Let B_ j→ j+1 be a promotion bridge. If the promotion classifier assigns
P026-C0104,CLAIM,P026,result_summary,PAPER_STATED_RESULT_SUMMARY,Theorem 21 (NonStrictPromotionImpliesFactorization; theorem-grade). Let B_ j→ j+1 be a promotion bridge. If the promotion classifier assigns
P026-C0105,CLAIM,P026,result_summary,PAPER_STATED_RESULT_SUMMARY,"Theorem 22 (Toy22StrictBridge; theorem-grade example). There exists a finite two-layer promotion bridge B_ 0→ 1 ^ Toy22 on the host H_ fin with carrier S=\ a,b\ and object maps"
P026-C0106,CLAIM,P026,result_summary,NAMED_RESULT_OR_GATE_SURFACE,"Gate Results: The gate-results record GateResults(B_ 0→ 1 ^ Toy22 ) assigns: G_ suff =pass , since the bridge data conforms to the schema of Subsection 10.1.1; G_ vis =pass , since the bridge content lies in Visible_ I_ prom ; G_ audit =pass , since the audit…"
P026-C0107,CLAIM,P026,open_problem,OPEN_PROBLEM_OR_DEFERRED_WORK,They are deferred to future work
P026-C0108,CLAIM,P026,result_summary,NAMED_RESULT_OR_GATE_SURFACE,"No General Stacking Composition Theorem: The paper does not prove a general stacking composition theorem of the form Promote(B_ j→ j+1 ):strict Promote(B_ j+1→ j+2 ):strict implies Promote(B_ j→ j+2 ):strict,"
P026-C0109,CLAIM,P026,nonclaim,EXPLICIT_NONCLAIM,The paper does not prove a general stacking composition theorem of the form
P026-C0110,CLAIM,P026,nonclaim,EXPLICIT_NONCLAIM,"A general composition theorem would require results on the composition of strictness defects across bridges, the joint gate semantics on the composed bridge, and the joint nonclaim discipline that propagates through composition."
P026-C0111,CLAIM,P026,result_summary,NAMED_RESULT_OR_GATE_SURFACE,"No Local-to-Global Promotion Theorem: The paper does not prove a local-to-global promotion theorem of the form ( U_alpha∈cover, Promote(B_alpha on U_alpha):strict ) implies Promote(B_ global ):strict."
P026-C0112,CLAIM,P026,nonclaim,EXPLICIT_NONCLAIM,The paper does not prove a local-to-global promotion theorem of the form
P026-C0113,CLAIM,P026,open_problem,OPEN_PROBLEM_OR_DEFERRED_WORK,a positive gluing theorem for compatible local promotion bridges is recorded as future work in Subsection 16.3.2.
P026-C0114,CLAIM,P026,open_problem,OPEN_PROBLEM_OR_DEFERRED_WORK,Subsection 11.9 discusses instrument transfer and marks its full classifier as future work.
P026-C0115,CLAIM,P026,nonclaim,EXPLICIT_NONCLAIM,the nonclaim record N_ attached to the claim.
P026-C0116,CLAIM,P026,nonclaim,EXPLICIT_NONCLAIM,"The classifier of Subsection 5.6.5 consumes the claim record, the visibility partition Visible_I/Suppressed_I/Outside_I/Unknown_I , the threshold and source records, the audit record, the bridge family L , and the nonclaim records, and assigns a value ∈ClaimS…"
P026-C0117,CLAIM,P026,nonclaim,EXPLICIT_NONCLAIM,The order encodes the intended discipline: an outside-scope claim is recorded outside scope rather than rejected
P026-C0118,CLAIM,P026,result_summary,PAPER_STATED_RESULT_SUMMARY,"Theorem 23 (NoOverreadingSuppression; theorem-grade). Let I be an admissible instrument, a finite claim, and L a finite set of admissible visibility bridges under I . If"
P026-C0119,CLAIM,P026,result_summary,PAPER_STATED_RESULT_SUMMARY,"Theorem 24 (SameLevelSelfAuditFailure; theorem-grade). Without an admissible level-shift or reflection bridge to a higher instrument, the same-level self-soundness claim does not receive verdict accepted under I_0 . The classifier returns either outside_scope…"
P026-C0120,CLAIM,P026,nonclaim,EXPLICIT_NONCLAIM,NC-16 of Subsection 2.4.3 is the corresponding nonclaim.
P026-C0121,CLAIM,P026,nonclaim,EXPLICIT_NONCLAIM,"Each I_n is an instrument in the sense of Subsection 11.1.1, with finite logs, declared visibility policy, declared source policy, declared audit policy, declared nonclaim register, and declared scope."
P026-C0122,CLAIM,P026,nonclaim,EXPLICIT_NONCLAIM,"Phi_n , the rotating-audit target scope: a finite, declared subset of I_n 's records (code, check rules, claim log, source policy, visibility policy, nonclaim register, status classifier, trace records, bounded-soundness records) on which I_ n+1 undertakes to…"
P026-C0123,CLAIM,P026,result_summary,NAMED_RESULT_OR_GATE_SURFACE,"Theorem 25: Finite Rotating-Audit Theorem: This subsection records the finite rotating-audit theorem of Foundations III. The theorem is theorem-grade: it states that, given any finite stack of admissible instruments, there is a one-level extension instrument…"
P026-C0124,CLAIM,P026,nonclaim,EXPLICIT_NONCLAIM,"delta_ N ^ stack = delta_ instr delta_ bridge delta_ visibility delta_ source delta_ audit delta_ circular delta_ nonclaim delta_ status ,"
P026-C0125,CLAIM,P026,result_summary,PAPER_STATED_RESULT_SUMMARY,Theorem 25 (FiniteRotatingAudit; theorem-grade). There exists a one-level extension instrument
P026-C0126,CLAIM,P026,nonclaim,EXPLICIT_NONCLAIM,"CheckRules (I_ N+1 ^ stack ) contains the finite rules that compute each of delta_ instr , delta_ bridge , delta_ visibility , delta_ source , delta_ audit , delta_ circular , delta_ nonclaim , delta_ status on the finite records of Target_ N"
P026-C0127,CLAIM,P026,nonclaim,EXPLICIT_NONCLAIM,"Each component is finite by construction: Target_ N is a finite union of finite records and the check rules, thresholds, audit rules, and nonclaim register are finite."
P026-C0128,CLAIM,P026,nonclaim,EXPLICIT_NONCLAIM,"Define B^ audit _ N→ N+1 to be the rotating-audit bridge of Subsection 11.7.2 with target scope Phi_ N _ N , language map L that translates each I_n -record into I_ N+1 ^ stack 's claim language, visibility map V exposing each record in Phi_ N either directly…"
P026-C0129,CLAIM,P026,nonclaim,EXPLICIT_NONCLAIM,clause (11) is the nonclaim presence.
P026-C0130,CLAIM,P026,result_summary,PAPER_STATED_RESULT_SUMMARY,"Theorem 25 leaves the higher instrument I_ N+1 ^ stack uncertified by itself. To audit I_ N+1 ^ stack , one treats"
P026-C0131,CLAIM,P026,open_problem,OPEN_PROBLEM_OR_DEFERRED_WORK,"This subsection records the instrument-transfer rule that governs whether a claim accepted under one instrument may be transported to another, and marks the corresponding full classifier as future work."
P026-C0132,CLAIM,P026,nonclaim,EXPLICIT_NONCLAIM,"a directed bridge from I to J admitted by the surrounding bridge policies, with bridge type instrument-transfer and components recording, respectively: the source claim, the language map that translates into J 's claim language, the visibility map exposing th…"
P026-C0133,CLAIM,P026,nonclaim,EXPLICIT_NONCLAIM,"requires I and J admissible, in the claim types of both instruments via L_ I→ J , the supporting records visible to J either directly or through visibility bridges of Subsection 11.3.3, audit thresholds declared, the bridge audited, no unstratified circular d…"
P026-C0134,CLAIM,P026,nonclaim,EXPLICIT_NONCLAIM,both are outside the scope of the present paper.
P026-C0135,CLAIM,P026,nonclaim,EXPLICIT_NONCLAIM,"In particular, the section does not claim that abstract interpretation supplies the route mismatch primitive P_3 outside the optional extension declared in Subsection 12.1.2, and does not claim that sound abstraction is complete representation, that closure i…"
P026-C0136,CLAIM,P026,result_summary,NAMED_RESULT_OR_GATE_SURFACE,"Theorem 26: Closure as Packaging: This subsection proves Theorem 26: in any finite admissible abstract-interpretation host, the composite rho=gammaalpha is a closure operator and so realizes the P_5 packaging role of BirdInt^ aud _ fin ."
P026-C0137,CLAIM,P026,result_summary,PAPER_STATED_RESULT_SUMMARY,"Theorem 26 (AIClosureAsPackaging; theorem-grade). The map rho:C→ C is a closure operator on (C, _C) : it is extensive, monotone, and idempotent, that is,"
P026-C0138,CLAIM,P026,nonclaim,EXPLICIT_NONCLAIM,"Under the admissibility assumptions for H and the instrument I_ AI , the in-scope, visibility, evidence, threshold, audit, and nonclaim conditions for the headline claim pass, so the instrument-indexed verdict is accepted ."
P026-C0139,CLAIM,P026,result_summary,NAMED_RESULT_OR_GATE_SURFACE,"Theorem 27: Descent as Sound Transformer: This subsection proves Theorem 27: in any finite admissible abstract-interpretation host, the abstract-side soundness inequality alpha F _A F^ alpha is equivalent to the concrete-side soundness inequality Fgamma _Cgam…"
P026-C0140,CLAIM,P026,nonclaim,EXPLICIT_NONCLAIM,"Under the admissibility assumptions for H and the instrument I_ AI , the in-scope, visibility, evidence, threshold, audit, and nonclaim conditions for the headline claim pass, so the instrument-indexed verdict is accepted ."
P026-C0141,CLAIM,P026,result_summary,NAMED_RESULT_OR_GATE_SURFACE,"Theorem 28: Representability as Fixedness: This subsection proves Theorem 28: in any finite admissible abstract-interpretation host, exact representability of a concrete element coincides with fixedness under the closure operator rho and with membership in th…"
P026-C0142,CLAIM,P026,nonclaim,EXPLICIT_NONCLAIM,"Under the admissibility assumptions for H and the instrument I_ AI , the in-scope, visibility, evidence, threshold, audit, and nonclaim conditions for the headline claim pass, so the instrument-indexed verdict is accepted ."
P026-C0143,CLAIM,P026,result_summary,NAMED_RESULT_OR_GATE_SURFACE,Model Theorem 29: AI Model-Family Theorem: This subsection proves Model Theorem 29: a finite family of admissible abstract-interpretation hosts realizes the P_1/P_2/P_4/P_5/P_6 fragment of BirdInt^ aud _ fin . The theorem assembles the per-host realizations o…
P026-C0144,CLAIM,P026,scope_boundary,SCOPE_OR_LIMITATION_RECORD,AI Nonclaims: This subsection records the abstract-interpretation nonclaims that fix the boundaries of the realization established in Subsections 12.2–12.5. Each nonclaim is a scoped negative statement attached to the AI model family: it is a record of what t…
P026-C0145,CLAIM,P026,nonclaim,EXPLICIT_NONCLAIM,such extensions are outside the scope of the present section and are not asserted here.
P026-C0146,CLAIM,P026,nonclaim,EXPLICIT_NONCLAIM,Subsection 13.6 records the cross-model role-coverage observation and the corresponding nonclaim.
P026-C0147,CLAIM,P026,nonclaim,EXPLICIT_NONCLAIM,"The discipline of the section is uniform: each realization is scoped, each declares its host, instrument, source-of-truth policy, audit policy, visibility policy, and nonclaim register, and each realizes a declared fragment of the calculus."
P026-C0148,CLAIM,P026,nonclaim,EXPLICIT_NONCLAIM,"M is the realization object: a finite typed record carrying the host data, the instrument, the source-of-truth policy, the audit policy, the visibility policy, and the nonclaim register required by the host"
P026-C0149,CLAIM,P026,nonclaim,EXPLICIT_NONCLAIM,"The verdict model_realization records that the realization map of M has supplied a finite, audited assignment of host data to each component of S , and that the per-component admissibility, audit, and nonclaim checks of the host instrument have passed."
P026-C0150,CLAIM,P026,nonclaim,EXPLICIT_NONCLAIM,the nonclaim register of M contains the model-realization nonclaims of Subsection 13.6 and any host-specific nonclaims of the realization.
P026-C0151,CLAIM,P026,nonclaim,EXPLICIT_NONCLAIM,This is the model-realization nonclaim of Subsection 2.4. This is the model-coverage nonclaim of Subsection 13.6.
P026-C0152,CLAIM,P026,nonclaim,EXPLICIT_NONCLAIM,"extending the host data with StatusStore (raw and recovered statuses), Abl (finite ablation/model evidence), and N (the PICA nonclaim register of Subsubsection 13.2.10)."
P026-C0153,CLAIM,P026,result_summary,NAMED_RESULT_OR_GATE_SURFACE,"Model Theorem 33: PICA Model-Realization: Model Theorem 33 (PICA Model-Realization; model-grade). Let P∈PICAReal_ fin be admissible: AdmPICAReal( P) holds. Then the realization map R_ PICA supplies a finite, audited assignment of host data to every component…"
P026-C0154,CLAIM,P026,scope_boundary,SCOPE_OR_LIMITATION_RECORD,"PICA Nonclaims: The PICA nonclaim register N_ PICA contains, in particular: enumi . enumi . PICA is not the universal six-bird algebra: PICAReal_ fin realizes a declared finite stochastic fragment, not the whole calculus. The recovered 6× 6 multiplicity count…"
P026-C0155,CLAIM,P026,open_problem,OPEN_PROBLEM_OR_DEFERRED_WORK,Implementation correctness of any concrete PICA implementation is future work and is not certified by this realization theorem
P026-C0156,CLAIM,P026,nonclaim,EXPLICIT_NONCLAIM,"Its host is the audited Cantor shell context H_ CantorShell : a scoped audited application host built over a fixed audited shell-stable comparison domain S_ aud , recording the base and target packages, the bridge data, the pressure-gap defect record, and the…"
P026-C0157,CLAIM,P026,nonclaim,EXPLICIT_NONCLAIM,"where T_0 is the base cocycle-pressure package, T_1 is the completion-packaged target package, F is the persistent packaged-strata family, Delta is the pressure-gap consequence record, A is the finite audit/theoremlet support record, and N is the Cantor noncl…"
P026-C0158,CLAIM,P026,nonclaim,EXPLICIT_NONCLAIM,"The fragment discipline of Subsection 13.1 forbids reading the pressure-gap defect as the strictness witness, and Subsubsection 13.3.9 records the corresponding nonclaim."
P026-C0159,CLAIM,P026,result_summary,NAMED_RESULT_OR_GATE_SURFACE,"Gate Results: For the Cantor strict bridge, the promotion gates of Subsection 10.2 return the following verdicts under I_ Cantor : [] @ ll@ →prule gate result G_ suff pass G_ desc not_required G_ stab pass G_ ctrl pass G_ nosmuggle pass G_ vis pass G_ audit p…"
P026-C0160,CLAIM,P026,result_summary,NAMED_RESULT_OR_GATE_SURFACE,Model Theorem 34: Cantor Strict-Bridge Realization: Model Theorem 34 (Cantor Strict-Bridge Realization; model-grade). Suppose the Cantor realization object is admissible: AdmCantorShell (CantorShell_ aud )
P026-C0161,CLAIM,P026,scope_boundary,SCOPE_OR_LIMITATION_RECORD,Cantor Nonclaims: The Cantor nonclaim register N_ Cantor contains: enumi . enumi . The realization is scoped to the audited Cantor shell S_ aud ; it is not a shell-general theorem and does not assert a strict-bridge passage outside the shell. There is no shel…
P026-C0162,CLAIM,P026,nonclaim,EXPLICIT_NONCLAIM,it is not a shell-general theorem and does not assert a strict-bridge passage outside the shell. the realization does not assert structural facts about external classes of theories unless an admissible inter-theory bridge is supplied.
P026-C0163,CLAIM,P026,nonclaim,EXPLICIT_NONCLAIM,"N , the cohomology nonclaim register."
P026-C0164,CLAIM,P026,nonclaim,EXPLICIT_NONCLAIM,"the P_ 4 and P_ 5 assignments above are optional extensions, recorded for completeness but not part of the core fragment, and the P_ 3 separation is enforced as a nonclaim of Subsubsection 13.4.4."
P026-C0165,CLAIM,P026,scope_boundary,SCOPE_OR_LIMITATION_RECORD,"Nonclaims: The graph/cohomology nonclaim register N_ coh contains: enumi . enumi . The drive certificate P6_ drive ^ H^1 with [a]≠ 0 in H^ 1 (G;k) is one drive certificate family, not every possible drive notion. A P_ 3 -route/holonomy witness is not a P6_ dr…"
P026-C0166,CLAIM,P026,nonclaim,EXPLICIT_NONCLAIM,It does not assert any cross-model fact beyond what the per-row realizations already record
P026-C0167,CLAIM,P026,nonclaim,EXPLICIT_NONCLAIM,"The blocked-overclaims column is a summary view of the per-realization nonclaim registers N_ PICA , N_ Cantor , N_ AI , and N_ coh , and is not a separate, free-standing nonclaim register."
P026-C0168,CLAIM,P026,nonclaim,EXPLICIT_NONCLAIM,"the calculus does not assert that the union of the four realizations covers the six-role calculus, and Subsubsection 13.6.2 records the corresponding coverage nonclaim."
P026-C0169,CLAIM,P026,nonclaim,EXPLICIT_NONCLAIM,"it does not assert any cross-row equivalence of realizations of the same primitive, and it does not assert any vertical aggregation across columns."
P026-C0170,CLAIM,P026,scope_boundary,SCOPE_OR_LIMITATION_RECORD,"Coverage Nonclaim: The cross-model role-coverage observation does not, by itself, support a model-coverage theorem for BirdInt^ aud _ fin . The framework records the following coverage nonclaim: No model-coverage theorem. For every primitive P_ i realized by…"
P026-C0171,CLAIM,P026,nonclaim,EXPLICIT_NONCLAIM,The framework records the following coverage nonclaim:
P026-C0172,CLAIM,P026,nonclaim,EXPLICIT_NONCLAIM,"For every primitive P_ i realized by some realization in the table, the calculus does not assert that the four realizations together realize the whole calculus. Two cells in the same row carrying entries for the same primitive P_ i are not identified: the PIC…"
P026-C0173,CLAIM,P026,nonclaim,EXPLICIT_NONCLAIM,"The coverage nonclaim is an instance of the fragment discipline of Subsection 13.1.2 and the model-realization nonclaim of Subsection 2.4: the calculus records the per-row model_realization verdicts of Subsection 13.5, and does not promote them, jointly or se…"
P026-C0174,CLAIM,P026,nonclaim,EXPLICIT_NONCLAIM,"The discipline of the section is the secondary-organization discipline: the decorated-square fragment supplies a finite, audit-checkable representation of selected core constructions, and does not assert that the core calculus is reducible to the decorated-sq…"
P026-C0175,CLAIM,P026,nonclaim,EXPLICIT_NONCLAIM,"N_ DC , the host nonclaim register of Subsection 14.5."
P026-C0176,CLAIM,P026,nonclaim,EXPLICIT_NONCLAIM,"N_ Xi , the per-square nonclaim register."
P026-C0177,CLAIM,P026,result_summary,NAMED_RESULT_OR_GATE_SURFACE,"Theorem 30: Descent-Square Recovery: This subsection proves Theorem 30: in the finite decorated double-category fragment of Subsection 14.1, descent data are recovered as decorated squares of type descent , with exactness recorded as the commutation equality…"
P026-C0178,CLAIM,P026,result_summary,PAPER_STATED_RESULT_SUMMARY,Theorem 30 (DescentSquareRecovery; theorem-grade). The decorated square Xi_ desc is exact iff the descent commutation equality
P026-C0179,CLAIM,P026,nonclaim,EXPLICIT_NONCLAIM,"Under the admissibility assumptions for H_ DC and the instrument I_ DC , the in-scope, visibility, evidence, threshold, audit, and nonclaim conditions for the headline claim pass, and the instrument-indexed verdict is accepted ."
P026-C0180,CLAIM,P026,nonclaim,EXPLICIT_NONCLAIM,"it does not assert that every descent fact about the core calculus is reducible to a descent square, in keeping with the secondary-organization discipline of the section."
P026-C0181,CLAIM,P026,result_summary,NAMED_RESULT_OR_GATE_SURFACE,"Theorem 31: Completion-Pasting Recovery: This subsection proves Theorem 31: in the finite decorated double-category fragment of Subsection 14.1, the noncommutation of two finite completions appears as a finite pasting defect of type completion , and the pasti…"
P026-C0182,CLAIM,P026,result_summary,PAPER_STATED_RESULT_SUMMARY,"Theorem 31 (CompletionPastingRecovery; theorem-grade). The decorated square Xi_ comp is exact iff the two completions commute, that is,"
P026-C0183,CLAIM,P026,result_summary,NAMED_RESULT_OR_GATE_SURFACE,"Theorem 32: Strict Extension as No-Filler: This subsection proves Theorem 32: in the finite decorated double-category fragment of Subsection 14.1, a strict extension between two object maps pi_ 0 ,pi_ 1 on a common carrier S is recovered as the absence of a f…"
P026-C0184,CLAIM,P026,result_summary,PAPER_STATED_RESULT_SUMMARY,Theorem 32 (StrictExtensionAsNoFiller; theorem-grade). An exact filler phi for the factorization square Xi_ fact (phi) exists iff
P026-C0185,CLAIM,P026,scope_boundary,SCOPE_OR_LIMITATION_RECORD,"High-Structure Nonclaims: This subsection records the high-structure nonclaims that fix the boundaries of Section 14: the decorated-square fragment is secondary, the status family discipline is preserved, and the general propagation of pasting defects is futu…"
P026-C0186,CLAIM,P026,nonclaim,EXPLICIT_NONCLAIM,"In particular, the per-square exactness conditions of Subsubsection 14.1.2 do not assert that:"
P026-C0187,CLAIM,P026,nonclaim,EXPLICIT_NONCLAIM,"A decorated square carries its own square-status verdict only as part of a full decorated/audited record: witness and update data, language, visibility, threshold, audit, defect, square status, and nonclaim data must be present when the square is used as a Bi…"
P026-C0188,CLAIM,P026,result_summary,NAMED_RESULT_OR_GATE_SURFACE,"No General Obstruction Propagation Theorem: The pasting law of Subsubsection 14.1.3 records the aggregation rule for defects under finite strict pasting: delta_ Xi_ 1 Xi_ 2 =delta_ Xi_ 1 delta_ Xi_ 2 delta_ paste (Xi_ 1 ,Xi_ 2 ) . This aggregation is a syntac…"
P026-C0189,CLAIM,P026,nonclaim,EXPLICIT_NONCLAIM,"In particular, Section 14 does not claim a general theorem of the form"
P026-C0190,CLAIM,P026,open_problem,OPEN_PROBLEM_OR_DEFERRED_WORK,Both directions of general defect propagation are future work.
P026-C0191,CLAIM,P026,result_summary,NAMED_RESULT_OR_GATE_SURFACE,Proposition 35: Mechanization Target Feasibility: Proposition 35 (MechanizationTargetFeasibility). The finite audited manifest scope of BirdInt^ aud _ fin is represented by a Lean 4 validation artifact. Specifically: enumi . enumi . every required schema defi…
P026-C0192,CLAIM,P026,result_summary,PAPER_STATED_RESULT_SUMMARY,Proposition 35 (MechanizationTargetFeasibility). The finite audited manifest scope of BirdInt^ aud _ fin is represented by a Lean 4 validation artifact. Specifically:
P026-C0193,CLAIM,P026,scope_boundary,SCOPE_OR_LIMITATION_RECORD,"Mechanization Scope Nonclaim: The Lean artifact validates the finite audited scope represented by lean/manifest.toml. It does not assert: any theorem, definition, model realization, or audit record not listed in lean/manifest.toml; empirical correctness of an…"
P026-C0194,CLAIM,P026,nonclaim,EXPLICIT_NONCLAIM,It does not assert:
P026-C0195,CLAIM,P026,open_problem,OPEN_PROBLEM_OR_DEFERRED_WORK,"Limitations, Nonclaims, and Future Work"
P026-C0196,CLAIM,P026,scope_boundary,SCOPE_OR_LIMITATION_RECORD,"Limitations, Nonclaims, and Future Work: This section collects the final scope discipline of BirdInt^ aud _ fin and the future-work boundaries of the paper. Subsection 16.1 restates the positive contribution of the paper across six layers — finite typed inter…"
P026-C0197,CLAIM,P026,open_problem,OPEN_PROBLEM_OR_DEFERRED_WORK,Subsection 16.3 records the six classes of future work that the paper does not undertake.
P026-C0198,CLAIM,P026,nonclaim,EXPLICIT_NONCLAIM,"The discipline of the section is uniform: the paper records exactly what it asserts and exactly what it does not assert, and treats the nonclaims and future-work entries as part of the paper's content rather than as exclusions of content."
P026-C0199,CLAIM,P026,result_summary,NAMED_RESULT_OR_GATE_SURFACE,"Theorem-Grade Finite Core: The third positive layer is the numbered theorem and proposition spine of the paper. The theorem-grade finite core is concentrated in Sections 6, 7, 8, 10, 11, 12, and 14; the model-grade and audit-report statements are recorded sep…"
P026-C0200,CLAIM,P026,result_summary,NAMED_RESULT_OR_GATE_SURFACE,"Countermodel/No-Go Scope: The fourth positive layer is the countermodel atlas of Section 9 and Appendix C. The paper records twelve finite countermodels, each blocking a specific overclaim about the calculus: active package without macro closure (CM_1), activ…"
P026-C0201,CLAIM,P026,scope_boundary,SCOPE_OR_LIMITATION_RECORD,"Required Nonclaims: This subsection records the required nonclaims of the paper, organized into six topical groupings: algebra and universality, status, package and strictness, route/refinement/locality, audit, and model. Each nonclaim is a scoped negative st…"
P026-C0202,CLAIM,P026,scope_boundary,SCOPE_OR_LIMITATION_RECORD,Algebra and Universality Nonclaims: No universal six-symbol algebra. The paper does not assert a total operation : P^ 2 → P that produces a faithful universal interaction algebra over the six primitive labels. The non-factorization of cell status through the…
P026-C0203,CLAIM,P026,scope_boundary,SCOPE_OR_LIMITATION_RECORD,"Status Nonclaims: No primitive-pair status determination. The paper does not assert that the primitive pair (P_ i ,P_ j ) alone determines the directed-cell status. The status non-factorization theorem (Theorem 1, Section 6) records the formal counterexample.…"
P026-C0204,CLAIM,P026,scope_boundary,SCOPE_OR_LIMITATION_RECORD,Package and Strictness Nonclaims: No package-implies-closure. The paper does not assert that a P_ 5 -packaging operator on a finite carrier implies macro-dynamics closure of any associated transformer. CM_1 of Section 9 records an active package whose macro d…
P026-C0205,CLAIM,P026,scope_boundary,SCOPE_OR_LIMITATION_RECORD,"Route, Refinement, and Locality Nonclaims: No route-mismatch-implies-drive. The paper does not assert that a P_ 3 route-mismatch witness implies a P6_ drive certificate. CM_2 of Section 9 records a route mismatch without drive, and the cohomology nonclaims of…"
P026-C0206,CLAIM,P026,scope_boundary,SCOPE_OR_LIMITATION_RECORD,Audit Nonclaims: No audit-is-truth. The paper does not assert that a claim status accepted under instrument I is instrument-free truth. The instrument-indexed claim form of Subsection 11.1.3 fixes acceptance as relative to I and the surrounding context Gamma;…
P026-C0207,CLAIM,P026,scope_boundary,SCOPE_OR_LIMITATION_RECORD,"Model Nonclaims: No model-realization-as-universal-theorem. The paper does not assert that a model_realization verdict promotes to a theorem-grade accepted verdict, or that it proves the declared structure universally, without an admissible bridge. The fragme…"
P026-C0208,CLAIM,P026,open_problem,OPEN_PROBLEM_OR_DEFERRED_WORK,Future Work: This subsection records the six classes of future work that the present paper does not undertake. Each class is a scoped pointer to admissible extension targets for BirdInt^ aud _ fin ; none of the entries below is a claim about results in this p…
P026-C0209,CLAIM,P026,open_problem,OPEN_PROBLEM_OR_DEFERRED_WORK,Future work on the claim classifier of Subsection 11.2 includes:
P026-C0210,CLAIM,P026,open_problem,OPEN_PROBLEM_OR_DEFERRED_WORK,the four extension targets above are recorded as future work.
P026-C0211,CLAIM,P026,open_problem,OPEN_PROBLEM_OR_DEFERRED_WORK,Implementation correctness and richer external model audits remain future work.
P026-C0212,CLAIM,P026,open_problem,OPEN_PROBLEM_OR_DEFERRED_WORK,the three extensions above are recorded as future work.
P026-C0213,CLAIM,P026,nonclaim,EXPLICIT_NONCLAIM,"a holonomy-to-drive bridge B_ 3→ 6 ^ drive , recording an admissible bridge from a P_ 3 route/holonomy witness to a P6_ drive certificate, in the sense of Subsubsection 13.4.4 nonclaim 2"
P026-C0214,CLAIM,P026,open_problem,OPEN_PROBLEM_OR_DEFERRED_WORK,the extensions above are recorded as future work.
P026-C0215,CLAIM,P026,open_problem,OPEN_PROBLEM_OR_DEFERRED_WORK,the extensions above are recorded as future work.
P026-C0216,CLAIM,P026,scope_boundary,SCOPE_OR_LIMITATION_RECORD,"Final Paper-Inclusion Nonclaim Block: This subsection records the final paper-inclusion nonclaim block of the paper: a manuscript-prose adaptation of the thirty-six numbered nonclaims NC-1 through NC-36 of the final scope and nonclaims packet, organized into…"
P026-C0217,CLAIM,P026,nonclaim,EXPLICIT_NONCLAIM,"This subsection records the final paper-inclusion nonclaim block of the paper: a manuscript-prose adaptation of the thirty-six numbered nonclaims NC-1 through NC-36 of the final scope and nonclaims packet, organized into the six topical groupings of Subsectio…"
P026-C0218,CLAIM,P026,nonclaim,EXPLICIT_NONCLAIM,"The block is the paper's consolidated roster of negative statements: every nonclaim recorded in the body of the paper (per-section nonclaim subsections, per-realization nonclaim registers, per-bridge nonclaim records) is covered by, or refines, one of the thi…"
P026-C0219,CLAIM,P026,open_problem,OPEN_PROBLEM_OR_DEFERRED_WORK,"The block closes the boundary of BirdInt^ aud _ fin : the paper records what it asserts, what it does not assert, and what it leaves to future work."
P026-C0220,CLAIM,P026,nonclaim,EXPLICIT_NONCLAIM,"Its components are six primitive labels P=\ P_ 1 , ,P_ 6 \ , a finite typed schema of directed-cell, pair-observable, promotion-bridge, claim, instrument, source-of-truth, audit, and visibility records, seven finite status families with their classifier or pe…"
P026-C0221,CLAIM,P026,result_summary,NAMED_RESULT_OR_GATE_SURFACE,"The Theorem Stack: The paper records its earned content as a layered theorem stack: Finite typed calculus and core theorems. Sections 6 and 7 record the no-total-algebra theorem (Theorem 1), the four core finite-interaction theorems (Theorems 2–5), and the ni…"
P026-C0222,CLAIM,P026,nonclaim,EXPLICIT_NONCLAIM,"Each replacement is recorded as a finite typed result under explicit host, instrument, admissibility, and nonclaim assumptions, with defect schemas explicit where they drive status."
P026-C0223,CLAIM,P026,nonclaim,EXPLICIT_NONCLAIM,"The scope discipline is uniform: every theorem-grade claim, model-realization claim, promotion judgment, and audit-report statement is accompanied by an instrument-indexed or host-indexed form, a finite admissibility predicate, and a nonclaim record that fixe…"
P026-C0224,CLAIM,P026,nonclaim,EXPLICIT_NONCLAIM,"The earned contribution is the calculus and what it admits — finite, typed, statused, audited, and bounded by an explicit nonclaim register."
P026-C0225,CLAIM,P026,prose_definition,PROSE_DEFINITION_SECTION,"Full Definitions: This appendix records the long-form definitions and tables of BirdInt^ aud _ fin , supplementing the body of the paper. Subsection A.1 records the full domain tuple. Subsection A.2 records the full primitive witness table. Subsection A.3 rec…"
P026-C0226,CLAIM,P026,nonclaim,EXPLICIT_NONCLAIM,"BirdInt^ aud _ fin = ( Host, Cont, P, Lev, Instr, Pkg, Prof, Wit, Upd, Def, Judg, Status, Gate, Dep, Audit, Nonclaim ),"
P026-C0227,CLAIM,P026,nonclaim,EXPLICIT_NONCLAIM,"Nonclaim , the finite nonclaim register N (Subsection 16.4 and per-record nonclaim subfields throughout)."
P026-C0228,CLAIM,P026,nonclaim,EXPLICIT_NONCLAIM,"[] @ ll@ →prule [b] 0.08 primitive [b] 0.86 witness family [t] 0.08 P_ 1 [t] 0.86 descent success/failure, rewrite obstruction, closure deficit [t] 0.08 P_ 2 [t] 0.86 representability, nonrepresentability, gate, support, capacity [t] 0.08 P_ 3 [t] 0.86 route…"
P026-C0229,CLAIM,P026,nonclaim,EXPLICIT_NONCLAIM,"[] @ ll@ →prule [b] 0.08 primitive [b] 0.86 update/effect family [t] 0.08 P_ 1 [t] 0.86 mark descent failure, install descended update, rewrite, repair [t] 0.08 P_ 2 [t] 0.86 mark representable/nonrepresentable, gate support, update admissibility [t] 0.08 P_…"
P026-C0230,CLAIM,P026,nonclaim,EXPLICIT_NONCLAIM,it does not prove that theorem here.
P026-C0231,CLAIM,P026,result_summary,NAMED_RESULT_OR_GATE_SURFACE,"Gate Status: GateStatus = \ pass, fail, not_required, not_checked, outside_scope \ . The strictness gate refines GateStatus :"
P026-C0232,CLAIM,P026,schema,SCHEMA,"General Defect Record Schema: A typed defect record under instrument I on a target package T has the schema Def_ i ^ lambda ( T,I) = ( delta_ i , Omega_ i , Theta_ i , polarity_ i , W_ i , A_ i , V_ i , sigma_ i ),"
P026-C0233,CLAIM,P026,result_summary,NAMED_RESULT_OR_GATE_SURFACE,"Forest No-Drive (Theorem 15): Statement (recall). Let G=(V,E) be a finite graph with first Betti number beta_ 1 (G)=0 , that is, G is a forest. Let C^ 0 (G;k) , C^ 1 (G;k) , and d:C^ 0 (G;k)→ C^ 1 (G;k) be the finite cochain complex over the declared coeffici…"
P026-C0234,CLAIM,P026,result_summary,NAMED_RESULT_OR_GATE_SURFACE,"Exact-Form Null-Drive (Theorem 16): Statement (recall). Let a∈ C^ 1 (G;k) be a 1 -cochain with a=dphi for some phi∈ C^ 0 (G;k) . Then for every cycle gamma∈Cycles(G) , the cycle integral satisfies _ gamma a=0 . Proof. By definition, the cycle integral is the…"
P026-C0235,CLAIM,P026,result_summary,NAMED_RESULT_OR_GATE_SURFACE,"Nonzero-Affinity Equivalence (Theorem 17): Statement (recall). For a∈ C^ 1 (G;k) , the cohomology class [a]≠ 0 in H^ 1 (G;k) iff there exists a cycle gamma∈Cycles(G) with _ gamma a≠ 0 . Proof. Forward direction. Suppose [a]≠ 0 . Then a d^ 0 , so a is not exac…"
P026-C0236,CLAIM,P026,result_summary,NAMED_RESULT_OR_GATE_SURFACE,"Gating-Affinity Suppression (Theorem 18): Statement (recall). Let G G'=(V',E') be a P_ 2 -gating that sends G to a forest, that is, beta_ 1 (G')=0 . Then H^ 1 (G';k)=0 , and the cycle-supported cohomological drive certificate P6_ drive ^ H^1 is absent-with-re…"
P026-C0237,CLAIM,P026,result_summary,NAMED_RESULT_OR_GATE_SURFACE,"Noncommuting Completions (Theorem 9): Statement (recall). There exist finite idempotent completions E_ 1 ,E_ 2 :C→ C on a finite poset (C, ) that fail to commute, that is, E_ 1 E_ 2 ≠ E_ 2 E_ 1 . Proof. It suffices to exhibit the finite witness used in the ma…"
P026-C0238,CLAIM,P026,result_summary,NAMED_RESULT_OR_GATE_SURFACE,"Completion-Pasting Recovery (Theorem 31): Statement (recall). In the finite decorated double-category fragment of Subsection 14.1, the decorated square Xi_ comp for a pair of finite completions E_ 1 ,E_ 2 :C→ C is exact iff E_ 1 E_ 2 =E_ 2 E_ 1 on C . The squ…"
P026-C0239,CLAIM,P026,open_problem,OPEN_PROBLEM_OR_DEFERRED_WORK,"A positive refinement-improvement theorem requires a P_4 -monotonicity bridge with explicit hypotheses on the refinement, the update, and the closure functional, recorded as future work in Subsection 16.3.1."
P026-C0240,CLAIM,P026,result_summary,NAMED_RESULT_OR_GATE_SURFACE,"Supported No-Go: The construction supports the schema-grade observation that cell status does not factor through the primitive pair: there is no map g: P× P→CellStatus recovering both verdicts from the same pair. Equivalently, no total operation *: P× P→ P to…"
P026-C0241,CLAIM,P026,result_summary,NAMED_RESULT_OR_GATE_SURFACE,"Supported No-Go: The construction supports the dependency judgment Gamma ; H_ fin ; I_ fin (E_1^2=E_1 E_2^2=E_2 ) dep_ insufficient (E_1E_2=E_2E_1 ),"
P026-C0242,CLAIM,P026,nonclaim,EXPLICIT_NONCLAIM,"NC-8 of Subsection 2.4.3 records the corresponding nonclaim, and Theorem 9 of Section 7 makes the noncommuting-completions result theorem-grade."
P026-C0243,CLAIM,P026,result_summary,NAMED_RESULT_OR_GATE_SURFACE,"Supported No-Go: The construction supports the dependency judgment Gamma ; H_ fin ; I_ prom Promote(B):strict dep_ insufficient (pi_1F=F^ pi_1 ),"
P026-C0244,CLAIM,P026,nonclaim,EXPLICIT_NONCLAIM,NC-10 of Subsection 2.4.3 records the corresponding nonclaim.
P026-C0245,CLAIM,P026,result_summary,NAMED_RESULT_OR_GATE_SURFACE,"Supported No-Go: The construction supports the dependency judgment Gamma ; H_ graph ; I_ graph Promote(B):strict dep_ insufficient P6_ drive ^ H^1 ,"
P026-C0246,CLAIM,P026,nonclaim,EXPLICIT_NONCLAIM,NC-11 of Subsection 2.4.3 records the corresponding nonclaim.
P026-C0247,CLAIM,P026,result_summary,NAMED_RESULT_OR_GATE_SURFACE,"Supported No-Go: The construction supports the dependency judgment Gamma ; H_ PICA ; I_ PICA src:fallback dep_ insufficient Q:real,"
P026-C0248,CLAIM,P026,result_summary,NAMED_RESULT_OR_GATE_SURFACE,"Supported No-Go: The construction supports the dependency judgment Gamma ; H_ graph ; I_ graph P_2(edge deletion to forest) dep_ destroys P6_ drive ^ H^1 ,"
P026-C0249,CLAIM,P026,nonclaim,EXPLICIT_NONCLAIM,"Each sheet declares the host, the realization object, the realization map, the realized fragment, the actor-update map and informant-witness map (where applicable), the per-judgment realizations, the source-of-truth and provenance discipline (where applicable…"
P026-C0250,CLAIM,P026,nonclaim,EXPLICIT_NONCLAIM,"The recovered 6× 6 multiplicity count under the formal classifier is 25 action, 8 implicit, 2 trivial, 1 undefined_circular , recorded as a PICA-profile model fact rather than a universal 6× 6 law (PICA nonclaim 2 of Subsubsection 13.2.10)."
P026-C0251,CLAIM,P026,scope_boundary,SCOPE_OR_LIMITATION_RECORD,"Realization Theorem and Nonclaims: Model Theorem 33 (PICA Model-Realization; model-grade). If P∈PICAReal_ fin is admissible, then Gamma; H_ PICA ;I_ PICA _ fin ^ aud _ fin-stoch ^ cell/pair/prov :model_realization."
P026-C0252,CLAIM,P026,open_problem,OPEN_PROBLEM_OR_DEFERRED_WORK,"The PICA nonclaim register N_ PICA contains the ten nonclaims of Subsubsection 13.2.10: no PICA universality, no 6× 6 universal law, raw status not formal status, action not pair-realness, fallback not real source, ablation evidence is model-grade, P_ 3 not P…"
P026-C0253,CLAIM,P026,nonclaim,EXPLICIT_NONCLAIM,"with S_ aud the audited shell-stable comparison domain, T_ 0 the base cocycle-pressure theory, T_ 1 the completion-packaged theory, pi_ 0 the old cocycle-level object map, pi_ 1 the new packaged-object map, F the persistent packaged-strata family, Delta the p…"
P026-C0254,CLAIM,P026,result_summary,NAMED_RESULT_OR_GATE_SURFACE,Gate Results: [] @ ll@ →prule gate result G_ suff pass G_ desc not_required G_ stab pass G_ ctrl pass G_ nosmuggle pass G_ vis pass G_ audit pass G_ strict strict_pass G_ locglob not_required
P026-C0255,CLAIM,P026,scope_boundary,SCOPE_OR_LIMITATION_RECORD,"Realization Theorem and Nonclaims: Model Theorem 34 (Cantor Strict-Bridge Realization; model-grade). If AdmCantorShell(CantorShell_ aud ) holds, the strictness witness records a nonempty Delta_ fact ^ Cantor on S_ aud , and the gate record holds, then Gamma;…"
P026-C0256,CLAIM,P026,nonclaim,EXPLICIT_NONCLAIM,"The Cantor nonclaim register N_ Cantor contains the ten nonclaims of Subsubsection 13.3.9: shell-bound only, no shell-general theorem, no broader external-class theorem, strictness not macro closure, strictness not drive, pressure gap not KL closure deficit w…"
P026-C0257,CLAIM,P026,result_summary,NAMED_RESULT_OR_GATE_SURFACE,Realized Roles and Theorem Trio: The realization map sends each realized primitive to its AI-host witness: [] @ lll@ →prule primitive AI realization core condition P_ 1 descent / sound transformer alpha F _ A F^ alpha P_ 2 representability p representable iff…
P026-C0258,CLAIM,P026,result_summary,PAPER_STATED_RESULT_SUMMARY,"Theorem 26 (AIClosureAsPackaging; theorem-grade). rho=gammaalpha is extensive, monotone, and idempotent. Theorem 27 (AIDescentAsSoundTransformer; theorem-grade). alpha F _ A F^ alpha iff Fgamma _ C gamma F^ . Theorem 28 (AIRepresentabilityAsFixedness; theorem…"
P026-C0259,CLAIM,P026,scope_boundary,SCOPE_OR_LIMITATION_RECORD,"Realization Theorem and Nonclaims: Model Theorem 29 (AIModelFamily; model-grade). If AIFam_ fin is an admissible finite family of AI hosts, then Gamma; H_ AI ;I_ AI _ fin ^ aud _ fin ^ P_ 1 /P_ 2 /P_ 4 /P_ 5 /P_ 6 :model_realization."
P026-C0260,CLAIM,P026,nonclaim,EXPLICIT_NONCLAIM,"The AI nonclaim register N_ AI contains: AI is not the whole calculus, soundness is not completeness, closure does not imply descent, representability does not imply sound transformer, refinement does not automatically improve every defect, AI five-role reali…"
P026-C0261,CLAIM,P026,nonclaim,EXPLICIT_NONCLAIM,"k) the affinity/drive cochain, Gate the gating record, A and V host audit and visibility records, and N the cohomology nonclaim register."
P026-C0262,CLAIM,P026,scope_boundary,SCOPE_OR_LIMITATION_RECORD,"Realization Theorem and Nonclaims: Cohomology Support Realization (model-grade). Every admissible CohGraph_ fin realizes the fragment containing P_ 2 -support gating and cycle-rank loss, P6_ drive ^ H^ 1 certificates, no-drive certificates, and P_ 3 /drive se…"
P026-C0263,CLAIM,P026,nonclaim,EXPLICIT_NONCLAIM,"The cohomology nonclaim register N_ coh contains the ten nonclaims of Subsubsection 13.4.4: P6_ drive ^ H^ 1 is one drive certificate family not all drive, P_ 3 holonomy not P6_ drive without a bridge, gating to a forest kills cycle-supported drive only, exac…"
P026-C0264,CLAIM,P026,scope_boundary,SCOPE_OR_LIMITATION_RECORD,Combined Nonclaims: The combined nonclaim register records ten cross-model nonclaims that hold uniformly across the four realizations: enumi . enumi . No model realization is the whole of BirdInt^ aud _ fin . PICA is not the universal six-symbol algebra. Cant…
P026-C0265,CLAIM,P026,nonclaim,EXPLICIT_NONCLAIM,The combined nonclaim register records ten cross-model nonclaims that hold uniformly across the four realizations:
P026-C0266,CLAIM,P026,nonclaim,EXPLICIT_NONCLAIM,"The matrix is not read vertically as a coverage assertion: the framework does not assert that the union of the four realizations covers the whole calculus, in keeping with the model-coverage nonclaim of Subsubsection 13.6.2."
P026-C0267,CLAIM,P026,nonclaim,EXPLICIT_NONCLAIM,"The decorated-square fragment is a secondary organizational layer over the core calculus: it does not replace the directed-cell, pair-observable, promotion, claim, gate, or square status families, and it does not assert a completeness theorem for the calculus."
P026-C0268,CLAIM,P026,nonclaim,EXPLICIT_NONCLAIM,and N_ DC the host nonclaim register.
P026-C0269,CLAIM,P026,schema,SCHEMA,"Decorated Square Schema: A decorated square Xi∈Sq is a finite typed record Xi = ( X, F, q, F^ , src_ Xi , tgt_ Xi , type_ Xi , Decor_ Xi , A_ Xi , V_ Xi , delta_ Xi , N_ Xi ),"
P026-C0270,CLAIM,P026,nonclaim,EXPLICIT_NONCLAIM,"[] @ ll@ →prule [b] 0.47 field [b] 0.47 meaning [t] 0.47 X [t] 0.47 source object of the square, an element of Ob [t] 0.47 F [t] 0.47 horizontal arrow component of the boundary [t] 0.47 q [t] 0.47 vertical arrow component of the boundary [t] 0.47 F^ [t] 0.47…"
P026-C0271,CLAIM,P026,nonclaim,EXPLICIT_NONCLAIM,This recovery is representational: it records the descent data handled by Theorem 30 inside H_ DC and does not assert that every descent fact in the core calculus reduces to a decorated square.
P026-C0272,CLAIM,P026,nonclaim,EXPLICIT_NONCLAIM,it records the completion-noncommutation phenomenon at the level of H_ DC and does not assert that every completion-related fact reduces to a decorated square.
P026-C0273,CLAIM,P026,nonclaim,EXPLICIT_NONCLAIM,The recovery is representational and does not assert that every strict-extension claim reduces to a decorated square.
P026-C0274,CLAIM,P026,scope_boundary,SCOPE_OR_LIMITATION_RECORD,High-Structure Nonclaims: This subsection records the long-form high-structure nonclaims of Subsection 14.5.
P026-C0275,CLAIM,P026,nonclaim,EXPLICIT_NONCLAIM,"including witness data, update data, language, visibility, threshold, audit record, defect record, square status, and nonclaim data."
P026-C0276,CLAIM,P026,result_summary,NAMED_RESULT_OR_GATE_SURFACE,No General Obstruction Propagation Theorem: The pasting law of Subsubsection 14.1.3 records a syntactic aggregation rule for defects under finite strict pasting. The appendix does not claim a general theorem of the form ``a defect at one square in a finite pa…
P026-C0277,CLAIM,P026,open_problem,OPEN_PROBLEM_OR_DEFERRED_WORK,The appendix does not claim a general theorem of the form ``a defect at one square in a finite pasting diagram propagates to a defect at every square downstream of it'' or ``the absence of a defect at one square suffices for the absence of a defect at every s…
P026-C0278,CLAIM,P026,result_summary,PAPER_STATED_RESULT_SUMMARY,theorem-grade paper claims remain theorem-grade finite claims; model-grade paper claims remain scoped model-realization claims; Proposition 35 remains an audit-grade validation claim.
P026-C0279,CLAIM,P026,prose_definition,PROSE_DEFINITION_SECTION,Definition Nodes: The definition nodes of BirdInt^ aud _ fin are the finite typed schemas that the calculus introduces and uses throughout the paper. Each node is a finite typed record schema; the dependency graph records which schemas consume the records of…
P026-C0280,CLAIM,P026,result_summary,NAMED_RESULT_OR_GATE_SURFACE,Theorem Build Order: The theorem build order is the topological order in which the paper's theorems and supporting records are introduced and proved. It is the order under which every consumer of a record is preceded by its producer. The nine-stage build orde…
P026-C0281,CLAIM,P026,nonclaim,EXPLICIT_NONCLAIM,The build order does not claim closure under any larger dependency closure
P026-C0282,CLAIM,P026,nonclaim,EXPLICIT_NONCLAIM,The path is consumed by the graph/cohomology realization (Subsection 13.4) and by the cohomology nonclaim register N_ coh of Subsubsection 13.4.4.
P026-C0283,CLAIM,P026,nonclaim,EXPLICIT_NONCLAIM,The appendix is a finite typed register that consolidates the future-work items of Subsection 16.3 and the negative-scope items of Subsection 16.4 (and the per-section nonclaim subsections) in one place.
P026-C0284,CLAIM,P026,open_problem,OPEN_PROBLEM_OR_DEFERRED_WORK,"This subsection records the deferred claims by future-paper group, mirroring the six classes of future work in Subsection 16.3."
P026-C0285,CLAIM,P026,open_problem,OPEN_PROBLEM_OR_DEFERRED_WORK,Each item below is not deferred to future work but explicitly excluded as a positive claim of BirdInt^ aud _ fin .
P026-C0286,CLAIM,P026,nonclaim,EXPLICIT_NONCLAIM,"Theorem 1 of Section 6 records the formal counterexample, and NC-1 of Subsection 16.4 records the corresponding nonclaim. NC-2 of Subsection 16.4 records the corresponding nonclaim. The dropped claim is recorded in Subsubsection 1.3.2 and the corresponding no…"
P026-C0287,CLAIM,P026,nonclaim,EXPLICIT_NONCLAIM,"Each is recorded as a negative scope item in Section 16, and each is supported by a theorem, a countermodel, or a per-realization nonclaim register elsewhere in the paper."
P026-C0288,CLAIM,P026,open_problem,OPEN_PROBLEM_OR_DEFERRED_WORK,defers the items of Subsection H.1 to future work
P028-C0001,CLAIM,P028,paper_thesis,PAPER_STATED_COMPOSITE_RESULT,"Foundations IV is a catalog of layer-agnostic structural laws built on the Foundations I/II/III apparatus. Its organizing question is what must be true, before choosing a substrate—whether analysis, arithmetic, physics, biology, chemistry, economics and finan…"
P028-C0002,CLAIM,P028,nonclaim,EXPLICIT_NONCLAIM,"Foundations IV is not a foundational reset of Foundations I/II/III, not a unification claim about the eight axes, and not an exhaustive catalog."
P028-C0003,CLAIM,P028,nonclaim,EXPLICIT_NONCLAIM,"In each case there is a setup, an obstruction, a repair or boundary, and a statement of what the theorem does not claim."
P028-C0004,CLAIM,P028,definition,DEFINITION,Closure formation: A closure formation is the passage from initial data to the object obtained by closing that data under a declared family of closure rules. We write cl for the formed-closure operation. A formed closure is the completed object relative to th…
P028-C0005,CLAIM,P028,definition,DEFINITION,Current and predictive quotients: Quotient packaging is the standard quotient construction: an equivalence relation is imposed on a carrier and only equivalence classes are retained. The quotient map is denoted pi when no more specific symbol is needed. The c…
P028-C0006,CLAIM,P028,definition,DEFINITION,BirdInt judgment: A BirdInt judgment is the Foundations III\ finite audited interaction judgment. In this paper it records that the interaction named in a catalog law is legitimately observable by the declared finite audit data. It is not an informal plausibi…
P028-C0007,CLAIM,P028,definition,DEFINITION,"Split-pair obstruction: Let q:X→ Q be a source quotient, F:X→ Y a map, and r:Y→ R a target identification. The split-pair obstruction is Delta(q,F,r) = \ (x,x')∈ X× X q(x)=q(x')\ and\ rF(x) rF(x')\ . It is the set of pairs identified by the source quotient bu…"
P028-C0008,CLAIM,P028,definition,DEFINITION,Observation signature; access quotient: An observation signature is a declared map sigma_I:H→ Sigma from a carrier H to observation symbols. It determines the access kernel h _I h' Longleftrightarrow sigma_I(h)=sigma_I(h'). The access quotient q_I is the quot…
P028-C0009,CLAIM,P028,definition,DEFINITION,"Normal-form template: Each catalog law is presented by a six-part normal-form template: setup, theorem, proof spine, case enumeration, interaction status, and nonclaims. The setup names the data on which the law operates. The theorem states the layer-agnostic…"
P028-C0010,CLAIM,P028,nonclaim,EXPLICIT_NONCLAIM,It does not assert that the laws are equivalent or that the axes are canonical.
P028-C0011,CLAIM,P028,definition,DEFINITION,"Observation signature: Let H be a closure carrier. An observation signature on H is a declared map sigma_I:H→Sigma from states to observation symbols. Its access kernel is the equivalence relation h _I h' Longleftrightarrow sigma_I(h)=sigma_I(h'), and its acc…"
P028-C0012,CLAIM,P028,theorem,THEOREM_GRADE,"Quotientality: Let sigma_I:H→Sigma be an observation signature with access quotient q_I:H→ Q_I . Every observable o:H→ R that is constant on access classes factors uniquely through q_I : o= o q_I for a unique o:Q_I→ R . Moreover, Q_I is the coarsest quotient…"
P028-C0013,CLAIM,P028,theorem,THEOREM_GRADE,"Adequacy / No-Overread: Let F:H→ W be a current-layer claim over a formed access package. If F is accepted as an exact current claim, then it is constant on the fibers of q_I . Equivalently, there is a map F:Q_I→ W such that F= F _I ."
P028-C0014,CLAIM,P028,theorem,NEGATIVE_RESULT_THEOREM,"No-Free-Distinction: A functorial gate using only the existing access quotient cannot produce a strict new current distinction. If a readout d:H→ D is current-visible without additional apparatus data, then _ dist (q_I,d)= , equivalently d= d _I for some d:Q_…"
P028-C0015,CLAIM,P028,result_summary,NAMED_RESULT_OR_GATE_SURFACE,"Hiddenness Normal Form: [Hiddenness interface] A hiddenness interface I consists of a closure carrier H_I , a current quotient _I: H_I→ Q_I , a predictive quotient _I: H_I→ M_I refining _I , and the following predicates: determiningStateTyped(I), minimalRelev…"
P028-C0016,CLAIM,P028,definition,DEFINITION,"Hiddenness interface: A hiddenness interface I consists of a closure carrier H_I , a current quotient _I: H_I→ Q_I , a predictive quotient _I: H_I→ M_I refining _I , and the following predicates: determiningStateTyped(I), minimalRelevantUpstream(I), lawfulCur…"
P028-C0017,CLAIM,P028,theorem,THEOREM_GRADE,"Hiddenness Normal Form: Let I be a hiddenness interface and let src: Paper7SaturatedSATInstance(I) be the opaque saturated-SAT source certificate. Then determiningStateTyped(I), minimalRelevantUpstream(I), lawfulCurrentExposure(I) iff QuotientExposed(I), Pred…"
P028-C0018,CLAIM,P028,nonclaim,EXPLICIT_NONCLAIM,"This theorem does not re-prove the saturated-SAT closure result of the PvNP paper , and it does not assert any conclusion about a specific computational complexity class."
P028-C0019,CLAIM,P028,definition,DEFINITION,"Diagnosis source data: Diagnosis source data for a closure carrier consists of a certified source predicate saying that the carrier has the declared measurement context, record update discipline, and stability conditions required for a formed predictive closu…"
P028-C0020,CLAIM,P028,theorem,THEOREM_GRADE,"CSL Formed-Closure Law: Let FPC be the class of formed predictive closures C , each carrying a hiddenness interface with current quotient Q and predictive quotient M , together with four declared side-condition predicates genuinelyFormed( C), saturatedCurrent…"
P028-C0021,CLAIM,P028,nonclaim,EXPLICIT_NONCLAIM,"This subsection does not instantiate the CSL diagnosis source, does not assert a measurement-theoretic contextuality theorem at the Foundations IV\ layer, and does not close the source obligation unconditionally."
P028-C0022,CLAIM,P028,theorem,NEGATIVE_RESULT_THEOREM,"Layer Multiplicity: Let H be a history space, let q:H→ Q be a surjective access quotient, and let s:H→ S be a declared role readout. Define the role obstruction and joint role-layer quotient by O_s := \ (h,h')∈ H^2:q(h)=q(h')\ and\ s(h) s(h')\ , q_s(h):=(q(h)…"
P028-C0023,CLAIM,P028,nonclaim,EXPLICIT_NONCLAIM,"Layer Multiplicity does not classify the number of layers in a carrier, does not prescribe how layers must be presented, and does not assert that multiplicity is finite in every setting."
P028-C0024,CLAIM,P028,theorem,THEOREM_GRADE,"No-Needles Stability: Let P be a formed stability package with a layer-dissolving membrane. Suppose P declares: a currency block C on its exterior carrier of size e ; a layer-bridge block L of size y× e and a dissolving-direction block D of size z× e , with b…"
P028-C0025,CLAIM,P028,nonclaim,EXPLICIT_NONCLAIM,"The theorem does not re-prove the Needle Killer or Navier–Stokes substrate instances, does not classify every possible layer-dissolving move, and does not assert that the substrate carrier is unique."
P028-C0026,CLAIM,P028,theorem,THEOREM_GRADE,"Sufficiency Closure: The current quotient Q is sufficient for the declared future family F if and only if every declared future probe f∈ F descends through q . Equivalently, for every f:H→ F_f in F there is a map f:Q→ F_f such that f= f q ."
P028-C0027,CLAIM,P028,nonclaim,EXPLICIT_NONCLAIM,"It also does not assert sufficiency for undeclared probes, which lie outside the current audit scope."
P028-C0028,CLAIM,P028,lemma,THEOREM_GRADE,"Strict Extension: The extension from q_ old to q_ new is strict if and only if there is a retention map rho: _ new → _ old , q_ old =rho q_ new , and there are histories h,h'∈ H such that q_ old (h)=q_ old (h') but q_ new (h) q_ new (h')."
P028-C0029,CLAIM,P028,theorem,THEOREM_GRADE,"No Unstatused Residual: Let R be a residual type, let P be a formed stability package over R , and let st_ P :R S be the declared typed-status classifier supplied by the package. Assume the package discipline makes st_ P single-valued on native residual recor…"
P028-C0030,CLAIM,P028,nonclaim,EXPLICIT_NONCLAIM,"The interaction status is BirdInt -compatible because the residual record is part of the audited interaction data: the package must say whether the residual is visible, hidden with a record, outside scope, blocked, priced, or accepted."
P028-C0031,CLAIM,P028,result_summary,NAMED_RESULT_OR_GATE_SURFACE,"Descent–Repair Normal Form: The first transport law is the quotient descent criterion already introduced in . We use the split-pair obstruction of . [Canonical target-repair quotient] Let q:X→ Q , F:X→ Y , and r:Y→ R . The canonical target-repair relation _F…"
P028-C0032,CLAIM,P028,definition,DEFINITION,"Canonical target-repair quotient: Let q:X→ Q , F:X→ Y , and r:Y→ R . The canonical target-repair relation _F on R is the smallest equivalence relation generated by the identifications r(Fx) _F r(Fx') whenever q(x)=q(x'). The canonical target-repair quotient i…"
P028-C0033,CLAIM,P028,theorem,NEGATIVE_RESULT_THEOREM,"Descent-Repair Normal Form: Let q:X→ Q be a quotient map, let F:X→ Y be a map, and let r:Y→ R be a target readout. Then r F descends through q if and only if Delta(q,F,r)=∅ . If the obstruction is nonempty, the canonical repairs are: source refinement, which…"
P028-C0034,CLAIM,P028,result_summary,NAMED_RESULT_OR_GATE_SURFACE,"Holonomy-Memory Repair Normal Form: The second transport law concerns route dependence: two routes can be indistinguishable at the current quotient while still leaving a predictive difference. [Route residue] Let H be a carrier, let gamma, :H→ Z be two declar…"
P028-C0035,CLAIM,P028,definition,DEFINITION,"Route residue: Let H be a carrier, let gamma, :H→ Z be two declared routes, let Q:Z→ Q be the current quotient, and let M:Z→ M be a predictive quotient refining the current readout. The route residue of gamma and at h∈ H is present when Q(gamma h)=Q( h) but M…"
P028-C0036,CLAIM,P028,theorem,THEOREM_GRADE,"Holonomy-Memory Repair Normal Form: For two declared routes gamma, :H→ Z , current quotient Q , and predictive quotient M , memory is forced exactly when there is route residue. Equivalently, if two route outputs agree at Q but differ at M , then no represent…"
P028-C0037,CLAIM,P028,result_summary,NAMED_RESULT_OR_GATE_SURFACE,"Local–Global Obstruction Normal Form: The third transport law is the local-to-global image criterion. It separates overlap tests from genuine global existence. [Local-global compatibility] Let I index a declared finite patch system, with local object sets (Q_…"
P028-C0038,CLAIM,P028,definition,DEFINITION,"Local-global compatibility: Let I index a declared finite patch system, with local object sets (Q_i)_ i∈ I . Let C⊆ _i Q_i be the subset of local families satisfying all declared overlap comparisons. Let Q be the global object set and R:Q→ _i Q_i the declared…"
P028-C0039,CLAIM,P028,theorem,NEGATIVE_RESULT_THEOREM,"Local-Global Obstruction Normal Form: Let G be a set of global states, let F be a set of local-family data, let Comp: F→Prop be the overlap-compatibility predicate, and let R: G F be a declared restriction map such that Comp(R(g)) for every g∈ G . For a∈ F ,…"
P028-C0040,CLAIM,P028,definition,DEFINITION,"Bridge composition: Let B be the carrier of branch data, let K:B→ Q_K be the branchwise quotient, and let R:B→ Q_R be the recombination quotient. The bridge composition is the use of K as the source quotient and R as the target readout in the split-pair crite…"
P028-C0041,CLAIM,P028,theorem,NEGATIVE_RESULT_THEOREM,"Recombination Comparison: Let K:B→ Q_K be a branchwise quotient and R:B→ Q_R a recombination quotient on the same branch carrier. Then branchwise equality determines recombination equality if and only if R factors through K , that is, if and only if there exi…"
P028-C0042,CLAIM,P028,definition,DEFINITION,"Involutive ledger; anti-invariant readout: An involutive ledger is a carrier X equipped with an involution J:X→ X , so J^2=id . Its fixed locus is Fix(J)=\ x∈ X:J(x)=x\ . An anti-invariant readout is a quantity whose sign changes under J . It is separating wh…"
P028-C0043,CLAIM,P028,theorem,THEOREM_GRADE,Duality Fixity / Self-Dual Trace Confinement: Let a formed closure carry an involutive ledger with separating anti-invariant readout and trace functional tr . Assume a source instance supplying the self-dual trace-confinement bridge. If a completed domination…
P028-C0044,CLAIM,P028,nonclaim,EXPLICIT_NONCLAIM,"This subsection does not re-prove the SDTC apparatus, does not prove the RH specialization, and does not instantiate the law to a specific arithmetic carrier."
P028-C0045,CLAIM,P028,result_summary,NAMED_RESULT_OR_GATE_SURFACE,"Selection Obstruction / Repair Normal Form: [Selection obstruction] Let a declared symmetry group G act on a carrier X , and let p:X→ X/G be the orbit quotient. For a selectedness predicate :X→\ 0,1\ , the selection obstruction is the split-pair set Delta(p,…"
P028-C0046,CLAIM,P028,definition,DEFINITION,"Selection obstruction: Let a declared symmetry group G act on a carrier X , and let p:X→ X/G be the orbit quotient. For a selectedness predicate :X→\ 0,1\ , the selection obstruction is the split-pair set Delta(p, ) = \ (x,x')∈ X× X: p(x)=p(x')\ and\ (x) (x')…"
P028-C0047,CLAIM,P028,theorem,NEGATIVE_RESULT_THEOREM,"Selection Obstruction / Repair Normal Form: Let G act on a set X and on an orbit set O by rho_X:G× X→ X and rho_O:G× O→ O . Let pi:X→ O be a surjective orbit map, let s:X→\ 0,1\ be a selectedness predicate, let sigma:O→ X be a section, and let b:X→ B be a bre…"
P028-C0048,CLAIM,P028,theorem,THEOREM_GRADE,"Spontaneous Symmetry Breaking / Branch-Selection Formation: Let C be a closure space with a G -action, let Omega: C→Prop be the ground-state predicate, and let B= C/G be the branch quotient. Suppose a future branch-selection formation source is given for ( C,…"
P028-C0049,CLAIM,P028,theorem,NEGATIVE_RESULT_THEOREM,"Anomaly / Symmetry Obstruction: Let G act on a history space H by alpha:G× H→ H , let q:H→ Q be a surjective quotient, let alpha:G× Q→ Q be a candidate descended action, let D:G× H→\ 0,1\ be a domain predicate, and let r:H→ V be a readout with value action rh…"
P028-C0050,CLAIM,P028,nonclaim,EXPLICIT_NONCLAIM,The theorem does not classify anomalies into carrier-specific forms and does not assert anything about non-symmetric gates.
P028-C0051,CLAIM,P028,theorem,THEOREM_GRADE,"Duality Equivalence: Let C_A, C_B be formed closures with quotients q_A: C_A→ Q_A and q_B: C_B→ Q_B . Let F: C_A→ C_B and G: C_B→ C_A descend to F:Q_A→ Q_B and G:Q_B→ Q_A . Let r_A:R_A→ S_A , r_B:R_B→ S_B be role readouts, let tau:R_A→ R_B be role translation…"
P028-C0052,CLAIM,P028,nonclaim,EXPLICIT_NONCLAIM,The theorem does not classify symmetry presentations and does not assert a unique role presentation beyond observable equivalence.
P028-C0053,CLAIM,P028,theorem,NEGATIVE_RESULT_THEOREM,"Objectivity as Common Quotient: Let H be a carrier with a family of access quotients q_i:H→ Q_i indexed by i∈ I , a public quotient p:H→ P , and a target readout r:H→ R . Assume each q_i is surjective, p is surjective, and the family satisfies the common-quot…"
P028-C0054,CLAIM,P028,theorem,THEOREM_GRADE,"Lawhood Descent: Let a formed closure have available access quotient q_I:H→ Q . A declared candidate law P is lawful at the layer if and only if it factors through q_I ; for a predicate, this means P(h)=P(h') whenever q_I(h)=q_I(h') ."
P028-C0055,CLAIM,P028,theorem,NEGATIVE_RESULT_THEOREM,"Object Persistence: Let H_i,H_j be carriers with access quotients q_i:H_i→ Q_i and q_j:H_j→ Q_j , and let gamma:H_i→ H_j be a declared transport. Assume q_i and q_j are surjective. Let viable:Q_j→Prop be a viability predicate, C:H_i× H_j→Prop a relation predi…"
P028-C0056,CLAIM,P028,definition,DEFINITION,"Record formation: In a formed closure cl , a fact is a claim candidate that is closure-of-record and whose evidence descends through the available access. A record is the audited witness, carried by the BirdInt ledger, that the claim and evidence have formed…"
P028-C0057,CLAIM,P028,theorem,THEOREM_GRADE,"Fact / Record Formation: Let H_0,H_1,H_s,H_t be history spaces with event readout :H_0→ E , continuation gamma:H_0→ H_1 , record readouts rho_1:H_1→ R_1, rho_s:H_s→ R_s, rho_t:H_t→ R_t, transport :H_s→ H_t , descended transport :R_s→ R_t , fact-value maps d_s…"
P028-C0058,CLAIM,P028,theorem,THEOREM_GRADE,"Reflexive Nonclosure: Let C be a space of claims, let pi be a same-layer audit policy on C , and let mu be a meta-layer audit relation from C to a space M of meta-claims. For every c∈ C , SelfCertificationBlocked_ pi (c), AcceptedScopedLowerAudit_ pi (c) impl…"
P028-C0059,CLAIM,P028,nonclaim,EXPLICIT_NONCLAIM,Therefore any claim of complete same-layer self-soundness lies outside the scope of pi .
P028-C0060,CLAIM,P028,nonclaim,EXPLICIT_NONCLAIM,Complete self-attestation by the issuer is outside the scope of the regime .
P028-C0061,CLAIM,P028,nonclaim,EXPLICIT_NONCLAIM,Complete in-certificate self-trust is outside the scope of the protocol .
P028-C0062,CLAIM,P028,theorem,THEOREM_GRADE,"Interface Mediation: Let q:X→ Q be a source quotient, let beta:Y→ B be a boundary readout, let U:X× Y→ X' be an interface update, and let q':X'→ Q' be the target quotient. Assume q , beta , and q' are surjective. Define O_U := \ ((x,y),(x',y')) : q(x)=q(x'),\…"
P028-C0063,CLAIM,P028,theorem,THEOREM_GRADE,"Probability as Stable Unresolved Fiber: Let q:H→ Q be a quotient of histories, let lambda:Q→ L be a ledger map, let S⊆ L× H be a support relation, let m:L→ (H→Prop)→ W be a weight assignment, and let r:H→ Z be a readout. For a∈ Q and v∈ Z , set Pr_ q,r (a,v)…"
P028-C0064,CLAIM,P028,theorem,THEOREM_GRADE,"Causality as Stable Intervention Transport: Let q:H→ Q be a context quotient, let alpha:A→ A be an intervention abstraction, let Gamma:H× A→ H' be an intervention transport, let r:H'→ R be a target readout, and let K:H× A→ K_0 be a kernel outcome. Let Adm:Q×…"
P028-C0065,CLAIM,P028,theorem,THEOREM_GRADE,"Moduli / Contingency: Let C be a closure space with lawfulness predicate Lawful: C→Prop , equivalence relation on lawful closures, moduli quotient p: C→ M , readout r: C→ V , transport T: C→ C' , and selected closure c_0∈ C . Assume p is surjective on lawful…"
P028-C0066,CLAIM,P028,theorem,THEOREM_GRADE,"Conservation as Orbit Descent: A quantity C:X→ V is conserved for a declared route or symmetry structure if and only if it descends through the orbit quotient; that is, C(x)=C(x') whenever x and x' lie in the same declared orbit."
P028-C0067,CLAIM,P028,theorem,THEOREM_GRADE,"Composability: Let X_A,X_B be component spaces with quotients q_A:X_A→ Q_A , q_B:X_B→ Q_B , interface readouts beta_A:X_A→ I_A , beta_B:X_B→ I_B , composition U:X_A× X_B→ X_ AB , composite quotient q_ AB :X_ AB → Q_ AB , admissibility predicate Adm:X_A× X_B→P…"
P028-C0068,CLAIM,P028,theorem,THEOREM_GRADE,"Presentation Invariance: Let P be a presentation space with quotient pi:P→Pi , let be an equivalence relation compatible with pi , let s:Pi→ P be a section with pi(s(x))=x , and let T:P→ V be a readout. Let tau:Tuple(P)→Tuple(Pi) be the tuple quotient, let R:…"
P028-C0069,CLAIM,P028,theorem,THEOREM_GRADE,"Explanation as Compression with Descent: Let H be a history space with base readout b:H→ B , explanation readout e:H→ E , target readout t:H→ T , continuation :H→ H' , later explanation e':H'→ E' , and later target t':H'→ T' . Assume b and e are surjective. D…"
P028-C0070,CLAIM,P028,theorem,THEOREM_GRADE,"Counterfactual Legitimacy: Let q:H→ Q be a context quotient, let alpha:A→ A be an intervention abstraction, let Adm:H× A→Prop be admissibility, let Gamma:H× A→ H' be a counterfactual route, let q':H'→ R be a target quotient, and let tau:H'→Bool be target trut…"
P028-C0071,CLAIM,P028,definition,DEFINITION,Horizon-bounded support: A target object is horizon-bounded when its declared support lies inside a finite horizon record: a quotient of the apparatus boundary through which every declared target readout for that object is meant to be evaluated.
P028-C0072,CLAIM,P028,theorem,THEOREM_GRADE,"Horizon Sufficiency / Holographic Compression: Let H be a set of histories with an interior–exterior decomposition H I × E , and define pi : I × E B × Q, pi(i,e)=(beta(i), (e)), where beta:I→ B is the boundary readout and :E→ Q is the exterior classifier. Ass…"
P028-C0073,CLAIM,P028,nonclaim,EXPLICIT_NONCLAIM,it does not assert the AdS/CFT correspondence or any particular gravitational realization.
P028-C0074,CLAIM,P028,result_summary,NAMED_RESULT_OR_GATE_SURFACE,"Information Loss Normal Form: [Information Loss Normal Form] Let H_0,H_1 be source and later carriers with transport tau:H_0→ H_1 . Let sigma:H_0→ I be source information, rho:H_1→ R a recovery quotient, q_0:H_0→ Q_0 a source quotient, q_1:H_1→ Q_1 a later qu…"
P028-C0075,CLAIM,P028,theorem,THEOREM_GRADE,"Information Loss Normal Form: Let H_0,H_1 be source and later carriers with transport tau:H_0→ H_1 . Let sigma:H_0→ I be source information, rho:H_1→ R a recovery quotient, q_0:H_0→ Q_0 a source quotient, q_1:H_1→ Q_1 a later quotient, and s:H_0→ S a declared…"
P028-C0076,CLAIM,P028,theorem,THEOREM_GRADE,"Scale Descent / Renormalization: Let H be a carrier with consecutive scale quotients q_n:H→ Q_n and q_ n+1 :H→ Q_ n+1 . Let c:Q_n→ Q_ n+1 be a surjective coarsening with c q_n=q_ n+1 , and let t:H→ T be a target law. Put O_n(t)= \ (h,h'):q_n(h)=q_n(h')\ and\…"
P028-C0077,CLAIM,P028,theorem,NEGATIVE_RESULT_THEOREM,"Singular Limit Completion: Let P be a set of limiting processes, let :P→ Q be a surjective limit quotient, let j:Q→ Q be a completion map, let u:P→ T be the target-limit readout, let sigma:P→ S be a declared signature-limit readout, let u^ ren :P→ T^ ren be a…"
P028-C0078,CLAIM,P028,theorem,THEOREM_GRADE,"Complementarity as Non-Joint Access: Let H be a carrier with two access quotients q_A:H→ Q_A and q_B:H→ Q_B . A joint access is a quotient j:H→ J together with maps a:J→ Q_A and b:J→ Q_B satisfying a j=q_A, b j=q_B . Assume q_A and q_B are separately admissib…"
P028-C0079,CLAIM,P028,theorem,THEOREM_GRADE,"Arrow from Record Monotonicity: Let H_s,H_t be source and target history sets with continuation :H_s→ H_t . Let r_s:H_s→ R_s and r_t:H_t→ R_t be surjective record quotients, and let s_s:R_s→ S , s_t:R_t→ S be status readouts into a preorder (S, _S) . Then r_t…"
P028-C0080,CLAIM,P028,theorem,NEGATIVE_RESULT_THEOREM,"Entropy as Fiber Volume: Let q:H→ Q be a surjective access quotient with target readout t:H→ T . Let q_F:H→ Q_F be a finer quotient and q_C:H→ Q_C a coarsening, related by a factorization c:Q_F→ Q_C with c q_F=q_C. Let ( E, _E) be a preorder of entropy values…"
P028-C0081,CLAIM,P028,theorem,THEOREM_GRADE,"Irreducibility / No Short Closed Description: Let H be a set of objects with base map b:H→ B , compression map e:H→ E , target readout t:H→ T , and route updates r_gamma:H→ H for gamma∈Gamma . Let cost:E→ C take values in a strict preorder (C,<) . A compressi…"
P028-C0082,CLAIM,P028,theorem,THEOREM_GRADE,"Continuum Emergence: Let (I, ) be a directed index set, let A_i be a discrete approximation at index i , and let phi_ ij :A_j→ A_i be comparison maps for i j . Let p_i:L→ A_i be projections from a candidate limit L , let _i∈ R_i be residuals, and let :L→ Q_∈f…"
P028-C0083,CLAIM,P028,theorem,THEOREM_GRADE,"Criticality / Phase Boundary: Let C be a control space with quotient c: C→ C , phase readout : C→Phi , formedness predicate F: C→Prop , and neighborhood relation N(x,U,y) . Let S,M,U,R: C→Prop denote, respectively, status-change, margin-vanishing, non-uniform…"
P028-C0084,CLAIM,P028,theorem,THEOREM_GRADE,"Locality / Domain of Dependence: Let H be a history set with local quotient :H→ L , target readout t:H→ T , signature sigma:H→Sigma , update map u:H→ H' , and target quotient q':H'→ Q' . Assume is surjective. Define O_ (t)= \ (h,h'): (h)= (h')\ and\ t(h) t(h'…"
P028-C0085,CLAIM,P028,theorem,THEOREM_GRADE,"Law–State Split: Let X be a closure space with moduli quotient mu: X→ M , readout r: X→ V , and descended readout r:M→ V satisfying r mu=r . Let tau: X→ X_2 be a transport and mu_2: X_2→ M_2 a target moduli quotient. Then r respects mu iff x,y∈ X,\ mu(x)=mu(y…"
P028-C0086,CLAIM,P028,theorem,NEGATIVE_RESULT_THEOREM,"Fine-Tuning as Small Selector Region: Let M be a moduli space, r:M→ V a readout, and T:V→Prop a target-region predicate. Let M be the carrier type of measure-record values, let mu:Pow(M)→ M be a measure record on subsets of M , let mu_ tot ∈ M be the total me…"
P028-C0087,CLAIM,P028,theorem,THEOREM_GRADE,"Topology as Global Gluing Invariant: Let G be a set of global states with gluing quotient gamma:G→Gamma , readout r:G→ V , transport tau:G→ G' , and target gluing quotient gamma':G'→Gamma' . Assume gamma is surjective, and define O_gamma(r)= \ (g,g'):gamma(g)…"
P028-C0088,CLAIM,P028,result_summary,NAMED_RESULT_OR_GATE_SURFACE,Common-Source / Nonlocal Correlation Normal Form: The famous physical instance of correlations that admit no local common-source explanation is the Einstein–Podolsky–Rosen / Bell situation ; the layer-agnostic statement below records the descent-to-common-sou…
P028-C0089,CLAIM,P028,theorem,THEOREM_GRADE,"Common-Source / Nonlocal Correlation Normal Form: Let H be a history space with source quotient sigma:H→ S , shared interface :H→ I , access quotients q_A:H→ L_A , q_B:H→ L_B , and readouts r_A:H→ A , r_B:H→ B . Let :H→ K be the correlation readout. Then Comm…"
P028-C0090,CLAIM,P028,theorem,THEOREM_GRADE,"Vacuum / Background Selection: Let X be a closure space with moduli quotient mu: X→ M , raw background b_0: X→ B , descended background b:M→ B , target t:M→ T , and vacuum criterion V⊆ M . Assume mu is surjective. Then b_0 descends through mu iff b:M→ B\ with…"
P028-C0091,CLAIM,P028,theorem,THEOREM_GRADE,"Unification as Common Refinement: Let C_U, C_A, C_B be parent and child closures with quotients q_U: C_U→ Q_U , q_A: C_A→ Q_A , and q_B: C_B→ Q_B . Let _A: C_U→ C_A and _B: C_U→ C_B be interpretations, and let pi_A:Q_U→ Q_A , pi_B:Q_U→ Q_B be quotient project…"
P028-C0092,CLAIM,P028,definition,DEFINITION,"Catalog boundary: The catalog boundary is the audited frontier between Foundations IV\ laws covered by the layer-agnostic language, laws reducible to covered normal forms, and claims explicitly marked out of scope because they require substrate-specific data…"
P028-C0093,CLAIM,P028,theorem,THEOREM_GRADE,"Closure Completeness Boundary: Let R be a residual type with predicates hasStatus:R→Prop and adequate:R→Prop . Let D be a direction type with predicates inScope:D→Prop , claimed:D→Prop , and namedOutside:D→Prop , and let v∈\ accepted,open,refused\ be a meta-a…"
P028-C0094,CLAIM,P028,definition,DEFINITION,"Reflective closure operator: The AOR apparatus assigns to a carrier C over a scope S a reflective closure Cl_ SB (C) , a unit _ SB (C):C Cl_ SB (C), and a residual Xi_ SB (C) . The object Cl_ SB (C) is the audited closure completion of C ; the unit compares t…"
P028-C0095,CLAIM,P028,theorem,NEGATIVE_RESULT_THEOREM,"Direct CER no-go: Let S be a declared scope, let C be a class of carriers, let BareReal_ S : C→Prop be bare physical realisability, and let Cl_ S : C→ C be the formal closure operator over S . Under the reduct-obstruction hypothesis there exists a carrier C∈…"
P028-C0096,CLAIM,P028,theorem,NEGATIVE_RESULT_THEOREM,"Converse CER no-go: Let S , C , BareReal_ S , and Cl_ S be as above. Under the closure-instantiation-gap hypothesis there exists a carrier C∈ C such that C=Cl_ S (C) and _ S (C). Equivalently, the converse CER implication C=Cl_ S (C) implies BareReal_ S (C) f…"
P028-C0097,CLAIM,P028,proposition,THEOREM_GRADE,"Closure–Reality Boundary resolution: The AOR apparatus supplies the positive replacement for the failed closure-equals-reality principle. Via Cl_ SB , _ SB , and Xi_ SB , bare carriers are reflected into audited operational closures, and the strengthened equi…"
P028-C0098,CLAIM,P028,open_problem,OPEN_PROBLEM_OR_DEFERRED_WORK,Sketches and future work
P028-C0099,CLAIM,P028,open_problem,OPEN_PROBLEM_OR_DEFERRED_WORK,"Sketches and future work: This chapter records pointers, not new laws. The preceding chapters state the 52\ laws that belong to the Foundations IV\ catalog. Here we record structural candidates that appeared in the atlas work but were not promoted to catalog…"
P028-C0100,CLAIM,P028,nonclaim,EXPLICIT_NONCLAIM,Foundations IV\ does not claim that the 52-row catalog is complete under future developments.
P028-C0101,CLAIM,P028,scope_boundary,SCOPE_OR_LIMITATION_RECORD,"Nonclaims and caveats: This chapter is the consolidated nonclaims landing for Foundations IV. The per-axis chapters state the local caveats where they matter; here the scope fence and the prepared objection mitigations are collected in one place. [label=N .,…"
P028-C0102,CLAIM,P028,nonclaim,EXPLICIT_NONCLAIM,"The paper does not assert that the axes form a categorical, fibrational, monadic, or otherwise privileged structure."
P028-C0103,CLAIM,P028,nonclaim,EXPLICIT_NONCLAIM,"The contribution is the uniform normal-form treatment of 52\ layer-agnostic laws, together with explicit proof, provenance, and nonclaim discipline."
P028-C0104,CLAIM,P028,open_problem,OPEN_PROBLEM_OR_DEFERRED_WORK,the source formulation remains future work.
P030-C0001,CLAIM,P030,paper_thesis,PAPER_STATED_COMPOSITE_RESULT,"The structural laws of the Six Birds corpus through Foundations IV are stated from the standpoint of an external theorist: the theorist declares a lens, detects an obstruction, installs a repair, prices a residual, and runs the audit. This paper makes the clo…"
P030-C0002,CLAIM,P030,definition,DEFINITION,"Theory package and formed object: A theory package is T=(Z,f,Sigma_f,E, A), where Z is a finite carrier, f a declared lens, Sigma_f its definability structure, E a packaging or completion endomap, and A an audit. A formed object is a declared fixed point of t…"
P030-C0003,CLAIM,P030,result_summary,NAMED_RESULT_OR_GATE_SURFACE,Imported primitive roles and theorem surfaces: The repair generator and later proof spines use the six primitive roles from Foundations I–III. They are not six psychological faculties or six biological mechanisms; they are typed structural moves. 0.94 @ lX@ →…
P030-C0004,CLAIM,P030,definition,DEFINITION,Six-part normal form: Each E-law is presented in the following order: Setup; Theorem; Proof spine; Case enumeration; Interaction status; Nonclaims. The layer-instantiation paragraph that follows is not a seventh proof field. It identifies candidate realizatio…
P030-C0005,CLAIM,P030,definition,DEFINITION,"Repair join: Order quotients by refinement: Q_1 Q_0 when Q_1 is finer than Q_0 . For quotients Q,R on a common carrier, the repair join Q R is the coarsest quotient refining both. Source repair by R is the move Q↦ Q R ."
P030-C0006,CLAIM,P030,definition,DEFINITION,"Predictive surplus: For current quotient Q , declared predictive baseline M , and horizon tau , first require the certified order comparison CD_tau(M) CD_tau(Q). For rational scores define S_tau(QVert M):=CD_tau(Q)-CD_tau(M), which is nonnegative exactly unde…"
P030-C0007,CLAIM,P030,definition,DEFINITION,Carried record: A record rho is carried by a system S under scope C if: rho is a coordinate of the carrier state rather than an analyst annotation; its updates occur in the support of S 's transition kernel; and the accepting source record is generated by S '…
P030-C0008,CLAIM,P030,definition,DEFINITION,"E-system: An endogenous closure system, or E-system, is S=( T,I_S,Lambda_S, R_S), where T is a formed package, I_S a carried instrument, Lambda_S a carried ledger of budgets, prices, and statused residuals, and R_S a carried generator mapping certified defect…"
P030-C0009,CLAIM,P030,definition,DEFINITION,Closed-loop scope: A challenge history H is closed-loop for S when CompleteChallengeAuditHistory(H) and every repair-typed occurrence in its complete audit inventory is carried in the sense of D3. External repair may occur in the run and must remain in the co…
P030-C0010,CLAIM,P030,definition,DEFINITION,"Probe economy: A probe economy consists of a finite candidate catalog P , a carried active family L_t⊆ P , an exposure budget B_ exp ∈Lambda_S , and three typed moves: allocation within L_t , acquisition of a strict extension L_t↦[L_t;M] , and retirement. Acq…"
P030-C0011,CLAIM,P030,proposition,THEOREM_GRADE,"Repair-join semilattice laws: Let q:X→ A , r:X→ B , and s:X→ C be quotient maps, represented by their fibers. Then: q r q and q r r ; if t q and t r , then t q r ; q q is fiber-equivalent to q ; q r is fiber-equivalent to r q ; and (q r) s is fiber-equivalent…"
P030-C0012,CLAIM,P030,nonclaim,EXPLICIT_NONCLAIM,"It does not prove that a payload occurs, that the carrier produced it, or that it reduces the challenged obstruction."
P030-C0013,CLAIM,P030,proposition,THEOREM_GRADE,"Two predictive-surplus realizations: For rational closure-deficit scores d_Q,d_M , the scalar S=d_Q-d_M is nonnegative exactly when d_M d_Q , vanishes on identical profiles, and equals d_Q when the predictive profile is exact. For an operator host with positi…"
P030-C0014,CLAIM,P030,proposition,NEGATIVE_RESULT_THEOREM,"Carried-source exclusion: Let rho have fine source tag sigma , carrier-generation flag g , scope flag i , carrier-coordinate evidence, and a declared trajectory whose steps lie in the carrier kernel. Then rho is carried only if sigma∈\ committed_state, audite…"
P030-C0015,CLAIM,P030,definition,DEFINITION,"Lawful D4 repair step: For pre-state z , post-state z' , defect record d , generated move m= R_S(d) , and audit record a , a lawful repair step requires: carried evidence for d , m , and a ; detection of d by the active carried instrument; instrument permissi…"
P030-C0016,CLAIM,P030,proposition,THEOREM_GRADE,"Repair-step conjuncts are necessary: Every D4 lawful repair step entails detection, gate permission, a kernel transition, and re-audit. Removing any one of those four records makes the same candidate step unlawful."
P030-C0017,CLAIM,P030,proposition,NEGATIVE_RESULT_THEOREM,"Closed-loop completeness and no borrowing: If a challenge history H is closed-loop for S , then its declared challenge-audit history is complete and every repair-typed entry in that complete history passes D3 carriedness. Conversely, one listed fallback, unkn…"
P030-C0018,CLAIM,P030,proposition,NEGATIVE_RESULT_THEOREM,"Probe-move separation: For a lawful D6 probe economy: allocation preserves active support and cannot activate a new probe; acquisition adds a catalog probe and requires (L,M) ; retirement requires the probe to be active before the move and absent afterward; a…"
P030-C0019,CLAIM,P030,prose_definition,PROSE_DEFINITION_SECTION,Definition-level case atlas and limits: The definitions were developed with explicit boundary cases before the E-laws were stated. Those cases are part of the mathematical content: they show where a later theorem may start and which apparent shortcuts are alr…
P030-C0020,CLAIM,P030,nonclaim,EXPLICIT_NONCLAIM,it does not prove that this joint access is in an admissible access class.
P030-C0021,CLAIM,P030,theorem,NEGATIVE_RESULT_THEOREM,"E1: Internalization: Under the Setup and the closed-loop, binding, no-free-distinction, finite-forcing, promotion-soundness, no-schedule-trap, empty Delta_ endo , complete-status, and family-budget certificates detailed below, branch elimination certifies the…"
P030-C0022,CLAIM,P030,result_summary,NAMED_RESULT_OR_GATE_SURFACE,Detailed theorem family and proof: The compact statement above factors into four mechanized results. Their existing hypotheses should remain visible rather than being hidden in a new paper-level certificate. They are: closed-loop scope; persistence with disch…
P030-C0023,CLAIM,P030,result_summary,NAMED_RESULT_OR_GATE_SURFACE,Positive normal form.: E1_Internalization does not construct a repair family from raw recurrence. The endogenous branch of CompleteInternalizationStatus already contains EndogenousRepairFamilyValid; the theorem eliminates the other four branches and projects…
P030-C0024,CLAIM,P030,nonclaim,EXPLICIT_NONCLAIM,Lean does not prove that this argument is definitionally the family projected by E1_Internalization
P030-C0025,CLAIM,P030,theorem,THEOREM_GRADE,"E2: Bounded Reflexivity: A carried self-audit claim whose subject and accepting instrument occupy the same level and which has no level-shift bridge is not accepted. For an audited repair claim with the supplied complete stack, non-saturation, FIII extension,…"
P030-C0026,CLAIM,P030,result_summary,NAMED_RESULT_OR_GATE_SURFACE,"Detailed theorem family and proof: E2 uses a carried tower, not an existential hierarchy that happens to fit in the carrier. A level record contains a level index, a strictly increasing tag, the instrument record at that level, and the set of lower tags it au…"
P030-C0027,CLAIM,P030,theorem,NEGATIVE_RESULT_THEOREM,"E3: Self-Maintaining Reclosure: Persistence of an endogenous package has two separately typed stability conditions. In challenge-free operation they have the form E_t^2 E_t _ object-level closure , App_ t+1 = m(z_t), d_ app (App_ t+1 ,App_t) _ carried apparat…"
P030-C0028,CLAIM,P030,nonclaim,EXPLICIT_NONCLAIM,This paper does not claim the untested reverse nonimplication.
P030-C0029,CLAIM,P030,result_summary,NAMED_RESULT_OR_GATE_SURFACE,"Detailed theorem family and proof: E3 distinguishes four records that abbreviated prose often conflates: the apparatus value, a carried occurrence of that value, the maintenance operator, and a reinstatement occurrence linking the operator's actual output to…"
P030-C0030,CLAIM,P030,theorem,NEGATIVE_RESULT_THEOREM,"E4: Repair Compilation: A lawful compilation candidate R K_ ^ compiled requires a certified top-down channel, a passing memory-only comparator, saturation strictness, and a carried annotation or decompilation record. The compiled case additionally carries ind…"
P030-C0031,CLAIM,P030,result_summary,NAMED_RESULT_OR_GATE_SURFACE,Detailed theorem family and proof: A compilation candidate begins with a window containing at least two carried invocations of the same attributed repair. Obstruction reduction and stability of the repair payload's idempotence defect are separate supplied pre…
P030-C0032,CLAIM,P030,result_summary,NAMED_RESULT_OR_GATE_SURFACE,Lawfulness certificate.: CompilationLawful is the conjunction of five independent gates: the lower rewrite is tied to a certified top-down channel; the FIII promotion record is accepted; a memory-only carrier fails to reproduce the descent; the repair is not…
P030-C0033,CLAIM,P030,nonclaim,EXPLICIT_NONCLAIM,The current CompiledOperatorRecordAttributedTo interface takes the window as an argument but does not prove an equality or citation to its episode list
P030-C0034,CLAIM,P030,result_summary,NAMED_RESULT_OR_GATE_SURFACE,"Compilation theorem.: The substantive CompiledCase definition contains the carried candidate, lawfulness, verified in-class descent, silence of the formerly exposed higher invocation, and the priority exclusions. The theorem E4_Compilation is a packaging wrap…"
P030-C0035,CLAIM,P030,result_summary,NAMED_RESULT_OR_GATE_SURFACE,"Brittleness theorem.: Two independent controls appear here. The OutOfClassObstructionWitness used by MisCompiledCase names another class, proves it differs from the training class, and supplies a direct obstruction witness for the candidate's induced quotient…"
P030-C0036,CLAIM,P030,theorem,THEOREM_GRADE,"E5: Reclosure Collapse: An E-system is collapsed relative to C exactly when no move in the complete admissible carried inventory restores viability descent. It is irreversibly collapsed when, in addition, the repair generator is unreachable, the apparatus-lev…"
P030-C0037,CLAIM,P030,result_summary,NAMED_RESULT_OR_GATE_SURFACE,"Detailed theorem family and proof: The collapse test ranges over a typed sum of four rescue families: E1/D1 repair, boundary update, E3 apparatus reclosure, and D6/E9 probe acquisition. Each candidate carries its own move record, budget witness, kernel transi…"
P030-C0038,CLAIM,P030,nonclaim,EXPLICIT_NONCLAIM,Failure to prove irreversibility alone does not prove recoverability.
P030-C0039,CLAIM,P030,theorem,THEOREM_GRADE,"E6: Attention: For a finite convex access host with positive costs, a supplied KKT witness, a binding exposure budget, and genuine scarcity, the certified optimal allocation has lambda_ exp >0 : selected probes equalize marginal residual discharge per margina…"
P030-C0040,CLAIM,P030,result_summary,NAMED_RESULT_OR_GATE_SURFACE,Detailed optimization theorem and proof: The finite convex host assumption abbreviates substantial data: finite active support; a nonempty convex feasible polytope; a convex residual (or concave discharge) objective; differentiability or a declared subgradien…
P030-C0041,CLAIM,P030,theorem,THEOREM_GRADE,"E7: Alarm: Under a same-claim, branch-valid, kind-unique disposition package, a viability-coupled positive-excess witness has exactly one lawful disposition: (i) currentization by a carried preemptive exposure rewrite; (ii) statused boundary nonclosure when t…"
P030-C0042,CLAIM,P030,result_summary,NAMED_RESULT_OR_GATE_SURFACE,"E7.1 — Alarm Fatigue (unformalized corollary): The source catalog records a further consequence that is not part of the E7 Lean module. Suppose viability-coupled positive excess persists across a declared horizon, the preemption channel has finite carried cap…"
P030-C0043,CLAIM,P030,open_problem,OPEN_PROBLEM_OR_DEFERRED_WORK,A general theorem translating the E2 carrier-capacity bound into the E7.1 discharge bound remains open.
P030-C0044,CLAIM,P030,nonclaim,EXPLICIT_NONCLAIM,"The lab does not exercise boundary nonclosure or Alarm Fatigue, and the paper does not claim that it does."
P030-C0045,CLAIM,P030,theorem,THEOREM_GRADE,"E8: Control-Price: For a declared component claim with linked carried signal, positive-cost KKT witness, and complete control-price status, the component_lawful case identifies a shadow-price component aligned with lambda_j=- Phi^* b_j when the envelope deriv…"
P030-C0046,CLAIM,P030,corollary,THEOREM_GRADE,"E8.1: Audit capture: If the carrier may raise its own residual budget Omega , budget inflation can coincide with a healthy ledger report while the original-lineage blind spot remains positive. A lawful system must therefore distinguish discharge from lineage-…"
P030-C0047,CLAIM,P030,open_problem,OPEN_PROBLEM_OR_DEFERRED_WORK,A theorem from E8 shadow prices to offline allocation remains open.
P030-C0048,CLAIM,P030,theorem,NEGATIVE_RESULT_THEOREM,"E9: Curiosity: For a finite nonempty candidate inventory that is sound and complete for admissibility, a maximum exists for any supplied rational acquisition discharge divided by supplied cost. In the Xi paper-host specialization set the discharge equal to th…"
P030-C0049,CLAIM,P030,result_summary,NAMED_RESULT_OR_GATE_SURFACE,"E10 — Repair-and-Gate Demarcation (Cognitive Demarcation Law): Setup. Let C be a carried package for challenge class C . Require (i) a strict reduction of an access or action obstruction, (ii) a certified support-level difference under at least two admissible…"
P030-C0050,CLAIM,P030,theorem,THEOREM_GRADE,"E10: Cognitive Demarcation: Positive cognitive-package evidence is exactly repair descent, certified difference-making, and carried provenance for the same package/class claim. Under a complete status record, the package receives cognitive status only when th…"
P030-C0051,CLAIM,P030,corollary,THEOREM_GRADE,"E10.1: Intention: Positive intention evidence consists of a carried package that, before the outcome, strictly restricts action support toward a declared target class, with the restriction top-down-channel certified and coherent under every member of a nonemp…"
P030-C0052,CLAIM,P030,corollary,THEOREM_GRADE,"E10.2: Goal: Positive goal evidence consists of a carried target quotient that persists as the criterion by which at least two distinct carried routes in a declared list are evaluated. Under the complete classifier, goal status additionally requires absence o…"
P030-C0053,CLAIM,P030,open_problem,OPEN_PROBLEM_OR_DEFERRED_WORK,A proposed theorem-level bridge from planning intention to E11 institutional rewrite remains open.
P030-C0054,CLAIM,P030,result_summary,NAMED_RESULT_OR_GATE_SURFACE,Named negative theorem surface.: The module exposes the controls as theorems rather than leaving them only in the status table. E10_ScheduleTrapNull returns the schedule-trap classification when an exogenous schedule accounts for the support change and no acc…
P030-C0055,CLAIM,P030,scope_boundary,SCOPE_OR_LIMITATION_RECORD,"These are direct operational instantiations, conditional on the comparator and inventory certificates."
P030-C0056,CLAIM,P030,open_problem,OPEN_PROBLEM_OR_DEFERRED_WORK,The proposed bridge from planning/execution restriction to E11's institutional comparison remains open and is not used below.
P030-C0057,CLAIM,P030,theorem,THEOREM_GRADE,"E11: Institutional Rewrite: The upper package has structural rewrite evidence when a certified top-down channel links its interventions to supp K_ ^ Theta_i K_ ^ Theta_j or E_ ^ Theta_i E_ ^ Theta_j . It is stack_active when, in addition, Delta_ stack = and n…"
P030-C0058,CLAIM,P030,nonclaim,EXPLICIT_NONCLAIM,E11 uses the channel calculus but does not prove it.
P030-C0059,CLAIM,P030,open_problem,OPEN_PROBLEM_OR_DEFERRED_WORK,the general E4-to-E11 bridge remains open.
P030-C0060,CLAIM,P030,theorem,THEOREM_GRADE,"E12: Individuation: Given CompleteIndividuationStatus, exactly one of the six statuses below holds for a declared candidate. The positive content stored in its IntegratedCase is maximality under the joint closure conditions Repair(I) ⊆ I, Budget(I) ⊆ I, Recor…"
P030-C0061,CLAIM,P030,open_problem,OPEN_PROBLEM_OR_DEFERRED_WORK,the general theorem connecting every paid bridge to E12 entry closure remains open.
P030-C0062,CLAIM,P030,remark,INTERPRETIVE_REMARK,"E12.1: Operational selfhood (unformalized): At the cognitive scale, take role, memory, action, and viability as the declared domains whose future probes must be jointly supported. The source program calls a self the private common repair ledger L_S through wh…"
P030-C0063,CLAIM,P030,nonclaim,EXPLICIT_NONCLAIM,"Merely locating a membrane, API, or legal perimeter does not prove this clause."
P030-C0064,CLAIM,P030,prose_definition,PROSE_DEFINITION,"Define Individuates(I) iff RepairClosedOn(I) (I) (I) B_I ViabilitySufficientSelfMaintained(I,B_I). Relative maximality ranges only over the declared finite candidate family: MaximalIndividuating(I) iff I∈ I (I) I'∈ I,\ I⊆ I' (I') implies I'=I."
P030-C0065,CLAIM,P030,nonclaim,EXPLICIT_NONCLAIM,Lean does not assert that the candidate list exhausts every subcarrier
P030-C0066,CLAIM,P030,theorem,NEGATIVE_RESULT_THEOREM,"E13: Repair Transport: Four related positive evidence forms hold. Communication evidence requires s to induce a paid, interface-mediated, role-preserving carried receiver repair with strict same-class delta reduction. Teaching evidence adds repairs sourced fr…"
P030-C0067,CLAIM,P030,result_summary,NAMED_RESULT_OR_GATE_SURFACE,"Two-carrier normal forms and theorem-family proof: The bridge is not an analyst's pairing of two time series. It carries a joint bridge record, a linked defect, source and target ledger entries, and a shared discharge-comparator certificate, with the appropri…"
P030-C0068,CLAIM,P030,corollary,THEOREM_GRADE,"E13.1: Communication (E13_Communication): Suppose a carried E13 status record rho occurs for , has tag communicated, and satisfies the full CommunicatedCase( ,rho) . Then Communicated( ). Unpacking the supplied case yields the paid carried bridge, the carried…"
P030-C0069,CLAIM,P030,corollary,THEOREM_GRADE,"E13.2: Teaching capacity (E13_TeachingCapacity): Suppose a carried status record rho occurs for the teaching claim , has tag taught, and satisfies the full TaughtCase( ,rho) . Then Taught( ). The supplied case contains communication evidence for the same toke…"
P030-C0070,CLAIM,P030,corollary,NEGATIVE_RESULT_THEOREM,"E13.3: Coercion null (E13_CoercionNull): Suppose a carried status record rho occurs for , has tag coercion_null, and satisfies the full CoercionNullCase( ,rho) . Then CoercionNull( ). The case supplies a comparator-certified fully forced interaction, the comp…"
P030-C0071,CLAIM,P030,corollary,THEOREM_GRADE,"E13.4: Symbolic repair (E13_SymbolicRepair): Suppose a carried status record rho occurs for the symbolic claim , has tag symbolic, and satisfies the full SymbolicCase( ,rho) . Then Symbolic( ). The supplied case contains a paid carried bridge and a declared c…"
P030-C0072,CLAIM,P030,proposition,THEOREM_GRADE,"Coercion-null priority (E13_CoercionNullExcludesLowerPriority): For one full claim , assume raw coercion-null evidence and a complete E13 status classifier. Then none of the six lower-priority judgments holds: ( ) ( ) ( ) ( ) ( ) ( )."
P030-C0073,CLAIM,P030,theorem,THEOREM_GRADE,"E14: Reconsolidation: For a carried retrieval conflict with F9 coverage, after provenance defect, silent rewrite, ordinary-read, outcome-collision, and unrealized-disposition evidence have been excluded, exactly one lawful substantive disposition occurs: Inst…"
P030-C0074,CLAIM,P030,scope_boundary,SCOPE_OR_LIMITATION_RECORD,"The proof is conditional on complete and honest F9, formation, transport, provenance, and outcome inventories"
P030-C0075,CLAIM,P030,open_problem,OPEN_PROBLEM_OR_DEFERRED_WORK,A stronger theorem from E6/E8 budget prices to the repair/coarsening frequencies remains open.
P030-C0076,CLAIM,P030,theorem,THEOREM_GRADE,"E15: Offline Reclosure: Given complete carried debt, phase-flow, budget, and status records, exactly one E15 status in holds. The alternation_required case verifies strict online deficit and a recurrent lawful offline substrate: external exchange is gated to…"
P030-C0077,CLAIM,P030,result_summary,NAMED_RESULT_OR_GATE_SURFACE,"The landed E15 theorem family: Fix one full offline-reclosure claim : one debt scope, carried debt inventory, operating schedule, shared budget allocation, recurrence bound, and preregistered tolerance record. The status predicates below are always relative t…"
P030-C0078,CLAIM,P030,theorem,THEOREM_GRADE,"E15 status partition (E15_OfflineReclosureStatus): If has a complete carried E15 status classifier, exactly one of the following eight propositions holds: DeficitOnlineCounterexample( ), DecorativeOffline( ), DutyCycleMismatch( ), SkippedOfflineCascade( ), Al…"
P030-C0079,CLAIM,P030,corollary,THEOREM_GRADE,"Verified deficit alternation (E15_DeficitAlternation): If a carried record rho occurs for , has tag alternation_required, and satisfies the full AlternationRequiredCase( ,rho) , then AlternationRequired( )."
P030-C0080,CLAIM,P030,proposition,THEOREM_GRADE,"Offline capacity is exactly the freed allocation (E15_OfflineCapacityExactlyFreed): For a supplied DerivedOfflineBudgetGeometry built from the claim's exact economy, move, binding budget witness, and shared allocation record, _ off = _ on +f, _ on < _ off , w…"
P030-C0081,CLAIM,P030,corollary,THEOREM_GRADE,"Online sufficiency excludes an alternation-required status (E15_OnlineSufficientNoOfflineRequired): Assume a complete classifier for . If a carried record rho occurs for , has tag online_sufficient, and satisfies the full OnlineSufficientCase( ,rho) , then On…"
P030-C0082,CLAIM,P030,scope_boundary,SCOPE_OR_LIMITATION_RECORD,"The conclusion is therefore conditional on the complete classifier and full online-sufficient case, not merely on D _ on ."
P030-C0083,CLAIM,P030,corollary,THEOREM_GRADE,"Lawful offline operation outside deficit (E15_OfflinePermittedOutsideDeficit): If a carried record rho occurs for , has tag offline_optional, and satisfies the full OfflineOptionalCase( ,rho) , then OfflineOptional( )."
P030-C0084,CLAIM,P030,corollary,THEOREM_GRADE,"Observed skipped-offline cascade (E15_SkippedOfflineCascade): If a carried record rho occurs for , has tag skipped_offline_cascade, and satisfies the full SkippedOfflineCascadeCase( ,rho) , then SkippedOfflineCascade( )."
P030-C0085,CLAIM,P030,proposition,THEOREM_GRADE,"Decorative offline falsifies alternation credit (E15_DecorativeOfflineFalsifier): Assume a complete classifier. If rho is a carried decorative_offline record satisfying the full decorative case, then DecorativeOffline( ) ( )."
P030-C0086,CLAIM,P030,proposition,THEOREM_GRADE,"Duty-cycle mismatch falsifies the predicted branch (E15_DutyCycleMismatchFalsifier): Assume a complete classifier. If rho is a carried duty_cycle_mismatch record satisfying the full mismatch case, then DutyCycleMismatch( ) ( )."
P030-C0087,CLAIM,P030,proposition,THEOREM_GRADE,"Bounded all-online deficit trace falsifies necessity (E15_DeficitOnlineFalsifiesNecessity): Assume a complete classifier. If rho is a carried deficit_online_counterexample record satisfying the full counterexample case, then DeficitOnlineCounterexample( ) ( )."
P030-C0088,CLAIM,P030,proposition,THEOREM_GRADE,"Top-priority counterexample excludes every lower status (E15_DeficitCounterexampleExcludesLowerPriority): If raw deficit-online-counterexample evidence exists for and the classifier is complete, then ( ) ( ) ( ) ( ) ( ) ( ) ( )."
P030-C0089,CLAIM,P030,proposition,NEGATIVE_RESULT_THEOREM,"Off-inventory flow cannot certify offline operation (E15_OffInventoryFlowCannotCertifyOffline): Fix the claim's schedule, complete phase-flow inventory F , complete external-exchange inventory, and derived budget geometry. If a flow record f_0 F , then w:Genu…"
P030-C0090,CLAIM,P030,nonclaim,EXPLICIT_NONCLAIM,it does not prove empirical exhaustiveness over every possible discharge mode.
P030-C0091,CLAIM,P030,theorem,THEOREM_GRADE,E16: Adaptability: An E-system exhibits coherent adaptability exactly when the two routes are currently indistinguishable but leave a claim-linked difference in held-out repair-capacity distributions that survives all declared controls and is not already an o…
P030-C0092,CLAIM,P030,result_summary,NAMED_RESULT_OR_GATE_SURFACE,"The landed E16 theorem and regression family: Fix one full adaptability claim , including one declared comparison package and base, its dependent route pair (gamma, ) , one held-out challenge class, one shared protocol and binding budget, one observation time…"
P030-C0093,CLAIM,P030,theorem,THEOREM_GRADE,"E16 status partition (E16_AdaptabilityStatus): A complete carried E16 classifier makes exactly one of the following true: SupportConfound( ), Artifact( ), Flat( ), Flattenable( ), CurrentizableSlack( ), Dissipative( ), CoherentAdaptability( ), AdaptabilityRej…"
P030-C0094,CLAIM,P030,corollary,THEOREM_GRADE,"Coherent adaptability wrapper (E16_CoherentAdaptability): If a carried record rho occurs for , has tag coherent_adaptability, and satisfies the full CoherentAdaptabilityCase( ,rho) , then CoherentAdaptability( )."
P030-C0095,CLAIM,P030,corollary,THEOREM_GRADE,"Current-event blindness (E16_CurrentAuditBlindness): Raw coherent-adaptability evidence for implies CurrentEventEquiv(h_gamma,h_ )."
P030-C0096,CLAIM,P030,corollary,THEOREM_GRADE,"Claim-linked repair-capacity difference: The landed declaration is |E16_RouteManufacturesRepairCapacity|. It states that raw coherent-adaptability evidence for supplies probability records r_gamma,r_ such that r_gamma.challengeClass =r_ .challengeClass= .chal…"
P030-C0097,CLAIM,P030,proposition,THEOREM_GRADE,"Protocol artifact is not coherent adaptability (E16_ArtifactNotAdaptability): For a complete classifier, raw artifact evidence for implies ( )."
P030-C0098,CLAIM,P030,proposition,THEOREM_GRADE,"Flat claim is not coherent adaptability (E16_FlatNoAdaptability): For a complete classifier, raw flat evidence for implies ( )."
P030-C0099,CLAIM,P030,proposition,THEOREM_GRADE,"Flattenable residue is not coherent adaptability (E16_FlattenableNotAdaptability): For a complete classifier, raw flattenable evidence for implies ( )."
P030-C0100,CLAIM,P030,proposition,THEOREM_GRADE,"Currentizable residue is legible slack (E16_CurrentizableIsLegibleSlack): Assume a complete classifier. If a carried record rho occurs for , has tag currentizable_slack, and satisfies the full currentizable-slack case, then CurrentizableSlack( ) ( )."
P030-C0101,CLAIM,P030,proposition,THEOREM_GRADE,"Dissipative residue is not coherent adaptability (E16_DissipativeNotAdaptability): For a complete classifier, raw dissipative evidence for implies ( )."
P030-C0102,CLAIM,P030,proposition,THEOREM_GRADE,"Bounded perturbation failure yields evidence-backed rejection (E16_BoundedPerturbationFailureRejected): Suppose a repair-ledger holonomy candidate matches , its declared perturbation bound and perturbation-trial inventory are carried and complete, and an inve…"
P030-C0103,CLAIM,P030,proposition,THEOREM_GRADE,"Declared support confound excludes all lower statuses (E16_SupportConfoundExcludesLowerPriority): For a complete classifier, raw support-confound evidence for excludes every lower-priority judgment: ( ) ( ) ( ) ( ) ( ) ( ) ( )."
P030-C0104,CLAIM,P030,proposition,THEOREM_GRADE,"Loop asymmetry anchor (E16_LoopAsymmetryAnchor): For a declared package and dependent route pair, let a supplied LoopAnchoredRouteAsymmetry contain loop L . Then there is a predictive quotient class q such that Lq q, pi_ current (Lq)=pi_ current (q)."
P030-C0105,CLAIM,P030,proposition,THEOREM_GRADE,"Endpoint-owned trial populations: The landed declaration is |E16_SwappedRouteTrialPopulationRejected|. It states the following. Let T_gamma, T_ be the two complete route-conditioned trial inventories. If u∈ T_gamma and u is not eligible for endpoint h_ , then…"
P030-C0106,CLAIM,P030,proposition,THEOREM_GRADE,"The second flat arm is claim-linked (E16_FlatSecondArmUsesClaimLinkedPair): Given gated flat-control evidence for , if the two claim endpoints are not future-predictively equivalent, then there exists a distribution pair P such that DistributionsMatchClaim(P,…"
P030-C0107,CLAIM,P030,proposition,NEGATIVE_RESULT_THEOREM,"An unrelated equal pair cannot replace the claim pair (E16_UnrelatedEqualPairCannotReplaceClaimDifference): Let P_ carry a declared repair-capacity difference and match . Let P_0 be another pair that does not match . Then DistributionsMatchClaim(P_ , ), ( Dis…"
P030-C0108,CLAIM,P030,nonclaim,EXPLICIT_NONCLAIM,"Despite its established declaration name, it does not prove causal identification of route transport against an undeclared confound."
P030-C0109,CLAIM,P030,scope_boundary,SCOPE_OR_LIMITATION_RECORD,It is the finite-inventory limitation that prevents the paper from claiming robustness against every latent variable.
P030-C0110,CLAIM,P030,scope_boundary,SCOPE_OR_LIMITATION_RECORD,"this is a packaging limitation, not a missing paper proof."
P030-C0111,CLAIM,P030,scope_boundary,SCOPE_OR_LIMITATION_RECORD,"The later theorem is conditional on an imported or host-supplied predicate, comparator, inventory, or recognition result that it does not re-prove."
P030-C0112,CLAIM,P030,nonclaim,EXPLICIT_NONCLAIM,"D6 does not prove attention optimality, exposure truth, or catalog honesty."
P030-C0113,CLAIM,P030,result_summary,NAMED_RESULT_OR_GATE_SURFACE,Open theorem-bridge ledger.: The following interfaces remain open or explicitly unformalized at the end of the current catalog. @ > p 1.15in > p 1.05in X@ →prule Interface Current status What has not been proved E4–E11 open No theorem maps an E4 compiled repa…
P030-C0114,CLAIM,P030,nonclaim,EXPLICIT_NONCLAIM,"It does not prove that the fixture catalogs are empirically complete, that a domain bridge is honest, or that the status frequencies generalize beyond the constructed carriers."
P030-C0115,CLAIM,P030,result_summary,NAMED_RESULT_OR_GATE_SURFACE,"Scope of a future positive result.: Even the full conjunction would not define biological life, prove that all living systems realize E1–E16, establish consciousness, or derive a thermodynamic arrow from protocol holonomy. It would provide a finite biological…"
P030-C0116,CLAIM,P030,open_problem,OPEN_PROBLEM_OR_DEFERRED_WORK,"Deferred candidates and future work: The catalog is intentionally incomplete. The following candidates have recognizable shapes but do not yet possess a distinct theorem, obstruction set, and recognition interface. Global or conscious access. Simultaneous des…"
P030-C0117,CLAIM,P030,nonclaim,EXPLICIT_NONCLAIM,"It does not claim that D4 is necessary and sufficient for life, that every living system realizes all sixteen laws, or that the catalog settles borderline cases."
P030-C0118,CLAIM,P030,prose_definition,PROSE_DEFINITION_SECTION,"No universal definition of life.: The paper gives laws that living systems can instantiate and a precise self-maintenance distinction of direct biological importance. It does not claim that D4 is necessary and sufficient for life, that every living system rea…"
P030-C0119,CLAIM,P030,prose_definition,PROSE_DEFINITION_SECTION,"No definition of death, pathology, or welfare.: E5 collapse is relative to challenge class, move inventory, budget, and viability probes. E8 capture is a lineage inconsistency, not a moral label. The status partitions impose no welfare ordering on organisms,…"
P030-C0120,CLAIM,P030,open_problem,OPEN_PROBLEM_OR_DEFERRED_WORK,General audit-capacity pricing remains open.
P030-C0121,CLAIM,P030,nonclaim,EXPLICIT_NONCLAIM,The appendix does not claim that a proof of an implication constructs an honest biological instrument or a complete empirical catalog.
P030-C0122,CLAIM,P030,nonclaim,EXPLICIT_NONCLAIM,"The E6/E9 bundle is one reviewed unit. ^ E13's literal status is notRequired_with_intercarrier_scope_passed: it does not claim a local/global gluing theorem, while its inter-carrier scoping check passed."
P030-C0123,CLAIM,P030,scope_boundary,SCOPE_OR_LIMITATION_RECORD,Protocol internalization/completion/currentization was also not exercised and is recorded as a limitation. The undeclared-proxy row therefore records a governance limitation even though the declared-support classifier returns coherent_adaptability.
P030-C0124,CLAIM,P030,scope_boundary,SCOPE_OR_LIMITATION_RECORD,"[htbp] @ lX@ →prule Artifact Limitation Declaration JSONL and TOML manifest Their 1,261-row agreement checks declared name/module/law metadata."
P030-C0125,CLAIM,P030,result_summary,NAMED_RESULT_OR_GATE_SURFACE,"Named negative and regression theorem surface: This appendix records the substantive negative, exclusion, boundary, and lineage-regression declarations that are easy to lose when each law is presented only by its principal theorem. It is not a second theorem…"
P030-C0126,CLAIM,P030,nonclaim,EXPLICIT_NONCLAIM,the theorem does not assert indefinite online persistence.
P029-C0001,CLAIM,P029,paper_thesis,PAPER_STATED_COMPOSITE_RESULT,"The Six Birds corpus through certifies states: each of its laws fixes a single map, quotient, package, or declared finite family and proves a static classification about it. Nothing in the corpus certifies runs — liveness (every orbit eventually earns a certi…"
P029-C0002,CLAIM,P029,nonclaim,EXPLICIT_NONCLAIM,"The paper solves no open problem and claims none: Collatz, Erd o s–Straus, Lychrel, Recam\'an, the Langton's-ant highway, Gilbreath, and the exact chromatic number of the plane all remain open, and each law's nonclaims say so explicitly."
P029-C0003,CLAIM,P029,open_problem,OPEN_PROBLEM_OR_DEFERRED_WORK,"The paper solves no open problem and claims none: Collatz, Erd o s–Straus, Lychrel, Recam\'an, the Langton's-ant highway, Gilbreath, and the exact chromatic number of the plane all remain open, and each law's nonclaims say so explicitly."
P029-C0004,CLAIM,P029,result_summary,NAMED_RESULT_OR_GATE_SURFACE,"Promotion, SAU, and the boundary certificate.: Promotion is passage to a richer layer — C from R , ordinals from N , the 2 -adics from the odd integers — via a recorded bridge. The SAU pattern (Strict Audited Utility): a promoted object U that does not descen…"
P029-C0005,CLAIM,P029,nonclaim,EXPLICIT_NONCLAIM,"A membrane is a budget condition holding at every accepted stage, and its failure is a critical pair with exactly five lawful repairs (declared nonclaim, raised budget, rewritten carrier/audit, genuinely new probes, completed transport family) — same-package…"
P029-C0006,CLAIM,P029,nonclaim,EXPLICIT_NONCLAIM,"Residual accounting uses the AOR status vocabulary , including the four asymptotic statuses recalled in , and the corpus nonclaim register is in force throughout — most prominently: route mismatch never implies drive content (G8's bridge is conditional on its…"
P029-C0007,CLAIM,P029,result_summary,NAMED_RESULT_OR_GATE_SURFACE,"Methodology: eccentric problems as theorem detectors: This section has no counterpart in Foundations IV, and the addition is deliberate: the catalog's laws were not invented and then illustrated, they were mined, and the mining procedure is a first-class cont…"
P029-C0008,CLAIM,P029,nonclaim,EXPLICIT_NONCLAIM,"Run the candidate against the full Foundations IV catalog (exact statements, not summaries), the Foundations V laws, the nonclaim register, and the AOR status list. nonclaim compatibility (a law that needs an unconditional version of a forbidden inference is…"
P029-C0009,CLAIM,P029,open_problem,OPEN_PROBLEM_OR_DEFERRED_WORK,Hidden Amortized Solvency (G1) is the liveness law and the flagship of the catalog: it splits the eventual-solvency question into an unconditional reduction and a conditional discharge schema whose named hypotheses are exactly what remains open for Collatz.
P029-C0010,CLAIM,P029,theorem,THEOREM_GRADE,"Hidden Amortized Solvency, Part (a): bad-tail reduction: Pointwise liveness is equivalent to emptiness of the infinite bad-tail intersection: ( x ∈ X A ,\ k 1 :\ V_k(x) > 0 ) Longleftrightarrow _ k 1 N_k = . Points of A are terminally discharged before the me…"
P029-C0011,CLAIM,P029,theorem,THEOREM_GRADE,"Hidden Amortized Solvency, Part (b): ghost-discharge schema: Assume: [H-G1-ghost-convergence] for a computable neighborhood system U_h(Gamma) in X with _h U_h(Gamma) = Gamma : every infinite bad thread based at a nonterminal native point has a limit in X , ev…"
P029-C0012,CLAIM,P029,open_problem,OPEN_PROBLEM_OR_DEFERRED_WORK,liveness remains open because both boxed hypotheses are unproved .
P029-C0013,CLAIM,P029,theorem,THEOREM_GRADE,"Transfinite Escrow: Assume: [H-G2-stage-coherence] for every nonterminal step of the run, e_ k+1 (pi_ k+1 (T_k(x_k)) ) < e_k (pi_k(x_k) ); (W, <) is well-founded. Then no infinite nonterminal run exists: every run reaches A in finitely many steps. When W carr…"
P029-C0014,CLAIM,P029,theorem,THEOREM_GRADE,"Amortized Potential Currency: For every finite run prefix s_0 → → s_n , _ i=1 ^ n a_i = _ i=1 ^ n a_i + Phi(s_0) - Phi(s_n) _ i=1 ^ n a_i + Phi(s_0), the inequality because Phi(s_n) 0 . Consequently, if a declared class of runs has a_i B for every step, then…"
P029-C0015,CLAIM,P029,theorem,NEGATIVE_RESULT_THEOREM,"Moving-Cover Exhaustion: Declare a target family, a patch class, and a certificate language, and consider the hypotheses: [H-G4-sound] every patch certificate c_alpha proves P(t) for every t ∈ R_alpha in the declared local certificate system; [H-G4-exhaust] o…"
P029-C0016,CLAIM,P029,theorem,NEGATIVE_RESULT_THEOREM,"Carry-Horizon Confinement: No-go schema. Assume [H-G5-unbounded-horizon] for every fixed depth m there are a step j and states y, z in the declared carrier with q_m(y) = q_m(z) but different declared future probe values — a nonempty step-indexed split-pair ob…"
P029-C0017,CLAIM,P029,open_problem,OPEN_PROBLEM_OR_DEFERRED_WORK,"For base 10, no analogous certificate is known: 196 remains open, and finite searches, however deep, are bounded evidence only ."
P029-C0018,CLAIM,P029,theorem,NEGATIVE_RESULT_THEOREM,"Endogenous Needle Generation: Covering schema. Assume [H-G6-dominant-pressure] there are a finite exception set E ⊆ X , a cofinal exhaustion W_1 ⊆ W_2 ⊆ with _M W_M = X E , and for each M a finite block decomposition of times after some N_M such that whenever…"
P029-C0019,CLAIM,P029,theorem,THEOREM_GRADE,"Adversarial Mobility Confinement: Fix a board, mobility rule, and devil budget, and consider: [H-G7-escape-strategy] a declared angel strategy sigma_A from finite visible histories to legal moves, with an invariant I_n(H_n) and a proof that against every lega…"
P029-C0020,CLAIM,P029,theorem,NEGATIVE_RESULT_THEOREM,"Odometer Abelianization: Let (C, V, \ m_v\ , L) be a move system with initial configuration x , and assume: [H-G8] (abelian compatibility) for every configuration c and all distinct sites v ≠ w : if L_v(c) and L_w(c) both hold, then firing either move preserv…"
P029-C0021,CLAIM,P029,scope_boundary,SCOPE_OR_LIMITATION_RECORD,The claim is conditional on that gate and on termination
P029-C0022,CLAIM,P029,theorem,NEGATIVE_RESULT_THEOREM,"Defect-Evacuation-to-Transport: Let a run of an extended local system carry the setup data above. Positive schema. Assume: [H-G9-census] the run carries an exact defect ledger, and there is a finite N such that for all n N the unresolved defect measure is non…"
P029-C0023,CLAIM,P029,open_problem,OPEN_PROBLEM_OR_DEFERRED_WORK,The highway conjecture — that every finite initial configuration reaches the 104 -step highway — remains open
P029-C0024,CLAIM,P029,theorem,CONDITIONAL_THEOREM,"Lossful Boundary Persistence: Assume: [lossful] D is not injective; [H-G10-protect] for every state x : I(x) b(D(x)) = rho(b(x)) — the exact functional relationship, with no unstated target value; [H-G10-regen] for every state x : I(x) I(D(x)) ; [initial inva…"
P029-C0025,CLAIM,P029,theorem,NEGATIVE_RESULT_THEOREM,Local-Rule Global-Anti-Symmetry: Assume: [H-G11-hierarchy] every globally admissible C -configuration carries the declared hierarchy uniquely at every scale; the hierarchy is locally forced by the rules of C ; and for every nonzero period vector p some scale…
P029-C0026,CLAIM,P029,theorem,THEOREM_GRADE,"Finite Witness Radiation: Assume [H-G12-finite-witness] some finite W ⊆ X has a valid cert_k(W) proving (G[W]) > k . Then X has no proper k -coloring: a global coloring would restrict to a proper k -coloring of G[W] , contradicting the certificate; hence (X,…"
P029-C0027,CLAIM,P029,theorem,NEGATIVE_RESULT_THEOREM,Thin-Orbit Saturation: This is a schema with imported mathematical payload. Assume: [H-G13-thin] Lambda is Zariski dense in the relevant algebraic group with [G_ Z : Lambda] = ∈fty ; [H-G13-expansion] the congruence quotient family has a uniform spectral gap…
P029-C0028,CLAIM,P029,theorem,THEOREM_GRADE,"Cluster-A currency-to-status bridge: (A) C7 solvency. Fix the G1 data (T, <, A) and a nonterminal point x , and let badtail_j(x) ∈ \ 0, 1\ indicate membership x ∈ N_j in the j -th bad-tail membrane. Then pointwise liveness at x — some k 1 with V_k(x) > 0 — ho…"
P029-C0029,CLAIM,P029,open_problem,OPEN_PROBLEM_OR_DEFERRED_WORK,Nothing is deferred here — the disposition is final unless a genuinely temporal residual is someday exhibited.
P029-C0030,CLAIM,P029,scope_boundary,SCOPE_OR_LIMITATION_RECORD,"Nonclaims and caveats: Nonclaims are load-bearing in this series: a law's value depends on what it declines to assert as much as on what it proves. The individual law sections keep their prose focused on setup, statement, and proof; this section consolidates…"
P029-C0031,CLAIM,P029,open_problem,OPEN_PROBLEM_OR_DEFERRED_WORK,"Open problems, left open.: This paper solves no open problem and reports no progress on one. Specifically: the Collatz conjecture remains open (G1's Part (b) hypotheses [H-G1-ghost-convergence] and [H-G1-separation] are named obligations, and the 2^L - 1 shad…"
P029-C0032,CLAIM,P029,open_problem,OPEN_PROBLEM_OR_DEFERRED_WORK,"This paper solves no open problem and reports no progress on one. Specifically: the Collatz conjecture remains open (G1's Part (b) hypotheses [H-G1-ghost-convergence] and [H-G1-separation] are named obligations, and the 2^L - 1 shadowing family is evidence ag…"
P029-C0033,CLAIM,P029,nonclaim,EXPLICIT_NONCLAIM,"Each law is exactly as conditional as the corpus's nonclaim register requires, and several hypotheses are load-bearing by design."
P032-C0001,CLAIM,P032,paper_thesis,PAPER_STATED_COMPOSITE_RESULT,Six Birds theory studies finite systems observed through deterministic coarse-grainings (``lenses'') using a small audited vocabulary of primitives. This paper proves eight no-go theorems that constrain when common emergence narratives can be made honest in a…
P032-C0002,CLAIM,P032,result_summary,NAMED_RESULT_OR_GATE_SURFACE,"Main results (eight fronts).: All results are stated for finite systems and deterministic lenses. The theorem statements are collected in Section , and the later theorem-front sections refer back to those labels. In one line each, the fronts are: Arrow/DPI: d…"
P032-C0003,CLAIM,P032,definition,DEFINITION,"Micro and observed arrow at horizon T: The micro arrow at horizon T is A_T(mu,K) = D_ KL (P^ mu,K _T\|P^ mu,K,rev _T). For a lens f:X→ Y , the observed arrow is A_T(mu,K;f) = D_ KL (P^ mu,K,f _T\|P^ mu,K,f,rev _T)."
P032-C0004,CLAIM,P032,result_summary,NAMED_RESULT_OR_GATE_SURFACE,"Main Results: We state the eight no-go theorems. Each theorem is followed by a brief remark clarifying scope. [NG_ARROW_DPI] Let mu∈Delta(X) , let P:X×X→[0,1] be row-stochastic, and let T 1 . Define the micro path law on X^ T+1 by P^ (T) _ mu,P (x_ 0:T )=mu(x…"
P032-C0005,CLAIM,P032,theorem,THEOREM_GRADE,"NG_ARROW_DPI: Let mu∈Delta(X) , let P:X×X→[0,1] be row-stochastic, and let T 1 . Define the micro path law on X^ T+1 by P^ (T) _ mu,P (x_ 0:T )=mu(x_0) _ t=0 ^ T-1 P(x_t,x_ t+1 ). Let rev_T(x_ 0:T )=(x_T, ,x_0) and let :X→Y be deterministic with pointwise ext…"
P032-C0006,CLAIM,P032,remark,INTERPRETIVE_REMARK,"Interpretation. This theorem rules out any increase of forward–reverse path-space KL under an honest deterministic observation. In the finite audited setting, coarse observation cannot manufacture a larger arrow than the micro path law already carries. Scope…"
P032-C0007,CLAIM,P032,theorem,THEOREM_GRADE,"NG_PROTOCOL_TRAP: Let be finite, let P: × →[0,1] be row-stochastic, and let pi be a stationary distribution satisfying detailed balance pi(x) P(x,x')= pi(x') P(x',x) for all x,x'∈ . Then for every horizon T 1 , (rev_T)_ # P^ (T) _ pi, P =P^ (T) _ pi, P implie…"
P032-C0008,CLAIM,P032,remark,INTERPRETIVE_REMARK,"Interpretation. This theorem rules out honest observed arrow for a stationary reversible lift, even when hidden protocol coordinates are present. Hidden protocol structure by itself does not create entropy production in the audited stationary regime. Scope /…"
P032-C0009,CLAIM,P032,theorem,THEOREM_GRADE,"NG_FORCE_FOREST: Let G=(V,E) be a finite undirected forest. Let a be an antisymmetric function on oriented edges, so that a(u,v)=-a(v,u) and a(u,v)=0 whenever \ u,v\ E . Then there exists a potential phi:V→R such that for every oriented edge (u,v) , a(u,v)=ph…"
P032-C0010,CLAIM,P032,remark,INTERPRETIVE_REMARK,"Interpretation. This theorem rules out force-like cycle obstruction on forest support. On a finite forest, every antisymmetric edge field is potential-generated, so there is no cycle-supported drive to sustain a nontrivial affinity class. Scope / escape route…"
P032-C0011,CLAIM,P032,theorem,THEOREM_GRADE,"NG_FORCE_NULL: Assume a(u,v)=phi(v)-phi(u) on oriented edges of a finite graph. Then for every closed walk v_0, ,v_k=v_0 , _ i=0 ^ k-1 a(v_i,v_ i+1 ) = 0."
P032-C0012,CLAIM,P032,remark,INTERPRETIVE_REMARK,"Interpretation. This theorem rules out cycle affinity when the log-ratio 1-form is exact. Exact ratio-form structure collapses every closed-walk sum, so the force-like class is null in the precise bidirected-support sense of the theorem. Scope / escape routes…"
P032-C0013,CLAIM,P032,theorem,THEOREM_GRADE,"NG_MACRO_CLOSURE_DEFICIT: Let (X,P) be a finite Markov chain, let mu∈Delta(X) , let Pi:X→Y be deterministic, and fix tau 1 . For each x∈X , define the packaged future law p_x^ (tau) (y') := Pr_ mu,P [Pi(X_ t+tau )=y' X_t=x]. For a candidate macro kernel K:Y×Y…"
P032-C0014,CLAIM,P032,remark,INTERPRETIVE_REMARK,Interpretation. This theorem identifies closure deficit as the exact obstruction to a closed macro law at the chosen lag. Positive conditional-information gap means that no single macro kernel captures the packaged future laws without loss. Scope / escape rou…
P032-C0015,CLAIM,P032,theorem,THEOREM_GRADE,"NG_OBJECT_CONTRACTIVE: Let P be a stochastic matrix on finite Y . Let T_P:Delta(Y)→Delta(Y) be the operator nu↦ nu P , and let lambda(P) be the Dobrushin contraction coefficient in total variation. Assume lambda(P)<1 . If nu,nu'∈Delta(Y) satisfy the -stabilit…"
P032-C0016,CLAIM,P032,remark,INTERPRETIVE_REMARK,"Interpretation. This theorem bounds epsilon-stable packaged states in a strict-contraction regime and yields uniqueness in the exact fixed-point case. Within the admissible TV/Dobrushin hypotheses, multiple well-separated robust objects cannot coexist at that…"
P032-C0017,CLAIM,P032,theorem,THEOREM_GRADE,"NG_LADDER_IDEM: Let e:S→ S satisfy e e=e . Then for all integers n 1 , e^ n =e."
P032-C0018,CLAIM,P032,remark,INTERPRETIVE_REMARK,"Interpretation. This theorem rules out any iterate ladder from an idempotent packaging map. Once the operator is applied once, later iterates add no new structure because the map has already stabilized. Scope / escape routes. The obstruction is evaded only by…"
P032-C0019,CLAIM,P032,theorem,THEOREM_GRADE,"NG_LADDER_BOUNDED_INTERFACE: Let f:X→Y be deterministic with finite image im(f) . Define Def(f):=\ g f : g:Y→\ 0,1\ \ . Then |Def(f)| = 2^ |im(f)| . Consequently, if |im(f)|<∈fty , there is no infinite strictly increasing sequence of pairwise distinct f -defi…"
P032-C0020,CLAIM,P032,remark,INTERPRETIVE_REMARK,"Interpretation. This theorem rules out an infinite strictly increasing ladder of predicates once the interface is fixed and finite. The finite image of the lens gives a finite algebra of definable predicates, so internal ladder growth must stabilize. Scope /…"
P032-C0021,CLAIM,P032,remark,INTERPRETIVE_REMARK,"Supplementary apparatus: Supplementary material collects the reproducibility map, including computational audit artifacts and a formalization-status table. The statements and proofs in the main text do not depend on those materials."
P032-C0022,CLAIM,P032,lemma,THEOREM_GRADE,"Deterministic DPI for KL: Let Omega be a finite set and let g:Omega→Omega' be deterministic. For any probability laws P,Q∈Delta(Omega) , D_ KL (g_ # P \| g_ # Q) D_ KL (P \| Q)."
P032-C0023,CLAIM,P032,lemma,THEOREM_GRADE,"Commutation of reversal and observation: For any law P∈Delta(X^ T+1 ) , f^ (T) _ # (rev_ # P ) = rev_ # (f^ (T) _ # P ). In particular, for the path law P_T^ mu,K from Section , P_T^ mu,K,f,rev = rev_ # P_T^ mu,K,f = f^ (T) _ # (P_T^ mu,K,rev )."
P032-C0024,CLAIM,P032,result_summary,NAMED_RESULT_OR_GATE_SURFACE,"Proof of the arrow DPI theorem: [Proof of Theorem ] Fix T 0 and abbreviate P := P_T^ mu,K ∈Delta(X^ T+1 ) and Q := P_T^ mu,K,rev = rev_ # P . Apply Lemma to Omega=X^ T+1 , Omega'=Y^ T+1 and g=f^ (T) : D_ KL (f^ (T) _ # P \| f^ (T) _ # Q ) D_ KL (P \| Q). By L…"
P032-C0025,CLAIM,P032,lemma,THEOREM_GRADE,"Detailed balance implies path-law reversal invariance: Assume pi∈Delta(X) is stationary for K and satisfies detailed balance: pi(x) K(x,x') = pi(x') K(x',x) for all x,x'∈ X. Then for every T 0 , P_T^ pi,K = P_T^ pi,K,rev ."
P032-C0026,CLAIM,P032,remark,INTERPRETIVE_REMARK,"What is ruled out, and what is not: Theorem is a statement about an arrow audit: it rules out certifying irreversibility of the observed process via D_ KL (P_T^ pi,K,f \| P_T^ pi,K,f,rev ) when the underlying system is reversible and started in the stationary…"
P032-C0027,CLAIM,P032,definition,DEFINITION,"Antisymmetric edge labelling / 1 -form: An antisymmetric edge labelling on G is a function a: E→ R such that a(v,u)=-a(u,v) for all (u,v)∈ E ."
P032-C0028,CLAIM,P032,definition,DEFINITION,"Exactness and potentials: An antisymmetric labelling a is exact if there exists a function phi:V→ R such that for every (u,v)∈ E , a(u,v)=phi(v)-phi(u). Any such phi is called a potential for a ."
P032-C0029,CLAIM,P032,definition,DEFINITION,"Closed-walk sum / cycle affinity: Let w=(v_0,v_1, ,v_k) be a finite walk with v_k=v_0 and \ v_i,v_ i+1 \ ∈ E for all i . The closed-walk sum of a along w is S_a(w) = _ i=0 ^ k-1 a(v_i,v_ i+1 ). When a is a log-ratio 1 -form, S_a(w) is the (log) cycle affinity…"
P032-C0030,CLAIM,P032,definition,DEFINITION,"Cycle rank: Let c(G) be the number of connected components of G . The cycle rank (first Betti number) of G is beta_1(G) = |E|-|V|+c(G). In particular, beta_1(G)=0 if and only if every component of G is a tree. These cycle-space facts are standard in graph the…"
P032-C0031,CLAIM,P032,lemma,THEOREM_GRADE,"Rooted parent map on a tree: Let G=(V,E) be a finite tree and fix a root r∈ V . For each vertex v≠ r there exists a unique neighbor par(v) of v lying on the unique simple path from r to v ."
P032-C0032,CLAIM,P032,remark,INTERPRETIVE_REMARK,"Connection to log-ratio affinity: If K is a Markov kernel on a finite state space with bidirected support graph G , a common affinity 1 -form is the log-ratio a_K(u,v)= K(u,v) K(v,u) on each bidirected edge. This is antisymmetric on E . Theorems and show that…"
P032-C0033,CLAIM,P032,remark,INTERPRETIVE_REMARK,"Thresholding and regularization: The theorems above are statements about the exact graph object (V,E) and the exact antisymmetric data a supported on E . Graph thresholding or regularization changes E and can change beta_1(G) ; such modifications lie outside…"
P032-C0034,CLAIM,P032,lemma,THEOREM_GRADE,"KL mixture decomposition: Let (w_i)_ i∈ I be nonnegative weights on a finite index set I , not all zero, and let (P_i)_ i∈ I be probability laws on a finite set Omega . Define W := _ i∈ I w_i, R := 1 W _ i∈ I w_i P_i. Then for every probability law Q on Omega…"
P032-C0035,CLAIM,P032,lemma,THEOREM_GRADE,"Best macro kernel: For each y∈ Y , define K^ _tau(y, ) := p_y^ (tau) ( )=Law(Y_ t+tau Y_t=y). Then _K L_tau(K) = _ x∈ X mu(x) D_ KL (p_x^ (tau) \| p_ Pi(x) ^ (tau) ), and the minimum is attained by K^ _tau ."
P032-C0036,CLAIM,P032,lemma,CONDITIONAL_THEOREM,"Conditional mutual information identity: In this finite deterministic setting, I(X_t;Y_ t+tau Y_t) = _ x∈ X mu(x) D_ KL (p_x^ (tau) \| p_ Pi(x) ^ (tau) )."
P032-C0037,CLAIM,P032,remark,INTERPRETIVE_REMARK,"Scope of exact closure: If every macro fiber is a singleton, then Pi loses no information and the closure deficit vanishes trivially. More generally, if all packaged future laws p_x^ (tau) agree inside each fiber Pi^ -1 (y) , then the minimizing macro kernel…"
P032-C0038,CLAIM,P032,remark,INTERPRETIVE_REMARK,Attribution is separate: The theorem isolates a finite obstruction: distinct packaged future laws inside a single macro fiber force a positive closure deficit. Which primitive or modeling decision produces such a pair is a separate question and is independent…
P032-C0039,CLAIM,P032,lemma,THEOREM_GRADE,"Dobrushin contraction in total variation: For all mu,nu∈Delta(Y) , d_ TV (mu P,nu P) lambda(P) d_ TV (mu,nu)."
P032-C0040,CLAIM,P032,lemma,THEOREM_GRADE,"Strict contraction gives a unique fixed distribution: Assume lambda(P)<1 . Then there exists a unique distribution pi∈Delta(Y) with pi P=pi . Moreover, for every mu∈Delta(Y) and every integer t 0 , d_ TV (mu P^t,pi) lambda(P)^t d_ TV (mu,pi)."
P032-C0041,CLAIM,P032,lemma,THEOREM_GRADE,"Approximate fixed-point separation bound: Assume lambda(P) lambda<1 . If mu,nu∈Delta(Y) satisfy d_ TV (mu P,mu) , d_ TV (nu P,nu) , then d_ TV (mu,nu) 2 1-lambda ."
P032-C0042,CLAIM,P032,remark,INTERPRETIVE_REMARK,"Regime and metric scope: This front is formulated in total variation distance with the Dobrushin coefficient as the contraction parameter. The theorem asserts an obstruction only in that regime. Other metrics, other contraction notions, or noncontractive oper…"
P032-C0043,CLAIM,P032,remark,INTERPRETIVE_REMARK,"Formalization status: For this front, the formalized component is the uniqueness consequence of strict contraction for fixed distributions. The total-variation/Dobrushin framework and the -stability separation bound are used here at the level of the paper pro…"
P032-C0044,CLAIM,P032,lemma,THEOREM_GRADE,"If e e = e , then e^ n =e for all integers n 1 ."
P032-C0045,CLAIM,P032,lemma,THEOREM_GRADE,"The map A⊆ im(f) \1_A f is a bijection between P(im(f)) and Def(f) . Consequently, |Def(f)| = 2^ |im(f)| ."
P032-C0046,CLAIM,P032,remark,INTERPRETIVE_REMARK,"Extension escape: Theorem assumes a fixed interface map f . If one allows the interface to vary with the step index (for example by adding coordinates or refining the lens family so that |im(f_n)| grows), then the bound |Def(f_n)|=2^ |im(f_n)| can increase an…"
P032-C0047,CLAIM,P032,proposition,THEOREM_GRADE,"Potential construction on a rooted tree: Let G=(V,E) be a finite tree with root r , and let a: E→R be antisymmetric. Define phi(r)=0 and, for v≠ r , phi(v)=phi(par(v))+a(par(v),v). Then a(u,v)=phi(v)-phi(u) for every oriented edge (u,v)∈ E ."
P032-C0048,CLAIM,P032,proposition,THEOREM_GRADE,"Finite strictly increasing chains are bounded: If S is a finite set, then every strictly increasing chain of distinct elements of S has length at most |S| ."
P006-C0001,CLAIM,P006,paper_thesis,PAPER_STATED_COMPOSITE_RESULT,"Many mathematical frameworks come with audit data alongside their main objects: source ledgers, route registries, residual budgets, status annotations, nonclaim boundaries, and meta-audit records. Audited Operational Realisability (AOR) is the meta-theory of…"
P006-C0002,CLAIM,P006,open_problem,OPEN_PROBLEM_OR_DEFERRED_WORK,full predicate-level non-membership proofs at every level remain framework future work.
P006-C0003,CLAIM,P006,scope_boundary,SCOPE_OR_LIMITATION_RECORD,Two scope disclosures apply.
P006-C0004,CLAIM,P006,nonclaim,EXPLICIT_NONCLAIM,"The category PreSB_ S consists of typed carriers equipped with declared audit data over S — observation, stage, constraint, rewrite, holonomy, residual, status, nonclaim, and meta-audit registries — together with morphisms preserving the scoped package."
P006-C0005,CLAIM,P006,nonclaim,EXPLICIT_NONCLAIM,"It has eight named strata: observation, stage, constraint, rewrite, holonomy, residual, nonclaim, and meta-audit."
P006-C0006,CLAIM,P006,nonclaim,EXPLICIT_NONCLAIM,"Finally, states the status, scope, and nonclaim boundary, and summarizes the audit-closure meta-theory."
P006-C0007,CLAIM,P006,nonclaim,EXPLICIT_NONCLAIM,"it is accompanied by records of which probes are native, which routes are legal, which residuals remain unpaid, which statements are explicitly outside scope, and which bookkeeping obligations have been accepted."
P006-C0008,CLAIM,P006,nonclaim,EXPLICIT_NONCLAIM,"it abstracts the surrounding bookkeeping question: once a residual, route, status, or nonclaim has been declared, what does it mean for the whole carrier to be audit-closed?"
P006-C0009,CLAIM,P006,nonclaim,EXPLICIT_NONCLAIM,"and the source, interface, observation, stage, constraint, rewrite, holonomy, residual, status, nonclaim, and meta-audit registries form the record layer to which the closure-completion construction will be applied."
P006-C0010,CLAIM,P006,definition,DEFINITION,"PreSB carrier: A PreSB carrier is a tuple C = (H, q, Q, Gamma, R, C-reg, Src, Ifc, Obs, Stage, Constr, Rewrite, Hol, Res, Stat, NC, Meta; S), of seventeen typed fields: legal-quotient carrier and audit data (H,q,Q) ; route registry Gamma ; record registry R a…"
P006-C0011,CLAIM,P006,definition,DEFINITION,"Scope record: A scope record S is a typed declaration of the admissible carrier-class, the admissible source ledger, the admissible interface family, and the admissible route registry against which a PreSB carrier is audited. Scope is a first-class field of a…"
P006-C0012,CLAIM,P006,definition,DEFINITION,"PreSB morphism: A PreSB morphism f: C→ C' between two PreSB carriers of identical scope is a tuple of typed scope-preserving field morphisms that commute with the carrier quotient maps, the route registry transports, and the audit form pairings. Morphisms com…"
P006-C0013,CLAIM,P006,definition,DEFINITION,"AOR subcategory: The AOR subcategory AOR_ S is the full subcategory of PreSB_ S whose objects are the PreSB carriers C for which the eight-stratum structural defect Xi_ SB ( C) ( ) is zero. Equivalently, every declared record of C is typed, every cited route…"
P006-C0014,CLAIM,P006,theorem,THEOREM_GRADE,"AOR is a full subcategory: The inclusion :AOR_ S PreSB_ S is a fully faithful functor. The defect predicate Xi_ SB ( C)=0 is preserved by isomorphism and reflected by it, so AOR membership depends only on the isomorphism class of the carrier within scope S ."
P006-C0015,CLAIM,P006,nonclaim,EXPLICIT_NONCLAIM,"The isomorphism-invariance statement follows because each audit obligation is a typed field-level condition: transporting a record, route, residual status, nonclaim entry, or meta-audit discharge across an isomorphism changes its presentation, not its existen…"
P006-C0016,CLAIM,P006,definition,DEFINITION,Closure-completion operator: The closure-completion operator Cl_ SB :PreSB_ S →AOR_ S assigns to a PreSB carrier C the carrier obtained as the least fixed point of the monotone-saturation map C C \ minimal AOR-extending operations on C\ on the complete lattic…
P006-C0017,CLAIM,P006,nonclaim,EXPLICIT_NONCLAIM,"The saturation endomap is therefore monotone: adding data before applying the rule cannot remove any typed route, residual status, nonclaim entry, or meta-audit discharge after applying it."
P006-C0018,CLAIM,P006,theorem,THEOREM_GRADE,"Construction theorem for Cl_ SB: The lattice of AOR-extending operations over a fixed scope S is a complete lattice, and the saturation map of is monotone with respect to the subcarrier order. By the Knaster–Tarski fixed-point theorem the least fixed point ex…"
P006-C0019,CLAIM,P006,nonclaim,EXPLICIT_NONCLAIM,"The fieldwise meet of any family keeps precisely the data common to all packages, and the fieldwise generated join adjoins the union of all carrier, route, residual, nonclaim, and meta-audit data while retaining only well-typed scope-compatible entries."
P006-C0020,CLAIM,P006,nonclaim,EXPLICIT_NONCLAIM,"Equivalently, every typed-record, route, residual-status, nonclaim, and meta-audit obligation demanded by the package has already been supplied."
P006-C0021,CLAIM,P006,lemma,THEOREM_GRADE,"Initiality of saturation steps: Let C be a PreSB carrier of scope S , and let D be an AOR carrier of the same scope. For every PreSB morphism g: C→ D and every minimal AOR-extending operation sigma added by the saturation map S to a candidate package X C , th…"
P006-C0022,CLAIM,P006,nonclaim,EXPLICIT_NONCLAIM,"The minimal operation sigma adds exactly one of the audit-completion data types used by the saturation map: typed-record data, route audits, residual statuses, nonclaim entries, or meta-audit discharge records."
P006-C0023,CLAIM,P006,theorem,THEOREM_GRADE,"Universal property of Cl_ SB: For every PreSB carrier C , every AOR carrier D of the same scope, and every PreSB-morphism g: C→ D , there exists a unique AOR-morphism g:Cl_ SB ( C)→ D satisfying g = ( g) _ C ."
P006-C0024,CLAIM,P006,theorem,THEOREM_GRADE,"Cl_ SB adjunction: The closure-completion operator Cl_ SB extends to a functor PreSB_ S →AOR_ S which is left adjoint to the inclusion , with unit as in . The counit is the identity on AOR carriers: Cl_ SB =id_ AOR_ S ."
P006-C0025,CLAIM,P006,result_summary,NAMED_RESULT_OR_GATE_SURFACE,Structural defect and its eight strata: The first diagnostic layer is the structural defect Xi_ SB : the aggregate record of ways in which a scoped PreSB carrier has not yet closed as an AOR carrier. Splitting the defect into strata keeps the failure mode vis…
P006-C0026,CLAIM,P006,nonclaim,EXPLICIT_NONCLAIM,"A missing observation typing, an undeclared stage law, an unwitnessed constraint, an unannotated rewrite, a missing holonomy transport, an unstatused residual, an unregistered nonclaim, and an undischarged meta-audit obligation are different audit failures, e…"
P006-C0027,CLAIM,P006,definition,DEFINITION,"Structural defect Xi_ SB: The structural defect Xi_ SB ( C) of a PreSB carrier C is the disjoint sum of its eight defect strata, Xi_ SB ( C) = Sigma_ obs ( C) Sigma_ stage ( C) Sigma_ constraint ( C) Sigma_ rewrite ( C) Sigma_ holonomy ( C) Sigma_ residual (…"
P006-C0028,CLAIM,P006,definition,DEFINITION,"Sigma_ obs stratum: The observation defect stratum Sigma_ obs ( C) is the multiset of typed observation records on C whose target codomain, role, source provenance, or evaluation context is not fully declared. The stratum is empty iff every declared observati…"
P006-C0029,CLAIM,P006,definition,DEFINITION,"Sigma_ stage stratum: The stage defect stratum Sigma_ stage ( C) is the multiset of stage / refinement entries whose stage law, refinement axis, or compatibility with the route registry is not declared. The stratum is empty iff every entry of Stage has a decl…"
P006-C0030,CLAIM,P006,definition,DEFINITION,"Sigma_ constraint stratum: The constraint defect stratum Sigma_ constraint ( C) is the multiset of constraint and budget entries that fail positivity, fail the audit-pairing typing, or are paired with no declared admissible solution. The stratum is empty iff…"
P006-C0031,CLAIM,P006,definition,DEFINITION,"Sigma_ rewrite stratum: The rewrite defect stratum Sigma_ rewrite ( C) is the multiset of rewrite records whose source and target presentations, admissibility tags, or blocked-rewrite annotations are not declared. The stratum is empty iff every Rewrite entry…"
P006-C0032,CLAIM,P006,definition,DEFINITION,"Sigma_ holonomy stratum: The holonomy defect stratum Sigma_ holonomy ( C) is the multiset of route-dependent memory records whose carrier transport, source-ledger attribution, or nonclaim flag is not declared. The stratum is empty iff every Hol entry has a ty…"
P006-C0033,CLAIM,P006,definition,DEFINITION,"Sigma_ residual stratum: The residual defect stratum Sigma_ residual ( C) is the multiset of Schur-typed residuals on C , further decomposed by the thirteen residual types of . The stratum is empty iff every residual record carries a discharge status from the…"
P006-C0034,CLAIM,P006,definition,DEFINITION,"Sigma_ nonclaim stratum: The nonclaim defect stratum Sigma_ nonclaim ( C) is the multiset of statements that the carrier needs to exclude (scope boundaries, blocked routes, blocked rewrites, deprecated claims) but that are not registered in NC . The stratum i…"
P006-C0035,CLAIM,P006,definition,DEFINITION,"Sigma_ meta stratum: The meta defect stratum Sigma_ meta ( C) is the multiset of meta-audit obligations (provenance trail, version pin, audit pass log, dispute resolution) that are not discharged in Meta . The stratum is empty iff every meta obligation has a…"
P006-C0036,CLAIM,P006,theorem,THEOREM_GRADE,"Eight-stratum decomposition: For every PreSB carrier C , the structural defect Xi_ SB ( C) decomposes as a disjoint sum of the eight strata Sigma_ obs ,\ Sigma_ stage ,\ Sigma_ constraint ,\ Sigma_ rewrite ,\ Sigma_ holonomy ,\ Sigma_ residual ,\ Sigma_ noncl…"
P006-C0037,CLAIM,P006,nonclaim,EXPLICIT_NONCLAIM,"The field that creates it also determines its stratum: an observation record belongs to Sigma_ obs , a stage entry to Sigma_ stage , a constraint or budget entry to Sigma_ constraint , a rewrite record to Sigma_ rewrite , a holonomy or route memory record to…"
P006-C0038,CLAIM,P006,result_summary,NAMED_RESULT_OR_GATE_SURFACE,"The thirteen-type Sigma_ residual atlas The thirteen-type Sigma-residual atlas: The residual stratum Sigma_ residual tracks unpaid mathematical content rather than missing record syntax. It is refined here along three axes: primary type, atom refinement, and…"
P006-C0039,CLAIM,P006,definition,DEFINITION,"Thirteen residual types: The residual stratum Sigma_ residual is partitioned by thirteen disjoint residual types: Delta_ descent (legal-quotient descent failure), Delta_ transport (route map failure), Delta_ interface (bounded-interface failure), Delta_ local…"
P006-C0040,CLAIM,P006,definition,DEFINITION,"Residual partial order: The relation _ res on Sigma_ residual is generated by: (i) atom refinement, a _ res b when a is obtained from b by splitting along a finer probe family or stage; (ii) type inclusion, a _ res b when a has b 's primary type together with…"
P006-C0041,CLAIM,P006,definition,DEFINITION,"Residual atom: A residual record a∈Sigma_ residual is an atom if it is minimal under _ res among non-empty records. Equivalently, a has a unique primary type and no proper non-empty refinement."
P006-C0042,CLAIM,P006,theorem,THEOREM_GRADE,"Atom decomposition: Every residual record r∈Sigma_ residual admits a finite decomposition r= _ i a_i as a disjoint sum of atoms. The decomposition is unique up to permutation, and is computable from the carrier field data."
P006-C0043,CLAIM,P006,theorem,THEOREM_GRADE,"Residual product: The product of two PreSB carriers C_1 and C_2 over the same scope (componentwise product of all seventeen fields) has residual stratum Sigma_ residual ( C_1× C_2) = Sigma_ residual ( C_1) Sigma_ residual ( C_2) Sigma_ residual ^ cross ( C_1,…"
P006-C0044,CLAIM,P006,theorem,THEOREM_GRADE,"Forced-residual theorem: For each primary residual type Delta_* , there is a fixed minimal set of forced secondary types that any non-empty record of primary type Delta_* must also exhibit. The complete forced-secondary list is recorded in . Forcing is faithf…"
P006-C0045,CLAIM,P006,result_summary,NAMED_RESULT_OR_GATE_SURFACE,"AOR-8 statuses and discharge: The atlas classifies residuals by primary type. Discharge requires a second coordinate: a status saying how the atom is paid, blocked, cited, bounded, or deferred to an asymptotic regime. In the base finite-stage theory this is t…"
P006-C0046,CLAIM,P006,definition,DEFINITION,"AOR-8 status catalogue: The AOR-8 status catalogue is the eleven-entry vocabulary of discharge statuses for Sigma_ residual records: zero, budgeted, bridged, hidden, moduli, selected, probabilistic, out_of_scope, nonclaim, blocked, approved_other. The asympto…"
P006-C0047,CLAIM,P006,nonclaim,EXPLICIT_NONCLAIM,"It separates genuinely closed residuals from budgeted, bridged, selected, probabilistic, out-of-scope, nonclaim, blocked, and externally approved records, so that the cascade layer can compute downstream obligations from the pair consisting of a residual type…"
P006-C0048,CLAIM,P006,definition,DEFINITION,"Discharge record: A discharge record on a residual atom a∈Sigma_ residual is a triple (a,s,pi) with s an AOR-8 status (or asymptotic extension) and pi a typed witness payload appropriate to s : a positivity proof for zero; a finite budget bound for budgeted;…"
P006-C0049,CLAIM,P006,definition,DEFINITION,"Discharge witness: A discharge witness for a residual record r= _i a_i is a family (a_i,s_i,pi_i) of discharge records, one per atom in the decomposition of r . The witness closes r if every status s_i is a declared base AOR-8 status, or an asymptotic extensi…"
P006-C0050,CLAIM,P006,result_summary,NAMED_RESULT_OR_GATE_SURFACE,Secondary results: discharge cascades over Sigma_ residual Secondary results: discharge cascades over Sigma-residual: classified residual failures by type and attached statuses and witness payloads to residual atoms. This section records what happens after an…
P006-C0051,CLAIM,P006,definition,DEFINITION,"Cost record: For each pair (t,s) with t a residual type and s a status, the cost record Cost(t,s) is a finite multiset of (t',s') pairs called the downstream obligations generated by paying a t -atom with status s . Cost records are tabulated in the 143 -entr…"
P006-C0052,CLAIM,P006,definition,DEFINITION,"Downstream operator: The downstream operator Down acts on a residual record r with discharge witness (a_i,s_i,pi_i) by Down(r,\ (a_i,s_i,pi_i)\ ) = _i Cost(type(a_i),s_i) viewed as a new residual record of fresh atoms to be statused."
P006-C0053,CLAIM,P006,definition,DEFINITION,"Cost table: The cost table is the function Cost:Types×Statuses→ P_ fin (Types×Statuses) with 13 residual types and 11 base AOR-8 statuses, totalling 143 entries. Cost-free pairs (t,s) are exactly those with Cost(t,s)=∅ ."
P006-C0054,CLAIM,P006,lemma,THEOREM_GRADE,"Cost-table admissibility: The base cost table of , together with the asymptotic companion rows used for refinement-chain discharge, satisfies two admissibility properties: Strict descent. For every cost-table or asymptotic companion row Down(a,s)=w , the outp…"
P006-C0055,CLAIM,P006,nonclaim,EXPLICIT_NONCLAIM,"It also covers the status-family representative rows for any non-explicit type at budgeted, bridged, moduli, selected, probabilistic, out_of_scope, nonclaim, blocked, and hidden."
P006-C0056,CLAIM,P006,definition,DEFINITION,"Cascade graph: The cascade graph of a residual record r is the bipartite labelled multigraph G(r) whose vertices are residual-record atoms and discharge witnesses (alternating layers), and whose edges record the downstream obligations produced by Down . Edges…"
P006-C0057,CLAIM,P006,theorem,THEOREM_GRADE,"Bipartite cascade graph: For every residual record r and every choice of discharge witness, the cascade graph G(r) is bipartite: edges alternate between atom-vertices and witness-vertices, and no edge connects two vertices of the same kind."
P006-C0058,CLAIM,P006,theorem,THEOREM_GRADE,Cascade termination: The cascade graph G(r) is well-founded under the status-multiset measure induced by the AOR-8 status rank and the Dershowitz–Manna multiset extension. In particular every cascade terminates in finitely many discharge steps.
P006-C0059,CLAIM,P006,theorem,THEOREM_GRADE,"Cascade confluence: The discharge relation on Sigma_ residual is locally confluent: if a residual atom admits two distinct one-step discharges into records r_1 and r_2 , then there exists a record r_3 reached by further discharges from both r_1 and r_2 . Toge…"
P006-C0060,CLAIM,P006,theorem,THEOREM_GRADE,"Cross-cascade composition: For two residual records r_1 and r_2 on the same carrier, their disjoint-union cascade G(r_1 r_2) equals the disjoint union of cascades G(r_1) G(r_2) together with the cross-edges generated by interaction atoms of primary type Delta…"
P006-C0061,CLAIM,P006,definition,DEFINITION,Cascade-stable AOR: A PreSB carrier C∈AOR_ S is cascade-stable if every residual record in Sigma_ residual ( C) admits a discharge witness whose cascade reaches the empty record in finitely many steps using only the base AOR-8 statuses ( ). The class of casca…
P006-C0062,CLAIM,P006,theorem,THEOREM_GRADE,"Cascade-stable characterisation: C∈CascadeStableAOR_ S if and only if every Sigma_ residual -atom of C has a declared discharge status whose cost-table walk reaches a cost-free terminal status in finitely many moves. Equivalently, the omega -iteration of Down…"
P006-C0063,CLAIM,P006,definition,DEFINITION,"Refinement morphism: A refinement morphism rho: C→ C' between two PreSB carriers is a PreSB morphism that additionally records, for each field, whether it is an A1–A6 refinement step ( ). Refinement morphisms compose and have identities. The category RefPreSB…"
P006-C0064,CLAIM,P006,definition,DEFINITION,Six refinement kinds: A refinement morphism's per-field annotations belong to one of six disjoint kinds: A1 scope expansion (enlarging S within a fixed scope chain); A2 record-field expansion (adding admissible records to one of the registries); A3 stage / re…
P006-C0065,CLAIM,P006,definition,DEFINITION,RefPreSB category: The category RefPreSB_ S is the full category of PreSB carriers of scope S with refinement morphisms. A refinement chain is a directed diagram in RefPreSB_ S indexed by a directed poset.
P006-C0066,CLAIM,P006,theorem,THEOREM_GRADE,"RefPreSB is directed-cocomplete: The category RefPreSB_ S has all directed colimits. Concretely, for a directed diagram ( C_j,rho_ jj' ) with projections p_ jj' : C_ j' → C_j along reverse arrows, the colimit object C_∈fty=colim_j C_j has record/scope data as…"
P006-C0067,CLAIM,P006,definition,DEFINITION,"Asymptotic statuses: For a residual atom a of a colimit object C_∈fty=colim_j C_j , the asymptotic statuses extending AOR-8 are: asymptotic_budgeted (there exists a uniform finite budget B and a tail index J_0 with the per-stage cost bounded by B for all j J_…"
P006-C0068,CLAIM,P006,theorem,THEOREM_GRADE,Asymptotic soundness: The four asymptotic statuses of satisfy the implication chain eventual_zero implies contractive implies summable implies asymptotic_budgeted. Each asymptotic status closes the colimit residual at level Delta_ limit without producing a fr…
P006-C0069,CLAIM,P006,definition,DEFINITION,Refinement-stable AOR: A PreSB carrier C∈AOR_ S is refinement-stable if AOR-membership is preserved by every refinement morphism into C and by every directed colimit of refinement chains terminating at C . The class of refinement-stable AOR carriers is denote…
P006-C0070,CLAIM,P006,theorem,THEOREM_GRADE,"Refinement-stable characterisation: C∈RefStableAOR_ S if and only if (i) C∈CascadeStableAOR_ S and (ii) every residual atom of C that survives a colimit step is paid by an asymptotic status from . Equivalently, every refinement chain terminating at C has a di…"
P006-C0071,CLAIM,P006,theorem,NEGATIVE_RESULT_THEOREM,"Hierarchy witnesses: There exist two named carriers C_ witness,1 and C_ witness,2 , together with typed obstruction markers, that witness the failure of the stronger stability conditions: C_ witness,1 lies in CascadeStableAOR_ S and carries a typed obstructio…"
P006-C0072,CLAIM,P006,open_problem,OPEN_PROBLEM_OR_DEFERRED_WORK,full predicate-level non-membership verification remains framework future work and is stated as scope in the abstract.
P006-C0073,CLAIM,P006,scope_boundary,SCOPE_OR_LIMITATION_RECORD,"its purpose is to keep the coverage tiers, standing narrowings, and partial rows visible before the scope boundary in ."
P006-C0074,CLAIM,P006,nonclaim,EXPLICIT_NONCLAIM,"the present paper does not claim that the displayed table is canonical. records this class of narrowing, and gives the representative cost-table subset."
P006-C0075,CLAIM,P006,open_problem,OPEN_PROBLEM_OR_DEFERRED_WORK,"For the hierarchy theorem ( ), the companion record exhibits two named finite witness carriers with typed obstruction markers, while full predicate-level non-membership verification is deferred pending a fuller enumeration of the cost table."
P006-C0076,CLAIM,P006,nonclaim,EXPLICIT_NONCLAIM,"the next section states the scope boundary in prose. records the nonclaim discipline around AOR membership, the cost-table data, and the partial entries, and summarizes the framework without upgrading any documented narrowing into a stronger theorem."
P006-C0077,CLAIM,P006,scope_boundary,SCOPE_OR_LIMITATION_RECORD,"Status, scope, and nonclaim boundary: The preceding sections develop AOR as a meta-theory of audit-closed carriers. Its formal objects are scope records, PreSB carriers, closure completion, defect strata, residual atoms, discharge cascades, and refinement cha…"
P006-C0078,CLAIM,P006,nonclaim,EXPLICIT_NONCLAIM,"No strong-realism reading of AOR: Membership in AOR_ S is not a metaphysical or philosophical realism claim about the carrier's underlying domain. It is a record-level audit predicate: every declared record is typed, every cited route is audited, every residu…"
P006-C0079,CLAIM,P006,nonclaim,EXPLICIT_NONCLAIM,The nonclaim fixes the intended reading of the full subcategory AOR_ S .
P006-C0080,CLAIM,P006,nonclaim,EXPLICIT_NONCLAIM,"Any consumer application requires its own scope record, residual atlas, discharge assignment, and nonclaim ledger."
P006-C0081,CLAIM,P006,open_problem,OPEN_PROBLEM_OR_DEFERRED_WORK,"It exhibits named carriers and typed obstruction markers at the two stability boundaries in AOR^ ref ⊆ AOR^ casc ⊆ AOR , while full predicate-level negated-membership proofs at every level remain framework future work."
P006-C0082,CLAIM,P006,result_summary,NAMED_RESULT_OR_GATE_SURFACE,Conclusion: The central result of this paper is a closure theorem for typed audit carriers. Every carrier in PreSB_ S admits a completion into the audit-closed full subcategory through the reflection Cl_ SB . The construction does not merely adjoin missing da…
P006-C0083,CLAIM,P006,open_problem,OPEN_PROBLEM_OR_DEFERRED_WORK,"The hierarchy theorem exhibits named witness carriers and typed obstruction markers, while full predicate-level non-membership proofs at every level remain framework future work."
P006-C0084,CLAIM,P006,prose_definition,PROSE_DEFINITION_SECTION,Definitions and gate predicates: This appendix collects the recurring AOR vocabulary used in the body. It does not restate the formal definitions; each entry gives a short reminder and points back to the body location where the term is introduced.
P006-C0085,CLAIM,P006,prose_definition,PROSE_DEFINITION_SECTION,"Definitions: [style=nextline] A typed carrier together with its audit data: quotient, audit form, record registries, stages, observations, constraints, rewrites, holonomy, residuals, statuses, nonclaims, and meta-audits. See . The declaration of the carrier c…"
P006-C0086,CLAIM,P006,result_summary,NAMED_RESULT_OR_GATE_SURFACE,Gate predicates: The following five carrier-level predicates are the gate conditions in the AOR subcategory definition. Their conjunction is the body-level form of the assertion that the eight-stratum structural defect Xi_ SB vanishes; compare with . [style=n…
P006-C0087,CLAIM,P006,nonclaim,EXPLICIT_NONCLAIM,Every exclusion or limitation used by the carrier is explicitly registered as a nonclaim rather than left implicit.
P006-C0088,CLAIM,P006,nonclaim,EXPLICIT_NONCLAIM,"An element of this lattice is a candidate audit extension of the seed carrier: it adds typed record data, route audits, residual statuses, nonclaim entries, and meta-audit discharge records, but it does not change the declared scope."
P006-C0089,CLAIM,P006,nonclaim,EXPLICIT_NONCLAIM,[!ht] 2.5pt 1.1 1.08 > p 0.045 > p 0.28 > p 0.20 > p 0.25 > X →prule # Paper label Body section Figure / table support Appendix support 01 def:aor:presb-carrier – 02 def:aor:scope-record – 03 def:aor:morphism-presb – 04 def:aor:aor-subcategory – 05 thm:aor:ao…
P006-C0090,CLAIM,P006,nonclaim,EXPLICIT_NONCLAIM,[!ht] 2.5pt 1.1 1.08 > p 0.045 > p 0.28 > p 0.20 > p 0.25 > X →prule # Paper label Body section Figure / table support Appendix support 25 thm:aor:forced-residual 26 def:aor:aor-8-statuses – 27 def:aor:discharge-record – 28 def:aor:discharge-witness – 29 def:…
P006-C0091,CLAIM,P006,nonclaim,EXPLICIT_NONCLAIM,Row 48 is the nonclaim boundary carried in
P006-C0092,CLAIM,P006,nonclaim,EXPLICIT_NONCLAIM,"17 def:aor:sigma-nonclaim definition definition faithful Lean realizes the paper object as a Lean definition, structure, or inductive type."
P006-C0093,CLAIM,P006,open_problem,OPEN_PROBLEM_OR_DEFERRED_WORK,full predicate-level non-membership verification remains framework future work.
P006-C0094,CLAIM,P006,open_problem,OPEN_PROBLEM_OR_DEFERRED_WORK,Full predicate-level non-membership verification remains framework future work and would require substantially more of the 143-entry cost table than the present definition_metadata narrowing covers.
P006-C0095,CLAIM,P006,nonclaim,EXPLICIT_NONCLAIM,[H] 3pt 1.1 1.0 > p 0.06 > p 0.35 > X →prule # Paper label Lean declaration path 01 def:aor:presb-carrier SixBirdsNeedles.AOR.PreSB.preSBCarrier 02 def:aor:scope-record SixBirdsNeedles.AOR.PreSB.scopeRecord 03 def:aor:morphism-presb SixBirdsNeedles.AOR.PreSB.…
P006-C0096,CLAIM,P006,scope_boundary,SCOPE_OR_LIMITATION_RECORD,"Extended tables and nonclaims ledger: This appendix collects framework data that are too detailed for the body: the representative cost-table subset, the hierarchy witness carriers, the forced-secondary table, and the complete scope ledger. The tables are aud…"
P006-C0097,CLAIM,P006,nonclaim,EXPLICIT_NONCLAIM,"Delta_ target other base statuses Delta_ target , Delta_ role , Delta_ presentation at zero Structural default. any type except explicit cases budgeted type default at zero Status-family representative. any type except explicit cases bridged, moduli, selected…"
P006-C0098,CLAIM,P006,open_problem,OPEN_PROBLEM_OR_DEFERRED_WORK,Full predicate-level verification for the hierarchy witnesses remains framework future work.
P006-C0099,CLAIM,P006,scope_boundary,SCOPE_OR_LIMITATION_RECORD,"Complete AOR nonclaims ledger: [style=nextline] Membership in AOR_ S is a record-level audit predicate inside a declared scope, not a metaphysical claim about the carrier's underlying domain. This is the canonical nonclaim of . The framework stops at the AOR…"
P006-C0100,CLAIM,P006,nonclaim,EXPLICIT_NONCLAIM,This is the canonical nonclaim of .
P006-C0101,CLAIM,P006,open_problem,OPEN_PROBLEM_OR_DEFERRED_WORK,"The hierarchy theorem exhibits named carriers and typed obstruction markers, but full predicate-level verification for the hierarchy witnesses remains future work pending a fuller cost-table enumeration."
P023-C0001,CLAIM,P023,paper_thesis,PAPER_STATED_COMPOSITE_RESULT,"Accounting-style inequalities are central in Six Birds Theory, but they do not by themselves rule out catastrophic extremes: highly localized ``needle'' probes can satisfy global budgets while producing large peaks. We ask when packaging plus accounting force…"
P023-C0002,CLAIM,P023,nonclaim,EXPLICIT_NONCLAIM,We are explicit that Reflexive SBT is not proven here to universally drive capacities to zero
P023-C0003,CLAIM,P023,nonclaim,EXPLICIT_NONCLAIM,What this paper does not claim.
P023-C0004,CLAIM,P023,proposition,THEOREM_GRADE,"Eigenvalue characterization: For a subspace U = range(Psi) , _j(U) = _ B ∈ B_j lambda_ (Psi_B^ Psi_B ), where Psi_B^ Psi_B is Hermitian positive semidefinite."
P023-C0005,CLAIM,P023,lemma,THEOREM_GRADE,"Trace dominates localization: For every subspace U and depth j , _j(U) trace_bound_j(U)."
P023-C0006,CLAIM,P023,lemma,THEOREM_GRADE,"Shift commutation implies constant diagonal: Let S be the cyclic shift on C^N defined by Se_i=e_ i+1 (indices mod N ). If an orthogonal projector P satisfies PS=SP , then its diagonal is constant: P_ ii =P_ 00 for all i . Consequently, if tr(P)=m then P_ ii =…"
P023-C0007,CLAIM,P023,theorem,THEOREM_GRADE,"Shift invariance implies uniform diagonal: If P commutes with the shift S , then diag(P) is constant: P_ 00 = P_ 11 = = P_ N-1,N-1 = m N ."
P023-C0008,CLAIM,P023,corollary,THEOREM_GRADE,"Trace uniformity on uniform cells: Assume U is shift-invariant. For the uniform partition B_j (cell size b=N/2^j ), _ B∈B_j _ i∈ B P_ ii = _ i∈ B P_ ii = m N |B| = m 2^j . Equivalently, trace_bound_j(U)=m/2^j ."
P023-C0009,CLAIM,P023,corollary,THEOREM_GRADE,"Exact symmetry yields an anti-localization bound: Assume U is shift-invariant. Then for every j , _j(U) trace_bound_j(U) = m 2^j . In particular, along any refinement ladder where m_j/2^j → 0 , we have _j(U_j)→ 0 ."
P023-C0010,CLAIM,P023,lemma,THEOREM_GRADE,"Diagonal extreme bounds: Let b = |B| = N/2^j . Then trace_bound_j(U) b \|p\|_∈fty, trace_bound_j(U) _ =1 ^ b p_ ( ) , where p_ (1) p_ (2) p_ (N) are the diagonal entries sorted in decreasing order."
P023-C0011,CLAIM,P023,lemma,THEOREM_GRADE,"L^2 diagonal dispersion bound: For every cell B of size b , _ i∈ B p_i bmu + b \|p-mu\|_2. Consequently, trace_bound_j(U) m 2^j + N 2^j Bigl\|diag(P) - m N 1Bigr\|_2."
P023-C0012,CLAIM,P023,nonclaim,EXPLICIT_NONCLAIM,We emphasize that we do not claim a general theorem of the form ``small symmetry defect implies approximately constant diagonal'' without additional hypotheses
P023-C0013,CLAIM,P023,theorem,THEOREM_GRADE,"Conditioning controls cancellation-based localization (informal): Fix a support S with |S| s . For any nonzero v=D_S a , _ B∈B_j \|v_B\|_2^2 \|v\|_2^2 _ B∈B_j \|D_ S,B \|_ op ^2 sigma_ (D_S)^2 . In particular, if sigma_ (D_S) >0 for all |S| s and each atom ha…"
P023-C0014,CLAIM,P023,lemma,THEOREM_GRADE,"Sparse conditioning bound: Fix a support S with |S| s and a nonzero feasible vector v=D_S a . Then for every depth j , _ B∈B_j \|v\|_B^2 \|v\|_2^2 _ B∈B_j \|D_ S,B \|_ op ^2 sigma_ (D_S)^2 . In particular, using the crude bound \|D_ S,B \|_ op ^2 s _ k∈ S \|d…"
P023-C0015,CLAIM,P023,lemma,THEOREM_GRADE,"Inclusion monotonicity: If U ⊆ V , then _j(U) _j(V) . In particular, for every route r , _j(U_ j,r ) _j(U_ j,union )."
P023-C0016,CLAIM,P023,theorem,THEOREM_GRADE,"Route-union ledger implies anti-localization for all routes: Assume along a refinement ladder j→∈fty that the union capacity in tends to 0 . Then for every route r , _j(U_ j,r ) → 0 ."
P023-C0017,CLAIM,P023,theorem,THEOREM_GRADE,"Gap case: uniqueness implies route stability: If the top- m_1 eigenspace of A is uniquely defined by an eigen-gap at the cutoff, then the sequential Rayleigh–Ritz route equals the direct route: P_ seq = P_ direct = P_ m_1 (A)."
P023-C0018,CLAIM,P023,nonclaim,EXPLICIT_NONCLAIM,"We do not claim that all packaging families admit such a canonicalizer, nor that canonicalization is unique"
P023-C0019,CLAIM,P023,theorem,THEOREM_GRADE,"Degenerate case with canonical tie-break: Define Pkg_ can (A,m) to be spectral packaging with a canonical tie-break inside any near-degenerate cutoff block (e.g.\ select the m -subspace minimizing a symmetry-defect proxy). Then for all m_1<m_2 , the sequentia…"
P023-C0020,CLAIM,P023,result_summary,NAMED_RESULT_OR_GATE_SURFACE,A conditional anti-localization theorem via capacities: We now state the main conditional result of the paper. It is intentionally formulated as a capacity theorem: anti-localization follows whenever a small collection of auditable capacity terms vanishes alo…
P023-C0021,CLAIM,P023,result_summary,NAMED_RESULT_OR_GATE_SURFACE,"Conditional theorem: capacity vanishing implies anti-localization: On dictionary-based feasibility layers, a proof-friendly cancellation-resistance hypothesis is a uniform lower bound on _s(D_j) (restricted smallest singular value on supports of size s ), tog…"
P023-C0022,CLAIM,P023,theorem,THEOREM_GRADE,"Capacity functional implies anti-localization: Fix a refinement ladder j→∈fty . (Subspace artifact) If U_j is the feasible subspace at depth j and Cap_ sym (j)→ 0 , then _j(U_j)→ 0 . (Dictionary feasibility) If feasibility at depth j is s -sparse synthesis in…"
P023-C0023,CLAIM,P023,open_problem,OPEN_PROBLEM_OR_DEFERRED_WORK,Discussion and future work
P034-C0001,CLAIM,P034,paper_thesis,PAPER_STATED_COMPOSITE_RESULT,"Formal incompleteness explains why no sufficiently expressive effective theory captures all arithmetic truth, but it does not by itself provide a structural language for comparing theory growth. This paper develops such a language by treating a formal theory…"
P034-C0002,CLAIM,P034,nonclaim,EXPLICIT_NONCLAIM,"Vendor-backed PICA evidence is used only to discipline primitive roles and scope, not as proof support."
P034-C0003,CLAIM,P034,scope_boundary,SCOPE_OR_LIMITATION_RECORD,"Vendor-backed PICA evidence is used only to discipline primitive roles and scope, not as proof support."
P034-C0004,CLAIM,P034,scope_boundary,SCOPE_OR_LIMITATION_RECORD,"Its arithmetic lift is conditional on an explicit, finite external dependency contract."
P034-C0005,CLAIM,P034,result_summary,NAMED_RESULT_OR_GATE_SURFACE,Primitive roles and theorem objects: This section fixes the abstract objects used throughout the theorem route. The aim is to surface the mathematical setup in the body of the paper rather than leaving it implicit in prose or externalized into Lean alone. The…
P034-C0006,CLAIM,P034,prose_definition,PROSE_DEFINITION,"Definition (closure package). A closure package is a pair pkg=(X,op) where op: X→ X is idempotent: op(op(x))=op(x) for all x∈ X. The package is the theorem-track realization of the fixed P5 object. When the package is held fixed, repeated application of op re…"
P034-C0007,CLAIM,P034,prose_definition,PROSE_DEFINITION_SECTION,"Definition (closure package).: A closure package is a pair pkg=(X,op) where op: X→ X is idempotent: op(op(x))=op(x) for all x∈ X. The package is the theorem-track realization of the fixed P5 object. When the package is held fixed, repeated application of op r…"
P034-C0008,CLAIM,P034,prose_definition,PROSE_DEFINITION,"Definition (persistent growth witness). Let pkg=(X,op) be a closure package. A point x∈ X is a persistent growth witness for pkg if there exists n 1 such that op^ [n+1] (x)≠ op^ [n] (x), where op^ [m] denotes the m -fold iterate of op ."
P034-C0009,CLAIM,P034,prose_definition,PROSE_DEFINITION_SECTION,"Definition (persistent growth witness).: Let pkg=(X,op) be a closure package. A point x∈ X is a persistent growth witness for pkg if there exists n 1 such that op^ [n+1] (x)≠ op^ [n] (x), where op^ [m] denotes the m -fold iterate of op . This is the internal…"
P034-C0010,CLAIM,P034,prose_definition,PROSE_DEFINITION,"Definition (package change). Given two closure packages pkg=(X,op), pkg'=(X,op'), a package change from pkg to pkg' is any replacement for which op≠ op' as endomaps on X . A package-change witness is a point x∈ X such that op(x)≠ op'(x). The present paper doe…"
P034-C0011,CLAIM,P034,prose_definition,PROSE_DEFINITION_SECTION,"Definition (package change).: Given two closure packages pkg=(X,op), pkg'=(X,op'), a package change from pkg to pkg' is any replacement for which op≠ op' as endomaps on X . A package-change witness is a point x∈ X such that op(x)≠ op'(x). The present paper do…"
P034-C0012,CLAIM,P034,prose_definition,PROSE_DEFINITION,"Definition (frozen slice). A frozen slice s on E consists of: s=(Y_s,K_s,C_s), where Y_s : E→ R, K_s : E→ R, and C_s ⊆ X. Here Y_s is the yield functional, K_s is the cost functional, and C_s is the support cone of the slice. The frozen slice is the theorem-t…"
P034-C0013,CLAIM,P034,prose_definition,PROSE_DEFINITION_SECTION,"Definition (frozen slice).: A frozen slice s on E consists of: s=(Y_s,K_s,C_s), where Y_s : E→ R, K_s : E→ R, and C_s ⊆ X. Here Y_s is the yield functional, K_s is the cost functional, and C_s is the support cone of the slice. The frozen slice is the theorem-…"
P034-C0014,CLAIM,P034,prose_definition,PROSE_DEFINITION,Definition (comparison domain). A comparison domain is a subset D⊆ E of operators admissible for comparison on the frozen slice s . The paper keeps D explicit because efficiency claims are always relative both to a ledger and to a chosen admissible domain.
P034-C0015,CLAIM,P034,prose_definition,PROSE_DEFINITION_SECTION,Definition (comparison domain).: A comparison domain is a subset D⊆ E of operators admissible for comparison on the frozen slice s . The paper keeps D explicit because efficiency claims are always relative both to a ledger and to a chosen admissible domain.
P034-C0016,CLAIM,P034,prose_definition,PROSE_DEFINITION,"Definition (frontier dominance). Let s=(Y_s,K_s,C_s) be a frozen slice and let e,f∈ D . One says that e dominates f on s , written FrontierDominates_s(e,f), if Y_s(e) Y_s(f), K_s(e) K_s(f), and at least one of these inequalities is strict."
P034-C0017,CLAIM,P034,prose_definition,PROSE_DEFINITION,"Definition (frontier efficiency). An operator e∈ D is frontier-efficient on the frozen slice s , written FrontierEfficient_ s,D (e), if there is no g∈ D such that FrontierDominates_s(g,e) ."
P034-C0018,CLAIM,P034,prose_definition,PROSE_DEFINITION_SECTION,"Definition (frontier efficiency).: An operator e∈ D is frontier-efficient on the frozen slice s , written FrontierEfficient_ s,D (e), if there is no g∈ D such that FrontierDominates_s(g,e) . These definitions give body-level mathematical form to the dominance…"
P034-C0019,CLAIM,P034,prose_definition,PROSE_DEFINITION,"Definition (agreement on a cone). Let C⊆ X , and let e,f∈ E . One says that e and f agree on the cone C , written AgreeOnCone_C(e,f), if e(x)=f(x) for all x∈ C."
P034-C0020,CLAIM,P034,prose_definition,PROSE_DEFINITION,"Definition (slice invariance on a cone). A frozen slice s=(Y_s,K_s,C_s) is invariant on its cone if for all e,f∈ E , AgreeOnCone_ C_s (e,f) implies Y_s(e)=Y_s(f)\ and \ K_s(e)=K_s(f). This is the theorem-track content of SliceInvariantOnCone . It says that th…"
P034-C0021,CLAIM,P034,prose_definition,PROSE_DEFINITION_SECTION,"Definition (slice invariance on a cone).: A frozen slice s=(Y_s,K_s,C_s) is invariant on its cone if for all e,f∈ E , AgreeOnCone_ C_s (e,f) implies Y_s(e)=Y_s(f)\ and \ K_s(e)=K_s(f). This is the theorem-track content of SliceInvariantOnCone . It says that t…"
P034-C0022,CLAIM,P034,prose_definition,PROSE_DEFINITION,Definition (canonical representative family). A canonical representative family is a distinguished subset K⊆ E. In the internal theory this family is abstract. In the later arithmetic reading it is interpreted through the external contract as the intended con…
P034-C0023,CLAIM,P034,prose_definition,PROSE_DEFINITION_SECTION,Definition (canonical representative family).: A canonical representative family is a distinguished subset K⊆ E. In the internal theory this family is abstract. In the later arithmetic reading it is interpreted through the external contract as the intended co…
P034-C0024,CLAIM,P034,prose_definition,PROSE_DEFINITION,"Definition (representative alignment target). Let s=(Y_s,K_s,C_s) be a frozen slice, let D⊆ E be a comparison domain, let K⊆ E be a canonical representative family, and let e∈ D . One says that e satisfies the representative alignment target relative to (s,D,…"
P034-C0025,CLAIM,P034,prose_definition,PROSE_DEFINITION_SECTION,"Definition (representative alignment target).: Let s=(Y_s,K_s,C_s) be a frozen slice, let D⊆ E be a comparison domain, let K⊆ E be a canonical representative family, and let e∈ D . One says that e satisfies the representative alignment target relative to (s,D…"
P034-C0026,CLAIM,P034,result_summary,NAMED_RESULT_OR_GATE_SURFACE,"Primitive roles in the theorem setup: With the definitions now in place, the primitive-role assignment used by the paper can be stated without ambiguity. P5 is the fixed-package object: it appears here as the closure package pkg=(X,op) . The base theorem conc…"
P034-C0027,CLAIM,P034,proposition,THEOREM_GRADE,"One-step saturation: Let pkg=(X,op) be a closure package. Then for every x∈ X and every n∈ N , op^ [n+1] (x)=op(x). Equivalently, once the fixed package has acted once, further self-iteration does not move the result any farther."
P034-C0028,CLAIM,P034,theorem,THEOREM_GRADE,"No persistent growth in a frozen package: Let pkg=(X,op) be a closure package and let x∈ X . Then x is not a persistent growth witness for pkg ."
P034-C0029,CLAIM,P034,result_summary,PAPER_STATED_RESULT_SUMMARY,"Theorem is negative: a fixed package cannot itself sustain persistent growth. The bridge theorem turns that negative fact into a positive structural principle. If a genuine persistent growth witness is present, then one is no longer in the regime of a single…"
P034-C0030,CLAIM,P034,theorem,THEOREM_GRADE,"Strict growth requires package change: Suppose a persistent growth witness is claimed for what is being treated as a single fixed closure package. Then the fixed-package description fails. Equivalently, any genuine persistent strict-growth witness forces pack…"
P034-C0031,CLAIM,P034,definition,DEFINITION,"Frozen slice: A frozen slice is a triple s=(Y_s,K_s,C_s), where Y_s: E→R, K_s: E→R, and C_s⊆ X. The functions Y_s and K_s are the yield and cost functionals of the slice, and C_s is its support cone."
P034-C0032,CLAIM,P034,definition,DEFINITION,"Frontier dominance: Let s=(Y_s,K_s,C_s) be a frozen slice, and let e,f∈ D . One says that e dominates f on s , written FrontierDominates_s(e,f), if Y_s(e) Y_s(f), K_s(e) K_s(f), and at least one of these inequalities is strict."
P034-C0033,CLAIM,P034,definition,DEFINITION,"Frontier efficiency: Let s be a frozen slice and let D⊆ E . An operator e∈ D is frontier-efficient on s , written FrontierEfficient_ s,D (e), if there is no g∈ D such that FrontierDominates_s(g,e) ."
P034-C0034,CLAIM,P034,definition,DEFINITION,"Agreement on the support cone: Let C⊆ X , and let e,f∈E . One says that e and f agree on the cone C , written AgreeOnCone_C(e,f), if e(x)=f(x) for all x∈ C."
P034-C0035,CLAIM,P034,definition,DEFINITION,"Slice invariance on the cone: A frozen slice s=(Y_s,K_s,C_s) is invariant on its cone if for all e,f∈E , AgreeOnCone_ C_s (e,f) implies Y_s(e)=Y_s(f)\ and \ K_s(e)=K_s(f)."
P034-C0036,CLAIM,P034,proposition,THEOREM_GRADE,"Dominance is stable under cone-equivalent replacement: Let s=(Y_s,K_s,C_s) be a frozen slice, let D⊆ E , and let e,f,f'∈ D . Assume: FrontierDominates_s(e,f) , AgreeOnCone_ C_s (f,f') , s is invariant on its cone. Then FrontierDominates_s(e,f')."
P034-C0037,CLAIM,P034,theorem,THEOREM_GRADE,"Efficiency transfers to a cone-equivalent representative: Let s=(Y_s,K_s,C_s) be a frozen slice, let D⊆ E , and let e,e'∈ D . Assume: FrontierEfficient_ s,D (e) , AgreeOnCone_ C_s (e,e') , s is invariant on its cone. Then FrontierEfficient_ s,D (e')."
P034-C0038,CLAIM,P034,result_summary,PAPER_STATED_RESULT_SUMMARY,"Theorem is the key comparative transfer result. It shows that efficiency belongs, on a frozen slice, not to an arbitrary syntactic representative but to the cone-equivalence class that the slice can actually see."
P034-C0039,CLAIM,P034,definition,DEFINITION,"Representative alignment target: Let s=(Y_s,K_s,C_s) be a frozen slice, let D⊆E , let K⊆ D , and let e∈ D . One says that e satisfies the representative alignment target relative to (s,D,K) if there exists c∈ K such that AgreeOnCone_ C_s (e,c)."
P034-C0040,CLAIM,P034,lemma,THEOREM_GRADE,"Restricted alignment: Let s=(Y_s,K_s,C_s) be a frozen slice, let D⊆ E , let K⊆ D , and let e∈ D . Assume: FrontierEfficient_ s,D (e) , e satisfies the representative alignment target relative to (s,D,K) , s is invariant on its cone. Then there exists c∈K such…"
P034-C0041,CLAIM,P034,nonclaim,EXPLICIT_NONCLAIM,"It does not claim that every efficient object is globally identical to a canonical representative, nor that every possible ledger collapses to the same family."
P034-C0042,CLAIM,P034,result_summary,NAMED_RESULT_OR_GATE_SURFACE,"Main conditional theorem: [Conditional arithmetic lift] Assume (A1) – (A6) . If FrontierEfficient_ s,D (e), then there exists c∈ K such that ArithmeticCanonicalityTarget(s,D,C_s,K,c). [Proof sketch] The proof has three layers."
P034-C0043,CLAIM,P034,theorem,CONDITIONAL_THEOREM,"Conditional arithmetic lift: Assume (A1) – (A6) . If FrontierEfficient_ s,D (e), then there exists c∈ K such that ArithmeticCanonicalityTarget(s,D,C_s,K,c)."
P034-C0044,CLAIM,P034,remark,INTERPRETIVE_REMARK,"Intended arithmetic reading: Under assumption (A7) , the designated family K is read as the relevant consistency/reflection progression family. Theorem then says that, under the explicit external contract, a frontier-efficient recursive monotone extension ope…"
P034-C0045,CLAIM,P034,result_summary,NAMED_RESULT_OR_GATE_SURFACE,"Boundary of the theorem: Theorem is the theorem-bearing summit of the paper. It is conditional, not unconditional. It does not claim a global canonical-collapse theorem, and it does not assert that every possible ledger or support regime selects the same repr…"
P034-C0046,CLAIM,P034,nonclaim,EXPLICIT_NONCLAIM,"It does not claim a global canonical-collapse theorem, and it does not assert that every possible ledger or support regime selects the same representative family."
P034-C0047,CLAIM,P034,nonclaim,EXPLICIT_NONCLAIM,It does not prove the package-change bridge theorem. It does not prove the restricted alignment lemma.
P034-C0048,CLAIM,P034,result_summary,NAMED_RESULT_OR_GATE_SURFACE,"Why the paper is theorem-led conditional rather than hybrid-led: The proof-carrying core of the manuscript is already visible in Sections – . Those sections define the theorem objects, state the internal theorem ladder, and culminate in the conditional arithm…"
P034-C0049,CLAIM,P034,nonclaim,EXPLICIT_NONCLAIM,The paper does not prove an unconditional global canonicality theorem.
P034-C0050,CLAIM,P034,nonclaim,EXPLICIT_NONCLAIM,The paper also does not claim that the full Six-Birds or PICA interaction space has been reduced to one theorem-bearing summary.
P034-C0051,CLAIM,P034,result_summary,NAMED_RESULT_OR_GATE_SURFACE,"What the theorem does license: The main theorem of the paper is therefore the conditional theorem of Section , not an unrestricted canonicality claim. With the preceding exclusions in place, the positive scope of the paper is clear. The manuscript proves that…"
P034-C0052,CLAIM,P034,result_summary,NAMED_RESULT_OR_GATE_SURFACE,Internal theorem inventory: This appendix serves as an inventory and Lean map for the in-house theorem package used in the body. It does not restate the theorem sections. Its purpose is documentary: to show which theorem surfaces belong to the internal ladder…
P034-C0053,CLAIM,P034,nonclaim,EXPLICIT_NONCLAIM,This appendix records the claims that remain outside the scope of the manuscript.
P034-C0054,CLAIM,P034,nonclaim,EXPLICIT_NONCLAIM,The paper does not prove an unconditional global canonicality theorem.
P034-C0055,CLAIM,P034,nonclaim,EXPLICIT_NONCLAIM,The paper does not claim to have internally discharged the full arithmetic literature boundary.
P053-C0001,CLAIM,P053,paper_thesis,PAPER_STATED_COMPOSITE_RESULT,"The Zermelo–Fraenkel axioms are usually presented as a flat list, adopted because they work. We show that the list factors, theorem by theorem, through a single staged construction discipline—packaging under a membership lens, audited by rank. We then read, a…"
P053-C0002,CLAIM,P053,nonclaim,EXPLICIT_NONCLAIM,"We make no consistency claims, claim no new independence results, and treat every infinitary commitment as a named, priced hypothesis."
P053-C0003,CLAIM,P053,result_summary,NAMED_RESULT_OR_GATE_SURFACE,"Results: We carry this out concretely, over the hereditarily finite sets HF , where everything is finite and checkable, and then lift the picture to the infinite by an explicit set of commitments."
P053-C0004,CLAIM,P053,result_summary,NAMED_RESULT_OR_GATE_SURFACE,"The first purchase (S ).: We prove that no finitely generated completion rule, iterated from any hereditarily finite seed, contains an inductive object (Theorem ). Infinity is therefore not a stronger way of iterating; it is a package change. This is the satu…"
P053-C0005,CLAIM,P053,result_summary,NAMED_RESULT_OR_GATE_SURFACE,"The shadow (S ).: We show that the staging the construction makes explicit is recoverable from the flat membership structure alone: rank is uniformly first-order definable over (HF,∈) , and the two-sorted staged presentation and its one-sorted shadow prove th…"
P053-C0006,CLAIM,P053,nonclaim,EXPLICIT_NONCLAIM,"and so on), and an explicit non-claim register."
P053-C0007,CLAIM,P053,nonclaim,EXPLICIT_NONCLAIM,We do not claim that ZFC is the unique or most natural promoted set layer—the continuum-hypothesis instance is precisely an argument that it is not.
P053-C0008,CLAIM,P053,convention,DEFINITIONAL_CONSTRUCTION,"Theory package: A theory package is a tuple (Z, f, E, A) consisting of a carrier Z ; a lens f: Z→ X recording what an observer sees of a carrier object (its definability content is the family of predicates constant on the fibers of f ); a completion (or packa…"
P053-C0009,CLAIM,P053,definition,DEFINITION,"Finite membership presentations: A finite pointed membership presentation is a triple P=(V,→,v) where V is a finite set of nodes, → ⊆ V× V is acyclic, and v∈ V is a distinguished point. We read u→ w as `` w is a member-candidate of u ,'' and write Ch_P(u):=\…"
P053-C0010,CLAIM,P053,definition,DEFINITION,"The membership lens: For P=(V,→,v) define the decoration _P: V→HF by well-founded recursion, _P(u) := \ _P(w): w∈Ch_P(u)\ , and set the lens f: Z→HF , f(P):= _P(v) . We call f the membership-profile lens. The term decoration follows the graph-decoration viewp…"
P053-C0011,CLAIM,P053,lemma,THEOREM_GRADE,"Decoration is well posed; in-house: For every P∈ Z the decoration _P is uniquely defined, and f(P)∈HF ."
P053-C0012,CLAIM,P053,definition,DEFINITION,"The packaging map and the canonical presentation: For a∈HF let C(a):=(TC(\ a\ ),∈,a) be the canonical presentation of a (nodes are the members of the transitive closure of \ a\ , edges are membership, point is a ). The packaging map is E: Z→ Z, E(P):=C(f(P))."
P053-C0013,CLAIM,P053,definition,DEFINITION,"The rank audit: The audit is A=rho with rho(P):=rank(f(P)) , and for a node u , rho_P(u):=rank( _P(u)) ."
P053-C0014,CLAIM,P053,lemma,THEOREM_GRADE,"Lens equivalence; in-house: Define P Q iff f(P)=f(Q) . Then is an equivalence relation; each class contains the canonical presentation C(f(P)) of its profile, with f(C(a))=a ; and on rooted extensional presentations Rooted: every node is reachable from the po…"
P053-C0015,CLAIM,P053,remark,INTERPRETIVE_REMARK,"What the lens forgets: Lemma says precisely that the extensional identification is a genuine quotient of presentation volume: node names, the multiplicity of a presentation route, and graph shape above a fixed profile are hidden volume for this instrument. Tw…"
P053-C0016,CLAIM,P053,lemma,THEOREM_GRADE,"Audit monotonicity; in-house: If u→ w in P , then rho_P(w)<rho_P(u) ; equivalently, for a∈HF and b∈ a , rank(b)<rank(a) ."
P053-C0017,CLAIM,P053,theorem,THEOREM_GRADE,"Mostowski collapse is packaging; in-house: The packaging map E: Z→ Z of Definition is idempotent, and Fix(E) = im(E) = \ C(a): a∈HF\ . The restricted lens f (E): Fix(E)→HF is a bijection, with inverse a↦ C(a) . Writing i:Fix(E) Z for the inclusion and r: Z→Fi…"
P053-C0018,CLAIM,P053,remark,INTERPRETIVE_REMARK,The construction already in use: Theorem is not merely analogous to how set theory is formally built; it is that construction. The standard mechanized development of the set-theoretic universe [] Mathlib2020 defines a set as an equivalence class of pre-sets—f…
P053-C0019,CLAIM,P053,remark,INTERPRETIVE_REMARK,"Finite Mostowski: On rooted extensional presentations E is an isomorphism (Lemma ); in general it collapses. Concretely, the three-node presentation with root over two distinct childless nodes has profile \ \ and is packaged to the two-node C(\ \ ) : a genuin…"
P053-C0020,CLAIM,P053,definition,DEFINITION,"The finite packaging operator: For A⊆HF let F(A):= \ \ A \ \ a,b\ :a,b∈ A\ _ pairing (P5) \ a:a∈ A\ _ flattening (P5) \ S:S⊆ a,\ a∈ A\ _ gating (P2) \ h[a]:a∈ A,\ h: a→ A\ _ transport (P1) , where h[a]=\ h(t):t∈ a\ . In A_FIN every gate S⊆ a and every transpo…"
P053-C0021,CLAIM,P053,lemma,THEOREM_GRADE,"cl_F is a closure operator; in-house: HF is F -closed, so for each A⊆HF the least F -closed superset cl_F(A)= \ B A: F(B)⊆ B\ exists, and cl_F is a closure operator in the order-theoretic sense—extensive, monotone, and idempotent . No choice principle is used…"
P053-C0022,CLAIM,P053,lemma,THEOREM_GRADE,"Finite collection; in-house: If A is F -closed and a_1, ,a_n∈ A , then \ a_1, ,a_n\ ∈ A ."
P053-C0023,CLAIM,P053,theorem,THEOREM_GRADE,HF is the saturation point of finite packaging; in-house: cl_F( )=HF .
P053-C0024,CLAIM,P053,corollary,THEOREM_GRADE,"Finite power sets are reachable; in-house: For a∈HF , P(a)∈HF and P(a)∈cl_F( ) : each S⊆ a enters by the gate clause, and P(a) , a finite collection of such, enters by Lemma ."
P053-C0025,CLAIM,P053,theorem,THEOREM_GRADE,"(HF,∈) satisfies ZF without Infinity; in-house: The structure (HF,∈) satisfies Extensionality, the Empty set, Pairing, Union, Power set, the full Separation schema, the full Replacement schema, and Foundation, and it satisfies the negation of Infinity."
P053-C0026,CLAIM,P053,remark,INTERPRETIVE_REMARK,"(HF,∈) is the classical V_ omega model of ZF-Infinity+ , bi-interpretable with Peano arithmetic via Ackermann coding ; the proof above is self-contained at the finite tier, and the classical identification is corroboration, not support."
P053-C0027,CLAIM,P053,theorem,THEOREM_GRADE,"Finite rank-audit equivalence; in-house: For a finite directed graph G=(V,→) the following are equivalent: 0pt G is acyclic (no directed cycle, including no self-loop); there is an audit rho: V→ N strictly decreasing along edges: u→ w implies rho(w)<rho(u) ;…"
P053-C0028,CLAIM,P053,corollary,THEOREM_GRADE,"in-house: On the canonical presentation C(a) the rank is a strictly decreasing audit (Lemma ), so by Theorem every nonempty b⊆TC(\ a\ ) has an ∈ -minimal element. Foundation is the audit-exactness certificate of the staged instrument: the membership instrumen…"
P053-C0029,CLAIM,P053,remark,INTERPRETIVE_REMARK,"Foundation is not metaphysics: Theorem reframes the no-self-membership rule as a certificate that a staging discipline is in force, not as a fact about an antecedently given universe. Membership graphs with cycles—the one-node self-loop x=\ x\ , the two-cycle…"
P053-C0030,CLAIM,P053,result_summary,PAPER_STATED_RESULT_SUMMARY,"Theorem left exactly one ZF axiom out of the free column: Infinity. We now show this is not an accident of bookkeeping but a theorem. The boundary of the free part is sharp from the inside: no fixed finite packaging rule, however many times it is iterated fro…"
P053-C0031,CLAIM,P053,definition,DEFINITION,Finitely generated completion rule: An operator G on families of sets is a completion rule if A⊆ G(A) always. It is finitely generated if every x∈ G(A) A is a finite set with x ⊆ A _ a∈ A TC(a).
P053-C0032,CLAIM,P053,lemma,THEOREM_GRADE,"The packaging operator is finitely generated; in-house: The operator F of Definition , extended to arbitrary families with the side conditions that the union, gate, and transport outputs be finite, is finitely generated and agrees with F on every A⊆HF (where…"
P053-C0033,CLAIM,P053,lemma,THEOREM_GRADE,"HF -stability; in-house: If G is finitely generated and A⊆HF , then G(A)⊆HF . Hence every finite iterate G^n(A_0) of an HF -seed stays in HF , as does every stage of the omega -sequence A_ n+1 =G(A_n) ."
P053-C0034,CLAIM,P053,theorem,THEOREM_GRADE,No finitely generated iteration attains an inductive object; in-house: Let G be any finitely generated completion rule and A_0⊆HF any seed. Then: 0pt no finite iterate A_n=G^n(A_0) contains an inductive set as an element; if G is additionally idempotent (a cl…
P053-C0035,CLAIM,P053,corollary,THEOREM_GRADE,The first purchase; in-house: The passage from HF to any family containing an inductive set is strict and unreachable by iterating any finitely generated completion rule from any HF seed. Admitting omega is a package change: the new content is not obtainable…
P053-C0036,CLAIM,P053,remark,INTERPRETIVE_REMARK,"The saturation half of the dichotomy: Corollary is one instance of a general anti-laddering discipline: a fixed completion under a bounded generation budget cannot produce unbounded object growth by self-iteration. Read against incompleteness, the resonance i…"
P053-C0037,CLAIM,P053,definition,DEFINITION,"Staged structure and rank-erasure: Let L_2 be the two-sorted language with sorts SET and STAGE , a relation ∈ on sets, a relation < on stages, and a function st:SET→ STAGE . The canonical finite staged structure is M_2:=(HF;\ Ord_ fin ;\ ∈;\ <;\ st=rank), wit…"
P053-C0038,CLAIM,P053,result_summary,NAMED_RESULT_OR_GATE_SURFACE,"Rank is first-order recoverable: We show that the erased data—the stage sort, its order, and the staging map—is first-order definable over the shadow M_1 . [Finite ordinals are definable; in-house ] The \ ∈\ -formula Ord(u): (u) _∈(u) (`` u is transitive and…"
P053-C0039,CLAIM,P053,lemma,THEOREM_GRADE,"Finite ordinals are definable; in-house: The \ ∈\ -formula Ord(u): (u) _∈(u) (`` u is transitive and linearly ordered by ∈ '') defines, over (HF,∈) , exactly the finite von Neumann ordinals."
P053-C0040,CLAIM,P053,theorem,THEOREM_GRADE,"Rank is definable; in-house: There is an \ ∈\ -formula R(x,r) such that, over (HF,∈) , R(x,r) holds iff r=rank(x) ."
P053-C0041,CLAIM,P053,theorem,THEOREM_GRADE,"Rank-erasure translation; in-house: There is an effective translation Phi↦Phi^ from L_2 -sentences to \ ∈\ -sentences with M_2 Phi Longleftrightarrow M_1 Phi^ . Consequently the rank-erasure is lossless: the shadow (HF,∈) determines the stage sort, the stage…"
P053-C0042,CLAIM,P053,remark,INTERPRETIVE_REMARK,"Why this matters, and a guard: Theorem licenses the one-sorted bookkeeping of the rest of the paper: when we speak of the membership shadow ``satisfying ZF ,'' no staging content has been silently dropped. It also explains why ZFC can afford to be flat: the s…"
P053-C0043,CLAIM,P053,theorem,THEOREM_GRADE,"Choice is the cost of the lift; finite in-house , standard ZF equivalence: (Finite tier, A_FIN.) Every surjection f: Z→ X between finite sets admits a section, constructed without any choice principle (the least-index preimage); a section of f is the same dat…"
P053-C0044,CLAIM,P053,corollary,THEOREM_GRADE,"C-SEL price; finite in-house , standard ZF equivalence: C-SEL, read as canonical-lift existence for arbitrary fibered lenses, is equivalent over ZF to AC . The Axiom of Choice is therefore not an alien selector adjoined to the set layer; it is the license for…"
P053-C0045,CLAIM,P053,result_summary,NAMED_RESULT_OR_GATE_SURFACE,"The conditional shadow theorem: [Imports] The following are imported by name and not reproved: the transfinite recursion building the cumulative hierarchy V_0= , V_ alpha+1 =P(V_alpha) , V_lambda= _ beta <lambda V_beta ; the standard stagewise verification of…"
P053-C0046,CLAIM,P053,convention,DEFINITIONAL_CONSTRUCTION,"Imports: The following are imported by name and not reproved: the transfinite recursion building the cumulative hierarchy V_0= , V_ alpha+1 =P(V_alpha) , V_lambda= _ beta <lambda V_beta ; the standard stagewise verification of the ZF axioms in the cumulative…"
P053-C0047,CLAIM,P053,theorem,CONDITIONAL_THEOREM,"Conditional ZF(C) shadow; conditional: Assume C-INF, C-POW, C-REPL over the staged package layer, together with the imports of Convention . Then the rank-erased membership shadow of the staged hierarchy satisfies every axiom of ZF . If C-SEL is assumed in add…"
P053-C0048,CLAIM,P053,proposition,CONDITIONAL_THEOREM,"Per-commitment witnesses; mixed grades: (i, in-house ) Dropping C-INF: (HF,∈) satisfies the entire free column and Infinity (Theorem ). (ii, conditional ) Dropping C-REPL: V_ omega+omega satisfies Zermelo set theory but not Replacement , witnessed by the defi…"
P053-C0049,CLAIM,P053,remark,INTERPRETIVE_REMARK,"Proposition (i) deserves emphasis. It says the free/purchased boundary is not drawn by convenience: the structure that realizes the free column while negating the first purchase is HF itself, the saturation point of S . The receipt's first line below the fold…"
P053-C0050,CLAIM,P053,lemma,THEOREM_GRADE,"Meeting equivalences; in-house: For every total h : G_h D_g iff h g , hence h is non-definable from f iff G_h meets D_g for every definable g ; and G_h E_x iff h splits B_x , hence h splits every (non-singleton) block iff G_h meets every E_x , i.e.\ iff the r…"
P053-C0051,CLAIM,P053,theorem,THEOREM_GRADE,"Density defects; in-house: Let F( D)=\ p:no q p lies in D\ be the failure set of a family D . Then F(D_g)=\ g\ , F(E_x)=\ p:B_x⊆dom p,\ p B_x constant\ . That is, the only condition below which D_g fails to be dense is the total condition g itself, and E_x fa…"
P053-C0052,CLAIM,P053,theorem,THEOREM_GRADE,"The counting shadow; in-house: A uniformly random total h fails to meet some D_g (equivalently, is definable from f ) with probability exactly 2^ -(N-K) ; and it misses some E_x (is constant on some block) with probability at most _x 2^ 1-|B_x| ."
P053-C0053,CLAIM,P053,result_summary,PAPER_STATED_RESULT_SUMMARY,Theorem is the framework's finite forcing lemma: the rarity 2^ -(N-K) is exactly the measure of the density defect F(D_g)=\ g\ of Theorem . The lemma is not an analogy to forcing; it is the statistics of the same density families that forcing manipulates. To…
P053-C0054,CLAIM,P053,corollary,THEOREM_GRADE,"Infinite-domain contrast; in-house: Over an infinite index set with finite conditions, F(D_g)= for every g , and F(E_A)= for every infinite block A (a finite block retains its constant-condition defect). Thus the D -families and the infinite-block E -families…"
P053-C0055,CLAIM,P053,definition,DEFINITION,"The ground model as lens: Read M as a lens by its definability content Sig_M:=2^omega M , the M -coded predicates on omega . This is the infinitary counterpart of the finite definable family: where the finite lens has 2^K definable predicates among 2^N , the…"
P053-C0056,CLAIM,P053,lemma,THEOREM_GRADE,"Sig_M is a coarse lens; in-house , under J1: Sig_M is countable, while 2^omega is uncountable; so M sees only countably many reals."
P053-C0057,CLAIM,P053,lemma,THEOREM_GRADE,"Generics exist; in-house Rasiowa–Sikorski, under J1: For every p∈P there is a filter G p meeting every dense D∈ M . (Classically this is the Rasiowa–Sikorski lemma, ; we give the elementary diagonal construction for completeness.)"
P053-C0058,CLAIM,P053,theorem,CONDITIONAL_THEOREM,"Cohen genericity is non-definability; conditional , under J1, J2: Let G be P -generic over M and x_G:= G . Then x_G:omega→\ 0,1\ is total, x_G M , and x_G y for every y∈Sig_M . Moreover x_G splits every infinite M -coded block: for infinite A∈ M there are m,n…"
P053-C0059,CLAIM,P053,result_summary,PAPER_STATED_RESULT_SUMMARY,"Theorem is the bridge made precise: Cohen's adjoined real is undefinable in the ground model by the same density family as in the finite lemma, stretched over omega . The ground model is a lens; genericity is its blind spot."
P053-C0060,CLAIM,P053,theorem,NEGATIVE_RESULT_THEOREM,"Non-factorization; conditional , under J1: Let Gamma_M be the class of P -generics over M , with object maps pi_0(G):=M (constant: the ground lens cannot tell generics apart) and pi_1(G):=x_G . Then pi_1 does not factor through pi_0 : there is no with pi_1= p…"
P053-C0061,CLAIM,P053,corollary,CONDITIONAL_THEOREM,"Strict Cohen extension; conditional: Adjoining a Cohen generic is a strict theory extension of the ground package: the new object x_G is not in the ground lens (Theorem ) and is not a function of the ground object (Theorem ); by J2, M[G] is the classical pack…"
P053-C0062,CLAIM,P053,theorem,THEOREM_GRADE,"CH is lens-relative; model: The following classical facts are cited at strength, in relative-consistency form. (a) If ZF is consistent, so is ZFC+CH (the constructible inner-model packaging, ). (b) If ZF is consistent, so is ZFC+ (a generic-extension packagin…"
P053-C0063,CLAIM,P053,remark,INTERPRETIVE_REMARK,The set layer is not a unique package: Theorem is the positive form of one of our non-claims. We do not claim ZFC is the unique or canonical promoted set layer; the continuum hypothesis is precisely a place where two completions of the same substrate disagree…
P053-C0064,CLAIM,P053,proposition,THEOREM_GRADE,"Axiom base; in-house: Every mechanized theorem in the signed-off core depends, at most, on two of Lean's three classical axioms —propositional extensionality and quotient soundness. Several depend on no axioms at all. In particular, the third, the Axiom of Ch…"
P053-C0065,CLAIM,P053,result_summary,PAPER_STATED_RESULT_SUMMARY,"Proposition is more than hygiene. The paper claims that the Axiom of Choice is exactly the cost of the lift (Theorem , Corollary ); a verification of the finite lift relying on choice would be circular. It does not rely on it: the mechanized finite lift sets…"
P053-C0066,CLAIM,P053,nonclaim,EXPLICIT_NONCLAIM,What we do not claim. We do not claim ZFC is the unique or most natural promoted set layer.
P053-C0067,CLAIM,P053,open_problem,OPEN_PROBLEM_OR_DEFERRED_WORK,"The open questions are supposed to be open: On this reading the famous open questions lose their air of scandal. A foundation that grows by lawful extension must have undecided questions: they are the predicates not yet definable from the current lens, the pl…"
P053-C0068,CLAIM,P053,prose_definition,PROSE_DEFINITION_SECTION,Definitions and Gate Predicates: This appendix is a lookup table for terms that are used across several sections. It introduces no new mathematics; the controlling definitions remain the body definitions cited below.
P053-C0069,CLAIM,P053,prose_definition,PROSE_DEFINITION_SECTION,"Definitions: [style=multiline,leftmargin=!,labelwidth=0.31 ,labelsep=0.8em,itemsep=3pt] A carrier, lens, packaging endomap, and audit (Z,f,E, A) ; see Convention . In this paper the package is used only as an organizing instrument for set-theoretic constructi…"
P053-C0070,CLAIM,P053,result_summary,NAMED_RESULT_OR_GATE_SURFACE,"Gate Predicates: [style=multiline,leftmargin=!,labelwidth=0.31 ,labelsep=0.8em,itemsep=3pt] The finite-carrier regime. It licenses finite gates, finite transport, least-index sections, and finite diagnostics; it does not license any infinitary commitment. Adm…"
P053-C0071,CLAIM,P053,nonclaim,EXPLICIT_NONCLAIM,"The source of truth for theorem obligations is the contract and inventory in docs/spec/ , which fix the theorem statements, proof obligations, nonclaim boundaries, and grade ceilings."
P053-C0072,CLAIM,P053,result_summary,NAMED_RESULT_OR_GATE_SURFACE,"Lean Theorem Surfaces: [leftmargin=!,labelwidth=0.28 ,itemsep=3pt] Meeting equivalences and density-defect characterizations for the finite Cohen bridge. Recursive extensional equality, closure operations, and finite collection for the hereditarily finite lay…"
P053-C0073,CLAIM,P053,scope_boundary,SCOPE_OR_LIMITATION_RECORD,Extended Ledgers and Nonclaims: This appendix expands the short ledgers in the body. It is a consistency aid: the body remains the authoritative statement of theorems and assumptions.
P053-C0074,CLAIM,P053,scope_boundary,SCOPE_OR_LIMITATION_RECORD,"Complete Nonclaims Ledger: [leftmargin=!,labelwidth=0.28 ,itemsep=3pt] The finite tier reaches HF ; the infinitary axioms enter only as named purchases. Classical consistency and relative-consistency content remains in the cited literature. The forcing sectio…"
P053-C0075,CLAIM,P053,nonclaim,EXPLICIT_NONCLAIM,it does not assert an antecedent ontology of sets.
P046-C0001,CLAIM,P046,paper_thesis,PAPER_STATED_COMPOSITE_RESULT,"Many ``higher'' mathematical objects are introduced as definitions (limits, completions, analytic continuations), but it is often unclear when a large discrete protocol admits a stable continuous closure and how to test that stability without overclaiming. Th…"
P046-C0002,CLAIM,P046,nonclaim,EXPLICIT_NONCLAIM,We emphasize that this paper does not establish new theorems about or zero distributions
P046-C0003,CLAIM,P046,theorem,THEOREM_GRADE,[TeX-only statement; consult source_wording_tex.]
P046-C0004,CLAIM,P046,lemma,THEOREM_GRADE,[TeX-only statement; consult source_wording_tex.]
P046-C0005,CLAIM,P046,definition,DEFINITION,[TeX-only statement; consult source_wording_tex.]
P046-C0006,CLAIM,P046,nonclaim,EXPLICIT_NONCLAIM,"We show, in a self-dual toy family with a positivity constraint, that tightening feasibility can confine zeros to a symmetry locus—a pattern that motivates (but does not prove) ``passivity ledger'' interpretations of zero confinement."
P046-C0007,CLAIM,P046,remark,INTERPRETIVE_REMARK,"Six primitives (P1–P6), in framework language: Fix a space P of protocol objects (discrete descriptions) equipped with a refinement chain, modeled as a family of equivalences _j indexed by a stage parameter j (or, in analysis notation, by a step size h 0 ). W…"
P046-C0008,CLAIM,P046,schema,SCHEMA,"``A mathematics is A theory'': porting the theory-package schema: The framework packages an instantiation as a theory package: a carrier (micro) space, a lens of observation, a completion/packaging rule, and an audit/defect principle . For the mathematics ins…"
P046-C0009,CLAIM,P046,definition,DEFINITION,"Mathematics theory package: A mathematics theory package is a tuple T = (Z,\ f,\ Sigma_f,\ E,\ D) where: Z is a carrier of discrete protocol objects at a chosen stage (e.g.\ grid functions, truncated sums/products, finite compositions, Cauchy sequences of rat…"
P046-C0010,CLAIM,P046,remark,INTERPRETIVE_REMARK,"Slogan: The title phrase ``A mathematics is A theory'' is used in the following technical sense: to introduce a stable mathematical layer is to specify (i) what discrete protocol objects are being staged, (ii) what identifications are permitted under refineme…"
P046-C0011,CLAIM,P046,lemma,THEOREM_GRADE,"Finite-difference Leibniz identity: Let F be a field, let h∈ F with h≠ 0 , and let f,g:F→ F . Define delta_h f(x):=(f(x+h)-f(x))/h . Then for all x∈ F , delta_h(fg)(x) = delta_h f(x) g(x) + f(x) delta_h g(x) + h delta_h f(x) delta_h g(x)."
P046-C0012,CLAIM,P046,remark,INTERPRETIVE_REMARK,Machine-checked anchor: Lemma is formalized in Lean/mathlib in this repository as Diff.delta_mul_leibniz (file lean/Diff/FiniteDifference.lean) .
P046-C0013,CLAIM,P046,theorem,THEOREM_GRADE,"Derivations on R X are determined by D(X): Let R be a commutative semiring and let A:=R[X] be the polynomial ring. An R -derivation D:Derivation(R,A,A) is uniquely determined by its value on the indeterminate X∈ A . Equivalently, evaluation on X induces an R…"
P046-C0014,CLAIM,P046,remark,INTERPRETIVE_REMARK,"Machine-checked anchors: Theorem is formalized in Lean/mathlib in this repository as: Derivations.derivation_ext_X (uniqueness) and Derivations.polynomialDerivationEquiv (explicit R -linear equivalence), in file lean/Derivations/Polynomial.lean . The Lean typ…"
P046-C0015,CLAIM,P046,nonclaim,EXPLICIT_NONCLAIM,"It does not claim that Sym is ``the right'' packaging, nor that the observed blow-up has direct implications for the zero set of ."
P046-C0016,CLAIM,P046,result_summary,NAMED_RESULT_OR_GATE_SURFACE,"Interpretation: a diagnostic, not a theorem about: This exhibit is deliberately modest. It does not claim that Sym is ``the right'' packaging, nor that the observed blow-up has direct implications for the zero set of . Instead it instantiates the SBT logic: M…"
P046-C0017,CLAIM,P046,nonclaim,EXPLICIT_NONCLAIM,Interpretation and scope This toy is not a theorem and does not claim to reproduce the full hypotheses of classical zero-confinement results.
P046-C0018,CLAIM,P046,remark,INTERPRETIVE_REMARK,Artifact contract for reported numbers: All numeric values appearing in (i) the generated tables under tex/math_instantiation/generated/ and (ii) the macros imported from generated/macros.tex are generated from the snapshot-visible pointer JSON files in notes…
P046-C0019,CLAIM,P046,scope_boundary,SCOPE_OR_LIMITATION_RECORD,Limitations and guardrails: Several limitations are deliberate and should be understood as guardrails rather than omissions.
P046-C0020,CLAIM,P046,result_summary,NAMED_RESULT_OR_GATE_SURFACE,"Prime closure results are baseline, not analytic continuation.: Exhibit B-1 separates a convergence control regime from the critical strip and reports catastrophic mismatch for naive staging in the strip. This is consistent with classical domain-of-convergenc…"
P046-C0021,CLAIM,P046,nonclaim,EXPLICIT_NONCLAIM,The passivity toy illustrates a pattern—tightening a positivity constraint can confine zeros to a symmetry locus—but it does not claim generality.
P041-C0001,CLAIM,P041,paper_thesis,PAPER_STATED_COMPOSITE_RESULT,We present a reproducible computational framework—with Lean 4 mechanized proofs and deterministic Python simulations—that treats multi-scale model reduction as a closure-audit calculus: each ``physics theory'' is a packaging operator built from a lens (retain…
P041-C0002,CLAIM,P041,nonclaim,EXPLICIT_NONCLAIM,We do not derive continuum theories or prove analytic bounds
P041-C0003,CLAIM,P041,result_summary,NAMED_RESULT_OR_GATE_SURFACE,"Reminder: the three-certificate loop: The Six-Birds organizing picture is an iterative ``three-certificate'' loop: propose (Lens,Uf) , then check (i) closure coherence (section/idempotence), (ii) audit monotonicity (data processing), and (iii) route behavior…"
P041-C0004,CLAIM,P041,result_summary,NAMED_RESULT_OR_GATE_SURFACE,"Audit monotonicity: quantum DPI (numerical certificate): Quantum relative entropy S(rho\|sigma) is the canonical audit for distinguishability of quantum states. A foundational monotonicity principle states that for any CPTP map Phi , S(rho\|sigma) S(Phi(rho)\…"
P041-C0005,CLAIM,P041,scope_boundary,SCOPE_OR_LIMITATION_RECORD,"Discussion, limitations, and what breaks: This paper argues that several familiar ``theory transitions'' in physics can be fruitfully organized using the Six-Birds dictionary: a layer is specified by a lens Lens (what is retained), a completion Uf (how missin…"
P041-C0006,CLAIM,P041,nonclaim,EXPLICIT_NONCLAIM,"We do not claim to derive fluid models from particle mechanics, classicality from quantum theory, or backreaction corrections in GR."
P041-C0007,CLAIM,P041,scope_boundary,SCOPE_OR_LIMITATION_RECORD,"Domain-specific limitations: Each instantiation is intentionally minimal; this is a feature (clarity) and a limitation (fidelity). Quantum. Dephasing is a clean closure, but it is not ``the'' quantum-to-classical limit; basis choice matters, and semiclassical…"
P041-C0008,CLAIM,P041,scope_boundary,SCOPE_OR_LIMITATION_RECORD,this is a feature (clarity) and a limitation (fidelity).
P041-C0009,CLAIM,P041,open_problem,OPEN_PROBLEM_OR_DEFERRED_WORK,Connecting this to geometric averaging schemes is future work.
P040-C0001,CLAIM,P040,paper_thesis,PAPER_STATED_COMPOSITE_RESULT,"Many of the objects mathematics uses to solve problems do not live in the layer where the problem is posed. Imaginary numbers are not real, infinitesimals are not real scalars, roots of irreducible polynomials need not lie in the base field, and cohomology cl…"
P040-C0002,CLAIM,P040,nonclaim,EXPLICIT_NONCLAIM,"it does not assert that every promoted extension is useful, that hidden promoted objects are lower-layer content, or novelty for the classical constructions themselves."
P040-C0003,CLAIM,P040,scope_boundary,SCOPE_OR_LIMITATION_RECORD,The scope is intentionally narrow.
P040-C0004,CLAIM,P040,result_summary,NAMED_RESULT_OR_GATE_SURFACE,"Main claim and organization of results: The main claim is that, in finite typed audited promoted-use traces, strict mathematical usefulness—what we call Strict Audited Utility (SAU), formally defined in —forces hidden non-descent paired with audited boundary…"
P040-C0005,CLAIM,P040,scope_boundary,SCOPE_OR_LIMITATION_RECORD,"abstracts the shared shape into a typed profile skeleton and proves a transfer theorem: a profile validated in one case is portable to another under matching audit hypotheses, but the transfer remains conditional on target-side validation, so it does not iden…"
P040-C0006,CLAIM,P040,definition,DEFINITION,"Theory package: A theory package is a tuple T=(Z,f,Sigma_f,E, A), where Z is a carrier, f:Z→ O is a lens or interface, Sigma_f is the family of distinctions representable through f , E is a completion or packaging operation when one is present, and A is the i…"
P040-C0007,CLAIM,P040,definition,DEFINITION,"Instrument: An instrument is a finite typed record I=(vis_I,Theta_I,BridgePolicy_I,AuditPolicy_I, SourcePolicy_I, N_I), where vis_I partitions content into \ visible,suppressed,outside,unknown\ , Theta_I gives threshold rules, BridgePolicy_I gives admissible…"
P040-C0008,CLAIM,P040,nonclaim,EXPLICIT_NONCLAIM,"It records the problem, the candidates the layer is allowed to try, the kind of answer that would count, the defect by which a candidate is judged, the threshold for passing, and the surrounding nonclaim register."
P040-C0009,CLAIM,P040,definition,DEFINITION,"Lower problem profile: A lower problem profile is a tuple P_0=( T_0,I_0,P,Cand_0(P),Ans_0(P), delta_0,Theta_0, N_0), where T_0 is the lower theory package, I_0 is the lower instrument, P is the posed problem, Cand_0(P) is the class of lower-layer candidate an…"
P040-C0010,CLAIM,P040,definition,DEFINITION,"Lower-layer saturation: The lower problem profile P_0 is saturated, written Sat( P_0), when no candidate available at the fixed lower interface passes the problem threshold: s∈Cand_0(P), Eval_ Theta_0 (delta_0(s))≠pass. In exact zero-defect cases this is s∈Ca…"
P040-C0011,CLAIM,P040,definition,DEFINITION,"Accepted lower answer: An object a is an accepted lower answer to P , written a∈Ans_0(P), when a is visible or admissibly bridged under I_0 , passes the threshold Theta_0 , satisfies the source and audit policy of I_0 , and respects the lower nonclaim registe…"
P040-C0012,CLAIM,P040,definition,DEFINITION,"Promotion bridge: A promotion bridge from a lower theory package T_0 to a promoted theory package T_1 is a finite typed record B_ 0→1 =( T_0, T_1,I_B,S,q,pi_0,pi_1,U,C, G_B,A_B, L_B, N_B), where: I_B is the bridge instrument; S is the carrier of compared stat…"
P040-C0013,CLAIM,P040,open_problem,OPEN_PROBLEM_OR_DEFERRED_WORK,the formal set-theoretic definition is deferred to .
P040-C0014,CLAIM,P040,definition,DEFINITION,"Non-descending promoted structure: A promoted structure U is non-descending relative to (q,I_B) , written U _q, when the declared lower interface cannot accept U as a lower-layer object, operation, or claim. In exact update profiles this means delta^ split _1…"
P040-C0015,CLAIM,P040,result_summary,NAMED_RESULT_OR_GATE_SURFACE,"The SAU certificate: An audited descending expression is the return leg of a promoted computation. It says that, under a specific promotion bridge, the expression C(U) formed from the promoted datum U descends to a lower answer a^ , and that the bridge checks…"
P040-C0016,CLAIM,P040,definition,DEFINITION,"Audited descending expression: Let B_ 0→1 be a promotion bridge with promoted structure U and expression former C . The expression C(U) descends with audit to a lower answer a^ , written C(U) _ B a^ , when: C(U) has the profile-appropriate descent property, s…"
P040-C0017,CLAIM,P040,nonclaim,EXPLICIT_NONCLAIM,"A Strict Audited Utility (SAU) certificate is the bundled six-field record of saturation, strictness, non-descent, audited descent, accepted lower answer, and nonclaim register."
P040-C0018,CLAIM,P040,definition,DEFINITION,"Strict Audited Utility certificate: Let P_0 be a lower problem profile and B_ 0→1 a promotion bridge. A Strict Audited Utility certificate, abbreviated SAU( P_0,B_ 0→1 ,U,C,a^ ), is a finite typed record containing the following six fields: Saturation field:…"
P040-C0019,CLAIM,P040,definition,DEFINITION,"Finite promoted-use trace: A finite promoted-use trace for a lower problem profile P_0 is a tuple T=(D,V,E,r,o,lambda, , B,A_ T , N,v_ ), where: D=(V,E) is a finite directed acyclic graph. An edge u→ v means that the node v depends on the node u . r records t…"
P040-C0020,CLAIM,P040,definition,DEFINITION,"Lower-visible and hidden nodes: Let T be a finite promoted-use trace. A node v∈ V is lower-visible when either lambda(v)=0 , or v is the target of an audited bridge in B whose output is accepted by the lower instrument. Write Vis_0( T)=\ v∈ V:v is lower-visib…"
P040-C0021,CLAIM,P040,definition,DEFINITION,"Accepted promoted-use trace: A finite promoted-use trace T is accepted, written AccTrace( T), when all of the following hold: the final answer is a lower accepted answer: a^ _ T ∈Ans_0(P), Eval_ Theta_0 (delta_0(a^ _ T ))=pass; every bridge in B belongs to th…"
P040-C0022,CLAIM,P040,definition,DEFINITION,"Strict and essentially promoted trace: An accepted trace T is strict, written StrictTrace( T), when its promoted interface separates content collapsed by its lower interface. Concretely, there exist comparison states or trace presentations s,s' such that pi_0…"
P040-C0023,CLAIM,P040,definition,DEFINITION,"Strict useful trace: A finite promoted-use trace T is a strict useful trace for the lower problem profile P_0 , written StrictUsefulTrace( T, P_0), when AccTrace( T), Sat( P_0), StrictTrace( T), EssProm( T) all hold. This is a pre-SAU notion. It does not assu…"
P040-C0024,CLAIM,P040,lemma,THEOREM_GRADE,"Boundary existence: If StrictUsefulTrace( T, P_0) holds, then Bd( T)≠ ."
P040-C0025,CLAIM,P040,definition,DEFINITION,"Audit boundary: Let T be an accepted trace. A node b∈ V is an audit-boundary node when: b∈ Vis_0( T) ; b∈Anc(v_ ) , so it contributes to the final answer; at least one hidden promoted node lies upstream of b : Hid_1( T) Anc(b)≠ ; every incoming dependence fro…"
P040-C0026,CLAIM,P040,definition,DEFINITION,First boundary and hidden support: A first boundary for a hidden node h∈Hid_ ( T) is a boundary node b∈Bd( T) (v_ ) such that h b and no lower-visible node strictly between h and b on the selected dependency path is already fed by h . Because D is finite and…
P040-C0027,CLAIM,P040,theorem,THEOREM_GRADE,"Essential Boundary Necessity: Let T be a finite strict useful trace for a saturated lower problem profile P_0 . Then there exist a hidden promoted subtrace H , an audited boundary expression C_H(H) , and a lower-visible boundary answer b^ such that H _ T_0 ,…"
P040-C0028,CLAIM,P040,result_summary,NAMED_RESULT_OR_GATE_SURFACE,"SAU boundary normal form: The necessity theorem gives an existence statement. The normal-form step compresses that data into a canonical shape: contract the hidden support to a single node U_H , retain the first audited boundary expression C_H(U_H) _B b^ , an…"
P040-C0029,CLAIM,P040,definition,DEFINITION,"SAU boundary normal form: An accepted trace is in SAU boundary normal form when, after deleting irrelevant nodes outside the dependency cone of the final answer, it has the schematic shape T_0 \ q\ T_1, , possibly followed by a lower-visible verifier from a^…"
P040-C0030,CLAIM,P040,definition,DEFINITION,"Audit-equivalent traces: Two accepted promoted-use traces are audit-equivalent, written T _ audit T', when they have the same lower problem profile, the same lower interface, the same accepted final lower answer, the same admissible lower rule uses, and audit…"
P040-C0031,CLAIM,P040,theorem,THEOREM_GRADE,"SAU Boundary Normal Form: Every finite strict useful trace T is audit-equivalent to a trace in SAU boundary normal form. More precisely, there exist a hidden support node U_H , an audited expression former C_H , and a lower-visible boundary object b^ such tha…"
P040-C0032,CLAIM,P040,nonclaim,EXPLICIT_NONCLAIM,"These operations preserve the accepted lower answer, the bridge and audit records, and the nonclaim register, so the compressed trace is audit-equivalent to the original trace."
P040-C0033,CLAIM,P040,definition,DEFINITION,"Extracted SAU package: Let T be a strict useful trace and let NF_ SAU ( T) be a chosen boundary normal form . The extracted raw SAU package C( T) is the raw proof package whose fields are: SatW :=Sat( P_0), StrictW :=delta_ fact (pi_0,pi_1)≠ , NonDescW :=U_H…"
P040-C0034,CLAIM,P040,theorem,THEOREM_GRADE,"Partial converse to SAU: Let T be a finite strict useful trace with explicit provenance and declared audit boundaries. Then there exists an extracted raw SAU proof package C( T) . Moreover, if the inherited audits and lower verifier pass under the declared in…"
P040-C0035,CLAIM,P040,theorem,THEOREM_GRADE,"Necessity–soundness chain: For finite typed audited traces, the following implication chain holds: StrictUsefulTrace( T, P_0) implies C( T) with ValSAU( C( T)) implies Useful(B_ 0→1 ,P):accepted, provided the extracted package passes the inherited audit check…"
P040-C0036,CLAIM,P040,corollary,THEOREM_GRADE,"Tautology barrier: The SAU framework is not only the sufficient condition SAU implies Useful. For finite typed audited strict-use traces, the reverse extraction also holds: StrictUsefulTrace implies -shaped certificate. Thus SAU is a normal form for strict au…"
P040-C0037,CLAIM,P040,definition,DEFINITION,"Raw SAU proof package: A raw Strict Audited Utility proof package is a finite record C=( P_0,B_ 0→1 ,U,C,a^ ; SatW,StrictW,NonDescW,DescW,SolveW,AuditW) whose six witness fields are intended to prove the following six obligations: SatW :Sat( P_0), StrictW :de…"
P040-C0038,CLAIM,P040,definition,DEFINITION,"Validated SAU proof package: A raw proof package C is validated when every witness field is checked under the declared instruments I_0 and I_B , every bridge used by the proof belongs to the declared admissible bridge family, and every nonclaim required by N_…"
P040-C0039,CLAIM,P040,nonclaim,EXPLICIT_NONCLAIM,"In other words, ValSAU( C) records that each witness field has passed the declared checks, every bridge is admissible, and the nonclaim register has been recorded."
P040-C0040,CLAIM,P040,theorem,THEOREM_GRADE,"Strict Audited Utility Soundness: Let C be a validated raw SAU proof package for ( P_0,B_ 0→1 ,U,C,a^ ) . Then the following instrument-indexed claim is accepted: Gamma; T_0 T_1;I_B Useful(B_ 0→1 ,P):accepted. More explicitly, the accepted claim has the follo…"
P040-C0041,CLAIM,P040,corollary,THEOREM_GRADE,"No collapse of hidden structure: Under the hypotheses of Theorem , the accepted usefulness claim does not entail U∈ T_0 or any equivalent lower-layer literalization of the promoted structure, unless that stronger claim is separately bridged and audited."
P040-C0042,CLAIM,P040,corollary,THEOREM_GRADE,"No reduction to notation: Under the hypotheses of Theorem , the promoted layer is not merely a notational variant of the lower layer at the declared interface."
P040-C0043,CLAIM,P040,corollary,THEOREM_GRADE,"Nontrivial usefulness: Under the hypotheses of Theorem , the promoted layer supplies an accepted lower answer that the fixed lower interface does not supply."
P040-C0044,CLAIM,P040,definition,DEFINITION,"SAU failure fields: For a raw candidate package C=( P_0,B_ 0→1 ,U,C,a^ ; SatW,StrictW,NonDescW,DescW,SolveW,AuditW), define the six SAU failure fields as follows: F_ sat ( C)= , Sat( P_0), \ \ , otherwise, F_ strict ( C)= , delta_ fact (pi_0,pi_1)≠ , \ \ , de…"
P040-C0045,CLAIM,P040,open_problem,OPEN_PROBLEM_OR_DEFERRED_WORK,"Audit failure An overreading, smuggling, provenance, or replay check remains open."
P040-C0046,CLAIM,P040,definition,DEFINITION,"SAU diagnostic tag set: The diagnostic tag set of a raw package is the finite set Diag_ SAU ( C)⊆ \ accepted,convenient,non_strict,not_hidden, unreturned,irrelevant,failed_audit, smuggled,overread \ assigned by the following rules: accepted∈Diag_ SAU ( C) onl…"
P040-C0047,CLAIM,P040,definition,DEFINITION,"Counterfeit SAU patterns: A candidate bridge has one of the following counterfeit profiles when it resembles SAU informally but lacks a required field: Ornamental extension: Strict(B), U _q, but C(U) _B a^ . The promoted layer is richer but unreturned. Mere n…"
P040-C0048,CLAIM,P040,proposition,THEOREM_GRADE,"SAU failure classifier: Let C be a raw SAU proof package. If one of the six witness fields fails, then the strict audited utility claim is not accepted at SAU strength. More specifically: If Sat( P_0) fails, the SAU-strength claim status is not accepted; any…"
P040-C0049,CLAIM,P040,theorem,THEOREM_GRADE,"Acceptance boundary for SAU: A raw package C can be validated as an SAU proof package only if F_ SAU ( C)= . Conversely, if the six witness fields are verified under the declared instruments and F_ SAU ( C)= , then C validates to an SAU proof package: ValSAU(…"
P040-C0050,CLAIM,P040,open_problem,OPEN_PROBLEM_OR_DEFERRED_WORK,"Conversely, if the six verified witness fields supply saturation, strictness, non-descent, descent, solving, and audit safety, and F_ SAU ( C)= records that none of the corresponding failure conditions remains open, then the package validates."
P040-C0051,CLAIM,P040,corollary,THEOREM_GRADE,"Failure blocks SAU-strength acceptance: If at least one component of F_ SAU ( C) is nonempty, then the strict audited utility claim Gamma; T_0 T_1;I_B Useful(B_ 0→1 ,P):accepted is not licensed by Theorem ."
P040-C0052,CLAIM,P040,nonclaim,EXPLICIT_NONCLAIM,"Finally, the exact-six role vector records the same idea at the inherited six-role level: a role is usable only when it is present, aligned, thresholded, visible or bridged, audited, and nonclaim-safe."
P040-C0053,CLAIM,P040,definition,DEFINITION,"Exact-six role failure vector: For a candidate exact-six upgrade with role witnesses (W_1,W_2,W_3,W_4,W_5,W_6), define R_6=(R_1,R_2,R_3,R_4,R_5,R_6), where R_i= exactly when W_i is present, role-aligned, thresholded, level-indexed, visible or bridged, audited…"
P040-C0054,CLAIM,P040,definition,DEFINITION,"Lower-layer literalization claim: A lower-layer literalization claim for a promoted structure U , written Lit_0(U), is a claim that asserts one of the following at the lower layer without an additional admissible bridge for U itself: U∈ T_0 ; U _q ; U is dire…"
P040-C0055,CLAIM,P040,theorem,THEOREM_GRADE,No-overreading of hidden promoted structure: Assume a bridge satisfies the SAU non-descent field U _q and the audited descent field C(U) _B a^ . Then the lower-layer literalization claim Lit_0(U) is blocked unless an additional admissible bridge for U itself…
P040-C0056,CLAIM,P040,definition,DEFINITION,"Reduced SAU boundary trace: A reduced SAU boundary trace is a normal-form trace B= ( P_0,B_ 0→1 ,U,C,a^ ;A_ B , N ) obtained from a finite strict useful trace by the boundary-normal-form theorem of , such that: U is the hidden support subtrace or generated hi…"
P040-C0057,CLAIM,P040,definition,DEFINITION,Boundary constructor and head: Let C(U) be the selected expression in a reduced boundary trace. Its head constructor is the outermost audit-relevant operation used to turn the hidden support into a lower-descending expression. It is denoted Head(C). The head…
P040-C0058,CLAIM,P040,definition,DEFINITION,"Boundary support: The boundary support of C(U) , written Supp_ Boundary (C(U)), is the smallest part of the hidden support and promoted package used by the head constructor to produce the audited descendant. In a root-composite profile this is the orbit of U…"
P040-C0059,CLAIM,P040,definition,DEFINITION,"Basic audit grammar: The basic SAU audit grammar G_ Basic is the typed grammar whose primitive boundary constructors are the following: Composite or power constructor: C(U)=U^n (n 2) or, more generally, a finite composite of a hidden update whose selected com…"
P040-C0060,CLAIM,P040,definition,DEFINITION,Basic boundary trace: A reduced SAU boundary trace B is basic when its boundary expression C(U) is generated by G_ Basic and every constructor used in C is declared in the bridge audit record. We write BasicSAU( B).
P040-C0061,CLAIM,P040,definition,DEFINITION,"Profile registry generated by the basic grammar: The basic profile registry is R_ Basic =\ RootComp,Coeff,ProjShad,InvDesc,AggInv,ObsLed\ . The four canonical case-study profiles are the subregistry R_ 4 =\ RootComp,Coeff,InvDesc,ObsLed\ . The registry map rh…"
P040-C0062,CLAIM,P040,theorem,NEGATIVE_RESULT_THEOREM,"Primitive head classification: Let B be a reduced basic SAU boundary trace whose boundary expression has a primitive head constructor in G_ Basic . Then B has a unique primitive profile label in R_ Basic , namely Profile( B)=rho_ Basic (Head(C)). More explici…"
P040-C0063,CLAIM,P040,corollary,THEOREM_GRADE,"Four canonical witnesses classify by head: The four canonical witnesses have the following primitive head classifications: Profile(Imag)=RootComp, Profile(Jet)=Coeff, Profile(Gal)=InvDesc with trace/norm subprofile AggInv, Profile(Coh)=ObsLed."
P040-C0064,CLAIM,P040,proposition,THEOREM_GRADE,"Pairwise sort distinction of the four canonical profiles: The four canonical profile labels RootComp, Coeff, InvDesc, ObsLed are pairwise distinct in the typed basic grammar. In particular, a proof that a boundary is of one canonical type does not by itself p…"
P040-C0065,CLAIM,P040,theorem,THEOREM_GRADE,Composite boundary classification: Let B be a reduced basic SAU boundary trace. Then its profile is either a primitive label in R_ Basic or a finite product profile generated by primitive labels: Profile( B)∈ Gen_ fin ( R_ Basic ). If C(U) is a composite expr…
P040-C0066,CLAIM,P040,corollary,THEOREM_GRADE,"Basic profile normal form: Every finite strict useful trace whose reduced boundary lies in the basic audit grammar has an audit-equivalent normal form . Consequently, within the scope of the basic grammar, strict mathematical usefulness is mediated by a finit…"
P040-C0067,CLAIM,P040,theorem,THEOREM_GRADE,"Basic classification soundness: Let T be a finite strict useful trace whose reduced boundary is basic. Then there exists a validated SAU certificate whose profile is classified by R_ Basic : StrictUsefulTrace( T) and BasicSAU(Red( T)) implies C, p ValSAU( C)…"
P040-C0068,CLAIM,P040,corollary,THEOREM_GRADE,"Classification is not by naming: The classification theorem does not say that a bridge is useful because it has been named useful. For finite strict useful traces whose boundary lies in the basic grammar, the necessity theorem first extracts a hidden-support/…"
P040-C0069,CLAIM,P040,definition,DEFINITION,"Finite real-shadow layer: Let Y=\ -1,0,1\ and let F:Y→ Y, F(y)=-y. The map F is called the lower reversal. The same-layer half-step problem asks for a map H:Y→ Y such that H^2=F. For this profile set Cand_0(P_ Imag )=End(Y) and define the exact defect delta_…"
P040-C0070,CLAIM,P040,lemma,THEOREM_GRADE,"No same-layer half-step: There is no map H:Y→ Y satisfying H^2=F. Equivalently, H∈End(Y), delta_ Imag,0 (H)=1."
P040-C0071,CLAIM,P040,open_problem,OPEN_PROBLEM_OR_DEFERRED_WORK,A full enumeration of the original 27 candidates is deferred to
P040-C0072,CLAIM,P040,corollary,THEOREM_GRADE,"Lower-layer saturation for half-reversal: The lower problem profile P_ Imag,0 is saturated: Sat( P_ Imag,0 )."
P040-C0073,CLAIM,P040,definition,DEFINITION,"Four-phase carrier and real-shadow lens: Let X=C_4=\ 1,i,-1,-i\ with the cyclic update G:X→ X, G(z)=iz. Thus 1↦ i↦ -1↦ -i↦ 1. Define the real-shadow lens q:X→ Y by q(1)=1, q(-1)=-1, q(i)=q(-i)=0. The promoted operation is U=G . The selected expression former…"
P040-C0074,CLAIM,P040,definition,DEFINITION,"The imaginary-number promotion bridge: The imaginary-number promotion bridge is the record B_ Imag =( T_0, T_1,I_ Imag ,S,q, pi_0, pi_1,U,C, G_ Imag , A_ Imag , L_ Imag , N_ Imag ), where: T_0 is the finite real-shadow package on Y=\ -1,0,1\ with reversal F ;…"
P040-C0075,CLAIM,P040,lemma,THEOREM_GRADE,"The quarter-turn does not descend: The update G does not descend through q : G _q. Equivalently, delta^ split _1(q,G)≠ ."
P040-C0076,CLAIM,P040,lemma,THEOREM_GRADE,"The square descends as real reversal: The square G^2 descends through q to the lower reversal F : qG^2=Fq. Therefore G^2 _q F and delta^ split _1(q,G^2)= ."
P040-C0077,CLAIM,P040,proposition,THEOREM_GRADE,"Root-composite profile: The four-phase promotion realizes the root-composite normal form G _q, G^2 _q F. Thus the hidden half-step is not a lower-layer operation, while its composite is a lower-layer operation."
P040-C0078,CLAIM,P040,proposition,THEOREM_GRADE,Cardinal minimality of strict phase promotion: Let q:X Y be a surjective finite shadow map. Suppose there is an update G:X→ X such that G does not descend through q . Then |X|≥ 4. The four-phase carrier C_4 realizes this lower bound while also satisfying G^2…
P040-C0079,CLAIM,P040,open_problem,OPEN_PROBLEM_OR_DEFERRED_WORK,The full small-cardinality enumeration is deferred to .
P040-C0080,CLAIM,P040,proposition,THEOREM_GRADE,"Strictness witness: Let the comparison carrier be S=X , let pi_0=q:X→ Y, pi_1= _X:X→ X. Then the promotion is strict: delta_ fact (pi_0,pi_1)≠ ."
P040-C0081,CLAIM,P040,result_summary,NAMED_RESULT_OR_GATE_SURFACE,"SAU certificate, real-linear completion, and no-overreading: The preceding results supply the fields of the imaginary Strict Audited Utility certificate. Saturation is ; strictness is ; non-descent is ; and the descended expression is . The bridge package B_…"
P040-C0082,CLAIM,P040,nonclaim,EXPLICIT_NONCLAIM,"The bridge package B_ Imag from supplies the declared audit data, accepted lower output, and nonclaim register."
P040-C0083,CLAIM,P040,theorem,THEOREM_GRADE,"Imaginary numbers satisfy Strict Audited Utility: The package B_ Imag supplies a validated Strict Audited Utility certificate for the square-root-of-reversal defect: Imag SAU. Equivalently, Sat( P_ Imag,0 ) + Strict(B_ Imag ) + G _q + G^2 _q F + AuditPass(B_…"
P040-C0084,CLAIM,P040,nonclaim,EXPLICIT_NONCLAIM,"The remaining fields—bridge audit, accepted lower output a^ _ Imag , and nonclaim register—are recorded in ."
P040-C0085,CLAIM,P040,theorem,THEOREM_GRADE,"Minimal real-linear completion: Let J be a real-linear hidden half-step satisfying J^2=-I. The minimal nonzero real-linear package carrying such a J is two-dimensional. In that package, the real algebra generated by J is R[J]=\ aI+bJ:a,b∈ R\ , with multiplica…"
P040-C0086,CLAIM,P040,nonclaim,EXPLICIT_NONCLAIM,It does not assert that the hidden quarter-turn itself has become a lower real-shadow state or a real scalar.
P040-C0087,CLAIM,P040,corollary,THEOREM_GRADE,"No literalization of i: The accepted usefulness claim for imaginary numbers does not entail i∈ Y or, in the real-linear completion, i∈ R. It entails only that the promoted half-step is lawful upstairs and that its selected audited descendants, such as G^2 , r…"
P040-C0088,CLAIM,P040,nonclaim,EXPLICIT_NONCLAIM,"It does not license membership claims about the hidden promoted operation U=G , and the nonclaim register in explicitly records G (Y) , G _q , and that i is not a real-shadow state."
P040-C0089,CLAIM,P040,definition,DEFINITION,"Value-only derivative-extraction problem: The lower candidate class for the derivative-extraction problem is Cand_0(P_ Jet )=\ m: R→ R\ , where a candidate m is intended to compute derivative information from the visible value f(x) . Define the exact defect d…"
P040-C0090,CLAIM,P040,lemma,THEOREM_GRADE,"Derivative does not factor through point value: There is no map m: R→ R such that m _x=D_x. Equivalently, m∈Cand_0(P_ Jet ), delta_ Jet,0 (m)=1."
P040-C0091,CLAIM,P040,corollary,THEOREM_GRADE,"Lower-layer saturation for value-only differentiation: The lower problem profile P_ Jet,0 is saturated: Sat( P_ Jet,0 )."
P040-C0092,CLAIM,P040,lemma,THEOREM_GRADE,"No nonzero square-zero real scalar: If r∈ R and r^2=0, then r=0. Consequently, the element ∈ R[ ]/( ^2) is not a real scalar."
P040-C0093,CLAIM,P040,definition,DEFINITION,"Dual-number algebra: Let R[ ]/( ^2)= R[ ]/( ^2). Every element of R[ ]/( ^2) has a unique form a+b , a,b∈ R, with ^2=0. Define the standard-part audit and coefficient audit by st(a+b )=a, [ ](a+b )=b. The promoted first-order interface at x is j_x^1: P→ R[ ]/…"
P040-C0094,CLAIM,P040,definition,DEFINITION,Value and first-jet interfaces: Let the comparison carrier be the polynomial algebra S_ Jet = R[t]. Define pi_0= _x:S_ Jet → R and pi_1=j_x^1:S_ Jet → R[ ]/( ^2). The lower interface pi_0 sees only value. The promoted interface pi_1 sees value plus first-orde…
P040-C0095,CLAIM,P040,lemma,THEOREM_GRADE,"First-jet formula for polynomials: For every polynomial f∈ R[t] , f(x+ )=f(x)+f'(x) in R[ ]/( ^2) ."
P040-C0096,CLAIM,P040,corollary,THEOREM_GRADE,"Standard part recovers value: For every polynomial f∈ R[t] , st(j_x^1(f))=f(x). Equivalently, st j_x^1= _x."
P040-C0097,CLAIM,P040,corollary,THEOREM_GRADE,"Coefficient audit recovers derivative: For every polynomial f∈ R[t] , [ ]j_x^1(f)=f'(x). Equivalently, [ ] j_x^1=D_x."
P040-C0098,CLAIM,P040,lemma,THEOREM_GRADE,"First-jet promotion is strict: The promoted first-jet interface does not factor through the value-only interface: delta_ fact (pi_0,pi_1)≠ ."
P040-C0099,CLAIM,P040,lemma,THEOREM_GRADE,"The infinitesimal direction is non-descending: The promoted direction is not a lower-layer real scalar and is not recoverable from the standard-part shadow. More precisely, st(0)=st( )=0, 0≠ , so the promoted identity interface on R[ ]/( ^2) is strict over th…"
P040-C0100,CLAIM,P040,proposition,THEOREM_GRADE,"Product rule from dual-number multiplication: For all f,g∈ R[t] , [ ](fg)(x+ ) = f'(x)g(x)+f(x)g'(x)."
P040-C0101,CLAIM,P040,proposition,THEOREM_GRADE,"Chain rule from first-jet substitution: For all f,g∈ R[t] , [ ]f(g(x+ )) = f'(g(x))g'(x). Equivalently, D_x(f g)=D_ g(x) (f) D_x(g)."
P040-C0102,CLAIM,P040,result_summary,NAMED_RESULT_OR_GATE_SURFACE,"Minimal square-zero promotion and SAU certificate: The dual-number algebra is not an arbitrary choice. Once one asks for a commutative real algebra with a nonzero square-zero direction, the algebra generated by that direction has the dual-number form. [Minima…"
P040-C0103,CLAIM,P040,proposition,THEOREM_GRADE,"Minimal square-zero real-algebra package: Let R_ alg be a commutative unital real algebra and let ∈ R_ alg satisfy ^2=0, ≠ 0. Then the real subalgebra generated by 1 and is canonically isomorphic to R[ ]/( ^2) : R[ ] R[ ]/( ^2)."
P040-C0104,CLAIM,P040,theorem,THEOREM_GRADE,"Calculus first-jets satisfy Strict Audited Utility: The first-order dual-number package supplies a Strict Audited Utility certificate for the value-only derivative-extraction problem: Jet . More explicitly, with pi_0= _x, pi_1=j_x^1, U= , C(U;f)=[ ]f(x+ ), a^…"
P040-C0105,CLAIM,P040,nonclaim,EXPLICIT_NONCLAIM,"The nonclaim field is enforced by and : is not a real scalar, and the derivative is not obtained from value alone."
P040-C0106,CLAIM,P040,lemma,THEOREM_GRADE,"Irreducible non-linear polynomials have no base-field root: For the above p , no element a∈ K satisfies p(a)=0. Consequently, a∈Cand_0(P_ Gal ), delta_ Gal,0 (a)=1."
P040-C0107,CLAIM,P040,corollary,THEOREM_GRADE,"Lower-layer saturation for individual root representation: The lower problem profile for same-layer individual root representation is saturated: Sat( P_ Gal,0 )."
P040-C0108,CLAIM,P040,definition,DEFINITION,"Galois root-use problem: The Galois root-use problem P_ Gal has two layers: the saturated lower request for an individual root in K , with candidate class K and defect delta_ Gal,0 ; the audited replacement answer type consisting of base-field invariant data…"
P040-C0109,CLAIM,P040,theorem,THEOREM_GRADE,"Universal minimal root-adjoining package: Let R_ alg be a commutative K -algebra and let r∈ R_ alg satisfy p(r)=0. Then there is a unique K -algebra homomorphism _r:K[t]/(p)→ R_ alg such that _r(t p)=r. In particular, K[t]/(p) is the minimal universal K -alge…"
P040-C0110,CLAIM,P040,theorem,THEOREM_GRADE,"Promoted splitting closes the root-representation defect upstairs: In the splitting field L , the polynomial p factors as p(t)= _ j=1 ^ n (t-alpha_j) with distinct roots alpha_1, ,alpha_n∈ L . Hence the promoted layer represents all roots of p ."
P040-C0111,CLAIM,P040,lemma,THEOREM_GRADE,"A promoted root need not descend: For any root alpha∈ L of p , one has alpha K. Thus an individual promoted root is not accepted as lower-layer content."
P040-C0112,CLAIM,P040,lemma,THEOREM_GRADE,"No base-field evaluation retract for a non-base root: There is no K -algebra homomorphism r:K[alpha]→ K such that r(alpha)=alpha or, more generally, such that r(alpha) is a root of p in K ."
P040-C0113,CLAIM,P040,theorem,THEOREM_GRADE,"Strictness of the splitting-field promotion: Let S=\ alpha_1, ,alpha_n\ ⊆ L be the set of roots of p . Define pi_0:S→ K[t], pi_0(beta)=p, and pi_1:S→ L, pi_1(beta)=beta. Then delta_ fact (pi_0,pi_1)≠ . Hence the promoted root layer is strict relative to the l…"
P040-C0114,CLAIM,P040,theorem,THEOREM_GRADE,"Elementary symmetric descent: Let p(t)=t^n+a_ n-1 t^ n-1 + +a_1t+a_0 with a_j∈ K , and let alpha_1, ,alpha_n be its roots in L . Then the elementary symmetric functions e_j(alpha_1, ,alpha_n) lie in K , with e_j(alpha_1, ,alpha_n)=(-1)^j a_ n-j . More general…"
P040-C0115,CLAIM,P040,theorem,THEOREM_GRADE,"Fixed-field audit: For the finite Galois extension L/K , L^G=K, G=Gal(L/K). Consequently, an element x∈ L descends to the base field exactly when it is fixed by every K -automorphism of L : x∈ K Longleftrightarrow sigma(x)=x for all sigma∈ G."
P040-C0116,CLAIM,P040,theorem,THEOREM_GRADE,"Trace and norm are descending audits: For every x∈ L , define Tr_ L/K (x)= _ sigma∈ G sigma(x), Nm_ L/K (x)= _ sigma∈ G sigma(x). Then Tr_ L/K (x)∈ K, Nm_ L/K (x)∈ K. In particular, if alpha is a promoted root of p , then Tr_ L/K (alpha),\ Nm_ L/K (alpha)∈ K."
P040-C0117,CLAIM,P040,corollary,THEOREM_GRADE,"Orbit polynomials descend: For alpha∈ L , the orbit polynomial C_ orb (alpha)(t) = _ beta∈ Orb_G(alpha) (t-beta) has coefficients in K . If alpha is a root of the irreducible separable polynomial p , then C_ orb (alpha)=p."
P040-C0118,CLAIM,P040,result_summary,NAMED_RESULT_OR_GATE_SURFACE,"SAU certificate and no-literalization: The Galois case now has the certificate ingredients in place. The lower root request is saturated, the splitting-field promotion is strict, promoted roots do not descend to K , and invariant expressions such as orbit pol…"
P040-C0119,CLAIM,P040,theorem,THEOREM_GRADE,"Galois theory supplies an SAU certificate: For a monic separable irreducible p∈ K[t] of degree greater than one, with splitting field L/K and Galois group G=Gal(L/K) , the Galois root package gives a Strict Audited Utility certificate: Gal . More explicitly:…"
P040-C0120,CLAIM,P040,nonclaim,EXPLICIT_NONCLAIM,The nonclaim register is the explicit refusal to infer alpha∈ K from these descended invariant data.
P040-C0121,CLAIM,P040,definition,DEFINITION,"Period audit over cycles: A directed closed walk or cycle gamma determines a signed sum of oriented edges. For a∈ C^1(Gamma;k) , define the period of a around gamma by _gamma a = _ e∈ gamma epsilon_e a(e), where epsilon_e=1 if gamma traverses e in the chosen…"
P040-C0122,CLAIM,P040,definition,DEFINITION,"Local interface and cohomology interface: Let S=C^1(Gamma;k). Define the lower local interface by pi_0:S→\ locally-admissible\ , pi_0(a)=locally-admissible, and the promoted cohomology interface by pi_1:S→ H^1(Gamma;k), pi_1(a)=[a]."
P040-C0123,CLAIM,P040,definition,DEFINITION,"Cohomological non-descent and audit: For a∈ C^1(Gamma;k) , write a _ pot when no global potential phi∈ C^0(Gamma;k) satisfies d_0phi=a . Define the obstruction expression C(a)=([a],Per(a)). It is audited by the equivalences [a]=0 Longleftrightarrow Per(a)=0 L…"
P040-C0124,CLAIM,P040,definition,DEFINITION,"Cohomology descent-use problem: For a fixed finite connected graph Gamma and edge datum a∈ C^1(Gamma;k) , the cohomology descent-use problem P_ Coh (a) asks for an accepted lower answer to the question: Does a descend to a global potential? The lower candidat…"
P040-C0125,CLAIM,P040,lemma,THEOREM_GRADE,"Exact edge data have zero cycle periods: If a=d_0phi for some phi∈ C^0(Gamma;k) , then for every cycle gamma , _gamma a=0."
P040-C0126,CLAIM,P040,corollary,NEGATIVE_RESULT_THEOREM,"Cycle period obstruction: If there exists a cycle gamma such that _gamma a≠ 0, then no global potential phi satisfies d_0phi=a. Consequently the lower problem profile P_ a,0 is saturated for the candidate class C^0(Gamma;k) ."
P040-C0127,CLAIM,P040,theorem,THEOREM_GRADE,"Path-independence criterion for exactness: Let Gamma be finite and connected. For a∈ C^1(Gamma;k) , the following are equivalent: there exists phi∈ C^0(Gamma;k) with d_0phi=a, _gamma a=0 for every cycle gamma."
P040-C0128,CLAIM,P040,theorem,NEGATIVE_RESULT_THEOREM,"Cohomology class is the exact obstruction: For a∈ C^1(Gamma;k) , [a]=0 in H^1(Gamma;k) Longleftrightarrow phi∈ C^0(Gamma;k) such that d_0phi=a. Equivalently, [a]=0 Longleftrightarrow a∈im d_0."
P040-C0129,CLAIM,P040,corollary,NEGATIVE_RESULT_THEOREM,"Cohomology and periods give equivalent audits: For a finite connected graph, [a]=0 Longleftrightarrow Per(a)=0. Thus the quotient ledger [a] and the period audit record the same exactness obstruction."
P040-C0130,CLAIM,P040,theorem,NEGATIVE_RESULT_THEOREM,"Dimension of the graph obstruction ledger: If Gamma is finite and connected, then _k H^1(Gamma;k)=|E|-|V|+1."
P040-C0131,CLAIM,P040,proposition,NEGATIVE_RESULT_THEOREM,"Triangle graph as a minimal obstruction witness: Let Gamma be the oriented triangle with edges e_ 12 :v_1→ v_2, e_ 23 :v_2→ v_3, e_ 31 :v_3→ v_1. Define a∈ C^1(Gamma;k) by a(e_ 12 )=1, a(e_ 23 )=0, a(e_ 31 )=0. Then a does not descend to a global potential."
P040-C0132,CLAIM,P040,open_problem,OPEN_PROBLEM_OR_DEFERRED_WORK,The formal one-dimensional triangle ledger corollary is deferred to the methods appendix with the other worked graph computations.
P040-C0133,CLAIM,P040,result_summary,NAMED_RESULT_OR_GATE_SURFACE,Strictness and SAU certificate as obstruction profile: The cochain promotion is strict because the lower local interface forgets the global obstruction class. Two edge data can both be locally admissible while only one carries a nonzero H^1 -class. [Strictnes…
P040-C0134,CLAIM,P040,theorem,THEOREM_GRADE,"Strictness of cohomological promotion: If H^1(Gamma;k)≠0 , then delta_ fact (pi_0,pi_1)≠ . Thus the cohomology layer is strict relative to the purely local edge-admissibility interface."
P040-C0135,CLAIM,P040,theorem,NEGATIVE_RESULT_THEOREM,"Obstruction-ledger descent profile: For a finite connected graph, the cohomology package has the obstruction-ledger profile: a _ pot Longleftrightarrow [a]≠0 Longleftrightarrow gamma with _gamma a≠0. When [a]=0 , the same package supplies a positive descent w…"
P040-C0136,CLAIM,P040,nonclaim,EXPLICIT_NONCLAIM,"The SAU certificate is now the same six-field pattern as in the previous cases: saturation of the requested potential for a nonzero class, strictness of the cohomology interface, non-descent of the edge datum, audited obstruction descent, usefulness of the ne…"
P040-C0137,CLAIM,P040,theorem,NEGATIVE_RESULT_THEOREM,"Cohomology supplies an SAU obstruction certificate: Let Gamma be a finite connected graph with H^1(Gamma;k)≠0 , and let a∈ C^1(Gamma;k) satisfy [a]≠0 . Then the cohomology package gives a Strict Audited Utility certificate for the saturated obstruction instan…"
P040-C0138,CLAIM,P040,nonclaim,EXPLICIT_NONCLAIM,"Usefulness is the negative obstruction certificate supplied by the nonzero class or period, and the nonclaim register blocks the overreading that local edge admissibility alone implies global descent."
P040-C0139,CLAIM,P040,definition,DEFINITION,"Canonical witness vector: The canonical witness vector is the ordered family W_ 4 = ( W_ Imag , W_ Jet , W_ Gal , W_ Coh ), where: W_ Imag is the root-composite witness built from the four-phase carrier C_4=\ 1,i,-1,-i\ , the real-shadow lens q:C_4→\ -1,0,1\…"
P040-C0140,CLAIM,P040,lemma,THEOREM_GRADE,"Imaginary witness projects to SAU fields: The witness W_ Imag is SAU-complete. Its six-field projection is: ll SatW: no same-layer H:\ -1,0,1\ →\ -1,0,1\ satisfies H^2(y)=-y,\ 2mm] StrictW: delta_ fact (q,id_ C_4 )≠ , witnessed by (i,-i),\ 2mm] NonDescW: G _q…"
P040-C0141,CLAIM,P040,nonclaim,EXPLICIT_NONCLAIM,"The six fields are the saturation, strictness, non-descent, descent, accepted-answer, and nonclaim components established for the imaginary case in ."
P040-C0142,CLAIM,P040,lemma,NEGATIVE_RESULT_THEOREM,"Calculus witness projects to SAU fields: The witness W_ Jet is SAU-complete. Its six-field projection is: ll SatW: point value ev_x(f)=f(x) cannot determine f'(x),\ 1mm] StrictW: j_x^1 distinguishes functions that ev_x collapses,\ 1mm] NonDescW: R and no nonz…"
P040-C0143,CLAIM,P040,nonclaim,EXPLICIT_NONCLAIM,"The value-only saturation, first-jet strictness, non-descent of , coefficient descent, accepted derivative functional, and nonclaim discipline are developed in ."
P040-C0144,CLAIM,P040,lemma,THEOREM_GRADE,"Galois witness projects to SAU fields: The witness W_ Gal is SAU-complete. Its six-field projection is: ll SatW: p∈ K[t] separable irreducible nonlinear has no root in K,\ 1mm] StrictW: the splitting field distinguishes roots the base polynomial interface col…"
P040-C0145,CLAIM,P040,lemma,NEGATIVE_RESULT_THEOREM,"Cohomology witness projects to SAU fields: The witness W_ Coh is SAU-complete for the saturated obstruction instance. Its six-field projection is: ll SatW: [a]≠0 implies no global potential phi satisfies d_0phi=a,\ 1mm] StrictW: H^1 distinguishes obstruction…"
P040-C0146,CLAIM,P040,nonclaim,EXPLICIT_NONCLAIM,"supplies the saturated obstruction instance, strict cohomology interface, non-descending edge datum, class-and-period audit, negative certificate, and nonclaim register."
P040-C0147,CLAIM,P040,theorem,THEOREM_GRADE,"Four canonical SAU witnesses: The canonical witness vector satisfies W_4 ^4, that is, Imag , Jet , Gal , Coh . Consequently each of the four promoted packages licenses a strict audited usefulness claim under the soundness theorem of ."
P040-C0148,CLAIM,P040,theorem,NEGATIVE_RESULT_THEOREM,"Uniform non-descent/descent normal form: For every witness W∈\ W_ Imag , W_ Jet , W_ Gal , W_ Coh \ , there exist a promoted structure U_ W , an expression former C_ W , a lower answer a^ _ W , and a bridge B_ W such that U_ W _ T_0 but C_ W (U_ W ) _ B_ W a^…"
P040-C0149,CLAIM,P040,nonclaim,EXPLICIT_NONCLAIM,"The four cases share a structural pattern: saturation of a lower problem, strictness of the promoted interface, a non-descending support, an audited descended expression, an accepted lower answer, and a nonclaim discipline."
P040-C0150,CLAIM,P040,definition,DEFINITION,"Case profile: The case profile of a witness W is Profile( W) =(tau_ nondesc ,tau_ desc ,tau_ audit ,tau_ defect ), where tau_ nondesc records the type of non-descending structure, tau_ desc records the type of selected descendant, tau_ audit records the audit…"
P040-C0151,CLAIM,P040,definition,DEFINITION,"SAU profile skeleton: An SAU profile skeleton is a finite typed record p= (tau_ 0 ,tau_ sat ,tau_ strict , tau_ U ,tau_ C ,tau_ desc ,tau_ solve , tau_ audit ,tau_ nonclaim ), where: tau_0 records the lower-layer problem type; tau_ sat records the saturation…"
P040-C0152,CLAIM,P040,definition,DEFINITION,"Profile instance: Let p be an SAU profile skeleton. A profile instance of p is a raw candidate package C=( P_0,B_ 0→1 ,U,C,a^ ; SatW,StrictW,NonDescW,DescW,SolveW,AuditW) together with a typing map rho: C p which assigns each concrete witness field of C to th…"
P040-C0153,CLAIM,P040,definition,DEFINITION,"Validated profile instance: A profile instance Inst( p, C) is validated when F_ SAU ( C)= under the declared instruments, thresholds, bridges, and nonclaim registers. We write Inst_ SAU ( p, C) for a validated profile instance."
P040-C0154,CLAIM,P040,definition,DEFINITION,"Substrate erasure: For a raw candidate package C , define its substrate erasure Erase( C)=Profile( C) to be the record obtained by forgetting the substrate-specific carriers, elements, functions, roots, graphs, fields, and algebras, while retaining: (tau_ 0 ,…"
P040-C0155,CLAIM,P040,lemma,THEOREM_GRADE,"Profile equivalence does not imply object identity: If C _ Profile C' , it does not follow that the promoted structures U and U' are equal, isomorphic, or members of the same lower theory layer."
P040-C0156,CLAIM,P040,proposition,THEOREM_GRADE,"Abstraction as audited erasure: In the SAU setting, abstraction is useful when Erase removes substrate-specific implementation details while preserving the fields needed for SAU validation. In particular, if Inst_ SAU ( p, C), then the abstract profile p=Eras…"
P040-C0157,CLAIM,P040,nonclaim,EXPLICIT_NONCLAIM,"Substrate erasure removes the material implementation but retains the slot types for saturation, strictness, non-descent, descent, solving, audit, and nonclaim discipline"
P040-C0158,CLAIM,P040,definition,DEFINITION,"Profile equivalence: Two candidate packages C and C' are profile-equivalent, written C _ Profile C', when their substrate erasures are isomorphic as typed SAU skeletons. This means that their six witness obligations have the same role shape, but it does not a…"
P040-C0159,CLAIM,P040,definition,DEFINITION,"SAU transfer plan: An SAU transfer plan from a source package C_s to a target package C_t is a triple Transfer( C_s, C_t; p) such that: Inst_ SAU ( p, C_s) , so the source realizes p with a validated certificate; Inst( p, C_t) , so the target inhabits the sam…"
P040-C0160,CLAIM,P040,definition,DEFINITION,"Canonical SAU profile registry: The four canonical witnesses determine the registry R_4= \ p_ RootComp , p_ Coeff , p_ InvDesc , p_ ObsLed \ , where: p_ RootComp is the root-composite profile: U _q, U^n _q F. p_ Coeff is the coefficient or standard-part profi…"
P040-C0161,CLAIM,P040,definition,DEFINITION,"SAU coverage: Let P be a family of lower-layer problems and let R be a finite registry of SAU profile skeletons. We say that R SAU-covers P , written Cover_ SAU ( R, P), when for every P∈ P there exist a lower problem profile P_ 0,P , a candidate bridge B_P ,…"
P040-C0162,CLAIM,P040,theorem,THEOREM_GRADE,"Profile-transfer soundness: Let Transfer( C_s, C_t; p) be a validated SAU transfer plan. Then the target bridge in C_t licenses an accepted usefulness claim: Useful(B_t,P_t):accepted. Moreover, the accepted target claim is licensed by the target validation, n…"
P040-C0163,CLAIM,P040,nonclaim,EXPLICIT_NONCLAIM,"Validation of the target requires F_ SAU ( C_t)= , so the target supplies its own saturation, strictness, non-descent, descent, solving, audit, and nonclaim witnesses."
P040-C0164,CLAIM,P040,theorem,NEGATIVE_RESULT_THEOREM,"Exact-six activation across the four witnesses: Each component of W_4 admits an exact-six SAU refinement in the inherited FATCD -anchored sense: for its associated description D_ W , each channel has Status_i(D_ W )=active_projection and an active projection…"
P040-C0165,CLAIM,P040,theorem,NEGATIVE_RESULT_THEOREM,Cross-case synthesis: useful non-definable extensions: The four canonical witnesses support the following theorem-level synthesis: A promoted mathematical layer is useful for a saturated lower-layer problem when it supplies structure that the lower layer cann…
P040-C0166,CLAIM,P040,theorem,THEOREM_GRADE,"Canonical profiles are inhabited: Each profile in R_4 has a validated canonical instance: Inst_ SAU ( p_ RootComp , W_ Imag ), Inst_ SAU ( p_ Coeff , W_ Jet ), Inst_ SAU ( p_ InvDesc , W_ Gal ), Inst_ SAU ( p_ ObsLed , W_ Coh )."
P040-C0167,CLAIM,P040,theorem,THEOREM_GRADE,"Transfer profile theorem: Mathematical transfer at SAU strength is possible exactly at the profile level: a successful source case may suggest a reusable skeleton p , but a target case becomes accepted only when it independently validates an instance of p . F…"
P040-C0168,CLAIM,P040,theorem,THEOREM_GRADE,"SAU synthesis: usefulness through recurring audited profiles: Within the scope of the results developed above, mathematical usefulness is explained by the recurrence of strict audited descent profiles across theory layers. More precisely, whenever a lower pro…"
P040-C0169,CLAIM,P040,open_problem,OPEN_PROBLEM_OR_DEFERRED_WORK,The outlook separates what these results establish from the questions they leave open. Outlook
P040-C0170,CLAIM,P040,open_problem,OPEN_PROBLEM_OR_DEFERRED_WORK,"What follows from the results: Within finite typed audited promoted-use traces, the paper supplies a profile-level account of strict mathematical usefulness. What this opens for further work is a disciplined way to ask whether a family of lower problems is co…"
P040-C0171,CLAIM,P040,definition,DEFINITION,"Explanatory compression: Suppose a finite registry R SAU-covers a finite problem family P . The registry provides explanatory compression when many problem instances are certified by fewer recurring profile skeletons. A crude count is _ SAU ( P, R)=| P|-| R|,…"
P040-C0172,CLAIM,P040,proposition,THEOREM_GRADE,"Why abstraction helps: If R SAU-covers P and | R|<| P| , then the registry gives a compressed explanation of the family-level usefulness of the corresponding mathematics: different lower-layer problems are solved or certified by reusing fewer audited bridge p…"
P040-C0173,CLAIM,P040,corollary,THEOREM_GRADE,"Portability without collapse: SAU explains why the same mathematical method can appear in different domains without claiming that the domains are literally the same. What recurs is descent profile+audit grammar, not necessarily substrate, ontology, or hidden…"
P040-C0174,CLAIM,P040,nonclaim,EXPLICIT_NONCLAIM,"Audit smuggles the answer Source policy, audit policy, no-smuggling defect, and nonclaim register are explicit Lean does not prove the whole paper Lean wording is disclosed by coverage type: substantive proof language is reserved for direct, computational, or…"
P040-C0175,CLAIM,P040,open_problem,OPEN_PROBLEM_OR_DEFERRED_WORK,"Summary and limits: The results give a theorem-grade normal form for strict mathematical usefulness in finite typed audited promoted-use traces: when a saturated lower problem is solved or certified by essentially using promoted-only structure, the trace forc…"
P040-C0176,CLAIM,P040,nonclaim,EXPLICIT_NONCLAIM,"We do not claim novelty for the classical constructions themselves, and hidden promoted objects are not asserted as lower-layer content."
P040-C0177,CLAIM,P040,definition,DEFINITION,"Exact quotient descent: Let q:X→ Y be a quotient, shadow, or observable map and let F:X→ X be an update. We say that F descends through q , written F _q, when there exists a map F^ :Y→ Y such that qF=F^ q. The descended map F^ is unique on im(q) ."
P040-C0178,CLAIM,P040,definition,DEFINITION,"Split-pair descent defect: For q:X→ Y and F:X→ X , define delta^ split _1(q,F) = \ (x,x')∈ X× X:q(x)=q(x') and qF(x)≠ qF(x')\ . Then F _q Longleftrightarrow delta^ split _1(q,F)= . A nonempty split-pair defect is an explicit P_1 descent obstruction."
P040-C0179,CLAIM,P040,definition,DEFINITION,"Strictness defect: Given object maps pi_0:S→ O_0 and pi_1:S→ O_1 , define the factorization defect delta_ fact (pi_0,pi_1) = \ (s,s')∈ S× S:pi_0(s)=pi_0(s') and pi_1(s)≠pi_1(s')\ . The promotion is strict when Strict(B_ 0→1 ) Longleftrightarrow delta_ fact (p…"
P040-C0180,CLAIM,P040,result_summary,NAMED_RESULT_OR_GATE_SURFACE,"Certificate grammar: This subsection records the appendix-bound certificate grammar that is not duplicated in the body. It starts with the role convention behind the six certificate channels, then records the useful-extension and exact-six variants, and close…"
P040-C0181,CLAIM,P040,definition,DEFINITION,"Six Birds role convention: Throughout this paper the six primitive role labels, imported from Foundations I , are used with the following fixed meanings: P_1 = descent/closure/rewrite/transport of content, P_2 = representability/gating/admissibility, P_3 = ro…"
P040-C0182,CLAIM,P040,definition,DEFINITION,"Strictly useful promoted extension: A promotion bridge B_ 0→1 is a strictly useful promoted extension of T_0 for the lower problem P when there exist U,C,a^ such that SAU( P_0,B_ 0→1 ,U,C,a^ ) holds. The accepted claim form is Gamma; T_0 T_1;I_B Useful(B_ 0→1…"
P040-C0183,CLAIM,P040,definition,DEFINITION,"Exact-six SAU certificate: An SAU certificate is exact-six when, in addition to Definition , the bridge record determines an inherited FATCD -style description D_B whose six role channels all have active projections: Status_i(D_B)=active_projection, pi_i(D_B)…"
P040-C0184,CLAIM,P040,definition,DEFINITION,"Root-composite profile: A bridge has root-composite profile when U _q but U^n _B a^ for some n 2 . The imaginary-number witness is the case n=2 , where the non-descending half-step squares to a descending reversal."
P040-C0185,CLAIM,P040,definition,DEFINITION,"Coefficient or standard-part profile: A bridge has coefficient/standard-part profile when a promoted infinitesimal or nilpotent object T_0 is used to form a promoted expression F( ) , and a declared audit map Coeff_ , st, returns a lower answer. The dual-numb…"
P040-C0186,CLAIM,P040,definition,DEFINITION,"Invariant-descent profile: A bridge has invariant-descent profile when a promoted symmetry structure G L contains non-descending objects u∈ L K , but invariant composites descend: C(u)∈ L^G=K. The Galois witness uses roots in a splitting field as non-descendi…"
P040-C0187,CLAIM,P040,definition,DEFINITION,"Obstruction-ledger profile: A bridge has obstruction-ledger profile when lower local data fails to descend globally, but the failure itself becomes a promoted audited object. In a cochain complex, H^n= d_n/imd_ n-1 records the obstruction class, and [a]=0 Lon…"
P040-C0188,CLAIM,P040,definition,DEFINITION,"Use-set and overreading defect: For a claim , let Use( ) be the finite set of records on which the claim depends. Given a finite family L of admissible visibility bridges under I , define delta_ overread (I, , L) = \ x∈Use( ):vis_I(x)=suppressed and no L∈ L a…"
P040-C0189,CLAIM,P040,definition,DEFINITION,"No-smuggling defect: The no-smuggling defect delta_ nosmuggle (B) is the finite set of bridge-scope violations, including at least the following kinds: target-layer data used without declaration to prove target novelty; suppressed content used without an admi…"
P040-C0190,CLAIM,P040,definition,DEFINITION,"SAU failure modes: A candidate promotion bridge fails to certify strict audited utility if any of the following occur: No saturation: the lower interface already supplies an accepted answer. No strictness: delta_ fact (pi_0,pi_1)= , so the promoted interface…"
P040-C0191,CLAIM,P040,remark,INTERPRETIVE_REMARK,"What is saturated: The saturated profile is not the ability to perform reversal. The lower layer already has reversal F . What is saturated is the ability to represent a same-layer half-step H whose square is reversal. In ordinary language, the lower layer ca…"
P040-C0192,CLAIM,P040,remark,INTERPRETIVE_REMARK,"The exact meaning of ``imaginary'': In this profile, ``imaginary'' does not mean incoherent. It means non-descending at the real-shadow layer. The hidden quarter-turn G is lawful in the promoted phase layer, but the lower layer may only claim the audited comp…"
P040-C0193,CLAIM,P040,remark,INTERPRETIVE_REMARK,"Minimality is cardinal, not ontological: Proposition proves cardinal minimality of a strict finite carrier over the declared shadow Y . It does not claim that every four-point realization is canonically C_4 without additional free-generation or cyclicity assu…"
P040-C0194,CLAIM,P040,lemma,NEGATIVE_RESULT_THEOREM,"Even-dimensional obstruction: Let V be a nonzero finite-dimensional real vector space and let J:V→ V be a real linear map satisfying J^2=-I. Then _ R V is even. In particular, no one-dimensional real vector space carries such a linear operator."
P040-C0195,CLAIM,P040,lemma,THEOREM_GRADE,"Minimal two-dimensional normal form: Let V be a two-dimensional real vector space and let J:V→ V satisfy J^2=-I . For any nonzero e∈ V , the ordered pair (e,Je) is a real basis of V , and the matrix of J in this basis is [J]_ (e,Je) = 0 -1 1 0 ."
P040-C0196,CLAIM,P040,remark,INTERPRETIVE_REMARK,"Finite skeleton versus continuous completion: The finite theorem says that a strict hidden half-step of real reversal requires a four-state phase carrier. The linear theorem says that if this hidden half-step must act real-linearly on amplitudes, the minimal…"
P040-C0197,CLAIM,P040,proposition,THEOREM_GRADE,"Linear audit channels: In the real-linear completion R[J] C , define conjugation by aI+bJ=aI-bJ. Then the fixed layer of conjugation is exactly the old real scalar layer: Fix( )=\ aI:a∈ R\ R. Moreover, (aI+bJ)(aI+bJ)=(a^2+b^2)I is a nonnegative real scalar au…"
P040-C0198,CLAIM,P040,proposition,NEGATIVE_RESULT_THEOREM,"Exact-six role witnesses for the imaginary-number bridge: The bridge B_ Imag carries role-aligned witnesses for all six Six Birds channels: (W_1,W_2,W_3,W_4,W_5,W_6). Read as an inherited channel description D_ Imag , these witnesses satisfy Status_i(D_ Imag…"
P040-C0199,CLAIM,P040,remark,INTERPRETIVE_REMARK,What is saturated: The saturated layer is not all of real analysis. The saturated layer is the fixed value-only interface _x . Ordinary limit definitions use a richer neighborhood interface. The present case isolates the algebraic reason infinitesimal and jet…
P040-C0200,CLAIM,P040,remark,INTERPRETIVE_REMARK,"Profile-specific non-descent: This case is not an update-descent profile like the imaginary-number case. The non-descent witness is a membership and visibility obstruction: is a nonzero square-zero promoted direction, while the lower scalar field has no such…"
P040-C0201,CLAIM,P040,remark,INTERPRETIVE_REMARK,"Why dual numbers are not arbitrary notation: Proposition shows that once a real-linear first-order direction with square zero is demanded, the dual-number package is forced as the minimal algebraic carrier. This parallels the imaginary-number case, where dema…"
P040-C0202,CLAIM,P040,proposition,THEOREM_GRADE,"Smooth first-jet quotient: Let C^∈fty_x denote the local algebra of smooth germs at x , and let m_x=\ f∈ C^∈fty_x:f(x)=0\ be the maximal ideal of germs vanishing at x . Then the first-jet algebra J_x^1=C^∈fty_x/ m_x^2 is isomorphic, as a real algebra, to R[ ]…"
P040-C0203,CLAIM,P040,remark,INTERPRETIVE_REMARK,"Polynomial core, smooth extension: The polynomial statements above give the exact algebraic core. Proposition explains why the same package is the local first-order layer of ordinary smooth calculus. The paper can therefore use polynomials for proof economy w…"
P040-C0204,CLAIM,P040,corollary,THEOREM_GRADE,First-order rules descend: The product and chain rules are lower-layer real identities obtained by coefficient audit from the promoted square-zero package. No second-order term survives because the gate ^2=0 annihilates all higher-order contributions.
P040-C0205,CLAIM,P040,remark,INTERPRETIVE_REMARK,The descent claim: The dual-number value f(x+ ) is not claimed to be an ordinary real value. The lower-layer accepted answer is the audited real coefficient [ ]f(x+ )=f'(x). Thus the promoted infinitesimal direction is not descended as a real scalar; only the…
P040-C0206,CLAIM,P040,corollary,NEGATIVE_RESULT_THEOREM,"Calculus as coefficient-descent usefulness: The dual-number promotion is strictly useful for first-order differentiation at a point. It supplies an accepted lower-layer answer that the value-only lower interface cannot supply, while claiming downstairs only t…"
P040-C0207,CLAIM,P040,remark,INTERPRETIVE_REMARK,What is saturated: The saturated claim is not that the polynomial is meaningless over K . The saturated claim is that the fixed lower interface cannot supply an individual root in K . The promoted layer will not erase this fact. It will instead allow roots up…
P040-C0208,CLAIM,P040,corollary,THEOREM_GRADE,"Invariant-descent profile: The Galois package has invariant-descent profile: alpha _ T_0 , C(alpha) _ B_ Gal K whenever C(alpha) is one of the declared Galois-invariant audits, such as C_ orb (alpha), Tr_ L/K (alpha), Nm_ L/K (alpha), or any G-fixed expressio…"
P040-C0209,CLAIM,P040,proposition,THEOREM_GRADE,"The quadratic example is the minimal invariant-descent witness: The root 2 does not descend to Q , but its invariant audits do: Tr_ L/K ( 2)= 2+(- 2)=0∈ Q, Nm_ L/K ( 2)= 2(- 2)=-2∈ Q, and the orbit polynomial is (t- 2)(t+ 2)=t^2-2∈ Q[t]."
P040-C0210,CLAIM,P040,remark,INTERPRETIVE_REMARK,What is local and what is global: An edge assignment a∈ C^1(Gamma;k) is local data. A potential phi∈ C^0(Gamma;k) is global data whose edge differences reproduce a . The lower descent problem is not whether a exists as edge data; it is whether a is globally i…
P040-C0211,CLAIM,P040,corollary,THEOREM_GRADE,"Period audit decides lower descent: For a finite connected graph, a∈im d_0 Longleftrightarrow Per(a)=0. Thus the period audit is a complete lower-visible test for whether local edge data descends to a global potential."
P040-C0212,CLAIM,P040,remark,INTERPRETIVE_REMARK,"Failed descent becomes useful content: In this case the promoted output is not always a positive solution. When [a]=0 , the audit certifies successful descent and allows a potential. When [a]≠0 , the audit certifies failure of descent. Both outcomes are usefu…"
P040-C0213,CLAIM,P040,corollary,NEGATIVE_RESULT_THEOREM,"Forests have no first obstruction: If Gamma is a finite tree, then H^1(Gamma;k)=0. More generally, for a finite forest, H^1 vanishes componentwise. Hence every edge assignment on a tree descends to a global potential, up to the additive constant freedom on ve…"
P040-C0214,CLAIM,P040,corollary,NEGATIVE_RESULT_THEOREM,"The triangle has a one-dimensional obstruction ledger: For the triangle graph, _k H^1(Gamma;k)=1. The class of the edge assignment in Proposition is nonzero."
P040-C0215,CLAIM,P040,remark,INTERPRETIVE_REMARK,Why the promotion is not merely notation: The cohomology interface separates local data by global obstruction class. A purely local edge-admissibility interface collapses those distinctions. Therefore the cohomology layer is not a relabeling of the local laye…
P040-C0216,CLAIM,P040,result_summary,NAMED_RESULT_OR_GATE_SURFACE,Theorem-sheet to paper-section map: The theorem sheets in research_assets/ are the source families from which the paper's body sections and appendices draw their formal statements. The map below records the consuming destinations used by the section outline a…
P040-C0217,CLAIM,P040,open_problem,OPEN_PROBLEM_OR_DEFERRED_WORK,"SAU_Synthesis_Transfer_Profile Profile abstraction, transfer, synthesis, and scoped outlook claims."
P040-C0218,CLAIM,P040,prose_definition,PROSE_DEFINITION_SECTION,Definition realization: The definition audit records 78 definition items: @ lr@ →prule Realization status Count Realized Lean definition 14 Partial realization 23 Needs real definition 41
P040-C0219,CLAIM,P040,scope_boundary,SCOPE_OR_LIMITATION_RECORD,"Complete nonclaims ledger and extended tables: This appendix records the scope fence used throughout the paper. The entries below are drafting nonclaims: they do not weaken the theorems, but state what the theorems are not meant to assert. @ > p 0.42 > p 0.50…"
P040-C0220,CLAIM,P040,nonclaim,EXPLICIT_NONCLAIM,@ > p 0.42 > p 0.50 @ →prule Nonclaim Scope discipline Usefulness is scoped. The classical constructions themselves are not claimed as new.
P058-C0001,CLAIM,P058,paper_thesis,PAPER_STATED_COMPOSITE_RESULT,"What makes a mathematical object useful when it does not live in the layer where the problem is posed? Imaginary numbers are not real, infinitesimals are not real scalars, roots of irreducible polynomials need not lie in the base field, and cohomology classes…"
P058-C0002,CLAIM,P058,nonclaim,EXPLICIT_NONCLAIM,"The claim is deliberately scoped: the paper does not claim that all mathematics is useful, does not literalize hidden objects downstairs, and does not claim that the Lean development independently proves every paper theorem."
P058-C0003,CLAIM,P058,scope_boundary,SCOPE_OR_LIMITATION_RECORD,"The claim is deliberately scoped: the paper does not claim that all mathematics is useful, does not literalize hidden objects downstairs, and does not claim that the Lean development independently proves every paper theorem."
P058-C0004,CLAIM,P058,nonclaim,EXPLICIT_NONCLAIM,"the paper does not claim novelty for complex numbers, dual numbers, splitting fields, or graph cohomology themselves."
P058-C0005,CLAIM,P058,nonclaim,EXPLICIT_NONCLAIM,"This paper does not claim that all mathematics is useful, does not classify every useful mathematical structure, and does not claim that hidden promoted objects literally belong to the lower layer. It also does not claim novelty for complex numbers, dual numb…"
P058-C0006,CLAIM,P058,definition,DEFINITION,"Theory package: A theory package is a tuple T=(Z,f,Sigma_f,E, A), where Z is a carrier, f:Z→ O is a lens or interface, Sigma_f is the family of distinctions representable through f , E is a completion or packaging operation when one is present, and A is the i…"
P058-C0007,CLAIM,P058,definition,DEFINITION,"Instrument: An instrument is a finite typed record I=(vis_I,Theta_I,BridgePolicy_I,AuditPolicy_I, SourcePolicy_I, N_I), where vis_I partitions content into \ visible,suppressed,outside,unknown\ , Theta_I gives threshold rules, BridgePolicy_I gives admissible…"
P058-C0008,CLAIM,P058,nonclaim,EXPLICIT_NONCLAIM,"It records the problem, the candidates the layer is allowed to try, the kind of answer that would count, the defect by which a candidate is judged, the threshold for passing, and the surrounding nonclaim register."
P058-C0009,CLAIM,P058,definition,DEFINITION,"Lower problem profile: A lower problem profile is a tuple P_0=( T_0,I_0,P,Cand_0(P),Ans_0(P), delta_0,Theta_0, N_0), where T_0 is the lower theory package, I_0 is the lower instrument, P is the posed problem, Cand_0(P) is the class of lower-layer candidate an…"
P058-C0010,CLAIM,P058,definition,DEFINITION,"Lower-layer saturation: The lower problem profile P_0 is saturated, written Sat( P_0), when no candidate available at the fixed lower interface passes the problem threshold: s∈Cand_0(P), Eval_ Theta_0 (delta_0(s))≠pass. In exact zero-defect cases this is s∈Ca…"
P058-C0011,CLAIM,P058,definition,DEFINITION,"Accepted lower answer: An object a is an accepted lower answer to P , written a∈Ans_0(P), when a is visible or admissibly bridged under I_0 , passes the threshold Theta_0 , satisfies the source and audit policy of I_0 , and respects the lower nonclaim registe…"
P058-C0012,CLAIM,P058,definition,DEFINITION,"Promotion bridge: A promotion bridge from a lower theory package T_0 to a promoted theory package T_1 is a finite typed record B_ 0→1 =( T_0, T_1,I_B,S,q,pi_0,pi_1,U,C, G_B,A_B, L_B, N_B), where: I_B is the bridge instrument; S is the carrier of compared stat…"
P058-C0013,CLAIM,P058,open_problem,OPEN_PROBLEM_OR_DEFERRED_WORK,the formal set-theoretic definition is deferred to .
P058-C0014,CLAIM,P058,definition,DEFINITION,"Non-descending promoted structure: A promoted structure U is non-descending relative to (q,I_B) , written U _q, when the declared lower interface cannot accept U as a lower-layer object, operation, or claim. In exact update profiles this means delta^ split _1…"
P058-C0015,CLAIM,P058,result_summary,NAMED_RESULT_OR_GATE_SURFACE,"The SAU certificate: An audited descending expression is the return leg of a promoted computation. It says that, under a specific promotion bridge, the expression C(U) formed from the promoted datum U descends to a lower answer a^ , and that the bridge checks…"
P058-C0016,CLAIM,P058,definition,DEFINITION,"Audited descending expression: Let B_ 0→1 be a promotion bridge with promoted structure U and expression former C . The expression C(U) descends with audit to a lower answer a^ , written C(U) _ B a^ , when: C(U) has the profile-appropriate descent property, s…"
P058-C0017,CLAIM,P058,definition,DEFINITION,"Strict Audited Utility certificate: Let P_0 be a lower problem profile and B_ 0→1 a promotion bridge. A Strict Audited Utility certificate, abbreviated SAU( P_0,B_ 0→1 ,U,C,a^ ), is a finite typed record containing the following six fields: Saturation field:…"
P058-C0018,CLAIM,P058,definition,DEFINITION,"Finite promoted-use trace: A finite promoted-use trace for a lower problem profile P_0 is a tuple T=(D,V,E,r,o,lambda, , B,A_ T , N,v_ ), where: D=(V,E) is a finite directed acyclic graph. An edge u→ v means that the node v depends on the node u . r records t…"
P058-C0019,CLAIM,P058,definition,DEFINITION,"Accepted promoted-use trace: A finite promoted-use trace T is accepted, written AccTrace( T), when all of the following hold: the final answer is a lower accepted answer: a^ _ T ∈Ans_0(P), Eval_ Theta_0 (delta_0(a^ _ T ))=pass; every bridge in B belongs to th…"
P058-C0020,CLAIM,P058,definition,DEFINITION,"Strict useful trace: A finite promoted-use trace T is a strict useful trace for the lower problem profile P_0 , written StrictUsefulTrace( T, P_0), when AccTrace( T), Sat( P_0), StrictTrace( T), EssProm( T) all hold. This is a pre-SAU notion. It does not assu…"
P058-C0021,CLAIM,P058,lemma,THEOREM_GRADE,"Boundary existence: If StrictUsefulTrace( T, P_0) holds, then Bd( T)≠ ."
P058-C0022,CLAIM,P058,definition,DEFINITION,"Audit boundary: Let T be an accepted trace. A node b∈ V is an audit-boundary node when: b∈ Vis_0( T) ; b∈Anc(v_ ) , so it contributes to the final answer; at least one hidden promoted node lies upstream of b : Hid_1( T) Anc(b)≠ ; every incoming dependence fro…"
P058-C0023,CLAIM,P058,definition,DEFINITION,First boundary and hidden support: A first boundary for a hidden node h∈Hid_ ( T) is a boundary node b∈Bd( T) (v_ ) such that h b and no lower-visible node strictly between h and b on the selected dependency path is already fed by h . Because D is finite and…
P058-C0024,CLAIM,P058,theorem,THEOREM_GRADE,"Essential Boundary Necessity: Let T be a finite strict useful trace for a saturated lower problem profile P_0 . Then there exist a hidden promoted subtrace H , an audited boundary expression C_H(H) , and a lower-visible boundary answer b^ such that H _ T_0 ,…"
P058-C0025,CLAIM,P058,result_summary,NAMED_RESULT_OR_GATE_SURFACE,"SAU boundary normal form: The necessity theorem gives an existence statement. The normal-form step compresses that data into a canonical shape: contract the hidden support to a single node U_H , retain the first audited boundary expression C_H(U_H) _B b^ , an…"
P058-C0026,CLAIM,P058,definition,DEFINITION,"SAU boundary normal form: An accepted trace is in SAU boundary normal form when, after deleting irrelevant nodes outside the dependency cone of the final answer, it has the schematic shape T_0 \ q\ T_1, , possibly followed by a lower-visible verifier from a^…"
P058-C0027,CLAIM,P058,theorem,THEOREM_GRADE,"SAU Boundary Normal Form: Every finite strict useful trace T is audit-equivalent to a trace in SAU boundary normal form. More precisely, there exist a hidden support node U_H , an audited expression former C_H , and a lower-visible boundary object b^ such tha…"
P058-C0028,CLAIM,P058,nonclaim,EXPLICIT_NONCLAIM,"These operations preserve the accepted lower answer, the bridge and audit records, and the nonclaim register, so the compressed trace is audit-equivalent to the original trace."
P058-C0029,CLAIM,P058,definition,DEFINITION,"Extracted SAU package: Let T be a strict useful trace and let NF_ SAU ( T) be a chosen boundary normal form . The extracted raw SAU package C( T) is the raw proof package whose fields are: SatW :=Sat( P_0), StrictW :=delta_ fact (pi_0,pi_1)≠ , NonDescW :=U_H…"
P058-C0030,CLAIM,P058,theorem,THEOREM_GRADE,"Partial converse to SAU: Let T be a finite strict useful trace with explicit provenance and declared audit boundaries. Then there exists an extracted raw SAU proof package C( T) . Moreover, if the inherited audits and lower verifier pass under the declared in…"
P058-C0031,CLAIM,P058,theorem,THEOREM_GRADE,"Necessity–soundness chain: For finite typed audited traces, the following implication chain holds: StrictUsefulTrace( T, P_0) implies C( T) with ValSAU( C( T)) implies Useful(B_ 0→1 ,P):accepted, provided the extracted package passes the inherited audit check…"
P058-C0032,CLAIM,P058,corollary,THEOREM_GRADE,"Tautology barrier: The SAU framework is not only the sufficient condition SAU implies Useful. For finite typed audited strict-use traces, the reverse extraction also holds: StrictUsefulTrace implies -shaped certificate. Thus SAU is a normal form for strict au…"
P058-C0033,CLAIM,P058,definition,DEFINITION,"Raw SAU proof package: A raw Strict Audited Utility proof package is a finite record C=( P_0,B_ 0→1 ,U,C,a^ ; SatW,StrictW,NonDescW,DescW,SolveW,AuditW) whose six witness fields are intended to prove the following six obligations: SatW :Sat( P_0), StrictW :de…"
P058-C0034,CLAIM,P058,definition,DEFINITION,"Validated SAU proof package: A raw proof package C is validated when every witness field is checked under the declared instruments I_0 and I_B , every bridge used by the proof belongs to the declared admissible bridge family, and every nonclaim required by N_…"
P058-C0035,CLAIM,P058,nonclaim,EXPLICIT_NONCLAIM,"Thus ValSAU( C) means that each witness field has passed the declared checks, every bridge is admissible, and the nonclaim register has been recorded."
P058-C0036,CLAIM,P058,theorem,THEOREM_GRADE,"Strict Audited Utility Soundness: Let C be a validated raw SAU proof package for ( P_0,B_ 0→1 ,U,C,a^ ) . Then the following instrument-indexed claim is accepted: Gamma; T_0 T_1;I_B Useful(B_ 0→1 ,P):accepted. More explicitly, the accepted claim has the follo…"
P058-C0037,CLAIM,P058,corollary,THEOREM_GRADE,"No collapse of hidden structure: Under the hypotheses of Theorem , the accepted usefulness claim does not entail U∈ T_0 or any equivalent lower-layer literalization of the promoted structure, unless that stronger claim is separately bridged and audited."
P058-C0038,CLAIM,P058,corollary,THEOREM_GRADE,"No reduction to notation: Under the hypotheses of Theorem , the promoted layer is not merely a notational variant of the lower layer at the declared interface."
P058-C0039,CLAIM,P058,corollary,THEOREM_GRADE,"Nontrivial usefulness: Under the hypotheses of Theorem , the promoted layer supplies an accepted lower answer that the fixed lower interface does not supply."
P058-C0040,CLAIM,P058,definition,DEFINITION,"SAU failure fields: For a raw candidate package C=( P_0,B_ 0→1 ,U,C,a^ ; SatW,StrictW,NonDescW,DescW,SolveW,AuditW), define the six SAU failure fields as follows: F_ sat ( C)= , Sat( P_0), \ \ , otherwise, F_ strict ( C)= , delta_ fact (pi_0,pi_1)≠ , \ \ , de…"
P058-C0041,CLAIM,P058,open_problem,OPEN_PROBLEM_OR_DEFERRED_WORK,"Audit failure An overreading, smuggling, provenance, or replay check remains open."
P058-C0042,CLAIM,P058,definition,DEFINITION,"SAU diagnostic tag set: The diagnostic tag set of a raw package is the finite set Diag_ SAU ( C)⊆ \ accepted,convenient,non_strict,not_hidden, unreturned,irrelevant,failed_audit, smuggled,overread \ assigned by the following rules: accepted∈Diag_ SAU ( C) onl…"
P058-C0043,CLAIM,P058,definition,DEFINITION,"Counterfeit SAU patterns: A candidate bridge has one of the following counterfeit profiles when it resembles SAU informally but lacks a required field: Ornamental extension: Strict(B), U _q, but C(U) _B a^ . The promoted layer is richer but unreturned. Mere n…"
P058-C0044,CLAIM,P058,proposition,THEOREM_GRADE,"SAU failure classifier: Let C be a raw SAU proof package. If one of the six witness fields fails, then the strict audited utility claim is not accepted at SAU strength. More specifically: If Sat( P_0) fails, the SAU-strength claim status is not accepted; any…"
P058-C0045,CLAIM,P058,theorem,THEOREM_GRADE,"Acceptance boundary for SAU: A raw package C can be validated as an SAU proof package only if F_ SAU ( C)= . Conversely, if the six witness fields are verified under the declared instruments and F_ SAU ( C)= , then C validates to an SAU proof package: ValSAU(…"
P058-C0046,CLAIM,P058,open_problem,OPEN_PROBLEM_OR_DEFERRED_WORK,"For the converse, the six verified witness fields supply saturation, strictness, non-descent, descent, solving, and audit safety, while F_ SAU ( C)= records that none of the corresponding failure conditions remains open."
P058-C0047,CLAIM,P058,corollary,THEOREM_GRADE,"Failure blocks SAU-strength acceptance: If at least one component of F_ SAU ( C) is nonempty, then the strict audited utility claim Gamma; T_0 T_1;I_B Useful(B_ 0→1 ,P):accepted is not licensed by Theorem ."
P058-C0048,CLAIM,P058,nonclaim,EXPLICIT_NONCLAIM,"Finally, the exact-six role vector records the same idea at the inherited six-role level: a role is usable only when it is present, aligned, thresholded, visible or bridged, audited, and nonclaim-safe."
P058-C0049,CLAIM,P058,definition,DEFINITION,"Exact-six role failure vector: For a candidate exact-six upgrade with role witnesses (W_1,W_2,W_3,W_4,W_5,W_6), define R_6=(R_1,R_2,R_3,R_4,R_5,R_6), where R_i= exactly when W_i is present, role-aligned, thresholded, level-indexed, visible or bridged, audited…"
P058-C0050,CLAIM,P058,definition,DEFINITION,"Lower-layer literalization claim: A lower-layer literalization claim for a promoted structure U , written Lit_0(U), is a claim that asserts one of the following at the lower layer without an additional admissible bridge for U itself: U∈ T_0 ; U _q ; U is dire…"
P058-C0051,CLAIM,P058,theorem,THEOREM_GRADE,No-overreading of hidden promoted structure: Assume a bridge satisfies the SAU non-descent field U _q and the audited descent field C(U) _B a^ . Then the lower-layer literalization claim Lit_0(U) is blocked unless an additional admissible bridge for U itself…
P058-C0052,CLAIM,P058,definition,DEFINITION,"Reduced SAU boundary trace: A reduced SAU boundary trace is a normal-form trace B= ( P_0,B_ 0→1 ,U,C,a^ ;A_ B , N ) obtained from a finite strict useful trace by the boundary-normal-form theorem of , such that: U is the hidden support subtrace or generated hi…"
P058-C0053,CLAIM,P058,definition,DEFINITION,Boundary constructor and head: Let C(U) be the selected expression in a reduced boundary trace. Its head constructor is the outermost audit-relevant operation used to turn the hidden support into a lower-descending expression. It is denoted Head(C). The head…
P058-C0054,CLAIM,P058,definition,DEFINITION,"Boundary support: The boundary support of C(U) , written Supp_ Boundary (C(U)), is the smallest part of the hidden support and promoted package used by the head constructor to produce the audited descendant. In a root-composite profile this is the orbit of U…"
P058-C0055,CLAIM,P058,definition,DEFINITION,"Basic audit grammar: The basic SAU audit grammar G_ Basic is the typed grammar whose primitive boundary constructors are the following: Composite or power constructor: C(U)=U^n (n 2) or, more generally, a finite composite of a hidden update whose selected com…"
P058-C0056,CLAIM,P058,definition,DEFINITION,Basic boundary trace: A reduced SAU boundary trace B is basic when its boundary expression C(U) is generated by G_ Basic and every constructor used in C is declared in the bridge audit record. We write BasicSAU( B).
P058-C0057,CLAIM,P058,definition,DEFINITION,"Profile registry generated by the basic grammar: The basic profile registry is R_ Basic =\ RootComp,Coeff,ProjShad,InvDesc,AggInv,ObsLed\ . The four canonical case-study profiles are the subregistry R_ 4 =\ RootComp,Coeff,InvDesc,ObsLed\ . The registry map rh…"
P058-C0058,CLAIM,P058,theorem,NEGATIVE_RESULT_THEOREM,"Primitive head classification: Let B be a reduced basic SAU boundary trace whose boundary expression has a primitive head constructor in G_ Basic . Then B has a unique primitive profile label in R_ Basic , namely Profile( B)=rho_ Basic (Head(C)). More explici…"
P058-C0059,CLAIM,P058,corollary,THEOREM_GRADE,"Four canonical witnesses classify by head: The four canonical witnesses have the following primitive head classifications: Profile(Imag)=RootComp, Profile(Jet)=Coeff, Profile(Gal)=InvDesc with trace/norm subprofile AggInv, Profile(Coh)=ObsLed."
P058-C0060,CLAIM,P058,proposition,THEOREM_GRADE,"Pairwise sort distinction of the four canonical profiles: The four canonical profile labels RootComp, Coeff, InvDesc, ObsLed are pairwise distinct in the typed basic grammar. In particular, a proof that a boundary is of one canonical type does not by itself p…"
P058-C0061,CLAIM,P058,theorem,THEOREM_GRADE,Composite boundary classification: Let B be a reduced basic SAU boundary trace. Then its profile is either a primitive label in R_ Basic or a finite product profile generated by primitive labels: Profile( B)∈ Gen_ fin ( R_ Basic ). If C(U) is a composite expr…
P058-C0062,CLAIM,P058,corollary,THEOREM_GRADE,"Basic profile normal form: Every finite strict useful trace whose reduced boundary lies in the basic audit grammar has an audit-equivalent normal form . Consequently, within the scope of the basic grammar, strict mathematical usefulness is mediated by a finit…"
P058-C0063,CLAIM,P058,theorem,THEOREM_GRADE,"Basic classification soundness: Let T be a finite strict useful trace whose reduced boundary is basic. Then there exists a validated SAU certificate whose profile is classified by R_ Basic : StrictUsefulTrace( T) and BasicSAU(Red( T)) implies C, p ValSAU( C)…"
P058-C0064,CLAIM,P058,corollary,THEOREM_GRADE,"Why the classification is non-tautological: The classification theorem does not say that a bridge is useful because it has been named useful. It says that, for finite strict useful traces whose boundary lies in the basic grammar, the necessity theorem first e…"
P058-C0065,CLAIM,P058,definition,DEFINITION,"Finite real-shadow layer: Let Y=\ -1,0,1\ and let F:Y→ Y, F(y)=-y. The map F is called the lower reversal. The same-layer half-step problem asks for a map H:Y→ Y such that H^2=F. For this profile set Cand_0(P_ Imag )=End(Y) and define the exact defect delta_…"
P058-C0066,CLAIM,P058,lemma,THEOREM_GRADE,"No same-layer half-step: There is no map H:Y→ Y satisfying H^2=F. Equivalently, H∈End(Y), delta_ Imag,0 (H)=1."
P058-C0067,CLAIM,P058,open_problem,OPEN_PROBLEM_OR_DEFERRED_WORK,A full enumeration of the original 27 candidates is deferred to .
P058-C0068,CLAIM,P058,corollary,THEOREM_GRADE,"Lower-layer saturation for half-reversal: The lower problem profile P_ Imag,0 is saturated: Sat( P_ Imag,0 )."
P058-C0069,CLAIM,P058,definition,DEFINITION,"Four-phase carrier and real-shadow lens: Let X=C_4=\ 1,i,-1,-i\ with the cyclic update G:X→ X, G(z)=iz. Thus 1↦ i↦ -1↦ -i↦ 1. Define the real-shadow lens q:X→ Y by q(1)=1, q(-1)=-1, q(i)=q(-i)=0. The promoted operation is U=G . The selected expression former…"
P058-C0070,CLAIM,P058,definition,DEFINITION,"The imaginary-number promotion bridge: The imaginary-number promotion bridge is the record B_ Imag =( T_0, T_1,I_ Imag ,S,q, pi_0, pi_1,U,C, G_ Imag , A_ Imag , L_ Imag , N_ Imag ), where: T_0 is the finite real-shadow package on Y=\ -1,0,1\ with reversal F ;…"
P058-C0071,CLAIM,P058,lemma,THEOREM_GRADE,"The quarter-turn does not descend: The update G does not descend through q : G _q. Equivalently, delta^ split _1(q,G)≠ ."
P058-C0072,CLAIM,P058,lemma,THEOREM_GRADE,"The square descends as real reversal: The square G^2 descends through q to the lower reversal F : qG^2=Fq. Therefore G^2 _q F and delta^ split _1(q,G^2)= ."
P058-C0073,CLAIM,P058,proposition,THEOREM_GRADE,"Root-composite profile: The four-phase promotion realizes the root-composite normal form G _q, G^2 _q F. Thus the hidden half-step is not a lower-layer operation, while its composite is a lower-layer operation."
P058-C0074,CLAIM,P058,proposition,THEOREM_GRADE,Cardinal minimality of strict phase promotion: Let q:X Y be a surjective finite shadow map. Suppose there is an update G:X→ X such that G does not descend through q . Then |X|≥ 4. The four-phase carrier C_4 realizes this lower bound while also satisfying G^2…
P058-C0075,CLAIM,P058,open_problem,OPEN_PROBLEM_OR_DEFERRED_WORK,The full small-cardinality enumeration is deferred to .
P058-C0076,CLAIM,P058,proposition,THEOREM_GRADE,"Strictness witness: Let the comparison carrier be S=X , let pi_0=q:X→ Y, pi_1= _X:X→ X. Then the promotion is strict: delta_ fact (pi_0, pi_1)≠ . In particular, delta_ fact (pi_0,pi_1)≠ ."
P058-C0077,CLAIM,P058,result_summary,NAMED_RESULT_OR_GATE_SURFACE,"SAU certificate, real-linear completion, and no-overreading: The preceding results supply the fields of the imaginary Strict Audited Utility certificate. Saturation is ; strictness is ; non-descent is ; and the descended expression is . The bridge package B_…"
P058-C0078,CLAIM,P058,nonclaim,EXPLICIT_NONCLAIM,"The bridge package B_ Imag from supplies the declared audit data, accepted lower output, and nonclaim register."
P058-C0079,CLAIM,P058,theorem,THEOREM_GRADE,"Imaginary numbers satisfy Strict Audited Utility: The package B_ Imag supplies a validated Strict Audited Utility certificate for the square-root-of-reversal defect: Imag SAU. Equivalently, Sat( P_ Imag,0 ) + Strict(B_ Imag ) + G _q + G^2 _q F + AuditPass(B_…"
P058-C0080,CLAIM,P058,nonclaim,EXPLICIT_NONCLAIM,"The remaining fields are the bridge audit, accepted lower output a^ _ Imag , and nonclaim register declared in , read through the certificate format of ."
P058-C0081,CLAIM,P058,theorem,THEOREM_GRADE,"Minimal real-linear completion: Let J be a real-linear hidden half-step satisfying J^2=-I. The minimal nonzero real-linear package carrying such a J is two-dimensional. In that package, the real algebra generated by J is R[J]=\ aI+bJ:a,b∈ R\ , with multiplica…"
P058-C0082,CLAIM,P058,nonclaim,EXPLICIT_NONCLAIM,It does not assert that the hidden quarter-turn itself has become a lower real-shadow state or a real scalar.
P058-C0083,CLAIM,P058,corollary,THEOREM_GRADE,"No literalization of i: The accepted usefulness claim for imaginary numbers does not entail i∈ Y or, in the real-linear completion, i∈ R. It entails only that the promoted half-step is lawful upstairs and that its selected audited descendants, such as G^2 , r…"
P058-C0084,CLAIM,P058,nonclaim,EXPLICIT_NONCLAIM,"It does not license membership claims about the hidden promoted operation U=G , and the nonclaim register in explicitly records that G (Y) , G _q , and that i is not a real-shadow state."
P058-C0085,CLAIM,P058,definition,DEFINITION,"Value-only derivative-extraction problem: The lower candidate class for the derivative-extraction problem is Cand_0(P_ Jet )=\ m: R→ R\ , where a candidate m is intended to compute derivative information from the visible value f(x) . Define the exact defect d…"
P058-C0086,CLAIM,P058,lemma,THEOREM_GRADE,"Derivative does not factor through point value: There is no map m: R→ R such that m _x=D_x. Equivalently, m∈Cand_0(P_ Jet ), delta_ Jet,0 (m)=1."
P058-C0087,CLAIM,P058,corollary,THEOREM_GRADE,"Lower-layer saturation for value-only differentiation: The lower problem profile P_ Jet,0 is saturated: Sat( P_ Jet,0 )."
P058-C0088,CLAIM,P058,lemma,THEOREM_GRADE,"No nonzero square-zero real scalar: If r∈ R and r^2=0, then r=0. Consequently, the element ∈ R[ ]/( ^2) is not a real scalar."
P058-C0089,CLAIM,P058,definition,DEFINITION,"Dual-number algebra: Let R[ ]/( ^2)= R[ ]/( ^2). Every element of R[ ]/( ^2) has a unique form a+b , a,b∈ R, with ^2=0. Define the standard-part audit and coefficient audit by st(a+b )=a, [ ](a+b )=b. The promoted first-order interface at x is j_x^1: P→ R[ ]/…"
P058-C0090,CLAIM,P058,definition,DEFINITION,Value and first-jet interfaces: Let the comparison carrier be the polynomial algebra S_ Jet = R[t]. Define pi_0= _x:S_ Jet → R and pi_1=j_x^1:S_ Jet → R[ ]/( ^2). The lower interface pi_0 sees only value. The promoted interface pi_1 sees value plus first-orde…
P058-C0091,CLAIM,P058,lemma,THEOREM_GRADE,"First-jet formula for polynomials: For every polynomial f∈ R[t] , f(x+ )=f(x)+f'(x) in R[ ]/( ^2) ."
P058-C0092,CLAIM,P058,corollary,THEOREM_GRADE,"Standard part recovers value: For every polynomial f∈ R[t] , st(j_x^1(f))=f(x). Equivalently, st j_x^1= _x."
P058-C0093,CLAIM,P058,corollary,THEOREM_GRADE,"Coefficient audit recovers derivative: For every polynomial f∈ R[t] , [ ]j_x^1(f)=f'(x). Equivalently, [ ] j_x^1=D_x."
P058-C0094,CLAIM,P058,lemma,THEOREM_GRADE,"First-jet promotion is strict: The promoted first-jet interface does not factor through the value-only interface: delta_ fact (pi_0,pi_1)≠ ."
P058-C0095,CLAIM,P058,lemma,THEOREM_GRADE,"The infinitesimal direction is non-descending: The promoted direction is not a lower-layer real scalar and is not recoverable from the standard-part shadow. More precisely, st(0)=st( )=0, 0≠ , so the promoted identity interface on R[ ]/( ^2) is strict over th…"
P058-C0096,CLAIM,P058,proposition,THEOREM_GRADE,"Product rule from dual-number multiplication: For all f,g∈ R[t] , [ ](fg)(x+ ) = f'(x)g(x)+f(x)g'(x)."
P058-C0097,CLAIM,P058,proposition,THEOREM_GRADE,"Chain rule from first-jet substitution: For all f,g∈ R[t] , [ ]f(g(x+ )) = f'(g(x))g'(x). Equivalently, D_x(f g)=D_ g(x) (f) D_x(g)."
P058-C0098,CLAIM,P058,result_summary,NAMED_RESULT_OR_GATE_SURFACE,"Minimal square-zero promotion and SAU certificate: The dual-number algebra is not an arbitrary gadget added after the fact. Once one asks for a commutative real algebra with a nonzero square-zero direction, the algebra generated by that direction has the dual…"
P058-C0099,CLAIM,P058,proposition,THEOREM_GRADE,"Minimal square-zero real-algebra package: Let R_ alg be a commutative unital real algebra and let ∈ R_ alg satisfy ^2=0, ≠ 0. Then the real subalgebra generated by 1 and is canonically isomorphic to R[ ]/( ^2) : R[ ] R[ ]/( ^2)."
P058-C0100,CLAIM,P058,theorem,THEOREM_GRADE,"Calculus first-jets satisfy Strict Audited Utility: The first-order dual-number package supplies a Strict Audited Utility certificate for the value-only derivative-extraction problem: Jet . More explicitly, with pi_0= _x, pi_1=j_x^1, U= , C(U;f)=[ ]f(x+ ), a^…"
P058-C0101,CLAIM,P058,nonclaim,EXPLICIT_NONCLAIM,"The nonclaim field is enforced by and : is not a real scalar, and the derivative was not obtained from value alone."
P058-C0102,CLAIM,P058,lemma,THEOREM_GRADE,"Irreducible non-linear polynomials have no base-field root: For the above p , no element a∈ K satisfies p(a)=0. Consequently, a∈Cand_0(P_ Gal ), delta_ Gal,0 (a)=1."
P058-C0103,CLAIM,P058,corollary,THEOREM_GRADE,"Lower-layer saturation for individual root representation: The lower problem profile for same-layer individual root representation is saturated: Sat( P_ Gal,0 )."
P058-C0104,CLAIM,P058,definition,DEFINITION,"Galois root-use problem: The Galois root-use problem P_ Gal has two layers: the saturated lower request for an individual root in K , with candidate class K and defect delta_ Gal,0 ; the audited replacement answer type consisting of base-field invariant data…"
P058-C0105,CLAIM,P058,theorem,THEOREM_GRADE,"Universal minimal root-adjoining package: Let R_ alg be a commutative K -algebra and let r∈ R_ alg satisfy p(r)=0. Then there is a unique K -algebra homomorphism _r:K[t]/(p)→ R_ alg such that _r(t p)=r. In particular, K[t]/(p) is the minimal universal K -alge…"
P058-C0106,CLAIM,P058,theorem,THEOREM_GRADE,"Promoted splitting closes the root-representation defect upstairs: In the splitting field L , the polynomial p factors as p(t)= _ j=1 ^ n (t-alpha_j) with distinct roots alpha_1, ,alpha_n∈ L . Hence the promoted layer represents all roots of p ."
P058-C0107,CLAIM,P058,lemma,THEOREM_GRADE,"A promoted root need not descend: For any root alpha∈ L of p , one has alpha K. Thus an individual promoted root is not accepted as lower-layer content."
P058-C0108,CLAIM,P058,lemma,THEOREM_GRADE,"No base-field evaluation retract for a non-base root: There is no K -algebra homomorphism r:K[alpha]→ K such that r(alpha)=alpha or, more generally, such that r(alpha) is a root of p in K ."
P058-C0109,CLAIM,P058,theorem,THEOREM_GRADE,"Strictness of the splitting-field promotion: Let S=\ alpha_1, ,alpha_n\ ⊆ L be the set of roots of p . Define pi_0:S→ K[t], pi_0(beta)=p, and pi_1:S→ L, pi_1(beta)=beta. Then delta_ fact (pi_0,pi_1)≠ . Hence the promoted root layer is strict relative to the l…"
P058-C0110,CLAIM,P058,theorem,THEOREM_GRADE,"Elementary symmetric descent: Let p(t)=t^n+a_ n-1 t^ n-1 + +a_1t+a_0 with a_j∈ K , and let alpha_1, ,alpha_n be its roots in L . Then the elementary symmetric functions e_j(alpha_1, ,alpha_n) lie in K , with e_j(alpha_1, ,alpha_n)=(-1)^j a_ n-j . More general…"
P058-C0111,CLAIM,P058,theorem,THEOREM_GRADE,"Fixed-field audit: For the finite Galois extension L/K , L^G=K, G=Gal(L/K). Consequently, an element x∈ L descends to the base field exactly when it is fixed by every K -automorphism of L : x∈ K Longleftrightarrow sigma(x)=x for all sigma∈ G."
P058-C0112,CLAIM,P058,theorem,THEOREM_GRADE,"Trace and norm are descending audits: For every x∈ L , define Tr_ L/K (x)= _ sigma∈ G sigma(x), Nm_ L/K (x)= _ sigma∈ G sigma(x). Then Tr_ L/K (x)∈ K, Nm_ L/K (x)∈ K. In particular, if alpha is a promoted root of p , then Tr_ L/K (alpha),\ Nm_ L/K (alpha)∈ K."
P058-C0113,CLAIM,P058,corollary,THEOREM_GRADE,"Orbit polynomials descend: For alpha∈ L , the orbit polynomial C_ orb (alpha)(t) = _ beta∈ Orb_G(alpha) (t-beta) has coefficients in K . If alpha is a root of the irreducible separable polynomial p , then C_ orb (alpha)=p."
P058-C0114,CLAIM,P058,result_summary,NAMED_RESULT_OR_GATE_SURFACE,"SAU certificate and no-literalization: The Galois case now has the certificate ingredients in place. The lower root request is saturated, the splitting-field promotion is strict, promoted roots do not descend to K , and invariant expressions such as orbit pol…"
P058-C0115,CLAIM,P058,theorem,THEOREM_GRADE,"Galois theory supplies an SAU certificate: For a monic separable irreducible p∈ K[t] of degree greater than one, with splitting field L/K and Galois group G=Gal(L/K) , the Galois root package gives a Strict Audited Utility certificate: Gal . More explicitly:…"
P058-C0116,CLAIM,P058,nonclaim,EXPLICIT_NONCLAIM,The nonclaim register is the explicit refusal to infer alpha∈ K from those descended invariant data.
P058-C0117,CLAIM,P058,definition,DEFINITION,"Period audit over cycles: A directed closed walk or cycle gamma determines a signed sum of oriented edges. For a∈ C^1(Gamma;k) , define the period of a around gamma by _gamma a = _ e∈ gamma epsilon_e a(e), where epsilon_e=1 if gamma traverses e in the chosen…"
P058-C0118,CLAIM,P058,definition,DEFINITION,"Local interface and cohomology interface: Let S=C^1(Gamma;k). Define the lower local interface by pi_0:S→\ locally-admissible\ , pi_0(a)=locally-admissible, and the promoted cohomology interface by pi_1:S→ H^1(Gamma;k), pi_1(a)=[a]."
P058-C0119,CLAIM,P058,definition,DEFINITION,"Cohomological non-descent and audit: For a∈ C^1(Gamma;k) , write a _ pot when no global potential phi∈ C^0(Gamma;k) satisfies d_0phi=a . Define the obstruction expression C(a)=([a],Per(a)). It is audited by the equivalences [a]=0 Longleftrightarrow Per(a)=0 L…"
P058-C0120,CLAIM,P058,definition,DEFINITION,"Cohomology descent-use problem: For a fixed finite connected graph Gamma and edge datum a∈ C^1(Gamma;k) , the cohomology descent-use problem P_ Coh (a) asks for an accepted lower answer to the question: Does a descend to a global potential? The lower candidat…"
P058-C0121,CLAIM,P058,lemma,THEOREM_GRADE,"Exact edge data have zero cycle periods: If a=d_0phi for some phi∈ C^0(Gamma;k) , then for every cycle gamma , _gamma a=0."
P058-C0122,CLAIM,P058,corollary,NEGATIVE_RESULT_THEOREM,"Cycle period obstruction: If there exists a cycle gamma such that _gamma a≠ 0, then no global potential phi satisfies d_0phi=a. Consequently the lower problem profile P_ a,0 is saturated for the candidate class C^0(Gamma;k) ."
P058-C0123,CLAIM,P058,theorem,THEOREM_GRADE,"Path-independence criterion for exactness: Let Gamma be finite and connected. For a∈ C^1(Gamma;k) , the following are equivalent: there exists phi∈ C^0(Gamma;k) with d_0phi=a, _gamma a=0 for every cycle gamma."
P058-C0124,CLAIM,P058,theorem,NEGATIVE_RESULT_THEOREM,"Cohomology class is the exact obstruction: For a∈ C^1(Gamma;k) , [a]=0 in H^1(Gamma;k) Longleftrightarrow phi∈ C^0(Gamma;k) such that d_0phi=a. Equivalently, [a]=0 Longleftrightarrow a∈im d_0."
P058-C0125,CLAIM,P058,corollary,NEGATIVE_RESULT_THEOREM,"Cohomology and periods give equivalent audits: For a finite connected graph, [a]=0 Longleftrightarrow Per(a)=0. Thus the quotient ledger [a] and the period audit record the same exactness obstruction."
P058-C0126,CLAIM,P058,theorem,NEGATIVE_RESULT_THEOREM,"Dimension of the graph obstruction ledger: If Gamma is finite and connected, then _k H^1(Gamma;k)=|E|-|V|+1."
P058-C0127,CLAIM,P058,proposition,NEGATIVE_RESULT_THEOREM,"Triangle graph as a minimal obstruction witness: Let Gamma be the oriented triangle with edges e_ 12 :v_1→ v_2, e_ 23 :v_2→ v_3, e_ 31 :v_3→ v_1. Define a∈ C^1(Gamma;k) by a(e_ 12 )=1, a(e_ 23 )=0, a(e_ 31 )=0. Then a does not descend to a global potential."
P058-C0128,CLAIM,P058,open_problem,OPEN_PROBLEM_OR_DEFERRED_WORK,The formal one-dimensional triangle ledger corollary is deferred to the methods appendix with the other worked graph computations.
P058-C0129,CLAIM,P058,result_summary,NAMED_RESULT_OR_GATE_SURFACE,Strictness and SAU certificate as obstruction profile: The cochain promotion is strict because the lower local interface forgets the global obstruction class. Two edge data can both be locally admissible while only one carries a nonzero H^1 -class. [Strictnes…
P058-C0130,CLAIM,P058,theorem,THEOREM_GRADE,"Strictness of cohomological promotion: If H^1(Gamma;k)≠0 , then delta_ fact (pi_0,pi_1)≠ . Thus the cohomology layer is strict relative to the purely local edge-admissibility interface."
P058-C0131,CLAIM,P058,theorem,NEGATIVE_RESULT_THEOREM,"Obstruction-ledger descent profile: For a finite connected graph, the cohomology package has the obstruction-ledger profile: a _ pot Longleftrightarrow [a]≠0 Longleftrightarrow gamma with _gamma a≠0. When [a]=0 , the same package supplies a positive descent w…"
P058-C0132,CLAIM,P058,nonclaim,EXPLICIT_NONCLAIM,"The SAU certificate is now the same six-field pattern as in the previous cases: saturation of the requested potential for a nonzero class, strictness of the cohomology interface, non-descent of the edge datum, audited obstruction descent, usefulness of the ne…"
P058-C0133,CLAIM,P058,theorem,NEGATIVE_RESULT_THEOREM,"Cohomology supplies an SAU obstruction certificate: Let Gamma be a finite connected graph with H^1(Gamma;k)≠0 , and let a∈ C^1(Gamma;k) satisfy [a]≠0 . Then the cohomology package gives a Strict Audited Utility certificate for the saturated obstruction instan…"
P058-C0134,CLAIM,P058,nonclaim,EXPLICIT_NONCLAIM,"Usefulness is the negative obstruction certificate supplied by the nonzero class or period, and the nonclaim register blocks the overreading that local edge admissibility alone implies global descent."
P058-C0135,CLAIM,P058,definition,DEFINITION,"Canonical witness vector: The canonical witness vector is the ordered family W_ 4 = ( W_ Imag , W_ Jet , W_ Gal , W_ Coh ), where: W_ Imag is the root-composite witness built from the four-phase carrier C_4=\ 1,i,-1,-i\ , the real-shadow lens q:C_4→\ -1,0,1\…"
P058-C0136,CLAIM,P058,lemma,THEOREM_GRADE,"Imaginary witness projects to SAU fields: The witness W_ Imag is SAU-complete. Its six-field projection is: ll SatW: no same-layer H:\ -1,0,1\ →\ -1,0,1\ satisfies H^2(y)=-y,\ 2mm] StrictW: delta_ fact (q,id_ C_4 )≠ , witnessed by (i,-i),\ 2mm] NonDescW: G _q…"
P058-C0137,CLAIM,P058,nonclaim,EXPLICIT_NONCLAIM,"The six fields are exactly the saturation, strictness, non-descent, descent, accepted-answer, and nonclaim components established for the imaginary case in ."
P058-C0138,CLAIM,P058,lemma,NEGATIVE_RESULT_THEOREM,"Calculus witness projects to SAU fields: The witness W_ Jet is SAU-complete. Its six-field projection is: ll SatW: point value ev_x(f)=f(x) cannot determine f'(x),\ 1mm] StrictW: j_x^1 distinguishes functions that ev_x collapses,\ 1mm] NonDescW: R and no nonz…"
P058-C0139,CLAIM,P058,nonclaim,EXPLICIT_NONCLAIM,"The value-only saturation, first-jet strictness, non-descent of , coefficient descent, accepted derivative functional, and nonclaim discipline are the calculus certificate components developed in ."
P058-C0140,CLAIM,P058,lemma,THEOREM_GRADE,"Galois witness projects to SAU fields: The witness W_ Gal is SAU-complete. Its six-field projection is: ll SatW: p∈ K[t] irreducible nonlinear has no root in K,\ 1mm] StrictW: the splitting field distinguishes roots the base polynomial interface collapses,\ 1…"
P058-C0141,CLAIM,P058,lemma,NEGATIVE_RESULT_THEOREM,"Cohomology witness projects to SAU fields: The witness W_ Coh is SAU-complete for the saturated obstruction instance. Its six-field projection is: ll SatW: [a]≠0 implies no global potential phi satisfies d_0phi=a,\ 1mm] StrictW: H^1 distinguishes obstruction…"
P058-C0142,CLAIM,P058,nonclaim,EXPLICIT_NONCLAIM,"The cohomology section supplies the saturated obstruction instance, strict cohomology interface, non-descending edge datum, class-and-period audit, negative certificate, and nonclaim register in ."
P058-C0143,CLAIM,P058,theorem,THEOREM_GRADE,"Four canonical SAU witnesses: The canonical witness vector satisfies W_4 ^4, that is, Imag , Jet , Gal , Coh . Consequently each of the four promoted packages licenses a strict audited usefulness claim under the soundness theorem of ."
P058-C0144,CLAIM,P058,theorem,NEGATIVE_RESULT_THEOREM,"Uniform non-descent/descent normal form: For every witness W∈\ W_ Imag , W_ Jet , W_ Gal , W_ Coh \ , there exist a promoted structure U_ W , an expression former C_ W , a lower answer a^ _ W , and a bridge B_ W such that U_ W _ T_0 but C_ W (U_ W ) _ B_ W a^…"
P058-C0145,CLAIM,P058,nonclaim,EXPLICIT_NONCLAIM,"The four cases share a structural pattern: saturation of a lower problem, strictness of the promoted interface, a non-descending support, an audited descended expression, an accepted lower answer, and a nonclaim discipline."
P058-C0146,CLAIM,P058,definition,DEFINITION,"Case profile: The case profile of a witness W is Profile( W) =(tau_ nondesc ,tau_ desc ,tau_ audit ,tau_ defect ), where tau_ nondesc records the type of non-descending structure, tau_ desc records the type of selected descendant, tau_ audit records the audit…"
P058-C0147,CLAIM,P058,definition,DEFINITION,"SAU profile skeleton: An SAU profile skeleton is a finite typed record p= (tau_ 0 ,tau_ sat ,tau_ strict , tau_ U ,tau_ C ,tau_ desc ,tau_ solve , tau_ audit ,tau_ nonclaim ), where: tau_0 records the lower-layer problem type; tau_ sat records the saturation…"
P058-C0148,CLAIM,P058,definition,DEFINITION,"Profile instance: Let p be an SAU profile skeleton. A profile instance of p is a raw candidate package C=( P_0,B_ 0→1 ,U,C,a^ ; SatW,StrictW,NonDescW,DescW,SolveW,AuditW) together with a typing map rho: C p which assigns each concrete witness field of C to th…"
P058-C0149,CLAIM,P058,definition,DEFINITION,"Validated profile instance: A profile instance Inst( p, C) is validated when F_ SAU ( C)= under the declared instruments, thresholds, bridges, and nonclaim registers. We write Inst_ SAU ( p, C) for a validated profile instance."
P058-C0150,CLAIM,P058,definition,DEFINITION,"Substrate erasure: For a raw candidate package C , define its substrate erasure Erase( C)=Profile( C) to be the record obtained by forgetting the substrate-specific carriers, elements, functions, roots, graphs, fields, and algebras, while retaining: (tau_ 0 ,…"
P058-C0151,CLAIM,P058,lemma,THEOREM_GRADE,"Profile equivalence does not imply object identity: If C _ Profile C' , it does not follow that the promoted structures U and U' are equal, isomorphic, or members of the same lower theory layer."
P058-C0152,CLAIM,P058,proposition,THEOREM_GRADE,"Abstraction as audited erasure: In the SAU setting, abstraction is useful when Erase removes substrate-specific implementation details while preserving the fields needed for SAU validation. In particular, if Inst_ SAU ( p, C), then the abstract profile p=Eras…"
P058-C0153,CLAIM,P058,nonclaim,EXPLICIT_NONCLAIM,"Substrate erasure removes the material implementation but keeps the slot types for saturation, strictness, non-descent, descent, solving, audit, and nonclaim discipline."
P058-C0154,CLAIM,P058,definition,DEFINITION,"Profile equivalence: Two candidate packages C and C' are profile-equivalent, written C _ Profile C', when their substrate erasures are isomorphic as typed SAU skeletons. This means that their six witness obligations have the same role shape, but it does not a…"
P058-C0155,CLAIM,P058,definition,DEFINITION,"SAU transfer plan: An SAU transfer plan from a source package C_s to a target package C_t is a triple Transfer( C_s, C_t; p) such that: Inst_ SAU ( p, C_s) , so the source realizes p with a validated certificate; Inst( p, C_t) , so the target inhabits the sam…"
P058-C0156,CLAIM,P058,definition,DEFINITION,"Canonical SAU profile registry: The four canonical witnesses determine the registry R_4= \ p_ RootComp , p_ Coeff , p_ InvDesc , p_ ObsLed \ , where: p_ RootComp is the root-composite profile: U _q, U^n _q F. p_ Coeff is the coefficient or standard-part profi…"
P058-C0157,CLAIM,P058,definition,DEFINITION,"SAU coverage: Let P be a family of lower-layer problems and let R be a finite registry of SAU profile skeletons. We say that R SAU-covers P , written Cover_ SAU ( R, P), when for every P∈ P there exist a lower problem profile P_ 0,P , a candidate bridge B_P ,…"
P058-C0158,CLAIM,P058,theorem,THEOREM_GRADE,"Profile-transfer soundness: Let Transfer( C_s, C_t; p) be a validated SAU transfer plan. Then the target bridge in C_t licenses an accepted usefulness claim: Useful(B_t,P_t):accepted. Moreover, the accepted target claim is licensed by the target validation, n…"
P058-C0159,CLAIM,P058,nonclaim,EXPLICIT_NONCLAIM,"Validation of the target plan is the additional condition F_ SAU ( C_t)= , so the target has its own saturation, strictness, non-descent, descent, solving, audit, and nonclaim witnesses."
P058-C0160,CLAIM,P058,theorem,NEGATIVE_RESULT_THEOREM,"Exact-six activation across the four witnesses: Each component of W_4 admits an exact-six SAU refinement in the inherited FATCD -anchored sense: for its associated description D_ W , each channel has Status_i(D_ W )=active_projection and an active projection…"
P058-C0161,CLAIM,P058,theorem,NEGATIVE_RESULT_THEOREM,Cross-case synthesis: useful non-definable extensions: The four canonical witnesses support the following theorem-level synthesis: A promoted mathematical layer is useful for a saturated lower-layer problem when it supplies structure that the lower layer cann…
P058-C0162,CLAIM,P058,theorem,THEOREM_GRADE,"Canonical profiles are inhabited: Each profile in R_4 has a validated canonical instance: Inst_ SAU ( p_ RootComp , W_ Imag ), Inst_ SAU ( p_ Coeff , W_ Jet ), Inst_ SAU ( p_ InvDesc , W_ Gal ), Inst_ SAU ( p_ ObsLed , W_ Coh )."
P058-C0163,CLAIM,P058,theorem,THEOREM_GRADE,"Transfer profile theorem: Mathematical transfer at SAU strength is possible exactly at the profile level: a successful source case may suggest a reusable skeleton p , but a target case becomes accepted only when it independently validates an instance of p . F…"
P058-C0164,CLAIM,P058,theorem,THEOREM_GRADE,"SAU synthesis: usefulness through recurring audited profiles: Within the scope of the theorem stack developed in this paper, the usefulness of mathematics is explained by the recurrence of strict audited descent profiles across theory layers. More precisely,…"
P058-C0165,CLAIM,P058,open_problem,OPEN_PROBLEM_OR_DEFERRED_WORK,The outlook now separates what this theorem stack establishes from the broader programmatic questions it leaves open. Outlook and Contribution
P058-C0166,CLAIM,P058,open_problem,OPEN_PROBLEM_OR_DEFERRED_WORK,"What the paper unlocks: Within the scope of finite typed audited promoted-use traces, the paper gives a profile-level explanation of strict mathematical usefulness. What this unlocks for further work is not a catalog of future domains, but a disciplined way t…"
P058-C0167,CLAIM,P058,definition,DEFINITION,"Explanatory compression: Suppose a finite registry R SAU-covers a finite problem family P . The registry provides explanatory compression when many problem instances are certified by fewer recurring profile skeletons. A crude count is _ SAU ( P, R)=| P|-| R|,…"
P058-C0168,CLAIM,P058,proposition,THEOREM_GRADE,"Why abstraction helps: If R SAU-covers P and | R|<| P| , then the registry gives a compressed explanation of the family-level usefulness of the corresponding mathematics: different lower-layer problems are solved or certified by reusing fewer audited bridge p…"
P058-C0169,CLAIM,P058,corollary,THEOREM_GRADE,"Portability without collapse: SAU explains why the same mathematical method can appear in different domains without claiming that the domains are literally the same. What recurs is descent profile+audit grammar, not necessarily substrate, ontology, or hidden…"
P058-C0170,CLAIM,P058,nonclaim,EXPLICIT_NONCLAIM,"Audit smuggles the answer Source policy, audit policy, no-smuggling defect, and nonclaim register are explicit Lean does not prove the whole paper Lean wording is disclosed by coverage type: substantive proof language is reserved for direct, computational, or…"
P058-C0171,CLAIM,P058,open_problem,OPEN_PROBLEM_OR_DEFERRED_WORK,Contribution statement and limits: The contribution is a theorem-grade normal form for strict mathematical usefulness in finite typed audited promoted-use traces. When a saturated lower problem is solved or certified by essentially using promoted-only structu…
P058-C0172,CLAIM,P058,nonclaim,EXPLICIT_NONCLAIM,"The paper does not claim that all mathematics is useful, that every promoted extension is useful, or that every useful structure has been classified. It does not claim novelty for the classical constructions themselves, and it does not claim that hidden promo…"
P058-C0173,CLAIM,P058,definition,DEFINITION,"Exact quotient descent: Let q:X→ Y be a quotient, shadow, or observable map and let F:X→ X be an update. We say that F descends through q , written F _q, when there exists a map F^ :Y→ Y such that qF=F^ q. The descended map F^ is unique on im(q) ."
P058-C0174,CLAIM,P058,definition,DEFINITION,"Split-pair descent defect: For q:X→ Y and F:X→ X , define delta^ split _1(q,F) = \ (x,x')∈ X× X:q(x)=q(x') and qF(x)≠ qF(x')\ . Then F _q Longleftrightarrow delta^ split _1(q,F)= . A nonempty split-pair defect is an explicit P_1 descent obstruction."
P058-C0175,CLAIM,P058,definition,DEFINITION,"Strictness defect: Given object maps pi_0:S→ O_0 and pi_1:S→ O_1 , define the factorization defect delta_ fact (pi_0,pi_1) = \ (s,s')∈ S× S:pi_0(s)=pi_0(s') and pi_1(s)≠pi_1(s')\ . The promotion is strict when Strict(B_ 0→1 ) Longleftrightarrow delta_ fact (p…"
P058-C0176,CLAIM,P058,result_summary,NAMED_RESULT_OR_GATE_SURFACE,"Certificate grammar: This subsection records the appendix-bound certificate grammar that is not duplicated in the body. It starts with the role convention behind the six certificate channels, then records the useful-extension and exact-six variants, and close…"
P058-C0177,CLAIM,P058,definition,DEFINITION,"Six Birds role convention: Throughout this paper the six primitive role labels are used with the following fixed meanings: P_1=descent/closure/rewrite/transport of content, P_2=representability/gating/admissibility, P_3=route mismatch/holonomy/path or protoco…"
P058-C0178,CLAIM,P058,definition,DEFINITION,"Strictly useful promoted extension: A promotion bridge B_ 0→1 is a strictly useful promoted extension of T_0 for the lower problem P when there exist U,C,a^ such that SAU( P_0,B_ 0→1 ,U,C,a^ ) holds. The accepted claim form is Gamma; T_0 T_1;I_B Useful(B_ 0→1…"
P058-C0179,CLAIM,P058,definition,DEFINITION,"Exact-six SAU certificate: An SAU certificate is exact-six when, in addition to Definition , the bridge record determines an inherited FATCD -style description D_B whose six role channels all have active projections: Status_i(D_B)=active_projection, pi_i(D_B)…"
P058-C0180,CLAIM,P058,definition,DEFINITION,"Root-composite profile: A bridge has root-composite profile when U _q but U^n _B a^ for some n 2 . The imaginary-number witness is the case n=2 , where the non-descending half-step squares to a descending reversal."
P058-C0181,CLAIM,P058,definition,DEFINITION,"Coefficient or standard-part profile: A bridge has coefficient/standard-part profile when a promoted infinitesimal or nilpotent object T_0 is used to form a promoted expression F( ) , and a declared audit map Coeff_ , st, returns a lower answer. The dual-numb…"
P058-C0182,CLAIM,P058,definition,DEFINITION,"Invariant-descent profile: A bridge has invariant-descent profile when a promoted symmetry structure G L contains non-descending objects u∈ L K , but invariant composites descend: C(u)∈ L^G=K. The Galois witness uses roots in a splitting field as non-descendi…"
P058-C0183,CLAIM,P058,definition,DEFINITION,"Obstruction-ledger profile: A bridge has obstruction-ledger profile when lower local data fails to descend globally, but the failure itself becomes a promoted audited object. In a cochain complex, H^n= d_n/imd_ n-1 records the obstruction class, and [a]=0 Lon…"
P058-C0184,CLAIM,P058,definition,DEFINITION,"Use-set and overreading defect: For a claim , let Use( ) be the finite set of records on which the claim depends. Given a finite family L of admissible visibility bridges under I , define delta_ overread (I, , L) = \ x∈Use( ):vis_I(x)=suppressed and no L∈ L a…"
P058-C0185,CLAIM,P058,definition,DEFINITION,"No-smuggling defect: The no-smuggling defect delta_ nosmuggle (B) is the finite set of bridge-scope violations, including at least the following kinds: target-layer data used without declaration to prove target novelty; suppressed content used without an admi…"
P058-C0186,CLAIM,P058,definition,DEFINITION,"SAU failure modes: A candidate promotion bridge fails to certify strict audited utility if any of the following occur: No saturation: the lower interface already supplies an accepted answer. No strictness: delta_ fact (pi_0,pi_1)= , so the promoted interface…"
P058-C0187,CLAIM,P058,lemma,NEGATIVE_RESULT_THEOREM,"Even-dimensional obstruction: Let V be a nonzero finite-dimensional real vector space and let J:V→ V be a real linear map satisfying J^2=-I. Then _ R V is even. In particular, no one-dimensional real vector space carries such a linear operator."
P058-C0188,CLAIM,P058,lemma,THEOREM_GRADE,"Minimal two-dimensional normal form: Let V be a two-dimensional real vector space and let J:V→ V satisfy J^2=-I . For any nonzero e∈ V , the ordered pair (e,Je) is a real basis of V , and the matrix of J in this basis is [J]_ (e,Je) = 0 -1 1 0 ."
P058-C0189,CLAIM,P058,proposition,THEOREM_GRADE,"Linear audit channels: In the real-linear completion R[J] C , define conjugation by aI+bJ=aI-bJ. Then the fixed layer of conjugation is exactly the old real scalar layer: Fix( )=\ aI:a∈ R\ R. Moreover, (aI+bJ)(aI+bJ)=(a^2+b^2)I is a nonnegative real scalar au…"
P058-C0190,CLAIM,P058,proposition,NEGATIVE_RESULT_THEOREM,"Exact-six role witnesses for the imaginary-number bridge: The bridge B_ Imag carries role-aligned witnesses for all six Six Birds channels: (W_1,W_2,W_3,W_4,W_5,W_6). Read as an inherited channel description D_ Imag , these witnesses give Status_i(D_ Imag )=a…"
P058-C0191,CLAIM,P058,proposition,THEOREM_GRADE,"Smooth first-jet quotient: Let C^∈fty_x denote the local algebra of smooth germs at x , and let m_x=\ f∈ C^∈fty_x:f(x)=0\ be the maximal ideal of germs vanishing at x . Then the first-jet algebra J_x^1=C^∈fty_x/ m_x^2 is isomorphic, as a real algebra, to R[ ]…"
P058-C0192,CLAIM,P058,corollary,THEOREM_GRADE,First-order rules descend: The product and chain rules are lower-layer real identities obtained by coefficient audit from the promoted square-zero package. No second-order term survives because the gate ^2=0 annihilates all higher-order contributions.
P058-C0193,CLAIM,P058,corollary,NEGATIVE_RESULT_THEOREM,"Calculus as coefficient-descent usefulness: The dual-number promotion is strictly useful for first-order differentiation at a point. It supplies an accepted lower-layer answer that the value-only lower interface cannot supply, while claiming downstairs only t…"
P058-C0194,CLAIM,P058,corollary,THEOREM_GRADE,"Invariant-descent profile: The Galois package has invariant-descent profile: alpha _ T_0 , C(alpha) _ B_ Gal K whenever C(alpha) is one of the declared Galois-invariant audits, such as C_ orb (alpha), Tr_ L/K (alpha), Nm_ L/K (alpha), or any G-fixed expressio…"
P058-C0195,CLAIM,P058,proposition,THEOREM_GRADE,"The quadratic example is the minimal invariant-descent witness: The root 2 does not descend to Q , but its invariant audits do: Tr_ L/K ( 2)= 2+(- 2)=0∈ Q, Nm_ L/K ( 2)= 2(- 2)=-2∈ Q, and the orbit polynomial is (t- 2)(t+ 2)=t^2-2∈ Q[t]."
P058-C0196,CLAIM,P058,corollary,THEOREM_GRADE,"Period audit decides lower descent: For a finite connected graph, a∈im d_0 Longleftrightarrow Per(a)=0. Thus the period audit is a complete lower-visible test for whether local edge data descends to a global potential."
P058-C0197,CLAIM,P058,corollary,NEGATIVE_RESULT_THEOREM,"Forests have no first obstruction: If Gamma is a finite tree, then H^1(Gamma;k)=0. More generally, for a finite forest, H^1 vanishes componentwise. Hence every edge assignment on a tree descends to a global potential, up to the additive constant freedom on ve…"
P058-C0198,CLAIM,P058,corollary,NEGATIVE_RESULT_THEOREM,"The triangle has a one-dimensional obstruction ledger: For the triangle graph, _k H^1(Gamma;k)=1. The class of the edge assignment in Proposition is nonzero."
P058-C0199,CLAIM,P058,result_summary,NAMED_RESULT_OR_GATE_SURFACE,Theorem-sheet to paper-section map: The theorem sheets in research_assets/ are the source families from which the paper's body sections and appendices draw their formal statements. The map below records the consuming destinations used by the section outline a…
P058-C0200,CLAIM,P058,open_problem,OPEN_PROBLEM_OR_DEFERRED_WORK,"SAU_Synthesis_Transfer_Profile Profile abstraction, transfer, synthesis, and scoped outlook claims."
P058-C0201,CLAIM,P058,prose_definition,PROSE_DEFINITION_SECTION,Definition realization: The definition audit records 78 definition items: @ lr@ →prule Realization status Count Realized Lean definition 14 Partial realization 23 Needs real definition 41
P058-C0202,CLAIM,P058,scope_boundary,SCOPE_OR_LIMITATION_RECORD,"Complete nonclaims ledger and extended tables: This appendix records the scope fence used throughout the paper. The entries below are drafting nonclaims: they do not weaken the theorems, but state what the theorems are not meant to assert. @ > p 0.42 > p 0.50…"
P058-C0203,CLAIM,P058,nonclaim,EXPLICIT_NONCLAIM,@ > p 0.42 > p 0.50 @ →prule Nonclaim Scope discipline Not all mathematics is useful. The classical constructions themselves are not claimed as new.
P056-C0001,CLAIM,P056,paper_thesis,PAPER_STATED_COMPOSITE_RESULT,"We propose that to be real is to have closed: that reality is not a substance, a substrate, or a set, but a ledger of survived closures. A thing is real when it is a package that earned its objecthood through audited gates and pays, continuously, to keep it.…"
P056-C0002,CLAIM,P056,nonclaim,EXPLICIT_NONCLAIM,Load-bearing chapters end with a paragraph of nonclaims: things the chapter deliberately does not assert.
P056-C0003,CLAIM,P056,open_problem,OPEN_PROBLEM_OR_DEFERRED_WORK,it is posed as open question 7 in S .
P056-C0004,CLAIM,P056,scope_boundary,SCOPE_OR_LIMITATION_RECORD,"Enumerating nearly twelve thousand chiral gauge structures token-blind, the closure chain forces a thin skeleton: the Standard Model's gauge algebra (conditional on one separation condition), ^2 _W = 3/8 at the embedding point, exact proton stability."
P056-C0005,CLAIM,P056,nonclaim,EXPLICIT_NONCLAIM,"The corpus does not derive physical spacetime, does not resolve the foundations of relativity, and does not claim its constructed times are the physicist's coordinate."
P056-C0006,CLAIM,P056,prose_definition,PROSE_DEFINITION,Definition (purchased). Intelligence is the capacity to export closure: a system is intelligent to another exactly to the degree that its layer-births arrive as certificates the other can audit and build on.
P056-C0007,CLAIM,P056,nonclaim,EXPLICIT_NONCLAIM,"a strict extension is licensed.'' A black hole's interior, read this way, is a nonclaim boundary drawn by nature."
P056-C0008,CLAIM,P056,open_problem,OPEN_PROBLEM_OR_DEFERRED_WORK,"Read philosophically: why is there something rather than nothing is, in this grammar, a well-typed open problem."
P056-C0009,CLAIM,P056,open_problem,OPEN_PROBLEM_OR_DEFERRED_WORK,"What happens to a civilization after the crossing is an open question, the ninth of this book, and we will not pretend to close it."
P056-C0010,CLAIM,P056,open_problem,OPEN_PROBLEM_OR_DEFERRED_WORK,"One entry remains open in these books, and it will not be closed."
P011-C0001,CLAIM,P011,paper_thesis,PAPER_STATED_COMPOSITE_RESULT,"When does prediction become trivial? This paper gives a typed structural answer: within the scope, predictive content collapses when an upstream determining state is exposed to current observation. The load-bearing variable is the visibility coupling predicat…"
P011-C0002,CLAIM,P011,scope_boundary,SCOPE_OR_LIMITATION_RECORD,"This paper gives a typed structural answer: within the scope, predictive content collapses when an upstream determining state is exposed to current observation."
P011-C0003,CLAIM,P011,nonclaim,EXPLICIT_NONCLAIM,This paper does not claim that the csl implies a standard P≠ NP separation
P011-C0004,CLAIM,P011,definition,DEFINITION,"Computational substrate: A computational substrate sigma is a typed bounded polynomial-time computation context . It consists of: an instance family X_ sigma ; a size function on instances together with a bound N_ sigma , so that only instances of size at mos…"
P011-C0005,CLAIM,P011,remark,INTERPRETIVE_REMARK,"Example: 3-SAT substrate: Fix a bound N . One may take X_ sigma to be the family of 3-CNF formulas of size at most N , measured for instance by the number of variables and clauses . The solver-prefix family can be a declared polynomial-time decision-attempt p…"
P011-C0006,CLAIM,P011,definition,DEFINITION,History space: Let sigma be a computational substrate and let L be an autonomous lift on sigma . The history space H_ sigma ^ L is the finite typed set of bounded polynomial-time computation histories generated by L on sigma . Each history h∈H_ sigma ^ L reco…
P011-C0007,CLAIM,P011,definition,DEFINITION,"Current quotient: The current quotient Q_ sigma ^ L is the equivalence relation on H_ sigma ^ L that identifies two histories exactly when every declared polynomial-time current observable gives the same value on them. Thus, for h,h'∈H_ sigma ^ L , Qclass h =…"
P011-C0008,CLAIM,P011,definition,DEFINITION,Predictive quotient: The predictive quotient M_ sigma ^ L is the equivalence relation on H_ sigma ^ L that identifies two histories exactly when every declared witness-augmented polynomial-time observable agrees on them under all admissible continuations. Thu…
P011-C0009,CLAIM,P011,definition,DEFINITION,Forget-witness map: The forget-witness map pi:M_ sigma ^ L _ sigma ^ L sends each predictive class to the unique current class containing it: pi(Mclass h )=Qclass h . It is well defined because every polynomial-time current observable is also a witness-augmen…
P011-C0010,CLAIM,P011,proposition,THEOREM_GRADE,"Witness refinement: The predictive quotient refines the current quotient: for all h,h'∈H_ sigma ^ L , if Mclass h =Mclass h' , then Qclass h =Qclass h' . Equivalently, the map pi:M_ sigma ^ L →Q_ sigma ^ L is surjective."
P011-C0011,CLAIM,P011,definition,DEFINITION,"Autonomous lift: Let sigma be a computational substrate. An autonomous lift on sigma is a typed object L=(gen_ L ,sigma_ L ,replay_ L ) with the following components: gen_ L is a deterministic polynomial-time history-generation procedure. In plain terms, it i…"
P011-C0012,CLAIM,P011,remark,INTERPRETIVE_REMARK,"Strength stratification: The later csl statement refers to a four-level strength stratification StrengthClass 1 ,\ StrengthClass 2 ,\ StrengthClass 3 ,\ StrengthClass 4 for coupling functions used inside gen_ L . The levels should be read as a graded family o…"
P011-C0013,CLAIM,P011,definition,DEFINITION,"Lift A—Self-generating substrate: An autonomous lift L on sigma is in Lift A if gen_ L generates substrate instances internally from the lift's own state, without an external instance feed. In plain terms, the lift is itself the instance generator: for exampl…"
P011-C0014,CLAIM,P011,definition,DEFINITION,"Lift B—Feedback-coupled: An autonomous lift L on sigma is in Lift B if gen_ L couples instance generation to the running trace, so that the lift's internal state and prior trace data feed back into the next instance-generation step. In plain terms, the lift p…"
P011-C0015,CLAIM,P011,definition,DEFINITION,"Lift C—Internally-seeded random: An autonomous lift L on sigma is in Lift C if gen_ L uses an internal seed to inject randomness into instance generation, while the seed is not visible to current observation. Equivalently, the apparent randomness is controlle…"
P011-C0016,CLAIM,P011,definition,DEFINITION,"Lift D—Planted-suppressed internalization: An autonomous lift L on sigma is in Lift D if gen_ L plants witness content into the generated instance but suppresses its visibility from current observation. For example, the lift may construct a 3-SAT instance fro…"
P011-C0017,CLAIM,P011,definition,DEFINITION,Trace-fingerprint loop class: A trace-fingerprint loop class L_ traceFP on H_ sigma ^ L is a declared family of loops in the predictive-quotient holonomy carrier. Each ∈L_ traceFP acts on histories by a structured trace-level modification h .h . The map h↦ .h…
P011-C0018,CLAIM,P011,definition,DEFINITION,"Loop action on Q: Let ∈L_ traceFP and let Qclass h ∈Q_ sigma ^ L . The loop action on Q is LoopActionQ h =Qclass .h . This is well defined because the loop class is compatible with Q-equivalence: if Qclass h =Qclass h' , then Qclass .h =Qclass .h' ."
P011-C0019,CLAIM,P011,definition,DEFINITION,"Loop action on M: Let ∈L_ traceFP and let Mclass h ∈M_ sigma ^ L . The loop action on M is LoopActionM h =Mclass .h . This is well defined because the loop class is compatible with M-equivalence: if Mclass h =Mclass h' , then Mclass .h =Mclass .h' ."
P011-C0020,CLAIM,P011,definition,DEFINITION,"M-vs-Q loop-action asymmetry: The pair (sigma,L) exhibits an M-vs-Q loop-action asymmetry if there exist ∈L_ traceFP and h∈H_ sigma ^ L such that the loop action is trivial on the current class but non-trivial on the predictive class: LoopActionQ h =Qclass h…"
P011-C0021,CLAIM,P011,definition,DEFINITION,"Visibility coupling / exposure: Let sigma be a computational substrate, let L be an autonomous lift on sigma , and write sigma_ L :H_ sigma ^ L → S for its internal-state readout. The visibility coupling predicate Exposure(L,sigma) holds if and only if there…"
P011-C0022,CLAIM,P011,remark,INTERPRETIVE_REMARK,"Example: planted witness without exposure: Consider a Lift D-like configuration in which the internal state space contains a planted witness, say S=\ 0,1\ ^ k , and sigma_ L (h) records the planted assignment used to generate a bounded 3-SAT instance. The abs…"
P011-C0023,CLAIM,P011,remark,INTERPRETIVE_REMARK,"Example: feedback exposure: Consider a Lift B-like configuration in which a feedback-coupled generator stores an internal seed coordinate in sigma_ L (h) , and that coordinate takes at least two values on realized histories. If the decision-output observable…"
P011-C0024,CLAIM,P011,definition,DEFINITION,"Predictive witness content: The pair (sigma,L) has predictive witness content in the selected carrier if there exist histories h,h'∈H_ sigma ^ L such that Qclass h =Qclass h' but Mclass h ≠Mclass h' . Equivalently, the forget-witness map pi:M_ sigma ^ L →Q_ s…"
P011-C0025,CLAIM,P011,remark,INTERPRETIVE_REMARK,"Example: two satisfying witnesses: A prototypical case is a bounded 3-SAT instance with two distinct satisfying assignments. Two histories may have the same visible instance and the same decision-bit current output, and therefore agree under decision-level cu…"
P011-C0026,CLAIM,P011,result_summary,NAMED_RESULT_OR_GATE_SURFACE,"CSL core lemma: We now state the Candidate Structural Law ( csl ). The law has four clauses: dissolution, preservation, the degenerate case, and strength-independence. Together they relate the M-vs-Q loop-action asymmetry of to the exposure predicate of and t…"
P011-C0027,CLAIM,P011,lemma,THEOREM_GRADE,"Candidate Structural Law (core): Let sigma be a computational substrate, let L be an autonomous lift on sigma , and let L_ traceFP be the trace-fingerprint loop class on H_ sigma ^ L . Assume the six structural premises (a)–(f) above. Then the following four…"
P011-C0028,CLAIM,P011,proposition,THEOREM_GRADE,"V-Differential classification: Within the typed substrate apparatus, the following four named substrates admit autonomous lifts of the indicated exposure type. BSD substrate. The Birch–Swinnerton-Dyer substrate , read here through elliptic-curve regulator con…"
P011-C0029,CLAIM,P011,nonclaim,EXPLICIT_NONCLAIM,those consequences fall outside the scope of the present paper and are noted in .
P011-C0030,CLAIM,P011,definition,DEFINITION,Q-to-P projection: The Q-to-P projection is the map pi_ QP :Q_ sigma ^ L \ polynomial-time decision predicates\ that sends a current class Qclass h to the polynomial-time decision predicate read off from any representative history h in that class. This is wel…
P011-C0031,CLAIM,P011,proposition,NEGATIVE_RESULT_THEOREM,"pi_ QP is not a bijection onto P: The projection pi_ QP is not a bijection from Q_ sigma ^ L onto the standard class P . The obstruction has three parts. Histories versus languages. A Q_ sigma ^ L -class is a class of histories, possibly over a single bounded…"
P011-C0032,CLAIM,P011,definition,DEFINITION,"M-to-NP projection: The M-to-NP projection is the map pi_ MNP :M_ sigma ^ L \ verifier predicates V(x,w) on instance–witness pairs\ that sends a predictive class Mclass h to the verifier predicate observed in that class. This is well-defined because verifier…"
P011-C0033,CLAIM,P011,proposition,NEGATIVE_RESULT_THEOREM,"pi_ MNP is not a bijection onto NP: The projection pi_ MNP is not a bijection from M_ sigma ^ L onto the standard class NP . The obstruction is witness identity: M_ sigma ^ L can distinguish different satisfying witnesses for the same instance, through witnes…"
P011-C0034,CLAIM,P011,theorem,THEOREM_GRADE,"Granularity mismatch: There exist a substrate sigma , an autonomous lift L on sigma , and histories h,h'∈H_ sigma ^ L such that Mclass h ≠Mclass h' ; Qclass h =Qclass h' ; pi_ MNP (Mclass h )=pi_ MNP (Mclass h' ) ; pi_ QP (Qclass h )=pi_ QP (Qclass h' ) . Thu…"
P011-C0035,CLAIM,P011,nonclaim,EXPLICIT_NONCLAIM,it does not claim that all polynomial-time-decider settings exhibit the obstruction asymptotically.
P011-C0036,CLAIM,P011,nonclaim,EXPLICIT_NONCLAIM,"The next section states the nonclaims explicitly, including what this paper does not prove about standard P and NP"
P011-C0037,CLAIM,P011,remark,INTERPRETIVE_REMARK,"Nonclaim: no standard P≠ NP consequence: The csl is a framework-internal structural law at diagnosis grade over predictive-quotient holonomy on autonomous-lifted polynomial-time substrates; it does not imply standard P≠ NP . This paper does not claim, and the…"
P011-C0038,CLAIM,P011,remark,INTERPRETIVE_REMARK,Nonclaim: no asymptotic theorem-grade CSL: The csl is hardened to diagnosis grade by the cascade work it summarizes: bounded finite-carrier evidence with falsifier audit. It is not stated as an asymptotic theorem over all polynomial-time computation histories…
P011-C0039,CLAIM,P011,remark,INTERPRETIVE_REMARK,"Nonclaim: no representation theorem: The granularity-mismatch theorem at R-Diagnosis identifies the structural obstruction; the representation theorem is named but not constructed. More explicitly, the theorem identifies the structural obstruction between the…"
P011-C0040,CLAIM,P011,remark,INTERPRETIVE_REMARK,"Additional nonclaims: The framework is similar in spirit to, but structurally distinct from, the natural-proofs barrier of Razborov–Rudich , the algebrization barrier of Aaronson–Wigderson , and the relativization barrier of Baker–Gill–Solovay . The predictiv…"
P011-C0041,CLAIM,P011,nonclaim,EXPLICIT_NONCLAIM,"The present paper therefore does not claim a standard-ZFC unconditional proof of P≠ NP . It does not claim circumvention of the natural-proofs, algebrization, or relativization barriers in their native senses. It also does not claim resolutions of the host pr…"
P011-C0042,CLAIM,P011,nonclaim,EXPLICIT_NONCLAIM,"the broader claim is paper-side with narrowing disclosed here'' The structural shape is mechanized, with explicit premises or finite witnesses exposed. definition / faithful ``realized in Lean as Module.name'' The Lean declaration is the paper definition's ty…"
P011-C0043,CLAIM,P011,nonclaim,EXPLICIT_NONCLAIM,The three nonclaim rows carry no Lean coverage.
P011-C0044,CLAIM,P011,nonclaim,EXPLICIT_NONCLAIM,it does not claim a bridge from that framework-internal projection to a standard P -vs- NP implication.
P004-C0001,CLAIM,P004,paper_thesis,PAPER_STATED_COMPOSITE_RESULT,"Given two probe families on the same finite-dimensional carrier, this paper asks what a dissolving family D measures beyond what a native family L can explain under an audit energy C . Under the standing legal-energy quotient and null-mode legality hypotheses…"
P004-C0002,CLAIM,P004,nonclaim,EXPLICIT_NONCLAIM,"The paper does not claim exact adequacy generically, does not classify all probe-family pairs, and does not claim novelty for the classical operator-theoretic constructions it packages."
P004-C0003,CLAIM,P004,nonclaim,EXPLICIT_NONCLAIM,"The paper does not claim that every raw substrate sees every dissolving probe, nor that the residual vanishes generically Finally, the paper does not claim novelty for the classical constructions it uses, such as Schur complements, Moore–Penrose pseudoinverse…"
P004-C0004,CLAIM,P004,definition,DEFINITION,"Audit energy: Let E be a finite-dimensional real or complex Hilbert space. An audit energy on E is a self-adjoint positive-semidefinite operator C=C^* 0 on E . The audit cost of a carrier vector u∈ E is the quadratic form u^*Cu , and the kernel Ker C consists…"
P004-C0005,CLAIM,P004,definition,DEFINITION,"Legal energy quotient: The legal energy quotient of (E,C) is the orthogonal complement E_C=(Ker C)^ ⊆ E, together with the restricted audit form C_0=C|_ E_C >0 which is strictly positive on E_C . The Moore–Penrose pseudoinverse C^ , following , acts as C_0^ -…"
P004-C0006,CLAIM,P004,definition,DEFINITION,"Null-legal probe family: A linear map F: E→ Y is a null-legal probe family when it vanishes on the zero-audit-cost directions: F|_ Ker C =0. For such an F , its restriction to the legal subspace is F_0=F|_ E_C : E_C→ Y. The native and dissolving probe familie…"
P004-C0007,CLAIM,P004,definition,DEFINITION,"Probe-family currency: Let F: E→ Y be a null-legal probe family in the sense of , with restriction F_0=F|_ E_C . Its probe-family currency is the positive semidefinite operator on Y K_F = F_0C_0^ -1 F_0^* = FC^ F^*, where the right-hand expression uses the Mo…"
P004-C0008,CLAIM,P004,theorem,THEOREM_GRADE,"Minimum-spend duality: For z∈ Y , define Cost_C(z;F) = ∈f \ u,Cu :\ Fu=z \ . Then Cost_C(z;F) = z^*K_F^ z, z∈ Ran F_0=Ran K_F, +∈fty, z Ran F_0."
P004-C0009,CLAIM,P004,prose_definition,PROSE_DEFINITION_SECTION,"Definition of the Adequacy Residual: This section gives the central object of the paper. With the standing hypotheses of and the probe-family currency of in place, the joint native-dissolving currency matrix decomposes into four blocks. The adequacy residual…"
P004-C0010,CLAIM,P004,definition,DEFINITION,"Native, dissolving, and joint block currencies: Let L: E→ Y and D: E→ Z be null-legal probe families (in the sense of ), with restrictions L_0,D_0 . The native, dissolving, and cross currencies are K_ LL =L_0C_0^ -1 L_0^*, K_ DL =D_0C_0^ -1 L_0^*, K_ LD =L_0C…"
P004-C0011,CLAIM,P004,definition,DEFINITION,Adequacy residual: The adequacy residual of D relative to L is Xi_C(D L)=K_ DD -K_ DL K_ LL ^ K_ LD .
P004-C0012,CLAIM,P004,result_summary,NAMED_RESULT_OR_GATE_SURFACE,"Projection Theorem: The projection theorem gives the geometric meaning of the adequacy residual. After rescaling by the square root of the audit energy, the native and dissolving probes become ordinary linear maps in energy-scaled coordinates. In those coordi…"
P004-C0013,CLAIM,P004,definition,DEFINITION,"Energy-scaled probes and native-explanation projection: The energy-scaled native and dissolving probes are T_L=L_0C_0^ -1/2 , T_D=D_0C_0^ -1/2 . Here C_0^ 1/2 is the unique positive square root of C_0 on E_C . The native-explanation projection P_L is the orth…"
P004-C0014,CLAIM,P004,theorem,THEOREM_GRADE,Projection identity: Xi_C(D L)=T_D(I-P_L)T_D^* 0.
P004-C0015,CLAIM,P004,definition,DEFINITION,"Optimal native explanation map: Given native and dissolving probe families L,D and their block currencies K_ LL ,K_ DL of , the optimal native explanation map is A_*=K_ DL K_ LL ^ : Y→ Z. When K_ LL is invertible on Y , A_* reduces to the ordinary regression-…"
P004-C0016,CLAIM,P004,theorem,THEOREM_GRADE,"Optimal residual identity: For every linear map A: Y→ Z , (D_0-AL_0)C_0^ -1 (D_0-AL_0)^* = Xi_C(D L) +(A-A_*)K_ LL (A-A_*)^*. Consequently, Xi_C(D L) is the Loewner-minimal residual currency among all attempts to factor D through L ."
P004-C0017,CLAIM,P004,theorem,THEOREM_GRADE,Exact adequacy: The following are equivalent: [label=( )] Xi_C(D L)=0 ; D_0=A_*L_0 ; there exists a linear map A: Y→ Z such that D_0=AL_0 ; Ker L_0⊆ Ker D_0 .
P004-C0018,CLAIM,P004,theorem,THEOREM_GRADE,"Adequacy promotion: Under the two budget hypotheses above, K_ DD A_*Theta_YA_*^*+Xi_Z. In particular, if Xi_C(D L)=0 , the native budget transfers exactly to the dissolving family through A_* ."
P004-C0019,CLAIM,P004,definition,DEFINITION,"Extended native family and conditional currencies: Let M: E→ W be an additional null-legal native probe family. The extended native family is L^+ = L M : E→ Y W, L^+u=(Lu,Mu), which is null-legal because L and M both vanish on Ker C . The conditional native c…"
P004-C0020,CLAIM,P004,theorem,THEOREM_GRADE,"Chain rule for adequacy residuals: Xi_C(D L^+) = Xi_C(D L) - K_ DM L K_ MM L ^ K_ MD L . In particular, Xi_C(D L^+) Xi_C(D L)."
P004-C0021,CLAIM,P004,corollary,THEOREM_GRADE,"Same-family saturation: If M=BL for some linear map B: Y→ W , then Xi_C(D [L;M])=Xi_C(D L)."
P004-C0022,CLAIM,P004,theorem,THEOREM_GRADE,"Dissolving post-processing: For a response map F: Z→ Z' , Xi_C(FD L)=FXi_C(D L)F^*."
P004-C0023,CLAIM,P004,definition,DEFINITION,"Faithful reparameterization on the native range: A linear map A: Y→ Y' is a faithful reparameterization on Ran L_0 when its restriction to the range of the native probe family is injective: Ker A Ran L_0=\ 0\ . Equivalently, in the energy-scaled coordinates o…"
P004-C0024,CLAIM,P004,theorem,THEOREM_GRADE,"Native coarsening: For a native response map A: Y→ Y' , Xi_C(D AL) Xi_C(D L). If A is a faithful reparameterization on Ran L_0 in the sense of , equality holds."
P004-C0025,CLAIM,P004,theorem,THEOREM_GRADE,"Exact reducing bridge: Suppose U: E'_ C' → E_C is an isometric energy bridge with C'_0=U^*C_0U, L'_0=AL_0U, D'_0=BD_0U, where A is a faithful reparameterization on Ran L_0 in the sense of . Assume the bridge is reducing on the probe-image subspace, so that th…"
P004-C0026,CLAIM,P004,theorem,THEOREM_GRADE,"Defective dissolving bridge: Decompose the target dissolving probe as D'_0 = D'_0 + R, D'_0 = BD_0U, and suppose the native bridge is exact and that the exact source probe D'_0 satisfies the hypotheses of : the bridge is reducing on the probe-image subspace,…"
P004-C0027,CLAIM,P004,definition,DEFINITION,"Declared residual budget and adequacy defect: A declared residual budget on Z is a positive semidefinite operator Omega 0 . The corresponding adequacy defect of D relative to L and Omega is the Hermitian operator Delta_Xi=Xi_C(D L)-Omega, where Xi_C(D L) is t…"
P004-C0028,CLAIM,P004,theorem,THEOREM_GRADE,"Blind-spot witness: Xi_C(D L) Omega if and only if there exists z∈ Z such that z^* (Xi_C(D L)-Omega )z>0. Moreover, the maximum additive violation is lambda_ (Delta_Xi) , the largest eigenvalue of the adequacy defect."
P004-C0029,CLAIM,P004,nonclaim,EXPLICIT_NONCLAIM,Nonclaim or gating narrows the scope of the claim by excluding the offending response direction instead of proving adequacy for it.
P004-C0030,CLAIM,P004,nonclaim,EXPLICIT_NONCLAIM,The paper does not claim novelty for those operator-theoretic ingredients.
P004-C0031,CLAIM,P004,nonclaim,EXPLICIT_NONCLAIM,"The paper does not assert that every raw substrate sees every dissolving probe, and it does not assert that Xi_C(D L)=0 generically Finally, it does not claim novelty for Schur complements, pseudoinverses, projection identities, or Douglas-style factorization."
P004-C0032,CLAIM,P004,nonclaim,EXPLICIT_NONCLAIM,"The paper does not classify all possible probe-family pairs (L,D) , does not claim exact adequacy generically, does not claim novelty for the classical operator-theoretic constructions it uses, and does not depend on any particular application instance."
P004-C0033,CLAIM,P004,scope_boundary,SCOPE_OR_LIMITATION_RECORD,the full identity proof is paper-side. thm:xi:exact-adequacy partial needs-strengthening Lean proves the easy implication chain and records hard directions as hypotheses. thm:xi:adequacy-promotion partial narrowed-surrogate Lean proves promotion conditional o…
P009-C0001,CLAIM,P009,paper_thesis,PAPER_STATED_COMPOSITE_RESULT,"Many obstruction arguments exhibit a localized failure mode that appears irreducible at the layer where it is first visible; this paper studies one audited route by which such needle obstructions cease to be obstructions, namely passage to a higher layer wher…"
P009-C0002,CLAIM,P009,nonclaim,EXPLICIT_NONCLAIM,"These are framework-bound dissolution results, not a universal singularity-elimination theorem or a claim about any named external problem."
P009-C0003,CLAIM,P009,scope_boundary,SCOPE_OR_LIMITATION_RECORD,"The layer-dissolving endpoint theorem shows that, under predictive native bounds, residual bounds, and transport hypotheses, the dissolving currency is bounded uniformly across accepted stages, so no layer-dissolving predictive needles exist within the declar…"
P009-C0004,CLAIM,P009,nonclaim,EXPLICIT_NONCLAIM,it is not a universal singularity-elimination theorem and does not claim that every mathematical obstruction can be removed by moving to a higher layer.
P009-C0005,CLAIM,P009,definition,DEFINITION,"Packaged native currency: Let Gamma be an exact package. Set C_Gamma=Gamma^*CGamma, L_Gamma=LGamma. If L_Gamma is null-legal for C_Gamma , the packaged native currency is K_ C,Gamma (L)=L_Gamma C_Gamma^ L_Gamma^*."
P009-C0006,CLAIM,P009,theorem,THEOREM_GRADE,"Probe-family currency: Assume the relevant null-mode legality hypotheses for the packaged native family. Then, for every native recombination y∈ Y , Capacity_C(y^*L;RanGamma)=y^*K_ C,Gamma (L)y. Consequently, a native membrane budget is the Loewner inequality…"
P009-C0007,CLAIM,P009,theorem,THEOREM_GRADE,"Minimum-spend duality: For a desired response z , define Cost_C(z;L,Gamma) :=∈f\ a^*C_Gamma a: L_Gamma a=z\ . Let L_ Gamma,0 denote L_Gamma restricted to the legal subspace of C_Gamma , after quotienting by Ker C_Gamma . Then Cost_C(z;L,Gamma) =z^*K_ C,Gamma…"
P009-C0008,CLAIM,P009,theorem,THEOREM_GRADE,"Adequacy interface: Let A_*:=K_ DL K_ LL ^ . Then K_ DD =A_*K_ LL A_*^*+XiRes_C(D L). Consequently, if K_ LL Theta_Y and XiRes_C(D L) Xi_Z , then K_ DD A_*Theta_YA_*^*+Xi_Z. Moreover, XiRes_C(D L)=0 iff A with D_0=AL_0 iff Ker L_0⊆Ker D_0."
P009-C0009,CLAIM,P009,result_summary,NAMED_RESULT_OR_GATE_SURFACE,"Predictive currency and the membrane criterion: In many applications the native data is not accepted all at once. It is assembled stage by stage: by refinement, enlargement, or passage to an accepted stage. At an accepted stage j , we have a stage-local insta…"
P009-C0010,CLAIM,P009,theorem,THEOREM_GRADE,"Predictive native membrane: A native predictive membrane with budget Theta is the bound K_j Theta j accepted. Equivalently, no accepted stage contains a native recombination witness (j,y) with y^*( K_j-Theta)y>0."
P009-C0011,CLAIM,P009,theorem,THEOREM_GRADE,"Summable predictive propagation: If, in a common response space, K_ j+1 (1+ _j) K_j+D_j, with _j(1+ _j)<∈fty, _jD_j D_∈fty, then K_n P_∈fty( K_0+D_∈fty), where P_∈fty denotes _j(1+ _j) ."
P009-C0012,CLAIM,P009,scope_boundary,SCOPE_OR_LIMITATION_RECORD,The diffuse terminal region depicts the dissolved obstruction: no layer-dissolving predictive needle survives within the declared scope ( ).
P009-C0013,CLAIM,P009,theorem,THEOREM_GRADE,"Layer-dissolving membrane master theorem: Assume a formed closure/layer with exact package, null-mode legality, declared native and dissolving probe families, accepted predictive transport, all-six records, and nonclaim boundary. If K^L_j Theta^Y_j, Xi_j Xi^Z…"
P009-C0014,CLAIM,P009,nonclaim,EXPLICIT_NONCLAIM,"and the nonclaim boundary records that the theorem asserts only this audited endpoint, not a universal singularity-removal principle."
P009-C0015,CLAIM,P009,result_summary,NAMED_RESULT_OR_GATE_SURFACE,"Duality-Confinement Membrane Theorem: The previous section priced a layer-dissolving probe family against a native one through the adequacy interface. The complementary geometric setting occurs when the layer carries an involutive duality, such as an anti-lin…"
P009-C0016,CLAIM,P009,definition,DEFINITION,"Involutive object ledger: An involutive object ledger is a tuple X=(X,J,mu,psi,Y, J), where: [label=( )] X is the visible object space; J:X→ X is an involution; mu is a positive object ledger measure, meaning a positive Radon-type measure on X , or a finite p…"
P009-C0017,CLAIM,P009,definition,DEFINITION,"Separating anti-invariant readout: The anti-invariant readout separates the fixed locus when psi_-(x)=0 Longleftrightarrow x∈Fix(J) on the visible support of mu . It is quantitatively separating if, for every >0 , there exists m( )>0 such that (x,Fix(J)) impl…"
P009-C0018,CLAIM,P009,definition,DEFINITION,"Carrier-side anti-invariant membrane: Let E be an exact packaged carrier with audit C 0 on its legal quotient and anti-invariant native probe family L^-:E→ Y^-. The anti-invariant carrier currency is K^-:=L^-C^ (L^-)^*, with null-mode legality required. A bud…"
P009-C0019,CLAIM,P009,lemma,THEOREM_GRADE,"Trace identity: If A_X is trace-class , then A_X=∈t_X \|psi_-(x)\|^2 dmu(x). Consequently, A_X=0 if and only if psi_-(x)=0 for mu -almost every visible object x ."
P009-C0020,CLAIM,P009,theorem,THEOREM_GRADE,"Separation implies fixed-locus confinement: Assume the anti-invariant readout separates the fixed locus. If A_X=0, then mu(X (J))=0. If the ledger is finite with positive weights, every visible object with positive weight lies in Fix(J) ."
P009-C0021,CLAIM,P009,theorem,THEOREM_GRADE,"Quantitative confinement: Assume quantitative separation. Then mu\ x: (x,Fix(J)) \ A_X m( )^2 ."
P009-C0022,CLAIM,P009,definition,DEFINITION,"Completed domination bridge: A completed domination bridge from the object ledger to the carrier membrane is a record A_X K^-+E with E 0 a declared bridge defect. Equivalently, in the exact case E=0 , if A_X=V^*V, K^-=W^*W, then the bridge is exact precisely…"
P009-C0023,CLAIM,P009,theorem,THEOREM_GRADE,Douglas domination: Let A=V^*V and K=W^*W be bounded positive operators on the same response space. Then A K if and only if there exists a contraction T with V=TW.
P009-C0024,CLAIM,P009,theorem,THEOREM_GRADE,"Duality-confinement membrane theorem: Let X=(X,J,mu,psi,Y, J) be an involutive object ledger with separating anti-invariant readout, as in . Suppose there is a sequence of completed domination records A_X B_n (n=1,2, ) where B_n 0 and B_n→ 0. Then mu(X (J))=0."
P009-C0025,CLAIM,P009,definition,DEFINITION,"Exhaustive moving ledger: A finite-window or moving object ledger A_ X,n is exhaustive for a completed ledger A_X if there are inclusions or transports _n and tail operators T_n 0 such that A_X _n A_ X,n _n^*+T_n. It is vanishing-exhaustive under bounds A_ X,…"
P009-C0026,CLAIM,P009,theorem,THEOREM_GRADE,"Exhaustive ledger squeeze: If A_ X,n B_n and the moving ledger is vanishing-exhaustive for A_X , then A_X=0. Consequently, under readout separation, visible object mass is confined to Fix(J) ."
P009-C0027,CLAIM,P009,definition,DEFINITION,"General obstruction budget: A defected duality-confinement record has the form A_X (1+t)( K^-_n+E_ src,n ) +(1+t^ -1 )E_ br,n for t>0 , where E_ br,n is bridge/domination defect and E_ src,n is source/membrane defect. In a collapse ladder one often has K^-_n…"
P009-C0028,CLAIM,P009,proposition,THEOREM_GRADE,"Optimized scalar trace budget: Let a_n= (Lambda_n^ -1 Theta_0^-+E_ src,n ), b_n= E_ br,n . Then ∈f_ t>0 B_n(t)=( a_n + b_n )^2. Thus a sufficient scalar condition for exact confinement by the exhaustive-ledger squeeze is a_n→ 0, b_n→ 0."
P009-C0029,CLAIM,P009,nonclaim,EXPLICIT_NONCLAIM,"A repair is lawful if it excludes the offending recombination by a declared nonclaim, weakens the claim by raising the relevant budget, strengthens or rewrites the carrier and audit so that the legal quotient has changed, adds native probes that see the resid…"
P009-C0030,CLAIM,P009,theorem,THEOREM_GRADE,"Strict-extension repair contraction: If a strict native extension adds probes L^+= L\M , in the setting of the strict-extension chain rule of , then XiRes_C(D L^+) = XiRes_C(D L) -K_ DM L K_ MM L ^ K_ MD L XiRes_C(D L). Strict contraction occurs exactly in th…"
P009-C0031,CLAIM,P009,definition,DEFINITION,"Lawful transfer record: A lawful transfer record between two exact packaged carriers E_ src and E_ tgt , with audit operators C_ src ,C_ tgt , native probe families L_ src ,L_ tgt , dissolving probe families D_ src ,D_ tgt , and adequacy residuals Xi^ src ,Xi…"
P009-C0032,CLAIM,P009,definition,DEFINITION,"Exact bridge: A lawful transfer record is an exact bridge when the transport maps deliver currency-block congruences on the source and target legal quotients: T_L^*K^ tgt _ LL T_L=K^ src _ LL , T_D^*K^ tgt _ DD T_D=K^ src _ DD , and the residual-transport map…"
P009-C0033,CLAIM,P009,definition,DEFINITION,"Defective bridge: A lawful transfer record is a defective bridge with defect operator Delta 0 on the target dissolving block when the transport maps deliver T_L^*K^ tgt _ LL T_L=K^ src _ LL , together with the currency-block Loewner domination K^ tgt _ DD T_D…"
P009-C0034,CLAIM,P009,proposition,THEOREM_GRADE,"Adequacy-aware transfer: A lawful transfer of a layer-dissolving membrane must transport energy, native probes, dissolving probes, and adequacy residuals. Exact bridges transfer the native and dissolving budgets by congruence. Defective bridges produce explic…"
P009-C0035,CLAIM,P009,nonclaim,EXPLICIT_NONCLAIM,"Positive semidefinite quadratic forms, Loewner order, Moore–Penrose pseudoinverses, Schur complements, and Douglas factorization enter in standard ways, and the paper does not claim novelty for those constructions."
P009-C0036,CLAIM,P009,nonclaim,EXPLICIT_NONCLAIM,"The paper does not claim that emergence dissolves every mathematical singularity or obstruction, does not give a complete classification of needles or repairs, and does not depend on any particular application instance. It also does not claim novelty for the…"
P009-C0037,CLAIM,P009,open_problem,OPEN_PROBLEM_OR_DEFERRED_WORK,"Future work that aims the framework at a specific external problem must supply its own application-specific records, scope fence, and formalization disclosure."
P054-C0001,CLAIM,P054,paper_thesis,PAPER_STATED_COMPOSITE_RESULT,"Across disciplines, stable descriptive layers rely on small sets of variables that budget feasibility, accumulate along protocols, or appear as exchange rates between incompatible objectives. We call such variables currencies. This paper gives a layer-relativ…"
P054-C0002,CLAIM,P054,nonclaim,EXPLICIT_NONCLAIM,We do not claim to have formalized every layer transition or every scientific use of a currency.
P054-C0003,CLAIM,P054,prose_definition,PROSE_DEFINITION_SECTION,"A strict definition of currency: Fix a layer with state space Y . A currency is a low-dimensional map u:Y→ R^k, typically with k Y , that plays at least one structural role."
P054-C0004,CLAIM,P054,nonclaim,EXPLICIT_NONCLAIM,and it does not prove that every higher-layer shadow price arises from every lower-layer ledger.
P003-C0001,CLAIM,P003,paper_thesis,PAPER_STATED_COMPOSITE_RESULT,"Scoped event admissibility on fixed support leaves a specific gap for strict tests: the protocol-indexed flagship-seed bridge family realizes the quadratic-levelset and transition-stability slots, but the protocol-indexed readout-agreement slot remains unreal…"
P003-C0002,CLAIM,P003,nonclaim,EXPLICIT_NONCLAIM,"The result is bounded: it does not assert event-package construction, shared-event identity, proto-effect or effect-algebra structure, Born valuation, composition readiness, faithful public compression, a lawful public carrier, or canonical selected lifts."
P003-C0003,CLAIM,P003,result_summary,PAPER_STATED_RESULT_SUMMARY,The principal result is that the H6 carriers admit a closed three-slot strict domain with three accepted strict test families that survive the required control panel. The bridge-native H2 is retained as the real-provisional non-factorization boundary: descent…
P003-C0004,CLAIM,P003,nonclaim,EXPLICIT_NONCLAIM,"Paper 9 does not assert event-package construction, shared-event identity, proto-effect or effect-algebra structure, Born valuation, composition readiness, faithful public compression, a lawful public carrier, or canonical selected lifts."
P003-C0005,CLAIM,P003,nonclaim,EXPLICIT_NONCLAIM,"and the explicit nonclaim record, including no event package, no proto-effect structure, and no faithful public compression."
P003-C0006,CLAIM,P003,scope_boundary,SCOPE_OR_LIMITATION_RECORD,"Inherited nonclaims: Paper 8's scoped event admissibility is bounded by an explicit nonclaim record , in the foundations claim-discipline sense of . It does not assert event-package construction, a proto-effect fragment, an effect algebra, a Born valuation, c…"
P003-C0007,CLAIM,P003,nonclaim,EXPLICIT_NONCLAIM,no lawful public carrier asserted public shadow of the bridge-native carrier nonclaim record Selected lifts (canonical-lift status) selected lifts nonunique no canonical selected lift asserted level-crossing records nonclaim record Higher structures (event pa…
P003-C0008,CLAIM,P003,nonclaim,EXPLICIT_NONCLAIM,Paper 9 uses the claim and nonclaim discipline of the foundations layer to separate three kinds of statements.
P003-C0009,CLAIM,P003,nonclaim,EXPLICIT_NONCLAIM,"the controls of , especially , check that the accepted families respect the nonclaim record"
P003-C0010,CLAIM,P003,result_summary,NAMED_RESULT_OR_GATE_SURFACE,Candidate objects and promotion gate: The candidate objects for the PICA route are the three live one-layer-up surfaces retained by the carrier-exactification enumeration . The lifted-package surface records the packaged higher-level lift data; the protocol-i…
P003-C0011,CLAIM,P003,nonclaim,EXPLICIT_NONCLAIM,"The public-shadow split is nonfaithful: the carrier has a public projection to the bridge-native surface, but the carrier is not reducible to that projection, and faithful public compression remains an explicit nonclaim ."
P003-C0012,CLAIM,P003,result_summary,NAMED_RESULT_OR_GATE_SURFACE,"Non-factorization certificate: Each exactified carrier carries a carrier-side non-factorization certificate: its native state space, transport law, and readout law do not factor through the bridge-native H2 description. Equivalently, the carrier cannot be rec…"
P003-C0013,CLAIM,P003,result_summary,NAMED_RESULT_OR_GATE_SURFACE,New-layer readout slot gate: The readout slot gate consumes the source-backed threshold evidence of together with the PICA-bound source-policy contract fixed in . Its output is a strict-realization decision for the readout-agreement slot at the native H6 carr…
P003-C0014,CLAIM,P003,open_problem,OPEN_PROBLEM_OR_DEFERRED_WORK,"The companion quadratic-witness and transition-witness slots are treated in , and the all-slot closure test is deferred to ."
P003-C0015,CLAIM,P003,result_summary,NAMED_RESULT_OR_GATE_SURFACE,"All-slot gate and strict-domain closure: The all-slot gate consumes the three slot-realization results established in . It returns closure of the H6 strict three-slot domain only when the readout-agreement, quadratic-witness, and transition-witness slots are…"
P003-C0016,CLAIM,P003,result_summary,NAMED_RESULT_OR_GATE_SURFACE,Test-family admissibility gate: The admissibility gate applies the test-family discipline inherited from Paper 8 to the three candidates constructed in . It checks that each candidate is finite and that its predicates form an internally consistent partition o…
P003-C0017,CLAIM,P003,scope_boundary,SCOPE_OR_LIMITATION_RECORD,"protocol-indexed accepted, conditional on Family on protocol-indexed higher-witness surface readout-agreement, quadratic-witness, transition-witness all five criteria pass new-layer protocol-indexed accepted, conditional on Family on completion-family surface…"
P003-C0018,CLAIM,P003,nonclaim,EXPLICIT_NONCLAIM,The claim-boundary control checks the explicit nonclaim record of the foundations framework . Passing the control means that the accepted families respect that nonclaim record rather than carrying stronger structure into the acceptance result.
P003-C0019,CLAIM,P003,scope_boundary,SCOPE_OR_LIMITATION_RECORD,"Bounded scope: no event package, no shared-event identity: Strict-test acceptance certifies that, on each H6 carrier, the family criteria pass and the controls survive. It does not provide a packaging operator over the accepted families, an identification of…"
P003-C0020,CLAIM,P003,nonclaim,EXPLICIT_NONCLAIM,"Under the claim/nonclaim discipline of , those are additional structural moves, not consequences of test-family acceptance."
P003-C0021,CLAIM,P003,open_problem,OPEN_PROBLEM_OR_DEFERRED_WORK,Higher structures remain future work: The accepted strict-test families are partitions of the closed three-slot domain at each carrier. Building a proto-effect fragment would require identifying effect-shaped structure in those families that survives the foun…
P003-C0022,CLAIM,P003,nonclaim,EXPLICIT_NONCLAIM,"Under , absence of those constructions is a nonclaim boundary, not an implied consequence of the accepted tests."
P003-C0023,CLAIM,P003,nonclaim,EXPLICIT_NONCLAIM,"Paper 9's strict-extension verdict respects this discipline: it does not claim that a particular lift is uniquely admissible, and the selected-lift variation control of certifies that the accepted families survive admissible variation."
P003-C0024,CLAIM,P003,result_summary,NAMED_RESULT_OR_GATE_SURFACE,"Theorem schemas overview: This section records the schema-level support behind the gate logic of Paper 9. The formal layer consists of theorem schemas that codify the discipline by which threshold attachment, slot realization, test-family acceptance, descent…"
P003-C0025,CLAIM,P003,nonclaim,EXPLICIT_NONCLAIM,"The schemas proceed in order: source-policy admission required for threshold realization ( ), promotion versus carrier exactification ( ), exactified-carrier attachment licensing new-layer slots ( ), new-layer slots licensing new-layer test-family reassembly…"
P003-C0026,CLAIM,P003,schema,SCHEMA,Source-policy admission for threshold realization: The first schema states that a threshold-realization claim at a layer is licensed only when the active source-of-truth policy at that layer admits the source class supplying the threshold evidence for the rel…
P003-C0027,CLAIM,P003,schema,SCHEMA,"Promotion and carrier exactification as distinct stages: The second schema states that promotion of a candidate object, in the sense of , is distinct from carrier exactification, in the sense of . A promoted candidate is not by itself an exactified carrier: c…"
P003-C0028,CLAIM,P003,schema,SCHEMA,"Exactified-carrier attachment licenses a native strict slot: The third schema states a conditional slot-licensing principle. If an exactified carrier carries threshold-attachment data on its native state space, in the sense of , and the active source policy a…"
P003-C0029,CLAIM,P003,schema,SCHEMA,"Strict-domain closure licenses test-family reassembly: The fourth schema states that closure of the H6 strict three-slot domain at a carrier licenses strict-test-family reassembly at that carrier. Closure means that the readout-agreement, quadratic-witness, a…"
P003-C0030,CLAIM,P003,schema,SCHEMA,"Old-layer real-provisional status blocks old-layer tests only: The fifth schema is a no-propagation statement. Retaining H2 at real-provisional non-factorization status blocks acceptance of strict test families at H2, but it does not block acceptance at H6 wh…"
P003-C0031,CLAIM,P003,schema,SCHEMA,"Unrealized required slot blocks new-layer test acceptance: The sixth schema is the corresponding new-layer blocking statement. If any required slot of the H6 strict three-slot domain is not strict-realized at a carrier, then the all-slot gate of fails for tha…"
P003-C0032,CLAIM,P003,schema,SCHEMA,"Boundary: schema legality, not empirical existence: The schemas of this section establish schema legality and gate constraints: they record the conditions under which Paper 9's claim discipline is internally consistent, not what is empirically the case. They…"
P003-C0033,CLAIM,P003,result_summary,NAMED_RESULT_OR_GATE_SURFACE,"Final verdict statement: Relative to the event-admissibility endpoint inherited from Paper 8 , Paper 9 establishes a strict extension on fixed support. More precisely, the PICA route described in , consisting here of promotion, exactification, and source-poli…"
P003-C0034,CLAIM,P003,result_summary,NAMED_RESULT_OR_GATE_SURFACE,"Decision logic: The final gate is an ordered case analysis over the upstream audits from . The principal positive case is reached when the native H6 strict domain closes, the strict test families on the new-layer carrier survive controls, and descent preserve…"
P003-C0035,CLAIM,P003,scope_boundary,SCOPE_OR_LIMITATION_RECORD,"Final claim boundary: records the final claim boundary: what the paper claims, what it retains as compatibility, and what it explicitly disclaims. The table distinguishes the accepted strict tests on the new-layer carrier, the retained H2 compatibility bounda…"
P003-C0036,CLAIM,P003,result_summary,NAMED_RESULT_OR_GATE_SURFACE,"Discussion of the strict-extension result: Paper 9 establishes strict-test acceptance as a layer-local result. The accepted families are attached to the H6 carriers constructed by the PICA route, while the bridge-native H2 inherited from Paper 8 is retained a…"
P003-C0037,CLAIM,P003,scope_boundary,SCOPE_OR_LIMITATION_RECORD,"Scope, limitations, and future work: The main limitations are structural. The accepted strict test families do not constitute an event package, a proto-effect fragment, an effect algebra, a Born valuation, or a composition-ready structure. Those remain explic…"
P003-C0038,CLAIM,P003,prose_definition,PROSE_DEFINITION_SECTION,Definitions: The bridge-native event level inherited from Paper 8 . It carries scoped event positives and an unrealized readout-agreement slot. The new-layer carrier substrate constructed by the PICA route of . It is the layer at which Paper 9 states native s…
P003-C0039,CLAIM,P003,result_summary,NAMED_RESULT_OR_GATE_SURFACE,Gate predicates: The six-criterion test of applied to one-layer-up candidate objects in . The seven-criterion test of applied to promoted candidates in .
P003-C0040,CLAIM,P003,result_summary,NAMED_RESULT_OR_GATE_SURFACE,"Lean theorem schemas: The schemas of are mirrored on the Lean side as typed entries in the Mathlib-style formalization convention used throughout the fixed-support series . Each manuscript schema has a corresponding typed-record entry, and together these entr…"
P003-C0041,CLAIM,P003,schema,SCHEMA,Schema legality and empirical content: The Lean development summarized in establishes schema legality and conditional proof structure; it does not establish empirical witness existence. This is the same boundary stated in : the appendix records the Lean-side…
P003-C0042,CLAIM,P003,scope_boundary,SCOPE_OR_LIMITATION_RECORD,"Complete nonclaims ledger: This ledger collects the structures that Paper 9 explicitly does not assert, under the claim/nonclaim discipline of . This would assert a closed strict test-family domain at H2. It remains a nonclaim because the bridge-native readou…"
P003-C0043,CLAIM,P003,nonclaim,EXPLICIT_NONCLAIM,"This ledger collects the structures that Paper 9 explicitly does not assert, under the claim/nonclaim discipline of ."
P003-C0044,CLAIM,P003,nonclaim,EXPLICIT_NONCLAIM,It remains a nonclaim because the bridge-native readout-agreement slot is not strict-realized.
P003-C0045,CLAIM,P003,nonclaim,EXPLICIT_NONCLAIM,It remains a nonclaim because committed-state evidence is not admitted for that strict role under the inherited bridge-native policy of Paper 8.
P003-C0046,CLAIM,P003,nonclaim,EXPLICIT_NONCLAIM,"It remains a nonclaim because descent records compatibility and forgetting, not identity of events across layers."
P003-C0047,CLAIM,P003,nonclaim,EXPLICIT_NONCLAIM,"It remains a nonclaim because the paper constructs accepted strict test families only, not an event package."
P003-C0048,CLAIM,P003,nonclaim,EXPLICIT_NONCLAIM,It remains a nonclaim because no such fragment is constructed or audited here.
P003-C0049,CLAIM,P003,nonclaim,EXPLICIT_NONCLAIM,"It remains a nonclaim because the strict-test acceptance result does not supply the operations, identities, or laws required for an effect algebra."
P003-C0050,CLAIM,P003,nonclaim,EXPLICIT_NONCLAIM,It remains a nonclaim because no valuation map or valuation law is constructed.
P003-C0051,CLAIM,P003,nonclaim,EXPLICIT_NONCLAIM,"It remains a nonclaim because the paper proves strict-test acceptance and control survival, not a composition interface."
P003-C0052,CLAIM,P003,nonclaim,EXPLICIT_NONCLAIM,It remains a nonclaim because the public-shadow split is explicitly non-faithful.
P003-C0053,CLAIM,P003,nonclaim,EXPLICIT_NONCLAIM,"It remains a nonclaim because the exactified carriers are protocol-indexed H6 carriers, not lawful public carriers."
P003-C0054,CLAIM,P003,nonclaim,EXPLICIT_NONCLAIM,It remains a nonclaim because selected-lift variation is controlled without choosing a canonical lift.
P003-C0055,CLAIM,P003,nonclaim,EXPLICIT_NONCLAIM,It remains a nonclaim because the paper's evidence is confined to the fixed-support and scoped carrier construction used in the audit.
P021-C0001,CLAIM,P021,paper_thesis,PAPER_STATED_COMPOSITE_RESULT,"Earlier fixed-support papers in Six Birds Theory introduced admissible event packages, predictive quotients, and recombination witnesses. They left open whether a recombination-positive witness family supports a genuine promoted package or only a lower-layer…"
P021-C0002,CLAIM,P021,scope_boundary,SCOPE_OR_LIMITATION_RECORD,The resulting claim is narrow: at least one promoted-package candidate survives honestly on fixed support in the Route A flagship family.
P021-C0003,CLAIM,P021,nonclaim,EXPLICIT_NONCLAIM,"We do not claim a unique best representative strategy, we do not present slice/dual tradeoff evidence as a decisive classification surface, we do not use the staging–packaging defect metric as a gate, and we do not claim a flagship-data mechanization in Lean."
P021-C0004,CLAIM,P021,result_summary,NAMED_RESULT_OR_GATE_SURFACE,Promotion Criteria and Theorem Spine: We ask whether a recombination-positive witness family supports a genuine promoted package or only a lower-layer summary. This section fixes the criterion vocabulary used throughout. The definitions are intentionally stru…
P021-C0005,CLAIM,P021,definition,DEFINITION,Candidate promoted package: Fix a common support surface together with a designated observable family and an admissible family of lower-layer operations. A candidate promoted package is an abstract package-level description intended to summarize lower-layer s…
P021-C0006,CLAIM,P021,definition,DEFINITION,Induced update law: A candidate carries an induced update law when the admissible lower-layer operations act on the package in a well-defined way that does not depend on the choice of lower representative. If two lower states are identified by the candidate p…
P021-C0007,CLAIM,P021,definition,DEFINITION,Admissible second-stage coarse-graining: An admissible second-stage coarse-graining is a further package-level coarse-graining or repackaging that remains admissible relative to the retained observable surface and the induced update law. Not every quotient of…
P021-C0008,CLAIM,P021,definition,DEFINITION,Promoted-package criterion: A candidate package counts as a promoted package on the designated corpus and slice only if all of the following hold: [label=( )] Sufficiency. The candidate supports the designated observable family on the frozen corpus. Induced c…
P021-C0009,CLAIM,P021,definition,DEFINITION,"Protocol-indexed promotion: A distinct case occurs when promotion is available only after context or protocol state is internalized into the package. We call this protocol-indexed promotion. The base candidate does not qualify honestly on its own, because its…"
P021-C0010,CLAIM,P021,proposition,THEOREM_GRADE,"Generic promotion criterion: Let a candidate package on fixed support be equipped with an induced update law. Suppose that, on the designated frozen corpus and slice, the candidate is sufficient for the observable family, satisfies the admissible second-stage…"
P021-C0011,CLAIM,P021,proposition,THEOREM_GRADE,"Intrinsic survivor on the flagship core: On the canonical promotion pipeline, the intrinsic route P_ int survives on both Route A flagship anchors, remains separated from the required controls, and remains honest under the paired artifact audit. In this sense…"
P021-C0012,CLAIM,P021,nonclaim,EXPLICIT_NONCLAIM,"These cases are not promoted to theorem-core status, and we do not claim a broad route atlas on their basis."
P021-C0013,CLAIM,P021,proposition,THEOREM_GRADE,"Secondary representative-selected survivors: On the Route A flagship core, the declared-completion family P_ decl and the paired-enrichment family P_ pair survive as representative-selected route-family results. They refine the survivor picture on the flagshi…"
P021-C0014,CLAIM,P021,remark,INTERPRETIVE_REMARK,Protocol caveat for the paired family: P_ pair is live only when read together with the dedicated paired-lift protocol override artifacts. The older protocol summary alone is not a sufficient basis for its canonical status.
P021-C0015,CLAIM,P021,remark,INTERPRETIVE_REMARK,No unique best strategy: The surviving representative-selected evidence remains route-family-level. We do not identify a uniquely preferred declared-family or paired-enrichment strategy.
P021-C0016,CLAIM,P021,result_summary,NAMED_RESULT_OR_GATE_SURFACE,"Formal Criterion Layer: The empirical and computational results above are carried by the fixed-support audit pipeline, not by theorem proving alone. We supplement them with a small formal layer that records a compile-checked definition package for the promoti…"
P021-C0017,CLAIM,P021,scope_boundary,SCOPE_OR_LIMITATION_RECORD,"Discussion and Limitations: The intrinsic route P_ int is the main result because it survives on both flagship anchors, covers the four nearby positives, separates the required controls, and remains honest under the paired artifact audit without requiring rep…"
P021-C0018,CLAIM,P021,nonclaim,EXPLICIT_NONCLAIM,"First, the corpus is intentionally narrow: we do not claim a broad route atlas beyond the frozen Route A flagship family and its immediate local neighborhood. Third, we do not claim a unique best representative strategy."
P021-C0019,CLAIM,P021,prose_definition,PROSE_DEFINITION_SECTION,Formal Definitions and Theorem Statements: This appendix records the formal vocabulary behind in compact form. It does not replace the computational analysis of the main text and does not enlarge the paper's claim surface . [Candidate promoted package] Fix a…
P021-C0020,CLAIM,P021,definition,DEFINITION,"Candidate promoted package: Fix a common support surface, a designated observable family, and an admissible family of lower-level operations. A candidate promoted package consists of a package-level state object together with a way of reading lower-level stat…"
P021-C0021,CLAIM,P021,definition,DEFINITION,Induced update law: A candidate package carries an induced update law when the admissible lower-level operations descend to package-level updates in a representative-independent way. Lower-level identifications that define the package must remain respected un…
P021-C0022,CLAIM,P021,definition,DEFINITION,Admissible second-stage coarse-graining: An admissible second-stage coarse-graining is a further package-level repackaging that preserves the retained observable surface together with the descended update structure. The identity coarse-graining is always admi…
P021-C0023,CLAIM,P021,definition,DEFINITION,Promoted-package criterion: A candidate package satisfies the promoted-package criterion on a designated corpus and slice if it satisfies all of the following: [label=( )] sufficiency for the designated observable family; induced closure under admissible lowe…
P021-C0024,CLAIM,P021,definition,DEFINITION,"Protocol-indexed promotion criterion: A protocol-indexed promoted package is one for which the base candidate does not qualify honestly without additional protocol or context state, but an internalized or indexed refinement of that candidate satisfies the pro…"
P021-C0025,CLAIM,P021,proposition,THEOREM_GRADE,"Generic promotion criterion: Let a candidate promoted package be equipped with an induced update law. If, on the designated corpus and slice, the candidate satisfies sufficiency, admissible second-stage stability, control admissibility, no-smuggling, and slic…"
P021-C0026,CLAIM,P021,prose_definition,PROSE_DEFINITION_SECTION,"Namespace and definition layer: The development is organized under a dedicated promotion namespace. At the definition level, it introduces formal counterparts of the criterion concepts: candidate promoted packages, induced update laws, admissible second-stage…"
P021-C0027,CLAIM,P021,result_summary,NAMED_RESULT_OR_GATE_SURFACE,"Criterion kernel: A small statement layer records compile-safe lemmas showing that the definitions are usable. The criterion-kernel theorem packages the logical spine: given the relevant update structure and the proofs of sufficiency, second-stage stability,…"
P021-C0028,CLAIM,P021,nonclaim,EXPLICIT_NONCLAIM,The flagship-oriented witness stub does not claim that the actual Route A flagship computation has been mechanized.
P014-C0001,CLAIM,P014,paper_thesis,PAPER_STATED_COMPOSITE_RESULT,Six Birds Theory constructs layered descriptions of a stochastic substrate without importing Hilbert space or the Born rule. Earlier papers in the series showed that the substrate supports interference-like recombination structure on fixed support and that at…
P014-C0002,CLAIM,P014,scope_boundary,SCOPE_OR_LIMITATION_RECORD,The nearby-positive synthesis does not rewrite the earlier readout-surface limitation
P014-C0003,CLAIM,P014,open_problem,OPEN_PROBLEM_OR_DEFERRED_WORK,"Open question: The key open issue is internal structure. A surviving promoted package is more than a convenient label only if it supports its own descended readout and update structure, remains honest under protocol treatment, retains nontrivial content under…"
P014-C0004,CLAIM,P014,definition,DEFINITION,Candidate promoted package: A candidate promoted package on a fixed corpus consists of a candidate kind together with the promoted-state data and admissible representational surface carried by that kind. The intrinsic candidate carries only the promoted base…
P014-C0005,CLAIM,P014,definition,DEFINITION,Descended readout and signature-level descended update: Let P be a candidate promoted package on a fixed comparison surface C . We say that P has descended readout support on C if the designated promoted-level readout family descends honestly from the lower l…
P014-C0006,CLAIM,P014,result_summary,NAMED_RESULT_OR_GATE_SURFACE,"Joint criterion for internal structure: Internal structure is not certified by one scalar statistic. A promoted object counts as internally real only if several conditions are met jointly: descended readout, signature-level descended update, admissible second…"
P014-C0007,CLAIM,P014,definition,DEFINITION,"Second-stage stability and protocol honesty: Let P be a candidate promoted package. We say that P is second-stage stable if admissible non-identity recoarsenings of its retained promoted surface preserve the relevant readout, signature-level closure, and cont…"
P014-C0008,CLAIM,P014,proposition,THEOREM_GRADE,Generic promoted-structure criterion: Suppose a candidate promoted package P on a fixed surface C satisfies the joint criterion above. Then P is eligible for a package-type verdict on C as a genuinely surviving promoted object. Failure of any one of the liste…
P014-C0009,CLAIM,P014,definition,DEFINITION,"Package verdict, readiness, and nearby-support distinction: The package-type verdict is the main classification assigned by the joint internal-structure audit. The higher-layer readiness axis records downstream weak primitive participation and is not a substi…"
P014-C0010,CLAIM,P014,proposition,THEOREM_GRADE,"Nonreplacement boundary: Evidence recorded on the higher-layer readiness axis, on the nearby-support distinction surface, or on the flagship-local chart side-branch does not by itself alter the package-type verdict. These statement surfaces answer different q…"
P014-C0011,CLAIM,P014,proposition,THEOREM_GRADE,"Nearby-support distinctions do not collapse: Readout-surface anchor-local limitation, detector-limited nearby support, and family-level erased-partner support are logically distinct outcome surfaces in the present audit. Positive evidence on one of them does…"
P014-C0012,CLAIM,P014,definition,DEFINITION,"Equal-footing comparison rule: For a candidate kind K and a case x ∈ C_ core , the primary audit outcome is attached to the pair (K,x) rather than to the raw number of admissible representatives of kind K over x . Representative multiplicity may contribute to…"
P014-C0013,CLAIM,P014,proposition,THEOREM_GRADE,"Core descended readout sufficiency: On the frozen core subset C_ core , the intrinsic, sectioned, and bundle-section-fiber candidates are each readout-sufficient on all six core cases, while the protocol-indexed candidate is readout-sufficient on none of them…"
P014-C0014,CLAIM,P014,proposition,THEOREM_GRADE,"Core signature-level closure readiness: On the same frozen core subset C_ core , the intrinsic candidate is signature-level closure-ready on all six core cases. The sectioned, bundle-section-fiber, and protocol-indexed candidates are signature-level closure-r…"
P014-C0015,CLAIM,P014,remark,INTERPRETIVE_REMARK,Interpretation of the first gate: The first gate is already decisive in one restricted sense: the intrinsic route is not merely one surviving representative among several equivalent winners. It is the only candidate that clears the joint readout/update gate o…
P014-C0016,CLAIM,P014,theorem,THEOREM_GRADE,"Intrinsic second-stage plateau: On the supported core surface, the intrinsic candidate has a nontrivial second-stage stability plateau. More precisely, there are four non-identity admissible recoarsenings on which the intrinsic candidate preserves full core r…"
P014-C0017,CLAIM,P014,proposition,THEOREM_GRADE,"Fragile comparison branches: The sectioned and bundle-section-fiber candidates remain informative comparison branches under the second-stage audit, but neither carries a nontrivial stability plateau. Their surviving comparison structure is fragile rather than…"
P014-C0018,CLAIM,P014,proposition,THEOREM_GRADE,"Bundle/dual non-displacement: Dual augmentation adds no decisive improvement over the non-dual sectioned and bundle-section-fiber routes. In particular, it does not increase supported plateau size, does not repair the closure ambiguity that blocks those route…"
P014-C0019,CLAIM,P014,result_summary,NAMED_RESULT_OR_GATE_SURFACE,"Protocol honesty and verdict boundary: Second-stage stability alone would be insufficient if the intrinsic picture were only an artifact of omitted protocol state. The protocol gate therefore sits alongside the stability result. On the frozen surface, the int…"
P014-C0020,CLAIM,P014,scope_boundary,SCOPE_OR_LIMITATION_RECORD,"Protocol honesty does not, however, repair the nearby readout limitation"
P014-C0021,CLAIM,P014,proposition,THEOREM_GRADE,"Protocol-honest nonindexed preservation: The intrinsic nonindexed route passes the protocol gate on the frozen surface. The indexed route does not displace it, and protocol treatment does not convert the nearby readout limitation into a repaired neighborhood…"
P014-C0022,CLAIM,P014,remark,INTERPRETIVE_REMARK,"Verdict boundary: This section carries the package verdict most directly; invariant and quadratic content are addressed in the next section, and the nearby readout limitation is carried forward in its own diagnostic layer."
P014-C0023,CLAIM,P014,proposition,THEOREM_GRADE,"Retained invariant families: On the intrinsic plateau, the four invariant families in I_ ret are retained as claim-bearing invariant content. Each tracks a retained promoted-level feature of the stable intrinsic surface, and none reduces to raw representative…"
P014-C0024,CLAIM,P014,nonclaim,EXPLICIT_NONCLAIM,"Likewise, unresolved control-distance or other non-retained probe families are recorded as unresolved or non-claim-bearing and are not used to extend the main verdict."
P014-C0025,CLAIM,P014,proposition,THEOREM_GRADE,"Retained exact-finite quadratic families: On the intrinsic plateau, the three families in Q_ ret are retained as claim-bearing exact-finite quadratic structure. They are exact-finite, remain honest under the protocol gate, persist across the nontrivial intrin…"
P014-C0026,CLAIM,P014,remark,INTERPRETIVE_REMARK,"What this section does not claim: This section does not claim any ambient additive or linear carrier model, does not promote bundle/dual material to a competing geometry verdict, and does not convert comparison-only or proxy-only families into claim-bearing s…"
P014-C0027,CLAIM,P014,nonclaim,EXPLICIT_NONCLAIM,[t] @ > p 0.22 > p 0.12 > X> p 0.22 @ →prule Family Status Target object Role in the paper Plateau-retention signature retained plateau membership / retained promoted surface claim-bearing intrinsic invariant Core readout-support signature retained descended…
P014-C0028,CLAIM,P014,nonclaim,EXPLICIT_NONCLAIM,"[t] @ > p 0.26 > p 0.10 > X> p 0.18 @ →prule Family Status Structural profile Role in the paper Self readout quadratic (q_readout_l2_self) retained exact-finite, nonnegative, plateau-stable, protocol-honest claim-bearing intrinsic geometry Gap quadratic (q_re…"
P014-C0029,CLAIM,P014,scope_boundary,SCOPE_OR_LIMITATION_RECORD,"The readout-surface limitation: On the frozen exact readout surface, the intrinsic route remains anchor-only: the nearby positives do not inherit the flagship exact readout support. Two questions must therefore be distinguished. The first is whether the curre…"
P014-C0030,CLAIM,P014,proposition,THEOREM_GRADE,"Readout-surface anchor-only limitation: On the frozen exact and decision-bearing readout surface, the nearby positives remain anchor-only. The current exact readout lens does not extend from the flagship anchors to the nearby-positive cases."
P014-C0031,CLAIM,P014,proposition,THEOREM_GRADE,"Carrier support present: On the carrier-level closure suite calibrated from the required controls, all four nearby positives exhibit positive carrier support rather than carrier emptiness. Hence the nearby cases are not negative in the same sense as the contr…"
P014-C0032,CLAIM,P014,proposition,THEOREM_GRADE,Detector unlock remains restricted: No additional theorem-admissible exact-finite nearby detector unlock exists on the frozen readout surface. The nearby failure mode on that surface is detector-limited and source-limited rather than an absence of all nearby…
P014-C0033,CLAIM,P014,scope_boundary,SCOPE_OR_LIMITATION_RECORD,"Accordingly, the anchor-only outcome is a limitation of the present exact readout interface, not a finding of nearby object absence."
P014-C0034,CLAIM,P014,proposition,THEOREM_GRADE,"Erased-partner family support: At the family-level quotient layer, all four nearby positives support an erased-partner interpretation rather than a negative one. This classification is not obtained by post hoc detector replacement, and it is not explained by…"
P014-C0035,CLAIM,P014,remark,INTERPRETIVE_REMARK,Subset witness search not needed: The candidate-subset witness search is skipped on the current frozen nearby surface because no unresolved nearby-positive cases remain after the family-level erased-partner classification is taken into account.
P014-C0036,CLAIM,P014,proposition,THEOREM_GRADE,Nearby-route synthesis with caveat: The nearby route closes positively but with caveat. On the frozen exact readout surface the nearby positives remain anchor-only; on detector-independent carrier diagnostics they remain positive; at the family-level quotient…
P014-C0037,CLAIM,P014,scope_boundary,SCOPE_OR_LIMITATION_RECORD,[t] @ > p 0.19 > p 0.13 > X> p 0.22 @ →prule Audit layer Result What it establishes What it does not establish Readout-surface test anchor-only current exact readout lens does not extend to nearby positives does not show object absence Carrier-level closure s…
P014-C0038,CLAIM,P014,scope_boundary,SCOPE_OR_LIMITATION_RECORD,"The readout-surface anchor-only limitation is retained, while carrier and family-level diagnostics support a positive erased-partner interpretation that closes only with caveat."
P014-C0039,CLAIM,P014,proposition,THEOREM_GRADE,"Weak primitive participation and readiness: On the weak primitive-descent core panel, the intrinsic candidate is the only surviving route with positive support across all core primitive slots. This supports a separate higher-layer readiness result, recorded o…"
P014-C0040,CLAIM,P014,proposition,THEOREM_GRADE,"Flagship-local chart support: On the flagship patch, the intrinsic candidate admits exact local affine/additive/matrix-like fits that match both the designated readout data and the signature-level action interface. This is a flagship-local, non-gating compati…"
P014-C0041,CLAIM,P014,remark,INTERPRETIVE_REMARK,"Downstream nonreplacement: Neither higher-layer readiness nor flagship-local chart support changes the package verdict, repairs the nearby readout limitation, or licenses any claim of ambient linear structure or a fully autonomous higher-level layer."
P014-C0042,CLAIM,P014,definition,DEFINITION,"Current formal criterion layer: The current formal criterion layer is the Lean surface consisting of abstract vocabulary for candidate kinds, candidate packages, section families, descended readout, descended update, recoarsening, and second-stage stability,…"
P014-C0043,CLAIM,P014,result_summary,NAMED_RESULT_OR_GATE_SURFACE,"Criterion layer and separate axes: On top of that definitional layer, the formal surface adds criterion vocabulary: package-type verdict, higher-layer readiness, intrinsic versus protocol-indexed outcomes, bundle/dual upgrade, and nearby-support distinctions.…"
P014-C0044,CLAIM,P014,scope_boundary,SCOPE_OR_LIMITATION_RECORD,"In the formal layer, readout-surface anchor-local limitation, detector-limited nearby support, erased-partner family-level support, and nonreplacement boundaries are represented as distinct statement-level objects, mirroring the separation of outcome axes in…"
P014-C0045,CLAIM,P014,proposition,THEOREM_GRADE,"Current formal scope: The current Lean layer formalizes the abstract criterion vocabulary and the separation of outcome axes used in the manuscript, but it does not prove the empirical package verdict, the nearby-route synthesis, the flagship-local chart resu…"
P014-C0046,CLAIM,P014,open_problem,OPEN_PROBLEM_OR_DEFERRED_WORK,"What remains open: substantive theorems connecting those abstractions to concrete empirical verdicts, and any stronger formal treatment of nearby-support synthesis, protocol-indexed versus nonindexed classification, bundle/dual upgrade claims, or local-chart…"
P014-C0047,CLAIM,P014,remark,INTERPRETIVE_REMARK,"Proof-gap boundary: The formal layer supplies definitions, criteria, flagship stub interfaces, and proof-gap markers, but does not turn the empirical atlas into a proved Lean theorem."
P014-C0048,CLAIM,P014,open_problem,OPEN_PROBLEM_OR_DEFERRED_WORK,"[t] @ > p 0.14 > X> p 0.22 > p 0.22 @ →prule Component Current formal content Role in the paper Not yet claimed Definitions candidate-package, section-family, descended readout/update, recoarsening/stability vocabulary stabilizes the paper's abstract language…"
P014-C0049,CLAIM,P014,result_summary,NAMED_RESULT_OR_GATE_SURFACE,"Why the verdict is intrinsic: The intrinsic nonindexed candidate is the only candidate that survives the entire claim-bearing audit stack: the joint descended readout and signature-level update gate ( ), the nontrivial second-stage plateau ( ), and the retain…"
P014-C0050,CLAIM,P014,scope_boundary,SCOPE_OR_LIMITATION_RECORD,"Limitations: Several limitations apply. First, the update surface remains signature-level rather than a full executable promoted dynamics. Second, the nearby-positive readout gap remains real on the current exact frozen readout surface; the erased-partner syn…"
P014-C0051,CLAIM,P014,prose_definition,PROSE_DEFINITION_SECTION,Formal Definitions and Theorem Statements: This appendix collects the abstract formal vocabulary used by the paper without turning the empirical audit into a theorem by declaration. The goal is to make the statement surface explicit and conventional and to re…
P014-C0052,CLAIM,P014,prose_definition,PROSE_DEFINITION_SECTION,"Abstract definitions: The main text introduces the following definition surfaces. : candidate promoted package. : descended readout support and signature-level descended update support. : second-stage stability and protocol honesty. : package verdict, higher-…"
P014-C0053,CLAIM,P014,result_summary,NAMED_RESULT_OR_GATE_SURFACE,"Criterion surfaces: On top of those definitions, the Lean layer records criterion names rather than empirical verdict theorems. The main criterion objects are: PackageTypeVerdict, HigherLayerReadiness, NearbySupportCharacterization, and ReadoutSurfaceNeighbor…"
P014-C0054,CLAIM,P014,scope_boundary,SCOPE_OR_LIMITATION_RECORD,This is why the nearby-positive closeout can preserve the readout-surface anchor-only limitation while still reporting positive erased-partner support under caveat.
P007-C0001,CLAIM,P007,paper_thesis,PAPER_STATED_COMPOSITE_RESULT,"Earlier papers in the fixed-support line of Six Birds Theory established admissible event packages, predictive and recombination quotients, a control-stable Route A flagship corpus, promotion criteria, and the intrinsic promoted-package survivor. They left op…"
P007-C0002,CLAIM,P007,nonclaim,EXPLICIT_NONCLAIM,"We do not claim carrier law at the public surface, cross-seed carrier exactification, full-core carrier exactification, nonindexed promotion of the scoped lifted surface, global quadratic carrying, or a general event geometry."
P007-C0003,CLAIM,P007,open_problem,OPEN_PROBLEM_OR_DEFERRED_WORK,the empirical allocation of candidates to them is deferred to the later audit and final-gate sections.
P007-C0004,CLAIM,P007,scope_boundary,SCOPE_OR_LIMITATION_RECORD,"Later sections use that surface to distinguish real scope limitation, support-only transfer, and ordinary flagship evidence rather than collapsing them into a single broad notion of positivity."
P007-C0005,CLAIM,P007,nonclaim,EXPLICIT_NONCLAIM,The construction does not prove that the intrinsic branch is a final carrier.
P007-C0006,CLAIM,P007,result_summary,NAMED_RESULT_OR_GATE_SURFACE,"Live-surface verdict: The live-surface stage ends with a bounded positive result. The audit does not remain at the level of descriptor partitions, process families, or chart-only presentations; it produces an intrinsic live-surface carrier candidate that is s…"
P007-C0007,CLAIM,P007,result_summary,NAMED_RESULT_OR_GATE_SURFACE,"The intrinsic promotion gate: The intrinsic promotion gate decides what kind of survivor the strengthening lane yields. The audited surviving candidate is intrinsic_naked_interface_witness_autonomous_protocol_lift , and its final promotion status is protocol_…"
P007-C0008,CLAIM,P007,scope_boundary,SCOPE_OR_LIMITATION_RECORD,"The lane closes predictive and protocol fronts on the flagship patch, but the intrinsic promotion gate leaves the survivor protocol-indexed rather than nonindexed. @ > p 0.14 > p 0.20 > p 0.22 > p 0.20 > X@ →prule Step Surface tested Positive finding Limitati…"
P007-C0009,CLAIM,P007,scope_boundary,SCOPE_OR_LIMITATION_RECORD,"controls are signed off as null-by-design, and the support-only row remains support-only. @ > p 0.19 > p 0.18 > p 0.17 > p 0.16 > X@ →prule Panel / role Count or stable ids Cross-seed classification Scope contract Interpretation for carrier claim Flagship anc…"
P007-C0010,CLAIM,P007,scope_boundary,SCOPE_OR_LIMITATION_RECORD,the nearby-positive panel blocks it as a real scope limitation rather than by collapsing into noise.
P007-C0011,CLAIM,P007,scope_boundary,SCOPE_OR_LIMITATION_RECORD,"Four falsifier panels then ask whether that bounded result survives the standard stress tests: collapse of the licensed witness, fragility of the witness/public-shadow composite under stronger overclaim demands, or failure of broader globalized or adjacent-su…"
P007-C0012,CLAIM,P007,scope_boundary,SCOPE_OR_LIMITATION_RECORD,The selection-support-enriched same-branch surface is shell-compatible and same-branch but does not repair the nearby-positive limitation
P007-C0013,CLAIM,P007,scope_boundary,SCOPE_OR_LIMITATION_RECORD,"Sections and leave a sharply bounded result: the lawful same-branch witness survives, the coarse public carrier remains signature-only, the flagship strengthening lane remains protocol-indexed-only, and no cross-seed, full-core, or adjacent-surface upgrade la…"
P007-C0014,CLAIM,P007,nonclaim,EXPLICIT_NONCLAIM,"no broader bridge or general event-geometry claim is made. @ > p 0.22 > p 0.15 > p 0.19 > p 0.18 > X@ →prule Item Status Scope Role Non-claim / limitation Carried carrier surface survived scoped carrier flagship-only, protocol-indexed earned protocol-indexed…"
P007-C0015,CLAIM,P007,result_summary,NAMED_RESULT_OR_GATE_SURFACE,"Final Gate and Carrier Atlas: The previous sections separated surfaces that a looser narrative might have merged: the intrinsic live-surface candidate of Section , the lawful same-branch witness and public signature shadow of Section , the flagship-only proto…"
P007-C0016,CLAIM,P007,result_summary,NAMED_RESULT_OR_GATE_SURFACE,"Final gate verdict: The final gate verdict is protocol_indexed_carrier_only. The strongest claim verdict is failed, and the survived positive surface verdict is present. These three lines must be read together: the strongest-claim row alone would make the run…"
P007-C0017,CLAIM,P007,scope_boundary,SCOPE_OR_LIMITATION_RECORD,The nearby-positive panel is a real scope-limitation row
P007-C0018,CLAIM,P007,result_summary,NAMED_RESULT_OR_GATE_SURFACE,"Interpretation of the gate: The strongest public, cross-seed, and full-core carrier claim is not licensed. The lawful same-branch witness is licensed. The public signature shadow remains coarse and non-faithfully related to that witness. A flagship-only, prot…"
P007-C0019,CLAIM,P007,result_summary,NAMED_RESULT_OR_GATE_SURFACE,"Formal Criterion Layer and Lean Bridge: By the end of Section , the empirical carrier gate is closed. The final verdict, the carrier atlas, the scope limitations, and the claim permissions are artifact-backed results of the pipeline. The formal layer gives a…"
P007-C0020,CLAIM,P007,definition,DEFINITION,"Designated surface: A designated surface is a tuple Sigma = (S, O, G, Xi, P) of seed, observable, generator, section, and protocol types."
P007-C0021,CLAIM,P007,definition,DEFINITION,"Carrier candidate: A carrier candidate on Sigma is a tuple C = (X, V, rho, lambda, tau) consisting of [leftmargin=2em, itemsep=0pt, topsep=2pt] a state space X , a validity predicate V : X → Prop , a seed-realization relation rho : S → X → Prop , a readout re…"
P007-C0022,CLAIM,P007,definition,DEFINITION,"Reduction: A reduction from C to D on the same surface Sigma is a map phi : X_ C → X_ D satisfying, for all admissible arguments, V_ C (x) implies V_ D (phi(x)), rho_ C (s, x) implies rho_ D (s, phi(x)), lambda_ C (x, o) implies lambda_ D (phi(x), o), tau_ C…"
P007-C0023,CLAIM,P007,result_summary,NAMED_RESULT_OR_GATE_SURFACE,Criterion kernel: The proof kernel file typechecks three groups of implications on top of the vocabulary above. The local target Recombination.CarrierExactification compiles cleanly and carries no active sorry. The use of a small theorem kernel inside a proof…
P007-C0024,CLAIM,P007,proposition,THEOREM_GRADE,"Criterion implication, abstract form: Let Sigma be a designated surface and C a carrier candidate on Sigma , and let E be a full carrier-exactification evidence bundle for C with designated seed scope S_ des ⊆ S , witness families for section, protocol, and e…"
P007-C0025,CLAIM,P007,remark,INTERPRETIVE_REMARK,Each of these implications is a logical consequence of the typed definitions and evidence records summarized above and in Section ; they are not new empirical theorems. The kernel does not establish that the predicates are instantiated by the ticket31 JSON su…
P007-C0026,CLAIM,P007,result_summary,NAMED_RESULT_OR_GATE_SURFACE,"Why the verdict is positive but scoped: The final gate summarises the paper as ``strongest claim failed, survived positive surface present.'' The two clauses answer different questions: whether the run earns a new public, cross-seed, or full-core carrier verd…"
P007-C0027,CLAIM,P007,scope_boundary,SCOPE_OR_LIMITATION_RECORD,"Limitations: The limitations are structural. The surviving carrier remains flagship-only; protocol indexing remains required; the public surface remains signature_only; cross-seed reach remains partial, and the four nearby positives remain real scope limitati…"
P007-C0028,CLAIM,P007,prose_definition,PROSE_DEFINITION_SECTION,Formal Definitions and Criteria: This appendix expands the conceptual setup of without repeating the main text's carrier atlas or final-gate tables. Its role is to fix the paper's formal vocabulary at a prose-and-math level. The appendix does not introduce an…
P007-C0029,CLAIM,P007,result_summary,NAMED_RESULT_OR_GATE_SURFACE,"Gate vocabulary: The gate vocabulary used in is best understood as a controlled verdict ladder rather than as a single scalar score. At the law layer the important statuses are lawful, signature-only, and collapse. At the compression layer the important statu…"
P007-C0030,CLAIM,P007,prose_definition,PROSE_DEFINITION_SECTION,"Definitions and predicates: Definitions.lean provides the typed vocabulary behind the manuscript's main distinctions. DesignatedSurface fixes the seed, observable, generator, section, and protocol types. CarrierCandidate packages a state space together with v…"
P007-C0031,CLAIM,P007,result_summary,NAMED_RESULT_OR_GATE_SURFACE,"Criterion lemmas: Statements.lean and ProofKernel.lean together provide the theorem kernel referenced in Section 12. The kernel proves identity and composition for reductions, reflexive and transitive reducibility, and preservation lemmas for validity, readou…"
P007-C0032,CLAIM,P007,nonclaim,EXPLICIT_NONCLAIM,It is the formal statement of what the paper does and does not claim.
P008-C0001,CLAIM,P008,paper_thesis,PAPER_STATED_COMPOSITE_RESULT,"The preceding carrier-exactification paper established a scoped carrier layer on the Route A flagship support: a lawful same-branch witness, a non-faithful public signature shadow, a protocol-indexed carrier surface, scoped quadratic carrying, and two proto-e…"
P008-C0002,CLAIM,P008,nonclaim,EXPLICIT_NONCLAIM,"We do not claim an accepted test package, shared-event identity, proto-effect fragment, probability valuation, composition result, lawful public carrier, faithful public compression, cross-seed event package, or full-core event package."
P008-C0003,CLAIM,P008,result_summary,NAMED_RESULT_OR_GATE_SURFACE,"Prior carrier result and claim contract: The prior carrier-exactification result is deliberately scoped: it is a carrier-exactification statement on the fixed Route A flagship support, not a public event package and not a public carrier theorem. Its lawful ob…"
P008-C0004,CLAIM,P008,nonclaim,EXPLICIT_NONCLAIM,[t] 4pt p 0.25 p 0.20 p 0.26 p 0.22 Inherited object Prior status Use here Nonclaim Refined same-branch witness (carrier side) Lawful refined carrier-side witness Carrier-side conditions in event bridge records Not public-shadow-native
P008-C0005,CLAIM,P008,nonclaim,EXPLICIT_NONCLAIM,[t] 4pt p 0.22 p 0.10 p 0.36 p 0.26 Source Count Typical proposed instrument and lift Candidate-stage nonclaim Quadratic levelsets 4 Quadratic-levelset instrument with quadratic-levelset lift Not probability
P008-C0006,CLAIM,P008,nonclaim,EXPLICIT_NONCLAIM,they do not assert that public signatures determine refined carrier conditions.
P008-C0007,CLAIM,P008,scope_boundary,SCOPE_OR_LIMITATION_RECORD,"[t] 4pt p 0.26 p 0.28 p 0.24 p 0.16 Object or family Quadratic relation Role in this run Limitation Quadratic level-set event Direct alignment with the scoped q-levelset boundary using q_ L2 , q_ gap , and q_ coarse Accepted protocol-indexed event-level object"
P008-C0008,CLAIM,P008,scope_boundary,SCOPE_OR_LIMITATION_RECORD,"Every accepted claim must carry a complete P_1 – P_6 profile, every active role must have supporting evidence, and every residual limitation must be classified rather than left implicit."
P008-C0009,CLAIM,P008,definition,DEFINITION,"Designated surface: A designated surface is a tuple Sigma = (Z,\ f,\ Sigma_f,\ I,\ L,\ ), where Z is a finite carrier set, f : Z → X is a lens, Sigma_f is the induced definability structure, I is a family of admissible instruments, L is a family of selected l…"
P008-C0010,CLAIM,P008,definition,DEFINITION,"Event bridge record: An event bridge record on Sigma is an eight-tuple B_E = (C,\ P,\ I,\ L,\ V,\ Theta,\ S,\ A), where C is a carrier-side condition, P is a public/readout-side condition, I ∈ I is the declared instrument, L ∈ L is the selected lift (or forge…"
P008-C0011,CLAIM,P008,definition,DEFINITION,"Event admissibility: An event bridge record B_E is admissible on Sigma , written Admissible(B_E, Sigma) , if DS(B_E)\ \ IV(B_E)\ \ SH(B_E)\ \ LS(B_E)\ \ PH(B_E) \ TA(B_E)\ \ CP(B_E)\ \ LA(B_E)\ \ XC(B_E)\ \ CB(B_E), where the ten conjuncts are declared surfac…"
P008-C0012,CLAIM,P008,definition,DEFINITION,"Candidate test family: A candidate test family on Sigma is a tuple T = (\ B_i\ _ i ∈ F ,\ Sigma_T,\ mu ), where F is a finite index set, \ B_i\ _ i ∈ F is a family of event bridge records proposed as members, Sigma_T is the declared test surface, and mu is an…"
P008-C0013,CLAIM,P008,definition,DEFINITION,"Test admissibility: A candidate test family T is admissible, written AdmissibleTest(T, Sigma_T) , if every B_i is admissible, the family is finite and nonempty, and ME(T, Sigma_T)\ \ EX(T, Sigma_T)\ \ IS(T)\ \ LS_ fam (T)\ \ PC(T)\ \ CS(T)\ \ XC_ fam (T)\ \ C…"
P008-C0014,CLAIM,P008,proposition,THEOREM_GRADE,"Admissibility implies bridge well-formedness: If Admissible(B_E, Sigma) holds, then each component of B_E is a well-formed instance of its declared record type and every field required by Definition is populated."
P008-C0015,CLAIM,P008,proposition,THEOREM_GRADE,"Test admissibility has admissible nonempty members: If AdmissibleTest(T, Sigma_T) holds, then T has at least one member, every member satisfies Admissible(B_i, Sigma) , and the slot assignment mu realizes every required slot of Sigma_T ."
P008-C0016,CLAIM,P008,proposition,THEOREM_GRADE,"Shared-event identity requires compatibility witnesses: If two admissible bridges B_E , B_F share an event identity under a witness w , then w supplies compatible carrier pullbacks, compatible public readouts, compatible visibility-and-suppression records, an…"
P008-C0017,CLAIM,P008,proposition,THEOREM_GRADE,Proto-effect admissibility requires normalization: An admissible proto-effect fragment over an admissible test family carries at least one normalization candidate and a complement-like operation compatible with the partial-addition structure.
P008-C0018,CLAIM,P008,proposition,THEOREM_GRADE,"Final-gate licensing: Each final-gate classification c listed in the permitted final-gate set is licensed by a specific conjunction of accepted-object predicates: c = isolated_proto_events iff ( B_E.\ Admissible(B_E, Sigma))\ \ ( T.\ AdmissibleTest(T, Sigma_T…"
P008-C0019,CLAIM,P008,remark,INTERPRETIVE_REMARK,"Propositions – are definitional unfoldings of the records in S , and are proved in Lean by case analysis on those records. They are not independent mathematical results and make no claim about any specific run; the bridge from abstract predicate to empirical…"
P008-C0020,CLAIM,P008,result_summary,NAMED_RESULT_OR_GATE_SURFACE,"Final gate: The final gate aggregates the preceding stages without changing their status. It does not repair the missing test-family slot, does not promote event-level positives into tests, and does not collapse accepted event-level positives into a no-event…"
P008-C0021,CLAIM,P008,nonclaim,EXPLICIT_NONCLAIM,"It does not claim a lawful public carrier, faithful public compression, cross-seed event package, full-core event package, accepted test package, shared-event identity, proto-effect fragment, probability valuation, or composition result."
P008-C0022,CLAIM,P008,scope_boundary,SCOPE_OR_LIMITATION_RECORD,"Discussion and limitations: The outcome is mixed but precise. The run is not empty at the event level: two scoped protocol-indexed positives survive the event gate, controls, layer placement, quadratic alignment, and exact-six profiling. At the same time, no…"
P008-C0023,CLAIM,P008,prose_definition,PROSE_DEFINITION_SECTION,Formal definitions and gate predicates: This appendix collects the record-level definitions used in the main text. The definitions are stated at the level needed to read the artifact tables and gates; the Lean formalization in Appendix gives the corresponding…
P008-C0024,CLAIM,P008,nonclaim,EXPLICIT_NONCLAIM,"It does not import the empirical JSON artifacts, and it does not prove the numerical branch result of the pipeline."
P008-C0025,CLAIM,P008,nonclaim,EXPLICIT_NONCLAIM,"[h] 4pt ! p 0.30 p 0.56 Lean module Role Definitions.lean Role channels P_1 – P_6 , role-status vocabulary, layer placements, event, test, and final-gate statuses, and abstract surface, instrument, and lift records \ 0.7em] EventBridge.lean Exact-six profiles…"
P008-C0026,CLAIM,P008,nonclaim,EXPLICIT_NONCLAIM,[h] 4pt ! p 0.38 p 0.48 Nonclaim Recorded reason No accepted finite test package accepted_test_count=0 The listed structures are not claimed by the run.
P037-C0001,CLAIM,P037,paper_thesis,PAPER_STATED_COMPOSITE_RESULT,"studies strict-test-to-event-package admissibility on fixed support in Six Birds Theory. The starting point is the substrate: accepted new-layer strict tests on support, with the strict-test partition rung valid by inheritance. The paper asks whether this str…"
P037-C0002,CLAIM,P037,nonclaim,EXPLICIT_NONCLAIM,Shared-event identity in the strong sense is not claimed
P037-C0003,CLAIM,P037,result_summary,NAMED_RESULT_OR_GATE_SURFACE,"Paper 10 result statement: The paper has two paper-10-new contributions. First, a protocol-indexed shared-identity layer is constructed: 9 same-role cross-context edges are accepted at protocol-indexed identity lane scope across the three H6 PICA carriers ( ,…"
P037-C0004,CLAIM,P037,scope_boundary,SCOPE_OR_LIMITATION_RECORD,"Nonclaims summary: Paper 10 does not claim shared-event identity in the strong sense, and it does not accept identity at the three rejected lanes intrinsic identity lane, lawful-same-branch identity lane, or lift-only identity lane. It does not certify an adm…"
P037-C0005,CLAIM,P037,nonclaim,EXPLICIT_NONCLAIM,"The paper-10-new event-level attempt is mounted on the H6 PICA substrate, with the H2 boundary preserved as a nonclaim and the inherited strict-test data not read as an H2 reconstruction or as public carrier evidence."
P037-C0006,CLAIM,P037,scope_boundary,SCOPE_OR_LIMITATION_RECORD,"Inherited nonclaims: Paper 10 inherits a set of preserved nonclaims from the earlier fixed-support line. From Paper 7 and its continuation into Paper 9, faithful public compression remains unclaimed: public-shadow nonfaithfulness is preserved . The same inher…"
P037-C0007,CLAIM,P037,nonclaim,EXPLICIT_NONCLAIM,"Paper 10 does not claim H2 strict-test closure, does not claim strict realization of the H2 readout slot, and does not reconstruct H6 structure from H2"
P037-C0008,CLAIM,P037,open_problem,OPEN_PROBLEM_OR_DEFERRED_WORK,"Proto-effect outcome lattice rung (future work): The proto-effect outcome lattice rung is the downstream rung that begins only after accepted event-level and accepted-package input is available. Conceptually, it asks whether proto-effect probes can be evaluat…"
P037-C0009,CLAIM,P037,nonclaim,EXPLICIT_NONCLAIM,Paper 10 does not claim it. records the methodological discipline that applies the taxonomy
P037-C0010,CLAIM,P037,open_problem,OPEN_PROBLEM_OR_DEFERRED_WORK,"(proto) at (4.0,4.5) proto-effect outcome lattice rung future work downstream"
P037-C0011,CLAIM,P037,open_problem,OPEN_PROBLEM_OR_DEFERRED_WORK,"requires extension), and proto-effect outcome lattice rung (future work)."
P037-C0012,CLAIM,P037,nonclaim,EXPLICIT_NONCLAIM,The cross-carrier comparison base therefore remains a Paper 10 nonclaim at this stage.
P037-C0013,CLAIM,P037,nonclaim,EXPLICIT_NONCLAIM,This nonclaim does not undo the protocol-indexed acceptance of .
P037-C0014,CLAIM,P037,result_summary,NAMED_RESULT_OR_GATE_SURFACE,"Event-gate threshold criterion attempt and named missing subobject: The event-gate threshold construction attempt starts from the Theta component of the inherited event-bridge record. Methodologically, the intended criterion is conjunctive: one admissible eve…"
P037-C0015,CLAIM,P037,nonclaim,EXPLICIT_NONCLAIM,"It says that an incomplete construction may not be silently upgraded to a stronger result, that a preserved nonclaim may not be turned into an inherited positive, and that a formal proof gap may not stand in as an axiom."
P037-C0016,CLAIM,P037,nonclaim,EXPLICIT_NONCLAIM,"The second flag, no_old_layer_transfer_axiom, protects the H2 boundary: no axiom or constant may stand in for an unfinished proof that would convert an old-layer nonclaim into an old-layer positive."
P037-C0017,CLAIM,P037,nonclaim,EXPLICIT_NONCLAIM,"The acceptance does not assert shared-event identity in the strong sense, and it does not assert identity through intrinsic identity lane, lawful-same-branch identity lane, or lift-only identity lane"
P037-C0018,CLAIM,P037,nonclaim,EXPLICIT_NONCLAIM,"If the intrinsic lane were permitted as a fallback, the paper would erase the distinction between same-role candidacy and accepted protocol-indexed comparison, and the result would drift toward shared-event identity in the strong sense, which Paper 10 does no…"
P037-C0019,CLAIM,P037,result_summary,NAMED_RESULT_OR_GATE_SURFACE,"Event-gate threshold criterion non-constructibility: The event-gate threshold criterion is the criterion-level conjunction of the role-specific admissible event-level threshold statements. In the Paper 10 setting, the three conjunctive roles are readout-agree…"
P037-C0020,CLAIM,P037,result_summary,NAMED_RESULT_OR_GATE_SURFACE,Event-level verdict consolidation: The event-level verdict is consolidated by the conjunctive threshold-plus-controls rule. A new-layer event-level record is accepted only if it passes the event-gate threshold criterion and then survives the event-level contr…
P037-C0021,CLAIM,P037,open_problem,OPEN_PROBLEM_OR_DEFERRED_WORK,The proto-effect outcome lattice rung therefore requires further extension as future work.
P037-C0022,CLAIM,P037,nonclaim,EXPLICIT_NONCLAIM,"That nonclaim is inherited from Paper 9 and is preserved here: Paper 10 records a pair-observable trace, not an H2 strict readout test ."
P037-C0023,CLAIM,P037,result_summary,NAMED_RESULT_OR_GATE_SURFACE,Layered structure of the verdict: The verdict has three rungs and a sibling identity axis. The strict-test partition rung is valid by inheritance from Paper 9; it supplies the accepted strict-test substrate on fixed H6 PICA support. The protocol-indexed event…
P037-C0024,CLAIM,P037,open_problem,OPEN_PROBLEM_OR_DEFERRED_WORK,The proto-effect outcome lattice rung is downstream of that event-level input and remains future work.
P037-C0025,CLAIM,P037,open_problem,OPEN_PROBLEM_OR_DEFERRED_WORK,"Proto-effect, effect algebra, Born, composition: future work: The downstream structures named at the proto-effect outcome lattice rung are future-work targets in Paper 10, not negative results or hidden refutations. A proto-effect fragment would require accep…"
P037-C0026,CLAIM,P037,result_summary,NAMED_RESULT_OR_GATE_SURFACE,"Layered-verdict summary: summarizes the layered verdict. The rows separate the inherited strict-test partition rung, the protocol-indexed shared-identity sibling axis, the protocol-indexed event-level rung, and the downstream proto-effect outcome lattice. The…"
P037-C0027,CLAIM,P037,open_problem,OPEN_PROBLEM_OR_DEFERRED_WORK,event-level control survival criterion construction. proto-effect outcome lattice rung (future work) requires further extension none Proto-effect operation structure
P037-C0028,CLAIM,P037,result_summary,NAMED_RESULT_OR_GATE_SURFACE,"Theorem schemas: The kernel contains 14 theorem schemas: typed-level statements encoding admissibility discipline, gate consistency, and no-shortcut prohibitions. A schema states how one typed discipline may be used when its hypotheses are available, or what…"
P037-C0029,CLAIM,P037,nonclaim,EXPLICIT_NONCLAIM,no_old_layer_transfer_axiom blocks any shortcut that would turn an H2 nonclaim into an old-layer positive by axiom or constant
P037-C0030,CLAIM,P037,result_summary,NAMED_RESULT_OR_GATE_SURFACE,"Statement of the verdict: The final gate for Paper 10 is a new-layer event-level rung extension verdict. In the series-canonical seven-outcome enumeration, the primary outcome is event_package_requires_further_extension : event-package admissibility on the fi…"
P037-C0031,CLAIM,P037,open_problem,OPEN_PROBLEM_OR_DEFERRED_WORK,The proto-effect outcome lattice rung therefore requires further extension as future work.
P037-C0032,CLAIM,P037,result_summary,NAMED_RESULT_OR_GATE_SURFACE,"Decision logic over the seven-outcome enumeration: The final-gate decision is an ordered case analysis over the series-canonical seven-outcome enumeration. The first case, event_package_accepted , would require accepted event-level records, an event-package c…"
P037-C0033,CLAIM,P037,scope_boundary,SCOPE_OR_LIMITATION_RECORD,"Final claim boundary: records the final claim boundary for Paper 10. Its first row group separates results inherited unchanged from Paper 9: the strict-test partition rung, the native three-slot strict domain, and H2 boundary preservation as an inherited nonc…"
P037-C0034,CLAIM,P037,nonclaim,EXPLICIT_NONCLAIM,"Its first row group separates results inherited unchanged from Paper 9: the strict-test partition rung, the native three-slot strict domain, and H2 boundary preservation as an inherited nonclaim. inherited unchanged from Paper 9 yes (count = 3) B Native three…"
P037-C0035,CLAIM,P037,open_problem,OPEN_PROBLEM_OR_DEFERRED_WORK,This is the part of the result that would survive unchanged if future work later supplied the missing bridge-level subobject.
P037-C0036,CLAIM,P037,scope_boundary,SCOPE_OR_LIMITATION_RECORD,Upstream nonclaim preservation: Seven inherited nonclaims from the Paper 7 and Paper 9 line remain in force: faithful public compression is not claimed; a lawful public carrier is not earned; no canonical selected lift is asserted; H2 strict-test closure is n…
P037-C0037,CLAIM,P037,scope_boundary,SCOPE_OR_LIMITATION_RECORD,"Scope and limitations: The scope of Paper 10 is the strict-test-to-event-package admissibility question on fixed H6 PICA support, beginning from the accepted strict-test substrate inherited from Paper 9. Paper-10-new claims are layer-local at H6 PICA; the eve…"
P037-C0038,CLAIM,P037,open_problem,OPEN_PROBLEM_OR_DEFERRED_WORK,"the event-package candidate, proto-effect fragment, effect algebra, Born valuation, and composition readiness all remain future work"
P037-C0039,CLAIM,P037,scope_boundary,SCOPE_OR_LIMITATION_RECORD,"Clean nonclaim ledger: Seven inherited nonclaims from Paper 7 and Paper 9 are preserved: faithful public compression, lawful public carrier, canonical selected lift, old-layer strict-test closure, old-layer readout strict realization, H6 reconstruction from H…"
P037-C0040,CLAIM,P037,prose_definition,PROSE_DEFINITION_SECTION,"Definitions: H2 denotes the inherited H2 boundary layer, and H6 denotes the H6 PICA new-layer support used by Paper 10. The mnemonics are paper-local shorthand for the layer vocabulary inherited from Paper 9 . They are notation, not new layers introduced by t…"
P037-C0041,CLAIM,P037,result_summary,NAMED_RESULT_OR_GATE_SURFACE,"Gate predicates: This gate decides at which lane an identity-edge attempt is accepted, if any. In Paper 10 the accepted edges are treated in . The gate classifies identity scope and does not by itself license event-level records. This gate asks whether the pa…"
P037-C0042,CLAIM,P037,result_summary,NAMED_RESULT_OR_GATE_SURFACE,"Lean theorem schemas: The Lean kernel contains 14 theorem schemas, summarized in the body at . This appendix records their Lean-side form without reproducing all fourteen declarations. The schemas follow the inherited formal-kernel convention of the series: t…"
P037-C0043,CLAIM,P037,nonclaim,EXPLICIT_NONCLAIM,This schema does not assert that any particular paper-10 record satisfies the predicate.
P037-C0044,CLAIM,P037,nonclaim,EXPLICIT_NONCLAIM,The proof does not import an empirical witness as a theorem and does not assert that a paper-10 artifact satisfies the antecedent.
P037-C0045,CLAIM,P037,schema,SCHEMA,Schema legality and empirical content: The Lean development for Paper 10 establishes schema legality and conditional proof structure; it does not establish empirical witness existence. The empirical content of the paper is supplied by the artifact pipeline: r…
P037-C0046,CLAIM,P037,nonclaim,EXPLICIT_NONCLAIM,Paper 9 Preserved nonclaim under role-specific descent.
P037-C0047,CLAIM,P037,scope_boundary,SCOPE_OR_LIMITATION_RECORD,Complete nonclaims ledger: This ledger collects the complete set of structures that Paper 10 explicitly does not assert. Some entries are inherited nonclaims carried forward from earlier papers; others are paper-10-new rejections or downstream consequences of…
P037-C0048,CLAIM,P037,nonclaim,EXPLICIT_NONCLAIM,This ledger collects the complete set of structures that Paper 10 explicitly does not assert.
P037-C0049,CLAIM,P037,open_problem,OPEN_PROBLEM_OR_DEFERRED_WORK,This remains downstream future work beyond the present proto-effect rung.
P016-C0001,CLAIM,P016,paper_thesis,PAPER_STATED_COMPOSITE_RESULT,"We study recombination-sensitive branch structure on a fixed-support substrate in Six Birds Theory. Building on prior work on event packaging and predictive holonomy, we introduce branch assemblages and two quotient levels at an interface: a branchwise predic…"
P016-C0002,CLAIM,P016,nonclaim,EXPLICIT_NONCLAIM,We do not claim a general reconstruction of non-Hilbert interference or a formalization of the full benchmark runtime.
P016-C0003,CLAIM,P016,scope_boundary,SCOPE_OR_LIMITATION_RECORD,"The claim is narrower: these recombination phenomena arise on fixed support, can be audited exactly, and admit a partial formal backbone on the Six Birds substrate."
P016-C0004,CLAIM,P016,result_summary,NAMED_RESULT_OR_GATE_SURFACE,"Formal Theorem Layer: The previous sections are empirical. This section records the supporting theorem layer established in the Lean development. Its role is interpretive: it identifies the abstract no-interference regime, proves that strict refinement obstru…"
P016-C0005,CLAIM,P016,theorem,THEOREM_GRADE,"Refinement under detectability: Suppose branchwise summaries at interface i are detectable by a distinguished family of admissible observables. If two assemblages are recombination-equivalent, then they are branchwise-equivalent. Consequently the forgetful ma…"
P016-C0006,CLAIM,P016,proposition,THEOREM_GRADE,"Quotient-lift sufficiency: For each fixed admissible recombination observable, evaluation descends to the recombination quotient. More generally, any function on assemblages that respects recombination equivalence factors through R_i ."
P016-C0007,CLAIM,P016,theorem,THEOREM_GRADE,"No-interference factorization regime: Suppose branchwise summaries are detectable and all admissible recombination observables factor through the branchwise summary. Then, for assemblages at interface i , B _i^ bw B' Longleftrightarrow B _i^ rec B', and hence…"
P016-C0008,CLAIM,P016,corollary,THEOREM_GRADE,"Strict refinement obstructs factorization: If there exist assemblages B and B' at interface i such that B _i^ bw B' but B _i^ rec B', then no global branchwise factorization layer can hold. In particular, under detectability, failure of quotient collapse rule…"
P016-C0009,CLAIM,P016,theorem,THEOREM_GRADE,"Aligned concrete positive instance: There is a concrete aligned finite model for the promoted family n5_d1_w1of4_3of4 with named assemblages B_L and B_R such that B_L ^ bw B_R but B_L ^ rec B_R. Equivalently, the aligned model admits a strict-refinement witne…"
P016-C0010,CLAIM,P016,scope_boundary,SCOPE_OR_LIMITATION_RECORD,"Discussion and Limitations: The paper establishes a substrate-level result. On a fixed-support Six Birds architecture, branchwise predictive structure and recombination-sensitive structure can be separated operationally, and that separation can be audited und…"
P016-C0011,CLAIM,P016,nonclaim,EXPLICIT_NONCLAIM,"It does not provide a reconstruction of quantum theory, and it does not claim to be the first general treatment of interference beyond Hilbert-space formalisms It does not prove the paired erasure benchmark in full runtime detail, the full cyclic-family gener…"
P016-C0012,CLAIM,P016,prose_definition,PROSE_DEFINITION_SECTION,Formal Definitions and Theorem Statements: This appendix records the formal objects and theorem statements used in the main text. It is not a replacement for the Lean development and does not reproduce full proofs; it is included to keep the formal vocabulary…
P016-C0013,CLAIM,P016,result_summary,NAMED_RESULT_OR_GATE_SURFACE,"Abstract theorem layer: The Lean development proves the following structural results under explicit assumptions. Refinement under detectability. If branchwise summaries are detectable through a distinguished observable layer, then recombination equivalence re…"
P016-C0014,CLAIM,P016,prose_definition,PROSE_DEFINITION_SECTION,"Definition layer: The definition layer introduces branch assemblages, branchwise and recombination equivalence relations, quotient objects for K_i and R_i , and the refinement-dependent map . These objects are kept abstract where necessary: the observable res…"
P016-C0015,CLAIM,P016,result_summary,NAMED_RESULT_OR_GATE_SURFACE,"Abstract theorem backbone: The abstract theorem layer proves: refinement under a detectability assumption, quotient-lift / factor-through sufficiency for recombination-respecting maps, collapse of R_i to K_i under global branchwise factorization plus detectab…"
P022-C0001,CLAIM,P022,paper_thesis,PAPER_STATED_COMPOSITE_RESULT,"This paper isolates a control-stable intrinsic family inside the fixed-support recombination layer of Six Birds theory. The first three papers of the series established admissible event packages on fixed support, predictive quotients on single histories, and…"
P022-C0002,CLAIM,P022,result_summary,NAMED_RESULT_OR_GATE_SURFACE,"Theorem Spine: This section records the theorem-level backbone of the paper. At the level of general mathematical form, these are instances of standard quotient-factorization and behavioral-separation patterns familiar from the lumpability, bisimulation, and…"
P022-C0003,CLAIM,P022,theorem,THEOREM_GRADE,"Well-defined branchwise and recombination quotients on the flagship surface: On the fixed-support flagship surface, the branchwise and recombination equivalence relations are well defined equivalence relations. Consequently the associated branchwise and recom…"
P022-C0004,CLAIM,P022,theorem,THEOREM_GRADE,"Factorized no-interference collapse: On the factorized or no-interference comparison surface, later recombination observables factor through the branchwise summary. Equivalently, on that surface the recombination quotient collapses to the branchwise quotient:…"
P022-C0005,CLAIM,P022,theorem,THEOREM_GRADE,"Reference-positive witness separation: For the reference-positive flagship anchor, there exists a concrete pair of branch assemblages on fixed support that are branchwise equivalent, agree under the erased-mix observable, and are separated by the screen-histo…"
P022-C0006,CLAIM,P022,corollary,THEOREM_GRADE,"Reference-positive no-factorization contrast: For the reference-positive flagship anchor, the decisive recombination separation does not factor through the corresponding branchwise summary layer. In particular, the flagship witness is incompatible with the fa…"
P022-C0007,CLAIM,P022,theorem,THEOREM_GRADE,"Completion-partner witness separation: For the completion-partner flagship anchor, there exists a matched concrete witness pair on the paired completion surface such that the same branchwise-versus-recombination contrast survives there as well: the pair agree…"
P022-C0008,CLAIM,P022,corollary,THEOREM_GRADE,"Completion-partner no-factorization contrast: For the completion-partner flagship anchor, the decisive recombination-sensitive content likewise fails to factor through the corresponding branchwise summary layer on the relevant support."
P022-C0009,CLAIM,P022,nonclaim,EXPLICIT_NONCLAIM,The paper does not claim that every nearby exact-finite case in the same broad region is positive.
P022-C0010,CLAIM,P022,scope_boundary,SCOPE_OR_LIMITATION_RECORD,"Discussion and Limitations: The paper establishes a positive result inside the fixed-support recombination layer of Six Birds theory: the isolation of a control-stable intrinsic exact-finite family, carried by two matched flagship anchors in a relative-cycle…"
P022-C0011,CLAIM,P022,nonclaim,EXPLICIT_NONCLAIM,"Nearby breadth exists within the same relative-cycle family, and the erasure side remains useful empirical support, but the paper does not claim a global classification of all recombination-positive families."
P022-C0012,CLAIM,P022,prose_definition,PROSE_DEFINITION_SECTION,"Formal Definitions and Theorem Statements: This appendix collects the formal definitions and theorem statements used in the main text. At the level of general mathematical form, the quotient and factorization language used here sits near behavioral equivalenc…"
P010-C0001,CLAIM,P010,paper_thesis,PAPER_STATED_COMPOSITE_RESULT,"We instantiate a certificate-based closure calculus (Six Birds Theory) on an exact-finite class of kinetically constrained glass models, where kernels, stationary measures, witnesses, and zero controls are exact ratios of integers and the remaining certificat…"
P010-C0002,CLAIM,P010,result_summary,PAPER_STATED_RESULT_SUMMARY,"Claim grades and nonclaims. Every result carries exactly one F-II grade ( sbt-foundations-ii , S9.3): theorem-grade (audited class) — proved or audited unconditionally within the covered finite scope, at the artifact's declared evidence type (exact rational o…"
P010-C0003,CLAIM,P010,scope_boundary,SCOPE_OR_LIMITATION_RECORD,"Claim grades and nonclaims.: Every result carries exactly one F-II grade ( sbt-foundations-ii , S9.3): theorem-grade (audited class) — proved or audited unconditionally within the covered finite scope, at the artifact's declared evidence type (exact rational…"
P010-C0004,CLAIM,P010,scope_boundary,SCOPE_OR_LIMITATION_RECORD,A proven limitation of the declared trap family: FINDING.trap_epsilon_invariance 671a28b4a4a9d812a1a6cb6e0083fc23ac01360c6ef5f6327b99de6560c153c2 The declared trap weight family multiplies every trap's base weight by a common per- epsilon scalar. Since pi_k 1…
P010-C0005,CLAIM,P010,result_summary,PAPER_STATED_RESULT_SUMMARY,"FINDING.trap_epsilon_invariance 671a28b4a4a9d812a1a6cb6e0083fc23ac01360c6ef5f6327b99de6560c153c2 The declared trap weight family multiplies every trap's base weight by a common per- epsilon scalar. Since pi_k 1/w_k depends only on weight ratios, that scalar c…"
P010-C0006,CLAIM,P010,result_summary,NAMED_RESULT_OR_GATE_SURFACE,"GT2: the witness certificate: GT2 321f9bffdbf1368ec764a8fcde97d569dd9f4292ee5a98a0b6f30ac9483ce7bf On the declared scope (East, N=10 , kovacs_moment lens, declared epsilon grid and continuation catalog), one exact-rational split pair of preparation histories…"
P010-C0007,CLAIM,P010,scope_boundary,SCOPE_OR_LIMITATION_RECORD,"GT4's triage therefore carries the GB1 caveat as a standing theorem-wrapper limitation: the triage computation itself is deterministic and exact, but the protocol-trap discipline it applies rests partly on a demo, not a closed theorem."
P010-C0008,CLAIM,P010,result_summary,NAMED_RESULT_OR_GATE_SURFACE,"Claim and verdict basis: GT6 6453d0e36a5f43e0a3e7ed9f69f53e00a3c6cef7aa1ddea4019522d5670cab97 For the audited East glass shell ( N=8 , declared epsilon grid and protocol windows), the promotion filing of F-III S10 — bridge record, gate table, knockout panel,…"
P010-C0009,CLAIM,P010,nonclaim,EXPLICIT_NONCLAIM,"GT6 6453d0e36a5f43e0a3e7ed9f69f53e00a3c6cef7aa1ddea4019522d5670cab97 For the audited East glass shell ( N=8 , declared epsilon grid and protocol windows), the promotion filing of F-III S10 — bridge record, gate table, knockout panel, nonclaim register, checke…"
P010-C0010,CLAIM,P010,result_summary,NAMED_RESULT_OR_GATE_SURFACE,Gate table and knockout panel: lllp 6.5cm GT6 gate table (audited glass shell) →prule gate required status evidence →prule gate required status evidence G_suff True pass audit.json filing assembled G_desc False not_required glass bridge claims strict object-m…
P010-C0011,CLAIM,P010,nonclaim,EXPLICIT_NONCLAIM,"The knockout panel makes each primitive's causal activity checkable, in two distinct modes that the artifact's own nonclaim keeps separate."
P010-C0012,CLAIM,P010,nonclaim,EXPLICIT_NONCLAIM,The artifact's nonclaim register (printed in full in S ) is part of the result.
P010-C0013,CLAIM,P010,result_summary,NAMED_RESULT_OR_GATE_SURFACE,"The collapse finding: FINDING.lean_collapse c70185334829fe8ad9f879a2288e90efe3d24700b8eeb5593f2de05341b62a51 Attempting to instantiate the numeric Kovacs witness in the core produced a theorem instead. For every instance of RouteTransportCore, the observe_pus…"
P010-C0014,CLAIM,P010,result_summary,PAPER_STATED_RESULT_SUMMARY,"FINDING.lean_collapse c70185334829fe8ad9f879a2288e90efe3d24700b8eeb5593f2de05341b62a51 Attempting to instantiate the numeric Kovacs witness in the core produced a theorem instead. For every instance of RouteTransportCore, the observe_push coherence field, com…"
P010-C0015,CLAIM,P010,result_summary,PAPER_STATED_RESULT_SUMMARY,"Theorem-grade, each on its exactly declared finite class: non-closure of the thermodynamic lens with a certified margin over the equilibrium baseline (GT1); the Kovacs split-pair witness (GT2); foreclosure of all 512 lens-definable predicates on the declared…"
P010-C0016,CLAIM,P010,scope_boundary,SCOPE_OR_LIMITATION_RECORD,"One ceiling is declared rather than open, per F-II's recognition-open caveat: if glass aging carries a finite conservation or balance law over the declared records that supplies none of the six witness types, the six-role decomposition underlying this paper's…"
P010-C0017,CLAIM,P010,scope_boundary,SCOPE_OR_LIMITATION_RECORD,"Full nonclaims ledger: Per the project's own publication gate, the complete nonclaims ledger — every nonclaim of every claim row, unabridged — is printed here rather than summarized. lp 9cm Full nonclaims ledger (printed in full per the Phase 5 gate) →prule c…"
P010-C0018,CLAIM,P010,nonclaim,EXPLICIT_NONCLAIM,"Per the project's own publication gate, the complete nonclaims ledger — every nonclaim of every claim row, unabridged — is printed here rather than summarized."
P012-C0001,CLAIM,P012,paper_thesis,PAPER_STATED_COMPOSITE_RESULT,"We introduce a fixed-support route-transport framework in which histories can be equivalent at a current event interface yet differ as predictors of later admissible observations. For each interface, we define a current quotient by present-event indistinguish…"
P012-C0002,CLAIM,P012,nonclaim,EXPLICIT_NONCLAIM,"Section discusses what has been established and what remains outside the scope of the paper, and Section concludes."
P012-C0003,CLAIM,P012,definition,DEFINITION,"Route transport package: A route transport package is a typed object T= ( Sigma,I,\ Histories_i\ _ i∈I , \ C_ i→ j \ _ i,j∈I , \ E_i\ _ i∈I , id,comp,push,obs ) consisting of the following data: a fixed support object Sigma ; a family of interfaces I ; for ea…"
P012-C0004,CLAIM,P012,definition,DEFINITION,"Current-event equivalence: Histories h and h' are current-event equivalent at interface i , written h CurrentEquiv_i h', iff they agree on all current admissible events: h CurrentEquiv_i h' Longleftrightarrow e∈E_i, obs_i(h,e)=obs_i(h',e)."
P012-C0005,CLAIM,P012,definition,DEFINITION,"Future-predictive equivalence: Histories h and h' are future-predictively equivalent at interface i , written h FutureEquiv_i h', iff they agree on all later admissible event observations after all admissible continuations: h FutureEquiv_i h' Longleftrightarr…"
P012-C0006,CLAIM,P012,definition,DEFINITION,"Predictive witness: A predictive witness at interface i is a pair of histories h,h'∈Histories_i such that h CurrentEquiv_i h' and (h FutureEquiv_i h' )."
P012-C0007,CLAIM,P012,result_summary,PAPER_STATED_RESULT_SUMMARY,Theorem Spine The results in this section form the abstract theorem spine. Each is a standard consequence of the definitions in Section ; the value of stating them explicitly is to fix the precise quotient-level structure that the benchmark suite instantiates…
P012-C0008,CLAIM,P012,result_summary,NAMED_RESULT_OR_GATE_SURFACE,Theorem Spine: The results in this section form the abstract theorem spine. Each is a standard consequence of the definitions in Section ; the value of stating them explicitly is to fix the precise quotient-level structure that the benchmark suite instantiate…
P012-C0009,CLAIM,P012,theorem,THEOREM_GRADE,"For every interface i , future-predictive equivalence refines current-event equivalence: h FutureEquiv_i h' implies h CurrentEquiv_i h' (h,h'∈Histories_i). Consequently, the identity on histories descends to a canonical comparison map pi_i : PredictiveQ_i → C…"
P012-C0010,CLAIM,P012,theorem,THEOREM_GRADE,"For every admissible continuation gamma∈C_ i→ j , pushing representatives along gamma descends to a well-defined predictive transport T^ M _ gamma : PredictiveQ_i → PredictiveQ_j. It also descends to a mixed map T^ M→Q _ gamma : PredictiveQ_i → CurrentQ_j, [h…"
P012-C0011,CLAIM,P012,theorem,THEOREM_GRADE,"For every interface i , the canonical map from histories to predictive classes, h [h]_ FutureEquiv_i , is future-sufficient: every future observable at i factors through the predictive quotient PredictiveQ_i ."
P012-C0012,CLAIM,P012,theorem,THEOREM_GRADE,"Let s : Histories_i → S be any future-sufficient state abstraction at interface i . Then on the reachable image Reach(s) := \ s(h) : h∈Histories_i \ , there exists a factor map f : Reach(s) → PredictiveQ_i such that f(s(h)) = [h]_ FutureEquiv_i for all h∈Hist…"
P012-C0013,CLAIM,P012,theorem,THEOREM_GRADE,"At a fixed interface i , the following are equivalent: the comparison map pi_i : PredictiveQ_i → CurrentQ_i is strictly refining, in the sense that there exist distinct predictive classes with the same current image; there exists a predictive witness at i , t…"
P012-C0014,CLAIM,P012,theorem,THEOREM_GRADE,"Let ∈C_ i→ i be a loop at interface i . Then induces the predictive endomorphism L^ M _ : PredictiveQ_i → PredictiveQ_i. Suppose current triviality holds at representative level, push_ h CurrentEquiv_i h for every h∈Histories_i, while L^ M _ is nontrivial. Th…"
P012-C0015,CLAIM,P012,scope_boundary,SCOPE_OR_LIMITATION_RECORD,A final scope boundary concerns the optional relative-route recombination benchmark.
P012-C0016,CLAIM,P012,scope_boundary,SCOPE_OR_LIMITATION_RECORD,"Limitations and non-claims: Beyond the scope boundaries stated in Section , two further limitations deserve mention. The Lean formalization is intentionally partial: it covers the quotient comparison, predictive and mixed transport, the flatness characterizat…"
P012-C0017,CLAIM,P012,nonclaim,EXPLICIT_NONCLAIM,The paper does not claim to subsume those frameworks.
P012-C0018,CLAIM,P012,prose_definition,PROSE_DEFINITION_SECTION,Proof Details and Formal Definitions: This appendix records the dependency structure behind the theorem spine stated in Section . The body of the paper states only the quotient-level results needed later; the present appendix makes explicit how those results…
P012-C0019,CLAIM,P012,prose_definition,PROSE_DEFINITION_SECTION,"Definitions used by the theorem spine: The abstract route-transport package consists of a fixed support object, a family of interfaces, interface-indexed history sets, typed continuation sets, interface-indexed event sets, and the operations of identity conti…"
P012-C0020,CLAIM,P012,result_summary,NAMED_RESULT_OR_GATE_SURFACE,Lean theorem map: The principal Lean names used in this paper are the following. [leftmargin=*] Refinement: futurePredictiveEquiv_implies_currentEventEquiv Predictive transport: futurePredictiveEquiv_push
P012-C0021,CLAIM,P012,nonclaim,EXPLICIT_NONCLAIM,It does not assert generic current-quotient transport or a generic current-quotient loop action.
P033-C0001,CLAIM,P033,paper_thesis,PAPER_STATED_COMPOSITE_RESULT,"Protocol-driven dynamics often conflate route dependence (noncommutativity/holonomy of update steps) with an arrow of time, making time-asymmetry audits vulnerable to scheduling artifacts. We introduce an autonomous lifted-protocol formulation and a path-reve…"
P033-C0002,CLAIM,P033,nonclaim,EXPLICIT_NONCLAIM,We do not claim a general characterization of all nonequilibrium protocols
P033-C0003,CLAIM,P033,result_summary,NAMED_RESULT_OR_GATE_SURFACE,"Protocol trap theorem.: Assume: (i) S is reversible with respect to a stationary distribution s on Phi ; and (ii) each K_phi is reversible with respect to a common stationary distribution pi on X . Then the product measure mu(x,phi):=pi(x)s(phi) is stationary…"
P033-C0004,CLAIM,P033,result_summary,NAMED_RESULT_OR_GATE_SURFACE,"Decomposition lemma (clock audit).: Let P be the lifted kernel on Z=X×Phi , and suppose each K_phi is reversible with respect to a common stationary pi on X while S has stationary distribution s on Phi . Then the entropy production of the lifted chain decompo…"
P048-C0001,CLAIM,P048,paper_thesis,PAPER_STATED_COMPOSITE_RESULT,"Confluence is usually read as order-independence of reduction, while flatness is usually read as path-independence of transport. This paper argues that their local cores coincide once rewriting is equipped with its missing two-dimensional cells. The relevant…"
P048-C0002,CLAIM,P048,remark,INTERPRETIVE_REMARK,"Six Birds primitives and the present paper: We use the Six Birds vocabulary of closure mechanics introduced in . The six primitives are: P1: operator rewrite, P2: constraints or feasibility gating, P3: route mismatch / holonomy, P4: staging, P5: packaging, P6…"
P048-C0003,CLAIM,P048,proposition,THEOREM_GRADE,"Bare graph surrogates are not diagnostic for confluence: The graph-only surrogates above do not diagnose confluence, even in the small terminating finite-ARS regime explored in this paper."
P048-C0004,CLAIM,P048,remark,INTERPRETIVE_REMARK,From graph loops to branching cells: The negative result of this section is therefore a positive design constraint for the rest of the paper. Any viable confluence-as-flatness statement must be formulated on a structure that remembers local branching cells. I…
P048-C0005,CLAIM,P048,definition,DEFINITION,"Reduction 2-complex: For the purposes of this paper, a reduction 2-complex associated to a rewriting system R consists of the following data. A set of 0 -cells, namely the states, words, or terms under consideration. A set of directed 1 -cells, namely the one…"
P048-C0006,CLAIM,P048,remark,INTERPRETIVE_REMARK,"Why the bare graph is insufficient: A graph by itself can encode paths, but not which pairs of paths are the elementary local branchings whose agreement is at stake. Curvature language therefore cannot be attached to the bare reduction graph alone in any info…"
P048-C0007,CLAIM,P048,definition,DEFINITION,Boundary data and fillers: Let sigma be a generating 2 -cell with source x and one-step branches to y_ and y_r . Its boundary data consist of x → y_ and x → y_r. A filler for sigma is a common descendant w together with directed paths y_ →^* w and y_r →^* w.…
P048-C0008,CLAIM,P048,definition,DEFINITION,Elementary holonomy status: Let sigma be a generating 2 -cell in a reduction 2-complex. sigma has trivial elementary holonomy if it admits a filler in the sense of . sigma has nontrivial elementary holonomy if no such filler exists.
P048-C0009,CLAIM,P048,remark,INTERPRETIVE_REMARK,Elementary holonomy and the theorem-level core: The theorem-level core proved in uses only joinability of elementary peaks. The normal-form mismatch diagnostic belongs to the computational layer for terminating explored examples and is useful precisely becaus…
P048-C0010,CLAIM,P048,result_summary,NAMED_RESULT_OR_GATE_SURFACE,"Core Theorem: Elementary Flatness and Local Confluence: We now state and prove the rigorous core used throughout the paper. The setting for this section is an abstract rewriting system (X,→) , and →^* denotes the reflexive-transitive closure of → . The theore…"
P048-C0011,CLAIM,P048,definition,DEFINITION,"Joinability: Two states b,c ∈ X are joinable if there exists some d ∈ X such that b →^* d and c →^* d."
P048-C0012,CLAIM,P048,definition,DEFINITION,Normal forms: A state n ∈ X is a normal form if there is no state m ∈ X such that n → m .
P048-C0013,CLAIM,P048,definition,DEFINITION,"Local confluence: The rewriting system (X,→) is locally confluent if for all a,b,c ∈ X , a → b and a → c implies b and c are joinable."
P048-C0014,CLAIM,P048,definition,DEFINITION,"Elementary peaks and elementary flatness: An elementary peak is a triple (a,b,c) such that a → b, a → c, b ≠ c. The rewriting system (X,→) is elementarily flat if every elementary peak is joinable."
P048-C0015,CLAIM,P048,lemma,THEOREM_GRADE,Reflexive joinability: Every state is joinable with itself.
P048-C0016,CLAIM,P048,theorem,THEOREM_GRADE,Elementary flatness iff local confluence: A rewriting system is elementarily flat if and only if it is locally confluent.
P048-C0017,CLAIM,P048,remark,INTERPRETIVE_REMARK,What the theorem does and does not say: is the formal core of the paper. It does not yet identify which local branchings generate the relevant 2 -cells in a given rewriting formalism; that is the role of critical pairs in . Nor does it by itself supply a loca…
P048-C0018,CLAIM,P048,definition,DEFINITION,"Confluence and normalization: The rewriting system (X,→) is confluent if for all a,b,c ∈ X , a →^* b and a →^* c implies b and c are joinable. It is normalizing if for every a ∈ X there exists some normal form n such that a →^* n."
P048-C0019,CLAIM,P048,proposition,THEOREM_GRADE,"Confluence and normalization give a unique normal form: Assume that (X,→) is confluent and normalizing. Then for every a ∈ X there exists a unique normal form n such that a →^* n ."
P048-C0020,CLAIM,P048,remark,INTERPRETIVE_REMARK,"Lean formal core: The definitions and baseline equivalences used in this section are mirrored in the Lean development summarized in Appendix . In particular, the formal core contains the elementary-flatness/local-confluence equivalence together with the corre…"
P048-C0021,CLAIM,P048,proposition,NEGATIVE_RESULT_THEOREM,"Reachable critical pairs capture the observed local obstruction set in the curated string examples: For the curated string examples E005 – E008 , the reachable critical pairs match the graph-extracted local peaks, and their defect signatures agree."
P048-C0022,CLAIM,P048,proposition,THEOREM_GRADE,"The curated left-linear term-rewriting bridge exhibits the same local generator pattern: In the curated left-linear term-rewriting examples TRS002 – TRS004 , reachable critical pairs agree with graph-visible local peaks, and their defect status agrees with th…"
P048-C0023,CLAIM,P048,remark,INTERPRETIVE_REMARK,Why the qualifier reachable matters: The phrase critical pairs are curvature generators would be too coarse if interpreted as a statement about every system critical pair independently of context. The correct local layer for the explored reduction complex is…
P048-C0024,CLAIM,P048,proposition,THEOREM_GRADE,"Exhaustive finite-ARS stress test: Within the terminating finite-ARS search space on up to four states, the four target discrepancy classes tracked in the repository are empty."
P048-C0025,CLAIM,P048,remark,INTERPRETIVE_REMARK,"What the computational bridge does and does not establish: The computational evidence in this section is strong enough to fix the correct local geometric picture. It is not, by itself, the final theorem package for finite terminating left-linear term rewritin…"
P048-C0026,CLAIM,P048,proposition,THEOREM_GRADE,"Completion as holonomy elimination in the explicit before/after pairs: In the explicit string pair E007 – E008 and the explicit term-rewriting pair TRS003 – TRS004 , the added rule leaves the local generator intact while eliminating its defect. In both cases:…"
P048-C0027,CLAIM,P048,remark,INTERPRETIVE_REMARK,"Boundary of the claim: Nothing in this section is meant to identify completion in full generality with a geometric algorithm on reduction complexes. The claim is narrower. In the explicit case studies implemented here, the added rule removes a local route mis…"
P048-C0028,CLAIM,P048,result_summary,NAMED_RESULT_OR_GATE_SURFACE,What remains theorem-writing work: What remains is no longer an experimental gap. It is theorem packaging and statement refinement. The first remaining task is the full general theorem package for finite terminating left-linear term rewriting systems in the t…
P048-C0029,CLAIM,P048,remark,INTERPRETIVE_REMARK,"The remaining gap is not more code: At this point, the repository has already done the experimental work needed for this paper. The finite-ARS audits are frozen, the string and term-rewriting bridges are frozen, the reduction 2-complex layer is explicit, the…"
P048-C0030,CLAIM,P048,prose_definition,PROSE_DEFINITION_SECTION,"Formalized definitions: The file ConfluenceFlat/Core.lean formalizes the abstract rewriting notions used in . These include: finite abstract rewriting systems, reflexive-transitive reachability, joinability, normal forms, local confluence, elementary peaks, e…"
P048-C0031,CLAIM,P048,result_summary,NAMED_RESULT_OR_GATE_SURFACE,"Formalized theorem layer: The formal core currently proves the following results by name. [leftmargin=1.5em] In ConfluenceFlat/Core.lean : [leftmargin=1.5em] ConfluenceFlat.FiniteARS.joinable_refl , ConfluenceFlat.FiniteARS.elementaryFlat_of_localConfluent ,…"
P048-C0032,CLAIM,P048,nonclaim,EXPLICIT_NONCLAIM,"The Lean layer therefore secures the paper's proved core while leaving the computational bridge, artifact layer, and full deferred TRS theorem package outside the scope of formalization."
P048-C0033,CLAIM,P048,result_summary,NAMED_RESULT_OR_GATE_SURFACE,"Using the results ledger: The stable entry points for the artifact layer are results/index.json and results/summary.csv . These files index the non-ignored result artifacts, record stable artifact identifiers, and expose the major logical collections used thr…"
P015-C0001,CLAIM,P015,paper_thesis,PAPER_STATED_COMPOSITE_RESULT,Previous demonstrations of contextuality-type obstruction start from quantum mechanics or from externally specified measurement scenarios. We show that the same locally-Boolean-but-globally-obstructed structure can arise from an autonomous emergence framework…
P015-C0002,CLAIM,P015,definition,DEFINITION,"Finite stable-record context: A finite stable-record context is a pair c = (A_c,B_c) with A_c a finite atomic outcome set and B_c= P(A_c) its Boolean event algebra. We refer to the elements of A_c as the atoms of c , and to the elements of B_c as its events."
P015-C0003,CLAIM,P015,definition,DEFINITION,"Event package: An event package is a quadruple E = ( C,\ B_c\ _ c∈ C , , A), where C is a finite set of contexts, for each c∈ C , B_c= P(A_c) is the finite Boolean event algebra of c , is a cross-context shared-event relation, A is the audit layer, including…"
P015-C0004,CLAIM,P015,definition,DEFINITION,"Frozen-slice/shared-support object: A frozen-slice/shared-support object is a finite comparison base Sigma = (S,prep,prot,reg), where S is a finite support index set and (prep,prot,reg) record the fixed preparation, protocol, and evaluation regime under which…"
P015-C0005,CLAIM,P015,definition,DEFINITION,"Admissible global realization: An admissible global realization of an event package E=( C,\ B_c\ _ c∈ C , , A) consists of a finite set Omega and maps pi_c:Omega→ A_c for all c∈ C such that: Context coverage. For every c∈ C and every atom a∈ A_c , there exist…"
P015-C0006,CLAIM,P015,definition,DEFINITION,Admissible global package: An event package E admits an admissible global package if it admits an admissible global realization in the above sense.
P015-C0007,CLAIM,P015,definition,DEFINITION,Global obstruction: An event package E is globally obstructed if it admits no admissible global package.
P015-C0008,CLAIM,P015,result_summary,NAMED_RESULT_OR_GATE_SURFACE,Proposition layer: The three-axis hierarchy is a disciplined account of how contexts are generated and what kind of claim each comparison may support. The resulting implications and non-implications can be stated compactly. [Mechanism change does not by itsel…
P015-C0009,CLAIM,P015,proposition,THEOREM_GRADE,"Mechanism change does not by itself imply lens incompatibility: Variation of the outer mechanism or control-space point may change which contexts or package families are available, but it does not by itself imply that two contexts form incompatible record alg…"
P015-C0010,CLAIM,P015,proposition,NEGATIVE_RESULT_THEOREM,"Lens incompatibility does not by itself imply packaging obstruction: Non-nestedness, strict extension, or empirical incompatibility of record algebras on fixed support does not by itself imply that the associated event package is globally obstructed."
P015-C0011,CLAIM,P015,proposition,NEGATIVE_RESULT_THEOREM,"Packaging obstruction implies no admissible global package: If an event package is globally obstructed, then no admissible global package realizes all of its contexts simultaneously."
P015-C0012,CLAIM,P015,proposition,THEOREM_GRADE,"Cross-resolution strict extension under fixed support: Let two contexts be realized on the same comparison base Sigma under one fixed evaluation regime. If they differ by resolution but remain comparisons on the same support, and one yields a strict extension…"
P015-C0013,CLAIM,P015,result_summary,NAMED_RESULT_OR_GATE_SURFACE,"Obstruction Language and Theorem Spine: This section states the formal core. The proofs are deferred to ; here we isolate the structural statements that later computational sections instantiate in finite form. The central object is the event package E , and t…"
P015-C0014,CLAIM,P015,theorem,THEOREM_GRADE,"Fixed-context Booleanity: For every context c∈C , the event algebra BoolAlg c = P(A_c) is a finite Boolean algebra whose atoms are exactly the singleton atomic outcomes of A_c . In particular, every event E∈ BoolAlg c is uniquely determined by its atomic supp…"
P015-C0015,CLAIM,P015,theorem,THEOREM_GRADE,"Shared-event quotient stability: Let E,F be events in two contexts c,d∈C with E F . Assume the shared-event relation is admissible on the relevant fixed comparison object and is stable under the local Boolean operations there. Then: if E_1 F_1 and E_2 F_2 , t…"
P015-C0016,CLAIM,P015,theorem,NEGATIVE_RESULT_THEOREM,"Admissible global realization: Let E=(C,\ BoolAlg c \ _ c∈C , ,A) be an event package. If E admits an admissible global realization (Omega,\ pi_c\ _ c∈C ) , then: every context atom is covered by some omega∈Omega ; every context event is realized as an invers…"
P015-C0017,CLAIM,P015,theorem,NEGATIVE_RESULT_THEOREM,"Finite obstruction certificate: Let E be finite. If some admissible exact global-realization backend for E is infeasible for the accepted shared-event relation, then E is globally obstructed: it admits no admissible global package."
P015-C0018,CLAIM,P015,corollary,NEGATIVE_RESULT_THEOREM,"Quotient-backed obstruction on fixed support: Let Sigma be a comparison base for a selected family of contexts, and let Q_Sigma be the finite Leibniz quotient of the support by indistinguishability under those contexts. If no family of quotient classes realiz…"
P015-C0019,CLAIM,P015,proposition,NEGATIVE_RESULT_THEOREM,"Protocol-trap exclusion and control principle: Route-sensitive noncommutation diagnostics such as route mismatch, closure deficit, or control-path dependence do not by themselves certify global obstruction. They become formal evidence only when they are reali…"
P015-C0020,CLAIM,P015,scope_boundary,SCOPE_OR_LIMITATION_RECORD,This limitation does not downgrade the accepted lens and packaging obstructions to mere suggestions.
P015-C0021,CLAIM,P015,prose_definition,PROSE_DEFINITION_SECTION,"Proof Details and Formal Definitions: This appendix records the short proof details and formal clarifications deferred from the main text. The aim is not to expand the theorem spine into a second full formal development, but to make explicit how the claims st…"
P015-C0022,CLAIM,P015,scope_boundary,SCOPE_OR_LIMITATION_RECORD,The theorem is conditional on the admissibility and Boolean-stability of the shared-event relation on the relevant fixed comparison object.
P025-C0001,CLAIM,P025,paper_thesis,PAPER_STATED_COMPOSITE_RESULT,When must an operator-valued obstruction associated with an involutive system vanish? This paper answers that question inside the Six Birds framework by naming Self-Dual Trace Confinement (SDTC) as the recognition source for formed closures with genuine invol…
P025-C0002,CLAIM,P025,open_problem,OPEN_PROBLEM_OR_DEFERRED_WORK,"Cross-substrate examples such as CPT symmetry, gauge invariance, particle–antiparticle duality, quantum self-adjointness, and function-field analogues are structural predictions and validation targets for future work, not theorems established here."
P025-C0003,CLAIM,P025,definition,DEFINITION,"Involutive object ledger Realized in the Lean formalization; see App .: An involutive object ledger is a tuple X =(X,J,mu,psi,Y,J_ iso ) consisting of the following data: a visible carrier X ; an involution J:X→ X , so J(Jx)=x for every x∈ X ; a positive meas…"
P025-C0004,CLAIM,P025,definition,DEFINITION,"Anti-invariant object ledger Realized in the Lean formalization; see App .: The anti-invariant object ledger of X is the positive cone element A_ X := ∈t_X psi_ - (x)psi_ - (x)^* dmu(x), psi_ - (x)=P_ - psi(x). Equivalently, A_ X is the Gram-type positive ele…"
P025-C0005,CLAIM,P025,definition,DEFINITION,"Separating anti-invariant readout: The anti-invariant readout psi_ - is qualitatively separating when, on the visible support of mu , psi_ - (x)=0 Longleftrightarrow x∈Fix(J). In the finite weighted case this means the equivalence holds for every x∈ X with po…"
P025-C0006,CLAIM,P025,lemma,THEOREM_GRADE,"Trace identity Recorded in the Lean formalization by constructor unfolding from the typed anti-invariant-ledger field; see App .: Let A_ X be the anti-invariant ledger of an involutive object ledger X , with anti-invariant readout psi_ - . Then _ X = ∈t_X \|p…"
P025-C0007,CLAIM,P025,theorem,THEOREM_GRADE,Separation–confinement Checked in the Lean formalization by typed-bridge composition over the measure-reading bridges; see App .: Let X be an involutive object ledger with anti-invariant ledger A_ X and qualitatively separating anti-invariant readout psi_ - .…
P025-C0008,CLAIM,P025,theorem,THEOREM_GRADE,Quantitative confinement Checked in the Lean formalization by typed-bridge composition with a Markov-step hypothesis; see App .: Let X be an involutive object ledger with anti-invariant ledger A_ X and quantitatively separating anti-invariant readout psi_ - w…
P025-C0009,CLAIM,P025,definition,DEFINITION,"Completed domination bridge: A completed domination bridge from A_ X to a carrier-side anti-invariant currency K^ - consists of a positive defect E in the typed positive cone, with 0 E, together with the domination relation A_ X K^ - +E. The bridge is exact w…"
P025-C0010,CLAIM,P025,theorem,THEOREM_GRADE,"Douglas factorization, typed-cone form Packaged in the Lean formalization through the typed Douglas-data carrier; see App .: Let A=V^*V and K=W^*W be bounded positive operators on the same response space, represented as positive elements of the typed positive…"
P025-C0011,CLAIM,P025,result_summary,NAMED_RESULT_OR_GATE_SURFACE,"The duality-confinement membrane theorem: This section states the main result: the duality-confinement membrane theorem, also called the master theorem. It takes the apparatus built in the preceding sections and turns a sequence of domination records into fix…"
P025-C0012,CLAIM,P025,theorem,THEOREM_GRADE,"Duality-confinement membrane theorem Verified in the Lean formalization at the typed positive-cone level; see App .: Let X be an involutive object ledger with carrier X , involution J , measure mu , anti-invariant readout psi_ - , and anti-invariant ledger A_…"
P025-C0013,CLAIM,P025,definition,DEFINITION,"Exhaustive moving ledger: An exhaustive moving ledger over an involutive object ledger X consists of a sequence of positive cone elements A_ X,n , inclusion transports _n , and positive tails T_n with 0 T_n , such that, for every n , A_ X _n A_ X,n _n^*+T_n.…"
P025-C0014,CLAIM,P025,theorem,THEOREM_GRADE,"Exhaustive ledger squeeze Checked in the Lean formalization; the ambient bound is supplied as a moving-ledger field. See App .: Let X be an involutive object ledger with anti-invariant ledger A_ X . If X admits a vanishing-exhaustive moving ledger, then A_ X…"
P025-C0015,CLAIM,P025,definition,DEFINITION,"Defected obstruction budget: A defected obstruction budget at level n is a domination record of the form A_ X (1+t) (Kminus_ n +E_ src,n ) +(1+t^ -1 )E_ br,n , where t>0 , where E_ src,n is a source defect, and where E_ br,n is a bridge defect. Both defects a…"
P025-C0016,CLAIM,P025,proposition,NEGATIVE_RESULT_THEOREM,"Optimized scalar trace budget Tracked by the formalization harness; the AM–GM step is supplied as a typed-scalar hypothesis. See App .: For a defected obstruction budget at level n , set a_n= (Kminus_ n +E_ src,n ), b_n= E_ br,n , with a_n,b_n≥0 . Then ∈f_ t>…"
P025-C0017,CLAIM,P025,result_summary,NAMED_RESULT_OR_GATE_SURFACE,"SDTC is a named structural law, not a derived theorem.: Self-Dual Trace Confinement is named as a recognition source: structural content supplied by formed-layer closure per Foundations I, not derived from framework primitives alone. This paper does not prese…"
P025-C0018,CLAIM,P025,result_summary,NAMED_RESULT_OR_GATE_SURFACE,"The theorem is at the typed-cone level.: The master theorem is stated at the abstract positive-cone level with an explicit trace functional, recording only the order , , trace monotonicity, and the positivity-to-zero principle. Operator-theoretic generality—t…"
P025-C0019,CLAIM,P025,nonclaim,EXPLICIT_NONCLAIM,"This is a scope statement on the typed-scalar abstraction, not a math nonclaim about AM–GM itself."
P025-C0020,CLAIM,P025,open_problem,OPEN_PROBLEM_OR_DEFERRED_WORK,Future work.
P025-C0021,CLAIM,P025,open_problem,OPEN_PROBLEM_OR_DEFERRED_WORK,"Future work.: The first extension target is an operator-theoretic realization of the typed cone. One would instantiate the cone with positive trace-class operators on a Hilbert space, prove the trace identity and positivity-to-zero inside that setting, and co…"
P045-C0001,CLAIM,P045,paper_thesis,PAPER_STATED_COMPOSITE_RESULT,"We ask not merely whether layer birth occurs, but how many primitive kinds of birth are experimentally accessible. Within the Six-Birds framework, birth events can be organized by activation of packaging ( P5 ), directed circulation ( P6_ drive ), and staging…"
P045-C0002,CLAIM,P045,nonclaim,EXPLICIT_NONCLAIM,We do not claim stabilized universality exponents.
P045-C0003,CLAIM,P045,open_problem,OPEN_PROBLEM_OR_DEFERRED_WORK,"Section discusses scope, limitations, and what remains open."
P045-C0004,CLAIM,P045,nonclaim,EXPLICIT_NONCLAIM,The paper does not claim that these observables exhaust every possible diagnosis of birth
P045-C0005,CLAIM,P045,scope_boundary,SCOPE_OR_LIMITATION_RECORD,"the point is that the confirmed claim belongs specifically to the canonical manual channel, and that this limitation should be carried honestly into the paper."
P045-C0006,CLAIM,P045,open_problem,OPEN_PROBLEM_OR_DEFERRED_WORK,That is why this paper presents the map as the main synthetic payoff and treats exponent-level universality as future work rather than as a completed result.
P045-C0007,CLAIM,P045,result_summary,NAMED_RESULT_OR_GATE_SURFACE,"Discussion: The main result of this paper is not a final exponent-level universality classification. It is a primitive taxonomy and observable separation of layer-birth classes. Within the Six-Birds framework, the experimentally accessible low-complexity birt…"
P045-C0008,CLAIM,P045,scope_boundary,SCOPE_OR_LIMITATION_RECORD,That limitation does not weaken the present paper.
P045-C0009,CLAIM,P045,open_problem,OPEN_PROBLEM_OR_DEFERRED_WORK,"What remains open is therefore clear. The paper leaves the field with a controlled rubric, a confirmed set of low-complexity classes, and an observable map that future work will have to respect."
P045-C0010,CLAIM,P045,result_summary,NAMED_RESULT_OR_GATE_SURFACE,Negative results and constraints: Several of the project's most useful outcomes are negative in form. They do not undermine the paper's main claims; they define their scope. This appendix records the most important of those constraints so that the main text d…
P045-C0011,CLAIM,P045,scope_boundary,SCOPE_OR_LIMITATION_RECORD,"Their canonical confirmation is therefore restricted to the manual channel, and their non-manual-lens behavior is carried as a quantified caveat. This is a limitation, but it is also a substantive measurement result: staging-anomalous births appear to be empi…"
P038-C0001,CLAIM,P038,paper_thesis,PAPER_STATED_COMPOSITE_RESULT,"We study a class of continuous Cantor substrates generated by six interacting mechanisms—operator rewrite, admissibility gating, protocol/timescale adaptation, lens selection, packaging/completion, and budget dynamics—and isolate an audited shell on which the…"
P038-C0002,CLAIM,P038,nonclaim,EXPLICIT_NONCLAIM,"We make no broader-class, shell-general, or non-SFT breadth claim beyond this audited shell, but the resulting hybrid Cantor object yields a closed and thermodynamically meaningful audited-shell theorem package."
P038-C0003,CLAIM,P038,nonclaim,EXPLICIT_NONCLAIM,Equally important is what the paper does not claim. We do not claim a broader-class theorem beyond the audited shell. We do not claim a shell-general theorem. We do not claim an external or non-SFT breadth theorem beyond what is actually closed here. We do no…
P038-C0004,CLAIM,P038,nonclaim,EXPLICIT_NONCLAIM,"We do not claim: a broader-class theorem beyond the audited shell, a shell-general theorem, a non-SFT or external breadth theorem beyond what is actually closed, a direct stratumwise root-separation theorem, or a packaging-induced broader theorem class claim."
P038-C0005,CLAIM,P038,result_summary,NAMED_RESULT_OR_GATE_SURFACE,"Why the raw trajectory is not the theorem object: The continuous substrate evolves by the full six-mechanism update law x↦ F(x), x∈ S_ aud . This trajectory is the source of the mathematical structures we study, but it is not itself the theorem object. A theo…"
P038-C0006,CLAIM,P038,result_summary,NAMED_RESULT_OR_GATE_SURFACE,"Role in the theorem package: The closed theoremlets of the paper live at different levels of the same object hierarchy: the lawfulness theoremlet is a theorem about the audited shell carrying the full update law, the cocycle pressure closure theoremlet is a t…"
P038-C0007,CLAIM,P038,nonclaim,EXPLICIT_NONCLAIM,"We do not claim: that the same hybrid object theorem package holds on a broader class, that the packaged-object map yields a broader theorem class than the cocycle theory, that direct stratumwise root separation is the correct thermodynamic object, or that an…"
P038-C0008,CLAIM,P038,theorem,THEOREM_GRADE,Continuous full-loop lawfulness on the audited shell: Let S_ aud be the audited shell-stable class of continuous substrate states described above. Assume that the full update law F satisfies the shell-stable hypotheses just listed: well-posed continuous opera…
P038-C0009,CLAIM,P038,nonclaim,EXPLICIT_NONCLAIM,"It does not assert a shell-general lawfulness theorem, a broader-class theorem, or any external/non-SFT breadth statement."
P038-C0010,CLAIM,P038,nonclaim,EXPLICIT_NONCLAIM,"In particular, this section does not claim: a pressure theorem beyond the audited shell, a shell-general pressure theorem, a theorem about the packaged-object space O_1 , or any direct stratumwise thermodynamic distinction theorem."
P038-C0011,CLAIM,P038,theorem,THEOREM_GRADE,"Cocycle pressure closure on the audited shell: Let S_ aud be the audited shell-stable class from Section , and let a_n(s;x) be the selector-weighted operator growth observable associated with the base cocycle theory T_0 . Define Phi_n(s):= _ x∈S_ aud a_n(s;x)…"
P038-C0012,CLAIM,P038,nonclaim,EXPLICIT_NONCLAIM,"It does not yet define the packaged-object theory T_1 , it does not prove any broader-class pressure theorem, and it does not identify the final thermodynamic consequence of the paper."
P038-C0013,CLAIM,P038,theorem,NEGATIVE_RESULT_THEOREM,"Strict theory extension on the audited shell: Let S_ aud be the audited shell-stable class, let pi_0:S_ aud → O_0 be the cocycle-level object map of the base theory T_0 , and let pi_1:S_ aud → O_1 be the packaged-object map defined by the completion theory T_…"
P038-C0014,CLAIM,P038,result_summary,PAPER_STATED_RESULT_SUMMARY,Theorem is the paper’s open-endedness theoremlet. It shows that the packaged-object theory is not merely a more elaborate visualization of the cocycle-pressure theory. It defines a deeper theory on the same audited shell.
P038-C0015,CLAIM,P038,nonclaim,EXPLICIT_NONCLAIM,We stress again what the theoremlet does not claim. It does not claim a broader theorem class beyond the audited shell. It does not claim a shell-general extension theorem. It does not claim an external/non-SFT breadth theorem.
P038-C0016,CLAIM,P038,nonclaim,EXPLICIT_NONCLAIM,The paper therefore does not claim a direct stratumwise root-separation theorem.
P038-C0017,CLAIM,P038,nonclaim,EXPLICIT_NONCLAIM,The section does not claim an exact KL-based closure-deficit identity as a closed theorem.
P038-C0018,CLAIM,P038,theorem,CONDITIONAL_THEOREM,"Conditional pressure disintegration on the audited shell: Let S_ aud be the audited shell-stable class, let P_ T_0 (s) be the closed cocycle pressure object of the base theory T_0 , and let F(x) be the persistent packaged strata of the extended theory T_1 wit…"
P038-C0019,CLAIM,P038,result_summary,PAPER_STATED_RESULT_SUMMARY,Theorem is the thermodynamic consequence theoremlet used in the paper. It shows that the strict theory extension is not merely structural. It changes the thermodynamic content of the object theory in a measurable way.
P038-C0020,CLAIM,P038,nonclaim,EXPLICIT_NONCLAIM,"It does not claim a broader-class thermodynamic theorem, a shell-general theorem, an external/non-SFT breadth theorem, or a direct stratumwise root-separation result."
P038-C0021,CLAIM,P038,nonclaim,EXPLICIT_NONCLAIM,We do not claim a shell-general local-IFS theorem or a general non-SFT breadth theorem.
P038-C0022,CLAIM,P038,nonclaim,EXPLICIT_NONCLAIM,"The continuous six-mechanism substrate machinery is adapted from prior six-birds/PICA-style work, and the paper does not claim that substrate-generation mechanism itself as its main novelty."
P038-C0023,CLAIM,P038,open_problem,OPEN_PROBLEM_OR_DEFERRED_WORK,Discussion and future work
P038-C0024,CLAIM,P038,open_problem,OPEN_PROBLEM_OR_DEFERRED_WORK,"Discussion and future work: The theorem package proved in this paper is intentionally narrow in scope and correspondingly strong in closure. The main result is not a broad theorem about all context-dependent Cantor systems, nor a shell-general theorem, nor a…"
P038-C0025,CLAIM,P038,nonclaim,EXPLICIT_NONCLAIM,"In particular, the paper does not claim: a broader-class theorem beyond the audited shell, a shell-general theorem, an external or non-SFT breadth theorem beyond what is actually closed here, a direct stratumwise root-separation theorem, a packaging-induced b…"
P038-C0026,CLAIM,P038,nonclaim,EXPLICIT_NONCLAIM,"The packaging-completion object is real and mathematically nondegenerate, but the present paper does not claim that it yields a broader theorem class than the cocycle route on the audited shell."
P038-C0027,CLAIM,P038,open_problem,OPEN_PROBLEM_OR_DEFERRED_WORK,Whether the extension and disintegration theoremlets can be widened to a larger shell or a more canonical class remains open.
P038-C0028,CLAIM,P038,open_problem,OPEN_PROBLEM_OR_DEFERRED_WORK,That remains future work.
P038-C0029,CLAIM,P038,result_summary,NAMED_RESULT_OR_GATE_SURFACE,Wider parameter-shell results.: The present result does not prove that the audited-shell class can be replaced by a substantially wider parameter shell. That remains future work.
P038-C0030,CLAIM,P038,nonclaim,EXPLICIT_NONCLAIM,The paper does not claim that the present theorem package already establishes a non-SFT breadth result in the strong external sense.
P038-C0031,CLAIM,P038,open_problem,OPEN_PROBLEM_OR_DEFERRED_WORK,Whether stronger package-conditioned or measure-theoretic consequences can be obtained remains open.
P038-C0032,CLAIM,P038,open_problem,OPEN_PROBLEM_OR_DEFERRED_WORK,Future work: There are four natural future directions. Broader shell stability. One can ask whether the audited shell can be widened while preserving all four theoremlets simultaneously.
P038-C0033,CLAIM,P038,open_problem,OPEN_PROBLEM_OR_DEFERRED_WORK,"If future work succeeds, the natural direction is not to abandon this object in favor of a broader but weaker statement, but to widen the class while preserving the same object-level architecture."
P038-C0034,CLAIM,P038,nonclaim,EXPLICIT_NONCLAIM,"In particular, the manuscript does not claim an exact KL-based closure-deficit theorem."
P043-C0001,CLAIM,P043,paper_thesis,PAPER_STATED_COMPOSITE_RESULT,"Many sciences rely on maps of macroscopic behavior—phase diagrams, stability charts, bifurcation sets, and feasibility regions—but emergence itself is rarely treated as a mapping problem. We introduce emergence atlases: subsets and scalar fields on control sp…"
P043-C0002,CLAIM,P043,definition,DEFINITION,"Control space and admissible macro-descriptions: A control space U is any set of variables over which macro-law feasibility is to be charted. A control point u ∈ U may include a microscopic law parameter, a packaging or lens, a staging depth tau , a protocol…"
P043-C0003,CLAIM,P043,definition,DEFINITION,"Emergence atlas: Fix a scientific predicate Q expressing the additional property one wishes to chart, such as boundedness, closure, geometry-compatibility, sustained directionality, or some other macro-level property. The emergence atlas associated with Q at…"
P043-C0004,CLAIM,P043,definition,DEFINITION,"Atlas fields: Besides feasible-set atlases, one may chart scalar fields over the same control space. Two generic examples are the closure field CE^ _ Q (u) = ∈f Bigl\ [t] CE(u;Pi,L) : (Pi,L)∈C(u), NT(u;Pi,L), AS(u;Pi,L), Cost(u;Pi,L) B(u), Q(u;Pi,L) Bigr\ , a…"
P043-C0005,CLAIM,P043,definition,DEFINITION,"Packaged macro-kernel: Given a finite microscopic kernel P , a partition Pi=\ B_ 1 , ,B_ K \ of X , a block-supported lift family u=(u_ 1 , ,u_ K ) , and a stage tau∈N , the packaged macro-kernel is the row-stochastic kernel M_ Pi,u ^ (tau) defined by ."
P043-C0006,CLAIM,P043,result_summary,NAMED_RESULT_OR_GATE_SURFACE,"Effective information as a slice, not a verdict.: The most direct packaging-space support for the paper's comparison thesis is the EI slice itself. Figure plots EI against closure while encoding objecthood and budget. What it shows is exactly the relationship…"
P043-C0007,CLAIM,P043,nonclaim,EXPLICIT_NONCLAIM,the paper does not claim a universal cross-domain cost unit.
P043-C0008,CLAIM,P043,result_summary,PAPER_STATED_RESULT_SUMMARY,"Claim matrix and claim statuses. The frozen claim-confidence matrix is the paper's main claim-discipline artifact. It distinguishes: safe_claim, supported_with_caveat, downgraded_claim, do_not_overclaim. These statuses are not rhetorical decorations. They are…"
P043-C0009,CLAIM,P043,open_problem,OPEN_PROBLEM_OR_DEFERRED_WORK,Nor does it treat optional future work as pending evidence.
P050-C0001,CLAIM,P050,paper_thesis,PAPER_STATED_COMPOSITE_RESULT,"Work on multi-scale organization and audit-based directionality lacks a minimal-substrate theorem: key primitives are often realized only by smuggling in external schedules, ad hoc audits, or declared quotients, making results hard to verify and compare acros…"
P050-C0002,CLAIM,P050,nonclaim,EXPLICIT_NONCLAIM,We are explicit that we do not establish a universal physical substrate or continuum limit: our conclusions are semantic and rest on exact finite-state audits and controlled constructions rather than empirical natural-system data.
P050-C0003,CLAIM,P050,prose_definition,PROSE_DEFINITION_SECTION,"Definitions: substrates, realizations, and no-smuggling semantics: This section fixes notation and states the semantic discipline that will underlie our minimal substrate theorems. The guiding idea is realizability: a primitive is realized only if it arises f…"
P050-C0004,CLAIM,P050,definition,DEFINITION,"Substrate (informal): A substrate S consists of: (i) a state carrier Z (finite in our canonical machine model), (ii) a composable dynamics primitive (autonomous in the canonical model), and (iii) an admissible family of deterministic observational maps (lense…"
P050-C0005,CLAIM,P050,definition,DEFINITION,"Realization (informal): A realization of a primitive on S is a specification of internal operators and constraints on S that instantiate the primitive without introducing external oracles. Concretely, realizations may be given by endomaps on distributions or…"
P050-C0006,CLAIM,P050,definition,DEFINITION,"No smuggling: A construction smuggles a primitive if it requires information or structure not representable within the substrate state and its admitted operators. Equivalently, a primitive is realized without smuggling if it is definable using only: (i) the s…"
P050-C0007,CLAIM,P050,remark,INTERPRETIVE_REMARK,"Operational reading: A convenient way to read is syntactic: treat a substrate as presenting a signature of admissible constructors (state, dynamics, lenses, induced linear maps, endomaps, and audits), and treat ``without smuggling'' as definability in the ter…"
P050-C0008,CLAIM,P050,definition,DEFINITION,"Lens: A lens is a deterministic map f:Z→ X . We interpret f as the observational interface: two microstates z,z'∈ Z are observationally indistinguishable at scale f if f(z)=f(z') ."
P050-C0009,CLAIM,P050,definition,DEFINITION,"Definability from a lens: A predicate h:Z→\ 0,1\ is definable from a lens f:Z→ X if h is constant on fibers of f , i.e.\ if f(z)=f(z') implies h(z)=h(z') . Equivalently, there exists h:X→\ 0,1\ such that h= h f ."
P050-C0010,CLAIM,P050,definition,DEFINITION,Refinement: A lens f_2:Z→ X_2 refines f_1:Z→ X_1 if there exists a deterministic map g:X_2→ X_1 such that f_1=g f_2 . We write f_2 f_1 .
P050-C0011,CLAIM,P050,definition,DEFINITION,"Packaging endomap: A packaging endomap is a function e:alpha→alpha (for an appropriate carrier alpha ) that is exactly or approximately idempotent. Exact idempotence is the equation e e = e . When alpha is a set of descriptions, Fix(e)=\ x∈alpha: e(x)=x\ are…"
P050-C0012,CLAIM,P050,definition,DEFINITION,"Packaging equivalence: Given e:alpha→alpha , define a relation _e on alpha by x _e y Longleftrightarrow e(x)=e(y). We call _e the packaging equivalence induced by e ."
P050-C0013,CLAIM,P050,definition,DEFINITION,"Packaging presentation and packaging-respecting map: A packaging presentation is a pair (alpha,e) consisting of a carrier alpha and an endomap e:alpha→alpha . Given two presentations (alpha,e) and (beta,e') , a map h:alpha→beta is packaging-respecting if it c…"
P050-C0014,CLAIM,P050,lemma,THEOREM_GRADE,"Packaging-respecting maps preserve packaging equivalence: If h is packaging-respecting, then x _e y implies h(x) _ e' h(y) ."
P050-C0015,CLAIM,P050,remark,INTERPRETIVE_REMARK,What is and is not claimed: A packaging-respecting map is the minimum structure needed for ``up to packaging equivalence'' reasoning. We do not claim that packaging equivalence classes are invariant under arbitrary changes of packaging structure (e.g.\ changi…
P050-C0016,CLAIM,P050,definition,DEFINITION,"Audit monotonicity: Let A be an audit functional that assigns a nonnegative number to a process observed at a given scale. We say A is monotone under deterministic coarse-graining if for any lens f:Z→ X , the audited value at the macro scale is no larger than…"
P050-C0017,CLAIM,P050,prose_definition,PROSE_DEFINITION_SECTION,"Where these definitions are used: introduces a canonical minimal machine substrate in which: lenses are explicit deterministic maps, packaging is realized by an internal operator E_ tau,f , and audits include Sigma_T and ACC affinity classes. then states repr…"
P050-C0018,CLAIM,P050,definition,DEFINITION,"Empirical packaging endomap: Given (P,f,tau) and prototypes U_f , define the empirical packaging endomap E_ tau,f :Delta(Z)→Delta(Z) by E_ tau,f (mu) := U_f (Q_f(mu P^tau) ). Equivalently, in matrix form (with Q the Z× X lens matrix and U the X× Z prototype m…"
P050-C0019,CLAIM,P050,proposition,THEOREM_GRADE,"Markov-chain expansion and finiteness of Sigma_T: Let P be a time-homogeneous Markov kernel on a finite set Z , let rho∈Delta(Z) , and let (Z_0, ,Z_T) P_ rho,T . If P_ Z_ t+1 Z_t >0 whenever (Z_t,Z_ t+1 ) occurs with positive probability (in particular, if P…"
P050-C0020,CLAIM,P050,remark,INTERPRETIVE_REMARK,"Reversibility and interpretation guardrail: If rho=pi is stationary and P satisfies detailed balance with respect to pi , then Sigma_T(pi)=0 for all T . In nonequilibrium steady state, Sigma_T(pi) typically grows linearly in T and is closely related (up to co…"
P050-C0021,CLAIM,P050,definition,DEFINITION,"Canonical minimal machine class S_: A substrate belongs to S_ if it consists of: (i) a finite carrier Z , (ii) an autonomous time-homogeneous Markov kernel P on Z , (iii) an admissible family of deterministic lenses f:Z→ X closed under composition (refinement…"
P050-C0022,CLAIM,P050,remark,INTERPRETIVE_REMARK,Minimality-by-separation: The term ``minimal'' in S_ is used in a feature-minimal sense: it is a small list of structural ingredients sufficient to realize P1–P6 under the no-smuggling discipline. We do not claim that S_ is an initial object or a unique small…
P050-C0023,CLAIM,P050,theorem,THEOREM_GRADE,"Realizability of P1–P6 on S_: Every substrate in S_ admits realizations of primitives P1–P6 without smuggling. More concretely, for any (Z,P) with lenses and induced packaging operators as in , there exist internal operators/constraints that instantiate: dyna…"
P050-C0024,CLAIM,P050,result_summary,NAMED_RESULT_OR_GATE_SURFACE,Normal form and compilation up to packaging: Realizability alone does not turn a language into a machine: we also want a notion of normal form and mutual simulation. The appropriate equivalence notion is packaging equivalence induced by idempotent(-like) endo…
P050-C0025,CLAIM,P050,theorem,THEOREM_GRADE,Compilation to S_ up to packaging equivalence: Let S be a substrate that realizes P1–P6 without smuggling in the sense of . Assume further that the realized operators are finitary (state and registers can be encoded in a finite carrier) and autonomous once al…
P050-C0026,CLAIM,P050,theorem,NEGATIVE_RESULT_THEOREM,"No-smuggling separations: The following substrate features are necessary (up to equivalent internal encodings) to realize the corresponding primitives without smuggling: [leftmargin=*, itemsep=0.35em] Autonomy requires phase-in-state (P3). If a substrate perm…"
P050-C0027,CLAIM,P050,remark,INTERPRETIVE_REMARK,"Status and scope: The theorems above isolate the semantic content needed to turn SPT into a machine semantics. They are stated at a level that cleanly separates: (i) algebraic infrastructure (idempotents/closure), (ii) audit infrastructure (monotone direction…"
P050-C0028,CLAIM,P050,prose_definition,PROSE_DEFINITION,"Definition (Lean): sat r S (x) : iff y, S(y) r(x,y), where r : Setoid α and S : Set α."
P051-C0001,CLAIM,P051,paper_thesis,PAPER_STATED_COMPOSITE_RESULT,"Time is often treated as a primitive background parameter, and empirical discussions frequently conflate three distinct notions—event ordering, clock measurement, and irreversible directionality—making it difficult to determine when a layer has time versus wh…"
P051-C0002,CLAIM,P051,nonclaim,EXPLICIT_NONCLAIM,We do not derive physical spacetime here
P051-C0003,CLAIM,P051,scope_boundary,SCOPE_OR_LIMITATION_RECORD,P2 asserts that causation is always conditional on feasibility.
P051-C0004,CLAIM,P051,result_summary,NAMED_RESULT_OR_GATE_SURFACE,Theorem-like claims (informal) that we will audit: The rest of the paper treats the claims below as auditable rather than assumed. We state them informally here and test them in a minimal finite-state laboratory.
P051-C0005,CLAIM,P051,result_summary,PAPER_STATED_RESULT_SUMMARY,Claim 1 (Arrow-of-time from packaging and accounting). Lossy packaging (P5) together with an accounting ledger (P6) generically produces a directional audit variable at the layer: macro-dynamics becomes effectively irreversible unless extra side information i…
P051-C0006,CLAIM,P051,result_summary,PAPER_STATED_RESULT_SUMMARY,"Claim 2 (No fake arrows under coarse-graining). Coarse-graining can discard information but cannot create irreversibility from nothing. In an audit sense, projected arrow metrics (e.g.\ path-reversal KL) should not exceed the micro arrow when computed consist…"
P051-C0007,CLAIM,P051,result_summary,PAPER_STATED_RESULT_SUMMARY,"Claim 3 (Clock viability is paid). Reliable ticks require staged carriers and maintenance. As noise increases, clocks drift and fail unless stabilized by spending budget (P6); and ``apparent stability'' can be illusory if the protocol stalls rather than ticks…"
P051-C0008,CLAIM,P051,result_summary,PAPER_STATED_RESULT_SUMMARY,"Claim 4 (No global time under protocol holonomy). When closure protocols do not commute (P3), there need not exist a single global time coordinate consistent with all protocol translations. Time translation becomes path-dependent, and nonzero holonomy around…"
P051-C0009,CLAIM,P051,result_summary,NAMED_RESULT_OR_GATE_SURFACE,"Results I: arrows and clocks: We now audit the first two pillars of time-as-closure: (i) the existence of an arrow (irreversible bookkeeping) and (ii) the existence of viable ticks (repeatable staged measurement). Throughout, the connection to SBT is direct:…"
P051-C0010,CLAIM,P051,result_summary,NAMED_RESULT_OR_GATE_SURFACE,"Results II: enablement and constraints: Results I audited two components of time-as-closure: arrow structure and viable ticks. We now turn to the remaining two pillars emphasized by SBT: (i) enablement-time, where the closure itself is rewritten to restore pr…"
P051-C0011,CLAIM,P051,scope_boundary,SCOPE_OR_LIMITATION_RECORD,"Together, these results reinforce the SBT view that time is conditional on closure and feasibility."
P051-C0012,CLAIM,P051,result_summary,NAMED_RESULT_OR_GATE_SURFACE,"The holonomy obstruction (informal theorem): When protocols do not commute, the increments omega need not be exact. The obstruction is detected by holonomy: the sum of omega around a directed cycle. For a triangle cycle u→ v→ w→ u , define H(u,v,w) = omega(u→…"
P051-C0013,CLAIM,P051,result_summary,PAPER_STATED_RESULT_SUMMARY,"Theorem (No Global Time from Holonomy; informal). If there exists a directed cycle with nonzero holonomy (e.g.\ H(u,v,w)≠ 0 for some triangle), then no global potential t:V→R can satisfy Eq. on that cycle. In other words, there is no single globally consisten…"
P051-C0014,CLAIM,P051,result_summary,NAMED_RESULT_OR_GATE_SURFACE,"Theorem (No Global Time from Holonomy; informal).: If there exists a directed cycle with nonzero holonomy (e.g.\ H(u,v,w)≠ 0 for some triangle), then no global potential t:V→R can satisfy Eq. on that cycle. In other words, there is no single globally consiste…"
P051-C0015,CLAIM,P051,nonclaim,EXPLICIT_NONCLAIM,"First, we do not claim that the laboratory's Phi is ``physical time'' Second, we do not claim that entropy production is the unique arrow"
P042-C0001,CLAIM,P042,paper_thesis,PAPER_STATED_COMPOSITE_RESULT,"Randomness is often treated as either ontic indeterminacy or epistemic ignorance. We develop a third, operational account within Six Birds: layer-relative randomness is the predictive residue of non-closure under a chosen packaging and budget. For a micro pro…"
P042-C0002,CLAIM,P042,nonclaim,EXPLICIT_NONCLAIM,"We do not claim that all randomness is reducible to hidden microstructure, nor do we identify route mismatch with genuine irreversibility."
P042-C0003,CLAIM,P042,definition,DEFINITION,"Micro-closure deficit: Given a packaging Pi : X→Y and a staging scale tau , the micro-closure deficit is CD_tau(Pi) := I(X_t; Y_ t+tau Y_t)."
P042-C0004,CLAIM,P042,proposition,THEOREM_GRADE,"Exact decomposition: Under the stationary law of (X_t,Y_t,Y_ t+tau ) , H(Y_ t+tau Y_t) = H(Y_ t+tau X_t) + CD_tau(Pi)."
P042-C0005,CLAIM,P042,proposition,THEOREM_GRADE,"Expected KL form: The micro-closure deficit can be written as CD_tau(Pi) = _ x ∈ X pi(x) D_ KL ( p_x^ (tau) \| p_ Pi(x) ^ (tau) ), where, in the finite case, D_ KL (p\|q) := _ y' ∈ Y p(y') p(y') q(y') , with the convention 0 (0/q)=0 ."
P042-C0006,CLAIM,P042,definition,DEFINITION,"tau -closed packaging: A packaging Pi is tau -closed if for every x,x' ∈ X with Pi(x)=Pi(x') , one has p_x^ (tau) = p_ x' ^ (tau) as distributions on Y."
P042-C0007,CLAIM,P042,proposition,THEOREM_GRADE,"Closure, sufficiency, and vanishing deficit: If Pi is tau -closed, then CD_tau(Pi)=0 . Conversely, if pi(x)>0 for every x ∈ X and CD_tau(Pi)=0 , then Pi is tau -closed."
P042-C0008,CLAIM,P042,proposition,THEOREM_GRADE,"Route mismatch lower bound: If the induced packaged rows coincide with the stationary-conditioned rows, then CD_tau(Pi) 1 2 (RM_tau^ stat (Pi) )^2."
P042-C0009,CLAIM,P042,result_summary,NAMED_RESULT_OR_GATE_SURFACE,"Markov Coarse-Graining Benchmark: We begin with the controlled finite-state benchmark in which the exact object CD_tau(Pi) is available by construction. The benchmark consists of four families: exactly lumpable chains , perturbed-lumpable chains with heteroge…"
P042-C0010,CLAIM,P042,result_summary,NAMED_RESULT_OR_GATE_SURFACE,Budgeted Prediction: The controlled Markov benchmark established what unresolved closure is. The complementary question is what it costs to buy the missing distinctions back once the current package has already failed to stabilize them. To expose that account…
P042-C0011,CLAIM,P042,result_summary,NAMED_RESULT_OR_GATE_SURFACE,"Hashing as Packaging and One-Wayness: Hashing provides an engineered version of the same logic in a deterministic many-to-one map. A truncated digest H_n : \ 0,1\ ^m → \ 0,1\ ^n does not create new entropy; it packages a large input space into a short stable…"
P042-C0012,CLAIM,P042,result_summary,NAMED_RESULT_OR_GATE_SURFACE,"Auxiliary Clustering Result: This appendix records the representation-learning result that we treat as auxiliary rather than core evidence . The experiment asks whether increasing representational budget, measured by the number of learned clusters k , automat…"
P005-C0001,CLAIM,P005,paper_thesis,PAPER_STATED_COMPOSITE_RESULT,"Formal theories of consciousness often mix mathematical structure, empirical access, and ontological interpretation inside single claims. We present an architecture that separates them by construction: an eight-clause closure package (objecthood, strict promo…"
P005-C0002,CLAIM,P005,nonclaim,EXPLICIT_NONCLAIM,"extension beyond the carrier is a conditional schema, not a generic theorem."
P005-C0003,CLAIM,P005,result_summary,NAMED_RESULT_OR_GATE_SURFACE,"Problem, result classes, and contribution map: Formal theories of consciousness are difficult to compare, and difficult to trust, partly because three different kinds of claim routinely travel in one sentence: mathematical claims about a formal structure, emp…"
P005-C0004,CLAIM,P005,scope_boundary,SCOPE_OR_LIMITATION_RECORD,"Every scientific sentence in the paper is assigned to one of four claim lanes, defined in Section : structural results [S] (theorems and exact finite constructions), recognition bridges [R] (proposed interpretive mappings, never derivations), ontological impl…"
P005-C0005,CLAIM,P005,scope_boundary,SCOPE_OR_LIMITATION_RECORD,"Selected results are additionally mechanized: each of the nineteen law modules has a Lean kernel, and the exact scope boundary of each kernel (what Lean proves versus what it pins as certified constants matching the Python enumeration) is stated where the res…"
P005-C0006,CLAIM,P005,scope_boundary,SCOPE_OR_LIMITATION_RECORD,"Empirical status is a limitation and a future obligation, not a seventh contribution: no empirical validation exists, an inherited literature battery failed its own admission rules and is retained only as non-evidential protocol history, and the prospective e…"
P005-C0007,CLAIM,P005,nonclaim,EXPLICIT_NONCLAIM,"We do not claim priority for mathematical consciousness science, axiomatic models, privacy or unreadability results, unity, gauge symmetry, quality spaces, predictive-state quotients, viability kernels, shadow prices, or self-reference limits taken separately"
P005-C0008,CLAIM,P005,scope_boundary,SCOPE_OR_LIMITATION_RECORD,All Tier O content in this paper is conditional on named postulates (Section )
P005-C0009,CLAIM,P005,open_problem,OPEN_PROBLEM_OR_DEFERRED_WORK,"no derivation ``proposes,'' ``recognizes,'' ``interprets, conditional on'' treating the mapping as derived or measured [O] conditional ontological implication named postulates plus a mechanized conditional theorem ``implies after assuming,'' ``is conditional…"
P005-C0010,CLAIM,P005,definition,DEFINITION,"Carrier, actions, lens: A carrier is a finite set X of states. A transition/action family over X is a finite set A of actions with, for each a∈ A , either a map F_a : X → X or a row-stochastic kernel P_a on X ; whether dynamics are deterministic or stochastic…"
P005-C0011,CLAIM,P005,definition,DEFINITION,"Quotient, refinement, factorization defect: A partition Pi' refines Pi when every block of Pi' is contained in a block of Pi . Given two lenses pi_0, pi_1 on the same carrier, the factorization defect is Delta_ fact (pi_0,pi_1) = \ (s,s') : pi_0(s)=pi_0(s') a…"
P005-C0012,CLAIM,P005,definition,DEFINITION,Predictive and observational equivalence: Fix a carrier with declared dynamics and a lens q . Two states (or histories) are observationally equivalent when all admissible current observables agree on them; the induced quotient is the current public quotient Q…
P005-C0013,CLAIM,P005,definition,DEFINITION,"Closure operator and audit: A closure operator on a finite structured set is an extensive, monotone, idempotent endomap; its fixed points are the descriptions the structure recognizes as complete. When a closure-like operator E is only approximately idempoten…"
P005-C0014,CLAIM,P005,definition,DEFINITION,"Viability kernel: Fix a carrier X , a safety predicate, feasible action sets, and declared successor supports. The viability kernel K_ viab is the greatest fixed point of the controlled-invariance operator V(K) = \ s ∈ K : s safe and a ∈ A_ feas (s) with Post…"
P005-C0015,CLAIM,P005,scope_boundary,SCOPE_OR_LIMITATION_RECORD,"Every result travels the same four-step chain, and the paper reports which steps each result completed. (1) A mathematical statement on a declared carrier, with grade and nonclaims, in the theorem catalog. (2) A Python enumeration: exact rational computation…"
P005-C0016,CLAIM,P005,definition,DEFINITION,"Full C-package target: The full C-package C is the eight-clause full-design and audit contract C1 – C8 , together with cross-clause coherence data and a full promotion-gate panel. A candidate consists of a carrier X , declared transition/action families, a pu…"
P005-C0017,CLAIM,P005,nonclaim,EXPLICIT_NONCLAIM,"[t] p 0.06 p 0.2 p 0.24 p 0.22 p 0.18 →prule Clause Standard object Strongest landed evidence Simplified (T17-S) proxy Blocking condition / nonclaim C1 closure operators E_tau with fixed-point, defect, and perturbation audits T1: exact E_tau audit on the ten-…"
P005-C0018,CLAIM,P005,nonclaim,EXPLICIT_NONCLAIM,"it does not assert an integrated instance, and no equivalence or ordering between the full package and the simplified certificate is implied."
P005-C0019,CLAIM,P005,nonclaim,EXPLICIT_NONCLAIM,it does not prove any universal completeness of the six roles.
P005-C0020,CLAIM,P005,result_summary,NAMED_RESULT_OR_GATE_SURFACE,"The full target versus the simplified certificate: One distinction must be visible before any result is stated, because the realization section depends on it. The full C-package C of Definition is the design target. What is currently mechanized is a simplifie…"
P005-C0021,CLAIM,P005,construction,DEFINITIONAL_CONSTRUCTION,"T1-L1, the self-wheel: The carrier is Z = P × W with |P|=6 public positions and |W|=2 hidden phases, so N = |Z| = 12 . The public self-lens is q(p,w)=p : the system can observe its own position but not its phase. The dynamics contain a live, unobserved phase…"
P005-C0022,CLAIM,P005,result_summary,NAMED_RESULT_OR_GATE_SURFACE,"The theorem: [Exact forcing and minimal restoration; T1] [S] Grade: theorem-grade on the exact T1-L1 carrier; conditional family schema beyond it. Scope: the declared twelve-state deadline carrier, its action family, and its lens. On this carrier: Public exha…"
P005-C0023,CLAIM,P005,theorem,CONDITIONAL_THEOREM,"Exact forcing and minimal restoration; T1: [S] Grade: theorem-grade on the exact T1-L1 carrier; conditional family schema beyond it. Scope: the declared twelve-state deadline carrier, its action family, and its lens. On this carrier: Public exhaustion. Every…"
P005-C0024,CLAIM,P005,schema,SCHEMA,"Exact carrier versus family schema: What generalizes, and at what price, is stated once and inherited everywhere. For substrates satisfying the published deadline-family conditions (a live, resettable, non-publicly-definable phase, and a deadline that makes t…"
P005-C0025,CLAIM,P005,theorem,THEOREM_GRADE,"Interface-relative non-exposure; T2: [S] Grade: theorem-grade direct finite instantiation; the C4 condition is generic and declared, not universal. Scope: the declared channel family Lambda on the finite privacy-wheel carrier. Under non-exposure with predicti…"
P005-C0026,CLAIM,P005,result_summary,NAMED_RESULT_OR_GATE_SURFACE,"T3: the explanatory gap as a strictness certificate.: Strict promotion means a nonempty factorization defect. The imported nonfactorization dichotomy says Delta_ fact (pi_0, pi_1)≠∅ if and only if pi_1 does not factor through pi_0 . [No-shortcut corollary; T3…"
P005-C0027,CLAIM,P005,theorem,THEOREM_GRADE,"No-shortcut corollary; T3: [S] Grade: corollary-grade. Scope: declared source and target maps on a fixed finite interface. If the promoted content is strict over the public layer, no lower-layer shortcut derivation recovers it: the factor map does not exist,…"
P005-C0028,CLAIM,P005,theorem,THEOREM_GRADE,Report descent and no-overreading; T9: [S] Grade: direct instantiation of imported audit theorems plus finite toy witness. Scope: declared report and no-report interfaces on a three-state hidden support. A valid report licenses only its descended boundary obj…
P005-C0029,CLAIM,P005,result_summary,NAMED_RESULT_OR_GATE_SURFACE,T4: zombies as certificate contrast on one public face.: The zombie study has three separated parts. [Leibniz quotient; T4a] [S] Grade: theorem-grade direct quotient instantiation. Scope: the declared admissible public lens family at one layer. Any legitimate…
P005-C0030,CLAIM,P005,theorem,THEOREM_GRADE,Leibniz quotient; T4a: [S] Grade: theorem-grade direct quotient instantiation. Scope: the declared admissible public lens family at one layer. Any legitimate layer-level quantity factors through the quotient by empirical indiscernibility; duplicates indiscern…
P005-C0031,CLAIM,P005,theorem,THEOREM_GRADE,Certificate demarcation; T4b: [S] Grade: schema-grade certificate contrast. Scope: one public carrier face with an imported certificate battery. A subject/zombie distinction exists relative to a declared audit only if the certificate lens family separates the…
P005-C0032,CLAIM,P005,open_problem,OPEN_PROBLEM_OR_DEFERRED_WORK,"T4c, the reading that achieving the closures is realization rather than imitation, is [O] and is deferred entirely to the conditional bridge of Section"
P005-C0033,CLAIM,P005,theorem,NEGATIVE_RESULT_THEOREM,"Priced residue and audited authorship; T5: [S] Grade: clauses graded individually below. Scope: one declared deterministic support, bounded observer budgets, declared generator provenance. Nonclaim: no ontic indeterminacy, no metaphysical freedom, no disproof…"
P005-C0034,CLAIM,P005,nonclaim,EXPLICIT_NONCLAIM,Nonclaim: introspection is neither impossible nor worthless
P005-C0035,CLAIM,P005,theorem,NEGATIVE_RESULT_THEOREM,"Same-level audit failure, rotating towers, confabulation; T6: [S] Grade: direct instantiation of imported self-audit theorems plus finite toy extension. Scope: instrument-indexed claims; complete same-level self-certification, not ordinary introspection. No i…"
P005-C0036,CLAIM,P005,theorem,THEOREM_GRADE,Meta-problem composition; T16: [S] Grade: composition-grade and convention-relative. Scope: one two-state composite carrier whose public interface and report channel coincide; an explicitly declared completion convention. On the composite package: the T2-shap…
P005-C0037,CLAIM,P005,theorem,THEOREM_GRADE,Binding witness with marking and erasure; T7: [S] Grade: theorem-grade finite instantiation of imported strict-refinement machinery. Scope: the declared branch family and interfaces. Binding is certified by strict refinement R_ rec K_ bw : two assemblages in…
P005-C0038,CLAIM,P005,theorem,THEOREM_GRADE,"Purchased clock and no unified now; T8: [S] Grade: theorem-grade finite instantiation of imported clock and protocol criteria. Scope: the declared three-phase clock carrier and protocol family. The experienced-present proxy is the package's stabilized (order,…"
P005-C0039,CLAIM,P005,theorem,THEOREM_GRADE,"Exact dual prices; T11 core: [S] Grade: theorem-grade finite duality core. Scope: one exact rational linear program over a three-action policy simplex with two maintenance budgets. At binding budgets b=(2,2) : optimum value 76/11 , both constraints tight, exa…"
P005-C0040,CLAIM,P005,remark,INTERPRETIVE_REMARK,"The valence bridge: [R] The identification of the dual-price profile with felt valence is a recognition bridge, named here and nowhere derived: the C8 dual has the intended profile of graded magnitude, sign/pressure, motivational relevance, and a direct tie t…"
P005-C0041,CLAIM,P005,nonclaim,EXPLICIT_NONCLAIM,Nonclaim: no smallness threshold adjudicates the audits (only the computed controls do)
P005-C0042,CLAIM,P005,theorem,THEOREM_GRADE,"Induced-kernel similarity geometry; T12: [S] Grade: theorem-grade induced-kernel construction and exact audit; the geometry-birth grade is audit-only. Scope: the corrected 32-state micro-carrier (eight hues, two chroma, two texture levels), packaging lens for…"
P005-C0043,CLAIM,P005,nonclaim,EXPLICIT_NONCLAIM,Nonclaim: no claim that any particular quality space has nontrivial G
P005-C0044,CLAIM,P005,theorem,THEOREM_GRADE,"Descent-fixing gauge and rigidification; T13: [S] Grade: theorem-grade exact finite construction; the broader quality-space rigidification principle is schema-grade. Scope: an eight-state fiber bundle, |Q| = 4 public classes with two fiber points each, declar…"
P005-C0045,CLAIM,P005,nonclaim,EXPLICIT_NONCLAIM,"Nonclaim: no relativistic proper time, no claim that every subject has this clock. Nonclaim (the repository name is ``subject birth''): no subject is created or detected"
P005-C0046,CLAIM,P005,nonclaim,EXPLICIT_NONCLAIM,"Nonclaim: no claim that actual loss or recovery of consciousness is hysteretic, and any external measure of closure depth would need its own descent audit, and none is given."
P005-C0047,CLAIM,P005,theorem,CONDITIONAL_THEOREM,"Existence boundary schema; T10: [S] Grade: schema plus exact correspondences. Scope: a three-state maintenance carrier with a threaded record accumulator (credit accrues 1/8 after a nonempty kernel to a cap of 1/4 , decays 1/8 after an empty one) over the bud…"
P005-C0048,CLAIM,P005,nonclaim,EXPLICIT_NONCLAIM,Nonclaim: no complete metaphysics of personal identity.
P005-C0049,CLAIM,P005,theorem,THEOREM_GRADE,"Lineage, trauma, fission/fusion, empty target; T14: [S] Grade: theorem-grade transfer of imported route-transport machinery plus finite extensions. Scope: a declared memory-wheel route package with three histories, one current class, two predictive classes. I…"
P005-C0050,CLAIM,P005,nonclaim,EXPLICIT_NONCLAIM,"Nonclaim: no general verdict about real collectives, and aggregation of local contents is never sufficient: it is the collapsed regime."
P005-C0051,CLAIM,P005,result_summary,NAMED_RESULT_OR_GATE_SURFACE,T15: combination as a two-gate audit on one carrier.: [Combination gate; T15] [S] Grade: schema with an exact one-carrier construction. Scope: one joint-package carrier with live states diagonal/crossed and a dead exit. Combination into a joint subject is cer…
P005-C0052,CLAIM,P005,theorem,THEOREM_GRADE,Combination gate; T15: [S] Grade: schema with an exact one-carrier construction. Scope: one joint-package carrier with live states diagonal/crossed and a dead exit. Combination into a joint subject is certified only when the joint family passes both gates on…
P005-C0053,CLAIM,P005,postulate,DECLARED_ASSUMPTION,"A1: Ontic Closure Completeness: To be real is to be a survivor of audited closure emergence, a lawful promoted package that passes its gates, with no further realness ingredient."
P005-C0054,CLAIM,P005,postulate,DECLARED_ASSUMPTION,A2: Substrate Indifference: Closure laws apply identically across carriers; the carrier label is not an extra closure law.
P005-C0055,CLAIM,P005,open_problem,OPEN_PROBLEM_OR_DEFERRED_WORK,"This is an explicitly simplified approximation of T4b's demarcation target, not the full-certificate relation, which remains open until a full certificate exists."
P005-C0056,CLAIM,P005,theorem,CONDITIONAL_THEOREM,"Conditional realization bridge; T17-O: [O] Grade: axiom-relative conditional schema, mechanized. Scope: arbitrary carrier type X and package pkg ; ClosureComplete and Realized are caller-supplied predicate parameters. Assume: certificate soundness: every simp…"
P005-C0057,CLAIM,P005,open_problem,OPEN_PROBLEM_OR_DEFERRED_WORK,"These are obligations for future work, not results, and the rows are illustrative targets: every field must be frozen prospectively before any data contact."
P005-C0058,CLAIM,P005,scope_boundary,SCOPE_OR_LIMITATION_RECORD,"Limitations: Twelve limitations, before any conclusion. Exact finite models only. Every positive result lives on a declared toy carrier. Nothing licenses transfer to large, noisy, or continuous systems beyond the displayed conditional schemas. No empirical co…"
P005-C0059,CLAIM,P005,result_summary,NAMED_RESULT_OR_GATE_SURFACE,"Imported theorem map: Each import is used under its own hypotheses; analogy is never theorem transport. The table names the source engine, the imported object, and the consuming law. p 0.23 p 0.42 p 0.24 →prule Source (corpus paper) Imported object Used by Fo…"
P005-C0060,CLAIM,P005,result_summary,NAMED_RESULT_OR_GATE_SURFACE,"Exact finite result compendium: One six-field entry per law: setup / central result / decisive witness / controls / grade / nonclaims. All values are the current corrected snapshot values; superseded pre-correction values (notably in T12, T15, T16) never appe…"
P005-C0061,CLAIM,P005,result_summary,NAMED_RESULT_OR_GATE_SURFACE,"T3 (no-shortcut corollary).: Setup: T9's support; report boundary as lower readout, no-report boundary as target. Result: strictness (nonempty Delta_ fact ) iff no factor map; no closed lower compression recovers strict content. Witness: factor attempt return…"
P005-C0062,CLAIM,P005,result_summary,NAMED_RESULT_OR_GATE_SURFACE,"T9 (report theorem).: Setup: hidden support \ u_0, u_1, u_2\ ; report channel; separately scoped no-report instrument; vendored claim classifier. Result: reports license descended boundary content only; the report map is non-injective; a no-report channel sep…"
P005-C0063,CLAIM,P005,result_summary,NAMED_RESULT_OR_GATE_SURFACE,"T15 (combination gate).: Setup: one joint carrier, live states diagonal/crossed plus dead exit; two interfaces on the same states. Result: joint subjecthood gated by C7 strict refinement and C3 terminal joint reflexivity; aggregation is the collapsed regime.…"
P005-C0064,CLAIM,P005,schema,SCHEMA,"Schema boundaries worth repeating: The simplified schema's own graded honesty, beyond Section : its C3 exit check is one-step only (a genuinely terminal full-domain bisimulation remains an obligation); its C4 is a finite static specialization of the imported…"
P005-C0065,CLAIM,P005,result_summary,NAMED_RESULT_OR_GATE_SURFACE,"Theorem-to-artifact map: Each law has: a Python module (lab/sixbirds_consciousness/labs/), a prediction file, a verdict file with versioned correction blocks, a pytest suite, and a Lean module (lean/SixBirdsConsciousness/Laws/) with a named kernel declaration…"
P005-C0066,CLAIM,P005,scope_boundary,SCOPE_OR_LIMITATION_RECORD,"Trust base and known limitations: Trusted, inherited: vendored foundations Lean modules and their opacity-guarded axioms (Appendix ); the Lean toolchain; the Python interpreter and pytest. Known limitations, reported rather than resolved: the Lean manifest-le…"
P055-C0001,CLAIM,P055,paper_thesis,PAPER_STATED_COMPOSITE_RESULT,"We present a reproducible computational framework for defining and measuring agency in finite controlled Markov kernels without assuming goals, utilities, or homunculi. The framework operationalizes three complementary metrics: (i) viability kernels (greatest…"
P055-C0002,CLAIM,P055,nonclaim,EXPLICIT_NONCLAIM,"We are explicit that stronger claims about goals, consciousness, or real organisms are not established here"
P055-C0003,CLAIM,P055,prose_definition,PROSE_DEFINITION,"Definition (Theory / layer, specialized). In the notation of Six Birds Theory, a theory can be written T=(Pi,L, F,B) . In our finite setting, Pi is implemented by state projections, L is the controlled kernel P , F is the ledger-gated feasible action set A_ f…"
P055-C0004,CLAIM,P055,prose_definition,PROSE_DEFINITION_SECTION,"Definition (Theory / layer, specialized).: In the notation of Six Birds Theory, a theory can be written T=(Pi,L, F,B) . In our finite setting, Pi is implemented by state projections, L is the controlled kernel P , F is the ledger-gated feasible action set A_…"
P055-C0005,CLAIM,P055,prose_definition,PROSE_DEFINITION,"Definition (Theory object). A theory object is an object inside a theory: a packaged macro label (or invariant package) that is stable under the closures induced by T at the relevant horizon. Operationally, low idempotence defect means the macro labels behave…"
P055-C0006,CLAIM,P055,prose_definition,PROSE_DEFINITION_SECTION,"Definition (Theory object).: A theory object is an object inside a theory: a packaged macro label (or invariant package) that is stable under the closures induced by T at the relevant horizon. Operationally, low idempotence defect means the macro labels behav…"
P055-C0007,CLAIM,P055,prose_definition,PROSE_DEFINITION_SECTION,"Definition (Finite controlled kernel).: Let S=\ 0,1, ,n-1\ be a finite state space and A=\ 0,1, ,m-1\ a finite action set. A controlled stochastic kernel is a row-stochastic tensor P[a,s,s'] Pr(s_ t+1 =s' s_t=s, a_t=a), with P[a,s,s'] 0 and _ s' P[a,s,s']=1 f…"
P055-C0008,CLAIM,P055,prose_definition,PROSE_DEFINITION,"Definition (Successor support). We use robust support semantics: the set of possible successors under (s,a) is Post(s,a) := \ s' ∈ S : P[a,s,s']>0 \ . All viability statements below are with respect to Post (not expectations): a move is safe only if every non…"
P055-C0009,CLAIM,P055,prose_definition,PROSE_DEFINITION_SECTION,"Definition (Successor support).: We use robust support semantics: the set of possible successors under (s,a) is Post(s,a) := \ s' ∈ S : P[a,s,s']>0 \ . All viability statements below are with respect to Post (not expectations): a move is safe only if every no…"
P055-C0010,CLAIM,P055,prose_definition,PROSE_DEFINITION_SECTION,"Definition (Ledger and feasibility).: A ledger is a nonnegative scalar extracted from state, r:S→ R_ 0 . Each action has a nonnegative cost c:A→ R_ 0 . The feasible actions at state s are A_ feas (s) := \ a∈ A : c(a) r(s) \ . This is the operational form of P…"
P055-C0011,CLAIM,P055,prose_definition,PROSE_DEFINITION_SECTION,"Definition (Safe set).: A safety predicate Safe:S→\ true,false\ specifies which states count as viable. We emphasize that ``safe'' can encode more than survival; in later sections we also use safety to encode coherence (e.g., requiring a repaired/noise-free i…"
P055-C0012,CLAIM,P055,prose_definition,PROSE_DEFINITION,"Definition (Viability operator / controlled-invariance map). Given a candidate set K⊆ S , define the contracting controlled-invariance operator V(K) := Bigl\ s∈ K : Safe(s)\ \ a∈ A_ feas (s)\ s.t.\ Post(s,a)⊆ K Bigr\ . Intuitively: s remains in K if it is saf…"
P055-C0013,CLAIM,P055,prose_definition,PROSE_DEFINITION_SECTION,"Definition (Viability operator / controlled-invariance map).: Given a candidate set K⊆ S , define the contracting controlled-invariance operator V(K) := Bigl\ s∈ K : Safe(s)\ \ a∈ A_ feas (s)\ s.t.\ Post(s,a)⊆ K Bigr\ . Intuitively: s remains in K if it is sa…"
P055-C0014,CLAIM,P055,prose_definition,PROSE_DEFINITION,"Definition (Viability kernel). The viability kernel K⊆ S is the greatest fixed point of V , K = V(K), computed by iterating V from the top safe set until convergence. In finite state spaces, this monotone decreasing iteration stabilizes in at most |S| steps;…"
P055-C0015,CLAIM,P055,prose_definition,PROSE_DEFINITION_SECTION,"Definition (Viability kernel).: The viability kernel K⊆ S is the greatest fixed point of V , K = V(K), computed by iterating V from the top safe set until convergence. In finite state spaces, this monotone decreasing iteration stabilizes in at most |S| steps;…"
P055-C0016,CLAIM,P055,prose_definition,PROSE_DEFINITION_SECTION,"Definition (Output lens).: An output variable is a projection (lens) f:S→ Y into a finite output set Y=\ 0,1, ,|Y|-1\ . In the ring-world exhibits, f is typically the outside position coordinate y or a macro-lens (y,r,phi) that intentionally hides micro-varia…"
P055-C0017,CLAIM,P055,prose_definition,PROSE_DEFINITION,"Definition (Action-sequence channel). Fix an initial state s_0 and a horizon H 1 . For an action sequence alpha=(a_0, ,a_ H-1 ) , let S_H be the random state after rolling out the kernel under alpha , and define Y=f(S_H) . The induced channel from sequences t…"
P055-C0018,CLAIM,P055,prose_definition,PROSE_DEFINITION_SECTION,"Definition (Action-sequence channel).: Fix an initial state s_0 and a horizon H 1 . For an action sequence alpha=(a_0, ,a_ H-1 ) , let S_H be the random state after rolling out the kernel under alpha , and define Y=f(S_H) . The induced channel from sequences…"
P055-C0019,CLAIM,P055,prose_definition,PROSE_DEFINITION_SECTION,"Definition (Empowerment).: For a fixed (s_0,H,f) , empowerment is the channel capacity of W : Emp(s_0;H,f) := _ p(alpha) I(A;Y), where A is the chosen action-sequence random variable and I( ; ) is mutual information . We compute this exactly (for small channe…"
P055-C0020,CLAIM,P055,prose_definition,PROSE_DEFINITION,"Definition (Feasible empowerment). To respect P _2 /P _6 , we restrict the sequence set by ledger feasibility. Given costs c(a) and budget r(s_0) , a sequence alpha is feasible if _ t=0 ^ H-1 c(a_t) r(s_0) . Feasible empowerment is the capacity of the restric…"
P055-C0021,CLAIM,P055,prose_definition,PROSE_DEFINITION_SECTION,"Definition (Feasible empowerment).: To respect P _2 /P _6 , we restrict the sequence set by ledger feasibility. Given costs c(a) and budget r(s_0) , a sequence alpha is feasible if _ t=0 ^ H-1 c(a_t) r(s_0) . Feasible empowerment is the capacity of the restri…"
P055-C0022,CLAIM,P055,prose_definition,PROSE_DEFINITION,"Definition (Macro lens and fibers). Let pi:S→ X be a macro lens (coarser than f in general). For a macro label x∈ X , define its fiber S_x := \ s∈ S : pi(s)=x\ ."
P055-C0023,CLAIM,P055,prose_definition,PROSE_DEFINITION_SECTION,"Definition (Macro lens and fibers).: Let pi:S→ X be a macro lens (coarser than f in general). For a macro label x∈ X , define its fiber S_x := \ s∈ S : pi(s)=x\ ."
P055-C0024,CLAIM,P055,prose_definition,PROSE_DEFINITION,"Definition (Empirical packaging endomap). Fix a horizon tau 0 and a stationary policy mu(a s) (deterministic or stochastic). For each macro label x , initialize a reference micro-distribution d_0 that is uniform over S_x . Let T_mu be the induced one-step tra…"
P055-C0025,CLAIM,P055,prose_definition,PROSE_DEFINITION_SECTION,"Definition (Empirical packaging endomap).: Fix a horizon tau 0 and a stationary policy mu(a s) (deterministic or stochastic). For each macro label x , initialize a reference micro-distribution d_0 that is uniform over S_x . Let T_mu be the induced one-step tr…"
P055-C0026,CLAIM,P055,prose_definition,PROSE_DEFINITION,"Definition (Idempotence defect). The idempotence defect of E is Def(E) := |\ x∈ X: E(E(x))≠ E(x)\ | |X| . If Def(E) 0 , the macro labels behave like stable objects under the lens pi and the policy mu ; if Def(E) is large, the lens fails to induce objecthood (…"
P055-C0027,CLAIM,P055,prose_definition,PROSE_DEFINITION_SECTION,"Definition (Idempotence defect).: The idempotence defect of E is Def(E) := |\ x∈ X: E(E(x))≠ E(x)\ | |X| . If Def(E) 0 , the macro labels behave like stable objects under the lens pi and the policy mu ; if Def(E) is large, the lens fails to induce objecthood…"
P055-C0028,CLAIM,P055,prose_definition,PROSE_DEFINITION,"Definition (Agent as a theory object, operational). Fix a theory layer T (kernel + feasibility + ledger), lenses (f,pi) , horizons (H,tau) , and a maintenance policy mu for E . We call the induced package an agent theory object at this scale if (i) the viabil…"
P055-C0029,CLAIM,P055,prose_definition,PROSE_DEFINITION_SECTION,"Definition (Agent as a theory object, operational).: Fix a theory layer T (kernel + feasibility + ledger), lenses (f,pi) , horizons (H,tau) , and a maintenance policy mu for E . We call the induced package an agent theory object at this scale if (i) the viabi…"
P055-C0030,CLAIM,P055,result_summary,PAPER_STATED_RESULT_SUMMARY,"Result: defect collapses at tau=2 Figure plots Def(E) versus horizon tau for the two regimes. At tau=2 we obtain: Def(E)_ repair OFF = 1.0, Def(E)_ repair ON = 0.0. That is: without maintenance, the macro labels (y,r,phi) behave maximally non-object-like unde…"
P055-C0031,CLAIM,P055,result_summary,NAMED_RESULT_OR_GATE_SURFACE,"Result: defect collapses at tau=2: Figure plots Def(E) versus horizon tau for the two regimes. At tau=2 we obtain: Def(E)_ repair OFF = 1.0, Def(E)_ repair ON = 0.0. That is: without maintenance, the macro labels (y,r,phi) behave maximally non-object-like und…"
P055-C0032,CLAIM,P055,result_summary,PAPER_STATED_RESULT_SUMMARY,"Result: equality at H=1 , divergence for H 2 Figure shows the median feasible empowerment (bits) as a function of horizon H ."
P055-C0033,CLAIM,P055,result_summary,NAMED_RESULT_OR_GATE_SURFACE,"Result: equality at H=1 , divergence for H 2: Figure shows the median feasible empowerment (bits) as a function of horizon H . At H=1 , the curves coincide. This is expected: a single step cannot exploit protocol holonomy because there is no order-of-composit…"
P055-C0034,CLAIM,P055,result_summary,PAPER_STATED_RESULT_SUMMARY,"Result: a collapse boundary in (p_ flip , cost) space Figure shows the two heatmaps. The qualitative picture is straightforward: [leftmargin=*, itemsep=0.25em] Increasing noise p_ flip makes it harder to keep u=0 in the robust-support sense: all nonzero-proba…"
P055-C0035,CLAIM,P055,result_summary,NAMED_RESULT_OR_GATE_SURFACE,"Result: a collapse boundary in (p_ flip , cost) space: Figure shows the two heatmaps. The qualitative picture is straightforward: [leftmargin=*, itemsep=0.25em] Increasing noise p_ flip makes it harder to keep u=0 in the robust-support sense: all nonzero-prob…"
P055-C0036,CLAIM,P055,result_summary,PAPER_STATED_RESULT_SUMMARY,"Result: empowerment increases monotonically with skill Figure shows the median empowerment as a function of . The measured medians (bits) are: median\ Emp_ feas ( =0) = 0.7330983751920465, median\ Emp_ feas ( =1) = 1.0045739033658136, median\ Emp_ feas ( =2)…"
P055-C0037,CLAIM,P055,result_summary,NAMED_RESULT_OR_GATE_SURFACE,"Result: empowerment increases monotonically with skill: Figure shows the median empowerment as a function of . The measured medians (bits) are: median\ Emp_ feas ( =0) = 0.7330983751920465, median\ Emp_ feas ( =1) = 1.0045739033658136, median\ Emp_ feas ( =2)…"
P055-C0038,CLAIM,P055,result_summary,NAMED_RESULT_OR_GATE_SURFACE,"Artifact contract (what every result must contain): All experiment outputs live under results/ and are machine-checkable. JSON artifacts are required to include (possibly with type-specific naming for multi-config comparisons): [leftmargin=*, itemsep=0.25em]…"
P055-C0039,CLAIM,P055,nonclaim,EXPLICIT_NONCLAIM,We do not claim thermodynamic optimality or a specific physical interpretation here
P055-C0040,CLAIM,P055,open_problem,OPEN_PROBLEM_OR_DEFERRED_WORK,Outlook Three directions follow naturally.
P055-C0041,CLAIM,P055,open_problem,OPEN_PROBLEM_OR_DEFERRED_WORK,"Outlook: Three directions follow naturally. First, extend the substrate to multi-agent settings where P _2 constraints and P _4 tokens can encode commitments, ownership, and norms. Second, move from exact kernels to approximate learned models while preserving…"
P055-C0042,CLAIM,P055,result_summary,PAPER_STATED_RESULT_SUMMARY,"theorem iterate_top_greatest_fixpoint (F : Finset α → Finset α) (hmono : Monotone F) (hsub : ∀ s, F s ⊆ s) : ∃ n : Nat, let K := Nat.iterate F n Finset.univ F K = K ∧ ∀ S : Finset α, F S = S → S ⊆ K"
P044-C0001,CLAIM,P044,paper_thesis,PAPER_STATED_COMPOSITE_RESULT,"Next-token prediction is not, by itself, a theory of compositional content: finite predictive statistics can agree while the induced quotients compose differently under larger contexts. We study an alternative, non-gradient formulation in which a language mod…"
P044-C0002,CLAIM,P044,nonclaim,EXPLICIT_NONCLAIM,"Six Birds Theory (SBT) supplies the admissibility calculus for that ledger: typed audited layers of the language model (called closure-package layers when formalized in ), explicit quotient maps, audit and nonclaim records, and promotion gates for deciding wh…"
P044-C0003,CLAIM,P044,open_problem,OPEN_PROBLEM_OR_DEFERRED_WORK,"This paper studies constructive bottom-up native growth on a static-parent substrate: it operates in a frozen-parent regime, with live parent dynamics deferred to future work, and with bidirectional inter-layer substrate flow not modelled. states these as lim…"
P044-C0004,CLAIM,P044,nonclaim,EXPLICIT_NONCLAIM,"Its primitive objects are typed audited layers, explicit quotient maps, audit and nonclaim records, and promotion gates that determine whether a proposed extension can be claimed . In ML terms, the calculus specifies what counts as evidence, what must be logg…"
P044-C0005,CLAIM,P044,nonclaim,EXPLICIT_NONCLAIM,"and relative to symbolic, neurosymbolic, and program-induction approaches , it is adjacent in seeking typed structural objects but treats them as recoveries from a fixed corpus with explicit nonclaim records rather than as programs from a search engine."
P044-C0006,CLAIM,P044,nonclaim,EXPLICIT_NONCLAIM,"In SBT terms this is an inverse-emergence regime, but the ML claim is narrower: fixed-corpus structural recovery under explicit nonclaim discipline, with runtime mechanics described in ."
P044-C0007,CLAIM,P044,nonclaim,EXPLICIT_NONCLAIM,"The bootstrap layer carries an explicit nonclaim that its strict-extension status was not audited, so downstream reports can separate the scoped starting surface from committed native layers"
P044-C0008,CLAIM,P044,result_summary,NAMED_RESULT_OR_GATE_SURFACE,"Notation: closure deficit, idempotence defect, strict-extension certificate: Three runtime objects carry the measurable status of a candidate layer. The closure-deficit statistic CD_ tau is a conditional-information residual statistic at lookahead tau that me…"
P044-C0009,CLAIM,P044,result_summary,NAMED_RESULT_OR_GATE_SURFACE,"Six-gate promotion panel: Candidate layers enter the LTM ledger through a six-gate promotion panel, not through an unconstrained score threshold. The conjunctive panel is in the spirit of verifier-based and process-supervised pipelines that license outputs on…"
P044-C0010,CLAIM,P044,result_summary,NAMED_RESULT_OR_GATE_SURFACE,"Strict-extension certificate and audited ledger: When the precondition and all six gates pass, the panel emits StrictExtCert , the strict-extension certificate: a local typed witness that records a concrete separation showing the candidate quotient does not f…"
P044-C0011,CLAIM,P044,open_problem,OPEN_PROBLEM_OR_DEFERRED_WORK,Other relation kinds are deferred to future work and appear as paper-level limitations in
P044-C0012,CLAIM,P044,result_summary,NAMED_RESULT_OR_GATE_SURFACE,Birth-pressure gate and birth-class taxonomy.: The birth-pressure gate prevents premature commits by requiring sustained unresolved structure across multiple cadence ticks; admitted proposals receive a birth-class label for the pressure pathway that made them…
P044-C0013,CLAIM,P044,result_summary,NAMED_RESULT_OR_GATE_SURFACE,"Honest fallback cap and halt verdict: The readout path is capped by the same nonclaim discipline as layer promotion . When the audited path does not produce a committed answer, for example because no current layer's quotient covers the requested microstate at…"
P044-C0014,CLAIM,P044,nonclaim,EXPLICIT_NONCLAIM,The readout path is capped by the same nonclaim discipline as layer promotion . Each verdict is paired with required nonclaim references that state what is and is not in scope
P044-C0015,CLAIM,P044,result_summary,NAMED_RESULT_OR_GATE_SURFACE,"Typed gate-failure breakdown: The rejected promotion attempts did not collapse onto a single failure mode. All 20 committed births were closure-saturation-driven, and carrier exactification passed for 1,967 of the 1,968 strict-growth evidence rows, with one r…"
P044-C0016,CLAIM,P044,nonclaim,EXPLICIT_NONCLAIM,records this runtime-approximation nonclaim.
P044-C0017,CLAIM,P044,result_summary,NAMED_RESULT_OR_GATE_SURFACE,"Halt-verdict architecture.: The halt-verdict classifier reports one of seven typed verdict classes, paired with required nonclaim references, distinguishing accepted, provisional, blocked, outside-scope, failed-audit, absent-with-record, and below-threshold o…"
P044-C0018,CLAIM,P044,scope_boundary,SCOPE_OR_LIMITATION_RECORD,"Discussion and Limitations: The runtime models a frozen-parent regime: parent layers are committed once and not subsequently updated, and bidirectional inter-layer substrate flow is not modelled. Both halves are deferred to future work as a joint pair, becaus…"
P044-C0019,CLAIM,P044,open_problem,OPEN_PROBLEM_OR_DEFERRED_WORK,"Both halves are deferred to future work as a joint pair, because unfreezing parents without bidirectional flow models a half-loop no published characterization covers, with the underlying causation/enablement distinction following"
P044-C0020,CLAIM,P044,open_problem,OPEN_PROBLEM_OR_DEFERRED_WORK,"the deferred parent-dynamics and bidirectional-flow halves of the framework remain as joint future work, and this paper does not claim either half in isolation."
P044-C0021,CLAIM,P044,definition,DEFINITION,"Closure-package layer: A typed audited layer is a pair Tlayer i =(Xspace i , i ), where Xspace i is a finite microstate space and i :Xspace i →Xspace i is an idempotent self-map, i i = i . The induced equivalence relation on Xspace i identifies two microstate…"
P044-C0022,CLAIM,P044,definition,DEFINITION,"Closure-deficit statistic: Given a layer Tlayer i and a declared lookahead tau , the closure-deficit statistic CD_ tau is the conditional-information residual measuring how much next- tau -token structure on Xspace i remains unresolved by the quotient map i .…"
P044-C0023,CLAIM,P044,definition,DEFINITION,"Idempotence/self-consistency defect: Given a layer Tlayer i , lookahead tau , and readout f , the idempotence/self-consistency defect delta_ tau,f is the empirical fixed-point gap measuring deviation from i i = i on observed data through f . A typical estimat…"
P044-C0024,CLAIM,P044,definition,DEFINITION,"Strict extension: Let q_i(s)= i (s) denote the parent quotient representative for a parent layer Tlayer i , and let q_ i+1 denote the candidate quotient evaluated on the same observed support through the declared candidate lift into Xspace i+1 . A candidate l…"
P013-C0001,CLAIM,P013,paper_thesis,PAPER_STATED_COMPOSITE_RESULT,"Repeated interaction routinely produces structure absent from the one-shot game: reputations, norms, conventions, and other institutions. The problem is to say what this structure is, when the bare game predicts play, and where the extra structure comes from.…"
P013-C0002,CLAIM,P013,nonclaim,EXPLICIT_NONCLAIM,"broader framework theorems are imported and cited, not re-proved here."
P013-C0003,CLAIM,P013,scope_boundary,SCOPE_OR_LIMITATION_RECORD,"Claims are scoped to the declared finite carrier, declared run families and protocols, and analyzed dataset"
P013-C0004,CLAIM,P013,open_problem,OPEN_PROBLEM_OR_DEFERRED_WORK,"The precise novelty conjunction is deferred to , after the carrier, run-layer, and data results are on the table."
P013-C0005,CLAIM,P013,open_problem,OPEN_PROBLEM_OR_DEFERRED_WORK,the artifact and reproducibility map is deferred to .
P013-C0006,CLAIM,P013,result_summary,NAMED_RESULT_OR_GATE_SURFACE,"The canonical institution and its information cost: The preceding sections defined what the stage layer can see and how to price its predictive failure. This section identifies the missing object and then, in the next subsection, records the exact price of om…"
P013-C0007,CLAIM,P013,proposition,THEOREM_GRADE,"Carrier non-definability of the institution: On the declared finite repeated-game carrier, with the frozen rule catalog, prior, stage lenses, and future-observation catalog, the predictive quotient M strictly refines the current quotient Q at the richest stag…"
P013-C0008,CLAIM,P013,proposition,NEGATIVE_RESULT_THEOREM,"Stage-lens obstruction: On the declared finite carrier, the closure deficit CD Pi tau of the stage lenses is positive at every declared stage-lens round and horizon. Equivalently, every relevant stage package has a fiber in which histories agree on the curren…"
P013-C0009,CLAIM,P013,proposition,THEOREM_GRADE,"Deterministic-substrate identity: On the declared carrier, the ordered rule pair and current public history determine all future play under the declared continuations. Hence H(Y^+_ t,tau X_t)=0 and CD Pi tau =H(Y^+_ t,tau Y_t^Pi)."
P013-C0010,CLAIM,P013,proposition,THEOREM_GRADE,"Exact gap–residual decomposition: Let K^ be the closed base law, the best autonomous stage-vocabulary kernel P(Y^+_ t,tau Y_t^Pi) , and let the canonical institution M refine the stage package. On the declared carrier, CD Pi tau =Gap Pi tau +ResidualEnt Pi ta…"
P013-C0011,CLAIM,P013,proposition,THEOREM_GRADE,"Formation/formed dichotomy: For the time-indexed institutional package whose state at round t is the M -class of the history, the declared carrier has two exact regimes. In the formation regime, at earlier rounds, predictive sufficiency and autonomy are incom…"
P013-C0012,CLAIM,P013,result_summary,NAMED_RESULT_OR_GATE_SURFACE,"Stability, forcing, memory, and selection: The primary results identify the institutional state and price the stage layer's failure to close. The secondary results ask four further questions: whether that state is stable under refinement, whether it can becom…"
P013-C0013,CLAIM,P013,proposition,THEOREM_GRADE,"Saturation fixed point: On the declared carrier, the iteration of E from the stage partition reaches a fixed point P_ . The fixed point is idempotent, E(P_ )=P_ , and it coincides at the declared loci with the predictive quotient M used in . Thus the canonica…"
P013-C0014,CLAIM,P013,proposition,THEOREM_GRADE,"Washout mechanism for static switch templates: For the tested label-feedback extensions with a per-path-static public label and base-independent post-switch behavior, the common-history predictive partition induced by the extension coincides with the matched…"
P013-C0015,CLAIM,P013,proposition,THEOREM_GRADE,"Material forcing by live resettable labels: There is a declared label-feedback extension on the carrier in which a resettable, non-stage-definable public label is read by live reactive strategies and creates strict common-history predictive refinement. Histor…"
P013-C0016,CLAIM,P013,nonclaim,EXPLICIT_NONCLAIM,It does not assert universal forcing.
P013-C0017,CLAIM,P013,proposition,THEOREM_GRADE,"Loop asymmetry on the carrier: On the declared memory-one carrier, there exist pairs of intervention loops from the same source history that are equal in the current quotient Q after removal but differ in the predictive quotient M . Thus the carrier has curre…"
P013-C0018,CLAIM,P013,proposition,THEOREM_GRADE,"Coercion-null and probe-memory contrast: On the declared carrier, two fully forced loops from the same source history that share the same final forced profile leave the same post-removal predictive state whenever their current observations agree. By contrast,…"
P013-C0019,CLAIM,P013,proposition,THEOREM_GRADE,"Noisy-carrier triage verdict: On the declared positive-noise carrier and tested noise grid, the two-sided coercion-null result survives exactly. One-sided probe witnesses still exist, but their density collapses sharply relative to the deterministic carrier.…"
P013-C0020,CLAIM,P013,proposition,THEOREM_GRADE,"Selection non-descent: On the declared carrier, including the symmetric coordination game, there are histories with the same stage observation under the richest stage lens but with different exact posterior distributions over conventions. The convention distr…"
P013-C0021,CLAIM,P013,proposition,NEGATIVE_RESULT_THEOREM,"Self-dual locus and the corrected obstruction: On the declared carrier, action relabeling is an involution of the rule catalog and sends (R,S,T,P) to (P,T,S,R) . Hence it fixes the game exactly when R=P and S=T . At the self-dual coordination table used in th…"
P013-C0022,CLAIM,P013,proposition,THEOREM_GRADE,"Same-layer selection away from self-duality: Along the declared one-parameter path of coordination games crossing the self-dual point, exact carrier computations give a sign-switching selector: one convention is selected on one side of the payoff asymmetry, t…"
P013-C0023,CLAIM,P013,proposition,THEOREM_GRADE,"Breaker at self-duality: At the self-dual table, a declared asymmetric import, implemented as a prior tilt toward one convention's supporting rule pairs, shifts the exact convention distribution toward that convention. The shift is quantified against the size…"
P013-C0024,CLAIM,P013,result_summary,NAMED_RESULT_OR_GATE_SURFACE,"The promotion certificate: The previous subsections describe what the institutional state does. The last question is whether it is admissible as a promoted layer object, rather than a modeler's relabeling of the old stage vocabulary. The imported promotion st…"
P013-C0025,CLAIM,P013,proposition,THEOREM_GRADE,"Promotion certificate: On the declared carrier, the canonical institutional package M=P_ passes all eight imported promotion gates. The strictness gate passes in the strict sense: the promoted refinement has a nonempty factorization defect relative to the sta…"
P013-C0026,CLAIM,P013,result_summary,NAMED_RESULT_OR_GATE_SURFACE,"The strict-extension certificate: A certificate, in the sense used here, is a finite package of obligations and evidence. It is meant to prevent a higher-level object from being accepted merely because it has been renamed. The imported strict-extension framew…"
P013-C0027,CLAIM,P013,proposition,THEOREM_GRADE,"Strict-extension certificate on the declared carrier: On the declared finite carrier, the canonical institutional state M=P_ is a certified strict extension of the stage game. The closed base law and exact price are supplied by ; non-factorization is supplied…"
P013-C0028,CLAIM,P013,result_summary,NAMED_RESULT_OR_GATE_SURFACE,Contribution: The anti-relabeling ledger is part of the result. This paper does not claim the predictive-state or causal-state quotient construction as new; that is a standard way to summarize a process by its predictive consequences . It does not claim the c…
P013-C0029,CLAIM,P013,nonclaim,EXPLICIT_NONCLAIM,"This paper does not claim the predictive-state or causal-state quotient construction as new It does not claim the closure-deficit identity, or the optimality of the best autonomous macro-predictor, as new It does not claim the strict-extension, saturation, or…"
P013-C0030,CLAIM,P013,open_problem,OPEN_PROBLEM_OR_DEFERRED_WORK,"Discussion, scope, and outlook"
P013-C0031,CLAIM,P013,scope_boundary,SCOPE_OR_LIMITATION_RECORD,"Scope and limitations.: The exact results in this paper live on a specific finite carrier: a memory-one reactive-rule catalog, two main payoff families, a uniform prior, and declared lenses, rounds, horizons, and extensions. Their highest grade is theorem-gra…"
P013-C0032,CLAIM,P013,open_problem,OPEN_PROBLEM_OR_DEFERRED_WORK,Outlook.
P013-C0033,CLAIM,P013,open_problem,OPEN_PROBLEM_OR_DEFERRED_WORK,"Outlook.: The most direct next construction is a within-agent learning or acquisition carrier, in which the individual agent is treated as a carrier object in the sense of the Six Birds treatment of agency . The failed crystallization bridge in shows that exp…"
P013-C0034,CLAIM,P013,prose_definition,PROSE_DEFINITION_SECTION,"Carrier definitions and gate predicates: This appendix fixes the formal objects used in the body. The predictive-state, closure-deficit, and promotion-gate definitions are the standard imported objects cited in the body; the carrier-specific instances below a…"
P013-C0035,CLAIM,P013,prose_definition,PROSE_DEFINITION_SECTION,"Definitions: A stage game g is a declared two-player 2×2 game with action sets Act_i=\ C,D\ , joint-profile set Omega=Act_1×Act_2=\ CC,CD,DC,DD\ , and exact rational payoff map u_g:Omega→ Q^2 . A deterministic memory-one reactive rule is r=(alpha,r_ CC ,r_ CD…"
P013-C0036,CLAIM,P013,result_summary,NAMED_RESULT_OR_GATE_SURFACE,"Gate predicates: The promotion gates used in are imported from the promotion framework . On this carrier they are applied to the candidate promoted object M=P_ . The promotion claim must be a typed record: the old vocabulary, proposed new vocabulary, comparis…"
P013-C0037,CLAIM,P013,open_problem,OPEN_PROBLEM_OR_DEFERRED_WORK,The detailed per-claim evidence table is deferred to .
P013-C0038,CLAIM,P013,scope_boundary,SCOPE_OR_LIMITATION_RECORD,Consolidated nonclaims and notation summary: This appendix collects two reader-facing reference items: the main scope boundaries of the manuscript and a compact summary of recurring notation. It introduces no new results.
P013-C0039,CLAIM,P013,scope_boundary,SCOPE_OR_LIMITATION_RECORD,"Consolidated nonclaims: [label= .,leftmargin=*] The exact carrier results are scoped to the declared finite carrier: the memory-one reactive catalog, the two payoff families, the uniform prior, and the declared lenses, rounds, horizons, and extensions. They a…"
P018-C0001,CLAIM,P018,paper_thesis,PAPER_STATED_COMPOSITE_RESULT,"Six Birds Theory has produced three landed Clay-class conditional closures: Navier–Stokes regularity, the Riemann Hypothesis, and P vs NP, each under the SB closure assumption of Foundations I. This paper does not re-prove those substrate results. It extracts…"
P018-C0002,CLAIM,P018,nonclaim,EXPLICIT_NONCLAIM,"The scope is deliberately limited: BSD and Hodge are out of scope except as future work or prediction, and no substrate closure is strengthened here to a standard-ZFC unconditional claim."
P018-C0003,CLAIM,P018,open_problem,OPEN_PROBLEM_OR_DEFERRED_WORK,"The scope is deliberately limited: BSD and Hodge are out of scope except as future work or prediction, and no substrate closure is strengthened here to a standard-ZFC unconditional claim."
P018-C0004,CLAIM,P018,scope_boundary,SCOPE_OR_LIMITATION_RECORD,"The scope is deliberately limited: BSD and Hodge are out of scope except as future work or prediction, and no substrate closure is strengthened here to a standard-ZFC unconditional claim."
P018-C0005,CLAIM,P018,nonclaim,EXPLICIT_NONCLAIM,It is modest because it does not claim new unconditional results about the Clay problems.
P018-C0006,CLAIM,P018,nonclaim,EXPLICIT_NONCLAIM,The paper does not claim that the space of mathematical ideas is finite.
P018-C0007,CLAIM,P018,open_problem,OPEN_PROBLEM_OR_DEFERRED_WORK,"A closure formation is the background act of organizing an open problem, its admissible source material, and the claimed closure event inside one formal setting. A formed Six Birds closure is therefore a formal closure of an open problem in which the closure…"
P018-C0008,CLAIM,P018,definition,DEFINITION,"Carrier residual: For the purposes of this paper, the carrier's adequacy residual Xi_C(D L) is the Paper 1 obstruction-residual measure of a typed carrier C against its accepted-imports base, meaning the external mathematical material licensed for that carrie…"
P018-C0009,CLAIM,P018,nonclaim,EXPLICIT_NONCLAIM,Here SelfAuditFail(C) abbreviates the Foundations III audit alternatives C 's same-level audit being outside scope or undefined-circular.
P018-C0010,CLAIM,P018,definition,DEFINITION,"Typed primary carrier: A typed primary carrier aimed at X is the carrier-level datum introduced in S : an attempted proof construction whose type signature targets the conjecture X , carries the residual Xi_C(D L) from , and comes equipped with the accepted-i…"
P018-C0011,CLAIM,P018,definition,DEFINITION,"Four typed carrier states: For a typed primary carrier C aimed at X , the four Part I states are the following. The non- X -equivalent\ state says that the residual closure of C is logically equivalent to some conjectural content X' distinct from X . The thre…"
P018-C0012,CLAIM,P018,definition,DEFINITION,"Coverage context: Fix a target conjecture X and an accepted-imports base B:Prop→Prop with import soundness. A coverage context for (X, B) , denoted CoverageCtx(X,C) when the typed carrier under audit is C , is an opaque admissibility predicate marking the aud…"
P018-C0013,CLAIM,P018,theorem,THEOREM_GRADE,"Carrier Dichotomy: Let B:Prop→Prop be an accepted-imports base, and assume import soundness Y.\ B(Y) implies Y . Let X be an open target conjecture and let C be a typed primary carrier satisfying C X, C -context discipline, CoverageCtx(X,C). Then the carrier…"
P018-C0014,CLAIM,P018,definition,DEFINITION,"Carrier-side typed bridge: A carrier-side typed bridge\ is a typed transport object used in the Part I carrier audit: it is directed from a carrier-side comparison context toward the target-side carrier data, and its composition with the original carrier is p…"
P018-C0015,CLAIM,P018,definition,DEFINITION,"X -strength obligation: An X -strength obligation\ is the obligation carried by a bridge whose composition with a non- X -equivalent carrier produces an X -equivalent composite. In standard terms, the bridge is no longer merely a change of presentation; it mu…"
P018-C0016,CLAIM,P018,corollary,NEGATIVE_RESULT_THEOREM,"Bridge Impossibility: Let B be a sound accepted-imports base. Let C be a non- X -equivalent\ typed primary carrier with R_C=0 . Let B be a carrier-side typed bridge, and let C_B be a typed composite carrier such that BridgeComp_X(B,C,C_B), R_ C_B =0, (R_ C_B…"
P018-C0017,CLAIM,P018,nonclaim,EXPLICIT_NONCLAIM,"It is not a general no-go theorem for external proof methods, and it does not claim that every mathematical bridge into X is impossible."
P018-C0018,CLAIM,P018,schema,SCHEMA,"Coverage Theorem: Let X be an open target conjecture, and let C be a typed primary carrier aimed at X under the typed-context discipline. Assume C lies in an admissible coverage context for X . Then the four typed states are exhaustive: C is non- X -equivalen…"
P018-C0019,CLAIM,P018,theorem,THEOREM_GRADE,"Type-Finite Foreclosure: Let X be an open target conjecture, and let C range over typed primary carriers aimed at X under the typed-context discipline\ and an admissible coverage context. Then the carrier-state door-space is type-finite: every such C is class…"
P018-C0020,CLAIM,P018,definition,DEFINITION,"Framework-scope predicate: For a target conjecture X , the framework-scope predicate InScope(X) marks X as a target to which the framework-internal-move audit applies. The predicate is treated as primitive in the body."
P018-C0021,CLAIM,P018,schema,SCHEMA,"Attack Foreclosure v4: Let X be a target conjecture in framework scope. Let m be a framework-internal move, where m∈\ carrier pivot,bridge import, cascade-internal computation\ . Then m does not advance X without importing external mathematical content: InSco…"
P018-C0022,CLAIM,P018,theorem,THEOREM_GRADE,"CTMT Recursion: For any target X and typed primary carrier C , the CRE-CTMT \ state admits a depth-indexed recursion tower. The base case is the depth- 1 tower: C is in CRE-CTMT \ exactly when C has a one-level matrix-element terminus. If C 's cascade reduces…"
P018-C0023,CLAIM,P018,open_problem,OPEN_PROBLEM_OR_DEFERRED_WORK,a track-independent depth bound is an open problem in .
P018-C0024,CLAIM,P018,definition,DEFINITION,"V-Differential trace-state-only column: A substrate lies in the V-Differential trace-state-only column\ when the load-bearing witness for closure is not exposed as a direct witness object by the problem, but is instead available through trace-state evidence t…"
P018-C0025,CLAIM,P018,definition,DEFINITION,"Template-applies predicate: For a substrate c , a target X , and the seven-stage template T , the predicate Applies(c,X,T) marks (c,X) as a pair on which the template's seven-stage audit succeeds. The predicate is treated as primitive in the body."
P018-C0026,CLAIM,P018,schema,SCHEMA,"Recognition-Mode Template Applicability: Let c be a formed Six Birds closure and let X be its target statement. Suppose V-Differential trace-state-only column(c), SBClosure(c), T:7Stage(c,X), Applies(c,X,T). Then the closure lands at theorem-grade: TheoremGra…"
P018-C0027,CLAIM,P018,result_summary,NAMED_RESULT_OR_GATE_SURFACE,"Cross-track verdict signature: Stage 6 (three-option derivation sweep)\ is the template's stress test for derivation routes. The formed closure is run against three independent options, each asking whether the load-bearing source can be obtained without invok…"
P018-C0028,CLAIM,P018,definition,DEFINITION,Three-option derivation sweep: The three-option derivation sweep is the Stage-6 sub-procedure that runs a trace-state-only closure attempt against three options. The framework-primitive option\ asks whether the closure is reachable by framework-primitive desc…
P018-C0029,CLAIM,P018,schema,SCHEMA,"Cross-Track Verdict Signature: Let c be a formed closure in the V-Differential trace-state-only column, let X be its target, and let T:7Stage(c,X) satisfy Applies(c,X,T) . Then the Stage 6 verdict reader for the two verified cross-track instances satisfies v_…"
P018-C0030,CLAIM,P018,definition,DEFINITION,"Load-bearing predicate: For a structural content s , a substrate c , and a target X , the predicate LoadBearingFor(s,c,X) marks s as load-bearing for the closure of X on c , that is, s is what closure formation must accept as named recognition in order to lan…"
P018-C0031,CLAIM,P018,schema,SCHEMA,"Closure-Content Thesis: Let c be a formed closure whose substrate lies in the V-Differential trace-state-only column, and let X be its target statement. The load-bearing structural content needed for c to close X is formed-layer closure content per Foundation…"
P018-C0032,CLAIM,P018,schema,SCHEMA,"Attack Foreclosure v5: Let X be a target in framework scope, and let c be a formed closure whose substrate lies in the V-Differential trace-state-only column\ under the SB closure assumption. Then the v5 refinement has the following three-conjunct form: m. De…"
P018-C0033,CLAIM,P018,nonclaim,EXPLICIT_NONCLAIM,"the validation rows in record the PvNP and RH instances that motivate the chain, while theorem-grade universal lifting remains outside the scope of this section."
P018-C0034,CLAIM,P018,nonclaim,EXPLICIT_NONCLAIM,"We do not restate any substrate theorem, and we do not claim derivation responsibility for any Clay-class result in this paper."
P018-C0035,CLAIM,P018,nonclaim,EXPLICIT_NONCLAIM,"This row is included by citation only: the substrate theorem is not restated here, and this paper does not claim derivation responsibility for the Navier–Stokes landing."
P018-C0036,CLAIM,P018,nonclaim,EXPLICIT_NONCLAIM,"This row is cited as substrate evidence only: the substrate theorem is not restated here, and this paper does not claim derivation responsibility for the RH landing."
P018-C0037,CLAIM,P018,nonclaim,EXPLICIT_NONCLAIM,"As in the other validation rows, this is citation-only evidence: the substrate theorem is not restated here, and this paper does not claim derivation responsibility for the PvNP landing."
P018-C0038,CLAIM,P018,definition,DEFINITION,"Calibration: A calibration is a record consisting of a name, a detector class, and a native carrier type. The name identifies the calibration in the family; the detector class states what kind of obstruction it reads; and the native carrier type states the ma…"
P018-C0039,CLAIM,P018,theorem,THEOREM_GRADE,"Calibration-Family Structure: There is a non-descending typed calibration family with a thirteen-entry seed catalog. Each seed entry is a calibration in the sense of , and the seed is open-ended: the framework may adjoin further typed calibrations without cha…"
P018-C0040,CLAIM,P018,prose_definition,PROSE_DEFINITION,"Define C_0 to be the thirteen records displayed in . Each entry has the three fields of : a name, a detector class, and a native carrier type. Thus every listed row is a well-typed calibration record. By direct enumeration of the list, there are thirteen entr…"
P018-C0041,CLAIM,P018,definition,DEFINITION,"Calibration four-axis profile: The four-axis calibration profile of a calibration consists of its algebraic identities, detector class, descent invariants, and carrier orientation. A candidate calibration is a rebadge of an existing calibration when the two p…"
P018-C0042,CLAIM,P018,theorem,THEOREM_GRADE,"Rebadge Discipline: Within a calibration family, a candidate calibration is genuinely new if and only if, for every existing family member, it differs on at least one axis of the four-axis calibration profile. Equivalently, a candidate matching an existing me…"
P018-C0043,CLAIM,P018,definition,DEFINITION,"Calibration-side typed bridge: A calibration-side typed bridge is a directed typed transport between two calibrations. It has a source calibration, a target calibration, and a bridge kind indicating whether the transport is a basis-change identity or substant…"
P018-C0044,CLAIM,P018,definition,DEFINITION,"Calibration-bridge kind dichotomy: The kind of a calibration-side typed bridge has exactly two possibilities: a basis-change kind, which identifies two presentations of the same detector-and-carrier content, and a substantive kind, which asserts a nontrivial…"
P018-C0045,CLAIM,P018,theorem,THEOREM_GRADE,"Bridges-as-Theorems: Every calibration-side typed bridge between calibrations is either a basis-change identity or a substantive theorem. Free amalgamation between calibrations, in which two calibrations are merely placed side by side without a typed relation…"
P018-C0046,CLAIM,P018,definition,DEFINITION,"Calibration-bridge reversal: Given a calibration-side typed bridge B with source S and target T , its formal reversal is the bridge record obtained by swapping the source and target fields. Symmetry is the stronger condition that the original bridge and its r…"
P018-C0047,CLAIM,P018,theorem,THEOREM_GRADE,"Bridge Type-Direction: Calibration-side typed bridges carry a directed source-to-target type signature. For a bridge B with source S and target T , the bridge is symmetric with its reversal if and only if S=T . In particular, when S T , the existence of a typ…"
P018-C0048,CLAIM,P018,theorem,THEOREM_GRADE,"Coverage-Family Geometry: The calibration-family coverage union has the following typed geometry. The bounded-depth, low-degree, stable-local, query, topological, and low-Nullstellensatz-degree carrier regions lie inside the family coverage. The NC ^ 1 , NC ^…"
P018-C0049,CLAIM,P018,definition,DEFINITION,"Framework-type: A framework-type is a four-axis record consisting of uniformity, worst-caseness, scoping, and packaging. On the P versus NP track, the cascade framework-type is nonuniform, average-case, scoped, and package-based. The standard Clay target fram…"
P018-C0050,CLAIM,P018,theorem,CONDITIONAL_THEOREM,"Framework-Type Self-Characterization: For the P versus NP substrate, the cascade framework-type does not match the standard Clay target framework-type. Concretely, the nonuniform / average-case / scoped / package-based framework type differs from the uniform…"
P018-C0051,CLAIM,P018,schema,CALIBRATION_ANCHORED_SCHEMA,"Framework-general candidate: Beyond the PvNP-specific mismatch of , the framework-general candidate asserts that for every Clay-class substrate lying in the V-Differential trace-state-only column, the cascade framework-type and the standard Clay target framew…"
P018-C0052,CLAIM,P018,definition,DEFINITION,"Named functorial gate: A named functorial gate consists of a name, a typed source, a typed target, a direction, and a stated theorem obligation. It is a typed bridge-as-content: the gate does not assert that the transport has been supplied, but records exactl…"
P018-C0053,CLAIM,P018,theorem,THEOREM_GRADE,"Named Functorial Gates: The named functorial gates catalog is a typed-deposit species consisting of the three gates listed in Table . Each gate is parameterized by typed source, typed target, direction, and stated theorem obligation. The catalog is the specie…"
P018-C0054,CLAIM,P018,prose_definition,PROSE_DEFINITION,"Define G_ named to be the three records in . Each record has the five fields in : name, source, target, direction, and theorem obligation. Inspection of the displayed catalog gives exactly three entries, so | G_ named |=3. Moreover, each displayed row has a n…"
P018-C0055,CLAIM,P018,open_problem,OPEN_PROBLEM_OR_DEFERRED_WORK,"Predictions and open problems: This section records predictions and open problems only. None of the paragraphs below is used as evidence for the formal statements of Parts I–III, and none is a claim that a missing substrate landing has already been supplied.…"
P018-C0056,CLAIM,P018,scope_boundary,SCOPE_OR_LIMITATION_RECORD,"Conditional on a future Hodge cascade satisfying that column-membership prediction, the recognition-mode landing template of should apply with structurally identical seven-stage shape."
P018-C0057,CLAIM,P018,nonclaim,EXPLICIT_NONCLAIM,"It does not assert a Hodge closure, and it does not assert that the needed recognition source has already been named."
P018-C0058,CLAIM,P018,open_problem,OPEN_PROBLEM_OR_DEFERRED_WORK,"The open question is whether a future Yang–Mills cascade should be expected to behave like a trace-state-only substrate, like a witness-content-exposing substrate, or like a new column not yet represented in the current V-Differential split."
P018-C0059,CLAIM,P018,result_summary,NAMED_RESULT_OR_GATE_SURFACE,"Theorem-grade lifting of the Part II schemas: Lifting the four Part II schemas to theorem-grade across the framework requires two future inputs: (a) a third-instance substrate landing on a V-Differential trace-state-only substrate beyond PvNP and RH, with Hod…"
P018-C0060,CLAIM,P018,open_problem,OPEN_PROBLEM_OR_DEFERRED_WORK,This lifting problem is the main open problem left by Part II.
P018-C0061,CLAIM,P018,open_problem,OPEN_PROBLEM_OR_DEFERRED_WORK,The open problem is to identify a substrate-independent invariant that would bound CTMT depth across cascades.
P018-C0062,CLAIM,P018,open_problem,OPEN_PROBLEM_OR_DEFERRED_WORK,"Until such an invariant is found, CTMT depth remains an open problem."
P018-C0063,CLAIM,P018,scope_boundary,SCOPE_OR_LIMITATION_RECORD,"Nonclaims register: This final section is the paper's binding nonclaim register. It collects the exclusions and honesty caveats that govern the earlier sections: what substrate material is out of scope, which claims remain conditional under the SB closure ass…"
P018-C0064,CLAIM,P018,open_problem,OPEN_PROBLEM_OR_DEFERRED_WORK,"It collects the exclusions and honesty caveats that govern the earlier sections: what substrate material is out of scope, which claims remain conditional under the SB closure assumption, which recognition sources are imported rather than derived, and which un…"
P018-C0065,CLAIM,P018,open_problem,OPEN_PROBLEM_OR_DEFERRED_WORK,BSD has no landed substrate paper in the Tsiokos corpus and is left to future work.
P018-C0066,CLAIM,P018,open_problem,OPEN_PROBLEM_OR_DEFERRED_WORK,BSD has no landed substrate paper in the Tsiokos corpus and is left to future work.
P018-C0067,CLAIM,P018,result_summary,NAMED_RESULT_OR_GATE_SURFACE,"Hodge prediction only: Hodge has no landed substrate paper in the present corpus. It is retained only as a structural prediction: the Hodge substrate is conjectured to lie in the V-Differential trace-state-only column, so the recognition-mode landing template…"
P018-C0068,CLAIM,P018,nonclaim,EXPLICIT_NONCLAIM,"Accordingly, this paper does not claim that Hodge is established, that Hodge already satisfies the recognition-mode template, or that a Hodge recognition source has been supplied."
P018-C0069,CLAIM,P018,nonclaim,EXPLICIT_NONCLAIM,"The meta-math paper does not strengthen any substrate landing to standard-ZFC-unconditional status, and it does not claim that the substrate landings are standard-ZFC-unconditional."
P018-C0070,CLAIM,P018,result_summary,NAMED_RESULT_OR_GATE_SURFACE,Non-Descending Translation folded into Part III: The original Non-Descending Translation meta-theorem motivated the calibration-family apparatus historically; its translation/handoff content has been folded into Part III as the structural background for the n…
P018-C0071,CLAIM,P018,result_summary,NAMED_RESULT_OR_GATE_SURFACE,Opaque sweep-verdict.: The sweep-verdict function assigns a verdict to each of the three Stage-6 sweep options. It is opaque so that the (ii)/(iii)/(ii) signature is not merely the result of a definition that hard-codes the desired answers. The obligation mus…
P018-C0072,CLAIM,P018,result_summary,NAMED_RESULT_OR_GATE_SURFACE,"T3 Coverage Theorem.: The T3 coverage axiom asserts the central four-state exhaustiveness claim: every admissible typed primary carrier aimed at X lies in at least one of the states non- X -equivalent , CRE-TE , CRE-BF , or CRE-CTMT . It is recorded as an obl…"
P018-C0073,CLAIM,P018,result_summary,NAMED_RESULT_OR_GATE_SURFACE,"T8 Cross-Track Verdict Signature.: The T8 verdict-signature axiom asserts the Stage-6 (ii)/(iii)/(ii) signature for the three sweep options: framework-primitive, SAU non-descent, and V-Differential elevation. It is recorded as an obligation because the verdic…"
P019-C0001,CLAIM,P019,paper_thesis,PAPER_STATED_COMPOSITE_RESULT,"This paper proves a conditional separation between P and NP inside Six Birds Theory, a typed framework for closure formation in mathematical structures. For SAT, the framework supplies a saturated SAT layer — a typed carrier of polynomial-time SAT computation…"
P019-C0002,CLAIM,P019,nonclaim,EXPLICIT_NONCLAIM,"The paper does not claim an unconditional standard-ZFC separation of P and NP , derivability of from framework primitives, circumvention of the classical barriers in their native senses, absolute irremovability of , or any AOR claim outside the stated formed-…"
P019-C0003,CLAIM,P019,scope_boundary,SCOPE_OR_LIMITATION_RECORD,"For a reader already working inside Six Birds Theory, the paper proves a framework-relative judgment: under the standard closure assumption of Foundations I, and conditional on a specified structural recognition source, the internal predicates P^ SB and NP^ S…"
P019-C0004,CLAIM,P019,nonclaim,EXPLICIT_NONCLAIM,"It does not prove an unconditional standard-ZFC separation of P from NP . Finally, the paper does not claim that Gamma_ csl-sat-hidden follows from the framework primitives. The Class-B barrier theorem also has its own scope: it does not prove absolute irremo…"
P019-C0005,CLAIM,P019,definition,DEFINITION,"Audited SAT shell: The audited SAT shell S_ aud ^ SAT is the finite-stage typed state record for the SAT construction. A point of S_ aud ^ SAT is a tuple s=(K_ poly ,Inst,sigma_ L , , pkg,Audit,beta), where: K_ poly is the declared polynomial-time machine cla…"
P019-C0006,CLAIM,P019,definition,DEFINITION,"SAT history carrier: The SAT history carrier H^ ! _ SAT is the all-input, machine-indexed collection of SAT histories generated over the audited SAT shells. At finite stage N , a history in HsatN N is a finite typed trace h=( ,e,p_ e ,I_ e ,trace_ Q , sigma_…"
P019-C0007,CLAIM,P019,definition,DEFINITION,"Saturated SAT layer: The saturated SAT layer T^ ! _ SAT is the aggregate typed bookkeeping object T^ ! _ SAT = (S_ aud ^ SAT ,H^ ! _ SAT ,E^ ! _ Q ,E^ ! _ M ,Q^ ! _ SAT ,M^ ! _ SAT ,pi^ ! , Audit^ ! ). Its components are the audited shell S_ aud ^ SAT , the S…"
P019-C0008,CLAIM,P019,nonclaim,EXPLICIT_NONCLAIM,"It does not assert hiddenness, non-currentization, or any separation of complexity classes."
P019-C0009,CLAIM,P019,definition,DEFINITION,"Lawful polynomial-time current instrument: The lawful polynomial-time current instrument I_ poly is the typed instrument on T^ ! _ SAT consisting of: the machine class admitted by the audited shell S_ aud ^ SAT , namely the deterministic polynomial-time trans…"
P019-C0010,CLAIM,P019,definition,DEFINITION,"Lawfulness discipline: A candidate current observable on H^ ! _ SAT is lawful when it satisfies the following five clauses. Machine indexing. The observable is realized by a declared deterministic polynomial-time transducer drawn from K_ poly , with an associ…"
P019-C0011,CLAIM,P019,definition,DEFINITION,Saturated current-observable family: The saturated current-observable family E^ ! _ Q is the family of all lawful polynomial-time current observables on the SAT history carrier: E^ ! _ Q = \ f:H^ ! _ SAT → Y f is a lawful polynomial-time current observable \…
P019-C0012,CLAIM,P019,theorem,THEOREM_GRADE,"Closure properties of E^ ! _ Q: The saturated current-observable family E^ ! _ Q has the following closure properties. Post-processing. If f∈E^ ! _ Q has codomain Y , and g:Y→ Z is a deterministic polynomial-time function with a declared polynomial budget in…"
P019-C0013,CLAIM,P019,definition,DEFINITION,Saturated current quotient: Define the current setoid _ Q on H^ ! _ SAT by h_ 1 _ Q h_ 2 Longleftrightarrow f(h_ 1 )=f(h_ 2 ) for every f∈E^ ! _ Q . The saturated current quotient is Q^ ! _ SAT =H^ ! _ SAT / _ Q .
P019-C0014,CLAIM,P019,definition,DEFINITION,"Saturated predictive quotient: Let E^ ! _ M be the predictive-side analog of E^ ! _ Q : the family of lawful polynomial-time observables admitted under the predictive visibility lens, which may read the continuation-side or witness-side projections of SAT his…"
P019-C0015,CLAIM,P019,definition,DEFINITION,"Comparison map: Every current observable is, in particular, a predictive observable that ignores the continuation-side and witness-side fields. Hence the predictive setoid refines the current setoid: h_ 1 _ M h_ 2 implies h_ 1 _ Q h_ 2 . The identity map on H…"
P019-C0016,CLAIM,P019,definition,DEFINITION,"Autonomous lift Omega_ SAT: The autonomous lift Omega_ SAT on the saturated SAT layer is the deterministic-policy record consisting of: a SAT-specific lift-state space, whose elements encode the internal state of the autonomous policy as it generates SAT hist…"
P019-C0017,CLAIM,P019,definition,DEFINITION,"Instrument-relative visibility map: The instrument-relative visibility map Vis^ ! is the typed map Vis^ ! : (Omega_ SAT -states)×H^ ! _ SAT VisData, which sends a lift state and a SAT history to the visibility data exposed by the instrument's selected lens. T…"
P019-C0018,CLAIM,P019,definition,DEFINITION,"Decision currentization: Decision currentization, written Currentize^ dec _ Q (SAT) , holds when there exists a current observable f∈E^ ! _ Q such that for every encoded SAT instance , f(h_ )=SATbit( ). Here h_ ∈H^ ! _ SAT denotes the history of under the fix…"
P019-C0019,CLAIM,P019,definition,DEFINITION,"Witness currentization: Witness currentization, written Currentize^ wit _ Q (Omega_ SAT ) , holds when there exists a current observable g∈E^ ! _ Q such that for every encoded SAT instance , g(h_ )= omega_ SAT ( ), if is satisfiable, , if is unsatisfiable. Th…"
P019-C0020,CLAIM,P019,result_summary,NAMED_RESULT_OR_GATE_SURFACE,"Translation Theorem A: The first translation theorem identifies the framework-internal decision-currentization predicate with the standard membership predicate SAT∈ P . The forward direction uses observable saturation: a standard polynomial-time SAT decider,…"
P019-C0021,CLAIM,P019,theorem,THEOREM_GRADE,"Translation Theorem A: For the saturated SAT layer and the current instrument I_ poly , SAT∈ P Longleftrightarrow Currentize^ dec _ Q (SAT). Equivalently, SAT has a standard polynomial-time decision procedure if and only if there exists a lawful polynomial-ti…"
P019-C0022,CLAIM,P019,result_summary,NAMED_RESULT_OR_GATE_SURFACE,"Translation Theorem B: Translation Theorem B bridges decision currentization and witness currentization, showing that the two predicates are equivalent: a lawful current observable computing the SAT decision bit exists if and only if a lawful current observab…"
P019-C0023,CLAIM,P019,theorem,THEOREM_GRADE,"Translation Theorem B: For the saturated SAT layer and autonomous lift Omega_ SAT , Currentize^ dec _ Q (SAT) Longleftrightarrow Currentize^ wit _ Q (Omega_ SAT ). Equivalently, the SAT decision bit is current if and only if the canonical satisfying-witness p…"
P019-C0024,CLAIM,P019,prose_definition,PROSE_DEFINITION,"Define f=pi g . If is satisfiable, then g(h_ )=omega_ SAT ( )≠ , so f(h_ ) = pi(omega_ SAT ( )) = 1 = SATbit( ). If is unsatisfiable, then g(h_ )= , so f(h_ ) = pi( ) = 0 = SATbit( ). Thus f(h_ )=SATbit( ) for every encoded SAT instance ."
P019-C0025,CLAIM,P019,open_problem,OPEN_PROBLEM_OR_DEFERRED_WORK,"The formal carrier schema, including the typed fields used to attach the source to the saturated SAT layer, is deferred to ."
P019-C0026,CLAIM,P019,definition,DEFINITION,"Recognition source Gamma_ CSL-SAT-hidden: On the saturated SAT layer T^ ! _ SAT , under the lawful current instrument I_ poly , the recognition source Gamma_ csl-sat-hidden is the predicate Gamma_ csl-sat-hidden := Currentize^ wit _ Q (Omega_ SAT ). Here Curr…"
P019-C0027,CLAIM,P019,scope_boundary,SCOPE_OR_LIMITATION_RECORD,"The resulting contradiction gives SAT P , conditional on the structural recognition source."
P019-C0028,CLAIM,P019,theorem,CONDITIONAL_THEOREM,"Four-step contradiction: Conditional on the structural recognition source Gamma_ csl-sat-hidden , SAT P. Equivalently, in standard conditional form, Gamma_ csl-sat-hidden implies SAT P. Thus, assuming Gamma_ csl-sat-hidden is supplied as input to the construc…"
P019-C0029,CLAIM,P019,theorem,THEOREM_GRADE,"SAT is in NP: SAT∈ NP. Equivalently, SAT has the standard verifier package: a polynomial-size satisfying assignment serves as a certificate checkable in polynomial time ."
P019-C0030,CLAIM,P019,definition,DEFINITION,"BirdInt judgment for the PvNP closure: The BirdInt^ aud _ fin judgment for the PvNP closure is the four-slot framework-relative assertion BIJudgment Gamma_ csl-sat-hidden T^ ! _ SAT I_ poly P^ SB ≠ NP^ SB . The source, layer, instrument, and proposition slots…"
P019-C0031,CLAIM,P019,result_summary,NAMED_RESULT_OR_GATE_SURFACE,Theorem-grade meta-results: The Class-B analysis rests on two theorem-grade facts about the standard fixed-presentation polynomial current carrier. The first says that lawful current observables separate encoded inputs. The second says that separately lawful…
P019-C0032,CLAIM,P019,theorem,THEOREM_GRADE,"Fixed-Presentation Orbit Collapse: For the standard fixed-presentation polynomial current carrier, the common kernel of all lawful saturated current observables is the diagonal: _ F∈E^ ! _ Q (F)=Delta_ X . Equivalently, if x≠ y are distinct encoded inputs in…"
P019-C0033,CLAIM,P019,open_problem,OPEN_PROBLEM_OR_DEFERRED_WORK,"The formal inductive definition of basis generation, together with the normal-class assignment, is deferred to ."
P019-C0034,CLAIM,P019,theorem,NEGATIVE_RESULT_THEOREM,"Basis Combination Closure: Let Phi be a finite basis-generated feature of the standard fixed-presentation polynomial current carrier. Then Phi lies in one of the five normal classes Q,J,C,P,T . Moreover, the following class consequence holds. If Phi is a quot…"
P019-C0035,CLAIM,P019,theorem,THEOREM_GRADE,"Basis Exhaustiveness: Every intrinsic feature of the standard fixed-presentation polynomial current carrier is generated from B_ fix = \ Delta_X,PolyClosure(E^ ! _ Q ), TimeFilt,PresData\ by the closure operations of . Consequently, together with , every intr…"
P019-C0036,CLAIM,P019,theorem,THEOREM_GRADE,"Class-B Irremovability Core: No quotient-mediated or joint-access-mediated Class-B law on the standard fixed-presentation polynomial current carrier can prove Br^ lex _ SAT ^ ! _ Q . Equivalently, no Class-B law of either of these two mechanisms can remove Ga…"
P019-C0037,CLAIM,P019,theorem,NEGATIVE_RESULT_THEOREM,"Six Birds Class-B Irremovability, scoped form: Let L_B be a Class-B carrier-feature law of the standard fixed-presentation polynomial current carrier, analyzed against the basis B_ fix . Then at least one of the following holds: L_B cannot derive Br^ lex _ SA…"
P019-C0038,CLAIM,P019,scope_boundary,SCOPE_OR_LIMITATION_RECORD,"Conditional on pseudorandom function generators of the required strength, no such natural property proves the strong circuit lower bounds needed for P versus NP ."
P019-C0039,CLAIM,P019,scope_boundary,SCOPE_OR_LIMITATION_RECORD,The limitation is also part of the statement.
P019-C0040,CLAIM,P019,definition,DEFINITION,"The AOR instance object attached to T^ ! _ SAT: Let S_ PvNP be the SAT scope consisting of the saturated SAT layer T^ ! _ SAT , the lawful polynomial-time current instrument I_ poly , the saturated current and predictive observable families E^ ! _ Q and E^ !…"
P019-C0041,CLAIM,P019,theorem,THEOREM_GRADE,"Mechanical AOR records for the saturated SAT layer: For the scope S_ PvNP , the following records are AOR-mechanical: , , , , , , , , , , , , . The admission status is mechanical for . The ordinary polynomial-time facts carried by its operation records are ap…"
P019-C0042,CLAIM,P019,theorem,THEOREM_GRADE,"Recognition-source discharge: The recognition source Gamma_ csl-sat-hidden has primary residual type Delta_ source . Its forced secondary residual types are Delta_ target , Delta_ role , and Delta_ horizon . Its AOR-8 status is hidden : the source is read her…"
P019-C0043,CLAIM,P019,nonclaim,EXPLICIT_NONCLAIM,The nonclaim that the source is not derived inside this paper is recorded in .
P019-C0044,CLAIM,P019,theorem,THEOREM_GRADE,"Translation-interface discharge: Translation Theorems A and B have primary residual type Delta_ transport . Their forced secondary types are Delta_ role , Delta_ target , and Delta_ source . Translation A is discharged by the standard P -membership-to-current…"
P019-C0045,CLAIM,P019,theorem,THEOREM_GRADE,"Class-B scope-fence discharge: The Class-B Irremovability theorem has primary residual type Delta_ horizon . Its forced secondary types are Delta_ role , Delta_ target , and Delta_ local/global . Its status is blocked for basis-generated Class-B laws on the s…"
P019-C0046,CLAIM,P019,theorem,CONDITIONAL_THEOREM,"BirdInt package discharge: The four-step contradiction chain and the BirdInt^ aud _ fin judgment of have primary residual type Delta_ role . Their forced secondary types are Delta_ source , Delta_ target , and Delta_ meta . After the recognition-source and tr…"
P019-C0047,CLAIM,P019,result_summary,NAMED_RESULT_OR_GATE_SURFACE,"AOR-instance theorem: [PvNP AOR-instance theorem] Under the records and discharges of , together with the mechanical, recognition-source, translation-interface, Class-B, and judgment discharges just stated, the saturated SAT carrier is a cascade-stable AOR in…"
P019-C0048,CLAIM,P019,theorem,THEOREM_GRADE,"PvNP AOR-instance theorem: Under the records and discharges of , together with the mechanical, recognition-source, translation-interface, Class-B, and judgment discharges just stated, the saturated SAT carrier is a cascade-stable AOR instance on the PvNP scop…"
P019-C0049,CLAIM,P019,nonclaim,EXPLICIT_NONCLAIM,"The only remaining cost is the nonclaim of internal derivation, recorded in"
P019-C0050,CLAIM,P019,nonclaim,EXPLICIT_NONCLAIM,"Outside that method class the cost-table row is out_of_scope/nonclaim , closed by ."
P019-C0051,CLAIM,P019,nonclaim,EXPLICIT_NONCLAIM,"Every residual native to the proof stack is thus by_construction , approved_other , zero , hidden , bridged , blocked , or out_of_scope/nonclaim ."
P019-C0052,CLAIM,P019,scope_boundary,SCOPE_OR_LIMITATION_RECORD,"Conditional on the structural recognition source Gamma_ csl-sat-hidden , the four-step contradiction gives SAT P ."
P019-C0053,CLAIM,P019,nonclaim,EXPLICIT_NONCLAIM,This paper does not claim a standard-ZFC unconditional separation of P from NP .
P019-C0054,CLAIM,P019,scope_boundary,SCOPE_OR_LIMITATION_RECORD,No standard-ZFC unconditional separation.: This paper does not claim a standard-ZFC unconditional separation of P from NP . The headline judgment P^ SB ≠NP^ SB is a framework-relative judgment at recognition grade under the supplied structural recognition sou…
P019-C0055,CLAIM,P019,nonclaim,EXPLICIT_NONCLAIM,"This paper does not claim to circumvent natural proofs (Razborov–Rudich, ), algebrization (Aaronson–Wigderson, ), or relativization (Baker–Gill–Solovay, ) in their native senses."
P019-C0056,CLAIM,P019,scope_boundary,SCOPE_OR_LIMITATION_RECORD,"No classical-barrier circumvention.: This paper does not claim to circumvent natural proofs (Razborov–Rudich, ), algebrization (Aaronson–Wigderson, ), or relativization (Baker–Gill–Solovay, ) in their native senses. The construction operates at a different la…"
P019-C0057,CLAIM,P019,nonclaim,EXPLICIT_NONCLAIM,This paper does not claim that the structural recognition source Gamma_ csl-sat-hidden is derivable from the framework's primitive constructions. documents the relevant no-go: the SAT-specific source is tested against three derivation routes — a framework-int…
P019-C0058,CLAIM,P019,scope_boundary,SCOPE_OR_LIMITATION_RECORD,Recognition source not derivable from framework primitives.: This paper does not claim that the structural recognition source Gamma_ csl-sat-hidden is derivable from the framework's primitive constructions. documents the relevant no-go: the SAT-specific sourc…
P019-C0059,CLAIM,P019,nonclaim,EXPLICIT_NONCLAIM,it does not claim absolute irremovability of Gamma_ csl-sat-hidden against all future Six Birds laws.
P019-C0060,CLAIM,P019,scope_boundary,SCOPE_OR_LIMITATION_RECORD,No absolute irremovability of the recognition source.: The Class-B Irremovability theorem ( ) is scoped. It rules out basis-generated Class-B carrier-feature laws on the standard fixed-presentation polynomial current carrier; it does not claim absolute irremo…
P019-C0061,CLAIM,P019,nonclaim,EXPLICIT_NONCLAIM,The Class-B Delta_ horizon residual stratum is explicitly statused as out_of_scope/nonclaim in .
P019-C0062,CLAIM,P019,scope_boundary,SCOPE_OR_LIMITATION_RECORD,"AOR-instance reading restricted to the formed SAT layer.: The AOR-instance reading of , including , is restricted to the saturated SAT layer T^ ! _ SAT on the standard fixed-presentation polynomial current carrier under the SAT-specific recognition source Gam…"
P019-C0063,CLAIM,P019,scope_boundary,SCOPE_OR_LIMITATION_RECORD,"No independent unconditional P≠ NP claim via AOR instance.: establishes that the saturated SAT carrier T^ ! _ SAT is tagged as cascade-stable AOR under the listed discharges, with the transported propositions SAT P and SAT∈ NP exposed in the conclusion. Indep…"
P019-C0064,CLAIM,P019,nonclaim,EXPLICIT_NONCLAIM,The fourth nonclaim is the scope fence for the Class-B Irremovability barrier theorem of
P019-C0065,CLAIM,P019,scope_boundary,SCOPE_OR_LIMITATION_RECORD,"This distinction is the reason the paper is not presented as a candidate unconditional proof: the contradiction chain is theorem-grade conditional on the source, while the final judgment is recognition grade relative to that source."
P019-C0066,CLAIM,P019,result_summary,NAMED_RESULT_OR_GATE_SURFACE,Why the result lands at recognition grade.: The conditional theorem lands at recognition grade because it depends on the structural source Gamma_ csl-sat-hidden . One can therefore ask whether the source is removable: whether a framework-internal derivation c…
P019-C0067,CLAIM,P019,scope_boundary,SCOPE_OR_LIMITATION_RECORD,"Conditional on the structural recognition source Gamma_ csl-sat-hidden , the four-step contradiction gives SAT P"
P019-C0068,CLAIM,P019,open_problem,OPEN_PROBLEM_OR_DEFERRED_WORK,"for basis-generated Class-B laws on the standard carrier the answer is negative, while for Class-A methods, enriched carriers, and non-basis structures it remains open."
P019-C0069,CLAIM,P019,schema,SCHEMA,"Primitive-role schema: six mechanisms: This appendix records the six-mechanism schema used by the saturated SAT layer. In , the audited shell S_ aud ^ SAT is introduced as the finite-stage state record on which the SAT construction runs; here we spell out how…"
P019-C0070,CLAIM,P019,definition,DEFINITION,"Six mechanisms (P1–P6): The saturated SAT shell carries the following six mechanisms. P_ 1 , machine update. This is the deterministic polynomial-time transducer class admitted on the SAT layer, namely the class K_ poly declared in the audited shell. Update i…"
P019-C0071,CLAIM,P019,schema,SCHEMA,Recognition-source carrier schema: This appendix records the carrier schema for the recognition source Gamma_ csl-sat-hidden . gave the conceptual content: witness currentization fails on the formed saturated SAT layer under the lawful current instrument. The…
P019-C0072,CLAIM,P019,result_summary,NAMED_RESULT_OR_GATE_SURFACE,Gate audit (six gates plus Gate 7): This appendix records the seven-gate audit used by the lawfulness discipline in . A lawful current observable in E^ ! _ Q is not merely a polynomial-time transducer; it carries audit data certifying that the transducer has…
P019-C0073,CLAIM,P019,proposition,NEGATIVE_RESULT_THEOREM,"Gate audit: Every lawful current observable in E^ ! _ Q , acting on the saturated SAT layer T^ ! _ SAT , passes the following seven gate checks with the typed evidence records carried in its lawfulness data. G_ 1 , no SAT oracle smuggling. The check predicate…"
P019-C0074,CLAIM,P019,nonclaim,EXPLICIT_NONCLAIM,"The present paper has 49 statements-of-record rows: 41 mechanized rows, one recognition-source carrier, one BirdInt-judgment obligation, and six nonclaim rows."
P019-C0075,CLAIM,P019,result_summary,PAPER_STATED_RESULT_SUMMARY,"theorem / narrowed surrogate ``Lean proves the stated scope; the broader claim is paper-side with narrowing disclosed here'' The structural shape is mechanized, but the paper discloses the narrowing. In this paper the closure theorem for E^ ! _ Q is realized…"
P019-C0076,CLAIM,P019,result_summary,PAPER_STATED_RESULT_SUMMARY,theorem / projection-packaged ``tracked by the formalization harness as a conditional schema over explicit hypotheses'' The Lean theorem repackages a typed input record that already supplies the equivalence rather than deriving it. In this paper Basis Exhaust…
P019-C0077,CLAIM,P019,prose_definition,PROSE_DEFINITION,"definition / faithful ``realized in Lean as Module.name'' The Lean declaration is the paper definition's typed realization. This is the default for the saturated-layer, observable, quotient, lift, currentization, appendix-definition, and Class-B definition ro…"
P019-C0078,CLAIM,P019,prose_definition,PROSE_DEFINITION,definition / narrowed surrogate ``realized in Lean with the parameter or scope exposed'' The Lean definition exposes a parameter or finite-stage scope that the body treats in its intended mathematical form. In this paper the history carrier is realized with t…
P019-C0079,CLAIM,P019,nonclaim,EXPLICIT_NONCLAIM,not mechanized No Lean citation The row is a scope-fence nonclaim. The body uses the nonclaim wording from and does not cite Lean for it.
P019-C0080,CLAIM,P019,nonclaim,EXPLICIT_NONCLAIM,|nonclaim:pvnp:standard-zfc-pneqnp| Standard-ZFC unconditional P≠ NP (nonclaim) — not mechanized Scope-fence wording only ( ).
P019-C0081,CLAIM,P019,nonclaim,EXPLICIT_NONCLAIM,|nonclaim:pvnp:circumvent-classical-barriers| Classical-barrier circumvention (nonclaim) — not mechanized Scope-fence wording only ( ).
P019-C0082,CLAIM,P019,nonclaim,EXPLICIT_NONCLAIM,|nonclaim:pvnp:hiddenness-derivable| Hiddenness derivable from primitives (nonclaim) — not mechanized Scope-fence wording only ( ).
P019-C0083,CLAIM,P019,nonclaim,EXPLICIT_NONCLAIM,|nonclaim:pvnp:absolute-irremovability| Absolute irremovability (nonclaim) — not mechanized Scope-fence wording only ( ).
P019-C0084,CLAIM,P019,nonclaim,EXPLICIT_NONCLAIM,"status blocked inside the method class, out_of_scope/nonclaim outside"
P019-C0085,CLAIM,P019,nonclaim,EXPLICIT_NONCLAIM,|nonclaim:pvnp: aor-instance- formed-layer-only| AOR instance restricted to formed SAT layer (nonclaim) — not mechanized Scope-fence wording only ( ).
P019-C0086,CLAIM,P019,nonclaim,EXPLICIT_NONCLAIM,|nonclaim:pvnp: aor-instance- no-unconditional| No unconditional P≠ NP via AOR instance (nonclaim) — not mechanized Scope-fence wording only ( ).
P019-C0087,CLAIM,P019,nonclaim,EXPLICIT_NONCLAIM,The six nonclaim rows carry no Lean coverage.
P019-C0088,CLAIM,P019,result_summary,NAMED_RESULT_OR_GATE_SURFACE,"Projection-packaging narrowing for the AOR-instance theorem: The seven AOR-instance rows ( |def:pvnp:aor-instance:object|, |thm:pvnp:aor:mechanical-records|, |thm:pvnp:aor:recognition-source-discharge|, |thm:pvnp:aor:translation-discharge|, |thm:pvnp:aor:clas…"
P019-C0089,CLAIM,P019,prose_definition,PROSE_DEFINITION_SECTION,"Class-B definitions: [Class-B carrier-property law] A Class-B carrier-property law is a theorem of the form Phi( C) implies O∈ O_ C : T(O), where C is a Six Birds carrier, Phi( C) is an intrinsic feature of that carrier, and the impossibility conclusion follo…"
P019-C0090,CLAIM,P019,definition,DEFINITION,"Class-B carrier-property law: A Class-B carrier-property law is a theorem of the form Phi( C) implies O∈ O_ C : T(O), where C is a Six Birds carrier, Phi( C) is an intrinsic feature of that carrier, and the impossibility conclusion follows from the feature it…"
P019-C0091,CLAIM,P019,nonclaim,EXPLICIT_NONCLAIM,"The formalization records the intrinsic feature condition, the non-recognition-source condition, the non-claim-discipline condition, and the carrier-feature impossibility conclusion as explicit fields of the corresponding typed record."
P019-C0092,CLAIM,P019,definition,DEFINITION,"Fixed-presentation feature basis: For the standard fixed-presentation polynomial current carrier, the fixed-presentation feature basis is B_ fix = \ Delta_X,\ PolyClosure(E^ ! _ Q ),\ TimeFilt,\ PresData\ . Here Delta_X is the diagonal equality relation on th…"
P019-C0093,CLAIM,P019,definition,DEFINITION,"Normal feature classes: The five normal feature classes are Q,J,C,P,T . Q , the quotient class, consists of equivalence relations R⊆ X× X such that the proposed Class-B law requires R⊆ (F) for every F∈E^ ! _ Q . Equivalently, every lawful current observable i…"
P019-C0094,CLAIM,P019,definition,DEFINITION,"Basis-generated feature expression: A basis-generated feature expression is built from B_ fix by finitely many applications of the following closure operations: quotienting, orbiting, transporting, holonomy or gluing-class formation, pairing, finite products,…"
P019-C0095,CLAIM,P019,definition,DEFINITION,"Intrinsic feature of the fixed-presentation carrier: An intrinsic feature of (X,E^ ! _ Q ,I_ poly ,Pres) is a feature definable from that carrier package alone. It does not import an external predicate, a measure, a topology, an oracle, an advice string, a pr…"
P019-C0096,CLAIM,P019,lemma,THEOREM_GRADE,"Quotient products, meets, and joins: Let R_1 and R_2 be equivalence relations on X , and suppose that both are respected by every lawful current observable F∈E^ ! _ Q . Define R_ × =R_1 R_2, R_ =EqCl(R_1 R_2). Then R_ × is an equivalence relation respected by…"
P019-C0097,CLAIM,P019,lemma,THEOREM_GRADE,"Group-action orbits are quotient features: Let a group or groupoid G act on X . Let R_G be the orbit relation x R_G y Longleftrightarrow g∈ G,\ y=g x . Then R_G is an equivalence relation. If a proposed Class-B law requires every F∈E^ ! _ Q to be invariant on…"
P019-C0098,CLAIM,P019,lemma,THEOREM_GRADE,"Holonomy and gluing-class invariance are quotient features: Let H be a holonomy relation, transport-equivalence relation, or global gluing-class relation on X . Suppose a proposed Class-B law requires every F∈E^ ! _ Q to be invariant under H . If R_H=EqCl(H),…"
P019-C0099,CLAIM,P019,lemma,THEOREM_GRADE,"Polynomial pairing closure: If F,G∈E^ ! _ Q , then the paired observable x (F(x),G(x)) belongs to E^ ! _ Q . More generally, every finite product of observables in E^ ! _ Q is again an observable in E^ ! _ Q ."
P019-C0100,CLAIM,P019,lemma,THEOREM_GRADE,"Polynomial post-processing closure: Let F∈E^ ! _ Q , and let g be a polynomial-time post-processing function on the output of F . Then g F∈E^ ! _ Q . More generally, polynomial-time post-processing of a finite product of E^ ! _ Q -members is again in E^ ! _ Q…"
P019-C0101,CLAIM,P019,lemma,NEGATIVE_RESULT_THEOREM,"Presentation refinement: Let P be a fixed-presentation readout, such as a bit projection, first-variable readout, encoding hash, or the identity observable. Let R be an equivalence relation that a proposed obstruction requires to be respected by every F∈E^ !…"
P019-C0102,CLAIM,P019,lemma,THEOREM_GRADE,"Time-stratum refinement: Let E^ [k] denote the family of observables with time bound O(n^k) , with E^ ! _ Q = _k E^ [k] . A time-stratum feature has two possible statuses. At a fixed stratum, an exclusion T E^ [k] does not imply T ^ ! _ Q , since T may lie in…"
P024-C0001,CLAIM,P024,paper_thesis,PAPER_STATED_COMPOSITE_RESULT,This paper gives a conditional Six Birds closure of the Riemann hypothesis by moving the question from classical analytic number theory to a formed-layer trace setting. The substrate is the saturated completed Selberg trace closure of the completed Riemann ze…
P024-C0002,CLAIM,P024,nonclaim,EXPLICIT_NONCLAIM,This is not an unconditional proof of the Riemann hypothesis in standard ZFC.
P024-C0003,CLAIM,P024,nonclaim,EXPLICIT_NONCLAIM,"no unconditional RH claim in standard ZFC is made, and Gamma_ SDTC-Selberg is not claimed to be derivable from framework primitives. The generalized Riemann hypothesis lies outside the scope"
P024-C0004,CLAIM,P024,scope_boundary,SCOPE_OR_LIMITATION_RECORD,"the present paper is the worked single-substrate application of that apparatus to Sel^ ! _ ,tr , conditional on the Selberg-class recognition source."
P024-C0005,CLAIM,P024,definition,DEFINITION,"Functional-equation involution J_ L: The functional-equation involution on the complex plane is J_ L (s) = 1- s . Equivalently, if s=x+iy , then J_ L (s) = 1-x+iy. Thus J_ L is reflection across the vertical line Real(s)=1/2 ."
P024-C0006,CLAIM,P024,definition,DEFINITION,"Anti-invariant readout psi_ -: The anti-invariant readout associated with J_ L is the signed horizontal displacement from the critical line, psi_ - (s)=Real(s)- 1 2 ."
P024-C0007,CLAIM,P024,definition,DEFINITION,Nontrivial-zero ledger Realized in the Lean formalization; the typed real-coordinate representation is recorded in App (A3).: Let Lambda_ (s)=pi^ -s/2 Gamma(s/2) (s) denote the completed Riemann zeta function . The nontrivial-zero ledger of Lambda_ is the typ…
P024-C0008,CLAIM,P024,definition,DEFINITION,"Anti-invariant zero ledger: The anti-invariant zero ledger of is the multiplicity-weighted scalar A_ Z ( ) = _ rho∈Z_ ^ nt m_ rho |Real(rho)- 1 2 |^ 2 . Equivalently, using the readout from , A_ Z ( ) = _ rho∈Z_ ^ nt m_ rho |psi_ - (rho) |^ 2 , with summation…"
P024-C0009,CLAIM,P024,definition,DEFINITION,"Saturated completed Selberg trace closure Realized in the Lean formalization; admissibility under the seven Foundations-II schemas is carried by the Audit_L field, recorded in App .: The saturated completed Selberg trace closure Sel^ ! _ ,tr is a typed shell…"
P024-C0010,CLAIM,P024,result_summary,NAMED_RESULT_OR_GATE_SURFACE,"Translation theorem T: With the saturated trace shell Sel^ ! _ ,tr in hand, the next step is to translate the typed-ledger statement A_ Z ( )=0 into the number-theoretic critical-line statement. The translation is elementary, using only the definition of A_ Z…"
P024-C0011,CLAIM,P024,theorem,THEOREM_GRADE,"Translation theorem T Checked in the Lean formalization by typed-interface composition over the anti-invariant-zero-ledger fields; see App .: On the typed zero ledger Z_ ^ nt of the saturated completed Selberg trace closure Sel^ ! _ ,tr , A_ Z ( )=0 Longleftr…"
P024-C0012,CLAIM,P024,result_summary,PAPER_STATED_RESULT_SUMMARY,Theorem T is what makes the conditional landing chain land on RH rather than on an internal trace statement. The trace-side output of the later argument is A_ Z ( )=0 ; Theorem T converts that output into the assertion that every rho∈Z_ ^ nt satisfies Real(rh…
P024-C0013,CLAIM,P024,theorem,THEOREM_GRADE,"Translation theorem T, forward direction Checked in the Lean formalization by typed-interface composition over the anti-invariant-zero-ledger fields; see App .: On the typed zero ledger Z_ ^ nt of Sel^ ! _ ,tr , if A_ Z ( )=0 , then rho∈Z_ ^ nt ,\ Real(rho)=…"
P024-C0014,CLAIM,P024,theorem,THEOREM_GRADE,"Translation theorem T, reverse direction Checked in the Lean formalization by typed-interface composition over the anti-invariant-zero-ledger fields; see App .: On the typed zero ledger Z_ ^ nt of Sel^ ! _ ,tr , if rho∈Z_ ^ nt ,\ Real(rho)= 1 2 , then A_ Z (…"
P024-C0015,CLAIM,P024,definition,DEFINITION,"The recognition source Gamma_ SDTC-Selberg Encoded in the Lean formalization as a typed structure carrier, not as a Lean axiom; downstream theorems take a value of this carrier as an explicit hypothesis. See App .: On the saturated completed Selberg trace clo…"
P024-C0016,CLAIM,P024,theorem,THEOREM_GRADE,"Duality-confinement membrane theorem, Imported in the Lean formalization as a cross-paper reference; the bridge to the RH ledger is recorded in App .: Let X be an involutive object ledger with carrier X , involution J , measure mu , anti-invariant readout psi…"
P024-C0017,CLAIM,P024,theorem,THEOREM_GRADE,"Duality-confinement master theorem, applied to Sel^ ! _ ,tr Checked in the Lean formalization by typed-bridge composition over the recognition-source carrier; see App .: Let Sel^ ! _ ,tr be the saturated completed Selberg trace closure with functional-equatio…"
P024-C0018,CLAIM,P024,theorem,CONDITIONAL_THEOREM,"Conditional landing chain Composed in the Lean formalization with a value of the recognition-source carrier as an explicit hypothesis; see App .: Let Sel^ ! _ ,tr be a saturated completed Selberg trace closure. Under the standing assumption that Sel^ ! _ ,tr…"
P024-C0019,CLAIM,P024,nonclaim,EXPLICIT_NONCLAIM,The scope and nonclaim discipline are the subject of .
P024-C0020,CLAIM,P024,definition,DEFINITION,"The AOR instance object attached to Sel^ ! _ ,tr Realized in the Lean formalization with a canonical assembled carrier; see App .: Let S_ RH be the scope consisting of the saturated completed Selberg trace shell Sel^ ! _ ,tr , the completed zeta function Lamb…"
P024-C0021,CLAIM,P024,theorem,THEOREM_GRADE,"Mechanical AOR records for Sel^ ! _ ,tr Tracked by the formalization harness as a literal-data definition returning the mechanical-stratum discharge list; see App .: For the scope S_ RH , the following records are AOR-mechanical: , , , , , . The five definiti…"
P024-C0022,CLAIM,P024,theorem,THEOREM_GRADE,Recognition-source discharge Tracked by the formalization harness as a literal-data definition with status approved_other deferred to ; see App .: The record Gamma_ SDTC-Selberg has primary residual type Delta_ source . Its forced secondary residuals are Delt…
P024-C0023,CLAIM,P024,theorem,THEOREM_GRADE,Bridge-field discharge Tracked by the formalization harness as a literal-data definition with status bridged on the carrier bridge propositions; see App .: The structural-coherence assumptions carried by the recognition source discharge the typed-interface re…
P024-C0024,CLAIM,P024,theorem,THEOREM_GRADE,"Admissibility-audit discharge Tracked by the formalization harness as a literal-data definition with status by_construction on the audit field of Sel^ ! _ ,tr ; see App .: The Audit_ L field of Sel^ ! _ ,tr has primary residual type Delta_ meta . It is discha…"
P024-C0025,CLAIM,P024,nonclaim,EXPLICIT_NONCLAIM,"The correct status is therefore bridged: Audit_ L carries the admissibility status, while the paper registers a nonclaim of a separate derivation of that status."
P024-C0026,CLAIM,P024,theorem,THEOREM_GRADE,Cross-paper master-theorem discharge Tracked by the formalization harness as a literal-data definition with status approved_other deferred to ; see App .: The use of the duality-confinement master theorem of is an approved_other discharge. Its primary residua…
P024-C0027,CLAIM,P024,theorem,THEOREM_GRADE,Typed real-coordinate discharge Tracked by the formalization harness as a literal-data definition with status by_construction; the A3 representation note applies. See App .: The typed real-coordinate parameter used by the RH shell has primary residual type De…
P024-C0028,CLAIM,P024,nonclaim,EXPLICIT_NONCLAIM,Therefore the presentation residual is not ignored: it is closed by the explicit construction-parameter record together with the nonclaim of an internal derivation of the classical identification.
P024-C0029,CLAIM,P024,theorem,THEOREM_GRADE,Translation-interface discharge Tracked by the formalization harness as a literal-data definition with status by_construction; substantive content lives in . See App .: Translation theorem T has primary residual type Delta_ target and secondary type Delta_ tr…
P024-C0030,CLAIM,P024,result_summary,NAMED_RESULT_OR_GATE_SURFACE,AOR-instance theorem: [RH AOR-instance theorem Verified in the Lean formalization against the local refinement-stable AOR predicate over the assembled-carrier fields; the partial alignment relative to the full audit-closure refinement-stable characterisation…
P024-C0031,CLAIM,P024,theorem,THEOREM_GRADE,RH AOR-instance theorem Verified in the Lean formalization against the local refinement-stable AOR predicate over the assembled-carrier fields; the partial alignment relative to the full audit-closure refinement-stable characterisation of is recorded in App .…
P024-C0032,CLAIM,P024,remark,INTERPRETIVE_REMARK,Partial status of the AOR-instance wrapper: The present AOR-instance theorem is a paper-level classification of the existing closure records. The partial alignment relative to the full audit-closure refinement-stable characterisation of is the substance of th…
P024-C0033,CLAIM,P024,nonclaim,EXPLICIT_NONCLAIM,This paper does not claim a standard-ZFC unconditional proof of the Riemann hypothesis.
P024-C0034,CLAIM,P024,result_summary,NAMED_RESULT_OR_GATE_SURFACE,"NC-1. Conditional structure.: The main result is a Six Birds-native conditional theorem under the shell-side closure hypothesis recorded by the Foundations-II admissibility field of Sel^ ! _ ,tr , together with the recognition source Gamma_ SDTC-Selberg . Out…"
P024-C0035,CLAIM,P024,result_summary,NAMED_RESULT_OR_GATE_SURFACE,"NC-7. Simple zeros and density results.: No claim is made about multiplicity one for nontrivial zeros, and no zero-density claim is made. The typed multiset Z_ ^ nt admits arbitrary positive integer multiplicities m_ rho >0 ; the conditional landing chain del…"
P024-C0036,CLAIM,P024,scope_boundary,SCOPE_OR_LIMITATION_RECORD,"the discharge atoms of the eight-stratum / twelve-type residual atlas are assembled literally from the shell, the recognition source, and the bridge fields, so the classification carries the same conditional content as Gamma_ SDTC-Selberg implies RH and inher…"
P024-C0037,CLAIM,P024,scope_boundary,SCOPE_OR_LIMITATION_RECORD,"The present paper is therefore the worked single-substrate application of the SDTC apparatus on the saturated Selberg trace shell, conditional on the Selberg-class recognition source."
P024-C0038,CLAIM,P024,open_problem,OPEN_PROBLEM_OR_DEFERRED_WORK,Future work.
P024-C0039,CLAIM,P024,open_problem,OPEN_PROBLEM_OR_DEFERRED_WORK,"Future work.: Three extension targets are natural. First, the admissibility of Sel^ ! _ ,tr should be derived rather than carried as construction-time audit data. A stronger development would unfold the seven Foundations-II schemas as predicates and verify th…"
P024-C0040,CLAIM,P024,open_problem,OPEN_PROBLEM_OR_DEFERRED_WORK,"The substantive recognition-source and translation-interface content is deferred to and , respectively."
P024-C0041,CLAIM,P024,scope_boundary,SCOPE_OR_LIMITATION_RECORD,"[leftmargin=0pt,labelsep=0.75em,itemsep=0.35em] The conclusion is conditional on Gamma_ SDTC-Selberg and on Foundations-II admissibility of Sel^ ! _ ,tr ."
P017-C0001,CLAIM,P017,paper_thesis,PAPER_STATED_COMPOSITE_RESULT,"We apply the adequacy-residual calculus of and the layer-dissolving membrane endpoint of to the smooth-data three-dimensional incompressible Navier–Stokes Cauchy problem. The argument fixes the Bradshaw–Grujic / Beale–Kato–Majda dissolving readout , measures…"
P017-C0002,CLAIM,P017,nonclaim,EXPLICIT_NONCLAIM,"We make no unconditional Clay–Millennium claim, no generic critical-Besov data claim, no criterion-native rewriting of , and no claim of regularity independent of the audit records."
P017-C0003,CLAIM,P017,scope_boundary,SCOPE_OR_LIMITATION_RECORD,"the recasting is presented under the carrier-attached discharge-assignment discipline of the AOR meta-theory, and a data-bearing strengthening of the discharge-record fields is outside the present scope."
P017-C0004,CLAIM,P017,open_problem,OPEN_PROBLEM_OR_DEFERRED_WORK,"This is a presentational recasting: no new PDE input is introduced, the audit content is unchanged, and the AOR-instance theorem is presented under the carrier-attached discharge-assignment discipline of , with a data-bearing strengthening of the discharge-re…"
P017-C0005,CLAIM,P017,nonclaim,EXPLICIT_NONCLAIM,"The paper is organized as follows. recalls the adequacy-residual calculus from and the layer-dissolving membrane endpoint from , and specializes both to the Navier–Stokes carrier. fixes the carrier, the fixed readout D^ BG , the physical-native family L^ phys…"
P017-C0006,CLAIM,P017,definition,DEFINITION,"BG/BKM dissolving readout: For each Bradshaw–Grujic stage J and time t∈[0,T_ (u_0)) , the dissolving readout is a linear map DBG_ J,t : E_ J,t → Z_J , where Z_J is the finite-dimensional response space of windowed Fourier values at frequency scale lambda_J(t)…"
P017-C0007,CLAIM,P017,definition,DEFINITION,"Physical-native probe family: For each Bradshaw–Grujic stage J and time t , the physical-native probe family is the finite linear map Lphys_ J,t : E_ J,t → Y , where Y collects the values of the declared physical measurements. Each component of Lphys_ J,t is…"
P017-C0008,CLAIM,P017,definition,DEFINITION,"BG-windowed exact package: At each Bradshaw–Grujic stage j , the BG-windowed exact package Gamma_j collects the admissible BG-window probes (the relevant components of Lphys_ J,t and the windowed value of DBG_ J,t on the active shell P_j ) together with the s…"
P017-C0009,CLAIM,P017,definition,DEFINITION,"Null-mode legality of the NS carrier: The NS carrier (E_ J,t ,C_ J,t ,L^ phys ,D^ BG ) is null-mode legal when the physical-native probes and the dissolving readout both vanish on the audit kernel: Lphys_ J,t |_ Ker C_ J,t =0, DBG_ J,t |_ Ker C_ J,t =0 . Equi…"
P017-C0010,CLAIM,P017,result_summary,NAMED_RESULT_OR_GATE_SURFACE,"Literature Imports and the Criterion-Native Gap: This section records six PDE imports — the Beale–Kato–Majda continuation criterion, the Bradshaw–Grujic frequency-window criterion, Kato local well-posedness, half-log analyticity, the Littlewood–Paley / Bony–C…"
P017-C0011,CLAIM,P017,definition,DEFINITION,"Beale–Kato–Majda continuation criterion: The Beale–Kato–Majda continuation criterion is the imported record asserting that for a strong solution u of the Navier–Stokes equations on [0,T) with T _ (u_0) and omega= × u , ∈t_0^T \|omega( ,t)\|_ L^∈fty dt < ∈fty…"
P017-C0012,CLAIM,P017,definition,DEFINITION,"Bradshaw–Grujic frequency-window continuation criterion: The Bradshaw–Grujic frequency-window continuation criterion is the imported record asserting that, for the dissolving readout of and doubling stages lambda_ j+1 =2lambda_j , _j _ t∈ I_j \|DBG_ j,t u\|_…"
P017-C0013,CLAIM,P017,definition,DEFINITION,"Kato local well-posedness on the smooth-data subcarrier: The Kato local well-posedness import is the imported record asserting that for divergence-free smooth Sobolev data on R^3 with gamma_0>5/2 , u_0=0, u_0∈ H^ gamma_0 ( R^3) implies T_ (u_0)∈(0,∈fty] and a…"
P017-C0014,CLAIM,P017,definition,DEFINITION,"Half-log analyticity import: The half-log analyticity import, in the Foias–Temam tradition refined to half-log form by and by the preprint , is the imported record asserting that restart data in the joint space H^ gamma_0 B^ - _ ∈fty,∈fty , gamma_0>3/2- , yie…"
P017-C0015,CLAIM,P017,definition,DEFINITION,"Littlewood–Paley / Bony–Chemin–Danchin calculus: The Littlewood–Paley / Bony–Chemin–Danchin paradifferential calculus import on R^3 is the imported record supplying the shell-orthogonality identities, commutator estimates, and operator-norm bounds between Lit…"
P017-C0016,CLAIM,P017,definition,DEFINITION,"Sobolev/Besov embedding chain: The Sobolev/Besov embedding chain import is the imported record asserting that the smooth Sobolev restart data lifts to the Besov component required by the half-log import: H^ gamma_0 B^ - _ ∈fty,∈fty , gamma_0>3/2, >0 admissibl…"
P017-C0017,CLAIM,P017,theorem,THEOREM_GRADE,"Criterion-native equality: Set L^ BG :=D^ BG . Then on the legal quotient of C_ J,t , Xi_ C_ J,t (D^ BG L^ BG )=0 ."
P017-C0018,CLAIM,P017,theorem,NEGATIVE_RESULT_THEOREM,"No-go NG1: criterion-native circularity: The criterion-native equality obtained from L^ BG :=D^ BG does not bound the physical-native residual. There are audited finite data for which Xi_ C_ J,t (D^ BG ^ BG )=0 but Xi_ C_ J,t (D^ BG ^ phys ) 0 . Thus criterio…"
P017-C0019,CLAIM,P017,definition,DEFINITION,"Source-admission ledger: The source-admission ledger is the positive operator-valued sum Omega_ src = Omega_ tr + Omega_ pr + Omega_ visc + Omega_ tail + Omega_ str , with five positive semidefinite components Omega_ tr 0, Omega_ pr 0, Omega_ visc 0, Omega_ t…"
P017-C0020,CLAIM,P017,theorem,THEOREM_GRADE,"Source-admission recurrence: Under the null-mode legality and source-admission acceptance records, for every BG stage J , time t , and time step h>0 with t+h<T_ (u_0) , Xi_ C_ J,t+h (DBG_ J,t+h Lphys_ J,t+h ) C_ old T_h Xi_ C_ J,t (DBG_ J,t Lphys_ J,t ) T_h^*…"
P017-C0021,CLAIM,P017,result_summary,NAMED_RESULT_OR_GATE_SURFACE,Framework-Derived No-Go Theorems: This section records the no-go family constraining attempts to pay the residual ledgers of . Each no-go excludes a category of shortcut payment that uses data of the wrong type. The no-gos do not pay any ledger; they restrict…
P017-C0022,CLAIM,P017,theorem,NEGATIVE_RESULT_THEOREM,"No-go NG2: scalar energy / enstrophy category error: Quadratic scalar budgets such as kinetic energy \|u\|_ L^2 ^2 , enstrophy \| u\|_ L^2 ^2 , or any positive scalar functional that is quadratic in the carrier variable, are not lawful native Schur probes. Th…"
P017-C0023,CLAIM,P017,theorem,NEGATIVE_RESULT_THEOREM,"No-go NG3: packing / amplitude: For a bad set with size scaling r^ 3-d and amplitude scaling r^ -alpha , the contribution to the BG readout scales as r^ (3-d)/2-alpha . Packing alone suppresses this amplitude only when alpha < (3-d)/2 . Outside that range, sm…"
P017-C0024,CLAIM,P017,theorem,NEGATIVE_RESULT_THEOREM,"No-go NG4: sparse-shadow: Imported sparse or intense sets do not pay the bad-cylinder / bad-geometry ledger Omega_ bb unless either the sparse field is sector-contained in the bad-bad / mismatch sector, or a paid mismatch record Omega_ mm 0 is supplied."
P017-C0025,CLAIM,P017,theorem,NEGATIVE_RESULT_THEOREM,"No-go NG5: marker-only: Triad markers, bad-overlap masks, and similar marker-only fields identify where a defect lies and what class it belongs to, but they do not dominate the BG amplitude without a quantitative bridge. Promotion from marker payload to the a…"
P017-C0026,CLAIM,P017,theorem,NEGATIVE_RESULT_THEOREM,No-go NG6: metric-shadow: Weighted or Gevrey-flavored metrics that shrink the apparent residual do not control the fixed BG readout unless the normalized metric still dominates the BG/BKM amplitude. Geometry inputs from Caffarelli–Kohn–Nirenberg partial regul…
P017-C0027,CLAIM,P017,theorem,NEGATIVE_RESULT_THEOREM,"No-go NG7: moving-window / derivative-stack support-only: Finite Littlewood–Paley windows or derivative-stack windows, meaning families such as ^m P_Ju( ,t) tracked for several derivative orders m , do not promote to a completed carrier closure merely because…"
P017-C0028,CLAIM,P017,theorem,NEGATIVE_RESULT_THEOREM,"No-go NG8: half-log endpoint obstruction: On the available half-log analyticity lane alone, the staged residual budget has the form B_j = C_B 2^ 2pj (1+mu L_j ) e^ -2cmu L_j , p=q- , L_j= lambda_J . For positive constants C_B,mu,c and p>0 , the stage ratio sa…"
P017-C0029,CLAIM,P017,theorem,NEGATIVE_RESULT_THEOREM,"No-go NG9: available analyticity ceiling for the direct route: The available half-log analyticity lane meets the basic radius-window gate lambda_Jrho(t) lambda_J , but it falls short of the direct-route predictive-contraction threshold by a factor of lambda_J…"
P017-C0030,CLAIM,P017,theorem,NEGATIVE_RESULT_THEOREM,"No-go NG10: raw nonlinearity illegal as Schur probe: Raw nonlinear observables, including flux quantities, pressure interactions, vortex stretching, and triad terms, cannot enter the native family L^ phys as Schur-complement probes. Lawful entry requires one…"
P017-C0031,CLAIM,P017,definition,DEFINITION,"Gevrey-normalized derivative probes: Let rho(t) be the spatial analyticity radius at time t , as supplied by the half-log analyticity import, and let C_G>0 be the Gevrey normalization constant. For each derivative order m 0 , BG stage J , and time t , the Gev…"
P017-C0032,CLAIM,P017,definition,DEFINITION,"LP transport stage operator: For each BG stage j , the LP-transport stage operator is the linear map S_j: L^2(P_j) H^ -s , s q- . On the smooth-data subcarrier it satisfies the operator-norm bound \|S_j\|^2 2^ -2sj . Here P_j is the Littlewood–Paley shell at…"
P017-C0033,CLAIM,P017,theorem,THEOREM_GRADE,"Gevrey dominance formula: For the Gevrey-normalized derivative probe M_ m,J,t , the dominance constant at derivative order m has the closed form A_m^G(t,J) = lambda_J(t)^ q- m! sigma_J(t)^m , sigma_J(t)= lambda_J(t)rho(t) C_G . Optimizing over m 0 gives, for…"
P017-C0034,CLAIM,P017,theorem,THEOREM_GRADE,"LP-transport rescue: Let S_j:L^2(P_j)→ H^ -s be the LP-transport stage operator with s q- , and set p=q- . The half-log staged budget transports to B_j(s) 2^ 2(p-s)j (1+mu L_j ) e^ -2cmu L_j , L_j= lambda_J . For every s>p , B_ j+1 (s) B_j(s) 2^ 2(p-s) <1 . C…"
P017-C0035,CLAIM,P017,theorem,THEOREM_GRADE,"Smooth-data half-log transfer: On the accepted smooth-data subcarrier H^ gamma_0 with gamma_0>5/2 , the half-log analyticity radius satisfies rho(t) lambda_J(t) lambda_J(t) on BG-compatible stages. This follows by composing the Sobolev/Besov embedding H^ gamm…"
P017-C0036,CLAIM,P017,result_summary,NAMED_RESULT_OR_GATE_SURFACE,"Main Theorem Under Six Birds Closure: This section assembles the records R_1, ,R_9 developed in into the hypothesis stack consumed by the layer-dissolving membrane endpoint of . The records and the typed-context discipline imply T_ (u_0)=∈fty on the accepted…"
P017-C0037,CLAIM,P017,definition,DEFINITION,"Six Birds closure records R_1 – R_9: The Six Birds closure record bundle for the Navier–Stokes carrier is the tuple R=(R_1,R_2,R_3,R_4,R_5,R_6,R_7,R_8,R_9), where the nine entries are the following proof-carrying records. [label= R_ .] Adequacy orientation: t…"
P017-C0038,CLAIM,P017,theorem,THEOREM_GRADE,"Framework-deliverable Navier–Stokes regularity: Under the Six Birds closure record bundle R=(R_1, ,R_9) of and the typed-context discipline of and , for every divergence-free initial datum u_0∈ H^ gamma_0 with gamma_0>5/2 on the accepted smooth-data channel,…"
P017-C0039,CLAIM,P017,definition,DEFINITION,"NS smooth-data carrier as an AOR-instance object: The Navier–Stokes smooth-data carrier with initial datum u_0∈ H^ gamma_0 , gamma_0>5/2 , is the AOR-instance object C_ NS whose carrier family is the Bradshaw–Grujic frequency-refinement chain H_ J,t =E_ J,t /…"
P017-C0040,CLAIM,P017,theorem,THEOREM_GRADE,"Mechanical closure records as AOR-membership components: Six of the nine standing closure records of C_ NS admit by-construction or approved-other discharges within scope S_ NS : R_1 (adequacy orientation), R_2 (exact BG-windowed package), R_3 (null-mode lega…"
P017-C0041,CLAIM,P017,nonclaim,EXPLICIT_NONCLAIM,R_9 (nonclaim boundary) is by-construction from the locked nonclaim list in together with the per-paper nonclaim registers.
P017-C0042,CLAIM,P017,theorem,THEOREM_GRADE,"Substantive discharge of R_4 as a membership component: The source-admission recurrence record R_4 of C_ NS has primary type Delta_ source and forced secondary types Delta_ transport ,Delta_ scale ,Delta_ target ,Delta_ role . Its discharge status decomposes…"
P017-C0043,CLAIM,P017,theorem,THEOREM_GRADE,"Quotient-transport record R_ 4q: The audited transport map T_h of C_ NS descends to the legal energy quotient: T_h(Ker C_ J,t ) ⊆ Ker C_ J,t+h for every admissible (J,t,h) , so the induced map T _h:E_ J,t /Ker C_ J,t → E_ J,t+h /Ker C_ J,t+h is well-defined a…"
P017-C0044,CLAIM,P017,theorem,THEOREM_GRADE,"Substantive discharge of R_6 as a membership component: The dissolving-side LP-transport record R_6 of C_ NS has primary type Delta_ transport and forced secondary types Delta_ scale ,Delta_ limit ,Delta_ target ,Delta_ role ,Delta_ presentation . Its dischar…"
P017-C0045,CLAIM,P017,theorem,THEOREM_GRADE,"Substantive discharge of R_7 as a membership component: The half-log analyticity / smooth-data transfer record R_7 of C_ NS has primary type Delta_ scale and forced secondary types Delta_ limit ,Delta_ horizon ,Delta_ source ,Delta_ target ,Delta_ presentatio…"
P017-C0046,CLAIM,P017,nonclaim,EXPLICIT_NONCLAIM,"The discharge-status decomposition is verified as follows. (Delta_ scale ,zero) is witnessed by : the half-log radius bound rho(t) lambda_J(t)/lambda_J(t) supplies the scale obligation directly. (Delta_ limit ,asymptotic_budgeted, basic gate) is witnessed by…"
P017-C0047,CLAIM,P017,result_summary,NAMED_RESULT_OR_GATE_SURFACE,Statement of the AOR-instance theorem: The preceding records now form a joint discharge package. The conditional theorem reads the same package as hypotheses implying regularity. The AOR-instance theorem reads the package as the membership witness for C_ NS i…
P017-C0048,CLAIM,P017,theorem,CONDITIONAL_THEOREM,"NS smooth-data carrier in AOR^ ref: Under the discharges of , , , and , together with the quotient-transport record of , the Navier–Stokes smooth-data carrier C_ NS belongs to AOR^ ref _ S_ NS . By the AOR meta-theory's discipline, audit-closure membership gi…"
P017-C0049,CLAIM,P017,nonclaim,EXPLICIT_NONCLAIM,Limit-stage residuals for the Delta_ horizon component of R_7 are explicitly classified out_of_scope/nonclaim by and by the nonclaim of .
P017-C0050,CLAIM,P017,scope_boundary,SCOPE_OR_LIMITATION_RECORD,"Status, Limitations, and External Interpretation: The principal result is : given the closure records R_1, ,R_9 , every divergence-free initial datum u_0∈ H^ gamma_0 with gamma_0>5/2 on the accepted smooth-data channel satisfies T_ (u_0)=∈fty . The companion…"
P017-C0051,CLAIM,P017,result_summary,PAPER_STATED_RESULT_SUMMARY,"The principal result is : given the closure records R_1, ,R_9 , every divergence-free initial datum u_0∈ H^ gamma_0 with gamma_0>5/2 on the accepted smooth-data channel satisfies T_ (u_0)=∈fty . The companion of recasts the same records as the AOR-membership…"
P017-C0052,CLAIM,P017,nonclaim,EXPLICIT_NONCLAIM,"Outside-framework reading: Outside the Six Birds closure framework, reads as the conditional implication ( R holds on the smooth-data carrier ) implies (T_ (u_0)=∈fty ). This paper does not claim: a standalone Clay–Millennium solution independent of the Six B…"
P017-C0053,CLAIM,P017,nonclaim,EXPLICIT_NONCLAIM,"AOR-instance reading restricted to smooth-data subcarrier: The AOR-instance reading of , including , is restricted to the smooth-data Sobolev subcarrier u_0∈ H^ gamma_0 , gamma_0>5/2 . No AOR-membership claim is made for generic critical-Besov data, weak solu…"
P017-C0054,CLAIM,P017,nonclaim,EXPLICIT_NONCLAIM,No independent Clay–Millennium claim via AOR instance: establishes membership of C_ NS in AOR^ ref under the discharges of R_1 – R_9 and the carrier-attached discharge assignment. Independently of those audit records and of the six declared PDE imports of R_8…
P017-C0055,CLAIM,P017,nonclaim,EXPLICIT_NONCLAIM,"The nonclaim boundary is the same under both readings: the result asserts only that if the antecedent R=(R_1, ,R_9) is formed on the accepted smooth-data carrier, then the maximal strong-solution lifespan is infinite. it does not claim PDE regularity independ…"
P017-C0056,CLAIM,P017,open_problem,OPEN_PROBLEM_OR_DEFERRED_WORK,"Future work may sharpen the bundle — for example, by replacing the combined half-log analyticity and LP-transport rescue with a stronger analyticity radius that delivers contraction on its own, or by promoting the R-record acceptance fields from Prop -valued…"
P017-C0057,CLAIM,P017,result_summary,NAMED_RESULT_OR_GATE_SURFACE,"Residual Tree and No-Go Proofs: This appendix records the residual cascade used in and gives appendix-grade proofs of the schema no-gos stated in . Each row of the cascade table names the obstruction node, says what it accounts for, and points to the import,…"
P017-C0058,CLAIM,P017,nonclaim,EXPLICIT_NONCLAIM,Such a strengthening is outside the scope of the present manuscript
P035-C0001,CLAIM,P035,paper_thesis,PAPER_STATED_COMPOSITE_RESULT,"Energy estimates for 3D incompressible Navier–Stokes control L^2 norms but do not prevent highly localized gradient peaks, which is why global regularity is typically reduced to ``peak-channel'' criteria (e.g.\ Beale–Kato–Majda ). We develop a multiscale deci…"
P035-C0002,CLAIM,P035,nonclaim,EXPLICIT_NONCLAIM,"We do not claim a proof of Clay regularity, nor do we prove that the legality certificate is preserved under the classical Navier–Stokes flow"
P035-C0003,CLAIM,P035,nonclaim,EXPLICIT_NONCLAIM,This paper does not claim a solution to the Clay problem.
P035-C0004,CLAIM,P035,nonclaim,EXPLICIT_NONCLAIM,This does not prove global regularity for all smooth data
P035-C0005,CLAIM,P035,definition,DEFINITION,"Zeno cascade: We say a Zeno cascade occurs if the crossing times are bounded above: T∈R\ \ s.t.\ \ n∈N,\ t(n) T. Equivalently, _n t(n)<∈fty , i.e.\ the frontier reaches arbitrarily fine levels in finite time."
P035-C0006,CLAIM,P035,definition,DEFINITION,"Increment certificate: Let Phi:N→R be a nonnegative sequence. We say Phi is an increment certificate for t if for all n , Phi(n)\ \ t(n+1)-t(n)."
P035-C0007,CLAIM,P035,theorem,THEOREM_GRADE,"Unbounded partial sums imply no finite upper bound: Assume Phi is an increment certificate for t and that its partial sums are unbounded: M∈R,\ n∈N\ s.t.\ M _ k=0 ^ n-1 Phi(k). Then t has no finite upper bound, hence no Zeno cascade occurs."
P035-C0008,CLAIM,P035,definition,DEFINITION,"WORK/CAP/DIV: Let w,Cap:N→R be sequences with Cap(n)>0 . WORK: w(n) is the ``work quantum'' required to advance from level n to n+1 . CAP: Cap(n) is the ``capacity'' available at level n (a bound relating work to input energy and/or throughput on the crossing…"
P035-C0009,CLAIM,P035,theorem,THEOREM_GRADE,WORK/CAP implies increment lower bound: Assume Cap(n)>0 and w(n)\ \ Cap(n) (t(n+1)-t(n)). Then w(n)/Cap(n)\ \ t(n+1)-t(n) .
P035-C0010,CLAIM,P035,theorem,THEOREM_GRADE,"WORK+CAP+DIV implies No-Zeno: Assume the WORK × CAP inequality and DIV from Definition . Then t has no finite upper bound, hence no Zeno cascade occurs."
P035-C0011,CLAIM,P035,remark,INTERPRETIVE_REMARK,Mechanization note: All results in this section are mechanized in Lean in this repository: formal/Fluids/Zeno.lean (increment certificates and ``no finite upper bound'' from unbounded sums) and formal/Fluids/ZenoWorkCap.lean (the WORK/CAP division step and it…
P035-C0012,CLAIM,P035,result_summary,NAMED_RESULT_OR_GATE_SURFACE,"Mechanized theorem: polynomial capacity bound: [Route-stability implies polynomial capacity] Assume C(0) 0 , e(n) 0 for all n , and the recursion holds with the tame bound . Then for all n∈N , C(n)\ \ Big(C(0)+ _ k=0 ^ n-1 e(k)Big) (n+1)^p. In particular, if…"
P035-C0013,CLAIM,P035,theorem,NEGATIVE_RESULT_THEOREM,"Route-stability implies polynomial capacity: Assume C(0) 0 , e(n) 0 for all n , and the recursion holds with the tame bound . Then for all n∈N , C(n)\ \ Big(C(0)+ _ k=0 ^ n-1 e(k)Big) (n+1)^p. In particular, if holds for some E 0 , then C(n)\ \ (C(0)+E) (n+1)…"
P035-C0014,CLAIM,P035,remark,INTERPRETIVE_REMARK,"Proof idea (one paragraph): Iterate . Each step contributes a multiplicative factor r(k) in front of the previous capacity, plus an additive mismatch term transported forward by later r( ) factors. Using , the transported factors telescope to (n+1)^p , yieldi…"
P035-C0015,CLAIM,P035,remark,INTERPRETIVE_REMARK,Mechanization in Lean: Theorem is proved in Lean in the file formal/Fluids/RouteCapacity.lean . The main lemma names are route_capacity_poly_bound and route_capacity_poly_bound_of_bounded_sum .
P035-C0016,CLAIM,P035,nonclaim,EXPLICIT_NONCLAIM,This theorem does not prove any PDE statement.
P035-C0017,CLAIM,P035,result_summary,NAMED_RESULT_OR_GATE_SURFACE,Diagnostic-only NS evidence (not a theorem): Our Python pipeline contains diagnostic scripts that estimate capacity-like quantities and route mismatch in a Navier–Stokes truncation ladder. These experiments are strictly evidence: they do not define the mathem…
P035-C0018,CLAIM,P035,result_summary,NAMED_RESULT_OR_GATE_SURFACE,No-go: uniform ICAP plus localization-rich feasibility implies peak control: This section isolates a structural obstruction in the ``capacity certificate'' route. Roughly: an ICAP-style inequality is an extremal (worst-case) gain bound. If the feasible interf…
P035-C0019,CLAIM,P035,theorem,THEOREM_GRADE,"ICAP + basis feasibility implies pointwise positive-gain bound: Assume holds for some Lambda∈R . Then for every i∈ , (g(i),0 )\ \ Lambda."
P035-C0020,CLAIM,P035,result_summary,PAPER_STATED_RESULT_SUMMARY,"Theorem explains why ``uniform ICAP'' is a very strong certificate: if the admissible/feasible test set contains basis-like localized probes, ICAP forces a pointwise bound on the positive part of the gain."
P035-C0021,CLAIM,P035,result_summary,NAMED_RESULT_OR_GATE_SURFACE,"An SBT-legal Navier–Stokes variant and an operational legality certificate: Sections – isolate a mechanized No-Zeno decision engine whose hypotheses are stated in terms of work, capacity, and route mismatch. Section shows why a naive ``uniform ICAP'' certific…"
P035-C0022,CLAIM,P035,nonclaim,EXPLICIT_NONCLAIM,We do not claim that passing the certificate at t=0 implies it remains true for later times under the classical PDE flow
P035-C0023,CLAIM,P035,prose_definition,PROSE_DEFINITION_SECTION,"Definition vs.\ diagnostic.: Throughout, ``SBT-legal'' is used in two explicit senses. Analytically, it denotes a restricted variant/theory in which feasibility at each scale excludes wavepacket-like concentration (a hypothesis on admissible interface signals…"
P035-C0024,CLAIM,P035,definition,DEFINITION,Anti-localization at scale j: A shell field v∈ Ran(Delta_j) is _j -anti-localized if _ x_0∈T^3 ∈t_ B_j(x_0) |v(x)|^2 dx _j \|v\|_ L^2_x ^2. A sequence is asymptotically anti-localized if _j→ 0 as j→∈fty .
P035-C0025,CLAIM,P035,remark,INTERPRETIVE_REMARK,"Why this matters for the No-go: The obstruction in Theorem is driven by the existence of feasible inputs that can localize (basis tests / wavepackets). Anti-localization in the sense of is a quantitative way to forbid such tests: if _j→ 0 , then at high j no…"
P035-C0026,CLAIM,P035,lemma,THEOREM_GRADE,Delocalized finite channels implies anti-localization: Fix a finite index set of channels rho with |rho|=m and a finite spatial index set (modeling a discrete grid). Let B represent a cell/ball at scale j . Assume channel shapes psi_r: →R satisfy the delocali…
P035-C0027,CLAIM,P035,remark,INTERPRETIVE_REMARK,Mechanization: Lemma is proved (in a discrete finite-dimensional form) in Lean: formal/Fluids/AntiLocalization.lean. In the codebase the main statement is mass_cell_le_card_mul_deloc_mul_coeffEnergy .
P035-C0028,CLAIM,P035,remark,INTERPRETIVE_REMARK,"Heuristic scaling: In T^3 , the volume fraction of an uncertainty-scale ball is mu(B_j) 2^ -3j . If a channelization hypothesis gives m_j j and is bounded, then _j (j+1) 2^ -3j → 0 . This is precisely the regime in which feasible shell inputs cannot approxima…"
P035-C0029,CLAIM,P035,result_summary,NAMED_RESULT_OR_GATE_SURFACE,"Operational certificate for SBT-legal initial data (and diagnostics): We now define an operational notion of ``SBT legality'' for initial data, intended as an admissibility restriction for a modified research question (not the Clay problem): do SBT-legal init…"
P035-C0030,CLAIM,P035,definition,DEFINITION,"Operational SBT-legality certificate (initial data): Given a dyadic decomposition u_0= _j (u_0)_j , define L_j(u_0) by . Let f_j denote the baseline volume fraction at scale j (uniform reference). Define the normalized concentration factor _j(u_0) := L_j(u_0)…"
P035-C0031,CLAIM,P035,result_summary,NAMED_RESULT_OR_GATE_SURFACE,"LEGAL vs.\ ILLEGAL: the certificate is nontrivial: Finally, we show the certificate rejects intentionally localized ``wavepacket-like'' initial data. We construct an ILLEGAL initial condition by placing most of the shell energy into a localized blob in a sing…"
P035-C0032,CLAIM,P035,remark,INTERPRETIVE_REMARK,"What this does not claim: We do not prove that SBT-legality is preserved by Navier–Stokes evolution, nor that every smooth initial datum is SBT-legal. The point is sharper: within this scaffold, bypassing the ICAP no-go requires an anti-localization/channeliz…"
P035-C0033,CLAIM,P035,nonclaim,EXPLICIT_NONCLAIM,We do not claim bitwise identity across arbitrary BLAS/FFT backends or thread schedules
P035-C0034,CLAIM,P035,result_summary,NAMED_RESULT_OR_GATE_SURFACE,LEGAL vs.\ ILLEGAL initial data (certificate nontriviality).: Figure (in Section ) demonstrates that the certificate is not vacuous: an intentionally localized shell construction fails immediately.
P035-C0035,CLAIM,P035,nonclaim,EXPLICIT_NONCLAIM,What this paper does not claim.
P035-C0036,CLAIM,P035,nonclaim,EXPLICIT_NONCLAIM,This does not claim that legality is preserved under Navier–Stokes evolution
P035-C0037,CLAIM,P035,open_problem,OPEN_PROBLEM_OR_DEFERRED_WORK,Future work Theory (paper-facing).
P035-C0038,CLAIM,P035,result_summary,NAMED_RESULT_OR_GATE_SURFACE,"Mechanized theorem index (Lean): This appendix is the source of truth for what is mechanized in Lean. All Lean results listed here are discrete ( N -indexed sums and finite-dimensional analogues), not continuum PDE formalizations. [H] 1.15 1.15 4pt > p 0.18 >…"
P057-C0001,CLAIM,P057,paper_thesis,PAPER_STATED_COMPOSITE_RESULT,"Boolean logic is usually treated as a formal starting point. We ask instead when a substrate actually earns a logic layer. In the Six Birds emergence calculus—P1 operator rewrite, P2 gating/constraints, P3 protocol holonomy, P4 sectors/invariants, P5 packagin…"
P057-C0002,CLAIM,P057,definition,DEFINITION,"Logic layer: Fix a microstate space Z , a lens f : Z → X , and an evaluation window tau . A logic layer at (f,tau) consists of a nontrivial family B ⊆ Sigma_f of binary packaged predicates together with induced macro-updates such that: Stability. Each b ∈ B i…"
P057-C0003,CLAIM,P057,result_summary,NAMED_RESULT_OR_GATE_SURFACE,"Why the criterion is layer-relative: Definition is intentionally stricter than merely being able to label states by zero and one. A candidate bit must remain stable long enough to matter, must support a descended operator calculus, and must survive audit. Thi…"
P057-C0004,CLAIM,P057,prose_definition,PROSE_DEFINITION,"Definition is intentionally stricter than merely being able to label states by zero and one. A candidate bit must remain stable long enough to matter, must support a descended operator calculus, and must survive audit. This is why the six primitives are compl…"
P057-C0005,CLAIM,P057,prose_definition,PROSE_DEFINITION,"Definition gives four requirements for a logic layer: stability, closure, feasibility semantics, and auditability. This section turns those four requirements into measurable quantities and summarizes the controlled laboratories in which they are evaluated. Th…"
P057-C0006,CLAIM,P057,result_summary,NAMED_RESULT_OR_GATE_SURFACE,"Gate-channel and information diagnostics: For gate-like behavior we work with induced input–output channels. Let f_ in be a current-state input labeling and f_ out a future-state output labeling. For each input label u , we initialize uniformly over the micro…"
P057-C0007,CLAIM,P057,result_summary,NAMED_RESULT_OR_GATE_SURFACE,"Parity Robustness: Figure is the empirical anchor for the title claim of the paper. The parity-sector laboratory is designed around controlled leakage between the even- and odd-parity sectors of a two-bit system, so the natural candidate coarse variable is th…"
P057-C0008,CLAIM,P057,result_summary,NAMED_RESULT_OR_GATE_SURFACE,"Gate Closure Phase Diagrams: Figure shifts the discussion from a single robust coarse variable to full gate families under stress. The point of the figure is not that logic is either present or absent, but that closure occupies regimes. The frozen phase bundl…"
P057-C0009,CLAIM,P057,result_summary,NAMED_RESULT_OR_GATE_SURFACE,Reversible Embedding versus Erased XOR: Table isolates the accounting point of the paper in its cleanest form. All three rows come from the same underlying CNOT laboratory at the same noise setting. What changes is not the substrate but the package presented…
P057-C0010,CLAIM,P057,result_summary,NAMED_RESULT_OR_GATE_SURFACE,Discovering Bits and Gates: The final empirical step reverses the usual implementation story. Up to this point the paper has taken candidate packaged bits and gate lenses seriously enough to ask whether they close. Here we ask whether those bits and a gate ca…
P020-C0001,CLAIM,P020,paper_thesis,PAPER_STATED_COMPOSITE_RESULT,"Certifying multiscale anti-localization only at t=0 is not useful unless legality is forward-closed; we lack general, mechanizable conditions under which SPT-legality propagates under time evolution. We propose a slot-audited channelized-feasibility contract…"
P020-C0002,CLAIM,P020,nonclaim,EXPLICIT_NONCLAIM,"We are explicit that stronger claims—PDE smoothing, physical entropy production, or emergent learning of channel maps—are not established here"
P020-C0003,CLAIM,P020,prose_definition,PROSE_DEFINITION_SECTION,"Model and Definitions: This section formalizes the minimal multiscale setting used throughout the paper. All statements are finite-dimensional (for mechanizability), but the definitions are written in Hilbert language. The intended interpretation is: depth j…"
P020-C0004,CLAIM,P020,definition,DEFINITION,"Cell concentration: For j J_ and nonzero v∈ H_j , define the maximum cell energy fraction _j(v) := _ c∈C_j \|P_ j,c v\|^2 \|v\|^2 . We set _j(0):=0 by convention."
P020-C0005,CLAIM,P020,definition,DEFINITION,"Normalized concentration: For j J_ and v∈ H_j , define _j(v) := _j(v) f_j . Thus _j(v)∈[0,1/f_j] , with _j(v) 1 corresponding to roughly uniform energy distribution across cells, while _j(v) 1/f_j corresponds to near-complete localization in a single cell."
P020-C0006,CLAIM,P020,definition,DEFINITION,SPT-legal state: Fix a legality threshold K_ 1 . A state u∈ H is SPT-legal (with threshold K_ ) if for every j J_ with u_j≠ 0 one has _j(u_j) K_ .
P020-C0007,CLAIM,P020,definition,DEFINITION,"Channel map and feasible set: Fix a channel count m_j∈N for each depth j . A channel map at depth j is a linear synthesis operator Gamma_j:R^ m_j → H_j, Gamma_j a = _ r=1 ^ m_j a_r psi_ j,r , where psi_ j,r ∈ H_j are the channels. The associated feasible set…"
P020-C0008,CLAIM,P020,definition,DEFINITION,"Packaging projector: The (bandwise) packaging map associated to F_j is the orthogonal projector E_j:H_j→ F_j, E_j^2 = E_j, F_j = \ v∈ H_j: E_j v=v\ . We also write I for the identity map on H_j and refer to (I-E_j)v as the off-feasible component of v ."
P020-C0009,CLAIM,P020,definition,DEFINITION,"Channel delocalization: A channel family \ psi_ j,r \ _ r=1 ^ m_j is cell-delocalized with constant _0(j) 1 if _ c∈C_j \|P_ j,c psi_ j,r \|^2 _0(j) f_j \|psi_ j,r \|^2 for all r."
P020-C0010,CLAIM,P020,definition,DEFINITION,Frame bounds and conditioning: A channel map Gamma_j has (Euclidean) frame bounds 0<alpha_j beta_j<∈fty if alpha_j \|a\|^2 \|Gamma_j a\|^2 beta_j \|a\|^2 for all a∈R^ m_j . We define the associated condition number proxy cond(Gamma_j) := beta_j/alpha_j. In fi…
P020-C0011,CLAIM,P020,remark,INTERPRETIVE_REMARK,"Terminology and scope: stable synthesis vs.\ redundant frames: The inequality is a stability condition for the synthesis map a↦ Gamma_j a . In classical frame theory, this corresponds to the channels forming a Riesz sequence (equivalently, Gamma_j is injectiv…"
P020-C0012,CLAIM,P020,result_summary,NAMED_RESULT_OR_GATE_SURFACE,"Artifact diagnostics used in theorem overlays and audits: The experiments and automated audits compute empirical versions of the above constants. [Empirical delocalization constant] Given channels \ psi_ j,r \ at depth j , define _0^ emp (j) := _ r _ c∈C_j \|…"
P020-C0013,CLAIM,P020,definition,DEFINITION,"Empirical delocalization constant: Given channels \ psi_ j,r \ at depth j , define _0^ emp (j) := _ r _ c∈C_j \|P_ j,c psi_ j,r \|^2 f_j \|psi_ j,r \|^2 , In our finite-dimensional setting this is an exact worst-case artifact constant computed from the channe…"
P020-C0014,CLAIM,P020,definition,DEFINITION,"Predicted feasibility legality envelope: Given diagnostics _0^ emp (j) and frame bounds (alpha_j,beta_j) , we define the predicted feasibility bound K^ feas _j := _0^ emp (j) cond(Gamma_j) m_j = _0^ emp (j) (beta_j/alpha_j) m_j. The main static theorem (T-SPT…"
P020-C0015,CLAIM,P020,definition,DEFINITION,"Cellwise feasibility defect: For u_j∈ H_j define the cellwise defect ratio def^ ∈fty _j(u_j) := _ c∈C_j \|P_ j,c (I-E_j)u_j\|^2 \|u_j\|^2 , with def^ ∈fty _j(0):=0 . The robust persistence theorem (T-SPT-02) assumes a bound of the form def^ ∈fty _j(u_j(t)) _∈…"
P020-C0016,CLAIM,P020,remark,INTERPRETIVE_REMARK,"HL-SPT-INV as an invariance/commutation contract: Let Phi_t:H→ H denote the evolution map (when it exists) so that u(t)=Phi_t(u(0)) . HL-SPT-INV is equivalently the invariance of the packaged subspace Ran(E) : u(0)=Eu(0)\ implies \ u(t)=Eu(t) for all t, or, i…"
P020-C0017,CLAIM,P020,remark,INTERPRETIVE_REMARK,"HL-SPT-ROBUST ∈fty as a cellwise route-mismatch bound: If Phi_t denotes the evolution map, HL-SPT-ROBUST ∈fty can be viewed as a cellwise route-mismatch contract: the off-packaged component (I-E_j)u_j(t) is allowed, but its per-cell energy fraction relative t…"
P020-C0018,CLAIM,P020,theorem,THEOREM_GRADE,"T-SPT-00: feasibility legality bound from channel delocalization: Fix a depth j J_ and a channel map Gamma_j:R^ m_j → H_j with feasible set F_j=Ran(Gamma_j) and cell partition C_j . Assume the artifact slots: HL-SPT-DELOC at depth j , with empirical bound ^ e…"
P020-C0019,CLAIM,P020,theorem,CONDITIONAL_THEOREM,"T-SPT-01: legality persistence from exact feasibility invariance: Assume the artifact slots HL-SPT-DELOC, HL-SPT-FRAME, and HL-SPT-MODE, so that K^ pred _ glob in is finite. Assume also the system slot HL-SPT-INV (exact feasibility invariance). Let u(t)∈ H be…"
P020-C0020,CLAIM,P020,result_summary,NAMED_RESULT_OR_GATE_SURFACE,"Interpretation (closure theorem).: T-SPT-01 is intentionally conditional: it states that once the system-level invariance slot holds, the legal regime is forward-closed with explicit constants determined by the artifact. The theorem does not claim that invari…"
P020-C0021,CLAIM,P020,theorem,NEGATIVE_RESULT_THEOREM,"T-SPT-02: robust legality persistence from cellwise feasibility defect: Assume the artifact slots HL-SPT-DELOC, HL-SPT-FRAME, and HL-SPT-MODE, and let K^ pred _ glob be as in . Assume the robust system slot HL-SPT-ROBUST ∈fty : there exists _∈fty 0 such that…"
P020-C0022,CLAIM,P020,result_summary,NAMED_RESULT_OR_GATE_SURFACE,"Proof of T-SPT-00: We prove Theorem . Fix a depth j J_ and suppress the depth index j in the notation to reduce clutter: write C=C_j , f=f_j , Gamma=Gamma_j , m=m_j , and psi_r=psi_ j,r . Let P_c:=P_ j,c denote the cell projectors. If v=0 then _j(v)=0 by conv…"
P020-C0023,CLAIM,P020,result_summary,NAMED_RESULT_OR_GATE_SURFACE,"Proof of T-SPT-01: We prove Theorem . Fix a trajectory u(t)∈ H on its lifespan and assume u_j(0)∈F_j for all depths j . By the system slot HL-SPT-INV (exact feasibility invariance, ), it follows that u_j(t)∈ F_j for all times t in the lifespan and all depths…"
P020-C0024,CLAIM,P020,result_summary,NAMED_RESULT_OR_GATE_SURFACE,"Proof of T-SPT-02: We prove Theorem . Fix a time t in the lifespan and a depth j J_ . Write u:=u_j(t)∈ H_j and decompose it into feasible and off-feasible parts using the packaging projector E_j (Definition ): u = E_j u + (I-E_j)u =: v + w, v∈F_j, w F_j. If u…"
P020-C0025,CLAIM,P020,result_summary,NAMED_RESULT_OR_GATE_SURFACE,No-go results and sharp counterexamples: This section sharpens the boundary of legality persistence by giving minimal counterexamples. Each counterexample corresponds to dropping (or weakening) one HL slot from Section . These are not PDE pathologies: all con…
P020-C0026,CLAIM,P020,proposition,THEOREM_GRADE,"FM-DELOC: if feasibility contains a cell-supported direction, legality fails statically: Fix a depth j and cell partition C_j with baseline fraction f_j . Assume the feasible set F_j⊆ H_j contains a nonzero vector v supported in a single cell, i.e.\ there exi…"
P020-C0027,CLAIM,P020,proposition,THEOREM_GRADE,FM-FRAME: bounded per-column delocalization does not prevent extreme concentration without a frame lower bound: Fix a depth j and let f_j=1/|C_j| . There exist channel maps Gamma_j:R^ m_j → H_j with the following properties simultaneously: (Columns delocalize…
P020-C0028,CLAIM,P020,proposition,THEOREM_GRADE,"FM-MODE: without mode-growth control, no depth-uniform legality threshold exists: Consider a family of depths with |C_j|→∈fty (hence f_j→ 0 ). Suppose there exist depths j for which the feasible set is all of the band, F_j=H_j (e.g.\ Gamma_j is surjective, wh…"
P020-C0029,CLAIM,P020,proposition,THEOREM_GRADE,"NG-LEDGER: an energy-preserving evolution can drive _j to the ceiling: Fix a depth j . Assume the feasible set F_j contains two orthonormal vectors psi_ uni ,psi_ loc ∈ F_j such that _j(psi_ uni )=1, _j(psi_ loc )= 1 f_j . Define an energy-preserving evolutio…"
P020-C0030,CLAIM,P020,proposition,THEOREM_GRADE,"NG-DIST: tiny global leakage can yield near-maximal deep-band concentration: Fix a depth j . For any target leakage ratio r∈(0,1) and any target threshold fraction rho∈(0,1) (e.g.\ rho=0.9 ), there exists a multiscale state u∈ H and a decomposition u = v + w,…"
P020-C0031,CLAIM,P020,proposition,THEOREM_GRADE,"FM-INV: without feasibility invariance, legality is not forward-closed: Assume the artifact slots HL-SPT-DELOC, HL-SPT-FRAME, HL-SPT-MODE hold, so that K^ pred _ glob in is finite. Suppose a dynamics admits a time t_ and a depth j such that at time t_ the ban…"
P020-C0032,CLAIM,P020,theorem,THEOREM_GRADE,"Toy model A (invariant ladder) implies legality persistence: Assume the artifact slots HL-SPT-DELOC, HL-SPT-FRAME, and HL-SPT-MODE hold for the channel maps Gamma_j (Section ), and assume the trajectory is initialized in the feasible sets: u_j(0)∈F_j for all…"
P020-C0033,CLAIM,P020,proposition,THEOREM_GRADE,"Toy model B (leakage injection) can cause immediate illegality: Assume the artifact slots HL-SPT-DELOC, HL-SPT-FRAME, and HL-SPT-MODE hold so that K^ pred _ glob is finite. There exist choices of depth j_ (with small f_ j_ ), injection time t_ , and off-feasi…"
P020-C0034,CLAIM,P020,result_summary,NAMED_RESULT_OR_GATE_SURFACE,"Scalar exports for theorem overlays.: The paper also freezes per-run scalar summaries in paper/artifacts/key_metrics.csv, including observed maxima of , predicted envelopes (e.g.\ K^ pred _ glob ), and max-to-predicted ratios. These are used to tie plots and…"
P020-C0035,CLAIM,P020,result_summary,NAMED_RESULT_OR_GATE_SURFACE,"Upgrading empirical diagnostics into theorem conditions: A numerical audit is not a proof. However, it can be made theorem-aligned if the reported quantities correspond directly to explicit hypotheses and constants in the theorems."
P020-C0036,CLAIM,P020,result_summary,NAMED_RESULT_OR_GATE_SURFACE,"What is already theorem-aligned.: The key observation is that T-SPT-00–T-SPT-02 are stated entirely in terms of measurable constants: _0(j) , (alpha_j,beta_j) (or their condition proxy), m_j , and (for robustness) _∈fty . The experiment suite computes empiric…"
P020-C0037,CLAIM,P020,open_problem,OPEN_PROBLEM_OR_DEFERRED_WORK,Future work: SPT on higher-order artifacts: The present work treats Gamma_j (and hence F_j and E_j ) as fixed artifacts. A natural next step is to apply the SPT perspective to the artifact itself: treat the channel maps Gamma_j as emergent objects produced by…
P002-C0001,CLAIM,P002,paper_thesis,PAPER_STATED_COMPOSITE_RESULT,"We present a reproducible computational framework—with Lean 4 mechanized proofs and deterministic Python simulations—that recasts quantum measurement, contextuality, and the measurement problem using operational semantics drawn from Six Birds Theory (SBT), a…"
P002-C0002,CLAIM,P002,nonclaim,EXPLICIT_NONCLAIM,We do not claim to derive the Born rule or resolve Bell's theorem
P002-C0003,CLAIM,P002,nonclaim,EXPLICIT_NONCLAIM,We do not claim to derive the Born rule or resolve Bell's theorem
P002-C0004,CLAIM,P002,principle,DECLARED_METHOD_PRINCIPLE,"Ontological identity of empirical indiscernibles (OI–EI): Fix a descriptive layer (a choice of admissible lenses/records/experiments). If two putative scenarios are empirically indiscernible under all admissible experiments at that layer, then those two scena…"
P002-C0005,CLAIM,P002,prose_definition,PROSE_DEFINITION,"Define an empirical equivalence relation: z z' Longleftrightarrow i∈ I,\ f_i(z)=f_i(z'). By construction, z z' means that the layer cannot distinguish z from z' using any admissible lens in the family. OI–EI then dictates that such states must be identified a…"
P002-C0006,CLAIM,P002,theorem,THEOREM_GRADE,"Leibniz quotient factorization: Let Z be a type of microdescriptions and let \ f_i : Z→ X\ _ i∈ I be a family of lenses. Define z z' iff f_i(z)=f_i(z') for all i . Then: The relation is an equivalence relation, hence determines a quotient map q: Z→ Z/ . Each…"
P002-C0007,CLAIM,P002,theorem,THEOREM_GRADE,"Dephasing is an idempotent packaging map: Let Delta be dephasing in a fixed basis. Then: (Idempotence) Delta(Delta(rho))=Delta(rho) for all rho . (Fixed points) Delta(rho)=rho iff rho is diagonal in that basis (equivalently, rho=diag(v) for some v )."
P002-C0008,CLAIM,P002,result_summary,PAPER_STATED_RESULT_SUMMARY,"Theorem is mechanized in Lean (see lean/Sbtq/Sbtq/QuantumDephase.lean, specifically dephase_idem and dephase_fixed_iff_exists_diagonal). In this formal sense, ``collapse'' (in a chosen record basis) is not a new causal law: collapse is an idempotent packaging…"
P002-C0009,CLAIM,P002,prose_definition,PROSE_DEFINITION,"Define a basin lens (coarse record variable) f : Z → X, where X is a small set of macro labels (e.g., ``left basin'' versus ``right basin'')."
P002-C0010,CLAIM,P002,prose_definition,PROSE_DEFINITION,"Define completion by U_f(p) := _ x∈ X p(x) u_x, and define the timescale-dependent packaging operator by E_ tau,f := U_f Q_f T_tau. That is, the operator evolves the substrate, reads only the basin masses, and then discards within-basin microdetails by re-imp…"
P002-C0011,CLAIM,P002,result_summary,NAMED_RESULT_OR_GATE_SURFACE,"No-go pressures as assumptions about globally compatible packaging: Many foundational no-go results can be read as constraints on what one is allowed to treat as simultaneously well-defined at a single layer. In the SBT language, the key question becomes: Are…"
P002-C0012,CLAIM,P002,theorem,THEOREM_GRADE,"Deterministic audit contraction (finite TV DPI): Let Z and X be finite sets, let f:Z→ X be a deterministic coarse-graining, and let mu,nu be two functions on Z (in particular, distributions on Z ). Let f_ mu denote the pushforward onto X . Then total variatio…"
P002-C0013,CLAIM,P002,result_summary,PAPER_STATED_RESULT_SUMMARY,"Theorem is mechanized in Lean (see DPI_Finite.lean, specifically tvdist_pushforward_le). In quantum theory, analogous data-processing inequalities hold for standard distinguishability measures under CPTP maps (including discarding subsystems). We will not re-…"
P002-C0014,CLAIM,P002,nonclaim,EXPLICIT_NONCLAIM,We do not claim to ``solve Bell'' or to provide a new hidden-variable model.
P002-C0015,CLAIM,P002,scope_boundary,SCOPE_OR_LIMITATION_RECORD,Limitation: not a Bell solution.: We do not claim to ``solve Bell'' or to provide a new hidden-variable model. Our aim is narrower: to localize a recurring category error. Many no-go arguments are naturally read as ruling out a single globally compatible pack…
P002-C0016,CLAIM,P002,scope_boundary,SCOPE_OR_LIMITATION_RECORD,"Limitations and non-claims: To avoid overinterpretation, we emphasize what this paper does not claim. No new microdynamics. We do not propose a replacement for unitary or open quantum evolution. The core move is a reorganization of roles: causation versus pac…"
P002-C0017,CLAIM,P002,nonclaim,EXPLICIT_NONCLAIM,"To avoid overinterpretation, we emphasize what this paper does not claim."
P002-C0018,CLAIM,P002,open_problem,OPEN_PROBLEM_OR_DEFERRED_WORK,Future work: Several extensions are natural and would sharpen the framework. Spekkens toy theory as an SBT instance. Implementing Spekkens' epistemic restriction as a packaging/completion pipeline would provide a direct bridge from the diagnosis to a fully wo…
P002-C0019,CLAIM,P002,result_summary,NAMED_RESULT_OR_GATE_SURFACE,"Mechanized results in Lean: Table lists the mechanized theorems referenced in this paper. To build and verify, run: lean/Sbtq lake build"
P036-C0001,CLAIM,P036,paper_thesis,PAPER_STATED_COMPOSITE_RESULT,"Near-minimal cosmological bounds on the summed neutrino mass can shift under seemingly benign pipeline/likelihood updates, yet standard presentations rarely include lens-level stability diagnostics that distinguish cosmology from packaging effects. We address…"
P036-C0002,CLAIM,P036,nonclaim,EXPLICIT_NONCLAIM,we do not claim novelty for proposing it.
P036-C0003,CLAIM,P036,prose_definition,PROSE_DEFINITION_SECTION,"Formal definition.: Let parameters be partitioned as =(phi, _B) where phi denotes the shared parameters we hold fixed in the audit direction B|A and _B denotes nuisance parameters specific to lens B . Define the profiled log-likelihood L _B(phi) _ _B L_B(phi,…"
P036-C0004,CLAIM,P036,result_summary,NAMED_RESULT_OR_GATE_SURFACE,"Audit results: lens mismatch, localization, and staging: We now treat the SPT2018 likelihood and the SPT D1 likelihood as two lenses on (nearly) the same sky field. The central question is whether packaged outputs are stable under swapping these lenses. Follo…"
P036-C0005,CLAIM,P036,result_summary,NAMED_RESULT_OR_GATE_SURFACE,Results: m_nu shift under a lens swap: We now report the m_nu -posterior shifts induced by swapping the SPT lens (SPT2018 SPT D1) under a fixed completion ( ). We emphasize the intended interpretation: these shifts are packaged outputs and should be read alon…
P036-C0006,CLAIM,P036,result_summary,NAMED_RESULT_OR_GATE_SURFACE,Two constraints plus a gate: mode at the boundary when the unconstrained optimum is negative: Consider a single nonnegative parameter m 0 (standing in for m_nu ) and suppose two independent packaged constraints yield approximately Gaussian log-likelihood cont…
P036-C0007,CLAIM,P036,nonclaim,EXPLICIT_NONCLAIM,"Interpretation for m_nu under lens swaps This toy model does not claim that any specific real-data run must exhibit a boundary mode, and indeed our baseline+DESI production runs have near-zero boundary fraction for m_nu ( )."
P036-C0008,CLAIM,P036,scope_boundary,SCOPE_OR_LIMITATION_RECORD,"Limitations: This note is deliberately scoped and has several limitations: [leftmargin=*, itemsep=2pt] Completion/nuisance choices. Our production m_nu chains use a minimal nuisance sampling set for computational tractability, and our profiled audits optimize…"
P001-C0001,CLAIM,P001,paper_thesis,PAPER_STATED_COMPOSITE_RESULT,"Empirical cosmology infers late-time acceleration by fitting homogeneous FLRW models to data products that are, by construction, coarse-grained summaries of an inhomogeneous universe. This procedure makes it difficult to separate a fundamental component from…"
P001-C0002,CLAIM,P001,nonclaim,EXPLICIT_NONCLAIM,"This paper does not claim to refute a fundamental cosmological constant, nor does it propose a specific microphysical alternative."
P001-C0003,CLAIM,P001,scope_boundary,SCOPE_OR_LIMITATION_RECORD,"Scope boundary.: This paper does not claim to refute a fundamental cosmological constant, nor does it propose a specific microphysical alternative. Our claim is methodological and testable: given a particular lens and completion, a nonzero effective accelerat…"
P001-C0004,CLAIM,P001,definition,DEFINITION,Lens and completion: A lens is a map f:X→Y . A completion is a map U:Y→X .
P001-C0005,CLAIM,P001,definition,DEFINITION,"Packaging operator: The induced packaging operator is the endomap E = U f:X→X. Intuitively, E(x) is the ``macro-consistent representative'' obtained by observing x through f and filling in missing structure via U ."
P001-C0006,CLAIM,P001,definition,DEFINITION,"Idempotence and idempotence defect: Packaging is idempotent if E(E(x))=E(x) for all x∈X . When idempotence is only approximate, we define the idempotence defect delta(x) := d_ X (E(E(x)),E(x) )."
P001-C0007,CLAIM,P001,definition,DEFINITION,"Route mismatch: Given evolution T , define the (state-space) route mismatch diagnostic RM(x) := d_ X (E(T(x)), T(E(x)) ). Optionally, a lens-space diagnostic d_ Y (f(E(T(x))),f(T(E(x)))) may be used when only observables can be compared."
P001-C0008,CLAIM,P001,remark,INTERPRETIVE_REMARK,"Operator rewrite viewpoint: When RM(x) is generically non-negligible under a chosen lens and completion, a closed macro evolution on packaged states does not descend. SBT treats the necessary repair as an operator rewrite (P1): introduce an effective macro op…"
P001-C0009,CLAIM,P001,lemma,THEOREM_GRADE,"Commutation implies zero route mismatch (exact form): If T and E commute as functions on X (i.e., E T = T ), then the route-mismatch predicate holds for all x (equivalently, RM(x)=0 under any pseudometric compatible with equality)."
P001-C0010,CLAIM,P001,remark,INTERPRETIVE_REMARK,"Lean formalization references: The previous lemma is formalized as SixBirds. Lemmas. routeMismatch_ of_commute. Similarly, exact idempotence implies zero idempotence defect, formalized as SixBirds. Lemmas. idempotenceDefectAt_ of_idempotent. A sufficient-cond…"
P001-C0011,CLAIM,P001,scope_boundary,SCOPE_OR_LIMITATION_RECORD,"Because no physical 3 × 2pt theory engine is used in this manuscript (Limitation ), we define a low-rank surrogate prediction family as a linear correction applied to a fixed template basis: y^ th (phi) = y^ ref + T phi, where y^ ref is a fixed reference vect…"
P001-C0012,CLAIM,P001,result_summary,NAMED_RESULT_OR_GATE_SURFACE,"Results: We present results in three layers aligned with the closure-first narrative: (i) mechanism demonstrations (route mismatch and effective acceleration proxies), (ii) synthetic inference showing how a homogeneous model can infer Omega_Lambda>0 from a nu…"
P001-C0013,CLAIM,P001,result_summary,NAMED_RESULT_OR_GATE_SURFACE,Toy 1: route mismatch vanishes in the linear case and grows with nonlinearity: Toy 1 isolates the core mathematical mechanism: nonlinear micro-evolution combined with an information-losing lens yields non-commutation between packaging and evolution. Table sum…
P001-C0014,CLAIM,P001,nonclaim,EXPLICIT_NONCLAIM,"it is not the GR-averaging kinematical backreaction term, and we do not claim Toy 2 constitutes a relativistic backreaction calculation."
P001-C0015,CLAIM,P001,result_summary,NAMED_RESULT_OR_GATE_SURFACE,"Toy 2: heterogeneity induces a positive closure term proxy Q(t): Toy 2 is a patch-expansion proxy in which each patch follows a local decelerating law, but the domain-average history under the volume-average lens can depart from homogeneous dust closure. Tabl…"
P001-C0016,CLAIM,P001,result_summary,NAMED_RESULT_OR_GATE_SURFACE,Synthetic inference: Omega_Lambda>0 as a closure-induced artifact: We next treat the Toy 2 domain-average history as a generator of synthetic distance–redshift data (Section ) and fit homogeneous macro models to that mock observation. This isolates the infere…
P001-C0017,CLAIM,P001,result_summary,NAMED_RESULT_OR_GATE_SURFACE,"Homogeneous fits infer Omega_Lambda 0.6 from null- Lambda synthetic data: For one heterogeneous regime, a Lambda CDM background fit yields Omega_Lambda 0.60 even though the data were generated from a null- Lambda heterogeneous toy universe. Moreover, the Lamb…"
P001-C0018,CLAIM,P001,result_summary,NAMED_RESULT_OR_GATE_SURFACE,Rewrite term matches Lambda CDM fit quality and tracks heterogeneity: We next replace ``fit Lambda '' with a heterogeneity-proxy rewrite family (Section ) in which H^2(z)=H_ m (z)^2+Delta_H(z) and Delta_H is parameterized by a low-dimensional proxy shape. Tab…
P001-C0019,CLAIM,P001,result_summary,NAMED_RESULT_OR_GATE_SURFACE,Synthetic PPD audit: rewrite improves prediction of a held-out heterogeneity proxy: Fit quality on a single probe is not a closure audit. We therefore implement a PPD-style test (Section ) in which the model is fit to the distance–redshift probe and evaluated…
P001-C0020,CLAIM,P001,result_summary,NAMED_RESULT_OR_GATE_SURFACE,Staging dependence as a closure fingerprint: SBT predicts that closure diagnostics can depend on the staging scale (P4): changing the lens scale or the resolution at which packaging is enforced can change mismatch and the required rewrite. We demonstrate this…
P001-C0021,CLAIM,P001,result_summary,NAMED_RESULT_OR_GATE_SURFACE,"Public background probes: DES SN5YR and DES Y6 BAO: We now demonstrate the closure-first pipeline and audit protocol on public, lightweight background probes: the DES SN5YR distance-modulus vector and covariance release, and the DES Y6 BAO alpha -likelihood r…"
P001-C0022,CLAIM,P001,result_summary,NAMED_RESULT_OR_GATE_SURFACE,DES SN5YR likelihood sanity and SN-only fits: The DES SN5YR public release provides a Hubble-diagram distance vector and covariance components. A crucial sanity step is constructing the total covariance correctly: the ``STATONLY'' covariance component is zero…
P001-C0023,CLAIM,P001,result_summary,NAMED_RESULT_OR_GATE_SURFACE,"DES Y6 BAO alpha -likelihood fit: For DES Y6 BAO, the public release provides a one-dimensional likelihood curve in the dilation parameter alpha (reported as a Delta ^2(alpha) curve in the combined likelihood). In our implementation, we fit a homogeneous back…"
P001-C0024,CLAIM,P001,result_summary,NAMED_RESULT_OR_GATE_SURFACE,"Background PPD audit: fit SN, predict BAO (and reverse): Fit quality on a single probe is not, by itself, a closure audit. We therefore perform a probe-splitting posterior-predictive check (Section ) between SN and BAO. Training on SN and predicting BAO yield…"
P001-C0025,CLAIM,P001,scope_boundary,SCOPE_OR_LIMITATION_RECORD,These numbers quantify the expected limitation of fitting one compressed geometry probe and extrapolating to another in the absence of a shared completion that is coherent across both.
P001-C0026,CLAIM,P001,result_summary,NAMED_RESULT_OR_GATE_SURFACE,"Rewrite-background vs.\ Lambda CDM on SN and SN+BAO: We finally test a staged, phenomenological rewrite family directly on public background probes, without committing to a detailed inhomogeneous micro-model. Specifically, we fit a background rewrite model of…"
P001-C0027,CLAIM,P001,result_summary,NAMED_RESULT_OR_GATE_SURFACE,LSS data-layer and audit protocol (surrogate theory): We next demonstrate the Six Birds audit protocol (P6) and data-layer staging machinery on public large-scale-structure (LSS) two-point vectors. This section is intentionally framed as an audit protocol dem…
P001-C0028,CLAIM,P001,result_summary,NAMED_RESULT_OR_GATE_SURFACE,"DES Y3 2pt block map enables probe splits: We ingest the public DES Y3 2pt (maglim) data vector and covariance and construct a per-point block index assigning each element to a probe/statistic/bin combination. For the maglim vector used here ( n=1000 ), the r…"
P001-C0029,CLAIM,P001,result_summary,NAMED_RESULT_OR_GATE_SURFACE,"Probe-split PPD on DES Y3 vectors (surrogate backend): Using the block map, we define Probe A as cosmic shear and Probe B as clustering+galaxy–galaxy lensing. We then run the PPD-style audit (Section ): fit a low-dimensional macro correction on one probe bloc…"
P001-C0030,CLAIM,P001,scope_boundary,SCOPE_OR_LIMITATION_RECORD,"Because the backend is surrogate (Limitation ), the absolute scale of chi-square is not interpreted as a cosmological goodness-of-fit"
P001-C0031,CLAIM,P001,result_summary,NAMED_RESULT_OR_GATE_SURFACE,"Geometry anchors (SN+BAO) shift held-out discrepancies: To test sensitivity to external geometry information, we repeat the DES Y3 probe-split audit while adding public background-probe anchors (DES SN5YR distances and DES Y6 BAO alpha -likelihood) to the tra…"
P001-C0032,CLAIM,P001,result_summary,NAMED_RESULT_OR_GATE_SURFACE,"KiDS-450 replication (bandpower vectors): To demonstrate portability beyond DES, we replicate the same probe-split audit protocol on a public KiDS-450 3 × 2pt bandpower data product (cosmic shear bandpowers, galaxy–galaxy lensing bandpowers, and clustering ba…"
P001-C0033,CLAIM,P001,result_summary,NAMED_RESULT_OR_GATE_SURFACE,"Robustness suite: multiple splits, block bootstrap, covariance jitter: Finally, we stress-test the audit protocol on DES Y3 by varying the split definition (shear versus rest, even/odd tomographic-bin proxy, low/high tomographic-bin proxy), subsampling probe-…"
P001-C0034,CLAIM,P001,open_problem,OPEN_PROBLEM_OR_DEFERRED_WORK,"The staging sweep on DES Y3 vectors is therefore recorded as supplementary protocol evidence (Appendix ), while physical staging interpretation is deferred to a backend-enabled analysis."
P001-C0035,CLAIM,P001,scope_boundary,SCOPE_OR_LIMITATION_RECORD,"Limitations: We close with explicit limitations, which also identify the highest-value next steps. Background-probe degeneracy: with current SN+BAO geometry alone, the best-fit rewrite family collapses to a constant-like correction ( m 0 ), making it difficul…"
P001-C0036,CLAIM,P001,open_problem,OPEN_PROBLEM_OR_DEFERRED_WORK,"Additionally, the BAO alpha -likelihood is used in its released compressed form with a fixed sound-horizon ratio (full r_d( ) modeling is deferred)."
P039-C0001,CLAIM,P039,paper_thesis,PAPER_STATED_COMPOSITE_RESULT,"The deep questions around dark energy — why the cosmological constant is so small against quantum-field-theoretic expectations, why it is comparable to the matter density now, whether the DESI-era preference for an evolving, phantom-crossing equation of state…"
P039-C0002,CLAIM,P039,nonclaim,EXPLICIT_NONCLAIM,A fundamental is not refuted and its value is not derived
P047-C0001,CLAIM,P047,paper_thesis,PAPER_STATED_COMPOSITE_RESULT,"We study emergence of macroscopic lawfulness in a minimal stochastic substrate defined on a finite state space with a time-dependent micro kernel P . A closure interaction algebra composed of six primitives is specified by an enable matrix \ 0,1\ ^ 6 6 , yiel…"
P047-C0002,CLAIM,P047,result_summary,NAMED_RESULT_OR_GATE_SURFACE,"Results: All results reported below come from a manifest-defined campaign_v3 union across four micro sizes n∈\ 32,64,128,256\ (Table ). For n 128 we use the exhaustive EXP-112 suite comprising 69 PICA subalgebras with ten seeds per (config,n) (2070 runs total…"
P047-C0003,CLAIM,P047,scope_boundary,SCOPE_OR_LIMITATION_RECORD,Thus the sensitivity pattern should be interpreted as conditional on the present pipeline rather than a universal ranking of cell importance.
P047-C0004,CLAIM,P047,scope_boundary,SCOPE_OR_LIMITATION_RECORD,"Limitations and falsifiability: The following limitations are explicit constraints on what the present experiments can support, and they also define concrete falsifiers for the claims in the Results section."
P047-C0005,CLAIM,P047,scope_boundary,SCOPE_OR_LIMITATION_RECORD,"Limitations and confounds (A6-consistent).: Finite-size scope and selective scaling. We evaluate only n∈\ 32,64,128,256\ , and the n=256 data are a selected scaling suite rather than the full 69-configuration ablation set. Asymptotic scaling trends are theref…"
P047-C0006,CLAIM,P047,open_problem,OPEN_PROBLEM_OR_DEFERRED_WORK,Future work Several follow-on experiments would strengthen both the physics-like narrative and the algebraic/PICA contribution.
P047-C0007,CLAIM,P047,open_problem,OPEN_PROBLEM_OR_DEFERRED_WORK,Future work: Several follow-on experiments would strengthen both the physics-like narrative and the algebraic/PICA contribution. Controlled- tau reruns. Run matched- tau sweeps (or fixed- tau protocols) for Baseline vs Full conditions to separate closure effe…
P052-C0001,CLAIM,P052,paper_thesis,PAPER_STATED_COMPOSITE_RESULT,We present a reproducible computational pipeline that derives metric structure from finite-state Markov dynamics without assuming coordinates: substrate lens ladder closed macro kernel path-cost metric. The pipeline includes a suite of coherence audits (idemp…
P052-C0002,CLAIM,P052,nonclaim,EXPLICIT_NONCLAIM,"We emphasize that stronger claims (e.g., continuum-limit convergence to manifolds or exact curvature tensors) are not established here"
P052-C0003,CLAIM,P052,open_problem,OPEN_PROBLEM_OR_DEFERRED_WORK,Directed geometries induced by asymmetric feasibility (constraints) are natural in the SBT framework but are deferred to future work.
P052-C0004,CLAIM,P052,schema,SCHEMA,"When do we say a geometric layer exists? (Coherence schema): A single computed distance matrix is not yet ``geometry.'' Geometry is a claim of coherence under refinement: the packaged points, induced dynamics, and cost structure must stabilize across staging…"
P052-C0005,CLAIM,P052,nonclaim,EXPLICIT_NONCLAIM,For that reason we do not claim an intrinsic geometry independent of packaging
P052-C0006,CLAIM,P052,result_summary,NAMED_RESULT_OR_GATE_SURFACE,"Results I: coherent metrics, fractal regimes, and constraint deformation (E1–E4): We now report the core empirical claim of this paper: when packaging and staging yield a coherent closure, the induced cost structure supports a stable notion of ``near'' and ``…"
P052-C0007,CLAIM,P052,open_problem,OPEN_PROBLEM_OR_DEFERRED_WORK,"We present four exhibits—plane-like (grid), sphere-like (curved regime), Sierpi\'nski (fractal regime), and anisotropic deformation under constraints—and interpret them through the diagnostics introduced in Section . (Curvature as holonomy is deferred to Sect…"
P052-C0008,CLAIM,P052,result_summary,NAMED_RESULT_OR_GATE_SURFACE,"Results II: curvature as holonomy and the Pythagorean form (E2, E5): Section established that the induced cost metric can be coherent across refinement on multiple substrates. We now present two signature results that connect SBT directly to classical geometr…"
P052-C0009,CLAIM,P052,nonclaim,EXPLICIT_NONCLAIM,"Importantly, this does not claim Euclidean geometry is fundamental"
P052-C0010,CLAIM,P052,scope_boundary,SCOPE_OR_LIMITATION_RECORD,"Robustness, failure modes, and limitations: SBT is falsification-first: a layer is not declared real because it is elegant but because it survives its own closure tests. In the geometry setting, this means we must treat ``space birth'' as conditional. The sam…"
P052-C0011,CLAIM,P052,nonclaim,EXPLICIT_NONCLAIM,The Pythagoras result does not assert that Euclidean geometry is fundamental
P052-C0012,CLAIM,P052,scope_boundary,SCOPE_OR_LIMITATION_RECORD,Limitations and non-claims: We emphasize what the results do not claim. Not a proof of Euclidean fundamentality. The Pythagoras result does not assert that Euclidean geometry is fundamental; it provides evidence that Euclidean structure is a stable higher-lay…
P049-C0001,CLAIM,P049,paper_thesis,PAPER_STATED_COMPOSITE_RESULT,"A standing question in foundations is whether the deep problems of distinct domains — why the Standard Model has the structure it does, and why quantum mechanics and general relativity fail to combine — share any common explanatory machinery. We report that o…"
P049-C0002,CLAIM,P049,nonclaim,EXPLICIT_NONCLAIM,"We claim no frame-transfer: the results are conditional, toy-level structural facts ( n=2 on universality), offered as a proof of principle and placed before the community to test."
P049-C0003,CLAIM,P049,nonclaim,EXPLICIT_NONCLAIM,and there is no universal reduction claim — the calculus does not assert that all of physics decomposes into six primitives.
P049-C0004,CLAIM,P049,result_summary,NAMED_RESULT_OR_GATE_SURFACE,"What counts as a result: landing modes: Because the calculus is built to audit claims, every result in this paper carries one of a small set of grades — the landing modes — and the grade is part of the result:"
P049-C0005,CLAIM,P049,scope_boundary,SCOPE_OR_LIMITATION_RECORD,"SELECT — the machinery picks a structure out of a space, on declared conditions (e.g., the SM gauge algebra, conditional on clean-separation)."
P049-C0006,CLAIM,P049,scope_boundary,SCOPE_OR_LIMITATION_RECORD,"Non-circularity has a computed control: a product parent satisfying the same bare requirement yields 3/23 , so the value 3/8 genuinely depends on the declared source rather than being baked in (GROUND, conditional on that source)."
P049-C0007,CLAIM,P049,open_problem,OPEN_PROBLEM_OR_DEFERRED_WORK,The all-structures theorem upgrade (lemma L60 → L64) remains open and is tracked as such.
P049-C0008,CLAIM,P049,result_summary,NAMED_RESULT_OR_GATE_SURFACE,"Summary table: [] @ lll@ →prule [b] 0.28 question [b] 0.31 verdict (grade) [b] 0.34 basis [t] 0.28 exclude 99.3% of chiral gauge structures [t] 0.31 COMPUTE, unconditional [t] 0.34 closure chain on 11 , 990 structures [t] 0.28 select su(2) (3) (1) [t] 0.31 SE…"
P049-C0009,CLAIM,P049,scope_boundary,SCOPE_OR_LIMITATION_RECORD,The fork is conditional on the common-carrier premise — that QM and GR may be modeled as access quotients of one carrier at all.
P049-C0010,CLAIM,P049,result_summary,NAMED_RESULT_OR_GATE_SURFACE,Summary table: [] @ lll@ →prule [b] 0.29 question [b] 0.32 verdict (grade) [b] 0.32 basis [t] 0.29 why QM and GR don't compose [t] 0.32 COMPUTE — route mismatch Delta_3^ comp ≠ [t] 0.32 non-commuting completions; directed mismatch 0.5 [t] 0.29 GR a quotient o…
P049-C0011,CLAIM,P049,result_summary,NAMED_RESULT_OR_GATE_SURFACE,"Prediction 1 — Entanglement does not determine geometry (strong it-from-qubit fails): The contested program. A prominent line in quantum gravity (``it-from-qubit'', ER=EPR, entanglement-builds-geometry) holds that bulk spacetime is fully determined by boundar…"
P049-C0012,CLAIM,P049,scope_boundary,SCOPE_OR_LIMITATION_RECORD,conditional on the grounded premise of §5.3
P049-C0013,CLAIM,P049,result_summary,NAMED_RESULT_OR_GATE_SURFACE,"Prediction 2 — Gravity does not mediate entanglement (BMV-null): The contested program. The most anticipated near-term probe of quantum gravity is the BMV proposal (Bose et al.; Marletto–Vedral) : place two masses in spatial superpositions, let only gravity c…"
P049-C0014,CLAIM,P049,scope_boundary,SCOPE_OR_LIMITATION_RECORD,conditional on the grounded premise of §5.3
P049-C0015,CLAIM,P049,result_summary,NAMED_RESULT_OR_GATE_SURFACE,Prediction 3 — Record-stability forbids proton decay and magnetic monopoles (contra grand unification): The contested program. Grand unification generically predicts that the proton decays (lifetimes 10^ 34–36 yr in surviving models) and that monopoles exist:…
P049-C0016,CLAIM,P049,nonclaim,EXPLICIT_NONCLAIM,frame-transfer-limited — this does not prove the physical proton stable.
P049-C0017,CLAIM,P049,nonclaim,EXPLICIT_NONCLAIM,"we do not claim the SM and quantum gravity are ``the same physics'', only that one structural grammar describes both and links them — and that the links are falsifiable (Predictions 2–3 are the shared record rung made testable)."
P049-C0018,CLAIM,P049,scope_boundary,SCOPE_OR_LIMITATION_RECORD,"the product control ( 3/23 ) failing to discriminate [t] 0.05 5 [t] 0.26 N_ gen -blindness, all N [t] 0.22 PROVE-BLIND (theorem) [t] 0.40 an N -sensitive gate in the frozen chain for an even-doublet anomaly-free unit [t] 0.05 6 [t] 0.26 QM–GR fork (no weak-RT…"
P049-C0019,CLAIM,P049,open_problem,OPEN_PROBLEM_OR_DEFERRED_WORK,row 14 is its exposure to its own program. discussion-and-outlook Discussion and outlook
P049-C0020,CLAIM,P049,open_problem,OPEN_PROBLEM_OR_DEFERRED_WORK,Nearest upgrades (precisely-typed open problems): The program's open problems are not vague: each is a named lemma or audit with a stated success criterion. (i) The L60 → L64 lemma — mass-closure charge-linking forbids a second neutral record channel — upgrad…
P049-C0021,CLAIM,P049,result_summary,NAMED_RESULT_OR_GATE_SURFACE,"The six primitives and the no-algebra theorem: P=\ P_1, ,P_6\ (descent, representability, route mismatch, refinement, packaging, audit) are role labels for typed judgments. Theorem-grade exclusions (FIII): no total binary operation *: P^2→ P decodes judgment…"
P049-C0022,CLAIM,P049,prose_definition,PROSE_DEFINITION_SECTION,Landing modes and audit gates (operational definitions): Modes. COMPUTE (value/verdict from the construction); SELECT (choice on declared conditions); PROVE-BLIND (invariance theorem ⇒ observed-input); GROUND (condition supplied as down-shadow of a named high…
P049-C0023,CLAIM,P049,result_summary,NAMED_RESULT_OR_GATE_SURFACE,Rigging toward a desired verdict — both directions (Prediction 1's four attempts): The entanglement-kernel prediction (§6.1) required four constructions; the first three were rejected.
P049-C0024,CLAIM,P049,nonclaim,EXPLICIT_NONCLAIM,"the reviewer independently checked the framework source text and confirmed the subsumption claim is fair (``saying max-flow/min-cut/bit-thread RT instantiates the currency-constraint/shadow-price schema is fair''), with the stated non-claim boundary (recogniz…"
LAW:F2,LAW_OR_NO_GO,P028,LAW,direct theorem row,Descent-Repair Normal Form
LAW:F3,LAW_OR_NO_GO,P028,LAW,direct theorem row,Holonomy-Memory Repair Normal Form
LAW:F4,LAW_OR_NO_GO,P028,LAW,direct theorem row,Local-Global Obstruction Normal Form
LAW:F5,LAW_OR_NO_GO,P028,LAW,direct theorem row,Recombination Comparison
LAW:F6,LAW_OR_NO_GO,P028,LAW,substrate-delegated anchor,No-Needles Stability
LAW:F7,LAW_OR_NO_GO,P028,LAW,direct theorem row,Sufficiency Closure
LAW:F8,LAW_OR_NO_GO,P028,LAW,direct theorem row,Strict Extension
LAW:F9,LAW_OR_NO_GO,P028,LAW,direct theorem row,No Unstatused Residual
LAW:F10,LAW_OR_NO_GO,P028,LAW,direct theorem row,Quotientality
LAW:F11,LAW_OR_NO_GO,P028,LAW,direct theorem row,Adequacy / No-Overread
LAW:F12,LAW_OR_NO_GO,P028,LAW,direct theorem row,No-Free-Distinction
LAW:F13a,LAW_OR_NO_GO,P028,LAW,partial theorem wrapper,Hiddenness Normal Form
LAW:F13b,LAW_OR_NO_GO,P028,LAW,obligation-guarded wrapper,CSL Formed-Closure Law
LAW:F14,LAW_OR_NO_GO,P028,LAW,partial theorem wrapper,Duality Fixity / Self-Dual Trace Confinement
LAW:F15a,LAW_OR_NO_GO,P028,LAW,direct theorem row,Selection Obstruction / Repair Normal Form
LAW:F15b,LAW_OR_NO_GO,P028,LAW,obligation-guarded wrapper,Spontaneous Symmetry Breaking / Branch-Selection Formation
LAW:F17,LAW_OR_NO_GO,P028,LAW,direct theorem row,Objectivity as Common Quotient
LAW:F18,LAW_OR_NO_GO,P028,LAW,direct theorem row,Lawhood Descent
LAW:F19,LAW_OR_NO_GO,P028,LAW,direct theorem row,Object Persistence
LAW:F20,LAW_OR_NO_GO,P028,LAW,direct theorem row,Fact / Record Formation
LAW:F21,LAW_OR_NO_GO,P028,LAW,direct theorem row,Reflexive Nonclosure
LAW:F22,LAW_OR_NO_GO,P028,LAW,direct theorem row,Interface Mediation
LAW:F23,LAW_OR_NO_GO,P028,LAW,direct theorem row,Probability as Stable Unresolved Fiber
LAW:F24,LAW_OR_NO_GO,P028,LAW,direct theorem row,Layer Multiplicity
LAW:F25,LAW_OR_NO_GO,P028,LAW,direct theorem row,Causality as Stable Intervention Transport
LAW:F26,LAW_OR_NO_GO,P028,LAW,direct theorem row,Moduli / Contingency
LAW:F27,LAW_OR_NO_GO,P028,LAW,direct theorem row,Conservation as Orbit Descent
LAW:F28,LAW_OR_NO_GO,P028,LAW,direct theorem row,Composability
LAW:F29,LAW_OR_NO_GO,P028,LAW,direct theorem row,Presentation Invariance
LAW:F30,LAW_OR_NO_GO,P028,LAW,direct theorem row,Explanation as Compression with Descent
LAW:F31,LAW_OR_NO_GO,P028,LAW,direct theorem row,Counterfactual Legitimacy
LAW:F33,LAW_OR_NO_GO,P028,LAW,direct theorem row,Horizon Sufficiency / Holographic Compression
LAW:F34,LAW_OR_NO_GO,P028,LAW,direct theorem row,Information Loss Normal Form
LAW:F35,LAW_OR_NO_GO,P028,LAW,direct theorem row,Scale Descent / Renormalization
LAW:F36,LAW_OR_NO_GO,P028,LAW,direct theorem row,Singular Limit Completion
LAW:F37,LAW_OR_NO_GO,P028,LAW,direct theorem row,Complementarity as Non-Joint Access
LAW:F38,LAW_OR_NO_GO,P028,LAW,direct theorem row,Arrow from Record Monotonicity
LAW:F39,LAW_OR_NO_GO,P028,LAW,direct theorem row,Entropy as Fiber Volume
LAW:F40,LAW_OR_NO_GO,P028,LAW,direct theorem row,Anomaly / Symmetry Obstruction
LAW:F41,LAW_OR_NO_GO,P028,LAW,direct theorem row,Duality Equivalence
LAW:F42,LAW_OR_NO_GO,P028,LAW,direct theorem row,Irreducibility / No Short Closed Description
LAW:F43,LAW_OR_NO_GO,P028,LAW,direct theorem row,Continuum Emergence
LAW:F44,LAW_OR_NO_GO,P028,LAW,direct theorem row,Criticality / Phase Boundary
LAW:F45,LAW_OR_NO_GO,P028,LAW,direct theorem row,Locality / Domain of Dependence
LAW:F46,LAW_OR_NO_GO,P028,LAW,direct theorem row,Law–State Split
LAW:F47,LAW_OR_NO_GO,P028,LAW,direct theorem row,Fine-Tuning as Small Selector Region
LAW:F48,LAW_OR_NO_GO,P028,LAW,direct theorem row,Topology as Global Gluing Invariant
LAW:F49,LAW_OR_NO_GO,P028,LAW,direct theorem row,Common-Source / Nonlocal Correlation Normal Form
LAW:F50,LAW_OR_NO_GO,P028,LAW,direct theorem row,Vacuum / Background Selection
LAW:F51,LAW_OR_NO_GO,P028,LAW,direct theorem row,Unification as Common Refinement
LAW:F52,LAW_OR_NO_GO,P028,LAW,direct theorem row,Closure Completeness Boundary
LAW:F53,LAW_OR_NO_GO,P028,LAW,substrate-delegated anchor,Closure–Reality Boundary resolution
LAW:E1,LAW_OR_NO_GO,P030,LAW,theorem,Internalization
LAW:E2,LAW_OR_NO_GO,P030,LAW,theorem,Bounded Reflexivity
LAW:E3,LAW_OR_NO_GO,P030,LAW,theorem,Self-Maintaining Reclosure
LAW:E4,LAW_OR_NO_GO,P030,LAW,theorem,Repair Compilation
LAW:E5,LAW_OR_NO_GO,P030,LAW,theorem,Reclosure Collapse
LAW:E6,LAW_OR_NO_GO,P030,LAW,theorem,Attention
LAW:E7,LAW_OR_NO_GO,P030,LAW,theorem,Alarm
LAW:E8,LAW_OR_NO_GO,P030,LAW,theorem,Control-Price
LAW:E9,LAW_OR_NO_GO,P030,LAW,theorem,Curiosity
LAW:E10,LAW_OR_NO_GO,P030,LAW,theorem,Cognitive Demarcation
LAW:E11,LAW_OR_NO_GO,P030,LAW,theorem,Institutional Rewrite
LAW:E12,LAW_OR_NO_GO,P030,LAW,theorem,Individuation
LAW:E13,LAW_OR_NO_GO,P030,LAW,theorem,Repair Transport
LAW:E14,LAW_OR_NO_GO,P030,LAW,theorem,Reconsolidation
LAW:E15,LAW_OR_NO_GO,P030,LAW,theorem,Offline Reclosure
LAW:E16,LAW_OR_NO_GO,P030,LAW,theorem,Adaptability
LAW:G1,LAW_OR_NO_GO,P029,LAW,theorem (Part a) / schema (Part b),Hidden Amortized Solvency
LAW:G2,LAW_OR_NO_GO,P029,LAW,theorem,Transfinite Escrow
LAW:G3,LAW_OR_NO_GO,P029,LAW,theorem,Amortized Potential Currency
LAW:G4,LAW_OR_NO_GO,P029,LAW,schema,Moving-Cover Exhaustion
LAW:G5,LAW_OR_NO_GO,P029,LAW,calibration-anchored schema,Carry-Horizon Confinement
LAW:G6,LAW_OR_NO_GO,P029,LAW,schema,Endogenous Needle Generation
LAW:G7,LAW_OR_NO_GO,P029,LAW,calibration-anchored schema,Adversarial Mobility Confinement
LAW:G8,LAW_OR_NO_GO,P029,LAW,theorem,Odometer Abelianization
LAW:G9,LAW_OR_NO_GO,P029,LAW,calibration-anchored schema,Defect-Evacuation-to-Transport
LAW:G10,LAW_OR_NO_GO,P029,LAW,theorem,Lossful Boundary Persistence
LAW:G11,LAW_OR_NO_GO,P029,LAW,theorem,Local-Rule Global-Anti-Symmetry
LAW:G12,LAW_OR_NO_GO,P029,LAW,theorem,Finite Witness Radiation
LAW:G13,LAW_OR_NO_GO,P029,LAW,schema,Thin-Orbit Saturation
LAW:NG_ARROW_DPI,LAW_OR_NO_GO,P032,LAW,THEOREM,NG_ARROW_DPI
LAW:NG_PROTOCOL_TRAP,LAW_OR_NO_GO,P032,LAW,THEOREM,NG_PROTOCOL_TRAP
LAW:NG_FORCE_FOREST,LAW_OR_NO_GO,P032,LAW,THEOREM,NG_FORCE_FOREST
LAW:NG_FORCE_NULL,LAW_OR_NO_GO,P032,LAW,THEOREM,NG_FORCE_NULL
LAW:NG_MACRO_CLOSURE_DEFICIT,LAW_OR_NO_GO,P032,LAW,THEOREM,NG_MACRO_CLOSURE_DEFICIT
LAW:NG_OBJECT_CONTRACTIVE,LAW_OR_NO_GO,P032,LAW,THEOREM,NG_OBJECT_CONTRACTIVE
LAW:NG_LADDER_IDEM,LAW_OR_NO_GO,P032,LAW,THEOREM,NG_LADDER_IDEM
LAW:NG_LADDER_BOUNDED_INTERFACE,LAW_OR_NO_GO,P032,LAW,THEOREM,NG_LADDER_BOUNDED_INTERFACE
WISH:ARC-H1,WISH_ATOM,,WISH,RELATED_PRECEDENT_ONLY_NEW_VII_WORK_REMAINS,Define how a theory's accessible domain is fixed at formation and the minimum lawful founding data.
WISH:ARC-H2,WISH_ATOM,,WISH,RELATED_PRECEDENT_ONLY_NEW_VII_WORK_REMAINS,Give a complete typed classification of admission mechanisms into a theory domain.
WISH:ARC-H3,WISH_ATOM,,WISH,COUNTERMODEL_OBLIGATION_CONFIRMED,Decide from a rule set or closure operator when no admissible first extension can occur without external provision.
WISH:ARC-H4,WISH_ATOM,,WISH,PARTIAL_PRECEDENT_IDENTIFIED,"Prove an anti-smuggling law for access growth, adjacent to but stronger than No-Free-Distinction."
WISH:ARC-H5,WISH_ATOM,,WISH,RELATED_PRECEDENT_ONLY_NEW_VII_WORK_REMAINS,Separate co-sourcing from shared access and from independent joining.
WISH:ARC-H6,WISH_ATOM,,WISH,RELATED_PRECEDENT_ONLY_NEW_VII_WORK_REMAINS,"Define preregistered, timestamped, priced prospective commitments that can lawfully admit later evidence."
WISH:ARC-H7,WISH_ATOM,,WISH,RELATED_PRECEDENT_ONLY_NEW_VII_WORK_REMAINS,"Specify lawful domain growth, expiry, revocation, retraction, and rollback."
WISH:ARC-H8,WISH_ATOM,,WISH,COUNTERMODEL_OBLIGATION_CONFIRMED,Relate founding-domain width to later reachability without equating wider with better.
WISH:ARC-H9,WISH_ATOM,,WISH,RELATED_PRECEDENT_ONLY_NEW_VII_WORK_REMAINS,State the minimum certified preconditions before a pair may enter the join calculus.
WISH:ARC-H10,WISH_ATOM,,WISH,RELATED_PRECEDENT_ONLY_NEW_VII_WORK_REMAINS,Classify mutually independent reasons a lawful join may fail.
WISH:ARC-H11,WISH_ATOM,,WISH,RELATED_PRECEDENT_ONLY_NEW_VII_WORK_REMAINS,Certify that a strict join carries content not available from either parent or a mere product/common refinement.
WISH:ARC-H12,WISH_ATOM,,WISH,PARTIAL_PRECEDENT_IDENTIFIED,"Require each parent record used in a join to be native or honestly bridged, with no fallback laundering."
WISH:ARC-H13,WISH_ATOM,,WISH,RELATED_PRECEDENT_ONLY_NEW_VII_WORK_REMAINS,"Price retention of both parents and the genuinely joint contribution, including possible economies or cross-costs."
WISH:ARC-H14,WISH_ATOM,,WISH,RELATED_PRECEDENT_ONLY_NEW_VII_WORK_REMAINS,"Attribute a closure rewrite to theorist, carrier, other theory, observer, environment, or mixed trigger."
WISH:ARC-H15,WISH_ATOM,,WISH,RELATED_PRECEDENT_ONLY_NEW_VII_WORK_REMAINS,State necessary and sufficient conditions for a system to carry and execute its own enabling operation.
WISH:ARC-H16,WISH_ATOM,,WISH,PARTIAL_PRECEDENT_IDENTIFIED,Reconcile and sharpen existing layer-birth classes before introducing a new classification.
WISH:ARC-H17,WISH_ATOM,,WISH,RELATED_PRECEDENT_ONLY_NEW_VII_WORK_REMAINS,"Give a typed transmission table for upward, downward, and peer interfaces."
WISH:ARC-H18,WISH_ATOM,,WISH,PARTIAL_PRECEDENT_IDENTIFIED,"Classify loss, ambiguity, and nonfactorization when a parent projects to a child interface."
WISH:ARC-H19,WISH_ATOM,,WISH,RELATED_PRECEDENT_ONLY_NEW_VII_WORK_REMAINS,Determine when certified content from one theory can lawfully become available to a peer without a join.
WISH:ARC-H20,WISH_ATOM,,WISH,RELATED_PRECEDENT_ONLY_NEW_VII_WORK_REMAINS,Define the middle ground between mutual irrelevance and formation of a joint theory.
WISH:ARC-H21,WISH_ATOM,,WISH,RELATED_PRECEDENT_ONLY_NEW_VII_WORK_REMAINS,Make certified mutual irrelevance or obstruction a positive scientific result.
WISH:ARC-H22,WISH_ATOM,,WISH,RELATED_PRECEDENT_ONLY_NEW_VII_WORK_REMAINS,Give prospective commitment a certified temporal order and distinguish preregistration from retrospective fit.
WISH:ARC-H23,WISH_ATOM,,WISH,RELATED_PRECEDENT_ONLY_NEW_VII_WORK_REMAINS,Define and measure route residue around cycles of theories.
WISH:ARC-H24,WISH_ATOM,,WISH,COUNTERMODEL_OBLIGATION_CONFIRMED,State when distinct lawful admission routes produce the same domain state and when order matters.
WISH:ARC-H25,WISH_ATOM,,WISH,COUNTERMODEL_OBLIGATION_CONFIRMED,Test whether evidence-arrival or bracketing order changes a join certificate.
WISH:ARC-NG1,WISH_ATOM,,WISH,RELATED_PRECEDENT_ONLY_NEW_VII_WORK_REMAINS,No admissible first extension under a closed self-referential admission regime without an allowed seed/bridge.
WISH:ARC-NG2,WISH_ATOM,,WISH,COUNTERMODEL_OBLIGATION_CONFIRMED,Resemblance-only admission cannot certify an independent strict join and may saturate domains.
WISH:ARC-NG3,WISH_ATOM,,WISH,RELATED_PRECEDENT_ONLY_NEW_VII_WORK_REMAINS,A prediction cannot be discharged solely by an observation whose admission was defined retrospectively by that prediction.
WISH:ARC-NG4,WISH_ATOM,,WISH,RELATED_PRECEDENT_ONLY_NEW_VII_WORK_REMAINS,"Results proved under total lenses do not transfer automatically to partial, self-owned access domains."
WISH:ARC-H26,WISH_ATOM,,WISH,RELATED_PRECEDENT_ONLY_NEW_VII_WORK_REMAINS,Relate enlargement of access/probe families to dissolution and endogenous manufacture of needles.
WISH:ARC-H27,WISH_ATOM,,WISH,RELATED_PRECEDENT_ONLY_NEW_VII_WORK_REMAINS,"Treat prospective commitments as finite, budgeted probes rather than cost-free universal reservations."
WISH:ARC-H28,WISH_ATOM,,WISH,RELATED_PRECEDENT_ONLY_NEW_VII_WORK_REMAINS,"Define residuals left by inaccessible, unadmitted, expired, or failed access claims."
WISH:ARC-S1,WISH_ATOM,,WISH,CORPUS_RESULT_IDENTIFIED_VERIFY_EXACT_SCOPE,Require an applicability/bridge certificate for every named law imported from another paper or layer.
WISH:ARC-S2,WISH_ATOM,,WISH,CORPUS_RESULT_IDENTIFIED_VERIFY_EXACT_SCOPE,Require evidence that a sound mechanism can actually be reached or fired in the declared substrate.
WISH:ARC-S3,WISH_ATOM,,WISH,RELATED_PRECEDENT_ONLY_NEW_VII_WORK_REMAINS,Define a privilege as an instrument-accessed particular the system cannot revise from within its declared operations.
WISH:ARC-S4,WISH_ATOM,,WISH,CORPUS_RESULT_IDENTIFIED_VERIFY_EXACT_SCOPE,"State exactly what one negative, exhaustive negative, and closed-family negative can falsify."
WISH:ARC-S5,WISH_ATOM,,WISH,CORPUS_RESULT_IDENTIFIED_VERIFY_EXACT_SCOPE,"Judge implementations against normative specifications, not examples that may be incomplete or inconsistent."
WISH:ARC-S6,WISH_ATOM,,WISH,CORPUS_RESULT_IDENTIFIED_VERIFY_EXACT_SCOPE,"Separate lawfulness, non-vacuity, reachability, actual firing, and occurrence."
WISH:ARC-LAB,WISH_ATOM,,WISH,RELATED_PRECEDENT_ONLY_NEW_VII_WORK_REMAINS,"Build a finite Two-Theory World containing bootstrap, prospective commitment, genuine/obstructed joins, order effects, and nulls."
WISH:ARC-NONGOALS,WISH_ATOM,,WISH,CORPUS_RESULT_IDENTIFIED_VERIFY_EXACT_SCOPE,"Preserve the wish list's exclusions: do not redo I–VI, universalize partial results, or derive empirical phenomena."
WISH:CLD-O1,WISH_ATOM,,WISH,RELATED_PRECEDENT_ONLY_NEW_VII_WORK_REMAINS,"Define determination, exposure, and recoverability as separate interface coordinates."
WISH:CLD-O2,WISH_ATOM,,WISH,RELATED_PRECEDENT_ONLY_NEW_VII_WORK_REMAINS,"Define a join relative to an admissibility regime, with compatibility, existence, and cost."
WISH:CLD-O3,WISH_ATOM,,WISH,RELATED_PRECEDENT_ONLY_NEW_VII_WORK_REMAINS,"Define enablement as distinct from descent, containment, and fixed-layer causation."
WISH:CLD-O4,WISH_ATOM,,WISH,RELATED_PRECEDENT_ONLY_NEW_VII_WORK_REMAINS,Record top-down refinement versus bottom-up assembly and test whether they reach the same fixed point.
WISH:CLD-A1,WISH_ATOM,,WISH,RELATED_PRECEDENT_ONLY_NEW_VII_WORK_REMAINS,Give necessary and sufficient join-existence conditions with free/constrained/no-join cases.
WISH:CLD-A2,WISH_ATOM,,WISH,COUNTERMODEL_OBLIGATION_CONFIRMED,Prove or refute reduction of the join to a categorical product/pullback under explicit hypotheses.
WISH:CLD-A3,WISH_ATOM,,WISH,RELATED_PRECEDENT_ONLY_NEW_VII_WORK_REMAINS,"Identify join currency, cross-costs, and possible refunds/economies."
WISH:CLD-A4,WISH_ATOM,,WISH,RELATED_PRECEDENT_ONLY_NEW_VII_WORK_REMAINS,Determine when a join of strict extensions is strict over one or both parents.
WISH:CLD-A5,WISH_ATOM,,WISH,COUNTERMODEL_OBLIGATION_CONFIRMED,Analyze associativity and bracketing dependence of joins as interaction holonomy.
WISH:CLD-B1,WISH_ATOM,,WISH,COUNTERMODEL_OBLIGATION_CONFIRMED,Characterize confluence of source refinement and target coarsening at whole-construction scale.
WISH:CLD-B2,WISH_ATOM,,WISH,RELATED_PRECEDENT_ONLY_NEW_VII_WORK_REMAINS,Find invariants detecting layers reachable only by one construction direction.
WISH:CLD-B3,WISH_ATOM,,WISH,RELATED_PRECEDENT_ONLY_NEW_VII_WORK_REMAINS,State when a closure fixed point is independent of the initial partition and when it is not.
WISH:CLD-C1,WISH_ATOM,,WISH,RELATED_PRECEDENT_ONLY_NEW_VII_WORK_REMAINS,Exhibit enablement without factorization or descent.
WISH:CLD-C2,WISH_ATOM,,WISH,PARTIAL_PRECEDENT_IDENTIFIED,Lift the laboratory enablement-time assay to a scoped layer-agnostic law with no-birth control.
WISH:CLD-C3,WISH_ATOM,,WISH,RELATED_PRECEDENT_ONLY_NEW_VII_WORK_REMAINS,Show that an enabler can be necessary while remaining insufficient to determine the enabled layer.
WISH:CLD-C4,WISH_ATOM,,WISH,RELATED_PRECEDENT_ONLY_NEW_VII_WORK_REMAINS,"Determine composition conditions and accumulated budget, residual, or holonomy along enablement chains."
WISH:CLD-D1,WISH_ATOM,,WISH,COUNTERMODEL_OBLIGATION_CONFIRMED,Test whether equal determination with different exposure is behaviorally inert exactly when recoverable from auxiliary structure.
WISH:CLD-D2,WISH_ATOM,,WISH,RELATED_PRECEDENT_ONLY_NEW_VII_WORK_REMAINS,Define exposure overread when a declared distinction is manufactured by an operation the substrate does not perform.
WISH:CLD-D3,WISH_ATOM,,WISH,RELATED_PRECEDENT_ONLY_NEW_VII_WORK_REMAINS,Determine when a well-formed combination of lawful operations is itself a lawful substrate operation.
WISH:CLD-D4,WISH_ATOM,,WISH,RELATED_PRECEDENT_ONLY_NEW_VII_WORK_REMAINS,Classify packages with no nontrivial admissible coarse-graining and distinguish genuine rigidity from overconstraint or wrong interface.
WISH:CLD-E1,WISH_ATOM,,WISH,RELATED_PRECEDENT_ONLY_NEW_VII_WORK_REMAINS,No audited join without a nontrivial payment beyond mere co-presentation.
WISH:CLD-E2,WISH_ATOM,,WISH,RELATED_PRECEDENT_ONLY_NEW_VII_WORK_REMAINS,A join cannot create distinctions absent from parents plus declared bridge.
WISH:CLD-E3,WISH_ATOM,,WISH,COUNTERMODEL_OBLIGATION_CONFIRMED,Construct lawful theories with no admissible common joint package.
WISH:CLD-E4,WISH_ATOM,,WISH,RELATED_PRECEDENT_ONLY_NEW_VII_WORK_REMAINS,Use order-dependent composition to test absence of a global theory potential.
WISH:CLD-F,WISH_ATOM,,WISH,UNRESOLVED_REQUIRES_LATER_SCOPE_DECISION,Either develop generators/relations for primitive operations or explicitly defer until categorical apparatus exists.
WISH:CLD-DISC,WISH_ATOM,,WISH,COUNTERMODEL_OBLIGATION_CONFIRMED,"Use explicit claim grades, countermodel atlas, solved calibrations, nonclaims, mechanization ledger, and no silent universality."
WISH:MM-STATUS,WISH_ATOM,,WISH,RELATED_PRECEDENT_ONLY_NEW_VII_WORK_REMAINS,"Define a four-stage status ladder: expressible, present/provisioned, reachable by lawful runtime operations, and actually occurrent."
WISH:MM-BOOT,WISH_ATOM,,WISH,RELATED_PRECEDENT_ONLY_NEW_VII_WORK_REMAINS,Classify self-bootstrapping capabilities and minimum seed sets for non-self-bootstrapping capabilities.
WISH:MM-SEED,WISH_ATOM,,WISH,RELATED_PRECEDENT_ONLY_NEW_VII_WORK_REMAINS,"Separate neutral stocking from outcome-rigging using symmetry, task-blindness, preregistration, and carried control coordinates."
WISH:MM-INDEP,WISH_ATOM,,WISH,RELATED_PRECEDENT_ONLY_NEW_VII_WORK_REMAINS,Separate ancestry/source independence from behavioral nonfactorization; require join claims to name which one they establish.
WISH:MM-LOCAL,WISH_ATOM,,WISH,COUNTERMODEL_OBLIGATION_CONFIRMED,"Require destination ownership and contact-before-connection for local interface growth, with countermodels when dropped."
WISH:MM-HORIZON,WISH_ATOM,,WISH,RELATED_PRECEDENT_ONLY_NEW_VII_WORK_REMAINS,Specify what finite-horizon non-occurrence implies about reachability and capability.
WISH:MM-OBSERVER,WISH_ATOM,,WISH,RELATED_PRECEDENT_ONLY_NEW_VII_WORK_REMAINS,Account for instrument consumption of bounded shared resources before claiming native formation.
WISH:MM-JOINNF,WISH_ATOM,,WISH,RELATED_PRECEDENT_ONLY_NEW_VII_WORK_REMAINS,"Require parent tuple, ancestry evidence, licensing control, obstruction semantics, and explicit failure meaning."
WISH:MM-NG1,WISH_ATOM,,WISH,RELATED_PRECEDENT_ONLY_NEW_VII_WORK_REMAINS,A join mechanism cannot create the first capability needed to execute itself without an admitted seed.
WISH:MM-NG2,WISH_ATOM,,WISH,RELATED_PRECEDENT_ONLY_NEW_VII_WORK_REMAINS,Shared ancestry blocks independence-sensitive join claims regardless of behavioral novelty.
WISH:MM-NG3,WISH_ATOM,,WISH,RELATED_PRECEDENT_ONLY_NEW_VII_WORK_REMAINS,An observer using bounded shared capacity cannot certify native formation while omitting its occupancy.
WISH:MM-NG4,WISH_ATOM,,WISH,PARTIAL_PRECEDENT_IDENTIFIED,One negative point cannot refute an existential capability claim; exhaustive closed-family negatives have different force.
WISH:MM-OP1,WISH_ATOM,,WISH,UNRESOLVED_REQUIRES_LATER_SCOPE_DECISION,Name the shadow price of confluence and whether it is dual to a resource constraint.
WISH:MM-OP2,WISH_ATOM,,WISH,UNRESOLVED_REQUIRES_LATER_SCOPE_DECISION,Test whether A-then-B versus B-then-A produces a join obstruction.
WISH:MM-OP3,WISH_ATOM,,WISH,UNRESOLVED_REQUIRES_LATER_SCOPE_DECISION,Determine whether rendezvous is minimal or one of several irreducible physical join primitives.
WISH:MM-OP4,WISH_ATOM,,WISH,UNRESOLVED_REQUIRES_LATER_SCOPE_DECISION,Determine whether join birth can create participants and how it relates to layer birth.
WISH:MM-BRIDGE,WISH_ATOM,,WISH,CORPUS_RESULT_IDENTIFIED_VERIFY_EXACT_SCOPE,Turn lawful cross-paper transport into a reflexive rule governing VII's own citations.
WISH:MM-WITHDRAW,WISH_ATOM,,WISH,CORPUS_RESULT_IDENTIFIED_VERIFY_EXACT_SCOPE,"Maintain an append-only semantic withdrawal register, including paraphrase sweeps."
WISH:MM-NONGOAL,WISH_ATOM,,WISH,CORPUS_RESULT_IDENTIFIED_VERIFY_EXACT_SCOPE,"Keep reachability/occurrence, interaction/correspondence, observer/world, and reachability/derivation separations explicit."
WISH:MED-D1,WISH_ATOM,,WISH,RELATED_PRECEDENT_ONLY_NEW_VII_WORK_REMAINS,"Define a typed interaction record with theory packages, contact surface, and witnessed contact."
WISH:MED-D2,WISH_ATOM,,WISH,RELATED_PRECEDENT_ONLY_NEW_VII_WORK_REMAINS,"Distinguish coincidence, common refinement, strict join, obstructed join, and fake join."
WISH:MED-D3,WISH_ATOM,,WISH,RELATED_PRECEDENT_ONLY_NEW_VII_WORK_REMAINS,"Classify rendezvous, sequential transport, shared carrier, mediation, and shared-budget contact."
WISH:MED-D4,WISH_ATOM,,WISH,RELATED_PRECEDENT_ONLY_NEW_VII_WORK_REMAINS,Type upward and downward transmission rather than using rhetorical arrows.
WISH:MED-D5,WISH_ATOM,,WISH,PARTIAL_PRECEDENT_IDENTIFIED,"Attach host, instrument, source, audit, and nonclaim records to every interaction claim."
WISH:MED-T1,WISH_ATOM,,WISH,RELATED_PRECEDENT_ONLY_NEW_VII_WORK_REMAINS,Construct two theories whose witnessed interaction carries content absent from parents and common refinement.
WISH:MED-T2,WISH_ATOM,,WISH,COUNTERMODEL_OBLIGATION_CONFIRMED,Show whether refining a parent can destroy an admissible join.
WISH:MED-T3,WISH_ATOM,,WISH,RELATED_PRECEDENT_ONLY_NEW_VII_WORK_REMAINS,"Classify vocabulary, budget, record-closure, gluing, and temporal obstructions, with completeness only if proved."
WISH:MED-T4,WISH_ATOM,,WISH,RELATED_PRECEDENT_ONLY_NEW_VII_WORK_REMAINS,Separate sequential composition of interactions from interaction of composite theories.
WISH:MED-T5,WISH_ATOM,,WISH,UNRESOLVED_REQUIRES_LATER_SCOPE_DECISION,"Identify conserved quantities or contact degrees across joining, if any."
WISH:MED-T6,WISH_ATOM,,WISH,RELATED_PRECEDENT_ONLY_NEW_VII_WORK_REMAINS,Determine what laws/records descend through a join and what is necessarily lost.
WISH:MED-T7,WISH_ATOM,,WISH,COUNTERMODEL_OBLIGATION_CONFIRMED,Test whether join failure is generically non-attributable to either parent.
WISH:MED-NG1,WISH_ATOM,,WISH,RELATED_PRECEDENT_ONLY_NEW_VII_WORK_REMAINS,"Relabeling, coarsening, or presentation change cannot manufacture joint predictive content."
WISH:MED-NG2,WISH_ATOM,,WISH,RELATED_PRECEDENT_ONLY_NEW_VII_WORK_REMAINS,Common-source re-expression cannot establish an independence-sensitive strict join without an additional independence witness.
WISH:MED-NG3,WISH_ATOM,,WISH,COUNTERMODEL_OBLIGATION_CONFIRMED,A higher layer may select/constrain/reinterpret lower possibilities but cannot create lower facts absent from the lower carrier.
WISH:MED-NG4,WISH_ATOM,,WISH,RELATED_PRECEDENT_ONLY_NEW_VII_WORK_REMAINS,Budgeted layers cannot have evidenced contact at zero total cost unless an explicit zero-cost channel exists.
WISH:MED-NG5,WISH_ATOM,,WISH,RELATED_PRECEDENT_ONLY_NEW_VII_WORK_REMAINS,Bound simultaneously live joins in terms of finite carrier/interface resources.
WISH:MED-B1,WISH_ATOM,,WISH,RELATED_PRECEDENT_ONLY_NEW_VII_WORK_REMAINS,Distinguish undergoing closure from performing closure and test whether birth occurs at contact surfaces.
WISH:MED-B2,WISH_ATOM,,WISH,RELATED_PRECEDENT_ONLY_NEW_VII_WORK_REMAINS,"State finite expressivity requirements for a new layer to be reachable, including ability to alter interaction structure where needed."
WISH:MED-B3,WISH_ATOM,,WISH,CORPUS_RESULT_IDENTIFIED_VERIFY_EXACT_SCOPE,Explicitly separate observer-certified extension from endogenous enablement.
WISH:MED-UP,WISH_ATOM,,WISH,COUNTERMODEL_OBLIGATION_CONFIRMED,Test an asymmetry: obstructions/invariants rise by necessity while downward influence selects among already afforded options.
WISH:MED-CIRC,WISH_ATOM,,WISH,UNRESOLVED_REQUIRES_LATER_SCOPE_DECISION,Formulate consistency/fixed-point conditions for mutually constraining layers without self-certification.
WISH:MED-H1,WISH_ATOM,,WISH,RELATED_PRECEDENT_ONLY_NEW_VII_WORK_REMAINS,Measure non-associativity/order residue of multi-theory interaction.
WISH:MED-H2,WISH_ATOM,,WISH,RELATED_PRECEDENT_ONLY_NEW_VII_WORK_REMAINS,Determine whether identical members assembled in different orders yield the same theory.
WISH:MED-H3,WISH_ATOM,,WISH,CORPUS_RESULT_IDENTIFIED_VERIFY_EXACT_SCOPE,Require null-versus-driven controls for every inter-theory holonomy or arrow claim.
WISH:MED-H4,WISH_ATOM,,WISH,UNRESOLVED_REQUIRES_LATER_SCOPE_DECISION,Test irreversibility of joining beyond entropy production internal to either parent.
WISH:MED-H5,WISH_ATOM,,WISH,RELATED_PRECEDENT_ONLY_NEW_VII_WORK_REMAINS,Define simultaneous contact for theories with potentially incommensurable internal times.
WISH:MED-N1,WISH_ATOM,,WISH,RELATED_PRECEDENT_ONLY_NEW_VII_WORK_REMAINS,"Classify obstruction dissolution by ascent, peer join, refinement, or terminality."
WISH:MED-N2,WISH_ATOM,,WISH,RELATED_PRECEDENT_ONLY_NEW_VII_WORK_REMAINS,Characterize obstructions removable by a peer join without ascent.
WISH:MED-N3,WISH_ATOM,,WISH,COUNTERMODEL_OBLIGATION_CONFIRMED,Test whether joining can manufacture new localized obstructions.
WISH:MED-N4,WISH_ATOM,,WISH,RELATED_PRECEDENT_ONLY_NEW_VII_WORK_REMAINS,Determine additive versus cross-term residual accounting across joins.
WISH:MED-I1,WISH_ATOM,,WISH,CORPUS_RESULT_IDENTIFIED_VERIFY_EXACT_SCOPE,"Attach detector, null, and falsifier obligations to every interaction law."
WISH:MED-I2,WISH_ATOM,,WISH,RELATED_PRECEDENT_ONLY_NEW_VII_WORK_REMAINS,Specify append-only records sufficient to certify a join after the fact.
WISH:MED-I3,WISH_ATOM,,WISH,RELATED_PRECEDENT_ONLY_NEW_VII_WORK_REMAINS,"Make source independence, visibility, and capacity preconditions first-class detector obligations."
WISH:MED-I4,WISH_ATOM,,WISH,RELATED_PRECEDENT_ONLY_NEW_VII_WORK_REMAINS,"Require same-source, no-contact, scheduling, relabeling, and coincidence nulls."
WISH:MED-I5,WISH_ATOM,,WISH,RELATED_PRECEDENT_ONLY_NEW_VII_WORK_REMAINS,Represent contact and joins that have begun but have not completed.
WISH:MED-M1,WISH_ATOM,,WISH,CORPUS_RESULT_IDENTIFIED_VERIFY_EXACT_SCOPE,Require source-object/target-object maps before transporting a named theorem.
WISH:MED-M2,WISH_ATOM,,WISH,CORPUS_RESULT_IDENTIFIED_VERIFY_EXACT_SCOPE,Maintain first-class records of failed bridges and retracted interpretations.
WISH:MED-M3,WISH_ATOM,,WISH,CORPUS_RESULT_IDENTIFIED_VERIFY_EXACT_SCOPE,Format each design requirement separately from its imported rationale.
WISH:MED-S1,WISH_ATOM,,WISH,PARTIAL_PRECEDENT_IDENTIFIED,"Treat source independence as a necessary gate for independence-sensitive joins, not a sufficient causal-independence proof."
WISH:MED-S2,WISH_ATOM,,WISH,CORPUS_RESULT_IDENTIFIED_VERIFY_EXACT_SCOPE,Use asymmetric error costs and conservative defaults for first-positive join claims.
WISH:MED-S3,WISH_ATOM,,WISH,CORPUS_RESULT_IDENTIFIED_VERIFY_EXACT_SCOPE,"Label every interaction condition necessary, sufficient, both, or neither."
WISH:MED-S4,WISH_ATOM,,WISH,RELATED_PRECEDENT_ONLY_NEW_VII_WORK_REMAINS,Publish substrate expressivity requirements for each interaction type before interpreting nulls.
WISH:MED-S5,WISH_ATOM,,WISH,CORPUS_RESULT_IDENTIFIED_VERIFY_EXACT_SCOPE,Tie negative-result force to search-family closure and quantifiers.
WISH:MED-S6,WISH_ATOM,,WISH,CORPUS_RESULT_IDENTIFIED_VERIFY_EXACT_SCOPE,Validate that safety/independence gates are active and not vacuous.
