block_id,operation,p040_line_range,p058_line_range,p040_start_1based,p040_end_1based_inclusive,p058_start_1based,p058_end_1based_inclusive,p040_line_count,p058_line_count,p040_excerpt,p058_excerpt,status,inference_boundary
VF-SAU-01-L0001,EQUAL,1-13,1-13,1,13,1,13,13,13,"\documentclass[11pt]{article} \usepackage[T1]{fontenc} \usepackage[utf8]{inputenc} \usepackage[english]{babel} \usepackage[margin=1in]{geometry} \usepackage{lmodern} \usepackage{microtype} \usepackage{mathtools} \usepackage{amsmath,amssymb…","\documentclass[11pt]{article} \usepackage[T1]{fontenc} \usepackage[utf8]{inputenc} \usepackage[english]{babel} \usepackage[margin=1in]{geometry} \usepackage{lmodern} \usepackage{microtype} \usepackage{mathtools} \usepackage{amsmath,amssymb…",RAW_TEX_ALIGNMENT_ONLY,NO_CLAIM_EQUIVALENCE_CANONICAL_MEMBER_OR_EVIDENCE_INDEPENDENCE_INFERRED
VF-SAU-01-L0002,INSERT,EMPTY,14,,,14,14,0,1,,\usepackage{float},RAW_TEX_ALIGNMENT_ONLY,NO_CLAIM_EQUIVALENCE_CANONICAL_MEMBER_OR_EVIDENCE_INDEPENDENCE_INFERRED
VF-SAU-01-L0003,EQUAL,14-141,15-142,14,141,15,142,128,128,\usepackage{graphicx} \usepackage{tikz} \usetikzlibrary{positioning} \usepackage{pdflscape} \usepackage{caption} \usepackage{enumitem} \usepackage{fancyhdr} \usepackage[numbers]{natbib} \usepackage{doi} \usepackage{xurl} \usepackage{hyperr…,\usepackage{graphicx} \usepackage{tikz} \usetikzlibrary{positioning} \usepackage{pdflscape} \usepackage{caption} \usepackage{enumitem} \usepackage{fancyhdr} \usepackage[numbers]{natbib} \usepackage{doi} \usepackage{xurl} \usepackage{hyperr…,RAW_TEX_ALIGNMENT_ONLY,NO_CLAIM_EQUIVALENCE_CANONICAL_MEMBER_OR_EVIDENCE_INDEPENDENCE_INFERRED
VF-SAU-01-L0004,INSERT,EMPTY,143-145,,,143,145,0,3,,\floatstyle{ruled} \newfloat{algorithm}{tbp}{loa} \floatname{algorithm}{Algorithm},RAW_TEX_ALIGNMENT_ONLY,NO_CLAIM_EQUIVALENCE_CANONICAL_MEMBER_OR_EVIDENCE_INDEPENDENCE_INFERRED
VF-SAU-01-L0005,EQUAL,142-150,146-154,142,150,146,154,9,9,"\urlstyle{same} \captionsetup{ font=small, labelfont=bf, labelsep=period } \captionsetup[table]{skip=6pt,position=top} \captionsetup[figure]{skip=6pt}","\urlstyle{same} \captionsetup{ font=small, labelfont=bf, labelsep=period } \captionsetup[table]{skip=6pt,position=top} \captionsetup[figure]{skip=6pt}",RAW_TEX_ALIGNMENT_ONLY,NO_CLAIM_EQUIVALENCE_CANONICAL_MEMBER_OR_EVIDENCE_INDEPENDENCE_INFERRED
VF-SAU-01-L0006,INSERT,EMPTY,155,,,155,155,0,1,,"\captionsetup[algorithm]{skip=6pt,position=top}",RAW_TEX_ALIGNMENT_ONLY,NO_CLAIM_EQUIVALENCE_CANONICAL_MEMBER_OR_EVIDENCE_INDEPENDENCE_INFERRED
VF-SAU-01-L0007,EQUAL,151-179,156-184,151,179,156,184,29,29,\crefname{algorithm}{algorithm}{algorithms} \Crefname{algorithm}{Algorithm}{Algorithms} \crefname{theorem}{theorem}{theorems} \Crefname{theorem}{Theorem}{Theorems} \crefname{lemma}{lemma}{lemmas} \Crefname{lemma}{Lemma}{Lemmas} \crefname{p…,\crefname{algorithm}{algorithm}{algorithms} \Crefname{algorithm}{Algorithm}{Algorithms} \crefname{theorem}{theorem}{theorems} \Crefname{theorem}{Theorem}{Theorems} \crefname{lemma}{lemma}{lemmas} \Crefname{lemma}{Lemma}{Lemmas} \crefname{p…,RAW_TEX_ALIGNMENT_ONLY,NO_CLAIM_EQUIVALENCE_CANONICAL_MEMBER_OR_EVIDENCE_INDEPENDENCE_INFERRED
VF-SAU-01-L0008,REPLACE,180,185,180,180,185,185,1,1,"\fancyfoot[C]{\scriptsize Automorph Inc., Wilmington, DE, USA \quad \texttt{ioannis@automorph.io} \quad \textcopyright\ 2026 \quad CC-BY 4.0 \quad DOI: \href{https://doi.org/10.5281/zenodo.20712761}{10.5281/zenodo.20712761}}","\fancyfoot[C]{\scriptsize Automorph Inc., Wilmington, DE, USA \quad \texttt{ioannis@automorph.io} \quad \textcopyright\ 2026 \quad CC-BY 4.0}",RAW_TEX_ALIGNMENT_ONLY,NO_CLAIM_EQUIVALENCE_CANONICAL_MEMBER_OR_EVIDENCE_INDEPENDENCE_INFERRED
VF-SAU-01-L0009,EQUAL,181-184,186-189,181,184,186,189,4,4,\renewcommand{\headrulewidth}{0pt} \renewcommand{\footrulewidth}{0pt} },\renewcommand{\headrulewidth}{0pt} \renewcommand{\footrulewidth}{0pt} },RAW_TEX_ALIGNMENT_ONLY,NO_CLAIM_EQUIVALENCE_CANONICAL_MEMBER_OR_EVIDENCE_INDEPENDENCE_INFERRED
VF-SAU-01-L0010,REPLACE,185,190,185,185,190,190,1,1,\title{Why Mathematics Even Works},\title{The Usefulness of Non-Descending Objects: A Six Birds Theory of Mathematical Applicability},RAW_TEX_ALIGNMENT_ONLY,NO_CLAIM_EQUIVALENCE_CANONICAL_MEMBER_OR_EVIDENCE_INDEPENDENCE_INFERRED
VF-SAU-01-L0011,EQUAL,186-188,191-193,186,188,191,193,3,3,"\author{Ioannis Tsiokos\,\orcidlink{0009-0009-7659-5964}} \date{\today} \hypersetup{","\author{Ioannis Tsiokos\,\orcidlink{0009-0009-7659-5964}} \date{\today} \hypersetup{",RAW_TEX_ALIGNMENT_ONLY,NO_CLAIM_EQUIVALENCE_CANONICAL_MEMBER_OR_EVIDENCE_INDEPENDENCE_INFERRED
VF-SAU-01-L0012,REPLACE,189,194,189,189,194,194,1,1,"pdftitle={Why Mathematics Even Works},","pdftitle={The Usefulness of Non-Descending Objects: A Six Birds Theory of Mathematical Applicability},",RAW_TEX_ALIGNMENT_ONLY,NO_CLAIM_EQUIVALENCE_CANONICAL_MEMBER_OR_EVIDENCE_INDEPENDENCE_INFERRED
VF-SAU-01-L0013,EQUAL,190-199,195-204,190,199,195,204,10,10,"pdfauthor={Ioannis Tsiokos}, hidelinks } \begin{document} \maketitle \thispagestyle{firstpage} \begin{abstract}","pdfauthor={Ioannis Tsiokos}, hidelinks } \begin{document} \maketitle \thispagestyle{firstpage} \begin{abstract}",RAW_TEX_ALIGNMENT_ONLY,NO_CLAIM_EQUIVALENCE_CANONICAL_MEMBER_OR_EVIDENCE_INDEPENDENCE_INFERRED
VF-SAU-01-L0014,REPLACE,200-209,205-213,200,209,205,213,10,9,"Many of the objects mathematics uses to solve problems do not live in the layer where the problem is posed. Imaginary numbers are not real, infinitesimals are not real scalars, roots of irreducible polynomials need not lie in the base fiel…","What makes a mathematical object useful when it does not live in the layer where the problem is posed? Imaginary numbers are not real, infinitesimals are not real scalars, roots of irreducible polynomials need not lie in the base field, an…",RAW_TEX_ALIGNMENT_ONLY,NO_CLAIM_EQUIVALENCE_CANONICAL_MEMBER_OR_EVIDENCE_INDEPENDENCE_INFERRED
VF-SAU-01-L0015,EQUAL,210,214,210,210,214,214,1,1,,,RAW_TEX_ALIGNMENT_ONLY,NO_CLAIM_EQUIVALENCE_CANONICAL_MEMBER_OR_EVIDENCE_INDEPENDENCE_INFERRED
VF-SAU-01-L0016,REPLACE,211-230,215-228,211,230,215,228,20,14,"The main results are an essential boundary necessity theorem, which forces hidden non-descent together with an audited lower-layer boundary expression; a boundary normal form; a partial converse closing the circle from trace to validated c…","The main results are a theorem stack: Essential Boundary Necessity (Theorem A), which forces hidden promoted support and an audited lower boundary; SAU Boundary Normal Form (Theorem B); a Partial Converse and Tautology Barrier (Theorem C);…",RAW_TEX_ALIGNMENT_ONLY,NO_CLAIM_EQUIVALENCE_CANONICAL_MEMBER_OR_EVIDENCE_INDEPENDENCE_INFERRED
VF-SAU-01-L0017,EQUAL,231-233,229-231,231,233,229,231,3,3,\end{abstract} \medskip,\end{abstract} \medskip,RAW_TEX_ALIGNMENT_ONLY,NO_CLAIM_EQUIVALENCE_CANONICAL_MEMBER_OR_EVIDENCE_INDEPENDENCE_INFERRED
VF-SAU-01-L0018,REPLACE,234,232,234,234,232,232,1,1,\noindent\textbf{Keywords.} mathematical applicability; Six Birds Theory; emergence calculus; non-descending objects; audited descent; Strict Audited Utility; theory layers; promotion bridges; profile transfer; Galois theory; dual numbers;…,\noindent\textbf{Keywords.} mathematical applicability; non-descending objects; audited descent; Strict Audited Utility; theory layers; promotion bridges; profile transfer; graph cohomology.,RAW_TEX_ALIGNMENT_ONLY,NO_CLAIM_EQUIVALENCE_CANONICAL_MEMBER_OR_EVIDENCE_INDEPENDENCE_INFERRED
VF-SAU-01-L0019,EQUAL,235,233,235,235,233,233,1,1,,,RAW_TEX_ALIGNMENT_ONLY,NO_CLAIM_EQUIVALENCE_CANONICAL_MEMBER_OR_EVIDENCE_INDEPENDENCE_INFERRED
VF-SAU-01-L0020,REPLACE,236,234,236,236,234,234,1,1,\section{Introduction}\label{sec:intro},\section{Introduction: The Use of Impossible Objects}\label{sec:intro},RAW_TEX_ALIGNMENT_ONLY,NO_CLAIM_EQUIVALENCE_CANONICAL_MEMBER_OR_EVIDENCE_INDEPENDENCE_INFERRED
VF-SAU-01-L0021,EQUAL,237,235,237,237,235,235,1,1,,,RAW_TEX_ALIGNMENT_ONLY,NO_CLAIM_EQUIVALENCE_CANONICAL_MEMBER_OR_EVIDENCE_INDEPENDENCE_INFERRED
VF-SAU-01-L0022,REPLACE,238,236,238,238,236,236,1,1,\subsection{Useful objects outside the setting},\subsection{Useful but illegal objects},RAW_TEX_ALIGNMENT_ONLY,NO_CLAIM_EQUIVALENCE_CANONICAL_MEMBER_OR_EVIDENCE_INDEPENDENCE_INFERRED
VF-SAU-01-L0023,EQUAL,239-241,237-239,239,241,237,239,3,3,"\label{subsec:intro-illegal-objects} The number $i$ is not a real number, but $i^2=-1$ is. A calculation may","\label{subsec:intro-illegal-objects} The number $i$ is not a real number, but $i^2=-1$ is. A calculation may",RAW_TEX_ALIGNMENT_ONLY,NO_CLAIM_EQUIVALENCE_CANONICAL_MEMBER_OR_EVIDENCE_INDEPENDENCE_INFERRED
VF-SAU-01-L0024,REPLACE,242-244,240-242,242,244,240,242,3,3,"introduce an element outside \(\R\) while still returning a statement inside \(\R\); \(\C\) supplies the extra room, but the equation \(i^2=-1\) is read back in the original real setting. The same pattern appears for","therefore introduce an element outside \(\R\) while still returning a statement inside \(\R\); \(\C\) supplies the extra room, but the equation \(i^2=-1\) is read back in the original real setting. The same pattern appears for",RAW_TEX_ALIGNMENT_ONLY,NO_CLAIM_EQUIVALENCE_CANONICAL_MEMBER_OR_EVIDENCE_INDEPENDENCE_INFERRED
VF-SAU-01-L0025,EQUAL,245-246,243-244,245,246,243,244,2,2,"infinitesimals: in the dual-number algebra \(\Dual\), the symbol \(\varepsilon\) satisfies \(\varepsilon^2=0\), and the first-order identity","infinitesimals: in the dual-number algebra \(\Dual\), the symbol \(\varepsilon\) satisfies \(\varepsilon^2=0\), and the first-order identity",RAW_TEX_ALIGNMENT_ONLY,NO_CLAIM_EQUIVALENCE_CANONICAL_MEMBER_OR_EVIDENCE_INDEPENDENCE_INFERRED
VF-SAU-01-L0026,REPLACE,247-249,245-246,247,249,245,246,3,2,"\(f(x+\varepsilon)=f(x)+f'(x)\varepsilon\) exposes the ordinary derivative as a coefficient. This is one local form of the broader question of mathematical effectiveness and applicability \citep{Wigner1960,Hamming1980}.",\(f(x+\varepsilon)=f(x)+f'(x)\varepsilon\) exposes the ordinary derivative as a coefficient.,RAW_TEX_ALIGNMENT_ONLY,NO_CLAIM_EQUIVALENCE_CANONICAL_MEMBER_OR_EVIDENCE_INDEPENDENCE_INFERRED
VF-SAU-01-L0027,EQUAL,250,247,250,250,247,247,1,1,,,RAW_TEX_ALIGNMENT_ONLY,NO_CLAIM_EQUIVALENCE_CANONICAL_MEMBER_OR_EVIDENCE_INDEPENDENCE_INFERRED
VF-SAU-01-L0028,REPLACE,251-256,248-253,251,256,248,253,6,6,"The same shape recurs in algebra and topology. Over \(\mathbb Q\), a splitting field for \(t^2-2\) contains the element \(\alpha=\sqrt 2\), which is not in \(\mathbb Q\), while the polynomial \(t^2-2\) itself lies in \(\mathbb Q[t]\). On a…","It appears again in algebra. If one starts over \(\mathbb Q\), a splitting field for \(t^2-2\) contains an element \(\alpha=\sqrt 2\) that is not in \(\mathbb Q\), while its minimal polynomial \(t^2-2\) lies in \(\mathbb Q[t]\). It also ap…",RAW_TEX_ALIGNMENT_ONLY,NO_CLAIM_EQUIVALENCE_CANONICAL_MEMBER_OR_EVIDENCE_INDEPENDENCE_INFERRED
VF-SAU-01-L0029,EQUAL,257,254,257,257,254,254,1,1,,,RAW_TEX_ALIGNMENT_ONLY,NO_CLAIM_EQUIVALENCE_CANONICAL_MEMBER_OR_EVIDENCE_INDEPENDENCE_INFERRED
VF-SAU-01-L0030,REPLACE,258-265,255-262,258,265,255,262,8,8,"These four constructions are classical; we make no claim of novelty for complex numbers, dual numbers, splitting fields, or graph cohomology. What the paper addresses is their common structural shape: the calculation uses an object that is…","These four examples are classical mathematics; the paper does not claim novelty for complex numbers, dual numbers, splitting fields, or graph cohomology themselves. Their common shape is what matters here: the calculation uses an object th…",RAW_TEX_ALIGNMENT_ONLY,NO_CLAIM_EQUIVALENCE_CANONICAL_MEMBER_OR_EVIDENCE_INDEPENDENCE_INFERRED
VF-SAU-01-L0031,EQUAL,266,263,266,266,263,263,1,1,,,RAW_TEX_ALIGNMENT_ONLY,NO_CLAIM_EQUIVALENCE_CANONICAL_MEMBER_OR_EVIDENCE_INDEPENDENCE_INFERRED
VF-SAU-01-L0032,REPLACE,267-273,264-270,267,273,264,270,7,7,"We will call the original setting the \emph{lower layer}: the mathematical world in which the problem, the proposed answers, and the accepted outputs are stated. We will call the richer ambient setting the \emph{promoted layer}: a larger s…","For the rest of the paper, call the original setting the lower layer: the mathematical world in which the problem, proposed answers, and accepted outputs are stated. Call the richer ambient setting the promoted layer: the larger structure…",RAW_TEX_ALIGNMENT_ONLY,NO_CLAIM_EQUIVALENCE_CANONICAL_MEMBER_OR_EVIDENCE_INDEPENDENCE_INFERRED
VF-SAU-01-L0033,EQUAL,274,271,274,274,271,271,1,1,,,RAW_TEX_ALIGNMENT_ONLY,NO_CLAIM_EQUIVALENCE_CANONICAL_MEMBER_OR_EVIDENCE_INDEPENDENCE_INFERRED
VF-SAU-01-L0034,REPLACE,275,272,275,275,272,272,1,1,\subsection{From correspondence to descent},\subsection{The question swap},RAW_TEX_ALIGNMENT_ONLY,NO_CLAIM_EQUIVALENCE_CANONICAL_MEMBER_OR_EVIDENCE_INDEPENDENCE_INFERRED
VF-SAU-01-L0035,EQUAL,276-277,273-274,276,277,273,274,2,2,\label{subsec:intro-question-swap},\label{subsec:intro-question-swap},RAW_TEX_ALIGNMENT_ONLY,NO_CLAIM_EQUIVALENCE_CANONICAL_MEMBER_OR_EVIDENCE_INDEPENDENCE_INFERRED
VF-SAU-01-L0036,REPLACE,278-286,275-280,278,286,275,280,9,6,"The preceding examples suggest a sharper question than ``does this object correspond to something real?'' We ask instead: what fails to be expressible in the lower layer, what is expressible there, and what derivation connects the two? Thr…","The preceding examples suggest a more useful question than ``does this object correspond to something real?'' The working question is mathematical: what fails to be expressible in the lower layer, what is expressible there, and what deriva…",RAW_TEX_ALIGNMENT_ONLY,NO_CLAIM_EQUIVALENCE_CANONICAL_MEMBER_OR_EVIDENCE_INDEPENDENCE_INFERRED
VF-SAU-01-L0037,EQUAL,287,281,287,287,281,281,1,1,,,RAW_TEX_ALIGNMENT_ONLY,NO_CLAIM_EQUIVALENCE_CANONICAL_MEMBER_OR_EVIDENCE_INDEPENDENCE_INFERRED
VF-SAU-01-L0038,REPLACE,288-294,282-289,288,294,282,289,7,8,"In each of the four examples, the useful calculation has two sides: something does not descend, while some related expression does. The imaginary case separates the quarter-turn from its real-shadow square; the dual-number case separates t…","As in the four examples above, the point is not merely that a larger setting has been introduced. The imaginary case separates a promoted object from its lower-layer square; the dual-number case separates the infinitesimal direction from t…",RAW_TEX_ALIGNMENT_ONLY,NO_CLAIM_EQUIVALENCE_CANONICAL_MEMBER_OR_EVIDENCE_INDEPENDENCE_INFERRED
VF-SAU-01-L0039,EQUAL,295,290,295,295,290,290,1,1,,,RAW_TEX_ALIGNMENT_ONLY,NO_CLAIM_EQUIVALENCE_CANONICAL_MEMBER_OR_EVIDENCE_INDEPENDENCE_INFERRED
VF-SAU-01-L0040,REPLACE,296-300,291-296,296,300,291,296,5,6,"Phrased this way, both the non-descent and the derivation that recovers a lower-layer expression become structured mathematical data. The next subsection states the paper's main claim: strict useful mathematics requires non-descent paired…","This phrasing turns a philosophical worry into structured mathematical data. The object's non-descent is part of the data, and so is the derivation that recovers a lower-layer expression from the promoted calculation. The next subsection s…",RAW_TEX_ALIGNMENT_ONLY,NO_CLAIM_EQUIVALENCE_CANONICAL_MEMBER_OR_EVIDENCE_INDEPENDENCE_INFERRED
VF-SAU-01-L0041,EQUAL,301,297,301,301,297,297,1,1,,,RAW_TEX_ALIGNMENT_ONLY,NO_CLAIM_EQUIVALENCE_CANONICAL_MEMBER_OR_EVIDENCE_INDEPENDENCE_INFERRED
VF-SAU-01-L0042,REPLACE,302,298,302,302,298,298,1,1,\subsection{Main claim and organization of results},\subsection{Contribution preview},RAW_TEX_ALIGNMENT_ONLY,NO_CLAIM_EQUIVALENCE_CANONICAL_MEMBER_OR_EVIDENCE_INDEPENDENCE_INFERRED
VF-SAU-01-L0043,EQUAL,303-304,299-300,303,304,299,300,2,2,\label{subsec:intro-contribution-preview},\label{subsec:intro-contribution-preview},RAW_TEX_ALIGNMENT_ONLY,NO_CLAIM_EQUIVALENCE_CANONICAL_MEMBER_OR_EVIDENCE_INDEPENDENCE_INFERRED
VF-SAU-01-L0044,REPLACE,305-312,301-309,305,312,301,309,8,9,"The main claim is that, in finite typed audited promoted-use traces, strict mathematical usefulness---what we call \emph{Strict Audited Utility} (SAU), formally defined in \Cref{sec:layers}---forces hidden non-descent paired with audited b…","The paper's scoped thesis is that, in finite typed audited promoted-use traces, strict mathematical usefulness---what this paper calls \emph{Strict Audited Utility} (SAU), formally defined in \Cref{sec:layers}---forces hidden non-descent p…",RAW_TEX_ALIGNMENT_ONLY,NO_CLAIM_EQUIVALENCE_CANONICAL_MEMBER_OR_EVIDENCE_INDEPENDENCE_INFERRED
VF-SAU-01-L0045,EQUAL,313,310,313,313,310,310,1,1,,,RAW_TEX_ALIGNMENT_ONLY,NO_CLAIM_EQUIVALENCE_CANONICAL_MEMBER_OR_EVIDENCE_INDEPENDENCE_INFERRED
VF-SAU-01-L0046,REPLACE,314-322,311-318,314,322,311,318,9,8,\Cref{sec:necessity} develops the necessity side. An essential boundary necessity theorem shows that any strict useful trace forces a non-descending support and an audited descent expression at its boundary. A boundary normal form theorem…,"The first three previewed results, developed in \Cref{sec:necessity}, explain why this structure is forced. Theorem A, Essential boundary necessity, says that a strict useful trace forces a non-descending support and an audited descent exp…",RAW_TEX_ALIGNMENT_ONLY,NO_CLAIM_EQUIVALENCE_CANONICAL_MEMBER_OR_EVIDENCE_INDEPENDENCE_INFERRED
VF-SAU-01-L0047,EQUAL,323,319,323,323,319,319,1,1,,,RAW_TEX_ALIGNMENT_ONLY,NO_CLAIM_EQUIVALENCE_CANONICAL_MEMBER_OR_EVIDENCE_INDEPENDENCE_INFERRED
VF-SAU-01-L0048,REPLACE,324-330,320-327,324,330,320,327,7,8,"\Cref{sec:soundness-failure} and \Cref{sec:classification} bound what such a certificate licenses and how it can fail. A soundness theorem shows that an accepted certificate licenses only the audited lower-layer answer, never the literaliz…","The next two results separate licensed conclusions from tempting overstatements. Theorem D, SAU soundness, proved in \Cref{sec:soundness-failure}, says that an accepted certificate licenses only the audited lower-layer answer, never litera…",RAW_TEX_ALIGNMENT_ONLY,NO_CLAIM_EQUIVALENCE_CANONICAL_MEMBER_OR_EVIDENCE_INDEPENDENCE_INFERRED
VF-SAU-01-L0049,EQUAL,331,328,331,331,328,328,1,1,,,RAW_TEX_ALIGNMENT_ONLY,NO_CLAIM_EQUIVALENCE_CANONICAL_MEMBER_OR_EVIDENCE_INDEPENDENCE_INFERRED
VF-SAU-01-L0050,REPLACE,332-338,329-337,332,338,329,337,7,9,"\Cref{sec:imaginary,sec:calculus,sec:galois,sec:cohomology} verify the classification by constructing four canonical witnesses, one for each primitive head: imaginary numbers as a root-composite case, dual numbers and first jets as a coeff…","The last two results explain why the four case studies are not merely illustrative. Theorem F, Minimality and universal promotion, says that the imaginary, calculus, Galois, and cohomology cases in \Cref{sec:imaginary,sec:calculus,sec:galo…",RAW_TEX_ALIGNMENT_ONLY,NO_CLAIM_EQUIVALENCE_CANONICAL_MEMBER_OR_EVIDENCE_INDEPENDENCE_INFERRED
VF-SAU-01-L0051,EQUAL,339,338,339,339,338,338,1,1,,,RAW_TEX_ALIGNMENT_ONLY,NO_CLAIM_EQUIVALENCE_CANONICAL_MEMBER_OR_EVIDENCE_INDEPENDENCE_INFERRED
VF-SAU-01-L0052,REPLACE,340-345,339,340,345,339,339,6,1,"\Cref{sec:transfer} abstracts the shared shape into a typed profile skeleton and proves a transfer theorem: a profile validated in one case is portable to another under matching audit hypotheses, but the transfer remains conditional on tar…",\subsection{Scope and roadmap},RAW_TEX_ALIGNMENT_ONLY,NO_CLAIM_EQUIVALENCE_CANONICAL_MEMBER_OR_EVIDENCE_INDEPENDENCE_INFERRED
VF-SAU-01-L0053,EQUAL,346-347,340-341,346,347,340,341,2,2,\label{subsec:intro-scope-roadmap},\label{subsec:intro-scope-roadmap},RAW_TEX_ALIGNMENT_ONLY,NO_CLAIM_EQUIVALENCE_CANONICAL_MEMBER_OR_EVIDENCE_INDEPENDENCE_INFERRED
VF-SAU-01-L0054,REPLACE,348-356,342-352,348,356,342,352,9,11,"The scope is intentionally narrow. We study strict useful promoted-use traces, not mathematical practice in general; we do not classify every useful mathematical structure, and we do not literalize hidden promoted objects as lower-layer co…","The scope is deliberately narrow. This paper does not claim that all mathematics is useful, does not classify every useful mathematical structure, and does not claim that hidden promoted objects literally belong to the lower layer. It also…",RAW_TEX_ALIGNMENT_ONLY,NO_CLAIM_EQUIVALENCE_CANONICAL_MEMBER_OR_EVIDENCE_INDEPENDENCE_INFERRED
VF-SAU-01-L0055,EQUAL,357,353,357,357,353,353,1,1,,,RAW_TEX_ALIGNMENT_ONLY,NO_CLAIM_EQUIVALENCE_CANONICAL_MEMBER_OR_EVIDENCE_INDEPENDENCE_INFERRED
VF-SAU-01-L0056,REPLACE,358-366,354-366,358,366,354,366,9,13,"\Cref{sec:layers} introduces the formal vocabulary---theory packages, lower problems, promotion bridges, audited descending expressions, and the SAU certificate---and \Cref{sec:necessity} proves the necessity and normal-form results. \Cref…","\Cref{sec:layers} gives the formal language of theory packages, lower problems, promotion bridges, and certificates. \Cref{sec:necessity} proves Theorems A--C by extracting necessity, normal form, and the anti-tautology converse from stric…",RAW_TEX_ALIGNMENT_ONLY,NO_CLAIM_EQUIVALENCE_CANONICAL_MEMBER_OR_EVIDENCE_INDEPENDENCE_INFERRED
VF-SAU-01-L0057,EQUAL,367-371,367-371,367,371,367,371,5,5,\section{Theory Layers and Promoted-Use Traces}\label{sec:layers} \subsection{Theory packages and instruments} \label{subsec:layers-packages-instruments},\section{Theory Layers and Promoted-Use Traces}\label{sec:layers} \subsection{Theory packages and instruments} \label{subsec:layers-packages-instruments},RAW_TEX_ALIGNMENT_ONLY,NO_CLAIM_EQUIVALENCE_CANONICAL_MEMBER_OR_EVIDENCE_INDEPENDENCE_INFERRED
VF-SAU-01-L0058,REPLACE,372-373,372-373,372,373,372,373,2,2,"A theory layer is an ordinary mathematical setting together with the way it is being observed. It may be a base field \(K\) before adjoining a root, the","A theory layer is an ordinary mathematical setting together with the way it is being observed. It may be a base field \(K\) before adjoining a root, the",RAW_TEX_ALIGNMENT_ONLY,NO_CLAIM_EQUIVALENCE_CANONICAL_MEMBER_OR_EVIDENCE_INDEPENDENCE_INFERRED
VF-SAU-01-L0059,EQUAL,374,374,374,374,374,374,1,1,"real numbers \(\R\) before passing to \(\C\), value-only data before first","real numbers \(\R\) before passing to \(\C\), value-only data before first",RAW_TEX_ALIGNMENT_ONLY,NO_CLAIM_EQUIVALENCE_CANONICAL_MEMBER_OR_EVIDENCE_INDEPENDENCE_INFERRED
VF-SAU-01-L0060,REPLACE,375-383,375-377,375,383,375,377,9,3,"jets, or the cochain complex \(C^\bullet(\Gamma;k)\) before passing to \(H^1\). In each case there is not only a carrier of objects but also a \emph{lens}: an observation map or interface that records which distinctions the layer can see.…","jets, or the cochain ledger before \(H^1\). In each case there is not only a carrier of objects, but also a lens: an observation map or interface recording which distinctions the layer can see.",RAW_TEX_ALIGNMENT_ONLY,NO_CLAIM_EQUIVALENCE_CANONICAL_MEMBER_OR_EVIDENCE_INDEPENDENCE_INFERRED
VF-SAU-01-L0061,EQUAL,384-397,378-391,384,397,378,391,14,14,"\begin{definition}[Theory package] \label{def:sau-theory-package} A theory package is a tuple \[ \mathcal T=(Z,f,\Sigma_f,E,\mathcal A), \] where \(Z\) is a carrier, \(f:Z\to O\) is a lens or interface, \(\Sigma_f\) is the family of distin…","\begin{definition}[Theory package] \label{def:sau-theory-package} A theory package is a tuple \[ \mathcal T=(Z,f,\Sigma_f,E,\mathcal A), \] where \(Z\) is a carrier, \(f:Z\to O\) is a lens or interface, \(\Sigma_f\) is the family of distin…",RAW_TEX_ALIGNMENT_ONLY,NO_CLAIM_EQUIVALENCE_CANONICAL_MEMBER_OR_EVIDENCE_INDEPENDENCE_INFERRED
VF-SAU-01-L0062,REPLACE,398-402,392-396,398,402,392,396,5,5,"This definition is richer than a bare set or a bare structure: the lens \(f\) records which distinctions are visible, and \(\mathcal A\) records the declared audit functional attached to the package. The accompanying \emph{instrument} fixe…","This definition is deliberately richer than a bare set or a bare structure: the lens \(f\) says which distinctions are visible, and \(\mathcal A\) records the declared audit functional for that package. The accompanying instrument is the p…",RAW_TEX_ALIGNMENT_ONLY,NO_CLAIM_EQUIVALENCE_CANONICAL_MEMBER_OR_EVIDENCE_INDEPENDENCE_INFERRED
VF-SAU-01-L0063,EQUAL,403-471,397-465,403,471,397,465,69,69,"\begin{definition}[Instrument] \label{def:sau-instrument} An instrument is a finite typed record \[ I=(\mathsf{vis}_I,\Theta_I,\mathsf{BridgePolicy}_I,\mathsf{AuditPolicy}_I, \mathsf{SourcePolicy}_I,\mathcal N_I), \] where \(\mathsf{vis}_I…","\begin{definition}[Instrument] \label{def:sau-instrument} An instrument is a finite typed record \[ I=(\mathsf{vis}_I,\Theta_I,\mathsf{BridgePolicy}_I,\mathsf{AuditPolicy}_I, \mathsf{SourcePolicy}_I,\mathcal N_I), \] where \(\mathsf{vis}_I…",RAW_TEX_ALIGNMENT_ONLY,NO_CLAIM_EQUIVALENCE_CANONICAL_MEMBER_OR_EVIDENCE_INDEPENDENCE_INFERRED
VF-SAU-01-L0064,REPLACE,472-476,466-471,472,476,466,471,5,6,"A first concrete example is the imaginary case (developed in \Cref{sec:imaginary}): the lens is the real-shadow map \(q:C_4\to\{-1,0,1\}\), the lower problem asks for a same-layer square root of real reversal, and no lower candidate passes…","The imaginary case supplies the first finite preview. There the real-shadow lens \(q:C_4\to Y_3\) sends a four-element promoted carrier to a three-element shadow carrier; the lower problem asks for a half-step of real reversal, and the low…",RAW_TEX_ALIGNMENT_ONLY,NO_CLAIM_EQUIVALENCE_CANONICAL_MEMBER_OR_EVIDENCE_INDEPENDENCE_INFERRED
VF-SAU-01-L0065,EQUAL,477-563,472-558,477,563,472,558,87,87,"\subsection{Promotion bridges} \label{subsec:layers-promotion-bridges} A generic bridge is any declared way of comparing an enriched setting with the lower one, often by an embedding together with a way to pull information back. A promotio…","\subsection{Promotion bridges} \label{subsec:layers-promotion-bridges} A generic bridge is any declared way of comparing an enriched setting with the lower one, often by an embedding together with a way to pull information back. A promotio…",RAW_TEX_ALIGNMENT_ONLY,NO_CLAIM_EQUIVALENCE_CANONICAL_MEMBER_OR_EVIDENCE_INDEPENDENCE_INFERRED
VF-SAU-01-L0066,REPLACE,564-566,559-561,564,566,559,561,3,3,"declared lower interface. Later arguments distinguish the promoted datum from the lower expression that is eventually accepted, and the present definition makes that distinction explicit.",declared lower interface. The body needs this definition because the later arguments distinguish the promoted datum from the lower expression that is eventually accepted.,RAW_TEX_ALIGNMENT_ONLY,NO_CLAIM_EQUIVALENCE_CANONICAL_MEMBER_OR_EVIDENCE_INDEPENDENCE_INFERRED
VF-SAU-01-L0067,EQUAL,567-605,562-600,567,605,562,600,39,39,"\begin{definition}[Non-descending promoted structure] \label{def:sau-nondescending-structure} A promoted structure \(U\) is non-descending relative to \((q,I_B)\), written \[ U\not\downarrow_q, \] when the declared lower interface cannot a…","\begin{definition}[Non-descending promoted structure] \label{def:sau-nondescending-structure} A promoted structure \(U\) is non-descending relative to \((q,I_B)\), written \[ U\not\downarrow_q, \] when the declared lower interface cannot a…",RAW_TEX_ALIGNMENT_ONLY,NO_CLAIM_EQUIVALENCE_CANONICAL_MEMBER_OR_EVIDENCE_INDEPENDENCE_INFERRED
VF-SAU-01-L0068,REPLACE,606-613,601-607,606,613,601,607,8,7,"The no-overreading and no-smuggling clauses anticipate the soundness discipline of \Cref{sec:soundness-failure}: \emph{no-overreading} requires that only the audited descended expression is claimed at the lower layer, not the hidden promot…","The no-overreading and no-smuggling clauses are forward references to the soundness discipline of \Cref{sec:soundness-failure}: no-overreading means claiming only the audited descended expression, not the hidden promoted object, and no-smu…",RAW_TEX_ALIGNMENT_ONLY,NO_CLAIM_EQUIVALENCE_CANONICAL_MEMBER_OR_EVIDENCE_INDEPENDENCE_INFERRED
VF-SAU-01-L0069,EQUAL,614-657,608-651,614,657,608,651,44,44,"\begin{definition}[Strict Audited Utility certificate] \label{def:sau-certificate} Let \(\mathfrak P_0\) be a lower problem profile and \(B_{0\to1}\) a promotion bridge. A Strict Audited Utility certificate, abbreviated \[ \mathsf{SAU}(\ma…","\begin{definition}[Strict Audited Utility certificate] \label{def:sau-certificate} Let \(\mathfrak P_0\) be a lower problem profile and \(B_{0\to1}\) a promotion bridge. A Strict Audited Utility certificate, abbreviated \[ \mathsf{SAU}(\ma…",RAW_TEX_ALIGNMENT_ONLY,NO_CLAIM_EQUIVALENCE_CANONICAL_MEMBER_OR_EVIDENCE_INDEPENDENCE_INFERRED
VF-SAU-01-L0070,REPLACE,658,652,658,658,652,652,1,1,"In its shortest form, the certificate pattern reads",The certificate pattern can be read in its shortest form as,RAW_TEX_ALIGNMENT_ONLY,NO_CLAIM_EQUIVALENCE_CANONICAL_MEMBER_OR_EVIDENCE_INDEPENDENCE_INFERRED
VF-SAU-01-L0071,EQUAL,659,653,659,659,653,653,1,1,\[,\[,RAW_TEX_ALIGNMENT_ONLY,NO_CLAIM_EQUIVALENCE_CANONICAL_MEMBER_OR_EVIDENCE_INDEPENDENCE_INFERRED
VF-SAU-01-L0072,REPLACE,660,654,660,660,654,654,1,1,"\boxed{\,U\ndown_q,\qquad C(U)\down_B a^\sharp.\,}","\boxed{U\ndown_q,\qquad C(U)\down_B a^\sharp.}",RAW_TEX_ALIGNMENT_ONLY,NO_CLAIM_EQUIVALENCE_CANONICAL_MEMBER_OR_EVIDENCE_INDEPENDENCE_INFERRED
VF-SAU-01-L0073,EQUAL,661,655,661,661,655,655,1,1,\],\],RAW_TEX_ALIGNMENT_ONLY,NO_CLAIM_EQUIVALENCE_CANONICAL_MEMBER_OR_EVIDENCE_INDEPENDENCE_INFERRED
VF-SAU-01-L0074,REPLACE,662-666,656-660,662,666,656,660,5,5,"The remainder of the paper studies what this record forces (\Cref{sec:necessity}), what it licenses (\Cref{sec:soundness-failure}), how its shapes classify (\Cref{sec:classification}), and how validated shapes transfer across cases (\Cref{…","The rest of the paper studies what this record forces in \Cref{sec:necessity}, what it licenses in \Cref{sec:soundness-failure}, how its shapes are classified in \Cref{sec:classification}, and how validated shapes transfer across cases in…",RAW_TEX_ALIGNMENT_ONLY,NO_CLAIM_EQUIVALENCE_CANONICAL_MEMBER_OR_EVIDENCE_INDEPENDENCE_INFERRED
VF-SAU-01-L0075,EQUAL,667-668,661-662,667,668,661,662,2,2,\section{Necessity and Normal Form}\label{sec:necessity},\section{Necessity and Normal Form}\label{sec:necessity},RAW_TEX_ALIGNMENT_ONLY,NO_CLAIM_EQUIVALENCE_CANONICAL_MEMBER_OR_EVIDENCE_INDEPENDENCE_INFERRED
VF-SAU-01-L0076,REPLACE,669,663,669,669,663,663,1,1,\subsection{Promoted-use traces},\subsection{Promoted-use traces and the anti-tautology setup},RAW_TEX_ALIGNMENT_ONLY,NO_CLAIM_EQUIVALENCE_CANONICAL_MEMBER_OR_EVIDENCE_INDEPENDENCE_INFERRED
VF-SAU-01-L0077,EQUAL,670-671,664-665,670,671,664,665,2,2,\label{subsec:necessity-traces-setup},\label{subsec:necessity-traces-setup},RAW_TEX_ALIGNMENT_ONLY,NO_CLAIM_EQUIVALENCE_CANONICAL_MEMBER_OR_EVIDENCE_INDEPENDENCE_INFERRED
VF-SAU-01-L0078,REPLACE,672-683,666-671,672,683,666,671,12,6,"Were the SAU certificate of \Cref{sec:layers} a self-fulfilling definition, the central claim of the paper would be empty. The next two sections show that the certificate is forced, not chosen: we begin from strict useful traces, a notion…","The SAU certificate of \Cref{sec:layers} could otherwise be dismissed as a definition designed to make the central theorem true. The next two sections avoid that circularity by starting from strict useful traces, which do not mention SAU c…",RAW_TEX_ALIGNMENT_ONLY,NO_CLAIM_EQUIVALENCE_CANONICAL_MEMBER_OR_EVIDENCE_INDEPENDENCE_INFERRED
VF-SAU-01-L0079,EQUAL,684-713,672-701,684,713,672,701,30,30,"\begin{definition}[Finite promoted-use trace] \label{def:sau-promoted-use-trace} A finite promoted-use trace for a lower problem profile \(\mathfrak P_0\) is a tuple \[ \mathfrak T=(D,V,E,r,o,\lambda,\upsilon,\mathcal B,A_{\mathfrak T},\ma…","\begin{definition}[Finite promoted-use trace] \label{def:sau-promoted-use-trace} A finite promoted-use trace for a lower problem profile \(\mathfrak P_0\) is a tuple \[ \mathfrak T=(D,V,E,r,o,\lambda,\upsilon,\mathcal B,A_{\mathfrak T},\ma…",RAW_TEX_ALIGNMENT_ONLY,NO_CLAIM_EQUIVALENCE_CANONICAL_MEMBER_OR_EVIDENCE_INDEPENDENCE_INFERRED
VF-SAU-01-L0080,DELETE,714-737,EMPTY,714,737,,,24,0,"\begin{definition}[Lower-visible and hidden nodes] \label{def:sau-trace-visible-hidden} Let \(\mathfrak T\) be a finite promoted-use trace. A node \(v\in V\) is lower-visible when either \(\lambda(v)=0\), or \(v\) is the target of an audit…",,RAW_TEX_ALIGNMENT_ONLY,NO_CLAIM_EQUIVALENCE_CANONICAL_MEMBER_OR_EVIDENCE_INDEPENDENCE_INFERRED
VF-SAU-01-L0081,EQUAL,738-763,702-727,738,763,702,727,26,26,"\begin{definition}[Accepted promoted-use trace] \label{def:sau-accepted-promoted-use-trace} A finite promoted-use trace \(\mathfrak T\) is accepted, written \[ \AccTrace(\mathfrak T), \] when all of the following hold: \begin{enumerate} \i…","\begin{definition}[Accepted promoted-use trace] \label{def:sau-accepted-promoted-use-trace} A finite promoted-use trace \(\mathfrak T\) is accepted, written \[ \AccTrace(\mathfrak T), \] when all of the following hold: \begin{enumerate} \i…",RAW_TEX_ALIGNMENT_ONLY,NO_CLAIM_EQUIVALENCE_CANONICAL_MEMBER_OR_EVIDENCE_INDEPENDENCE_INFERRED
VF-SAU-01-L0082,DELETE,764-798,EMPTY,764,798,,,35,0,"\begin{definition}[Strict and essentially promoted trace] \label{def:sau-strict-essential-trace} An accepted trace \(\mathfrak T\) is strict, written \[ \StrictTrace(\mathfrak T), \] when its promoted interface separates content collapsed…",,RAW_TEX_ALIGNMENT_ONLY,NO_CLAIM_EQUIVALENCE_CANONICAL_MEMBER_OR_EVIDENCE_INDEPENDENCE_INFERRED
VF-SAU-01-L0083,EQUAL,799-842,728-771,799,842,728,771,44,44,"\begin{definition}[Strict useful trace] \label{def:sau-strict-useful-trace} A finite promoted-use trace \(\mathfrak T\) is a strict useful trace for the lower problem profile \(\mathfrak P_0\), written \[ \operatorname{StrictUsefulTrace}(\…","\begin{definition}[Strict useful trace] \label{def:sau-strict-useful-trace} A finite promoted-use trace \(\mathfrak T\) is a strict useful trace for the lower problem profile \(\mathfrak P_0\), written \[ \operatorname{StrictUsefulTrace}(\…",RAW_TEX_ALIGNMENT_ONLY,NO_CLAIM_EQUIVALENCE_CANONICAL_MEMBER_OR_EVIDENCE_INDEPENDENCE_INFERRED
VF-SAU-01-L0084,INSERT,EMPTY,772-773,,,772,773,0,2,,This lemma is tracked by the formalization harness as a projection over the strict-useful-trace and boundary predicates.,RAW_TEX_ALIGNMENT_ONLY,NO_CLAIM_EQUIVALENCE_CANONICAL_MEMBER_OR_EVIDENCE_INDEPENDENCE_INFERRED
VF-SAU-01-L0085,EQUAL,843-844,774-775,843,844,774,775,2,2,\end{proof},\end{proof},RAW_TEX_ALIGNMENT_ONLY,NO_CLAIM_EQUIVALENCE_CANONICAL_MEMBER_OR_EVIDENCE_INDEPENDENCE_INFERRED
VF-SAU-01-L0086,REPLACE,845-847,776-778,845,847,776,778,3,3,We next turn this existence statement into a structural necessity theorem: the boundary contains a non-descending support and an audited descent expression.,The next subsection turns this existence statement into the structural necessity theorem: the boundary contains a non-descending support and an audited descent expression.,RAW_TEX_ALIGNMENT_ONLY,NO_CLAIM_EQUIVALENCE_CANONICAL_MEMBER_OR_EVIDENCE_INDEPENDENCE_INFERRED
VF-SAU-01-L0087,EQUAL,848-889,779-820,848,889,779,820,42,42,\subsection{Essential boundary necessity} \label{subsec:necessity-essential-boundary} \Cref{lem:sau-boundary-existence} says that the boundary set is nonempty. The next step is to identify what a boundary node carries: hidden promoted mate…,\subsection{Essential boundary necessity} \label{subsec:necessity-essential-boundary} \Cref{lem:sau-boundary-existence} says that the boundary set is nonempty. The next step is to identify what a boundary node carries: hidden promoted mate…,RAW_TEX_ALIGNMENT_ONLY,NO_CLAIM_EQUIVALENCE_CANONICAL_MEMBER_OR_EVIDENCE_INDEPENDENCE_INFERRED
VF-SAU-01-L0088,DELETE,890-905,EMPTY,890,905,,,16,0,"The key obstruction used below is a replacement argument. Let \(\mathfrak T\) be a strict useful trace, let \(h\in\Hid_\ast(\mathfrak T)\) witness \(\EssProm(\mathfrak T)\), and let \(b\) be a first boundary fed by \(h\). If the associated…",,RAW_TEX_ALIGNMENT_ONLY,NO_CLAIM_EQUIVALENCE_CANONICAL_MEMBER_OR_EVIDENCE_INDEPENDENCE_INFERRED
VF-SAU-01-L0089,EQUAL,906-942,821-857,906,942,821,857,37,37,"The necessity theorem is the dependency-cone version of this reading. Start with an essential hidden promoted node, move forward until its first boundary, and read the boundary audit as the descended expression. \begin{theorem}[Essential B…","The necessity theorem is the dependency-cone version of this reading. Start with an essential hidden promoted node, move forward until its first boundary, and read the boundary audit as the descended expression. \begin{theorem}[Essential B…",RAW_TEX_ALIGNMENT_ONLY,NO_CLAIM_EQUIVALENCE_CANONICAL_MEMBER_OR_EVIDENCE_INDEPENDENCE_INFERRED
VF-SAU-01-L0090,REPLACE,943-946,858-861,943,946,858,861,4,4,replacement argument above would give an audit-preserving lower replacement of the essential promoted dependence feeding \(b\). That contradicts \(\EssProm(\mathfrak T)\). Hence \(H_b\not\downarrow_{\mathcal T_0}\). Taking,essential promoted dependence feeding \(b\) could be replaced by lower-layer data before the boundary. That would contradict trace strictness and essential promotion: the promoted content would no longer be essential to the accepted lower…,RAW_TEX_ALIGNMENT_ONLY,NO_CLAIM_EQUIVALENCE_CANONICAL_MEMBER_OR_EVIDENCE_INDEPENDENCE_INFERRED
VF-SAU-01-L0091,EQUAL,947-955,862-870,947,955,862,870,9,9,"\[ H=H_b, \qquad C_H(H)=C_b(H_b), \] gives the desired pair. Finally, because \(b\in\Anc(v_\ast)\), the descended answer \(b^\sharp\) lies in the lower dependency cone of the final answer, and the remaining trace from \(b^\sharp\) to \(a^\…","\[ H=H_b, \qquad C_H(H)=C_b(H_b), \] gives the desired pair. Finally, because \(b\in\Anc(v_\ast)\), the descended answer \(b^\sharp\) lies in the lower dependency cone of the final answer, and the remaining trace from \(b^\sharp\) to \(a^\…",RAW_TEX_ALIGNMENT_ONLY,NO_CLAIM_EQUIVALENCE_CANONICAL_MEMBER_OR_EVIDENCE_INDEPENDENCE_INFERRED
VF-SAU-01-L0092,INSERT,EMPTY,871-872,,,871,872,0,2,,"This theorem is tracked by the formalization harness as a projection over the strict-useful-trace, audit-boundary, and hidden-support predicates.",RAW_TEX_ALIGNMENT_ONLY,NO_CLAIM_EQUIVALENCE_CANONICAL_MEMBER_OR_EVIDENCE_INDEPENDENCE_INFERRED
VF-SAU-01-L0093,EQUAL,956-995,873-912,956,995,873,912,40,40,"\end{proof} The next subsection extracts a normal form from the triple \((H,C_H,b^\sharp)\) and identifies the primitive head of the boundary expression. \subsection{SAU boundary normal form} \label{subsec:necessity-boundary-normal-form} T…","\end{proof} The next subsection extracts a normal form from the triple \((H,C_H,b^\sharp)\) and identifies the primitive head of the boundary expression. \subsection{SAU boundary normal form} \label{subsec:necessity-boundary-normal-form} T…",RAW_TEX_ALIGNMENT_ONLY,NO_CLAIM_EQUIVALENCE_CANONICAL_MEMBER_OR_EVIDENCE_INDEPENDENCE_INFERRED
VF-SAU-01-L0094,DELETE,996-1010,EMPTY,996,1010,,,15,0,\begingroup\begin{figure}[tbp] \centering \includegraphics[width=0.72\linewidth]{figures/fig_sau_normal_form.png} \caption{\textbf{The SAU boundary normal form.} Schematic of \Cref{def:sau-boundary-normal-form}. The hidden promoted support…,,RAW_TEX_ALIGNMENT_ONLY,NO_CLAIM_EQUIVALENCE_CANONICAL_MEMBER_OR_EVIDENCE_INDEPENDENCE_INFERRED
VF-SAU-01-L0095,EQUAL,1011,913,1011,1011,913,913,1,1,The schematic shape factors the trace into a single non-descending hidden,The schematic shape factors the trace into a single non-descending hidden,RAW_TEX_ALIGNMENT_ONLY,NO_CLAIM_EQUIVALENCE_CANONICAL_MEMBER_OR_EVIDENCE_INDEPENDENCE_INFERRED
VF-SAU-01-L0096,REPLACE,1012-1013,914,1012,1013,914,914,2,1,"support, a single audited boundary expression, and a lower-visible continuation (\Cref{fig:sau-normal-form}).","support, a single audited boundary expression, and a lower-visible continuation.",RAW_TEX_ALIGNMENT_ONLY,NO_CLAIM_EQUIVALENCE_CANONICAL_MEMBER_OR_EVIDENCE_INDEPENDENCE_INFERRED
VF-SAU-01-L0097,EQUAL,1014,915,1014,1014,915,915,1,1,"It is a compressed trace, not a new derivation.","It is a compressed trace, not a new derivation.",RAW_TEX_ALIGNMENT_ONLY,NO_CLAIM_EQUIVALENCE_CANONICAL_MEMBER_OR_EVIDENCE_INDEPENDENCE_INFERRED
VF-SAU-01-L0098,DELETE,1015-1029,EMPTY,1015,1029,,,15,0,"\begin{definition}[Audit-equivalent traces] \label{def:sau-audit-equivalent-traces} Two accepted promoted-use traces are audit-equivalent, written \[ \mathfrak T\simeq_{\mathrm{audit}}\mathfrak T', \] when they have the same lower problem…",,RAW_TEX_ALIGNMENT_ONLY,NO_CLAIM_EQUIVALENCE_CANONICAL_MEMBER_OR_EVIDENCE_INDEPENDENCE_INFERRED
VF-SAU-01-L0099,EQUAL,1030-1067,916-953,1030,1067,916,953,38,38,"\begin{theorem}[SAU Boundary Normal Form] \label{thm:sau-boundary-normal-form} Every finite strict useful trace \(\mathfrak T\) is audit-equivalent to a trace in SAU boundary normal form. More precisely, there exist a hidden support node \…","\begin{theorem}[SAU Boundary Normal Form] \label{thm:sau-boundary-normal-form} Every finite strict useful trace \(\mathfrak T\) is audit-equivalent to a trace in SAU boundary normal form. More precisely, there exist a hidden support node \…",RAW_TEX_ALIGNMENT_ONLY,NO_CLAIM_EQUIVALENCE_CANONICAL_MEMBER_OR_EVIDENCE_INDEPENDENCE_INFERRED
VF-SAU-01-L0100,REPLACE,1068,954-957,1068,1068,954,957,1,4,"the final node \(v_\ast\), then \(b^\sharp=a^\sharp_{\mathfrak T}\).","the final node \(v_\ast\), then the boundary answer is the final answer: \(b^\sharp=a^\sharp_{\mathfrak T}\). The theorem is tracked by the formalization harness as a projection over the audit-equivalence relation and the boundary structur…",RAW_TEX_ALIGNMENT_ONLY,NO_CLAIM_EQUIVALENCE_CANONICAL_MEMBER_OR_EVIDENCE_INDEPENDENCE_INFERRED
VF-SAU-01-L0101,EQUAL,1069-1096,958-985,1069,1096,958,985,28,28,\end{proof} The normal form is the data from which an SAU certificate is assembled. The next definition packages the inherited witnesses from the trace without adding new axioms. \begin{definition}[Extracted SAU package] \label{def:sau-ext…,\end{proof} The normal form is the data from which an SAU certificate is assembled. The next definition packages the inherited witnesses from the trace without adding new axioms. \begin{definition}[Extracted SAU package] \label{def:sau-ext…,RAW_TEX_ALIGNMENT_ONLY,NO_CLAIM_EQUIVALENCE_CANONICAL_MEMBER_OR_EVIDENCE_INDEPENDENCE_INFERRED
VF-SAU-01-L0102,REPLACE,1097-1100,986-989,1097,1100,986,989,4,4,"The fields \(\mathsf{SatW},\mathsf{StrictW},\mathsf{NonDescW},\mathsf{DescW}, \mathsf{SolveW},\mathsf{AuditW}\) are the six certificate witnesses realized as inherited trace data; the extraction is by compression and witness collection, no…","The fields \(\mathsf{SatW}\), \(\mathsf{StrictW}\), \(\mathsf{NonDescW}\), \(\mathsf{DescW}\), \(\mathsf{SolveW}\), and \(\mathsf{AuditW}\) are the six certificate witnesses realized as inherited trace data. The extraction is by compressio…",RAW_TEX_ALIGNMENT_ONLY,NO_CLAIM_EQUIVALENCE_CANONICAL_MEMBER_OR_EVIDENCE_INDEPENDENCE_INFERRED
VF-SAU-01-L0103,EQUAL,1101,990,1101,1101,990,990,1,1,,,RAW_TEX_ALIGNMENT_ONLY,NO_CLAIM_EQUIVALENCE_CANONICAL_MEMBER_OR_EVIDENCE_INDEPENDENCE_INFERRED
VF-SAU-01-L0104,REPLACE,1102-1104,991-993,1102,1104,991,993,3,3,It remains to ask when the extracted package validates to an SAU certificate. The next subsection gives a partial converse and records the consequence for the original circularity concern.,"The extracted raw package still owes a converse: when does such a package validate to an SAU certificate, and does that close the tautology objection? The next subsection gives the partial converse and the tautology barrier.",RAW_TEX_ALIGNMENT_ONLY,NO_CLAIM_EQUIVALENCE_CANONICAL_MEMBER_OR_EVIDENCE_INDEPENDENCE_INFERRED
VF-SAU-01-L0105,EQUAL,1105-1110,994-999,1105,1110,994,999,6,6,\subsection{Partial converse and the tautology barrier} \label{subsec:necessity-partial-converse-tautology-barrier} \Cref{thm:sau-essential-boundary-necessity} and \Cref{thm:sau-boundary-normal-form} produce an extracted package,\subsection{Partial converse and the tautology barrier} \label{subsec:necessity-partial-converse-tautology-barrier} \Cref{thm:sau-essential-boundary-necessity} and \Cref{thm:sau-boundary-normal-form} produce an extracted package,RAW_TEX_ALIGNMENT_ONLY,NO_CLAIM_EQUIVALENCE_CANONICAL_MEMBER_OR_EVIDENCE_INDEPENDENCE_INFERRED
VF-SAU-01-L0106,REPLACE,1111-1113,1000-1004,1111,1113,1000,1004,3,5,"\(\mathfrak C(\mathfrak T)\) from any strict useful trace. The partial converse below shows that, when the inherited audits pass under the declared instruments, this package validates as an SAU certificate.",\(\mathfrak C(\mathfrak T)\) from a strict useful trace. The remaining anti-tautology question is whether that extracted package validates when its inherited audits pass. The partial converse answers yes: the package is not postulated as u…,RAW_TEX_ALIGNMENT_ONLY,NO_CLAIM_EQUIVALENCE_CANONICAL_MEMBER_OR_EVIDENCE_INDEPENDENCE_INFERRED
VF-SAU-01-L0107,EQUAL,1114-1133,1005-1024,1114,1133,1005,1024,20,20,\begin{theorem}[Partial converse to SAU] \label{thm:sau-partial-converse} Let \(\mathfrak T\) be a finite strict useful trace with explicit provenance and declared audit boundaries. Then there exists an extracted raw SAU proof package \(\m…,\begin{theorem}[Partial converse to SAU] \label{thm:sau-partial-converse} Let \(\mathfrak T\) be a finite strict useful trace with explicit provenance and declared audit boundaries. Then there exists an extracted raw SAU proof package \(\m…,RAW_TEX_ALIGNMENT_ONLY,NO_CLAIM_EQUIVALENCE_CANONICAL_MEMBER_OR_EVIDENCE_INDEPENDENCE_INFERRED
VF-SAU-01-L0108,REPLACE,1134-1135,1025-1029,1134,1135,1025,1029,2,5,SAU proof package. The soundness theorem of \Cref{sec:soundness-failure} then licenses the accepted lower-layer usefulness claim.,"SAU proof package. The soundness theorem of \Cref{sec:soundness-failure}, referenced in the statement, then licenses the accepted lower-layer usefulness claim. This theorem is tracked by the formalization harness as a projection over the e…",RAW_TEX_ALIGNMENT_ONLY,NO_CLAIM_EQUIVALENCE_CANONICAL_MEMBER_OR_EVIDENCE_INDEPENDENCE_INFERRED
VF-SAU-01-L0109,EQUAL,1136-1137,1030-1031,1136,1137,1030,1031,2,2,\end{proof},\end{proof},RAW_TEX_ALIGNMENT_ONLY,NO_CLAIM_EQUIVALENCE_CANONICAL_MEMBER_OR_EVIDENCE_INDEPENDENCE_INFERRED
VF-SAU-01-L0110,REPLACE,1138-1140,1032-1034,1138,1140,1032,1034,3,3,"Combining the existence theorem, the normal form, and the partial converse gives the round trip from strict useful trace through extracted normal form and validated certificate to accepted lower answer.","Combining the existence theorem, the normal form, and the partial converse gives the advertised round trip: strict useful trace, extracted normal form, validated certificate, accepted lower answer.",RAW_TEX_ALIGNMENT_ONLY,NO_CLAIM_EQUIVALENCE_CANONICAL_MEMBER_OR_EVIDENCE_INDEPENDENCE_INFERRED
VF-SAU-01-L0111,EQUAL,1141-1173,1035-1067,1141,1173,1035,1067,33,33,"\begin{theorem}[Necessity--soundness chain] \label{thm:sau-necessity-soundness-chain} For finite typed audited traces, the following implication chain holds: \[ \operatorname{StrictUsefulTrace}(\mathfrak T,\mathfrak P_0) \Longrightarrow \e…","\begin{theorem}[Necessity--soundness chain] \label{thm:sau-necessity-soundness-chain} For finite typed audited traces, the following implication chain holds: \[ \operatorname{StrictUsefulTrace}(\mathfrak T,\mathfrak P_0) \Longrightarrow \e…",RAW_TEX_ALIGNMENT_ONLY,NO_CLAIM_EQUIVALENCE_CANONICAL_MEMBER_OR_EVIDENCE_INDEPENDENCE_INFERRED
VF-SAU-01-L0112,REPLACE,1174-1175,1068-1071,1174,1175,1068,1071,2,4,the inherited audit checks and then applies soundness. The boxed expression summarises the normal-form factorization.,"the inherited audit checks and then applies soundness. The boxed expression is a summary of the normal-form factorization. This theorem is tracked by the formalization harness as a projection over the boundary-existence, normal-form, extra…",RAW_TEX_ALIGNMENT_ONLY,NO_CLAIM_EQUIVALENCE_CANONICAL_MEMBER_OR_EVIDENCE_INDEPENDENCE_INFERRED
VF-SAU-01-L0113,EQUAL,1176-1177,1072-1073,1176,1177,1072,1073,2,2,\end{proof},\end{proof},RAW_TEX_ALIGNMENT_ONLY,NO_CLAIM_EQUIVALENCE_CANONICAL_MEMBER_OR_EVIDENCE_INDEPENDENCE_INFERRED
VF-SAU-01-L0114,REPLACE,1178-1180,1074-1076,1178,1180,1074,1076,3,3,"Within the scope of finite typed audited traces, this chain shows that SAU-shaped data are forced by accepted strict promoted use, not selected by definition.","The chain is the section's anti-tautology point. It says that SAU-shaped data are forced from accepted strict promoted use under the stated finite typed audit hypotheses, not merely selected as a convenient definition.",RAW_TEX_ALIGNMENT_ONLY,NO_CLAIM_EQUIVALENCE_CANONICAL_MEMBER_OR_EVIDENCE_INDEPENDENCE_INFERRED
VF-SAU-01-L0115,EQUAL,1181-1196,1077-1092,1181,1196,1077,1092,16,16,"\begin{corollary}[Tautology barrier] \label{cor:sau-tautology-barrier} The SAU framework is not only the sufficient condition \[ \SAU\Rightarrow\Use. \] For finite typed audited strict-use traces, the reverse extraction also holds: \[ \ope…","\begin{corollary}[Tautology barrier] \label{cor:sau-tautology-barrier} The SAU framework is not only the sufficient condition \[ \SAU\Rightarrow\Use. \] For finite typed audited strict-use traces, the reverse extraction also holds: \[ \ope…",RAW_TEX_ALIGNMENT_ONLY,NO_CLAIM_EQUIVALENCE_CANONICAL_MEMBER_OR_EVIDENCE_INDEPENDENCE_INFERRED
VF-SAU-01-L0116,REPLACE,1197-1198,1093-1096,1197,1198,1093,1096,2,4,"SAU is therefore a normal-form description of the trace, not a definition that grants its own conclusion.","The corollary reads SAU as a normal-form description of the trace, not as a definition that grants its own conclusion. It is tracked by the formalization harness as a projection over the necessity theorem, the normal form, and the partial…",RAW_TEX_ALIGNMENT_ONLY,NO_CLAIM_EQUIVALENCE_CANONICAL_MEMBER_OR_EVIDENCE_INDEPENDENCE_INFERRED
VF-SAU-01-L0117,EQUAL,1199,1097,1199,1199,1097,1097,1,1,,,RAW_TEX_ALIGNMENT_ONLY,NO_CLAIM_EQUIVALENCE_CANONICAL_MEMBER_OR_EVIDENCE_INDEPENDENCE_INFERRED
VF-SAU-01-L0118,REPLACE,1200,1098-1099,1200,1200,1098,1099,1,2,We now turn to soundness and failure-mode discipline: what a validated SAU,"With necessity, normal form, and the tautology barrier in place, the next section turns to soundness and failure-mode discipline: what a validated SAU",RAW_TEX_ALIGNMENT_ONLY,NO_CLAIM_EQUIVALENCE_CANONICAL_MEMBER_OR_EVIDENCE_INDEPENDENCE_INFERRED
VF-SAU-01-L0119,EQUAL,1201-1207,1100-1106,1201,1207,1100,1106,7,7,"certificate licenses, and what it blocks. \section{SAU Soundness and Failure Modes}\label{sec:soundness-failure} \subsection{Raw and validated proof packages} \label{subsec:soundness-raw-validated} \Cref{sec:layers} defined an SAU certific…","certificate licenses, and what it blocks. \section{SAU Soundness and Failure Modes}\label{sec:soundness-failure} \subsection{Raw and validated proof packages} \label{subsec:soundness-raw-validated} \Cref{sec:layers} defined an SAU certific…",RAW_TEX_ALIGNMENT_ONLY,NO_CLAIM_EQUIVALENCE_CANONICAL_MEMBER_OR_EVIDENCE_INDEPENDENCE_INFERRED
VF-SAU-01-L0120,REPLACE,1208-1212,1107-1111,1208,1212,1107,1111,5,5,"\Cref{sec:necessity} showed how such a package is extracted from a strict useful trace. We now separate the candidate record from the checked record: a raw proof package records the six obligations together with proposed witnesses, while a…","\Cref{sec:necessity} explained how such a package can be extracted from a strict useful trace. We now separate the candidate record from the checked record: a raw proof package records the six obligations and proposed witnesses, while a va…",RAW_TEX_ALIGNMENT_ONLY,NO_CLAIM_EQUIVALENCE_CANONICAL_MEMBER_OR_EVIDENCE_INDEPENDENCE_INFERRED
VF-SAU-01-L0121,EQUAL,1213-1236,1112-1135,1213,1236,1112,1135,24,24,"\begin{definition}[Raw SAU proof package] \label{def:sau-raw-proof-package} A raw Strict Audited Utility proof package is a finite record \[ \mathfrak C=(\mathfrak P_0,B_{0\to1},U,C,a^\sharp; \mathsf{SatW},\mathsf{StrictW},\mathsf{NonDescW…","\begin{definition}[Raw SAU proof package] \label{def:sau-raw-proof-package} A raw Strict Audited Utility proof package is a finite record \[ \mathfrak C=(\mathfrak P_0,B_{0\to1},U,C,a^\sharp; \mathsf{SatW},\mathsf{StrictW},\mathsf{NonDescW…",RAW_TEX_ALIGNMENT_ONLY,NO_CLAIM_EQUIVALENCE_CANONICAL_MEMBER_OR_EVIDENCE_INDEPENDENCE_INFERRED
VF-SAU-01-L0122,REPLACE,1237-1243,1136-1144,1237,1243,1136,1144,7,9,"The six fields \(\mathsf{SatW},\mathsf{StrictW},\mathsf{NonDescW}, \mathsf{DescW},\mathsf{SolveW},\mathsf{AuditW}\) correspond to the six SAU obligations already visible in the certificate pattern. At this stage they are recorded witnesses…","The six fields \(\mathsf{SatW}\), \(\mathsf{StrictW}\), \(\mathsf{NonDescW}\), \(\mathsf{DescW}\), \(\mathsf{SolveW}\), and \(\mathsf{AuditW}\) correspond to the six SAU obligations already visible in the certificate pattern. At this stage…",RAW_TEX_ALIGNMENT_ONLY,NO_CLAIM_EQUIVALENCE_CANONICAL_MEMBER_OR_EVIDENCE_INDEPENDENCE_INFERRED
VF-SAU-01-L0123,EQUAL,1244-1253,1145-1154,1244,1253,1145,1154,10,10,"\begin{definition}[Validated SAU proof package] \label{def:sau-validated-proof-package} A raw proof package \(\mathfrak C\) is validated when every witness field is checked under the declared instruments \(I_0\) and \(I_B\), every bridge u…","\begin{definition}[Validated SAU proof package] \label{def:sau-validated-proof-package} A raw proof package \(\mathfrak C\) is validated when every witness field is checked under the declared instruments \(I_0\) and \(I_B\), every bridge u…",RAW_TEX_ALIGNMENT_ONLY,NO_CLAIM_EQUIVALENCE_CANONICAL_MEMBER_OR_EVIDENCE_INDEPENDENCE_INFERRED
VF-SAU-01-L0124,REPLACE,1254-1256,1155-1158,1254,1256,1155,1158,3,4,"In other words, \(\operatorname{ValSAU}(\mathfrak C)\) records that each witness field has passed the declared checks, every bridge is admissible, and the nonclaim register has been recorded.","Thus \(\operatorname{ValSAU}(\mathfrak C)\) means that each witness field has passed the declared checks, every bridge is admissible, and the nonclaim register has been recorded. The next subsection states what such a validated SAU proof p…",RAW_TEX_ALIGNMENT_ONLY,NO_CLAIM_EQUIVALENCE_CANONICAL_MEMBER_OR_EVIDENCE_INDEPENDENCE_INFERRED
VF-SAU-01-L0125,EQUAL,1257-1260,1159-1162,1257,1260,1159,1162,4,4,\subsection{SAU soundness} \label{subsec:soundness-sau-soundness},\subsection{SAU soundness} \label{subsec:soundness-sau-soundness},RAW_TEX_ALIGNMENT_ONLY,NO_CLAIM_EQUIVALENCE_CANONICAL_MEMBER_OR_EVIDENCE_INDEPENDENCE_INFERRED
VF-SAU-01-L0126,REPLACE,1261-1264,1163-1167,1261,1264,1163,1167,4,5,"The soundness theorem states what validation licenses: an instrument-indexed accepted usefulness claim, made under the declared lower and bridge instruments rather than as an instrument-free assertion about the hidden promoted structure.","With raw and validated proof packages in place, the soundness theorem states what validation licenses. The output is an instrument-indexed accepted usefulness claim: it is a claim made under the declared lower and bridge instruments, not a…",RAW_TEX_ALIGNMENT_ONLY,NO_CLAIM_EQUIVALENCE_CANONICAL_MEMBER_OR_EVIDENCE_INDEPENDENCE_INFERRED
VF-SAU-01-L0127,EQUAL,1265-1315,1168-1218,1265,1315,1168,1218,51,51,"\begin{theorem}[Strict Audited Utility Soundness] \label{thm:sau-soundness} Let \(\mathfrak C\) be a validated raw SAU proof package for \((\mathfrak P_0,B_{0\to1},U,C,a^\sharp)\). Then the following instrument-indexed claim is accepted: \…","\begin{theorem}[Strict Audited Utility Soundness] \label{thm:sau-soundness} Let \(\mathfrak C\) be a validated raw SAU proof package for \((\mathfrak P_0,B_{0\to1},U,C,a^\sharp)\). Then the following instrument-indexed claim is accepted: \…",RAW_TEX_ALIGNMENT_ONLY,NO_CLAIM_EQUIVALENCE_CANONICAL_MEMBER_OR_EVIDENCE_INDEPENDENCE_INFERRED
VF-SAU-01-L0128,REPLACE,1316-1318,1219-1223,1316,1318,1219,1223,3,5,"\(\mathsf{AuditW}\). Validation states that these witnesses have been checked under the declared instruments, so the displayed sequent is the packaged instrument-indexed form of those six items.","\(\mathsf{AuditW}\). Validation says that these witnesses have been checked under the declared instruments, so the displayed sequent is just the packaged instrument-indexed form of those six accepted items. This theorem is tracked by the f…",RAW_TEX_ALIGNMENT_ONLY,NO_CLAIM_EQUIVALENCE_CANONICAL_MEMBER_OR_EVIDENCE_INDEPENDENCE_INFERRED
VF-SAU-01-L0129,EQUAL,1319-1320,1224-1225,1319,1320,1224,1225,2,2,\end{proof},\end{proof},RAW_TEX_ALIGNMENT_ONLY,NO_CLAIM_EQUIVALENCE_CANONICAL_MEMBER_OR_EVIDENCE_INDEPENDENCE_INFERRED
VF-SAU-01-L0130,REPLACE,1321-1323,1226-1228,1321,1323,1226,1228,3,3,The theorem licenses an accepted lower-layer claim about \(a^\sharp\); it does not license the stronger claim that the hidden promoted structure \(U\) is lower-layer content.,The theorem licenses an accepted lower-layer claim about \(a^\sharp\). It does not license the stronger claim that the hidden promoted structure \(U\) belongs to the lower layer.,RAW_TEX_ALIGNMENT_ONLY,NO_CLAIM_EQUIVALENCE_CANONICAL_MEMBER_OR_EVIDENCE_INDEPENDENCE_INFERRED
VF-SAU-01-L0131,EQUAL,1324-1336,1229-1241,1324,1336,1229,1241,13,13,"\begin{corollary}[No collapse of hidden structure] \label{cor:sau-no-collapse} Under the hypotheses of Theorem~\ref{thm:sau-soundness}, the accepted usefulness claim does not entail \[ U\in\mathcal T_0 \] or any equivalent lower-layer lite…","\begin{corollary}[No collapse of hidden structure] \label{cor:sau-no-collapse} Under the hypotheses of Theorem~\ref{thm:sau-soundness}, the accepted usefulness claim does not entail \[ U\in\mathcal T_0 \] or any equivalent lower-layer lite…",RAW_TEX_ALIGNMENT_ONLY,NO_CLAIM_EQUIVALENCE_CANONICAL_MEMBER_OR_EVIDENCE_INDEPENDENCE_INFERRED
VF-SAU-01-L0132,REPLACE,1337-1338,1242-1245,1337,1338,1242,1245,2,4,distinct literalization claim and is not supplied by the validated package unless an additional bridge and audit establish it.,separate literalization claim and is not supplied by the validated package unless an additional bridge and audit establish it. This corollary is tracked by the formalization harness as a projection over the validated-package witnesses and…,RAW_TEX_ALIGNMENT_ONLY,NO_CLAIM_EQUIVALENCE_CANONICAL_MEMBER_OR_EVIDENCE_INDEPENDENCE_INFERRED
VF-SAU-01-L0133,EQUAL,1339-1340,1246-1247,1339,1340,1246,1247,2,2,\end{proof},\end{proof},RAW_TEX_ALIGNMENT_ONLY,NO_CLAIM_EQUIVALENCE_CANONICAL_MEMBER_OR_EVIDENCE_INDEPENDENCE_INFERRED
VF-SAU-01-L0134,REPLACE,1341-1343,1248-1250,1341,1343,1248,1250,3,3,"Strictness blocks a second overstatement. The promoted layer may be useful, but the strictness witness shows that it is not merely a notational renaming of the lower interface.","Strictness blocks a second overstatement. The promoted layer may be useful, but the strictness witness says it is not merely a notational renaming of the lower interface.",RAW_TEX_ALIGNMENT_ONLY,NO_CLAIM_EQUIVALENCE_CANONICAL_MEMBER_OR_EVIDENCE_INDEPENDENCE_INFERRED
VF-SAU-01-L0135,EQUAL,1344-1351,1251-1258,1344,1351,1251,1258,8,8,"\begin{corollary}[No reduction to notation] \label{cor:sau-no-notation} Under the hypotheses of Theorem~\ref{thm:sau-soundness}, the promoted layer is not merely a notational variant of the lower layer at the declared interface. \end{corol…","\begin{corollary}[No reduction to notation] \label{cor:sau-no-notation} Under the hypotheses of Theorem~\ref{thm:sau-soundness}, the promoted layer is not merely a notational variant of the lower layer at the declared interface. \end{corol…",RAW_TEX_ALIGNMENT_ONLY,NO_CLAIM_EQUIVALENCE_CANONICAL_MEMBER_OR_EVIDENCE_INDEPENDENCE_INFERRED
VF-SAU-01-L0136,REPLACE,1352-1354,1259-1263,1352,1354,1259,1263,3,5,"\(\delta_{\mathrm{fact}}(\pi_0,\pi_1)\neq\varnothing\), so two states can agree at the lower interface while differing at the promoted interface; the promotion is therefore not a change of notation.","\(\delta_{\mathrm{fact}}(\pi_0,\pi_1)\neq\varnothing\). Thus two states can agree at the lower interface while differing at the promoted interface, so the promotion is not just a change of notation. This corollary is tracked by the formali…",RAW_TEX_ALIGNMENT_ONLY,NO_CLAIM_EQUIVALENCE_CANONICAL_MEMBER_OR_EVIDENCE_INDEPENDENCE_INFERRED
VF-SAU-01-L0137,EQUAL,1355-1356,1264-1265,1355,1356,1264,1265,2,2,\end{proof},\end{proof},RAW_TEX_ALIGNMENT_ONLY,NO_CLAIM_EQUIVALENCE_CANONICAL_MEMBER_OR_EVIDENCE_INDEPENDENCE_INFERRED
VF-SAU-01-L0138,REPLACE,1357-1359,1266-1268,1357,1359,1266,1268,3,3,"Saturation rules out a passing lower candidate, while audited descent supplies an accepted lower answer, so the usefulness recorded by the certificate is also nontrivial relative to the fixed problem profile.","The usefulness is also nontrivial in the fixed problem profile. Saturation says that the lower candidates did not already pass, while audited descent supplies an accepted lower answer.",RAW_TEX_ALIGNMENT_ONLY,NO_CLAIM_EQUIVALENCE_CANONICAL_MEMBER_OR_EVIDENCE_INDEPENDENCE_INFERRED
VF-SAU-01-L0139,EQUAL,1360-1368,1269-1277,1360,1368,1269,1277,9,9,"\begin{corollary}[Nontrivial usefulness] \label{cor:sau-nontrivial-usefulness} Under the hypotheses of Theorem~\ref{thm:sau-soundness}, the promoted layer supplies an accepted lower answer that the fixed lower interface does not supply. \e…","\begin{corollary}[Nontrivial usefulness] \label{cor:sau-nontrivial-usefulness} Under the hypotheses of Theorem~\ref{thm:sau-soundness}, the promoted layer supplies an accepted lower answer that the fixed lower interface does not supply. \e…",RAW_TEX_ALIGNMENT_ONLY,NO_CLAIM_EQUIVALENCE_CANONICAL_MEMBER_OR_EVIDENCE_INDEPENDENCE_INFERRED
VF-SAU-01-L0140,REPLACE,1369-1370,1278-1280,1369,1370,1278,1280,2,3,\(a^\sharp\); the audited descent witness explains how that answer is obtained from the promoted computation.,"\(a^\sharp\). The audited descent witness explains how that answer is obtained from the promoted computation. This corollary is tracked by the formalization harness as a projection over the saturation, descent, and solve witnesses.",RAW_TEX_ALIGNMENT_ONLY,NO_CLAIM_EQUIVALENCE_CANONICAL_MEMBER_OR_EVIDENCE_INDEPENDENCE_INFERRED
VF-SAU-01-L0141,EQUAL,1371-1372,1281-1282,1371,1372,1281,1282,2,2,\end{proof},\end{proof},RAW_TEX_ALIGNMENT_ONLY,NO_CLAIM_EQUIVALENCE_CANONICAL_MEMBER_OR_EVIDENCE_INDEPENDENCE_INFERRED
VF-SAU-01-L0142,REPLACE,1373-1375,1283-1284,1373,1375,1283,1284,3,2,"When validation fails, the next question is where it fails. The six failure fields below record exactly which SAU obligation---saturation, strictness, non-descent, descent, solving, or audit safety---is missing.","When validation fails, the next question is where it fails. The next subsection introduces the failure-field machinery and the diagnostic classifier.",RAW_TEX_ALIGNMENT_ONLY,NO_CLAIM_EQUIVALENCE_CANONICAL_MEMBER_OR_EVIDENCE_INDEPENDENCE_INFERRED
VF-SAU-01-L0143,EQUAL,1376-1378,1285-1287,1376,1378,1285,1287,3,3,\subsection{Failure fields and the diagnostic classifier} \label{subsec:soundness-failure-classifier},\subsection{Failure fields and the diagnostic classifier} \label{subsec:soundness-failure-classifier},RAW_TEX_ALIGNMENT_ONLY,NO_CLAIM_EQUIVALENCE_CANONICAL_MEMBER_OR_EVIDENCE_INDEPENDENCE_INFERRED
VF-SAU-01-L0144,INSERT,EMPTY,1288-1291,,,1288,1291,0,4,,"Soundness is useful only if failed validation can be localized. The six failure fields record exactly which SAU obligation is missing: saturation, strictness, non-descent, descent, solving, or audit safety.",RAW_TEX_ALIGNMENT_ONLY,NO_CLAIM_EQUIVALENCE_CANONICAL_MEMBER_OR_EVIDENCE_INDEPENDENCE_INFERRED
VF-SAU-01-L0145,EQUAL,1379-1452,1292-1365,1379,1452,1292,1365,74,74,"\begin{definition}[SAU failure fields] \label{def:sau-failure-fields} For a raw candidate package \[ \mathfrak C=(\mathfrak P_0,B_{0\to1},U,C,a^\sharp; \mathsf{SatW},\mathsf{StrictW},\mathsf{NonDescW},\mathsf{DescW},\mathsf{SolveW},\mathsf…","\begin{definition}[SAU failure fields] \label{def:sau-failure-fields} For a raw candidate package \[ \mathfrak C=(\mathfrak P_0,B_{0\to1},U,C,a^\sharp; \mathsf{SatW},\mathsf{StrictW},\mathsf{NonDescW},\mathsf{DescW},\mathsf{SolveW},\mathsf…",RAW_TEX_ALIGNMENT_ONLY,NO_CLAIM_EQUIVALENCE_CANONICAL_MEMBER_OR_EVIDENCE_INDEPENDENCE_INFERRED
VF-SAU-01-L0146,REPLACE,1453,1366-1367,1453,1453,1366,1367,1,2,The six failure modes are summarized in \Cref{tab:failure-modes}.,The six failure modes are summarized in \Cref{tab:failure-modes}. The table is prose-facing; the displayed definition above is the formal diagnostic vector.,RAW_TEX_ALIGNMENT_ONLY,NO_CLAIM_EQUIVALENCE_CANONICAL_MEMBER_OR_EVIDENCE_INDEPENDENCE_INFERRED
VF-SAU-01-L0147,EQUAL,1454-1578,1368-1492,1454,1578,1368,1492,125,125,"\begingroup\begin{table}[tbp] \centering \footnotesize \caption{SAU failure modes, blocked claims, and repair routes.} \label{tab:failure-modes} \begin{tabularx}{\textwidth}{@{}>{\raggedright\arraybackslash}p{0.16\textwidth}>{\raggedright\…","\begingroup\begin{table}[tbp] \centering \footnotesize \caption{SAU failure modes, blocked claims, and repair routes.} \label{tab:failure-modes} \begin{tabularx}{\textwidth}{@{}>{\raggedright\arraybackslash}p{0.16\textwidth}>{\raggedright\…",RAW_TEX_ALIGNMENT_ONLY,NO_CLAIM_EQUIVALENCE_CANONICAL_MEMBER_OR_EVIDENCE_INDEPENDENCE_INFERRED
VF-SAU-01-L0148,REPLACE,1579,1493,1579,1579,1493,1493,1,1,"\item If the audit/no-overread/no-smuggling field fails, the claim status is \texttt{blocked} or \texttt{outside-scope}; a no-smuggling failure may also give the promotion status \texttt{smuggled}.","\item If the audit/no-overread/no-smuggling field fails, the claim status is \texttt{blocked} or \texttt{outside\_scope}; a no-smuggling failure may also give the promotion status \texttt{smuggled}.",RAW_TEX_ALIGNMENT_ONLY,NO_CLAIM_EQUIVALENCE_CANONICAL_MEMBER_OR_EVIDENCE_INDEPENDENCE_INFERRED
VF-SAU-01-L0149,EQUAL,1580-1583,1494-1497,1580,1583,1494,1497,4,4,\end{enumerate} \end{proposition} \begin{proof},\end{enumerate} \end{proposition} \begin{proof},RAW_TEX_ALIGNMENT_ONLY,NO_CLAIM_EQUIVALENCE_CANONICAL_MEMBER_OR_EVIDENCE_INDEPENDENCE_INFERRED
VF-SAU-01-L0150,REPLACE,1584-1585,1498-1499,1584,1585,1498,1499,2,2,Each clause reads the corresponding component of \(\mathbf F_{\SAU}(\mathfrak C)\) and translates the failed witness into the,Each clause is obtained by reading the corresponding component of \(\mathbf F_{\SAU}(\mathfrak C)\) and translating the failed witness into the,RAW_TEX_ALIGNMENT_ONLY,NO_CLAIM_EQUIVALENCE_CANONICAL_MEMBER_OR_EVIDENCE_INDEPENDENCE_INFERRED
VF-SAU-01-L0151,EQUAL,1586,1500,1586,1586,1500,1500,1,1,claim-status or promotion-status consequence recorded by the diagnostic tag,claim-status or promotion-status consequence recorded by the diagnostic tag,RAW_TEX_ALIGNMENT_ONLY,NO_CLAIM_EQUIVALENCE_CANONICAL_MEMBER_OR_EVIDENCE_INDEPENDENCE_INFERRED
VF-SAU-01-L0152,REPLACE,1587,1501-1502,1587,1587,1501,1502,1,2,set.,set. This proposition is tracked by the formalization harness as a projection over the six failure-field components and the diagnostic classifier.,RAW_TEX_ALIGNMENT_ONLY,NO_CLAIM_EQUIVALENCE_CANONICAL_MEMBER_OR_EVIDENCE_INDEPENDENCE_INFERRED
VF-SAU-01-L0153,EQUAL,1588-1610,1503-1525,1588,1610,1503,1525,23,23,\end{proof} The acceptance boundary says that validation has exactly one entry condition: all six components of the failure vector must be empty under the declared instruments. \begin{theorem}[Acceptance boundary for SAU] \label{thm:sau-ac…,\end{proof} The acceptance boundary says that validation has exactly one entry condition: all six components of the failure vector must be empty under the declared instruments. \begin{theorem}[Acceptance boundary for SAU] \label{thm:sau-ac…,RAW_TEX_ALIGNMENT_ONLY,NO_CLAIM_EQUIVALENCE_CANONICAL_MEMBER_OR_EVIDENCE_INDEPENDENCE_INFERRED
VF-SAU-01-L0154,REPLACE,1611-1615,1526-1533,1611,1615,1526,1533,5,8,"A validated package has passed each of the six witness checks, so each failure component is empty. Conversely, if the six verified witness fields supply saturation, strictness, non-descent, descent, solving, and audit safety, and \(\mathbf…","The forward direction is immediate from validation: a validated package has passed each of the six witness checks, so each failure component is empty. For the converse, the six verified witness fields supply saturation, strictness, non-des…",RAW_TEX_ALIGNMENT_ONLY,NO_CLAIM_EQUIVALENCE_CANONICAL_MEMBER_OR_EVIDENCE_INDEPENDENCE_INFERRED
VF-SAU-01-L0155,EQUAL,1616-1617,1534-1535,1616,1617,1534,1535,2,2,\end{proof},\end{proof},RAW_TEX_ALIGNMENT_ONLY,NO_CLAIM_EQUIVALENCE_CANONICAL_MEMBER_OR_EVIDENCE_INDEPENDENCE_INFERRED
VF-SAU-01-L0156,REPLACE,1618,1536,1618,1618,1536,1536,1,1,A single nonempty failure component is therefore enough to block,The boundary immediately explains why one nonempty component is enough to block,RAW_TEX_ALIGNMENT_ONLY,NO_CLAIM_EQUIVALENCE_CANONICAL_MEMBER_OR_EVIDENCE_INDEPENDENCE_INFERRED
VF-SAU-01-L0157,EQUAL,1619-1633,1537-1551,1619,1633,1537,1551,15,15,"SAU-strength acceptance. \begin{corollary}[Failure blocks SAU-strength acceptance] \label{cor:sau-failure-blocks-acceptance} If at least one component of \(\mathbf F_{\SAU}(\mathfrak C)\) is nonempty, then the strict audited utility claim…","SAU-strength acceptance. \begin{corollary}[Failure blocks SAU-strength acceptance] \label{cor:sau-failure-blocks-acceptance} If at least one component of \(\mathbf F_{\SAU}(\mathfrak C)\) is nonempty, then the strict audited utility claim…",RAW_TEX_ALIGNMENT_ONLY,NO_CLAIM_EQUIVALENCE_CANONICAL_MEMBER_OR_EVIDENCE_INDEPENDENCE_INFERRED
VF-SAU-01-L0158,REPLACE,1634-1636,1552-1555,1634,1636,1552,1555,3,4,"\Cref{thm:sau-acceptance-boundary}, the package cannot validate as an SAU proof package, so \Cref{thm:sau-soundness} does not license the accepted usefulness claim.","\Cref{thm:sau-acceptance-boundary}, the package cannot validate as an SAU proof package, so \Cref{thm:sau-soundness} does not license the accepted usefulness claim. This corollary is tracked by the formalization harness as a projection ove…",RAW_TEX_ALIGNMENT_ONLY,NO_CLAIM_EQUIVALENCE_CANONICAL_MEMBER_OR_EVIDENCE_INDEPENDENCE_INFERRED
VF-SAU-01-L0159,EQUAL,1637-1655,1556-1574,1637,1655,1556,1574,19,19,"\end{proof} Finally, the exact-six role vector records the same idea at the inherited six-role level: a role is usable only when it is present, aligned, thresholded, visible or bridged, audited, and nonclaim-safe. \begin{definition}[Exact-…","\end{proof} Finally, the exact-six role vector records the same idea at the inherited six-role level: a role is usable only when it is present, aligned, thresholded, visible or bridged, audited, and nonclaim-safe. \begin{definition}[Exact-…",RAW_TEX_ALIGNMENT_ONLY,NO_CLAIM_EQUIVALENCE_CANONICAL_MEMBER_OR_EVIDENCE_INDEPENDENCE_INFERRED
VF-SAU-01-L0160,REPLACE,1656-1657,1575-1577,1656,1657,1575,1577,2,3,The exact-six vector is the role-level analogue of the SAU defect vector and will be used in \Cref{sec:transfer} when aligning the four case witnesses.,The exact-six vector is the role-level analogue of the SAU defect vector. The next subsection uses these diagnostics to state the no-overreading boundary for literalization claims.,RAW_TEX_ALIGNMENT_ONLY,NO_CLAIM_EQUIVALENCE_CANONICAL_MEMBER_OR_EVIDENCE_INDEPENDENCE_INFERRED
VF-SAU-01-L0161,EQUAL,1658-1700,1578-1620,1658,1700,1578,1620,43,43,\subsection{No-overreading and lower-layer literalization} \label{subsec:soundness-no-overreading} The soundness theorem licenses an accepted lower claim about the audited descendant \(a^\sharp\). The no-overreading discipline is the corre…,\subsection{No-overreading and lower-layer literalization} \label{subsec:soundness-no-overreading} The soundness theorem licenses an accepted lower claim about the audited descendant \(a^\sharp\). The no-overreading discipline is the corre…,RAW_TEX_ALIGNMENT_ONLY,NO_CLAIM_EQUIVALENCE_CANONICAL_MEMBER_OR_EVIDENCE_INDEPENDENCE_INFERRED
VF-SAU-01-L0162,REPLACE,1701-1702,1621-1622,1701,1702,1621,1622,2,2,"By audited descent, the certificate supplies a bridge-backed derivation from the selected expression \(C(U)\) to the lower answer \(a^\sharp\); the audit","By audited descent, the certificate supplies a bridge-backed derivation from the selected expression \(C(U)\) to the lower answer \(a^\sharp\). That audit",RAW_TEX_ALIGNMENT_ONLY,NO_CLAIM_EQUIVALENCE_CANONICAL_MEMBER_OR_EVIDENCE_INDEPENDENCE_INFERRED
VF-SAU-01-L0163,EQUAL,1703,1623,1703,1703,1623,1623,1,1,discharges the selected expression only. A literalization claim,discharges the selected expression only. A literalization claim,RAW_TEX_ALIGNMENT_ONLY,NO_CLAIM_EQUIVALENCE_CANONICAL_MEMBER_OR_EVIDENCE_INDEPENDENCE_INFERRED
VF-SAU-01-L0164,REPLACE,1704,1624,1704,1704,1624,1624,1,1,\(\Lit_0(U)\) asserts a stronger statement about \(U\) itself---lower-layer,\(\Lit_0(U)\) asserts a stronger statement about \(U\) itself: lower-layer,RAW_TEX_ALIGNMENT_ONLY,NO_CLAIM_EQUIVALENCE_CANONICAL_MEMBER_OR_EVIDENCE_INDEPENDENCE_INFERRED
VF-SAU-01-L0165,EQUAL,1705,1625,1705,1705,1625,1625,1,1,"membership, direct visibility, descent of \(U\), or unrestricted lower use of","membership, direct visibility, descent of \(U\), or unrestricted lower use of",RAW_TEX_ALIGNMENT_ONLY,NO_CLAIM_EQUIVALENCE_CANONICAL_MEMBER_OR_EVIDENCE_INDEPENDENCE_INFERRED
VF-SAU-01-L0166,REPLACE,1706-1708,1626-1630,1706,1708,1626,1630,3,5,"\(U\)---and requires a separate admissible bridge in \(\mathcal L_B\) for the literalized content of \(U\). Without such a bridge, the claim is not licensed by the audited descent of \(C(U)\).","all of \(U\). Such a statement requires a separate admissible bridge in \(\mathcal L_B\) for the literalized content of \(U\). Without that bridge, the claim is not licensed by the audited descent of \(C(U)\). This theorem is tracked by th…",RAW_TEX_ALIGNMENT_ONLY,NO_CLAIM_EQUIVALENCE_CANONICAL_MEMBER_OR_EVIDENCE_INDEPENDENCE_INFERRED
VF-SAU-01-L0167,EQUAL,1709-1710,1631-1632,1709,1710,1631,1632,2,2,\end{proof},\end{proof},RAW_TEX_ALIGNMENT_ONLY,NO_CLAIM_EQUIVALENCE_CANONICAL_MEMBER_OR_EVIDENCE_INDEPENDENCE_INFERRED
VF-SAU-01-L0168,REPLACE,1711-1719,1633-1642,1711,1719,1633,1642,9,10,"Each of the four case studies instantiates this rule in a different form. In the imaginary case (\Cref{sec:imaginary}), the audited descent of \(G^2\) does not license \(G\downarrow_q\) or \(i\) as a lower-layer object. In the calculus cas…","The four case profiles instantiate the same rule in different mathematical forms. In the composite case of \Cref{sec:imaginary}, the audited descent of \(G^2\) does not license \(G\downarrow_q\) or \(i\) as a lower-layer object; see \Cref{…",RAW_TEX_ALIGNMENT_ONLY,NO_CLAIM_EQUIVALENCE_CANONICAL_MEMBER_OR_EVIDENCE_INDEPENDENCE_INFERRED
VF-SAU-01-L0169,EQUAL,1720,1643,1720,1720,1643,1643,1,1,,,RAW_TEX_ALIGNMENT_ONLY,NO_CLAIM_EQUIVALENCE_CANONICAL_MEMBER_OR_EVIDENCE_INDEPENDENCE_INFERRED
VF-SAU-01-L0170,REPLACE,1721-1722,1644-1648,1721,1722,1644,1648,2,5,We now turn to the classification of the audited boundary expressions themselves: the four primitive head types and the basic profile registry.,"This completes the soundness and failure-mode discipline: a validated certificate licenses the audited lower answer, while the failure fields and no-overreading theorem explain what is blocked. The next section turns to classification, whe…",RAW_TEX_ALIGNMENT_ONLY,NO_CLAIM_EQUIVALENCE_CANONICAL_MEMBER_OR_EVIDENCE_INDEPENDENCE_INFERRED
VF-SAU-01-L0171,EQUAL,1723-1727,1649-1653,1723,1727,1649,1653,5,5,\section{Basic Profile Classification}\label{sec:classification} \subsection{Reduced boundary traces and the basic audit grammar} \label{subsec:classification-reduced-grammar},\section{Basic Profile Classification}\label{sec:classification} \subsection{Reduced boundary traces and the basic audit grammar} \label{subsec:classification-reduced-grammar},RAW_TEX_ALIGNMENT_ONLY,NO_CLAIM_EQUIVALENCE_CANONICAL_MEMBER_OR_EVIDENCE_INDEPENDENCE_INFERRED
VF-SAU-01-L0172,REPLACE,1728-1732,1654-1658,1728,1732,1654,1658,5,5,"The four case studies share a structural feature: their audited boundary expressions have typed outer shapes. We isolate the head constructor and support of a boundary expression and record the finite registry of primitive head types, so t…","The four case studies cluster because their audited boundary expressions have typed outer shapes. This section isolates the head constructor and support of a boundary expression, then records the finite registry of primitive head types. Th…",RAW_TEX_ALIGNMENT_ONLY,NO_CLAIM_EQUIVALENCE_CANONICAL_MEMBER_OR_EVIDENCE_INDEPENDENCE_INFERRED
VF-SAU-01-L0173,EQUAL,1733,1659,1733,1733,1659,1659,1,1,,,RAW_TEX_ALIGNMENT_ONLY,NO_CLAIM_EQUIVALENCE_CANONICAL_MEMBER_OR_EVIDENCE_INDEPENDENCE_INFERRED
VF-SAU-01-L0174,REPLACE,1734-1741,1660-1661,1734,1741,1660,1661,8,2,"We use the grammar below as typed bookkeeping for audited derivations, in keeping with standard categorical, algebraic-semantic, proof-theoretic, and provenance formalisms \citep{MacLane1998CategoriesWorkingMathematician,Lawvere1963Functor…",We first keep only the part of a strict useful trace that matters at the audited boundary.,RAW_TEX_ALIGNMENT_ONLY,NO_CLAIM_EQUIVALENCE_CANONICAL_MEMBER_OR_EVIDENCE_INDEPENDENCE_INFERRED
VF-SAU-01-L0175,EQUAL,1742-1916,1662-1836,1742,1916,1662,1836,175,175,"\begin{definition}[Reduced SAU boundary trace] \label{def:sau-reduced-boundary-trace} A reduced SAU boundary trace is a normal-form trace \[ \mathfrak B=\bigl(\mathfrak P_0,B_{0\to1},U,C,a^\sharp;A_{\mathfrak B},\mathcal N\bigr) \] obtaine…","\begin{definition}[Reduced SAU boundary trace] \label{def:sau-reduced-boundary-trace} A reduced SAU boundary trace is a normal-form trace \[ \mathfrak B=\bigl(\mathfrak P_0,B_{0\to1},U,C,a^\sharp;A_{\mathfrak B},\mathcal N\bigr) \] obtaine…",RAW_TEX_ALIGNMENT_ONLY,NO_CLAIM_EQUIVALENCE_CANONICAL_MEMBER_OR_EVIDENCE_INDEPENDENCE_INFERRED
VF-SAU-01-L0176,REPLACE,1917-1920,1837-1841,1917,1920,1837,1841,4,5,"\Cref{def:sau-basic-profile-registry}. Head extraction fixes the outer audit-relevant constructor \(\Head(C)\), so \(\rho_{\Basic}(\Head(C))\) is unique. The six displayed clauses are the six cases of the basic audit grammar.","\Cref{def:sau-basic-profile-registry}. The head-extraction definition fixes the outer audit-relevant constructor \(\Head(C)\), so the value \(\rho_{\Basic}(\Head(C))\) is unique. The six displayed clauses are the six cases in the basic aud…",RAW_TEX_ALIGNMENT_ONLY,NO_CLAIM_EQUIVALENCE_CANONICAL_MEMBER_OR_EVIDENCE_INDEPENDENCE_INFERRED
VF-SAU-01-L0177,EQUAL,1921-1966,1842-1887,1921,1966,1842,1887,46,46,\end{proof} The six profile labels and their canonical witnesses are summarized in \Cref{tab:profile-registry}. \begingroup\begin{table}[tbp] \centering \footnotesize \caption{Basic SAU profile registry and canonical witnesses.} \label{tab…,\end{proof} The six profile labels and their canonical witnesses are summarized in \Cref{tab:profile-registry}. \begingroup\begin{table}[tbp] \centering \footnotesize \caption{Basic SAU profile registry and canonical witnesses.} \label{tab…,RAW_TEX_ALIGNMENT_ONLY,NO_CLAIM_EQUIVALENCE_CANONICAL_MEMBER_OR_EVIDENCE_INDEPENDENCE_INFERRED
VF-SAU-01-L0178,REPLACE,1967-1970,1888-1892,1967,1970,1888,1892,4,5,"each canonical case. The imaginary case has a composite head, the calculus case a coefficient head, the Galois case an invariant head with trace and norm as symmetric aggregations, and the cohomology case a quotient or obstruction-class he…","each canonical case. The imaginary case has a composite head, the calculus case has a coefficient head, the Galois case has an invariant head with trace and norm as symmetric aggregations, and the cohomology case has a quotient or obstruct…",RAW_TEX_ALIGNMENT_ONLY,NO_CLAIM_EQUIVALENCE_CANONICAL_MEMBER_OR_EVIDENCE_INDEPENDENCE_INFERRED
VF-SAU-01-L0179,EQUAL,1971-1990,1893-1912,1971,1990,1893,1912,20,20,"\end{proof} The labels are typed, so matching one profile does not automatically identify the boundary with another profile. \begin{proposition}[Pairwise sort distinction of the four canonical profiles] \label{prop:sau-pairwise-profile-dis…","\end{proof} The labels are typed, so matching one profile does not automatically identify the boundary with another profile. \begin{proposition}[Pairwise sort distinction of the four canonical profiles] \label{prop:sau-pairwise-profile-dis…",RAW_TEX_ALIGNMENT_ONLY,NO_CLAIM_EQUIVALENCE_CANONICAL_MEMBER_OR_EVIDENCE_INDEPENDENCE_INFERRED
VF-SAU-01-L0180,REPLACE,1991-1993,1913-1916,1991,1993,1913,1916,3,4,"invariant or fixed point, and quotient or obstruction class. Since these sorts are disjoint in the typed grammar, their profile labels are pairwise distinct.","invariant or fixed point, and quotient or obstruction class. Since these sorts are disjoint in the typed grammar, their profile labels are pairwise distinct. This proposition is tracked by the formalization harness as a projection over the…",RAW_TEX_ALIGNMENT_ONLY,NO_CLAIM_EQUIVALENCE_CANONICAL_MEMBER_OR_EVIDENCE_INDEPENDENCE_INFERRED
VF-SAU-01-L0181,EQUAL,1994-1995,1917-1918,1994,1995,1917,1918,2,2,\end{proof},\end{proof},RAW_TEX_ALIGNMENT_ONLY,NO_CLAIM_EQUIVALENCE_CANONICAL_MEMBER_OR_EVIDENCE_INDEPENDENCE_INFERRED
VF-SAU-01-L0182,REPLACE,1996-1997,1919-1920,1996,1997,1919,1920,2,2,We now extend the classification from primitive heads to composite boundary expressions and state the soundness theorem.,The next subsection extends the classification from primitive heads to composite boundaries and states the classification soundness theorem.,RAW_TEX_ALIGNMENT_ONLY,NO_CLAIM_EQUIVALENCE_CANONICAL_MEMBER_OR_EVIDENCE_INDEPENDENCE_INFERRED
VF-SAU-01-L0183,EQUAL,1998-2016,1921-1939,1998,2016,1921,1939,19,19,"\subsection{Composite boundaries and classification soundness} \label{subsec:classification-composite-soundness} Primitive heads cover one-step boundary expressions. Composite boundary expressions, where \(C(U)\) uses several declared cons…","\subsection{Composite boundaries and classification soundness} \label{subsec:classification-composite-soundness} Primitive heads cover one-step boundary expressions. Composite boundary expressions, where \(C(U)\) uses several declared cons…",RAW_TEX_ALIGNMENT_ONLY,NO_CLAIM_EQUIVALENCE_CANONICAL_MEMBER_OR_EVIDENCE_INDEPENDENCE_INFERRED
VF-SAU-01-L0184,REPLACE,2017-2023,1940-1948,2017,2023,1940,1948,7,9,"Induct on the constructor depth of \(C(U)\). At depth one the claim is \Cref{thm:sau-primitive-head-classification}. For the inductive step, decompose \(C(U)\) into its outer constructor and reduced subexpressions: the registry assigns the…","Proceed by induction on the constructor depth of \(C(U)\). At depth one, the claim is exactly the primitive head classification theorem. For the inductive step, decompose \(C(U)\) into its outer constructor and reduced subexpressions; the…",RAW_TEX_ALIGNMENT_ONLY,NO_CLAIM_EQUIVALENCE_CANONICAL_MEMBER_OR_EVIDENCE_INDEPENDENCE_INFERRED
VF-SAU-01-L0185,EQUAL,2024-2044,1949-1969,2024,2044,1949,1969,21,21,"\end{proof} The resulting normal form is the classification version of the boundary normal form: a hidden support, an audited descent, and a finite registered profile. \begin{corollary}[Basic profile normal form] \label{cor:sau-basic-profi…","\end{proof} The resulting normal form is the classification version of the boundary normal form: a hidden support, an audited descent, and a finite registered profile. \begin{corollary}[Basic profile normal form] \label{cor:sau-basic-profi…",RAW_TEX_ALIGNMENT_ONLY,NO_CLAIM_EQUIVALENCE_CANONICAL_MEMBER_OR_EVIDENCE_INDEPENDENCE_INFERRED
VF-SAU-01-L0186,REPLACE,2045-2048,1970-1974,2045,2048,1970,1974,4,5,"\Cref{thm:sau-composite-boundary-classification}: the first supplies the non-descending support and audited descending boundary expression, and the second classifies the boundary expression by a finite profile generated from \(\mathcal R_{…",\Cref{thm:sau-composite-boundary-classification}. The first supplies the non-descending support and audited descending boundary expression; the second classifies the boundary expression by a finite profile generated from \(\mathcal R_{\Bas…,RAW_TEX_ALIGNMENT_ONLY,NO_CLAIM_EQUIVALENCE_CANONICAL_MEMBER_OR_EVIDENCE_INDEPENDENCE_INFERRED
VF-SAU-01-L0187,EQUAL,2049-2050,1975-1976,2049,2050,1975,1976,2,2,\end{proof},\end{proof},RAW_TEX_ALIGNMENT_ONLY,NO_CLAIM_EQUIVALENCE_CANONICAL_MEMBER_OR_EVIDENCE_INDEPENDENCE_INFERRED
VF-SAU-01-L0188,REPLACE,2051-2052,1977-1978,2051,2052,1977,1978,2,2,"The classification is sound: a classified boundary licenses only the lower descendant selected by the boundary, not the hidden support itself.","The classification is also sound: a classified boundary licenses only the lower descendant selected by that boundary, not the hidden support itself.",RAW_TEX_ALIGNMENT_ONLY,NO_CLAIM_EQUIVALENCE_CANONICAL_MEMBER_OR_EVIDENCE_INDEPENDENCE_INFERRED
VF-SAU-01-L0189,EQUAL,2053-2077,1979-2003,2053,2077,1979,2003,25,25,\begin{theorem}[Basic classification soundness] \label{thm:sau-basic-classification-soundness} Let \(\mathfrak T\) be a finite strict useful trace whose reduced boundary is basic. Then there exists a validated SAU certificate whose profile…,\begin{theorem}[Basic classification soundness] \label{thm:sau-basic-classification-soundness} Let \(\mathfrak T\) be a finite strict useful trace whose reduced boundary is basic. Then there exists a validated SAU certificate whose profile…,RAW_TEX_ALIGNMENT_ONLY,NO_CLAIM_EQUIVALENCE_CANONICAL_MEMBER_OR_EVIDENCE_INDEPENDENCE_INFERRED
VF-SAU-01-L0190,REPLACE,2078-2083,2004-2011,2078,2083,2004,2011,6,8,"The strict useful trace supplies the extracted boundary package via the necessity machinery of \Cref{sec:necessity}. Since the reduced boundary is basic, \Cref{thm:sau-composite-boundary-classification} assigns a finite registered profile.…","The strict useful trace supplies the extracted boundary package by the necessity machinery of \Cref{sec:necessity}. Since the reduced boundary is basic, \Cref{thm:sau-composite-boundary-classification} assigns a finite registered profile.…",RAW_TEX_ALIGNMENT_ONLY,NO_CLAIM_EQUIVALENCE_CANONICAL_MEMBER_OR_EVIDENCE_INDEPENDENCE_INFERRED
VF-SAU-01-L0191,EQUAL,2084-2085,2012-2013,2084,2085,2012,2013,2,2,\end{proof},\end{proof},RAW_TEX_ALIGNMENT_ONLY,NO_CLAIM_EQUIVALENCE_CANONICAL_MEMBER_OR_EVIDENCE_INDEPENDENCE_INFERRED
VF-SAU-01-L0192,REPLACE,2086-2088,2014-2015,2086,2088,2014,2015,3,2,"The classification is applied only after strict useful traces have already forced a reduced boundary; in particular, a bridge is not labelled useful by naming.",This is the section's anti-tautology point: the classification is applied after strict useful traces have already forced a reduced boundary.,RAW_TEX_ALIGNMENT_ONLY,NO_CLAIM_EQUIVALENCE_CANONICAL_MEMBER_OR_EVIDENCE_INDEPENDENCE_INFERRED
VF-SAU-01-L0193,EQUAL,2089,2016,2089,2089,2016,2016,1,1,,,RAW_TEX_ALIGNMENT_ONLY,NO_CLAIM_EQUIVALENCE_CANONICAL_MEMBER_OR_EVIDENCE_INDEPENDENCE_INFERRED
VF-SAU-01-L0194,REPLACE,2090,2017,2090,2090,2017,2017,1,1,\begin{corollary}[Classification is not by naming],\begin{corollary}[Why the classification is non-tautological],RAW_TEX_ALIGNMENT_ONLY,NO_CLAIM_EQUIVALENCE_CANONICAL_MEMBER_OR_EVIDENCE_INDEPENDENCE_INFERRED
VF-SAU-01-L0195,EQUAL,2091,2018,2091,2091,2018,2018,1,1,\label{cor:sau-classification-nontautological},\label{cor:sau-classification-nontautological},RAW_TEX_ALIGNMENT_ONLY,NO_CLAIM_EQUIVALENCE_CANONICAL_MEMBER_OR_EVIDENCE_INDEPENDENCE_INFERRED
VF-SAU-01-L0196,REPLACE,2092,2019,2092,2092,2019,2019,1,1,"The classification theorem does not say that a bridge is useful because it has been named useful. For finite strict useful traces whose boundary lies in the basic grammar, the necessity theorem first extracts a hidden-support/descending-bo…","The classification theorem does not say that a bridge is useful because it has been named useful. It says that, for finite strict useful traces whose boundary lies in the basic grammar, the necessity theorem first extracts a hidden-support…",RAW_TEX_ALIGNMENT_ONLY,NO_CLAIM_EQUIVALENCE_CANONICAL_MEMBER_OR_EVIDENCE_INDEPENDENCE_INFERRED
VF-SAU-01-L0197,EQUAL,2093-2095,2020-2022,2093,2095,2020,2022,3,3,\end{corollary} \begin{proof},\end{corollary} \begin{proof},RAW_TEX_ALIGNMENT_ONLY,NO_CLAIM_EQUIVALENCE_CANONICAL_MEMBER_OR_EVIDENCE_INDEPENDENCE_INFERRED
VF-SAU-01-L0198,REPLACE,2096-2099,2023-2028,2096,2099,2023,2028,4,6,"A trace is assumed strict and useful before any profile label is assigned. The necessity and tautology-barrier results of \Cref{sec:necessity} extract the hidden-support/descending-boundary normal form from that trace, and the present sect…",The order of dependence is the point. The trace is assumed strict and useful before a profile label is assigned. The necessity and tautology-barrier results of \Cref{sec:necessity} extract the hidden-support/descending-boundary normal form…,RAW_TEX_ALIGNMENT_ONLY,NO_CLAIM_EQUIVALENCE_CANONICAL_MEMBER_OR_EVIDENCE_INDEPENDENCE_INFERRED
VF-SAU-01-L0199,EQUAL,2100-2101,2029-2030,2100,2101,2029,2030,2,2,\end{proof},\end{proof},RAW_TEX_ALIGNMENT_ONLY,NO_CLAIM_EQUIVALENCE_CANONICAL_MEMBER_OR_EVIDENCE_INDEPENDENCE_INFERRED
VF-SAU-01-L0200,REPLACE,2102,2031-2032,2102,2102,2031,2032,1,2,We now develop the four canonical witnesses in detail.,The four canonical witnesses are now classified. The next four sections develop those witnesses in detail.,RAW_TEX_ALIGNMENT_ONLY,NO_CLAIM_EQUIVALENCE_CANONICAL_MEMBER_OR_EVIDENCE_INDEPENDENCE_INFERRED
VF-SAU-01-L0201,EQUAL,2103-2107,2033-2037,2103,2107,2033,2037,5,5,\section{Imaginary Numbers}\label{sec:imaginary} \subsection{The lower problem: same-layer half-step of real reversal} \label{subsec:imag-lower-problem},\section{Imaginary Numbers}\label{sec:imaginary} \subsection{The lower problem: same-layer half-step of real reversal} \label{subsec:imag-lower-problem},RAW_TEX_ALIGNMENT_ONLY,NO_CLAIM_EQUIVALENCE_CANONICAL_MEMBER_OR_EVIDENCE_INDEPENDENCE_INFERRED
VF-SAU-01-L0202,REPLACE,2108-2113,2038-2041,2108,2113,2038,2041,6,4,"We take the lower layer to be a small finite system: visible states \(Y=\{-1,0,1\}\) together with real reversal \(F(y)=-y\). The lower problem asks for a half-step of reversal: a map \(H:Y\to Y\) with \(H^2=F\). This section follows the c…","The imaginary case begins with a deliberately small lower layer. Its visible states are \(Y=\{-1,0,1\}\), and the operation already available downstairs is real reversal, \(F(y)=-y\). The lower problem asks whether this same layer can find…",RAW_TEX_ALIGNMENT_ONLY,NO_CLAIM_EQUIVALENCE_CANONICAL_MEMBER_OR_EVIDENCE_INDEPENDENCE_INFERRED
VF-SAU-01-L0203,EQUAL,2114-2176,2042-2104,2114,2176,2042,2104,63,63,"\begin{definition}[Finite real-shadow layer] \label{def:imag-real-shadow-layer} Let \[ Y=\{-1,0,1\} \] and let \[ F:Y\to Y, \qquad F(y)=-y. \] The map \(F\) is called the lower reversal. The same-layer half-step problem asks for a map \[ H…","\begin{definition}[Finite real-shadow layer] \label{def:imag-real-shadow-layer} Let \[ Y=\{-1,0,1\} \] and let \[ F:Y\to Y, \qquad F(y)=-y. \] The map \(F\) is called the lower reversal. The same-layer half-step problem asks for a map \[ H…",RAW_TEX_ALIGNMENT_ONLY,NO_CLAIM_EQUIVALENCE_CANONICAL_MEMBER_OR_EVIDENCE_INDEPENDENCE_INFERRED
VF-SAU-01-L0204,REPLACE,2177-2178,2105-2107,2177,2178,2105,2107,2,3,deferred to \Cref{app:methods}; the same finite check is verified in Lean as a faithful computational proof (\Cref{app:formalization}).,deferred to \Cref{app:methods}. The same finite check is verified in Lean as a faithful computational proof; see also \Cref{app:formalization} for the Lean traceability.,RAW_TEX_ALIGNMENT_ONLY,NO_CLAIM_EQUIVALENCE_CANONICAL_MEMBER_OR_EVIDENCE_INDEPENDENCE_INFERRED
VF-SAU-01-L0205,EQUAL,2179-2188,2108-2117,2179,2188,2108,2117,10,10,"\end{proof} \begin{corollary}[Lower-layer saturation for half-reversal] \label{cor:imag-lower-saturation} The lower problem profile \(\mathfrak P_{\Imag,0}\) is saturated: \[ \operatorname{Sat}(\mathfrak P_{\Imag,0}). \] \end{corollary}","\end{proof} \begin{corollary}[Lower-layer saturation for half-reversal] \label{cor:imag-lower-saturation} The lower problem profile \(\mathfrak P_{\Imag,0}\) is saturated: \[ \operatorname{Sat}(\mathfrak P_{\Imag,0}). \] \end{corollary}",RAW_TEX_ALIGNMENT_ONLY,NO_CLAIM_EQUIVALENCE_CANONICAL_MEMBER_OR_EVIDENCE_INDEPENDENCE_INFERRED
VF-SAU-01-L0206,REPLACE,2189-2190,2118-2121,2189,2190,2118,2121,2,4,The lower layer is therefore not missing reversal itself; it is missing a same-layer square root of reversal.,The corollary says that the lower layer is not missing reversal itself; it is missing a same-layer square root of reversal. This corollary is tracked by the formalization harness as a projection over the no-same-layer lemma and the saturat…,RAW_TEX_ALIGNMENT_ONLY,NO_CLAIM_EQUIVALENCE_CANONICAL_MEMBER_OR_EVIDENCE_INDEPENDENCE_INFERRED
VF-SAU-01-L0207,EQUAL,2191-2200,2122-2131,2191,2200,2122,2131,10,10,\subsection{The four-phase carrier and the quarter-turn} \label{subsec:imag-four-phase-carrier} The saturated lower problem is resolved by moving to a four-state promoted carrier. Instead of asking the three-state shadow \(Y\) to contain a…,\subsection{The four-phase carrier and the quarter-turn} \label{subsec:imag-four-phase-carrier} The saturated lower problem is resolved by moving to a four-state promoted carrier. Instead of asking the three-state shadow \(Y\) to contain a…,RAW_TEX_ALIGNMENT_ONLY,NO_CLAIM_EQUIVALENCE_CANONICAL_MEMBER_OR_EVIDENCE_INDEPENDENCE_INFERRED
VF-SAU-01-L0208,DELETE,2201-2205,EMPTY,2201,2205,,,5,0,"The example is a finite shadow of the classical complex-number move: adjoining or constructing a square root of \(-1\), while returning algebraic expressions visible over the original real layer \citep{Mazur2003ImaginingNumbers,Hamilton183…",,RAW_TEX_ALIGNMENT_ONLY,NO_CLAIM_EQUIVALENCE_CANONICAL_MEMBER_OR_EVIDENCE_INDEPENDENCE_INFERRED
VF-SAU-01-L0209,EQUAL,2206-2249,2132-2175,2206,2249,2132,2175,44,44,"\begin{definition}[Four-phase carrier and real-shadow lens] \label{def:imag-four-phase-carrier} Let \[ X=C_4=\{1,i,-1,-i\} \] with the cyclic update \[ G:X\to X, \qquad G(z)=iz. \] Thus \[ 1\mapsto i\mapsto -1\mapsto -i\mapsto 1. \] Define…","\begin{definition}[Four-phase carrier and real-shadow lens] \label{def:imag-four-phase-carrier} Let \[ X=C_4=\{1,i,-1,-i\} \] with the cyclic update \[ G:X\to X, \qquad G(z)=iz. \] Thus \[ 1\mapsto i\mapsto -1\mapsto -i\mapsto 1. \] Define…",RAW_TEX_ALIGNMENT_ONLY,NO_CLAIM_EQUIVALENCE_CANONICAL_MEMBER_OR_EVIDENCE_INDEPENDENCE_INFERRED
VF-SAU-01-L0210,REPLACE,2250-2253,2176-2179,2250,2253,2176,2179,4,4,"\node[phase] (one) at (0.0, 0.0) {\(1\)}; \node[phase] (i) at (1.8, 0.0) {\(i\)}; \node[phase] (negone) at (3.6, 0.0) {\(-1\)}; \node[phase] (negi) at (5.4, 0.0) {\(-i\)};","\node[phase] (one) at (0.8,1.8) {\(1\)}; \node[phase] (i) at (2.4,3.0) {\(i\)}; \node[phase] (negone) at (4.0,1.8) {\(-1\)}; \node[phase] (negi) at (2.4,0.6) {\(-i\)};",RAW_TEX_ALIGNMENT_ONLY,NO_CLAIM_EQUIVALENCE_CANONICAL_MEMBER_OR_EVIDENCE_INDEPENDENCE_INFERRED
VF-SAU-01-L0211,EQUAL,2254,2180,2254,2254,2180,2180,1,1,,,RAW_TEX_ALIGNMENT_ONLY,NO_CLAIM_EQUIVALENCE_CANONICAL_MEMBER_OR_EVIDENCE_INDEPENDENCE_INFERRED
VF-SAU-01-L0212,REPLACE,2255,2181,2255,2255,2181,2181,1,1,\node[left=4mm of one] {\(C_4:\)};,"\node[above=4mm of i] {\(C_4=\{1,i,-1,-i\}\)};",RAW_TEX_ALIGNMENT_ONLY,NO_CLAIM_EQUIVALENCE_CANONICAL_MEMBER_OR_EVIDENCE_INDEPENDENCE_INFERRED
VF-SAU-01-L0213,EQUAL,2256,2182,2256,2256,2182,2182,1,1,,,RAW_TEX_ALIGNMENT_ONLY,NO_CLAIM_EQUIVALENCE_CANONICAL_MEMBER_OR_EVIDENCE_INDEPENDENCE_INFERRED
VF-SAU-01-L0214,REPLACE,2257-2261,2183-2186,2257,2261,2183,2186,5,4,"\draw[->,thick] (one) -- node[above] {\(G\)} (i); \draw[->,thick] (i) -- node[above] {\(G\)} (negone); \draw[->,thick] (negone) -- node[above] {\(G\)} (negi); \draw[->,thick] (negi) to[bend right=35] node[above] {\(G\)} (one);","\draw[->,thick] (one) to[bend left=10] node[above left] {\(G\)} (i); \draw[->,thick] (i) to[bend left=10] node[above right] {\(G\)} (negone); \draw[->,thick] (negone) to[bend left=10] node[below right] {\(G\)} (negi); \draw[->,thick] (negi…",RAW_TEX_ALIGNMENT_ONLY,NO_CLAIM_EQUIVALENCE_CANONICAL_MEMBER_OR_EVIDENCE_INDEPENDENCE_INFERRED
VF-SAU-01-L0215,EQUAL,2262,2187,2262,2262,2187,2187,1,1,,,RAW_TEX_ALIGNMENT_ONLY,NO_CLAIM_EQUIVALENCE_CANONICAL_MEMBER_OR_EVIDENCE_INDEPENDENCE_INFERRED
VF-SAU-01-L0216,REPLACE,2263-2265,2188-2190,2263,2265,2188,2190,3,3,"\node[shadow] (yone) at (0.0, -3.0) {\(1\)}; \node[shadow] (yzero) at (2.7, -3.0) {\(0\)}; \node[shadow] (yneg) at (5.4, -3.0) {\(-1\)};","\node[shadow] (yone) at (0.8,-1.0) {\(1\)}; \node[shadow] (yzero) at (2.4,-1.0) {\(0\)}; \node[shadow] (yneg) at (4.0,-1.0) {\(-1\)};",RAW_TEX_ALIGNMENT_ONLY,NO_CLAIM_EQUIVALENCE_CANONICAL_MEMBER_OR_EVIDENCE_INDEPENDENCE_INFERRED
VF-SAU-01-L0217,EQUAL,2266,2191,2266,2266,2191,2191,1,1,,,RAW_TEX_ALIGNMENT_ONLY,NO_CLAIM_EQUIVALENCE_CANONICAL_MEMBER_OR_EVIDENCE_INDEPENDENCE_INFERRED
VF-SAU-01-L0218,REPLACE,2267,2192,2267,2267,2192,2192,1,1,\node[left=4mm of yone] {\(Y_3:\)};,"\node[below=4mm of yzero] {\(Y_3=\{-1,0,1\}\)};",RAW_TEX_ALIGNMENT_ONLY,NO_CLAIM_EQUIVALENCE_CANONICAL_MEMBER_OR_EVIDENCE_INDEPENDENCE_INFERRED
VF-SAU-01-L0219,EQUAL,2268,2193,2268,2268,2193,2193,1,1,,,RAW_TEX_ALIGNMENT_ONLY,NO_CLAIM_EQUIVALENCE_CANONICAL_MEMBER_OR_EVIDENCE_INDEPENDENCE_INFERRED
VF-SAU-01-L0220,REPLACE,2269-2274,2194-2197,2269,2274,2194,2197,6,4,"\draw[dashed,->] (one) -- node[left] {\(q\)} (yone); \draw[dashed,->] (negi) -- node[right] {\(q\)} (yneg); \draw[dashed,->] (i) to[bend right=15] node[left] {\(q\)} (yzero); \draw[dashed,->] (negone) to[bend left=15] node[right] {\(q\)} (…","\draw[dashed,->] (one) -- node[left] {\(q\)} (yone); \draw[dashed,->] (i) -- node[right] {\(q\)} (yzero); \draw[dashed,->] (negone) -- node[right] {\(q\)} (yneg); \draw[dashed,->] (negi) -- node[right] {\(q\)} (yzero);",RAW_TEX_ALIGNMENT_ONLY,NO_CLAIM_EQUIVALENCE_CANONICAL_MEMBER_OR_EVIDENCE_INDEPENDENCE_INFERRED
VF-SAU-01-L0221,EQUAL,2275,2198,2275,2275,2198,2198,1,1,,,RAW_TEX_ALIGNMENT_ONLY,NO_CLAIM_EQUIVALENCE_CANONICAL_MEMBER_OR_EVIDENCE_INDEPENDENCE_INFERRED
VF-SAU-01-L0222,REPLACE,2276-2279,2199-2201,2276,2279,2199,2201,4,3,"\draw[->,thick] (yone) to[bend right=22] node[below] {\(F\)} (yneg); \draw[->,thick] (yneg) to[bend right=22] node[above] {\(F\)} (yone); \draw[->,thick] (yzero) to[out=-30,in=30,looseness=8] node[right] {\(F\)} (yzero);","\draw[->,thick] (yone) to[bend left=15] node[above] {\(F\)} (yneg); \draw[->,thick] (yneg) to[bend left=15] (yone); \draw[->,thick] (yzero) to[out=120,in=60,looseness=4] node[above] {\(F\)} (yzero);",RAW_TEX_ALIGNMENT_ONLY,NO_CLAIM_EQUIVALENCE_CANONICAL_MEMBER_OR_EVIDENCE_INDEPENDENCE_INFERRED
VF-SAU-01-L0223,EQUAL,2280,2202,2280,2280,2202,2202,1,1,\end{tikzpicture},\end{tikzpicture},RAW_TEX_ALIGNMENT_ONLY,NO_CLAIM_EQUIVALENCE_CANONICAL_MEMBER_OR_EVIDENCE_INDEPENDENCE_INFERRED
VF-SAU-01-L0224,REPLACE,2281,2203,2281,2281,2203,2203,1,1,"\caption{The four-phase carrier \(C_4=\{1,i,-1,-i\}\) (top) with quarter-turn \(G(z)=iz\), the real-shadow lens \(q:C_4\to Y_3\) collapsing \(\{i,-i\}\) to \(0\), and the descended reversal \(F(y)=-y\) on \(Y_3=\{-1,0,1\}\) determined by \…","\caption{The four-phase carrier \(C_4\), the real-shadow lens \(q:C_4\to Y_3\), the quarter-turn \(G\), and the descended reversal \(F\) determined by \(G^2\).}",RAW_TEX_ALIGNMENT_ONLY,NO_CLAIM_EQUIVALENCE_CANONICAL_MEMBER_OR_EVIDENCE_INDEPENDENCE_INFERRED
VF-SAU-01-L0225,EQUAL,2282-2422,2204-2344,2282,2422,2204,2344,141,141,\label{fig:c4-shadow} \end{figure} \endgroup The imaginary-number promotion bridge \(B_{\Imag}\) packages this construction as an instance of the bridge data from \Cref{sec:layers}. Its lower package is the finite real-shadow layer on \(Y\…,\label{fig:c4-shadow} \end{figure} \endgroup The imaginary-number promotion bridge \(B_{\Imag}\) packages this construction as an instance of the bridge data from \Cref{sec:layers}. Its lower package is the finite real-shadow layer on \(Y\…,RAW_TEX_ALIGNMENT_ONLY,NO_CLAIM_EQUIVALENCE_CANONICAL_MEMBER_OR_EVIDENCE_INDEPENDENCE_INFERRED
VF-SAU-01-L0226,REPLACE,2423-2424,2345-2347,2423,2424,2345,2347,2,3,Combine \Cref{lem:imag-G-nondescends} for non-descent of \(G\) with \Cref{lem:imag-G2-descends} for descent of \(G^2\).,"The non-descent clause is \Cref{lem:imag-G-nondescends}, and the descended composite clause is \Cref{lem:imag-G2-descends}. Lean records this profile label; the substantive content is delivered by the two preceding lemmas.",RAW_TEX_ALIGNMENT_ONLY,NO_CLAIM_EQUIVALENCE_CANONICAL_MEMBER_OR_EVIDENCE_INDEPENDENCE_INFERRED
VF-SAU-01-L0227,EQUAL,2425-2444,2348-2367,2425,2444,2348,2367,20,20,\end{proof} The same finite construction is also minimal in cardinality for this strict phase-promotion role. \begin{proposition}[Cardinal minimality of strict phase promotion] \label{prop:imag-cardinal-minimality} Let \(q:X\twoheadrightar…,\end{proof} The same finite construction is also minimal in cardinality for this strict phase-promotion role. \begin{proposition}[Cardinal minimality of strict phase promotion] \label{prop:imag-cardinal-minimality} Let \(q:X\twoheadrightar…,RAW_TEX_ALIGNMENT_ONLY,NO_CLAIM_EQUIVALENCE_CANONICAL_MEMBER_OR_EVIDENCE_INDEPENDENCE_INFERRED
VF-SAU-01-L0228,REPLACE,2445-2451,2368-2380,2445,2451,2368,2380,7,13,"\(q:X\twoheadrightarrow Y\) has \(|X|\geq 3\). If \(|X|=3\) then \(q\) is bijective, in which case every update \(G:X\to X\) descends via \(G^\sharp:=qGq^{-1}\), contradicting \(G\not\downarrow_q\). Hence \(|X|\geq 4\). The four-phase carr…","\(q:X\twoheadrightarrow Y\) has \(|X|\geq 3\). If \(|X|=3\), then \(q\) is bijective. In that case every update \(G:X\to X\) descends, by defining \[ G^\sharp=qGq^{-1}:Y\to Y \] and observing that \(qG=G^\sharp q\). This contradicts \(G\no…",RAW_TEX_ALIGNMENT_ONLY,NO_CLAIM_EQUIVALENCE_CANONICAL_MEMBER_OR_EVIDENCE_INDEPENDENCE_INFERRED
VF-SAU-01-L0229,EQUAL,2452-2465,2381-2394,2452,2465,2381,2394,14,14,"\end{proof} Finally, the bridge is strict because the promoted interface distinguishes states that the lower real-shadow interface identifies. \begin{proposition}[Strictness witness] \label{prop:imag-strictness-witness} Let the comparison…","\end{proof} Finally, the bridge is strict because the promoted interface distinguishes states that the lower real-shadow interface identifies. \begin{proposition}[Strictness witness] \label{prop:imag-strictness-witness} Let the comparison…",RAW_TEX_ALIGNMENT_ONLY,NO_CLAIM_EQUIVALENCE_CANONICAL_MEMBER_OR_EVIDENCE_INDEPENDENCE_INFERRED
VF-SAU-01-L0230,INSERT,EMPTY,2395-2399,,,2395,2399,0,5,,"\[ \delta_{\mathrm{fact}}(\pi_0, \pi_1)\neq\varnothing. \] In particular,",RAW_TEX_ALIGNMENT_ONLY,NO_CLAIM_EQUIVALENCE_CANONICAL_MEMBER_OR_EVIDENCE_INDEPENDENCE_INFERRED
VF-SAU-01-L0231,EQUAL,2466-2523,2400-2457,2466,2523,2400,2457,58,58,"\[ \delta_{\mathrm{fact}}(\pi_0,\pi_1)\neq\varnothing. \] \end{proposition} \begin{proof} The pair \((i,-i)\in S\times S\) has the same lower view: \[ \pi_0(i)=q(i)=0=q(-i)=\pi_0(-i). \] It has different promoted views: \[ \pi_1(i)=i\neq -…","\[ \delta_{\mathrm{fact}}(\pi_0,\pi_1)\neq\varnothing. \] \end{proposition} \begin{proof} The pair \((i,-i)\in S\times S\) has the same lower view: \[ \pi_0(i)=q(i)=0=q(-i)=\pi_0(-i). \] It has different promoted views: \[ \pi_1(i)=i\neq -…",RAW_TEX_ALIGNMENT_ONLY,NO_CLAIM_EQUIVALENCE_CANONICAL_MEMBER_OR_EVIDENCE_INDEPENDENCE_INFERRED
VF-SAU-01-L0232,REPLACE,2524-2532,2458-2468,2524,2532,2458,2468,9,11,Saturation is \Cref{cor:imag-lower-saturation}; strictness is \Cref{prop:imag-strictness-witness}; hidden non-descent is \Cref{lem:imag-G-nondescends}; the descended expression is \Cref{lem:imag-G2-descends}. The remaining fields---bridge…,This is the certificate assembly. The saturation component is \Cref{cor:imag-lower-saturation}; the strictness component is \Cref{prop:imag-strictness-witness}; the hidden non-descent component is \Cref{lem:imag-G-nondescends}; and the des…,RAW_TEX_ALIGNMENT_ONLY,NO_CLAIM_EQUIVALENCE_CANONICAL_MEMBER_OR_EVIDENCE_INDEPENDENCE_INFERRED
VF-SAU-01-L0233,EQUAL,2533-2581,2469-2517,2533,2581,2469,2517,49,49,"\end{proof} The finite carrier \(C_4\) is the discrete phase skeleton of the usual imaginary extension. To recover the familiar linear form, ask for the minimal nonzero real vector package carrying a hidden real-linear half-step \(J\) with…","\end{proof} The finite carrier \(C_4\) is the discrete phase skeleton of the usual imaginary extension. To recover the familiar linear form, ask for the minimal nonzero real vector package carrying a hidden real-linear half-step \(J\) with…",RAW_TEX_ALIGNMENT_ONLY,NO_CLAIM_EQUIVALENCE_CANONICAL_MEMBER_OR_EVIDENCE_INDEPENDENCE_INFERRED
VF-SAU-01-L0234,REPLACE,2582,2518-2520,2582,2582,2518,2520,1,3,and the linear audit-channel details are deferred to \Cref{app:methods}.,"and the linear audit-channel details are deferred to \Cref{app:methods}. This theorem is tracked by the formalization harness as a projection over the paper-side linear-algebra package, not as an independent Lean proof.",RAW_TEX_ALIGNMENT_ONLY,NO_CLAIM_EQUIVALENCE_CANONICAL_MEMBER_OR_EVIDENCE_INDEPENDENCE_INFERRED
VF-SAU-01-L0235,EQUAL,2583-2604,2521-2542,2583,2604,2521,2542,22,22,"\end{proof} The certificate therefore accepts that \(G^2\) descends to real reversal and that \(i^2=-1\) is realized as a real-linear identity in the completion. It also accepts audited descendants such as real parts, conjugation-fixed ele…","\end{proof} The certificate therefore accepts that \(G^2\) descends to real reversal and that \(i^2=-1\) is realized as a real-linear identity in the completion. It also accepts audited descendants such as real parts, conjugation-fixed ele…",RAW_TEX_ALIGNMENT_ONLY,NO_CLAIM_EQUIVALENCE_CANONICAL_MEMBER_OR_EVIDENCE_INDEPENDENCE_INFERRED
VF-SAU-01-L0236,REPLACE,2605-2612,2543-2551,2605,2612,2543,2551,8,9,"By the certificate discipline of \Cref{sec:layers}, the accepted claim licenses only the audited descended expression \(C(U)=G^2\) and the corresponding lower acceptance \(a^\sharp_{\Imag}\). It does not license membership claims about the…","By the certificate discipline of \Cref{sec:layers}, the accepted claim licenses only the audited descended expression \(C(U)=G^2\) and the corresponding lower acceptance \(a^\sharp_{\Imag}\). It does not license membership claims about the…",RAW_TEX_ALIGNMENT_ONLY,NO_CLAIM_EQUIVALENCE_CANONICAL_MEMBER_OR_EVIDENCE_INDEPENDENCE_INFERRED
VF-SAU-01-L0237,EQUAL,2613-2614,2552-2553,2613,2614,2552,2553,2,2,\end{proof},\end{proof},RAW_TEX_ALIGNMENT_ONLY,NO_CLAIM_EQUIVALENCE_CANONICAL_MEMBER_OR_EVIDENCE_INDEPENDENCE_INFERRED
VF-SAU-01-L0238,REPLACE,2615-2617,2554-2556,2615,2617,2554,2556,3,3,"The calculus case in \Cref{sec:calculus} keeps the same order of checks but changes the boundary expression: the hidden first-order direction does not descend, while its coefficient expression does.","The next case, \Cref{sec:calculus}, repeats this form with infinitesimal directions: the hidden first-order object does not descend, while its selected coefficient expression does.",RAW_TEX_ALIGNMENT_ONLY,NO_CLAIM_EQUIVALENCE_CANONICAL_MEMBER_OR_EVIDENCE_INDEPENDENCE_INFERRED
VF-SAU-01-L0239,EQUAL,2618-2622,2557-2561,2618,2622,2557,2561,5,5,\section{Infinitesimals and Calculus}\label{sec:calculus} \subsection{Value-only differentiation and its defect} \label{subsec:jet-value-only-defect},\section{Infinitesimals and Calculus}\label{sec:calculus} \subsection{Value-only differentiation and its defect} \label{subsec:jet-value-only-defect},RAW_TEX_ALIGNMENT_ONLY,NO_CLAIM_EQUIVALENCE_CANONICAL_MEMBER_OR_EVIDENCE_INDEPENDENCE_INFERRED
VF-SAU-01-L0240,REPLACE,2623-2625,2562-2564,2623,2625,2562,2564,3,3,"The calculus case begins with a stripped-down lower interface: at a fixed point \(x\), the lower layer sees only the value \(f(x)\). A derivative at \(x\) is more than that value, since functions can agree at \(x\) while having","The calculus case begins with a deliberately impoverished lower interface. At a fixed point \(x\), the lower layer sees only the value \(f(x)\). A derivative at \(x\) is more than that value: functions can agree at \(x\) while having",RAW_TEX_ALIGNMENT_ONLY,NO_CLAIM_EQUIVALENCE_CANONICAL_MEMBER_OR_EVIDENCE_INDEPENDENCE_INFERRED
VF-SAU-01-L0241,EQUAL,2626,2565,2626,2626,2565,2565,1,1,different first-order behavior there.,different first-order behavior there.,RAW_TEX_ALIGNMENT_ONLY,NO_CLAIM_EQUIVALENCE_CANONICAL_MEMBER_OR_EVIDENCE_INDEPENDENCE_INFERRED
VF-SAU-01-L0242,DELETE,2627-2629,EMPTY,2627,2629,,,3,0,"The promoted object will be the square-zero direction \(\varepsilon\); the audited boundary expression is the coefficient of \(\varepsilon\), which recovers the lower derivative.",,RAW_TEX_ALIGNMENT_ONLY,NO_CLAIM_EQUIVALENCE_CANONICAL_MEMBER_OR_EVIDENCE_INDEPENDENCE_INFERRED
VF-SAU-01-L0243,EQUAL,2630-2683,2566-2619,2630,2683,2566,2619,54,54,"\begin{definition}[Value-only derivative-extraction problem] \label{def:jet-value-only-problem} The lower candidate class for the derivative-extraction problem is \[ \mathsf{Cand}_0(P_{\Jet})=\{m:\mathbb R\to\mathbb R\}, \] where a candida…","\begin{definition}[Value-only derivative-extraction problem] \label{def:jet-value-only-problem} The lower candidate class for the derivative-extraction problem is \[ \mathsf{Cand}_0(P_{\Jet})=\{m:\mathbb R\to\mathbb R\}, \] where a candida…",RAW_TEX_ALIGNMENT_ONLY,NO_CLAIM_EQUIVALENCE_CANONICAL_MEMBER_OR_EVIDENCE_INDEPENDENCE_INFERRED
VF-SAU-01-L0244,REPLACE,2684,2620-2622,2684,2684,2620,2622,1,3,map computes the derivative functional.,"map computes the derivative functional. Lean proves an abstract obstruction over a generic triple of polynomial-class, value-evaluation, and derivative-evaluation maps; the \(\R[t]\)-specific instance is paper-side.",RAW_TEX_ALIGNMENT_ONLY,NO_CLAIM_EQUIVALENCE_CANONICAL_MEMBER_OR_EVIDENCE_INDEPENDENCE_INFERRED
VF-SAU-01-L0245,EQUAL,2685-2697,2623-2635,2685,2697,2623,2635,13,13,"\end{proof} Thus the value-only lower profile has no accepted candidate. \begin{corollary}[Lower-layer saturation for value-only differentiation] \label{cor:jet-lower-saturation} The lower problem profile \(\mathfrak P_{\Jet,0}\) is satura…","\end{proof} Thus the value-only lower profile has no accepted candidate. \begin{corollary}[Lower-layer saturation for value-only differentiation] \label{cor:jet-lower-saturation} The lower problem profile \(\mathfrak P_{\Jet,0}\) is satura…",RAW_TEX_ALIGNMENT_ONLY,NO_CLAIM_EQUIVALENCE_CANONICAL_MEMBER_OR_EVIDENCE_INDEPENDENCE_INFERRED
VF-SAU-01-L0246,REPLACE,2698-2700,2636-2640,2698,2700,2636,2640,3,5,"Immediate from \Cref{lem:jet-derivative-not-value-factor}: every lower candidate has defect one, while the pass threshold in \Cref{def:jet-value-only-problem} is zero defect.","The corollary is immediate from \Cref{lem:jet-derivative-not-value-factor}: every lower candidate has defect one, while the pass threshold in \Cref{def:jet-value-only-problem} is zero defect. This saturation claim is tracked by the formali…",RAW_TEX_ALIGNMENT_ONLY,NO_CLAIM_EQUIVALENCE_CANONICAL_MEMBER_OR_EVIDENCE_INDEPENDENCE_INFERRED
VF-SAU-01-L0247,EQUAL,2701-2720,2641-2660,2701,2720,2641,2660,20,20,\end{proof} The promoted calculus package will introduce a square-zero direction \(\varepsilon\). The next elementary fact records why such a direction is not already a real scalar. \begin{lemma}[No nonzero square-zero real scalar] \label{…,\end{proof} The promoted calculus package will introduce a square-zero direction \(\varepsilon\). The next elementary fact records why such a direction is not already a real scalar. \begin{lemma}[No nonzero square-zero real scalar] \label{…,RAW_TEX_ALIGNMENT_ONLY,NO_CLAIM_EQUIVALENCE_CANONICAL_MEMBER_OR_EVIDENCE_INDEPENDENCE_INFERRED
VF-SAU-01-L0248,REPLACE,2721-2723,2661-2666,2721,2723,2661,2666,3,6,"If \(r^2=0\) in \(\R\), then \(r\cdot r=0\), and \(\R\) is an integral domain, so \(r=0\). Hence an element \(\varepsilon\) with \(\varepsilon^2=0\) and \(\varepsilon\neq 0\), as in \(\Dual\), cannot be an element of \(\R\).","If \(r^2=0\) in \(\R\), then \(r\cdot r=0\). Since \(\R\) is an integral domain, this implies \(r=0\). Equivalently, \(\R\) has no nonzero nilpotent scalar. Hence an element \(\varepsilon\) with \(\varepsilon^2=0\) but \(\varepsilon\neq 0\…",RAW_TEX_ALIGNMENT_ONLY,NO_CLAIM_EQUIVALENCE_CANONICAL_MEMBER_OR_EVIDENCE_INDEPENDENCE_INFERRED
VF-SAU-01-L0249,EQUAL,2724-2735,2667-2678,2724,2735,2667,2678,12,12,"\end{proof} The lower layer cannot extract the derivative from value data alone. The next subsection introduces the dual-number algebra \(\Dual\), where the derivative does descend through coefficient extraction. \subsection{The dual-numbe…","\end{proof} The lower layer cannot extract the derivative from value data alone. The next subsection introduces the dual-number algebra \(\Dual\), where the derivative does descend through coefficient extraction. \subsection{The dual-numbe…",RAW_TEX_ALIGNMENT_ONLY,NO_CLAIM_EQUIVALENCE_CANONICAL_MEMBER_OR_EVIDENCE_INDEPENDENCE_INFERRED
VF-SAU-01-L0250,DELETE,2736-2739,EMPTY,2736,2739,,,4,0,"This is the dual-number version of a standard first-order infinitesimal or first-jet construction, with the same coefficient-extraction idea underlying algorithmic differentiation traces \citep{Kock2006,Bell2008PrimerInfinitesimal,Weil1953…",,RAW_TEX_ALIGNMENT_ONLY,NO_CLAIM_EQUIVALENCE_CANONICAL_MEMBER_OR_EVIDENCE_INDEPENDENCE_INFERRED
VF-SAU-01-L0251,EQUAL,2740-2839,2679-2778,2740,2839,2679,2778,100,100,"\begin{definition}[Dual-number algebra] \label{def:jet-dual-number-algebra} Let \[ \Dual=\mathbb R[\varepsilon]/(\varepsilon^2). \] Every element of \(\Dual\) has a unique form \[ a+b\varepsilon, \qquad a,b\in\mathbb R, \] with \[ \varepsi…","\begin{definition}[Dual-number algebra] \label{def:jet-dual-number-algebra} Let \[ \Dual=\mathbb R[\varepsilon]/(\varepsilon^2). \] Every element of \(\Dual\) has a unique form \[ a+b\varepsilon, \qquad a,b\in\mathbb R, \] with \[ \varepsi…",RAW_TEX_ALIGNMENT_ONLY,NO_CLAIM_EQUIVALENCE_CANONICAL_MEMBER_OR_EVIDENCE_INDEPENDENCE_INFERRED
VF-SAU-01-L0252,REPLACE,2840,2779-2781,2840,2840,2779,2781,1,3,The general polynomial case follows by linearity.,The general polynomial case follows by summing the monomial identities. Lean proves the algebraic core of this identity over a generic dual-number model; the \(\R[t]\)-specific instance is established here.,RAW_TEX_ALIGNMENT_ONLY,NO_CLAIM_EQUIVALENCE_CANONICAL_MEMBER_OR_EVIDENCE_INDEPENDENCE_INFERRED
VF-SAU-01-L0253,EQUAL,2841-2860,2782-2801,2841,2860,2782,2801,20,20,"\end{proof} The standard-part audit recovers the part that the lower value-only interface already knew. \begin{corollary}[Standard part recovers value] \label{cor:jet-standard-part-value} For every polynomial \(f\in\mathbb R[t]\), \[ \st(j…","\end{proof} The standard-part audit recovers the part that the lower value-only interface already knew. \begin{corollary}[Standard part recovers value] \label{cor:jet-standard-part-value} For every polynomial \(f\in\mathbb R[t]\), \[ \st(j…",RAW_TEX_ALIGNMENT_ONLY,NO_CLAIM_EQUIVALENCE_CANONICAL_MEMBER_OR_EVIDENCE_INDEPENDENCE_INFERRED
VF-SAU-01-L0254,REPLACE,2861,2802-2804,2861,2861,2802,2804,1,3,\(\st(j_x^1(f))=f(x)=\ev_x(f)\).,\(\st(j_x^1(f))=f(x)\). This is the same lower value as \(\ev_x(f)\). Lean proves the algebraic core of this identity over a generic dual-number model; the \(\R[t]\)-specific instance is established here.,RAW_TEX_ALIGNMENT_ONLY,NO_CLAIM_EQUIVALENCE_CANONICAL_MEMBER_OR_EVIDENCE_INDEPENDENCE_INFERRED
VF-SAU-01-L0255,EQUAL,2862-2880,2805-2823,2862,2880,2805,2823,19,19,\end{proof} The coefficient audit extracts the first-order part that the lower value-only interface could not compute on its own. \begin{corollary}[Coefficient audit recovers derivative] \label{cor:jet-coefficient-recovers-derivative} For…,\end{proof} The coefficient audit extracts the first-order part that the lower value-only interface could not compute on its own. \begin{corollary}[Coefficient audit recovers derivative] \label{cor:jet-coefficient-recovers-derivative} For…,RAW_TEX_ALIGNMENT_ONLY,NO_CLAIM_EQUIVALENCE_CANONICAL_MEMBER_OR_EVIDENCE_INDEPENDENCE_INFERRED
VF-SAU-01-L0256,REPLACE,2881-2883,2824-2831,2881,2883,2824,2831,3,8,"\Cref{lem:jet-first-jet-formula}: since \([\varepsilon](a+b\varepsilon)=b\), the coefficient of \(\varepsilon\) in \(j_x^1(f)\) is \(f'(x)\), so \([\varepsilon]j_x^1(f)=D_x(f)\).","\Cref{lem:jet-first-jet-formula}. Since \[ [\varepsilon](a+b\varepsilon)=b, \] the coefficient of \(\varepsilon\) in \(j_x^1(f)\) is \(f'(x)\). Thus \([\varepsilon]j_x^1(f)=D_x(f)\) for every polynomial \(f\). Lean proves the algebraic cor…",RAW_TEX_ALIGNMENT_ONLY,NO_CLAIM_EQUIVALENCE_CANONICAL_MEMBER_OR_EVIDENCE_INDEPENDENCE_INFERRED
VF-SAU-01-L0257,EQUAL,2884-2918,2832-2866,2884,2918,2832,2866,35,35,"\end{proof} The first jet, viewed through its coefficient audit, supplies the descended expression that the value-only lower interface could not provide. The next subsection develops the strictness, non-descent, and product and chain rules…","\end{proof} The first jet, viewed through its coefficient audit, supplies the descended expression that the value-only lower interface could not provide. The next subsection develops the strictness, non-descent, and product and chain rules…",RAW_TEX_ALIGNMENT_ONLY,NO_CLAIM_EQUIVALENCE_CANONICAL_MEMBER_OR_EVIDENCE_INDEPENDENCE_INFERRED
VF-SAU-01-L0258,REPLACE,2919-2920,2867-2869,2919,2920,2867,2869,2,3,"\(\delta_{\mathrm{fact}}(\pi_0,\pi_1)\), so the factorization defect is nonempty.","\(\delta_{\mathrm{fact}}(\pi_0,\pi_1)\). Therefore the factorization defect is nonempty. Lean verifies the algebraic core of strictness over a generic dual-number model; the polynomial-specific instance is established here.",RAW_TEX_ALIGNMENT_ONLY,NO_CLAIM_EQUIVALENCE_CANONICAL_MEMBER_OR_EVIDENCE_INDEPENDENCE_INFERRED
VF-SAU-01-L0259,EQUAL,2921-2948,2870-2897,2921,2948,2870,2897,28,28,\end{proof} \begin{lemma}[The infinitesimal direction is non-descending] \label{lem:jet-epsilon-nondescending} The promoted direction \(\varepsilon\) is not a lower-layer real scalar and is not recoverable from the standard-part shadow. Mo…,\end{proof} \begin{lemma}[The infinitesimal direction is non-descending] \label{lem:jet-epsilon-nondescending} The promoted direction \(\varepsilon\) is not a lower-layer real scalar and is not recoverable from the standard-part shadow. Mo…,RAW_TEX_ALIGNMENT_ONLY,NO_CLAIM_EQUIVALENCE_CANONICAL_MEMBER_OR_EVIDENCE_INDEPENDENCE_INFERRED
VF-SAU-01-L0260,REPLACE,2949-2950,2898-2902,2949,2950,2898,2902,2,5,The auxiliary lemma \Cref{lem:jet-no-real-nilpotent} records the corresponding lower-layer point: no nonzero square-zero direction lives in \(\R\).,The auxiliary obstruction \Cref{lem:jet-no-real-nilpotent} records the corresponding lower-layer point: no nonzero square-zero direction lives in \(\R\). Lean verifies the algebraic core of this non-descent witness over a generic dual-numb…,RAW_TEX_ALIGNMENT_ONLY,NO_CLAIM_EQUIVALENCE_CANONICAL_MEMBER_OR_EVIDENCE_INDEPENDENCE_INFERRED
VF-SAU-01-L0261,EQUAL,2951-2983,2903-2935,2951,2983,2903,2935,33,33,"\end{proof} The familiar calculus rules now appear as coefficient-audit identities in \(\Dual\). \begin{proposition}[Product rule from dual-number multiplication] \label{prop:jet-product-rule} For all \(f,g\in\mathbb R[t]\), \[ [\varepsilo…","\end{proof} The familiar calculus rules now appear as coefficient-audit identities in \(\Dual\). \begin{proposition}[Product rule from dual-number multiplication] \label{prop:jet-product-rule} For all \(f,g\in\mathbb R[t]\), \[ [\varepsilo…",RAW_TEX_ALIGNMENT_ONLY,NO_CLAIM_EQUIVALENCE_CANONICAL_MEMBER_OR_EVIDENCE_INDEPENDENCE_INFERRED
VF-SAU-01-L0262,INSERT,EMPTY,2936-2937,,,2936,2937,0,2,,Lean proves the algebraic core of the product rule for any dual-number algebra; the polynomial-specific statement specializes here.,RAW_TEX_ALIGNMENT_ONLY,NO_CLAIM_EQUIVALENCE_CANONICAL_MEMBER_OR_EVIDENCE_INDEPENDENCE_INFERRED
VF-SAU-01-L0263,EQUAL,2984-3014,2938-2968,2984,3014,2938,2968,31,31,"\end{proof} \begin{proposition}[Chain rule from first-jet substitution] \label{prop:jet-chain-rule} For all \(f,g\in\mathbb R[t]\), \[ [\varepsilon]f(g(x+\varepsilon)) = f'(g(x))g'(x). \] Equivalently, \[ D_x(f\circ g)=D_{g(x)}(f)\,D_x(g).…","\end{proof} \begin{proposition}[Chain rule from first-jet substitution] \label{prop:jet-chain-rule} For all \(f,g\in\mathbb R[t]\), \[ [\varepsilon]f(g(x+\varepsilon)) = f'(g(x))g'(x). \] Equivalently, \[ D_x(f\circ g)=D_{g(x)}(f)\,D_x(g).…",RAW_TEX_ALIGNMENT_ONLY,NO_CLAIM_EQUIVALENCE_CANONICAL_MEMBER_OR_EVIDENCE_INDEPENDENCE_INFERRED
VF-SAU-01-L0264,REPLACE,3015,2969-2971,3015,3015,2969,2971,1,3,chain rule.,chain rule. Lean proves the algebraic core of this substitution identity over a generic dual-number model; the polynomial-specific statement is established here.,RAW_TEX_ALIGNMENT_ONLY,NO_CLAIM_EQUIVALENCE_CANONICAL_MEMBER_OR_EVIDENCE_INDEPENDENCE_INFERRED
VF-SAU-01-L0265,EQUAL,3016-3017,2972-2973,3016,3017,2972,2973,2,2,\end{proof},\end{proof},RAW_TEX_ALIGNMENT_ONLY,NO_CLAIM_EQUIVALENCE_CANONICAL_MEMBER_OR_EVIDENCE_INDEPENDENCE_INFERRED
VF-SAU-01-L0266,REPLACE,3018-3020,2974-2977,3018,3020,2974,2977,3,4,The dual-number package is the \(\R\)-algebra carrying a square-zero generator that supports the coefficient-audit identities above. We now verify that it is the minimal such algebra and assemble the SAU certificate.,"The dual-number package is therefore an \(\R\)-algebra carrying a square-zero generator that supports the coefficient-audit identities. The next subsection assembles the Strict Audited Utility certificate from minimality, the smooth first-…",RAW_TEX_ALIGNMENT_ONLY,NO_CLAIM_EQUIVALENCE_CANONICAL_MEMBER_OR_EVIDENCE_INDEPENDENCE_INFERRED
VF-SAU-01-L0267,EQUAL,3021-3024,2978-2981,3021,3024,2978,2981,4,4,\subsection{Minimal square-zero promotion and SAU certificate} \label{subsec:jet-minimal-package-certificate},\subsection{Minimal square-zero promotion and SAU certificate} \label{subsec:jet-minimal-package-certificate},RAW_TEX_ALIGNMENT_ONLY,NO_CLAIM_EQUIVALENCE_CANONICAL_MEMBER_OR_EVIDENCE_INDEPENDENCE_INFERRED
VF-SAU-01-L0268,REPLACE,3025-3027,2982-2984,3025,3027,2982,2984,3,3,"The dual-number algebra is not an arbitrary choice. Once one asks for a commutative real algebra with a nonzero square-zero direction, the algebra generated by that direction has the dual-number form.","The dual-number algebra is not an arbitrary gadget added after the fact. Once one asks for a commutative real algebra with a nonzero square-zero direction, the algebra generated by that direction has the dual-number form.",RAW_TEX_ALIGNMENT_ONLY,NO_CLAIM_EQUIVALENCE_CANONICAL_MEMBER_OR_EVIDENCE_INDEPENDENCE_INFERRED
VF-SAU-01-L0269,EQUAL,3028-3063,2985-3020,3028,3063,2985,3020,36,36,"\begin{proposition}[Minimal square-zero real-algebra package] \label{prop:jet-minimal-square-zero-package} Let \(R_{\mathrm{alg}}\) be a commutative unital real algebra and let \(\eta\in R_{\mathrm{alg}}\) satisfy \[ \eta^2=0, \qquad \eta\…","\begin{proposition}[Minimal square-zero real-algebra package] \label{prop:jet-minimal-square-zero-package} Let \(R_{\mathrm{alg}}\) be a commutative unital real algebra and let \(\eta\in R_{\mathrm{alg}}\) satisfy \[ \eta^2=0, \qquad \eta\…",RAW_TEX_ALIGNMENT_ONLY,NO_CLAIM_EQUIVALENCE_CANONICAL_MEMBER_OR_EVIDENCE_INDEPENDENCE_INFERRED
VF-SAU-01-L0270,REPLACE,3064,3021-3023,3064,3064,3021,3023,1,3,"The homomorphism is injective, hence an isomorphism.","The homomorphism is injective, hence an isomorphism. Lean verifies the algebraic core in a Bool dual-number model; the universal-property statement is established here as a paper-side argument.",RAW_TEX_ALIGNMENT_ONLY,NO_CLAIM_EQUIVALENCE_CANONICAL_MEMBER_OR_EVIDENCE_INDEPENDENCE_INFERRED
VF-SAU-01-L0271,EQUAL,3065-3069,3024-3028,3065,3069,3024,3028,5,5,"\end{proof} For ordinary smooth functions, the analogous object is the first-jet quotient at \(x\): the local algebra \(C^\infty_x\) of smooth germs modulo \(\mathfrak m_x^2\), where \(\mathfrak m_x\) is the ideal of germs vanishing at","\end{proof} For ordinary smooth functions, the analogous object is the first-jet quotient at \(x\): the local algebra \(C^\infty_x\) of smooth germs modulo \(\mathfrak m_x^2\), where \(\mathfrak m_x\) is the ideal of germs vanishing at",RAW_TEX_ALIGNMENT_ONLY,NO_CLAIM_EQUIVALENCE_CANONICAL_MEMBER_OR_EVIDENCE_INDEPENDENCE_INFERRED
VF-SAU-01-L0272,REPLACE,3070-3072,3029-3032,3070,3072,3029,3032,3,4,\(x\). This quotient identifies with \(\Dual\) via \(f\mapsto f(x)+f'(x)\varepsilon\); the formal statement and proof are deferred to \Cref{app:methods}.,\(x\). This quotient identifies with \(\Dual\) by sending a germ \(f\) to \(f(x)+f'(x)\varepsilon\). The formal appendix-destination statement and its smooth-germ proof are deferred to \Cref{app:methods}; Lean records the quotient-algebra…,RAW_TEX_ALIGNMENT_ONLY,NO_CLAIM_EQUIVALENCE_CANONICAL_MEMBER_OR_EVIDENCE_INDEPENDENCE_INFERRED
VF-SAU-01-L0273,EQUAL,3073-3126,3033-3086,3073,3126,3033,3086,54,54,"All certificate ingredients have now been established. The lower profile is saturated by \Cref{cor:jet-lower-saturation}; strictness and non-descent are \Cref{lem:jet-promotion-strict,lem:jet-epsilon-nondescending}; coefficient audit recov…","All certificate ingredients have now been established. The lower profile is saturated by \Cref{cor:jet-lower-saturation}; strictness and non-descent are \Cref{lem:jet-promotion-strict,lem:jet-epsilon-nondescending}; coefficient audit recov…",RAW_TEX_ALIGNMENT_ONLY,NO_CLAIM_EQUIVALENCE_CANONICAL_MEMBER_OR_EVIDENCE_INDEPENDENCE_INFERRED
VF-SAU-01-L0274,REPLACE,3127-3137,3087-3100,3127,3137,3087,3100,11,14,Saturation is \Cref{cor:jet-lower-saturation}; strictness is \Cref{lem:jet-promotion-strict}; the non-descending promoted direction is \Cref{lem:jet-epsilon-nondescending}; the audited descended expression is the coefficient-recovery ident…,This is the certificate assembly. The saturation field is \Cref{cor:jet-lower-saturation}. The strictness field is \Cref{lem:jet-promotion-strict}. The non-descending promoted direction is \Cref{lem:jet-epsilon-nondescending}. The audited…,RAW_TEX_ALIGNMENT_ONLY,NO_CLAIM_EQUIVALENCE_CANONICAL_MEMBER_OR_EVIDENCE_INDEPENDENCE_INFERRED
VF-SAU-01-L0275,EQUAL,3138-3139,3101-3102,3138,3139,3101,3102,2,2,\end{proof},\end{proof},RAW_TEX_ALIGNMENT_ONLY,NO_CLAIM_EQUIVALENCE_CANONICAL_MEMBER_OR_EVIDENCE_INDEPENDENCE_INFERRED
VF-SAU-01-L0276,REPLACE,3140-3141,3103-3104,3140,3141,3103,3104,2,2,The Galois case in \Cref{sec:galois} repeats the certificate pattern with a different audit channel: invariant descent through symmetry.,"The same shape, non-descent paired with audited descent, appears next with a different audit channel: invariant descent through symmetry in \Cref{sec:galois}.",RAW_TEX_ALIGNMENT_ONLY,NO_CLAIM_EQUIVALENCE_CANONICAL_MEMBER_OR_EVIDENCE_INDEPENDENCE_INFERRED
VF-SAU-01-L0277,EQUAL,3142-3147,3105-3110,3142,3147,3105,3110,6,6,\section{Galois Theory}\label{sec:galois} \subsection{Roots not in the base field} \label{subsec:gal-roots-not-in-base} In algebra one routinely uses roots that do not live in the base field. Let,\section{Galois Theory}\label{sec:galois} \subsection{Roots not in the base field} \label{subsec:gal-roots-not-in-base} In algebra one routinely uses roots that do not live in the base field. Let,RAW_TEX_ALIGNMENT_ONLY,NO_CLAIM_EQUIVALENCE_CANONICAL_MEMBER_OR_EVIDENCE_INDEPENDENCE_INFERRED
VF-SAU-01-L0278,REPLACE,3148-3156,3111-3115,3148,3156,3111,3115,9,5,"\(K\) be a field and let \(p(t)\in K[t]\) be monic, separable, and irreducible of degree at least two. The lower question asks whether \(K\) itself contains a root of \(p\); the standard algebraic answer is no. The useful replacement is no…",\(K\) be a field and let \(p(t)\in K[t]\) be irreducible of degree at least two. The lower question asks whether \(K\) itself contains a root of \(p\); the standard algebraic answer is no. The useful replacement is not to declare the root…,RAW_TEX_ALIGNMENT_ONLY,NO_CLAIM_EQUIVALENCE_CANONICAL_MEMBER_OR_EVIDENCE_INDEPENDENCE_INFERRED
VF-SAU-01-L0279,EQUAL,3157-3173,3116-3132,3157,3173,3116,3132,17,17,"\begin{lemma}[Irreducible non-linear polynomials have no base-field root] \label{lem:gal-no-base-root} For the above \(p\), no element \(a\in K\) satisfies \[ p(a)=0. \] Consequently, \[ \forall a\in\mathsf{Cand}_0(P_{\Gal}), \qquad \delta…","\begin{lemma}[Irreducible non-linear polynomials have no base-field root] \label{lem:gal-no-base-root} For the above \(p\), no element \(a\in K\) satisfies \[ p(a)=0. \] Consequently, \[ \forall a\in\mathsf{Cand}_0(P_{\Gal}), \qquad \delta…",RAW_TEX_ALIGNMENT_ONLY,NO_CLAIM_EQUIVALENCE_CANONICAL_MEMBER_OR_EVIDENCE_INDEPENDENCE_INFERRED
VF-SAU-01-L0280,REPLACE,3174-3176,3133-3138,3174,3176,3133,3138,3,6,"\(K[t]\); since \(p\) is irreducible, \(p\) is then associated to the linear polynomial \(t-a\), contradicting \(\deg p\ge2\). The defect condition follows from the definition of the lower candidate class.","\(K[t]\). Since \(p\) is irreducible, this forces \(p\) to be associated to the linear polynomial \(t-a\), contradicting \(\deg p\ge2\). Thus no base-field candidate is a root, and the displayed defect condition follows from the definition…",RAW_TEX_ALIGNMENT_ONLY,NO_CLAIM_EQUIVALENCE_CANONICAL_MEMBER_OR_EVIDENCE_INDEPENDENCE_INFERRED
VF-SAU-01-L0281,EQUAL,3177-3190,3139-3152,3177,3190,3139,3152,14,14,\end{proof} The lower problem is therefore saturated: the base field cannot supply the individual root requested at the lower interface. \begin{corollary}[Lower-layer saturation for individual root representation] \label{cor:gal-root-satur…,\end{proof} The lower problem is therefore saturated: the base field cannot supply the individual root requested at the lower interface. \begin{corollary}[Lower-layer saturation for individual root representation] \label{cor:gal-root-satur…,RAW_TEX_ALIGNMENT_ONLY,NO_CLAIM_EQUIVALENCE_CANONICAL_MEMBER_OR_EVIDENCE_INDEPENDENCE_INFERRED
VF-SAU-01-L0282,REPLACE,3191-3193,3153-3157,3191,3193,3153,3157,3,5,"By \Cref{lem:gal-no-base-root}, every lower candidate \(a\in K\) fails the root-defect test for \(p\), so no same-layer individual root representation passes the lower problem profile.","By \Cref{lem:gal-no-base-root}, every lower candidate \(a\in K\) fails the root defect test for \(p\). Hence no same-layer individual root representation passes the lower problem profile. This corollary is tracked by the formalization harn…",RAW_TEX_ALIGNMENT_ONLY,NO_CLAIM_EQUIVALENCE_CANONICAL_MEMBER_OR_EVIDENCE_INDEPENDENCE_INFERRED
VF-SAU-01-L0283,EQUAL,3194-3231,3158-3195,3194,3231,3158,3195,38,38,"\end{proof} The negative lower answer pushes the proof toward an audited replacement answer: invariant data extracted from a promoted root, rather than membership of the root itself in \(K\). \begin{definition}[Galois root-use problem] \la…","\end{proof} The negative lower answer pushes the proof toward an audited replacement answer: invariant data extracted from a promoted root, rather than membership of the root itself in \(K\). \begin{definition}[Galois root-use problem] \la…",RAW_TEX_ALIGNMENT_ONLY,NO_CLAIM_EQUIVALENCE_CANONICAL_MEMBER_OR_EVIDENCE_INDEPENDENCE_INFERRED
VF-SAU-01-L0284,REPLACE,3232-3235,3196-3199,3232,3235,3196,3199,4,4,"Given this monic separable irreducible \(p(t)\in K[t]\), the standard way to adjoin a root is the quotient \(K[t]/(p)\). Because \(p\) is irreducible, this quotient is a field extension of \(K\); iterating the same construction gives a spl…","Given \(K\) and an irreducible \(p(t)\in K[t]\) of degree at least two, the standard way to adjoin a root is the quotient \(K[t]/(p)\). Because \(p\) is irreducible, this quotient is a field extension of \(K\); iterating the same construct…",RAW_TEX_ALIGNMENT_ONLY,NO_CLAIM_EQUIVALENCE_CANONICAL_MEMBER_OR_EVIDENCE_INDEPENDENCE_INFERRED
VF-SAU-01-L0285,EQUAL,3236-3256,3200-3220,3236,3256,3200,3220,21,21,\begin{theorem}[Universal minimal root-adjoining package] \label{thm:gal-universal-root-adjoining} Let \(R_{\mathrm{alg}}\) be a commutative \(K\)-algebra and let \(r\in R_{\mathrm{alg}}\) satisfy \[ p(r)=0. \] Then there is a unique \(K\)…,\begin{theorem}[Universal minimal root-adjoining package] \label{thm:gal-universal-root-adjoining} Let \(R_{\mathrm{alg}}\) be a commutative \(K\)-algebra and let \(r\in R_{\mathrm{alg}}\) satisfy \[ p(r)=0. \] Then there is a unique \(K\)…,RAW_TEX_ALIGNMENT_ONLY,NO_CLAIM_EQUIVALENCE_CANONICAL_MEMBER_OR_EVIDENCE_INDEPENDENCE_INFERRED
VF-SAU-01-L0286,REPLACE,3257-3260,3221-3226,3257,3260,3221,3226,4,6,"For any \(K\)-algebra \(R_{\mathrm{alg}}\) and root \(r\) of \(p\), the universal property of \(K[t]\) yields the unique \(K\)-algebra homomorphism \(K[t]\to R_{\mathrm{alg}}\) sending \(t\mapsto r\); since \(p(r)=0\), this map factors uni…","For any \(K\)-algebra \(R_{\mathrm{alg}}\) and root \(r\) of \(p\), the universal property of \(K[t]\) gives the unique \(K\)-algebra map \(K[t]\to R_{\mathrm{alg}}\) sending \(t\) to \(r\); because \(p(r)=0\), this map factors uniquely th…",RAW_TEX_ALIGNMENT_ONLY,NO_CLAIM_EQUIVALENCE_CANONICAL_MEMBER_OR_EVIDENCE_INDEPENDENCE_INFERRED
VF-SAU-01-L0287,EQUAL,3261-3298,3227-3264,3261,3298,3227,3264,38,38,"\end{proof} The tower and the invariant audit channels used later in the section are shown in \Cref{fig:splitting-tower}. \begingroup\begin{figure}[tbp] \centering \begin{tikzpicture}[ >=stealth, node distance=1.35cm and 2.1cm, field/.styl…","\end{proof} The tower and the invariant audit channels used later in the section are shown in \Cref{fig:splitting-tower}. \begingroup\begin{figure}[tbp] \centering \begin{tikzpicture}[ >=stealth, node distance=1.35cm and 2.1cm, field/.styl…",RAW_TEX_ALIGNMENT_ONLY,NO_CLAIM_EQUIVALENCE_CANONICAL_MEMBER_OR_EVIDENCE_INDEPENDENCE_INFERRED
VF-SAU-01-L0288,DELETE,3299-3301,EMPTY,3299,3301,,,3,0,"The algebraic facts used here are the standard root-adjoining, splitting-field, and Galois-correspondence facts from elementary and graduate Galois theory \citep{DummitFoote2004,Lang2002Algebra,Cox2012Galois,Artin1942GaloisTheory,Stewart20…",,RAW_TEX_ALIGNMENT_ONLY,NO_CLAIM_EQUIVALENCE_CANONICAL_MEMBER_OR_EVIDENCE_INDEPENDENCE_INFERRED
VF-SAU-01-L0289,EQUAL,3302-3312,3265-3275,3302,3312,3265,3275,11,11,"\begin{theorem}[Promoted splitting closes the root-representation defect upstairs] \label{thm:gal-splitting-closes-upstairs} In the splitting field \(L\), the polynomial \(p\) factors as \[ p(t)=\prod_{j=1}^{n}(t-\alpha_j) \] with distinct…","\begin{theorem}[Promoted splitting closes the root-representation defect upstairs] \label{thm:gal-splitting-closes-upstairs} In the splitting field \(L\), the polynomial \(p\) factors as \[ p(t)=\prod_{j=1}^{n}(t-\alpha_j) \] with distinct…",RAW_TEX_ALIGNMENT_ONLY,NO_CLAIM_EQUIVALENCE_CANONICAL_MEMBER_OR_EVIDENCE_INDEPENDENCE_INFERRED
VF-SAU-01-L0290,REPLACE,3313-3317,3276-3282,3313,3317,3276,3282,5,7,"By construction, \(L\) is generated over \(K\) by adjoining all roots of \(p\); hence \(p\) factors in \(L[t]\) as a product of linear factors, and the promoted layer represents the full root set. The Galois group permutes these roots; see…","By construction, a splitting field \(L\) is generated over \(K\) by adjoining all roots of \(p\). Hence \(p\) factors in \(L[t]\) as the product of its linear factors, and the promoted layer represents the full root package. When the exten…",RAW_TEX_ALIGNMENT_ONLY,NO_CLAIM_EQUIVALENCE_CANONICAL_MEMBER_OR_EVIDENCE_INDEPENDENCE_INFERRED
VF-SAU-01-L0291,EQUAL,3318-3332,3283-3297,3318,3332,3283,3297,15,15,\end{proof} The root package is useful precisely because the individual roots remain upstairs; the lower layer has not acquired them as elements of \(K\). \begin{lemma}[A promoted root need not descend] \label{lem:gal-root-not-descend} For…,\end{proof} The root package is useful precisely because the individual roots remain upstairs; the lower layer has not acquired them as elements of \(K\). \begin{lemma}[A promoted root need not descend] \label{lem:gal-root-not-descend} For…,RAW_TEX_ALIGNMENT_ONLY,NO_CLAIM_EQUIVALENCE_CANONICAL_MEMBER_OR_EVIDENCE_INDEPENDENCE_INFERRED
VF-SAU-01-L0292,REPLACE,3333-3335,3298-3302,3333,3335,3298,3302,3,5,"By \Cref{lem:gal-no-base-root}, no element of \(K\) is a root of \(p\), so any root \(\alpha\) represented in the promoted splitting field is not a lower-layer element.","For the irreducible non-linear polynomial under discussion, \Cref{lem:gal-no-base-root} shows that no element of \(K\) is a root of \(p\). Thus an individual root \(\alpha\) represented in the promoted splitting field is not a lower-layer…",RAW_TEX_ALIGNMENT_ONLY,NO_CLAIM_EQUIVALENCE_CANONICAL_MEMBER_OR_EVIDENCE_INDEPENDENCE_INFERRED
VF-SAU-01-L0293,EQUAL,3336-3354,3303-3321,3336,3354,3303,3321,19,19,\end{proof} Nor can the promoted root be pushed back to the base field by a \(K\)-algebra retract. \begin{lemma}[No base-field evaluation retract for a non-base root] \label{lem:gal-no-root-retract} There is no \(K\)-algebra homomorphism \…,\end{proof} Nor can the promoted root be pushed back to the base field by a \(K\)-algebra retract. \begin{lemma}[No base-field evaluation retract for a non-base root] \label{lem:gal-no-root-retract} There is no \(K\)-algebra homomorphism \…,RAW_TEX_ALIGNMENT_ONLY,NO_CLAIM_EQUIVALENCE_CANONICAL_MEMBER_OR_EVIDENCE_INDEPENDENCE_INFERRED
VF-SAU-01-L0294,REPLACE,3355-3357,3322-3327,3355,3357,3322,3327,3,6,"Such a homomorphism would give \(r(\alpha)\in K\) with \(p(r(\alpha))=r(p(\alpha))=0\), producing a base-field root of \(p\) and contradicting \Cref{lem:gal-no-base-root}.","If such a \(K\)-algebra homomorphism existed, then \(r(\alpha)\in K\) would satisfy \(p(r(\alpha))=r(p(\alpha))=0\). This would give a base-field root of \(p\), contradicting \Cref{lem:gal-no-base-root}. Thus there is no base-field evaluat…",RAW_TEX_ALIGNMENT_ONLY,NO_CLAIM_EQUIVALENCE_CANONICAL_MEMBER_OR_EVIDENCE_INDEPENDENCE_INFERRED
VF-SAU-01-L0295,EQUAL,3358-3369,3328-3339,3358,3369,3328,3339,12,12,"\end{proof} Roots live upstairs; descent to \(K\) goes through invariant audit channels. The next subsection develops fixed-field, trace, norm, and orbit-polynomial descent. \subsection{Symmetric invariants, traces, norms, and fixed-field…","\end{proof} Roots live upstairs; descent to \(K\) goes through invariant audit channels. The next subsection develops fixed-field, trace, norm, and orbit-polynomial descent. \subsection{Symmetric invariants, traces, norms, and fixed-field…",RAW_TEX_ALIGNMENT_ONLY,NO_CLAIM_EQUIVALENCE_CANONICAL_MEMBER_OR_EVIDENCE_INDEPENDENCE_INFERRED
VF-SAU-01-L0296,REPLACE,3370-3371,3340,3370,3371,3340,3340,2,1,"tests, traces, norms, and orbit polynomials \citep{Cox2012Galois,Macdonald1995SymmetricFunctions}.","tests, traces, norms, and orbit polynomials.",RAW_TEX_ALIGNMENT_ONLY,NO_CLAIM_EQUIVALENCE_CANONICAL_MEMBER_OR_EVIDENCE_INDEPENDENCE_INFERRED
VF-SAU-01-L0297,EQUAL,3372-3400,3341-3369,3372,3400,3341,3369,29,29,"\begin{theorem}[Strictness of the splitting-field promotion] \label{thm:gal-strictness} Let \[ S=\{\alpha_1,\ldots,\alpha_n\}\subseteq L \] be the set of roots of \(p\). Define \[ \pi_0:S\to K[t], \qquad \pi_0(\beta)=p, \] and \[ \pi_1:S\t…","\begin{theorem}[Strictness of the splitting-field promotion] \label{thm:gal-strictness} Let \[ S=\{\alpha_1,\ldots,\alpha_n\}\subseteq L \] be the set of roots of \(p\). Define \[ \pi_0:S\to K[t], \qquad \pi_0(\beta)=p, \] and \[ \pi_1:S\t…",RAW_TEX_ALIGNMENT_ONLY,NO_CLAIM_EQUIVALENCE_CANONICAL_MEMBER_OR_EVIDENCE_INDEPENDENCE_INFERRED
VF-SAU-01-L0298,REPLACE,3401-3402,3370-3374,3401,3402,3370,3374,2,5,"\(\pi_1\) records distinct elements of \(L\); hence \((\alpha_i,\alpha_j)\in\delta_{\mathrm{fact}}(\pi_0,\pi_1)\).","\(\pi_1\) records distinct elements of \(L\). Thus \((\alpha_i,\alpha_j)\) belongs to the factorization defect \(\delta_{\mathrm{fact}}(\pi_0,\pi_1)\), so the defect is nonempty. The theorem is tracked by the formalization harness as a pro…",RAW_TEX_ALIGNMENT_ONLY,NO_CLAIM_EQUIVALENCE_CANONICAL_MEMBER_OR_EVIDENCE_INDEPENDENCE_INFERRED
VF-SAU-01-L0299,EQUAL,3403-3426,3375-3398,3403,3426,3375,3398,24,24,\end{proof} The first descent channel is the classical one: symmetric functions of all roots are exactly coefficient data of the base-field polynomial. \begin{theorem}[Elementary symmetric descent] \label{thm:gal-symmetric-descent} Let \[…,\end{proof} The first descent channel is the classical one: symmetric functions of all roots are exactly coefficient data of the base-field polynomial. \begin{theorem}[Elementary symmetric descent] \label{thm:gal-symmetric-descent} Let \[…,RAW_TEX_ALIGNMENT_ONLY,NO_CLAIM_EQUIVALENCE_CANONICAL_MEMBER_OR_EVIDENCE_INDEPENDENCE_INFERRED
VF-SAU-01-L0300,REPLACE,3427-3431,3399-3405,3427,3431,3399,3405,5,7,"signed elementary symmetric polynomial in the roots; since the \(a_j\) lie in \(K\), each \(e_j(\alpha_1,\ldots,\alpha_n)\) lies in \(K\). The fundamental theorem of symmetric functions then writes any symmetric polynomial in the roots wit…","signed elementary symmetric polynomial in the roots. Since the coefficients \(a_j\) lie in \(K\), the displayed identities place every elementary symmetric function in \(K\). The fundamental theorem of symmetric functions then writes any s…",RAW_TEX_ALIGNMENT_ONLY,NO_CLAIM_EQUIVALENCE_CANONICAL_MEMBER_OR_EVIDENCE_INDEPENDENCE_INFERRED
VF-SAU-01-L0301,EQUAL,3432-3453,3406-3427,3432,3453,3406,3427,22,22,\end{proof} The fixed-field theorem identifies the base field inside the promoted field as the invariant part of the Galois action. \begin{theorem}[Fixed-field audit] \label{thm:gal-fixed-field-audit} For the finite Galois extension \(L/K\…,\end{proof} The fixed-field theorem identifies the base field inside the promoted field as the invariant part of the Galois action. \begin{theorem}[Fixed-field audit] \label{thm:gal-fixed-field-audit} For the finite Galois extension \(L/K\…,RAW_TEX_ALIGNMENT_ONLY,NO_CLAIM_EQUIVALENCE_CANONICAL_MEMBER_OR_EVIDENCE_INDEPENDENCE_INFERRED
VF-SAU-01-L0302,REPLACE,3454-3456,3428-3432,3454,3456,3428,3432,3,5,This is the standard fixed-field theorem for a finite Galois extension; see \citet{Lang2002Algebra}. Invariance under the full Galois group is therefore the audit condition for descent to \(K\).,This is the standard fixed-field theorem for a finite Galois extension: the elements fixed by every \(K\)-automorphism of \(L\) are precisely the elements of the base field \(K\). Thus invariance under the full Galois group is exactly the…,RAW_TEX_ALIGNMENT_ONLY,NO_CLAIM_EQUIVALENCE_CANONICAL_MEMBER_OR_EVIDENCE_INDEPENDENCE_INFERRED
VF-SAU-01-L0303,EQUAL,3457-3482,3433-3458,3457,3482,3433,3458,26,26,"\end{proof} Trace and norm are the corresponding additive and multiplicative invariant audit channels. \begin{theorem}[Trace and norm are descending audits] \label{thm:gal-trace-norm-descend} For every \(x\in L\), define \[ \Tr_{L/K}(x)=\s…","\end{proof} Trace and norm are the corresponding additive and multiplicative invariant audit channels. \begin{theorem}[Trace and norm are descending audits] \label{thm:gal-trace-norm-descend} For every \(x\in L\), define \[ \Tr_{L/K}(x)=\s…",RAW_TEX_ALIGNMENT_ONLY,NO_CLAIM_EQUIVALENCE_CANONICAL_MEMBER_OR_EVIDENCE_INDEPENDENCE_INFERRED
VF-SAU-01-L0304,REPLACE,3483-3486,3459-3464,3483,3486,3459,3464,4,6,"Each \(\tau\in G\) permutes the elements of \(G\), so it fixes both \(\sum_{\sigma\in G}\sigma(x)\) and \(\prod_{\sigma\in G}\sigma(x)\). By the fixed-field theorem above, both lie in \(K\); applying this to \(x=\alpha\) gives the promoted…","For \(\tau\in G\), the action of \(\tau\) permutes the automorphisms \(\sigma\in G\). Hence \(\tau\) fixes the sum \(\sum_{\sigma\in G}\sigma(x)\) and the product \(\prod_{\sigma\in G}\sigma(x)\). By the fixed-field audit above, both invar…",RAW_TEX_ALIGNMENT_ONLY,NO_CLAIM_EQUIVALENCE_CANONICAL_MEMBER_OR_EVIDENCE_INDEPENDENCE_INFERRED
VF-SAU-01-L0305,EQUAL,3487-3507,3465-3485,3487,3507,3465,3485,21,21,"\end{proof} The same invariant-descent mechanism packages the Galois orbit of a promoted root as a lower polynomial. \begin{corollary}[Orbit polynomials descend] \label{cor:gal-orbit-polynomials-descend} For \(\alpha\in L\), the orbit poly…","\end{proof} The same invariant-descent mechanism packages the Galois orbit of a promoted root as a lower polynomial. \begin{corollary}[Orbit polynomials descend] \label{cor:gal-orbit-polynomials-descend} For \(\alpha\in L\), the orbit poly…",RAW_TEX_ALIGNMENT_ONLY,NO_CLAIM_EQUIVALENCE_CANONICAL_MEMBER_OR_EVIDENCE_INDEPENDENCE_INFERRED
VF-SAU-01-L0306,REPLACE,3508-3511,3486-3491,3508,3511,3486,3491,4,6,"polynomials in the Galois orbit of \(\alpha\); they are fixed by \(G\) and therefore lie in \(K\). If \(\alpha\) is a root of the irreducible separable polynomial \(p\), the Galois orbit of \(\alpha\) is the full set of roots of \(p\), so…","polynomials in the Galois orbit of \(\alpha\). They are fixed by the action of \(G\), and therefore lie in \(K\) by the fixed-field audit. If \(\alpha\) is a root of the irreducible separable polynomial \(p\), its Galois orbit is the full…",RAW_TEX_ALIGNMENT_ONLY,NO_CLAIM_EQUIVALENCE_CANONICAL_MEMBER_OR_EVIDENCE_INDEPENDENCE_INFERRED
VF-SAU-01-L0307,EQUAL,3512-3544,3492-3524,3512,3544,3492,3524,33,33,"\end{proof} With strictness, invariant descent, and the fixed-field theorem in place, the next subsection assembles the Galois SAU certificate and its no-overreading discipline. \subsection{SAU certificate and no-literalization} \label{sub…","\end{proof} With strictness, invariant descent, and the fixed-field theorem in place, the next subsection assembles the Galois SAU certificate and its no-overreading discipline. \subsection{SAU certificate and no-literalization} \label{sub…",RAW_TEX_ALIGNMENT_ONLY,NO_CLAIM_EQUIVALENCE_CANONICAL_MEMBER_OR_EVIDENCE_INDEPENDENCE_INFERRED
VF-SAU-01-L0308,REPLACE,3545-3548,3525-3528,3545,3548,3525,3528,4,4,Saturation is \Cref{cor:gal-root-saturation}; strictness is \Cref{thm:gal-strictness}; non-descent of an individual promoted root is \Cref{lem:gal-root-not-descend}. The audited descent fields are supplied by the invariant channels of \Cre…,"Saturation is supplied by \Cref{cor:gal-root-saturation}. Strictness is \Cref{thm:gal-strictness}, and non-descent of an individual promoted root is \Cref{lem:gal-root-not-descend}. The audited descent fields are supplied by the invariant…",RAW_TEX_ALIGNMENT_ONLY,NO_CLAIM_EQUIVALENCE_CANONICAL_MEMBER_OR_EVIDENCE_INDEPENDENCE_INFERRED
VF-SAU-01-L0309,EQUAL,3549-3550,3529-3530,3549,3550,3529,3530,2,2,"\Cref{thm:gal-fixed-field-audit}, \Cref{thm:gal-trace-norm-descend}, and \Cref{cor:gal-orbit-polynomials-descend}. The nonclaim register is the","\Cref{thm:gal-fixed-field-audit}, \Cref{thm:gal-trace-norm-descend}, and \Cref{cor:gal-orbit-polynomials-descend}. The nonclaim register is the",RAW_TEX_ALIGNMENT_ONLY,NO_CLAIM_EQUIVALENCE_CANONICAL_MEMBER_OR_EVIDENCE_INDEPENDENCE_INFERRED
VF-SAU-01-L0310,REPLACE,3551,3531-3534,3551,3551,3531,3534,1,4,explicit refusal to infer \(\alpha\in K\) from these descended invariant data.,explicit refusal to infer \(\alpha\in K\) from those descended invariant data. Thus the six certificate fields are present for the Galois root package. The theorem is tracked by the formalization harness as a projection over the Galois-cas…,RAW_TEX_ALIGNMENT_ONLY,NO_CLAIM_EQUIVALENCE_CANONICAL_MEMBER_OR_EVIDENCE_INDEPENDENCE_INFERRED
VF-SAU-01-L0311,EQUAL,3552-3553,3535-3536,3552,3553,3535,3536,2,2,\end{proof},\end{proof},RAW_TEX_ALIGNMENT_ONLY,NO_CLAIM_EQUIVALENCE_CANONICAL_MEMBER_OR_EVIDENCE_INDEPENDENCE_INFERRED
VF-SAU-01-L0312,REPLACE,3554-3561,3537-3539,3554,3561,3537,3539,8,3,"The certificate licenses lower-layer claims about descended invariant data (coefficients of the orbit polynomial, traces, norms, fixed-field elements) but not a membership claim for an individual root: in the certificate notation, \(\alpha…","The certificate licenses lower-layer claims about descended invariant data: coefficients of the orbit polynomial, traces, norms, and fixed-field witnesses. It does not license a membership claim for the individual root itself.",RAW_TEX_ALIGNMENT_ONLY,NO_CLAIM_EQUIVALENCE_CANONICAL_MEMBER_OR_EVIDENCE_INDEPENDENCE_INFERRED
VF-SAU-01-L0313,EQUAL,3562,3540,3562,3562,3540,3540,1,1,,,RAW_TEX_ALIGNMENT_ONLY,NO_CLAIM_EQUIVALENCE_CANONICAL_MEMBER_OR_EVIDENCE_INDEPENDENCE_INFERRED
VF-SAU-01-L0314,REPLACE,3563-3564,3541-3551,3563,3564,3541,3551,2,11,The cohomology case in \Cref{sec:cohomology} keeps the same guardrail but replaces invariant descent by an obstruction ledger.,"This is the Galois instance of the general no-overreading discipline from \Cref{subsec:soundness-no-overreading}. In the notation of the certificate, \(\alpha \ndown_q\) while an invariant expression \(C(\alpha)\), such as \(C_{\mathrm{orb…",RAW_TEX_ALIGNMENT_ONLY,NO_CLAIM_EQUIVALENCE_CANONICAL_MEMBER_OR_EVIDENCE_INDEPENDENCE_INFERRED
VF-SAU-01-L0315,EQUAL,3565-3571,3552-3558,3565,3571,3552,3558,7,7,"\section{Cohomology}\label{sec:cohomology} \subsection{Edge data, periods, and the local-to-global question} \label{subsec:coh-edge-data-periods} On a finite graph \(\Gamma\), edge data may or may not come from a global vertex potential. I…","\section{Cohomology}\label{sec:cohomology} \subsection{Edge data, periods, and the local-to-global question} \label{subsec:coh-edge-data-periods} On a finite graph \(\Gamma\), edge data may or may not come from a global vertex potential. I…",RAW_TEX_ALIGNMENT_ONLY,NO_CLAIM_EQUIVALENCE_CANONICAL_MEMBER_OR_EVIDENCE_INDEPENDENCE_INFERRED
VF-SAU-01-L0316,REPLACE,3572-3581,3559-3562,3572,3581,3559,3562,10,4,"\(\phi:V\to k\), summing \(a\) around a closed cycle telescopes to zero; periods therefore give a concrete audit of the local-to-global question. Here the promoted object is not an individual root or infinitesimal direction but a quotient…","\(\phi:V\to k\), then summing \(a\) around a closed cycle must telescope to zero. Periods therefore give a concrete audit of the local-to-global question: does the edge datum glue to a global potential, or does a cycle record the failure?",RAW_TEX_ALIGNMENT_ONLY,NO_CLAIM_EQUIVALENCE_CANONICAL_MEMBER_OR_EVIDENCE_INDEPENDENCE_INFERRED
VF-SAU-01-L0317,EQUAL,3582-3678,3563-3659,3582,3678,3563,3659,97,97,"\begin{definition}[Period audit over cycles] \label{def:coh-period-audit} A directed closed walk or cycle \(\gamma\) determines a signed sum of oriented edges. For \(a\in C^1(\Gamma;k)\), define the period of \(a\) around \(\gamma\) by \[…","\begin{definition}[Period audit over cycles] \label{def:coh-period-audit} A directed closed walk or cycle \(\gamma\) determines a signed sum of oriented edges. For \(a\in C^1(\Gamma;k)\), define the period of \(a\) around \(\gamma\) by \[…",RAW_TEX_ALIGNMENT_ONLY,NO_CLAIM_EQUIVALENCE_CANONICAL_MEMBER_OR_EVIDENCE_INDEPENDENCE_INFERRED
VF-SAU-01-L0318,REPLACE,3679-3682,3660-3666,3679,3682,3660,3666,4,7,"For an oriented edge \(e:u\to v\) and \(a=d_0\phi\), one has \(a(e)=\phi(v)-\phi(u)\), with the sign reversed when \(e\) is traversed in the opposite orientation. Along a closed cycle the signed sum telescopes; since the initial and termin…","Write an oriented edge \(e:u\to v\). If \(a=d_0\phi\), then \(a(e)=\phi(v)-\phi(u)\), with the sign reversed when the edge is traversed in the opposite orientation. Along a closed cycle, the resulting signed sum is a telescoping sum of suc…",RAW_TEX_ALIGNMENT_ONLY,NO_CLAIM_EQUIVALENCE_CANONICAL_MEMBER_OR_EVIDENCE_INDEPENDENCE_INFERRED
VF-SAU-01-L0319,EQUAL,3683-3701,3667-3685,3683,3701,3667,3685,19,19,\end{proof} A nonzero period is therefore an obstruction to solving the lower problem by a global potential. \begin{corollary}[Cycle period obstruction] \label{cor:coh-period-obstruction} If there exists a cycle \(\gamma\) such that \[ \oi…,\end{proof} A nonzero period is therefore an obstruction to solving the lower problem by a global potential. \begin{corollary}[Cycle period obstruction] \label{cor:coh-period-obstruction} If there exists a cycle \(\gamma\) such that \[ \oi…,RAW_TEX_ALIGNMENT_ONLY,NO_CLAIM_EQUIVALENCE_CANONICAL_MEMBER_OR_EVIDENCE_INDEPENDENCE_INFERRED
VF-SAU-01-L0320,REPLACE,3702-3704,3686-3690,3702,3704,3686,3690,3,5,"Contrapositive of \Cref{lem:coh-exact-zero-periods}: if some potential \(\phi\) satisfied \(d_0\phi=a\), every cycle period would vanish, so a nonzero period forbids the existence of such a potential.","This is the contrapositive of \Cref{lem:coh-exact-zero-periods}. If a global potential \(\phi\) satisfied \(d_0\phi=a\), every cycle period would vanish. Thus a nonzero period forbids such a potential and saturates the lower candidate clas…",RAW_TEX_ALIGNMENT_ONLY,NO_CLAIM_EQUIVALENCE_CANONICAL_MEMBER_OR_EVIDENCE_INDEPENDENCE_INFERRED
VF-SAU-01-L0321,EQUAL,3705-3731,3691-3717,3705,3731,3691,3717,27,27,"\end{proof} The converse direction is the next step: on a finite graph, vanishing periods are not merely necessary for exactness; they also characterize when the edge datum comes from a global vertex potential. \subsection{The \texorpdfstr…","\end{proof} The converse direction is the next step: on a finite graph, vanishing periods are not merely necessary for exactness; they also characterize when the edge datum comes from a global vertex potential. \subsection{The \texorpdfstr…",RAW_TEX_ALIGNMENT_ONLY,NO_CLAIM_EQUIVALENCE_CANONICAL_MEMBER_OR_EVIDENCE_INDEPENDENCE_INFERRED
VF-SAU-01-L0322,REPLACE,3732-3736,3718-3725,3732,3736,3718,3725,5,8,"cycle period vanishes and choose a base vertex \(v_0\). Define \(\phi(v)\) as the signed sum of \(a\) along any path from \(v_0\) to \(v\); the difference of any two such paths is a cycle, so the zero-period hypothesis makes \(\phi(v)\) we…","cycle period vanishes and choose a base vertex \(v_0\). For a vertex \(v\), set \(\phi(v)\) equal to the signed sum of \(a\) along any path from \(v_0\) to \(v\). If two paths from \(v_0\) to \(v\) are chosen, their difference is a cycle,…",RAW_TEX_ALIGNMENT_ONLY,NO_CLAIM_EQUIVALENCE_CANONICAL_MEMBER_OR_EVIDENCE_INDEPENDENCE_INFERRED
VF-SAU-01-L0323,EQUAL,3737-3759,3726-3748,3737,3759,3726,3748,23,23,\end{proof} The cohomology class is the corresponding quotient ledger: it records exactly whether the edge datum survives modulo exact data. \begin{theorem}[Cohomology class is the exact obstruction] \label{thm:coh-class-obstruction} For \…,\end{proof} The cohomology class is the corresponding quotient ledger: it records exactly whether the edge datum survives modulo exact data. \begin{theorem}[Cohomology class is the exact obstruction] \label{thm:coh-class-obstruction} For \…,RAW_TEX_ALIGNMENT_ONLY,NO_CLAIM_EQUIVALENCE_CANONICAL_MEMBER_OR_EVIDENCE_INDEPENDENCE_INFERRED
VF-SAU-01-L0324,REPLACE,3760-3761,3749-3753,3760,3761,3749,3753,2,5,"\(1\)-cochains. Hence \([a]=0\) iff \(a\in\im d_0\), i.e.\ \(a=d_0\phi\) for some vertex potential \(\phi\).","\(1\)-cochains on a graph. Thus the class \([a]\) is zero exactly when \(a\) lies in the image of \(d_0:C^0(\Gamma;k)\to C^1(\Gamma;k)\), equivalently when \(a=d_0\phi\) for some vertex potential \(\phi\). This theorem is tracked by the fo…",RAW_TEX_ALIGNMENT_ONLY,NO_CLAIM_EQUIVALENCE_CANONICAL_MEMBER_OR_EVIDENCE_INDEPENDENCE_INFERRED
VF-SAU-01-L0325,EQUAL,3762-3777,3754-3769,3762,3777,3754,3769,16,16,"\end{proof} The period audit and the quotient ledger therefore detect the same obstruction. \begin{corollary}[Cohomology and periods give equivalent audits] \label{cor:coh-class-period-equivalence} For a finite connected graph, \[ [a]=0 \q…","\end{proof} The period audit and the quotient ledger therefore detect the same obstruction. \begin{corollary}[Cohomology and periods give equivalent audits] \label{cor:coh-class-period-equivalence} For a finite connected graph, \[ [a]=0 \q…",RAW_TEX_ALIGNMENT_ONLY,NO_CLAIM_EQUIVALENCE_CANONICAL_MEMBER_OR_EVIDENCE_INDEPENDENCE_INFERRED
VF-SAU-01-L0326,REPLACE,3778-3780,3770-3774,3778,3780,3770,3774,3,5,"By \Cref{thm:coh-periods-iff-exact}, vanishing of all cycle periods is equivalent to exactness of \(a\), and \Cref{thm:coh-class-obstruction} identifies exactness with \([a]=0\).","The vanishing of \(\Per(a)\) says that every cycle period of \(a\) is zero, so \Cref{thm:coh-periods-iff-exact} identifies it with exactness of \(a\). The class-obstruction theorem identifies exactness with \([a]=0\). This corollary is tra…",RAW_TEX_ALIGNMENT_ONLY,NO_CLAIM_EQUIVALENCE_CANONICAL_MEMBER_OR_EVIDENCE_INDEPENDENCE_INFERRED
VF-SAU-01-L0327,EQUAL,3781-3794,3775-3788,3781,3794,3775,3788,14,14,"\end{proof} The rank of \(H^1\) is the number of independent cycle obstructions. For a connected finite graph, that number is the familiar cycle rank \(|E|-|V|+1\). \begin{theorem}[Dimension of the graph obstruction ledger] \label{thm:coh-…","\end{proof} The rank of \(H^1\) is the number of independent cycle obstructions. For a connected finite graph, that number is the familiar cycle rank \(|E|-|V|+1\). \begin{theorem}[Dimension of the graph obstruction ledger] \label{thm:coh-…",RAW_TEX_ALIGNMENT_ONLY,NO_CLAIM_EQUIVALENCE_CANONICAL_MEMBER_OR_EVIDENCE_INDEPENDENCE_INFERRED
VF-SAU-01-L0328,REPLACE,3795-3799,3789-3799,3795,3799,3789,3799,5,11,"For a finite connected graph over a coefficient field \(k\), \(\dim_k C^0=|V|\) and \(\dim_k C^1=|E|\). The kernel of \(d_0\) consists of the constant potentials (dimension \(1\)), so \(\operatorname{rank}d_0=|V|-1\). Since a graph has no…","For a finite connected graph over a coefficient field \(k\), one has \(\dim_k C^0(\Gamma;k)=|V|\) and \(\dim_k C^1(\Gamma;k)=|E|\). The kernel of \(d_0:C^0\to C^1\) consists of the constant potentials, so it has dimension \(1\), and theref…",RAW_TEX_ALIGNMENT_ONLY,NO_CLAIM_EQUIVALENCE_CANONICAL_MEMBER_OR_EVIDENCE_INDEPENDENCE_INFERRED
VF-SAU-01-L0329,EQUAL,3800-3810,3800-3810,3800,3810,3800,3810,11,11,"\end{proof} The next subsection makes the ledger concrete with two examples: a triangle, where \(H^1\) is nontrivial, and a forest, where every period obstruction vanishes. \subsection{Triangle and forest examples} \label{subsec:coh-triang…","\end{proof} The next subsection makes the ledger concrete with two examples: a triangle, where \(H^1\) is nontrivial, and a forest, where every period obstruction vanishes. \subsection{Triangle and forest examples} \label{subsec:coh-triang…",RAW_TEX_ALIGNMENT_ONLY,NO_CLAIM_EQUIVALENCE_CANONICAL_MEMBER_OR_EVIDENCE_INDEPENDENCE_INFERRED
VF-SAU-01-L0330,REPLACE,3811-3812,3811-3812,3811,3812,3811,3812,2,2,"witnesses failed descent. The edge assignment below is sparse: one edge carries value \(1\), the other two carry value \(0\).","witnesses failed descent. The edge assignment below is deliberately sparse: one edge carries value \(1\), the other two carry value \(0\).",RAW_TEX_ALIGNMENT_ONLY,NO_CLAIM_EQUIVALENCE_CANONICAL_MEMBER_OR_EVIDENCE_INDEPENDENCE_INFERRED
VF-SAU-01-L0331,EQUAL,3813-3847,3813-3847,3813,3847,3813,3847,35,35,"\begin{proposition}[Triangle graph as a minimal obstruction witness] \label{prop:coh-triangle-witness} Let \(\Gamma\) be the oriented triangle with edges \[ e_{12}:v_1\to v_2, \qquad e_{23}:v_2\to v_3, \qquad e_{31}:v_3\to v_1. \] Define \…","\begin{proposition}[Triangle graph as a minimal obstruction witness] \label{prop:coh-triangle-witness} Let \(\Gamma\) be the oriented triangle with edges \[ e_{12}:v_1\to v_2, \qquad e_{23}:v_2\to v_3, \qquad e_{31}:v_3\to v_1. \] Define \…",RAW_TEX_ALIGNMENT_ONLY,NO_CLAIM_EQUIVALENCE_CANONICAL_MEMBER_OR_EVIDENCE_INDEPENDENCE_INFERRED
VF-SAU-01-L0332,REPLACE,3848,3848-3849,3848,3848,3848,3849,1,2,potential \(\phi\) with \(d_0\phi=a\).,potential \(\phi\) with \(d_0\phi=a\). The proposition is tracked by the formalization harness as a projection over the triangle period-audit record.,RAW_TEX_ALIGNMENT_ONLY,NO_CLAIM_EQUIVALENCE_CANONICAL_MEMBER_OR_EVIDENCE_INDEPENDENCE_INFERRED
VF-SAU-01-L0333,EQUAL,3849-3933,3850-3934,3849,3933,3850,3934,85,85,"\end{proof} The same computation identifies the triangle ledger. By the dimension formula, \[ \dim_k H^1(\Gamma;k)=|E|-|V|+1=3-3+1=1, \] and the class of the displayed edge assignment is nonzero. The formal one-dimensional triangle ledger…","\end{proof} The same computation identifies the triangle ledger. By the dimension formula, \[ \dim_k H^1(\Gamma;k)=|E|-|V|+1=3-3+1=1, \] and the class of the displayed edge assignment is nonzero. The formal one-dimensional triangle ledger…",RAW_TEX_ALIGNMENT_ONLY,NO_CLAIM_EQUIVALENCE_CANONICAL_MEMBER_OR_EVIDENCE_INDEPENDENCE_INFERRED
VF-SAU-01-L0334,REPLACE,3934-3938,3935-3941,3934,3938,3935,3941,5,7,"Choose \(a\in C^1(\Gamma;k)\) with \([a]\neq 0\) and compare with the zero edge datum. The lower interface sends both to \(\texttt{locally-admissible}\), while the promoted interface distinguishes them through their classes; hence \((a,0)\…","Choose \(a\in C^1(\Gamma;k)\) with \([a]\neq0\), and compare it with the zero edge datum \(0\). The lower interface sends both to \(\texttt{locally-admissible}\), so \(\pi_0(a)=\pi_0(0)\). The promoted interface distinguishes them, since \…",RAW_TEX_ALIGNMENT_ONLY,NO_CLAIM_EQUIVALENCE_CANONICAL_MEMBER_OR_EVIDENCE_INDEPENDENCE_INFERRED
VF-SAU-01-L0335,EQUAL,3939-3958,3942-3961,3939,3958,3942,3961,20,20,"\end{proof} The resulting profile is an obstruction ledger: the useful descended answer is not a hidden edge datum pretending to be a vertex potential, but the audited class and period test deciding whether such a potential exists. \begin{…","\end{proof} The resulting profile is an obstruction ledger: the useful descended answer is not a hidden edge datum pretending to be a vertex potential, but the audited class and period test deciding whether such a potential exists. \begin{…",RAW_TEX_ALIGNMENT_ONLY,NO_CLAIM_EQUIVALENCE_CANONICAL_MEMBER_OR_EVIDENCE_INDEPENDENCE_INFERRED
VF-SAU-01-L0336,REPLACE,3959-3964,3962-3970,3959,3964,3962,3970,6,9,"The equivalence \(a\not\downarrow_{\mathrm{pot}}\Leftrightarrow[a]\neq0\) is the contrapositive of \Cref{thm:coh-class-obstruction}, and equivalence with the existence of a nonzero cycle period is \Cref{cor:coh-class-period-equivalence}. I…",The equivalence between \(a\not\downarrow_{\mathrm{pot}}\) and \([a]\neq0\) is the contrapositive form of the class-obstruction theorem. The equivalence with the existence of a nonzero cycle period follows from the class-period audit: zero…,RAW_TEX_ALIGNMENT_ONLY,NO_CLAIM_EQUIVALENCE_CANONICAL_MEMBER_OR_EVIDENCE_INDEPENDENCE_INFERRED
VF-SAU-01-L0337,EQUAL,3965-3990,3971-3996,3965,3990,3971,3996,26,26,"\end{proof} The SAU certificate is now the same six-field pattern as in the previous cases: saturation of the requested potential for a nonzero class, strictness of the cohomology interface, non-descent of the edge datum, audited obstructi…","\end{proof} The SAU certificate is now the same six-field pattern as in the previous cases: saturation of the requested potential for a nonzero class, strictness of the cohomology interface, non-descent of the edge datum, audited obstructi…",RAW_TEX_ALIGNMENT_ONLY,NO_CLAIM_EQUIVALENCE_CANONICAL_MEMBER_OR_EVIDENCE_INDEPENDENCE_INFERRED
VF-SAU-01-L0338,REPLACE,3991-3997,3997-4006,3991,3997,3997,4006,7,10,"Saturation is \Cref{thm:coh-class-obstruction}: if \([a]\neq0\), no potential satisfies \(d_0\phi=a\). Strictness is \Cref{thm:coh-strictness}. Non-descent and audited descent are the obstruction-ledger profile: the edge datum does not des…","Saturation follows from the class-obstruction theorem: if \([a]\neq0\), no potential \(\phi\) satisfies \(d_0\phi=a\). Strictness is \Cref{thm:coh-strictness}. Non-descent and audited descent are exactly the obstruction-ledger profile: the…",RAW_TEX_ALIGNMENT_ONLY,NO_CLAIM_EQUIVALENCE_CANONICAL_MEMBER_OR_EVIDENCE_INDEPENDENCE_INFERRED
VF-SAU-01-L0339,EQUAL,3998-3999,4007-4008,3998,3999,4007,4008,2,2,\end{proof},\end{proof},RAW_TEX_ALIGNMENT_ONLY,NO_CLAIM_EQUIVALENCE_CANONICAL_MEMBER_OR_EVIDENCE_INDEPENDENCE_INFERRED
VF-SAU-01-L0340,REPLACE,4000-4002,4009-4011,4000,4002,4009,4011,3,3,The four canonical witnesses are now in place. \Cref{sec:transfer} abstracts their shared profile structure and proves the transfer principles that move an audited profile from one case to another.,The four canonical witnesses are now in place. The next section abstracts their shared profile structure and proves the transfer principles that move an audited profile from one case to another.,RAW_TEX_ALIGNMENT_ONLY,NO_CLAIM_EQUIVALENCE_CANONICAL_MEMBER_OR_EVIDENCE_INDEPENDENCE_INFERRED
VF-SAU-01-L0341,EQUAL,4003-4008,4012-4017,4003,4008,4012,4017,6,6,\section{Transfer and Cross-Case Synthesis}\label{sec:transfer} \subsection{The canonical witness vector \texorpdfstring{\(W_4\)}{W4}} \label{subsec:transfer-canonical-witness-vector} The four case studies now provide four validated certif…,\section{Transfer and Cross-Case Synthesis}\label{sec:transfer} \subsection{The canonical witness vector \texorpdfstring{\(W_4\)}{W4}} \label{subsec:transfer-canonical-witness-vector} The four case studies now provide four validated certif…,RAW_TEX_ALIGNMENT_ONLY,NO_CLAIM_EQUIVALENCE_CANONICAL_MEMBER_OR_EVIDENCE_INDEPENDENCE_INFERRED
VF-SAU-01-L0342,REPLACE,4009,4018,4009,4009,4018,4018,1,1,"isolates what they share: not an identification of \(i\), \(\varepsilon\),","abstracts what they share: not an identification of \(i\), \(\varepsilon\),",RAW_TEX_ALIGNMENT_ONLY,NO_CLAIM_EQUIVALENCE_CANONICAL_MEMBER_OR_EVIDENCE_INDEPENDENCE_INFERRED
VF-SAU-01-L0343,EQUAL,4010-4096,4019-4105,4010,4096,4019,4105,87,87,"\(\alpha\), and \([a]\), but a common proof shape in which a hidden promoted support fails to descend while a selected expression from that support does descend under audit. \begin{definition}[Canonical witness vector] \label{def:sau-canon…","\(\alpha\), and \([a]\), but a common proof shape in which a hidden promoted support fails to descend while a selected expression from that support does descend under audit. \begin{definition}[Canonical witness vector] \label{def:sau-canon…",RAW_TEX_ALIGNMENT_ONLY,NO_CLAIM_EQUIVALENCE_CANONICAL_MEMBER_OR_EVIDENCE_INDEPENDENCE_INFERRED
VF-SAU-01-L0344,REPLACE,4097-4099,4106-4109,4097,4099,4106,4109,3,4,"The six fields are the saturation, strictness, non-descent, descent, accepted-answer, and nonclaim components established for the imaginary case in \Cref{sec:imaginary}.","The six fields are exactly the saturation, strictness, non-descent, descent, accepted-answer, and nonclaim components established for the imaginary case in \Cref{sec:imaginary}. This lemma is tracked by the formalization harness as a proje…",RAW_TEX_ALIGNMENT_ONLY,NO_CLAIM_EQUIVALENCE_CANONICAL_MEMBER_OR_EVIDENCE_INDEPENDENCE_INFERRED
VF-SAU-01-L0345,EQUAL,4100-4123,4110-4133,4100,4123,4110,4133,24,24,\end{proof} \begin{lemma}[Calculus witness projects to SAU fields] \label{lem:sau-cross-jet-fields} The witness \(\mathfrak W_{\Jet}\) is SAU-complete. Its six-field projection is: \[ \begin{array}{ll} \mathsf{SatW}:& \text{point value }\o…,\end{proof} \begin{lemma}[Calculus witness projects to SAU fields] \label{lem:sau-cross-jet-fields} The witness \(\mathfrak W_{\Jet}\) is SAU-complete. Its six-field projection is: \[ \begin{array}{ll} \mathsf{SatW}:& \text{point value }\o…,RAW_TEX_ALIGNMENT_ONLY,NO_CLAIM_EQUIVALENCE_CANONICAL_MEMBER_OR_EVIDENCE_INDEPENDENCE_INFERRED
VF-SAU-01-L0346,REPLACE,4124,4134-4136,4124,4124,4134,4136,1,3,nonclaim discipline are developed in \Cref{sec:calculus}.,nonclaim discipline are the calculus certificate components developed in \Cref{sec:calculus}. This lemma is tracked by the formalization harness as a projection over the calculus certificate record.,RAW_TEX_ALIGNMENT_ONLY,NO_CLAIM_EQUIVALENCE_CANONICAL_MEMBER_OR_EVIDENCE_INDEPENDENCE_INFERRED
VF-SAU-01-L0347,EQUAL,4125-4131,4137-4143,4125,4131,4137,4143,7,7,\end{proof} \begin{lemma}[Galois witness projects to SAU fields] \label{lem:sau-cross-gal-fields} The witness \(\mathfrak W_{\Galois}\) is SAU-complete. Its six-field projection is: \[ \begin{array}{ll},\end{proof} \begin{lemma}[Galois witness projects to SAU fields] \label{lem:sau-cross-gal-fields} The witness \(\mathfrak W_{\Galois}\) is SAU-complete. Its six-field projection is: \[ \begin{array}{ll},RAW_TEX_ALIGNMENT_ONLY,NO_CLAIM_EQUIVALENCE_CANONICAL_MEMBER_OR_EVIDENCE_INDEPENDENCE_INFERRED
VF-SAU-01-L0348,REPLACE,4132,4144,4132,4132,4144,4144,1,1,"\mathsf{SatW}:& p\in K[t]\text{ separable irreducible nonlinear has no root in }K,\\[1mm]","\mathsf{SatW}:& p\in K[t]\text{ irreducible nonlinear has no root in }K,\\[1mm]",RAW_TEX_ALIGNMENT_ONLY,NO_CLAIM_EQUIVALENCE_CANONICAL_MEMBER_OR_EVIDENCE_INDEPENDENCE_INFERRED
VF-SAU-01-L0349,EQUAL,4133-4148,4145-4160,4133,4148,4145,4160,16,16,"\mathsf{StrictW}:& \text{the splitting field distinguishes roots the base polynomial interface collapses},\\[1mm] \mathsf{NonDescW}:& \alpha\notin K\text{ for a root }\alpha\text{ of }p,\\[1mm] \mathsf{DescW}:& e_j(\alpha_1,\ldots,\alpha_n…","\mathsf{StrictW}:& \text{the splitting field distinguishes roots the base polynomial interface collapses},\\[1mm] \mathsf{NonDescW}:& \alpha\notin K\text{ for a root }\alpha\text{ of }p,\\[1mm] \mathsf{DescW}:& e_j(\alpha_1,\ldots,\alpha_n…",RAW_TEX_ALIGNMENT_ONLY,NO_CLAIM_EQUIVALENCE_CANONICAL_MEMBER_OR_EVIDENCE_INDEPENDENCE_INFERRED
VF-SAU-01-L0350,REPLACE,4149,4161-4163,4149,4149,4161,4163,1,3,discipline are assembled in \Cref{sec:galois}.,discipline are the Galois certificate components assembled in \Cref{sec:galois}. This lemma is tracked by the formalization harness as a projection over the Galois certificate record.,RAW_TEX_ALIGNMENT_ONLY,NO_CLAIM_EQUIVALENCE_CANONICAL_MEMBER_OR_EVIDENCE_INDEPENDENCE_INFERRED
VF-SAU-01-L0351,EQUAL,4150-4172,4164-4186,4150,4172,4164,4186,23,23,\end{proof} \begin{lemma}[Cohomology witness projects to SAU fields] \label{lem:sau-cross-coh-fields} The witness \(\mathfrak W_{\Coh}\) is SAU-complete for the saturated obstruction instance. Its six-field projection is: \[ \begin{array}{…,\end{proof} \begin{lemma}[Cohomology witness projects to SAU fields] \label{lem:sau-cross-coh-fields} The witness \(\mathfrak W_{\Coh}\) is SAU-complete for the saturated obstruction instance. Its six-field projection is: \[ \begin{array}{…,RAW_TEX_ALIGNMENT_ONLY,NO_CLAIM_EQUIVALENCE_CANONICAL_MEMBER_OR_EVIDENCE_INDEPENDENCE_INFERRED
VF-SAU-01-L0352,REPLACE,4173,4187,4173,4173,4187,4187,1,1,"\Cref{sec:cohomology} supplies the saturated obstruction instance, strict","The cohomology section supplies the saturated obstruction instance, strict",RAW_TEX_ALIGNMENT_ONLY,NO_CLAIM_EQUIVALENCE_CANONICAL_MEMBER_OR_EVIDENCE_INDEPENDENCE_INFERRED
VF-SAU-01-L0353,EQUAL,4174,4188,4174,4174,4188,4188,1,1,"cohomology interface, non-descending edge datum, class-and-period audit,","cohomology interface, non-descending edge datum, class-and-period audit,",RAW_TEX_ALIGNMENT_ONLY,NO_CLAIM_EQUIVALENCE_CANONICAL_MEMBER_OR_EVIDENCE_INDEPENDENCE_INFERRED
VF-SAU-01-L0354,REPLACE,4175,4189-4191,4175,4175,4189,4191,1,3,"negative certificate, and nonclaim register.","negative certificate, and nonclaim register in \Cref{sec:cohomology}. This lemma is tracked by the formalization harness as a projection over the cohomology certificate record.",RAW_TEX_ALIGNMENT_ONLY,NO_CLAIM_EQUIVALENCE_CANONICAL_MEMBER_OR_EVIDENCE_INDEPENDENCE_INFERRED
VF-SAU-01-L0355,EQUAL,4176-4232,4192-4248,4176,4232,4192,4248,57,57,"\end{proof} \Cref{tab:cross-case-synthesis} summarizes the four hidden supports, their descended audits, and their profile labels. \begingroup\begin{table}[tbp] \centering \footnotesize \caption{Cross-case synthesis by hidden support, desc…","\end{proof} \Cref{tab:cross-case-synthesis} summarizes the four hidden supports, their descended audits, and their profile labels. \begingroup\begin{table}[tbp] \centering \footnotesize \caption{Cross-case synthesis by hidden support, desc…",RAW_TEX_ALIGNMENT_ONLY,NO_CLAIM_EQUIVALENCE_CANONICAL_MEMBER_OR_EVIDENCE_INDEPENDENCE_INFERRED
VF-SAU-01-L0356,REPLACE,4233,4249-4251,4233,4233,4249,4251,1,3,soundness discipline of \Cref{sec:soundness-failure}.,soundness discipline of \Cref{sec:soundness-failure}. This theorem is tracked by the formalization harness as a projection over the four cross-case projection records.,RAW_TEX_ALIGNMENT_ONLY,NO_CLAIM_EQUIVALENCE_CANONICAL_MEMBER_OR_EVIDENCE_INDEPENDENCE_INFERRED
VF-SAU-01-L0357,EQUAL,4234-4264,4252-4282,4234,4264,4252,4282,31,31,"\end{proof} \begin{theorem}[Uniform non-descent/descent normal form] \label{thm:sau-uniform-normal-form} For every witness \[ \mathfrak W\in\{\mathfrak W_{\Imag},\mathfrak W_{\Jet},\mathfrak W_{\Galois},\mathfrak W_{\Coh}\}, \] there exist…","\end{proof} \begin{theorem}[Uniform non-descent/descent normal form] \label{thm:sau-uniform-normal-form} For every witness \[ \mathfrak W\in\{\mathfrak W_{\Imag},\mathfrak W_{\Jet},\mathfrak W_{\Galois},\mathfrak W_{\Coh}\}, \] there exist…",RAW_TEX_ALIGNMENT_ONLY,NO_CLAIM_EQUIVALENCE_CANONICAL_MEMBER_OR_EVIDENCE_INDEPENDENCE_INFERRED
VF-SAU-01-L0358,REPLACE,4265,4283,4265,4265,4283,4283,1,1,"Read the displayed data from the four cross-case projections: in each case,","Read the displayed data from the four cross-case projections. In each case,",RAW_TEX_ALIGNMENT_ONLY,NO_CLAIM_EQUIVALENCE_CANONICAL_MEMBER_OR_EVIDENCE_INDEPENDENCE_INFERRED
VF-SAU-01-L0359,EQUAL,4266,4284,4266,4266,4284,4284,1,1,"the hidden support is not accepted as a lower-layer object, while the listed","the hidden support is not accepted as a lower-layer object, while the listed",RAW_TEX_ALIGNMENT_ONLY,NO_CLAIM_EQUIVALENCE_CANONICAL_MEMBER_OR_EVIDENCE_INDEPENDENCE_INFERRED
VF-SAU-01-L0360,REPLACE,4267,4285-4287,4267,4267,4285,4287,1,3,expression former supplies the audited descended answer.,expression former supplies the audited descended answer. This theorem is tracked by the formalization harness as a projection over the canonical witness vector and the SAU normal-form fields.,RAW_TEX_ALIGNMENT_ONLY,NO_CLAIM_EQUIVALENCE_CANONICAL_MEMBER_OR_EVIDENCE_INDEPENDENCE_INFERRED
VF-SAU-01-L0361,EQUAL,4268-4269,4288-4289,4268,4269,4288,4289,2,2,\end{proof},\end{proof},RAW_TEX_ALIGNMENT_ONLY,NO_CLAIM_EQUIVALENCE_CANONICAL_MEMBER_OR_EVIDENCE_INDEPENDENCE_INFERRED
VF-SAU-01-L0362,REPLACE,4270-4271,4290-4292,4270,4271,4290,4292,2,3,We now abstract substrate details in a controlled way: profile abstraction keeps the audit shape while discarding domain-specific object identity.,"With the four certificates collected, the next step is to forget substrate details in a controlled way: profile abstraction keeps the audit shape while discarding domain-specific object identity.",RAW_TEX_ALIGNMENT_ONLY,NO_CLAIM_EQUIVALENCE_CANONICAL_MEMBER_OR_EVIDENCE_INDEPENDENCE_INFERRED
VF-SAU-01-L0363,EQUAL,4272-4384,4293-4405,4272,4384,4293,4405,113,113,"\subsection{Profile abstraction and substrate erasure} \label{subsec:transfer-profile-abstraction} The four cases share a structural pattern: saturation of a lower problem, strictness of the promoted interface, a non-descending support, an…","\subsection{Profile abstraction and substrate erasure} \label{subsec:transfer-profile-abstraction} The four cases share a structural pattern: saturation of a lower problem, strictness of the promoted interface, a non-descending support, an…",RAW_TEX_ALIGNMENT_ONLY,NO_CLAIM_EQUIVALENCE_CANONICAL_MEMBER_OR_EVIDENCE_INDEPENDENCE_INFERRED
VF-SAU-01-L0364,REPLACE,4385-4390,4406-4412,4385,4390,4406,4412,6,7,"Profile comparison is made after erasing substrate-specific carriers, elements, functions, roots, graphs, fields, and algebras; equality or isomorphism of the hidden promoted structures is not among the retained fields. Two packages can th…","Profile comparison is made after erasing substrate-specific carriers, elements, functions, roots, graphs, fields, and algebras. Equality or isomorphism of the hidden promoted structures is not one of the retained fields. Thus two packages…",RAW_TEX_ALIGNMENT_ONLY,NO_CLAIM_EQUIVALENCE_CANONICAL_MEMBER_OR_EVIDENCE_INDEPENDENCE_INFERRED
VF-SAU-01-L0365,EQUAL,4391-4392,4413-4414,4391,4392,4413,4414,2,2,\end{proof},\end{proof},RAW_TEX_ALIGNMENT_ONLY,NO_CLAIM_EQUIVALENCE_CANONICAL_MEMBER_OR_EVIDENCE_INDEPENDENCE_INFERRED
VF-SAU-01-L0366,REPLACE,4393-4394,4415-4416,4393,4394,4415,4416,2,2,Abstraction is therefore erasure under audit: it is useful only because the audit-relevant fields remain present.,This is the sense in which abstraction is erasure under audit: the erasure is useful only because the audit-relevant fields remain present.,RAW_TEX_ALIGNMENT_ONLY,NO_CLAIM_EQUIVALENCE_CANONICAL_MEMBER_OR_EVIDENCE_INDEPENDENCE_INFERRED
VF-SAU-01-L0367,EQUAL,4395-4405,4417-4427,4395,4405,4417,4427,11,11,"\begin{proposition}[Abstraction as audited erasure] \label{prop:sau-abstraction-as-erasure} In the SAU setting, abstraction is useful when \(\Erase\) removes substrate-specific implementation details while preserving the fields needed for…","\begin{proposition}[Abstraction as audited erasure] \label{prop:sau-abstraction-as-erasure} In the SAU setting, abstraction is useful when \(\Erase\) removes substrate-specific implementation details while preserving the fields needed for…",RAW_TEX_ALIGNMENT_ONLY,NO_CLAIM_EQUIVALENCE_CANONICAL_MEMBER_OR_EVIDENCE_INDEPENDENCE_INFERRED
VF-SAU-01-L0368,REPLACE,4406-4410,4428-4434,4406,4410,4428,4434,5,7,"A validated instance has passed each of the six SAU witness gates. Substrate erasure removes the material implementation but retains the slot types for saturation, strictness, non-descent, descent, solving, audit, and nonclaim discipline;…","The validated instance hypothesis says that all six SAU witness fields have passed their declared gates. Substrate erasure removes the material implementation but keeps the slot types for saturation, strictness, non-descent, descent, solvi…",RAW_TEX_ALIGNMENT_ONLY,NO_CLAIM_EQUIVALENCE_CANONICAL_MEMBER_OR_EVIDENCE_INDEPENDENCE_INFERRED
VF-SAU-01-L0369,EQUAL,4411-4508,4435-4532,4411,4508,4435,4532,98,98,"\end{proof} With profile abstraction defined, the next subsection makes profile equivalence and transfer plans precise. \subsection{Profile equivalence and transfer plan} \label{subsec:transfer-equivalence-plan} Two profiles are equivalent…","\end{proof} With profile abstraction defined, the next subsection makes profile equivalence and transfer plans precise. \subsection{Profile equivalence and transfer plan} \label{subsec:transfer-equivalence-plan} Two profiles are equivalent…",RAW_TEX_ALIGNMENT_ONLY,NO_CLAIM_EQUIVALENCE_CANONICAL_MEMBER_OR_EVIDENCE_INDEPENDENCE_INFERRED
VF-SAU-01-L0370,REPLACE,4509-4510,4533-4534,4509,4510,4533,4534,2,2,"Transfer soundness is conditional. A source profile can guide a target construction, but the target accepted claim is licensed only after the","Transfer soundness is deliberately conditional. A source profile can guide a target construction, but the target accepted claim is licensed only after the",RAW_TEX_ALIGNMENT_ONLY,NO_CLAIM_EQUIVALENCE_CANONICAL_MEMBER_OR_EVIDENCE_INDEPENDENCE_INFERRED
VF-SAU-01-L0371,EQUAL,4511-4522,4535-4546,4511,4522,4535,4546,12,12,"target's own validation succeeds. \begin{theorem}[Profile-transfer soundness] \label{thm:sau-profile-transfer-soundness} Let \(\Transfer(\mathfrak C_s,\mathfrak C_t;\mathfrak p)\) be a validated SAU transfer plan. Then the target bridge in…","target's own validation succeeds. \begin{theorem}[Profile-transfer soundness] \label{thm:sau-profile-transfer-soundness} Let \(\Transfer(\mathfrak C_s,\mathfrak C_t;\mathfrak p)\) be a validated SAU transfer plan. Then the target bridge in…",RAW_TEX_ALIGNMENT_ONLY,NO_CLAIM_EQUIVALENCE_CANONICAL_MEMBER_OR_EVIDENCE_INDEPENDENCE_INFERRED
VF-SAU-01-L0372,REPLACE,4523-4526,4547-4550,4523,4526,4547,4550,4,4,"The transfer plan provides a validated source instance and a target instance in the same profile skeleton. Validation of the target requires \(\mathbf F_{\SAU}(\mathfrak C_t)=\varnothing\), so the target supplies its own saturation, strict…","The transfer plan gives a validated source instance and a target instance in the same profile skeleton. Validation of the target plan is the additional condition \(\mathbf F_{\SAU}(\mathfrak C_t)=\varnothing\), so the target has its own sa…",RAW_TEX_ALIGNMENT_ONLY,NO_CLAIM_EQUIVALENCE_CANONICAL_MEMBER_OR_EVIDENCE_INDEPENDENCE_INFERRED
VF-SAU-01-L0373,EQUAL,4527,4551,4527,4527,4551,4551,1,1,witnesses. Applying the soundness theorem of \Cref{sec:soundness-failure} to,witnesses. Applying the soundness theorem of \Cref{sec:soundness-failure} to,RAW_TEX_ALIGNMENT_ONLY,NO_CLAIM_EQUIVALENCE_CANONICAL_MEMBER_OR_EVIDENCE_INDEPENDENCE_INFERRED
VF-SAU-01-L0374,REPLACE,4528-4531,4552-4556,4528,4531,4552,4556,4,5,"the target package licenses \(\Use(B_t,P_t):\texttt{accepted}\); the source validation explains why the profile was a legitimate guide but does not identify the source and target objects.","the target package licenses \(\Use(B_t,P_t):\texttt{accepted}\). The source validation explains why the profile was a legitimate guide, but it does not identify the source and target objects. This theorem is tracked by the formalization ha…",RAW_TEX_ALIGNMENT_ONLY,NO_CLAIM_EQUIVALENCE_CANONICAL_MEMBER_OR_EVIDENCE_INDEPENDENCE_INFERRED
VF-SAU-01-L0375,EQUAL,4532-4533,4557-4558,4532,4533,4557,4558,2,2,\end{proof},\end{proof},RAW_TEX_ALIGNMENT_ONLY,NO_CLAIM_EQUIVALENCE_CANONICAL_MEMBER_OR_EVIDENCE_INDEPENDENCE_INFERRED
VF-SAU-01-L0376,REPLACE,4534-4535,4559-4560,4534,4535,4559,4560,2,2,We now package this conditional transfer discipline into the cross-case exact-six and synthesis theorems.,The next subsection packages this conditional transfer discipline into the cross-case exact-six and synthesis theorems.,RAW_TEX_ALIGNMENT_ONLY,NO_CLAIM_EQUIVALENCE_CANONICAL_MEMBER_OR_EVIDENCE_INDEPENDENCE_INFERRED
VF-SAU-01-L0377,EQUAL,4536-4560,4561-4585,4536,4560,4561,4585,25,25,"\subsection{Cross-case exact-six and synthesis} \label{subsec:transfer-cross-case-synthesis} The transfer plan now has two jobs. First, it aligns the six recurring audit roles across the four witnesses. Second, it records the theorem-level…","\subsection{Cross-case exact-six and synthesis} \label{subsec:transfer-cross-case-synthesis} The transfer plan now has two jobs. First, it aligns the six recurring audit roles across the four witnesses. Second, it records the theorem-level…",RAW_TEX_ALIGNMENT_ONLY,NO_CLAIM_EQUIVALENCE_CANONICAL_MEMBER_OR_EVIDENCE_INDEPENDENCE_INFERRED
VF-SAU-01-L0378,REPLACE,4561-4563,4586-4590,4561,4563,4586,4590,3,5,"projection lemma identifies the same six witness roles: saturation, strictness, non-descent, descent, solve, and audit. The exact-six statement repackages these into the inherited \(P_1,\ldots,P_6\) channel vocabulary.","projection lemma identifies the same six witness roles: saturation, strictness, non-descent, descent, solve, and audit. The exact-six statement repackages those roles into the inherited \(P_1,\ldots,P_6\) channel vocabulary. This theorem i…",RAW_TEX_ALIGNMENT_ONLY,NO_CLAIM_EQUIVALENCE_CANONICAL_MEMBER_OR_EVIDENCE_INDEPENDENCE_INFERRED
VF-SAU-01-L0379,EQUAL,4564-4566,4591-4593,4564,4566,4591,4593,3,3,\end{proof} The synthesis statement is not a new universal claim about every useful,\end{proof} The synthesis statement is not a new universal claim about every useful,RAW_TEX_ALIGNMENT_ONLY,NO_CLAIM_EQUIVALENCE_CANONICAL_MEMBER_OR_EVIDENCE_INDEPENDENCE_INFERRED
VF-SAU-01-L0380,REPLACE,4567-4568,4594-4595,4567,4568,4594,4595,2,2,extension; it is the common consequence of the four validated witnesses and the soundness discipline.,extension. It is the common consequence of the four validated witnesses and the soundness discipline.,RAW_TEX_ALIGNMENT_ONLY,NO_CLAIM_EQUIVALENCE_CANONICAL_MEMBER_OR_EVIDENCE_INDEPENDENCE_INFERRED
VF-SAU-01-L0381,EQUAL,4569-4582,4596-4609,4569,4582,4596,4609,14,14,\begin{theorem}[Cross-case synthesis: useful non-definable extensions] \label{thm:sau-cross-synthesis} The four canonical witnesses support the following theorem-level synthesis: \medskip \noindent \emph{A promoted mathematical layer is us…,\begin{theorem}[Cross-case synthesis: useful non-definable extensions] \label{thm:sau-cross-synthesis} The four canonical witnesses support the following theorem-level synthesis: \medskip \noindent \emph{A promoted mathematical layer is us…,RAW_TEX_ALIGNMENT_ONLY,NO_CLAIM_EQUIVALENCE_CANONICAL_MEMBER_OR_EVIDENCE_INDEPENDENCE_INFERRED
VF-SAU-01-L0382,REPLACE,4583-4588,4610-4616,4583,4588,4610,4616,6,7,"\Cref{thm:sau-four-canonical-witnesses} supplies the validated \(\Imag\), \(\Jet\), \(\Galois\), and \(\Coh\) instances; the soundness theorem of \Cref{sec:soundness-failure} licenses the accepted lower-layer usefulness claim for each vali…","The four-canonical-witnesses theorem supplies the validated \(\Imag\), \(\Jet\), \(\Galois\), and \(\Coh\) instances. The soundness theorem of \Cref{sec:soundness-failure} licenses the accepted lower-layer usefulness claim for each validat…",RAW_TEX_ALIGNMENT_ONLY,NO_CLAIM_EQUIVALENCE_CANONICAL_MEMBER_OR_EVIDENCE_INDEPENDENCE_INFERRED
VF-SAU-01-L0383,EQUAL,4589-4590,4617-4618,4589,4590,4617,4618,2,2,\end{proof},\end{proof},RAW_TEX_ALIGNMENT_ONLY,NO_CLAIM_EQUIVALENCE_CANONICAL_MEMBER_OR_EVIDENCE_INDEPENDENCE_INFERRED
VF-SAU-01-L0384,REPLACE,4591-4592,4619-4620,4591,4592,4619,4620,2,2,The four registry profiles are not merely names: each has a validated canonical inhabitant.,"Finally, the four registry profiles are not merely formal names: each one has a validated canonical inhabitant.",RAW_TEX_ALIGNMENT_ONLY,NO_CLAIM_EQUIVALENCE_CANONICAL_MEMBER_OR_EVIDENCE_INDEPENDENCE_INFERRED
VF-SAU-01-L0385,EQUAL,4593-4611,4621-4639,4593,4611,4621,4639,19,19,"\begin{theorem}[Canonical profiles are inhabited] \label{thm:sau-canonical-profiles-inhabited} Each profile in \(\mathcal R_4\) has a validated canonical instance: \[ \Inst_{\SAU}(\mathfrak p_{\RootComp},\mathfrak W_{\Imag}), \] \[ \Inst_{…","\begin{theorem}[Canonical profiles are inhabited] \label{thm:sau-canonical-profiles-inhabited} Each profile in \(\mathcal R_4\) has a validated canonical instance: \[ \Inst_{\SAU}(\mathfrak p_{\RootComp},\mathfrak W_{\Imag}), \] \[ \Inst_{…",RAW_TEX_ALIGNMENT_ONLY,NO_CLAIM_EQUIVALENCE_CANONICAL_MEMBER_OR_EVIDENCE_INDEPENDENCE_INFERRED
VF-SAU-01-L0386,REPLACE,4612-4615,4640-4645,4612,4615,4640,4645,4,6,"The canonical profile registry assigns \(\RootComp\), \(\Coeff\), \(\InvDesc\), and \(\ObsLed\) to the four case-study profiles, and the case projections together with \Cref{thm:sau-four-canonical-witnesses} establish that the correspondin…","The canonical profile registry assigns \(\RootComp\), \(\Coeff\), \(\InvDesc\), and \(\ObsLed\) to the four case-study profiles. The case projections and \Cref{thm:sau-four-canonical-witnesses} show that the corresponding witness packages…",RAW_TEX_ALIGNMENT_ONLY,NO_CLAIM_EQUIVALENCE_CANONICAL_MEMBER_OR_EVIDENCE_INDEPENDENCE_INFERRED
VF-SAU-01-L0387,EQUAL,4616,4646,4616,4616,4646,4646,1,1,\end{proof},\end{proof},RAW_TEX_ALIGNMENT_ONLY,NO_CLAIM_EQUIVALENCE_CANONICAL_MEMBER_OR_EVIDENCE_INDEPENDENCE_INFERRED
VF-SAU-01-L0388,INSERT,EMPTY,4647-4649,,,4647,4649,0,3,,The final subsection now states the transfer-profile theorem and the paper's final synthesis.,RAW_TEX_ALIGNMENT_ONLY,NO_CLAIM_EQUIVALENCE_CANONICAL_MEMBER_OR_EVIDENCE_INDEPENDENCE_INFERRED
VF-SAU-01-L0389,EQUAL,4617-4620,4650-4653,4617,4620,4650,4653,4,4,\subsection{Final synthesis statement} \label{subsec:transfer-final-synthesis},\subsection{Final synthesis statement} \label{subsec:transfer-final-synthesis},RAW_TEX_ALIGNMENT_ONLY,NO_CLAIM_EQUIVALENCE_CANONICAL_MEMBER_OR_EVIDENCE_INDEPENDENCE_INFERRED
VF-SAU-01-L0390,REPLACE,4621-4623,4654-4656,4621,4623,4654,4656,3,3,"The transfer theorem is the section's final guardrail. A source case can supply a profile skeleton, but accepted usefulness in a target case requires target-side validation under the target instruments.","The transfer theorem is the section's final guardrail. A source case may supply a profile skeleton, but accepted usefulness in a target case requires target-side validation under the target instruments.",RAW_TEX_ALIGNMENT_ONLY,NO_CLAIM_EQUIVALENCE_CANONICAL_MEMBER_OR_EVIDENCE_INDEPENDENCE_INFERRED
VF-SAU-01-L0391,EQUAL,4624-4644,4657-4677,4624,4644,4657,4677,21,21,"\begin{theorem}[Transfer profile theorem] \label{thm:sau-transfer-profile-theorem} Mathematical transfer at SAU strength is possible exactly at the profile level: a successful source case may suggest a reusable skeleton \(\mathfrak p\), bu…","\begin{theorem}[Transfer profile theorem] \label{thm:sau-transfer-profile-theorem} Mathematical transfer at SAU strength is possible exactly at the profile level: a successful source case may suggest a reusable skeleton \(\mathfrak p\), bu…",RAW_TEX_ALIGNMENT_ONLY,NO_CLAIM_EQUIVALENCE_CANONICAL_MEMBER_OR_EVIDENCE_INDEPENDENCE_INFERRED
VF-SAU-01-L0392,REPLACE,4645-4651,4678-4686,4645,4651,4678,4686,7,9,The positive implication applies \Cref{thm:sau-profile-transfer-soundness} to the source and target validated instances separately: each package has its own empty failure vector and therefore its own accepted usefulness claim under the sou…,The positive implication applies the profile-transfer soundness theorem to the source and target validated instances separately. Each package has its own empty failure vector and therefore its own accepted usefulness claim under the soundn…,RAW_TEX_ALIGNMENT_ONLY,NO_CLAIM_EQUIVALENCE_CANONICAL_MEMBER_OR_EVIDENCE_INDEPENDENCE_INFERRED
VF-SAU-01-L0393,EQUAL,4652-4653,4687-4688,4652,4653,4687,4688,2,2,\end{proof},\end{proof},RAW_TEX_ALIGNMENT_ONLY,NO_CLAIM_EQUIVALENCE_CANONICAL_MEMBER_OR_EVIDENCE_INDEPENDENCE_INFERRED
VF-SAU-01-L0394,REPLACE,4654-4656,4689-4691,4654,4656,4689,4691,3,3,"The final synthesis states what the preceding sections establish at the intended level of generality: recurrence of audited profiles, not identity of hidden objects across mathematical domains.","The final synthesis states what the preceding sections establish at the intended level of generality: recurrence of audited profiles, not identity of hidden objects across mathematical domains.",RAW_TEX_ALIGNMENT_ONLY,NO_CLAIM_EQUIVALENCE_CANONICAL_MEMBER_OR_EVIDENCE_INDEPENDENCE_INFERRED
VF-SAU-01-L0395,EQUAL,4657,4692,4657,4657,4692,4692,1,1,,,RAW_TEX_ALIGNMENT_ONLY,NO_CLAIM_EQUIVALENCE_CANONICAL_MEMBER_OR_EVIDENCE_INDEPENDENCE_INFERRED
VF-SAU-01-L0396,INSERT,EMPTY,4693-4694,,,4693,4694,0,2,,\begingroup \hfuzz=150pt,RAW_TEX_ALIGNMENT_ONLY,NO_CLAIM_EQUIVALENCE_CANONICAL_MEMBER_OR_EVIDENCE_INDEPENDENCE_INFERRED
VF-SAU-01-L0397,EQUAL,4658-4659,4695-4696,4658,4659,4695,4696,2,2,\begin{theorem}[SAU synthesis: usefulness through recurring audited profiles] \label{thm:sau-final-synthesis},\begin{theorem}[SAU synthesis: usefulness through recurring audited profiles] \label{thm:sau-final-synthesis},RAW_TEX_ALIGNMENT_ONLY,NO_CLAIM_EQUIVALENCE_CANONICAL_MEMBER_OR_EVIDENCE_INDEPENDENCE_INFERRED
VF-SAU-01-L0398,REPLACE,4660-4668,4697-4708,4660,4668,4697,4708,9,12,"Within the scope of the results developed above, mathematical usefulness is explained by the recurrence of strict audited descent profiles across theory layers. More precisely, whenever a lower problem family \(\mathcal P\) is SAU-covered…","Within the scope of the theorem stack developed in this paper, the usefulness of mathematics is explained by the recurrence of strict audited descent profiles across theory layers. More precisely, whenever a lower problem family \(\mathcal…",RAW_TEX_ALIGNMENT_ONLY,NO_CLAIM_EQUIVALENCE_CANONICAL_MEMBER_OR_EVIDENCE_INDEPENDENCE_INFERRED
VF-SAU-01-L0399,EQUAL,4669-4670,4709-4710,4669,4670,4709,4710,2,2,The resulting explanation is profile-level rather than object-level: mathematical structures become portable because their descent profiles can recur across distinct substrates. \end{theorem},The resulting explanation is profile-level rather than object-level: mathematical structures become portable because their descent profiles can recur across distinct substrates. \end{theorem},RAW_TEX_ALIGNMENT_ONLY,NO_CLAIM_EQUIVALENCE_CANONICAL_MEMBER_OR_EVIDENCE_INDEPENDENCE_INFERRED
VF-SAU-01-L0400,INSERT,EMPTY,4711,,,4711,4711,0,1,,\endgroup,RAW_TEX_ALIGNMENT_ONLY,NO_CLAIM_EQUIVALENCE_CANONICAL_MEMBER_OR_EVIDENCE_INDEPENDENCE_INFERRED
VF-SAU-01-L0401,EQUAL,4671-4672,4712-4713,4671,4672,4712,4713,2,2,\begin{proof},\begin{proof},RAW_TEX_ALIGNMENT_ONLY,NO_CLAIM_EQUIVALENCE_CANONICAL_MEMBER_OR_EVIDENCE_INDEPENDENCE_INFERRED
VF-SAU-01-L0402,REPLACE,4673-4679,4714-4721,4673,4679,4714,4721,7,8,"Coverage supplies a validated profile instance for each problem in the family. For each such instance, the soundness theorem of \Cref{sec:soundness-failure} licenses the accepted usefulness claim from the listed fields, while the transfer…","Coverage supplies a validated profile instance for each problem in the family. For each such instance, the soundness theorem of \Cref{sec:soundness-failure} licenses the accepted usefulness claim from the listed fields. The transfer result…",RAW_TEX_ALIGNMENT_ONLY,NO_CLAIM_EQUIVALENCE_CANONICAL_MEMBER_OR_EVIDENCE_INDEPENDENCE_INFERRED
VF-SAU-01-L0403,EQUAL,4680-4685,4722-4727,4680,4685,4722,4727,6,6,"\end{proof} \[ \fbox{\begin{minipage}{0.9\textwidth} In finite typed audited promoted-use traces, strict mathematical usefulness forces hidden non-descent plus audited boundary descent; the four case studies","\end{proof} \[ \fbox{\begin{minipage}{0.9\textwidth} In finite typed audited promoted-use traces, strict mathematical usefulness forces hidden non-descent plus audited boundary descent; the four case studies",RAW_TEX_ALIGNMENT_ONLY,NO_CLAIM_EQUIVALENCE_CANONICAL_MEMBER_OR_EVIDENCE_INDEPENDENCE_INFERRED
VF-SAU-01-L0404,REPLACE,4686,4728,4686,4686,4728,4728,1,1,instantiate distinct minimal or universal profile types.,instantiate central minimal or universal profile types.,RAW_TEX_ALIGNMENT_ONLY,NO_CLAIM_EQUIVALENCE_CANONICAL_MEMBER_OR_EVIDENCE_INDEPENDENCE_INFERRED
VF-SAU-01-L0405,EQUAL,4687-4689,4729-4731,4687,4689,4729,4731,3,3,\end{minipage}} \],\end{minipage}} \],RAW_TEX_ALIGNMENT_ONLY,NO_CLAIM_EQUIVALENCE_CANONICAL_MEMBER_OR_EVIDENCE_INDEPENDENCE_INFERRED
VF-SAU-01-L0406,REPLACE,4690-4692,4732-4734,4690,4692,4732,4734,3,3,The outlook separates what these results establish from the questions they leave open. \section{Outlook}\label{sec:outlook},The outlook now separates what this theorem stack establishes from the broader programmatic questions it leaves open. \section{Outlook and Contribution}\label{sec:outlook},RAW_TEX_ALIGNMENT_ONLY,NO_CLAIM_EQUIVALENCE_CANONICAL_MEMBER_OR_EVIDENCE_INDEPENDENCE_INFERRED
VF-SAU-01-L0407,EQUAL,4693,4735,4693,4693,4735,4735,1,1,,,RAW_TEX_ALIGNMENT_ONLY,NO_CLAIM_EQUIVALENCE_CANONICAL_MEMBER_OR_EVIDENCE_INDEPENDENCE_INFERRED
VF-SAU-01-L0408,REPLACE,4694,4736,4694,4694,4736,4736,1,1,\subsection{What follows from the results},\subsection{What the paper unlocks},RAW_TEX_ALIGNMENT_ONLY,NO_CLAIM_EQUIVALENCE_CANONICAL_MEMBER_OR_EVIDENCE_INDEPENDENCE_INFERRED
VF-SAU-01-L0409,EQUAL,4695-4696,4737-4738,4695,4696,4737,4738,2,2,\label{subsec:outlook-unlocks},\label{subsec:outlook-unlocks},RAW_TEX_ALIGNMENT_ONLY,NO_CLAIM_EQUIVALENCE_CANONICAL_MEMBER_OR_EVIDENCE_INDEPENDENCE_INFERRED
VF-SAU-01-L0410,REPLACE,4697-4700,4739-4742,4697,4700,4739,4742,4,4,"Within finite typed audited promoted-use traces, the paper supplies a profile-level account of strict mathematical usefulness. What this opens for further work is a disciplined way to ask whether a family of lower problems is covered by re…","Within the scope of finite typed audited promoted-use traces, the paper gives a profile-level explanation of strict mathematical usefulness. What this unlocks for further work is not a catalog of future domains, but a disciplined way to as…",RAW_TEX_ALIGNMENT_ONLY,NO_CLAIM_EQUIVALENCE_CANONICAL_MEMBER_OR_EVIDENCE_INDEPENDENCE_INFERRED
VF-SAU-01-L0411,EQUAL,4701-4710,4743-4752,4701,4710,4743,4752,10,10,\begin{definition}[Explanatory compression] \label{def:sau-explanatory-compression} Suppose a finite registry \(\mathcal R\) SAU-covers a finite problem family \(\mathcal P\). The registry provides \emph{explanatory compression} when many…,\begin{definition}[Explanatory compression] \label{def:sau-explanatory-compression} Suppose a finite registry \(\mathcal R\) SAU-covers a finite problem family \(\mathcal P\). The registry provides \emph{explanatory compression} when many…,RAW_TEX_ALIGNMENT_ONLY,NO_CLAIM_EQUIVALENCE_CANONICAL_MEMBER_OR_EVIDENCE_INDEPENDENCE_INFERRED
VF-SAU-01-L0412,REPLACE,4711-4713,4753-4754,4711,4713,4753,4754,3,2,The point of compression is not that a single profile proves more than it contains; it is that one validated audit shape may organize many lower problems.,The point of compression is not that one profile proves more than it contains. It is that one validated audit shape may organize many lower problems.,RAW_TEX_ALIGNMENT_ONLY,NO_CLAIM_EQUIVALENCE_CANONICAL_MEMBER_OR_EVIDENCE_INDEPENDENCE_INFERRED
VF-SAU-01-L0413,EQUAL,4714-4720,4755-4761,4714,4720,4755,4761,7,7,"\begin{proposition}[Why abstraction helps] \label{prop:sau-why-abstraction-helps} If \(\mathcal R\) SAU-covers \(\mathcal P\) and \(|\mathcal R|<|\mathcal P|\), then the registry gives a compressed explanation of the family-level usefulnes…","\begin{proposition}[Why abstraction helps] \label{prop:sau-why-abstraction-helps} If \(\mathcal R\) SAU-covers \(\mathcal P\) and \(|\mathcal R|<|\mathcal P|\), then the registry gives a compressed explanation of the family-level usefulnes…",RAW_TEX_ALIGNMENT_ONLY,NO_CLAIM_EQUIVALENCE_CANONICAL_MEMBER_OR_EVIDENCE_INDEPENDENCE_INFERRED
VF-SAU-01-L0414,REPLACE,4721-4725,4762-4768,4721,4725,4762,4768,5,7,"The hypothesis gives a validated profile instance in \(\mathcal R\) for every problem in \(\mathcal P\). Since \(|\mathcal R|<|\mathcal P|\), at least one profile skeleton is reused across distinct problem instances, so the explanatory loa…","The hypothesis says that every problem in \(\mathcal P\) has a validated profile instance in the finite registry \(\mathcal R\). When \(|\mathcal R|<|\mathcal P|\), at least one profile skeleton is reused across more than one problem insta…",RAW_TEX_ALIGNMENT_ONLY,NO_CLAIM_EQUIVALENCE_CANONICAL_MEMBER_OR_EVIDENCE_INDEPENDENCE_INFERRED
VF-SAU-01-L0415,EQUAL,4726-4727,4769-4770,4726,4727,4769,4770,2,2,\end{proof},\end{proof},RAW_TEX_ALIGNMENT_ONLY,NO_CLAIM_EQUIVALENCE_CANONICAL_MEMBER_OR_EVIDENCE_INDEPENDENCE_INFERRED
VF-SAU-01-L0416,REPLACE,4728-4730,4771-4772,4728,4730,4771,4772,3,2,This also frames the paper's portability claim: a profile can recur across domains without turning the hidden objects in those domains into the same object.,This also explains the paper's portability claim. A profile can recur across domains without turning the hidden objects in those domains into the same object.,RAW_TEX_ALIGNMENT_ONLY,NO_CLAIM_EQUIVALENCE_CANONICAL_MEMBER_OR_EVIDENCE_INDEPENDENCE_INFERRED
VF-SAU-01-L0417,EQUAL,4731-4742,4773-4784,4731,4742,4773,4784,12,12,\begin{corollary}[Portability without collapse] \label{cor:sau-portability-without-collapse} SAU explains why the same mathematical method can appear in different domains without claiming that the domains are literally the same. What recur…,\begin{corollary}[Portability without collapse] \label{cor:sau-portability-without-collapse} SAU explains why the same mathematical method can appear in different domains without claiming that the domains are literally the same. What recur…,RAW_TEX_ALIGNMENT_ONLY,NO_CLAIM_EQUIVALENCE_CANONICAL_MEMBER_OR_EVIDENCE_INDEPENDENCE_INFERRED
VF-SAU-01-L0418,REPLACE,4743-4745,4785-4789,4743,4745,4785,4789,3,5,"carrier, element, field, algebra, graph, or cochain that realizes it. Recurrence across domains is therefore recurrence of descent profile and audit grammar, not literal identity of substrates or hidden promoted objects.","carrier, element, field, algebra, graph, or cochain that realizes it. Therefore recurrence across domains is recurrence of descent profile and audit grammar, not literal identity of substrates or hidden promoted objects. This corollary is…",RAW_TEX_ALIGNMENT_ONLY,NO_CLAIM_EQUIVALENCE_CANONICAL_MEMBER_OR_EVIDENCE_INDEPENDENCE_INFERRED
VF-SAU-01-L0419,EQUAL,4746-4747,4790-4791,4746,4747,4790,4791,2,2,\end{proof},\end{proof},RAW_TEX_ALIGNMENT_ONLY,NO_CLAIM_EQUIVALENCE_CANONICAL_MEMBER_OR_EVIDENCE_INDEPENDENCE_INFERRED
VF-SAU-01-L0420,REPLACE,4748-4749,4792-4793,4748,4749,4792,4793,2,2,\Cref{tab:risks-mitigation} summarises the main reviewer objections and the body sections where each is addressed.,\Cref{tab:risks-mitigation} summarizes the main reviewer objections and the body sections where the corresponding mitigation is supplied.,RAW_TEX_ALIGNMENT_ONLY,NO_CLAIM_EQUIVALENCE_CANONICAL_MEMBER_OR_EVIDENCE_INDEPENDENCE_INFERRED
VF-SAU-01-L0421,EQUAL,4750-4785,4794-4829,4750,4785,4794,4829,36,36,\begingroup\begin{table}[tbp] \centering \footnotesize \caption{Reviewer objections and mitigation routes.} \label{tab:risks-mitigation} \begin{tabularx}{\textwidth}{@{}>{\raggedright\arraybackslash}p{0.24\textwidth}>{\raggedright\arraybac…,\begingroup\begin{table}[tbp] \centering \footnotesize \caption{Reviewer objections and mitigation routes.} \label{tab:risks-mitigation} \begin{tabularx}{\textwidth}{@{}>{\raggedright\arraybackslash}p{0.24\textwidth}>{\raggedright\arraybac…,RAW_TEX_ALIGNMENT_ONLY,NO_CLAIM_EQUIVALENCE_CANONICAL_MEMBER_OR_EVIDENCE_INDEPENDENCE_INFERRED
VF-SAU-01-L0422,REPLACE,4786,4830-4832,4786,4786,4830,4832,1,3,\subsection{Summary and limits},The next subsection states the contribution and limits in prose. \subsection{Contribution statement and limits},RAW_TEX_ALIGNMENT_ONLY,NO_CLAIM_EQUIVALENCE_CANONICAL_MEMBER_OR_EVIDENCE_INDEPENDENCE_INFERRED
VF-SAU-01-L0423,EQUAL,4787-4788,4833-4834,4787,4788,4833,4834,2,2,\label{subsec:outlook-contribution-limits},\label{subsec:outlook-contribution-limits},RAW_TEX_ALIGNMENT_ONLY,NO_CLAIM_EQUIVALENCE_CANONICAL_MEMBER_OR_EVIDENCE_INDEPENDENCE_INFERRED
VF-SAU-01-L0424,REPLACE,4789-4799,4835-4844,4789,4799,4835,4844,11,10,"The results give a theorem-grade normal form for strict mathematical usefulness in finite typed audited promoted-use traces: when a saturated lower problem is solved or certified by essentially using promoted-only structure, the trace forc…","The contribution is a theorem-grade normal form for strict mathematical usefulness in finite typed audited promoted-use traces. When a saturated lower problem is solved or certified by essentially using promoted-only structure, the trace f…",RAW_TEX_ALIGNMENT_ONLY,NO_CLAIM_EQUIVALENCE_CANONICAL_MEMBER_OR_EVIDENCE_INDEPENDENCE_INFERRED
VF-SAU-01-L0425,EQUAL,4800,4845,4800,4800,4845,4845,1,1,,,RAW_TEX_ALIGNMENT_ONLY,NO_CLAIM_EQUIVALENCE_CANONICAL_MEMBER_OR_EVIDENCE_INDEPENDENCE_INFERRED
VF-SAU-01-L0426,REPLACE,4801-4813,4846-4854,4801,4813,4846,4854,13,9,"The scope is bounded. We address strict useful promoted-use traces, not mathematics in general; not every promoted extension is useful, and the four canonical witnesses are not an exhaustive classification of useful structures. We do not c…","The paper does not claim that all mathematics is useful, that every promoted extension is useful, or that every useful structure has been classified. It does not claim novelty for the classical constructions themselves, and it does not cla…",RAW_TEX_ALIGNMENT_ONLY,NO_CLAIM_EQUIVALENCE_CANONICAL_MEMBER_OR_EVIDENCE_INDEPENDENCE_INFERRED
VF-SAU-01-L0427,EQUAL,4814,4855,4814,4814,4855,4855,1,1,,,RAW_TEX_ALIGNMENT_ONLY,NO_CLAIM_EQUIVALENCE_CANONICAL_MEMBER_OR_EVIDENCE_INDEPENDENCE_INFERRED
VF-SAU-01-L0428,INSERT,EMPTY,4856,,,4856,4856,0,1,,The final assertion is therefore deliberately scoped:,RAW_TEX_ALIGNMENT_ONLY,NO_CLAIM_EQUIVALENCE_CANONICAL_MEMBER_OR_EVIDENCE_INDEPENDENCE_INFERRED
VF-SAU-01-L0429,EQUAL,4815-4816,4857-4858,4815,4816,4857,4858,2,2,\[ \boxed{\parbox{0.86\textwidth}{\centering,\[ \boxed{\parbox{0.86\textwidth}{\centering,RAW_TEX_ALIGNMENT_ONLY,NO_CLAIM_EQUIVALENCE_CANONICAL_MEMBER_OR_EVIDENCE_INDEPENDENCE_INFERRED
VF-SAU-01-L0430,REPLACE,4817-4818,4859-4860,4817,4818,4859,4860,2,2,"Within finite typed audited promoted-use traces, strict mathematical usefulness forces hidden non-descent paired with audited boundary descent.}}","Within finite typed audited promoted-use traces, strict mathematical usefulness forces hidden non-descent plus audited boundary descent.}}",RAW_TEX_ALIGNMENT_ONLY,NO_CLAIM_EQUIVALENCE_CANONICAL_MEMBER_OR_EVIDENCE_INDEPENDENCE_INFERRED
VF-SAU-01-L0431,EQUAL,4819-4906,4861-4948,4819,4906,4861,4948,88,88,\] \appendix \section{Definition Bank}\label{app:definitions} \subsection{Basic vocabulary} \label{appsubsec:definitions-basic-vocabulary} This appendix collects canonical formal statements for definitions that the body uses but chooses to…,\] \appendix \section{Definition Bank}\label{app:definitions} \subsection{Basic vocabulary} \label{appsubsec:definitions-basic-vocabulary} This appendix collects canonical formal statements for definitions that the body uses but chooses to…,RAW_TEX_ALIGNMENT_ONLY,NO_CLAIM_EQUIVALENCE_CANONICAL_MEMBER_OR_EVIDENCE_INDEPENDENCE_INFERRED
VF-SAU-01-L0432,REPLACE,4907-4915,4949-4961,4907,4915,4949,4961,9,13,"Throughout this paper the six primitive role labels, imported from Foundations~I \citeFoundationsI, are used with the following fixed meanings: \begin{align*} P_1 &= \text{descent/closure/rewrite/transport of content},\\ P_2 &= \text{repre…","Throughout this paper the six primitive role labels are used with the following fixed meanings: \[ P_1=\text{descent/closure/rewrite/transport of content},\qquad P_2=\text{representability/gating/admissibility}, \] \[ P_3=\text{route misma…",RAW_TEX_ALIGNMENT_ONLY,NO_CLAIM_EQUIVALENCE_CANONICAL_MEMBER_OR_EVIDENCE_INDEPENDENCE_INFERRED
VF-SAU-01-L0433,EQUAL,4916-4933,4962-4979,4916,4933,4962,4979,18,18,"A role label is not a total algebraic generator. It is a typed channel whose activation requires role-aligned witness data, threshold data, level data, visibility data, audit data, and an explicit nonclaim record. \end{definition} The usef…","A role label is not a total algebraic generator. It is a typed channel whose activation requires role-aligned witness data, threshold data, level data, visibility data, audit data, and an explicit nonclaim record. \end{definition} The usef…",RAW_TEX_ALIGNMENT_ONLY,NO_CLAIM_EQUIVALENCE_CANONICAL_MEMBER_OR_EVIDENCE_INDEPENDENCE_INFERRED
VF-SAU-01-L0434,REPLACE,4934,4980,4934,4934,4980,4980,1,1,"The claim means: the promoted layer solves, decides, or certifies the lower problem through an audited descending output that the saturated lower interface could not provide. It does not mean that the hidden promoted structure itself is lo…","The claim means: the promoted layer solves, decides, or certifies the lower problem through an audited descending output that the saturated lower interface could not provide. It does not mean that the hidden promoted structure itself belon…",RAW_TEX_ALIGNMENT_ONLY,NO_CLAIM_EQUIVALENCE_CANONICAL_MEMBER_OR_EVIDENCE_INDEPENDENCE_INFERRED
VF-SAU-01-L0435,EQUAL,4935-4992,4981-5038,4935,4992,4981,5038,58,58,\end{definition} The exact-six variant strengthens the body certificate by requiring all six role channels to carry active projected witness data. \begin{definition}[Exact-six SAU certificate] \label{def:sau-exact-six} An SAU certificate i…,\end{definition} The exact-six variant strengthens the body certificate by requiring all six role channels to carry active projected witness data. \begin{definition}[Exact-six SAU certificate] \label{def:sau-exact-six} An SAU certificate i…,RAW_TEX_ALIGNMENT_ONLY,NO_CLAIM_EQUIVALENCE_CANONICAL_MEMBER_OR_EVIDENCE_INDEPENDENCE_INFERRED
VF-SAU-01-L0436,REPLACE,4993,5039,4993,4993,5039,5039,1,1,[\varepsilon]f(x+\varepsilon)=f'(x).,[\varepsilon]f(x+\varepsilon)=f''(x).,RAW_TEX_ALIGNMENT_ONLY,NO_CLAIM_EQUIVALENCE_CANONICAL_MEMBER_OR_EVIDENCE_INDEPENDENCE_INFERRED
VF-SAU-01-L0437,EQUAL,4994-5097,5040-5143,4994,5097,5040,5143,104,104,\] \end{definition} The invariant profile records descent through fixed or symmetric expressions rather than through individual promoted objects. \begin{definition}[Invariant-descent profile] \label{def:sau-invariant-profile} A bridge has…,\] \end{definition} The invariant profile records descent through fixed or symmetric expressions rather than through individual promoted objects. \begin{definition}[Invariant-descent profile] \label{def:sau-invariant-profile} A bridge has…,RAW_TEX_ALIGNMENT_ONLY,NO_CLAIM_EQUIVALENCE_CANONICAL_MEMBER_OR_EVIDENCE_INDEPENDENCE_INFERRED
VF-SAU-01-L0438,DELETE,5098-5107,EMPTY,5098,5107,,,10,0,\begin{remark}[What is saturated] \label{rem:imag-what-saturated} The saturated profile is not the ability to perform reversal. The lower layer already has reversal \(F\). What is saturated is the ability to represent a same-layer half-ste…,,RAW_TEX_ALIGNMENT_ONLY,NO_CLAIM_EQUIVALENCE_CANONICAL_MEMBER_OR_EVIDENCE_INDEPENDENCE_INFERRED
VF-SAU-01-L0439,EQUAL,5108-5164,5144-5200,5108,5164,5144,5200,57,57,"For the lower shadow carrier \(Y=\{-1,0,1\}\), write an endomorphism \(H:Y\to Y\) as the triple \[ (H(-1),H(0),H(1)). \] The reversal \(F(y)=-y\) has triple \((1,0,-1)\). The following table lists all \(3^3=27\) endomorphisms of \(Y\) and…","For the lower shadow carrier \(Y=\{-1,0,1\}\), write an endomorphism \(H:Y\to Y\) as the triple \[ (H(-1),H(0),H(1)). \] The reversal \(F(y)=-y\) has triple \((1,0,-1)\). The following table lists all \(3^3=27\) endomorphisms of \(Y\) and…",RAW_TEX_ALIGNMENT_ONLY,NO_CLAIM_EQUIVALENCE_CANONICAL_MEMBER_OR_EVIDENCE_INDEPENDENCE_INFERRED
VF-SAU-01-L0440,DELETE,5165-5169,EMPTY,5165,5169,,,5,0,"\begin{remark}[Minimality is cardinal, not ontological] \label{rem:imag-minimality-scope} Proposition~\ref{prop:imag-cardinal-minimality} proves cardinal minimality of a strict finite carrier over the declared shadow \(Y\). It does not cla…",,RAW_TEX_ALIGNMENT_ONLY,NO_CLAIM_EQUIVALENCE_CANONICAL_MEMBER_OR_EVIDENCE_INDEPENDENCE_INFERRED
VF-SAU-01-L0441,EQUAL,5170-5188,5201-5219,5170,5188,5201,5219,19,19,\begin{lemma}[Even-dimensional obstruction] \label{lem:imag-even-dimensional-obstruction} Let \(V\) be a nonzero finite-dimensional real vector space and let \(J:V\to V\) be a real linear map satisfying \[ J^2=-I. \] Then \[ \dim_{\mathbb…,\begin{lemma}[Even-dimensional obstruction] \label{lem:imag-even-dimensional-obstruction} Let \(V\) be a nonzero finite-dimensional real vector space and let \(J:V\to V\) be a real linear map satisfying \[ J^2=-I. \] Then \[ \dim_{\mathbb…,RAW_TEX_ALIGNMENT_ONLY,NO_CLAIM_EQUIVALENCE_CANONICAL_MEMBER_OR_EVIDENCE_INDEPENDENCE_INFERRED
VF-SAU-01-L0442,REPLACE,5189,5220-5221,5189,5189,5220,5221,1,2,the dimension is even.,the dimension is even. This lemma is tracked by the formalization harness as a projection over the finite-dimensional closure schema.,RAW_TEX_ALIGNMENT_ONLY,NO_CLAIM_EQUIVALENCE_CANONICAL_MEMBER_OR_EVIDENCE_INDEPENDENCE_INFERRED
VF-SAU-01-L0443,EQUAL,5190-5211,5222-5243,5190,5211,5222,5243,22,22,"\end{proof} \begin{lemma}[Minimal two-dimensional normal form] \label{lem:imag-two-dimensional-normal-form} Let \(V\) be a two-dimensional real vector space and let \(J:V\to V\) satisfy \(J^2=-I\). For any nonzero \(e\in V\), the ordered p…","\end{proof} \begin{lemma}[Minimal two-dimensional normal form] \label{lem:imag-two-dimensional-normal-form} Let \(V\) be a two-dimensional real vector space and let \(J:V\to V\) satisfy \(J^2=-I\). For any nonzero \(e\in V\), the ordered p…",RAW_TEX_ALIGNMENT_ONLY,NO_CLAIM_EQUIVALENCE_CANONICAL_MEMBER_OR_EVIDENCE_INDEPENDENCE_INFERRED
VF-SAU-01-L0444,REPLACE,5212,5244-5246,5212,5212,5244,5246,1,3,"\(J(Je)=-e\) gives the second column \((-1,0)^T\).","\(J(Je)=-e\) gives the second column \((-1,0)^T\). This is the displayed matrix. The statement is tracked by the formalization harness as a projection over the two-dimensional normal-form schema.",RAW_TEX_ALIGNMENT_ONLY,NO_CLAIM_EQUIVALENCE_CANONICAL_MEMBER_OR_EVIDENCE_INDEPENDENCE_INFERRED
VF-SAU-01-L0445,EQUAL,5213,5247,5213,5213,5247,5247,1,1,\end{proof},\end{proof},RAW_TEX_ALIGNMENT_ONLY,NO_CLAIM_EQUIVALENCE_CANONICAL_MEMBER_OR_EVIDENCE_INDEPENDENCE_INFERRED
VF-SAU-01-L0446,DELETE,5214-5218,EMPTY,5214,5218,,,5,0,\begin{remark}[Finite skeleton versus continuous completion] \label{rem:imag-skeleton-completion} The finite theorem says that a strict hidden half-step of real reversal requires a four-state phase carrier. The linear theorem says that if…,,RAW_TEX_ALIGNMENT_ONLY,NO_CLAIM_EQUIVALENCE_CANONICAL_MEMBER_OR_EVIDENCE_INDEPENDENCE_INFERRED
VF-SAU-01-L0447,EQUAL,5219-5241,5248-5270,5219,5241,5248,5270,23,23,"\begin{proposition}[Linear audit channels] \label{prop:imag-linear-audit-channels} In the real-linear completion \(\mathbb R[J]\cong\mathbb C\), define conjugation by \[ \overline{aI+bJ}=aI-bJ. \] Then the fixed layer of conjugation is exa…","\begin{proposition}[Linear audit channels] \label{prop:imag-linear-audit-channels} In the real-linear completion \(\mathbb R[J]\cong\mathbb C\), define conjugation by \[ \overline{aI+bJ}=aI-bJ. \] Then the fixed layer of conjugation is exa…",RAW_TEX_ALIGNMENT_ONLY,NO_CLAIM_EQUIVALENCE_CANONICAL_MEMBER_OR_EVIDENCE_INDEPENDENCE_INFERRED
VF-SAU-01-L0448,REPLACE,5242,5271-5272,5242,5242,5271,5272,1,2,\((a^2+b^2)I\).,\((a^2+b^2)I\). This proposition is tracked by the formalization harness as a projection over the linear audit-channel schema.,RAW_TEX_ALIGNMENT_ONLY,NO_CLAIM_EQUIVALENCE_CANONICAL_MEMBER_OR_EVIDENCE_INDEPENDENCE_INFERRED
VF-SAU-01-L0449,EQUAL,5243-5250,5273-5280,5243,5250,5273,5280,8,8,"\end{proof} \begin{proposition}[Exact-six role witnesses for the imaginary-number bridge] \label{prop:imag-exact-six-witnesses} The bridge \(B_{\Imag}\) carries role-aligned witnesses for all six Six Birds channels: \[ (W_1,W_2,W_3,W_4,W_5…","\end{proof} \begin{proposition}[Exact-six role witnesses for the imaginary-number bridge] \label{prop:imag-exact-six-witnesses} The bridge \(B_{\Imag}\) carries role-aligned witnesses for all six Six Birds channels: \[ (W_1,W_2,W_3,W_4,W_5…",RAW_TEX_ALIGNMENT_ONLY,NO_CLAIM_EQUIVALENCE_CANONICAL_MEMBER_OR_EVIDENCE_INDEPENDENCE_INFERRED
VF-SAU-01-L0450,REPLACE,5251-5257,5281,5251,5257,5281,5281,7,1,"Read as an inherited channel description \(D_{\Imag}\), these witnesses satisfy \[ \operatorname{Status}_i(D_{\Imag})=\texttt{active\_projection} \quad\text{and have active projections}\quad \pi_i(D_{\Imag}) \] for \(i=1,\ldots,6\).","Read as an inherited channel description \(D_{\Imag}\), these witnesses give \(\operatorname{Status}_i(D_{\Imag})=\texttt{active\_projection}\) and active projections \(\pi_i(D_{\Imag})\) for \(i=1,\ldots,6\).",RAW_TEX_ALIGNMENT_ONLY,NO_CLAIM_EQUIVALENCE_CANONICAL_MEMBER_OR_EVIDENCE_INDEPENDENCE_INFERRED
VF-SAU-01-L0451,EQUAL,5258-5259,5282-5283,5258,5259,5282,5283,2,2,They may be chosen as follows: \begin{center},They may be chosen as follows: \begin{center},RAW_TEX_ALIGNMENT_ONLY,NO_CLAIM_EQUIVALENCE_CANONICAL_MEMBER_OR_EVIDENCE_INDEPENDENCE_INFERRED
VF-SAU-01-L0452,REPLACE,5260-5262,5284,5260,5262,5284,5284,3,1,\small \begin{tabularx}{\textwidth}{@{}>{\raggedright\arraybackslash}p{0.10\textwidth}>{\raggedright\arraybackslash}p{0.28\textwidth}>{\raggedright\arraybackslash}X@{}} \toprule,\begin{tabular}{lll},RAW_TEX_ALIGNMENT_ONLY,NO_CLAIM_EQUIVALENCE_CANONICAL_MEMBER_OR_EVIDENCE_INDEPENDENCE_INFERRED
VF-SAU-01-L0453,EQUAL,5263,5285,5263,5263,5285,5285,1,1,Role & Witness & Mathematical certificate \\,Role & Witness & Mathematical certificate \\,RAW_TEX_ALIGNMENT_ONLY,NO_CLAIM_EQUIVALENCE_CANONICAL_MEMBER_OR_EVIDENCE_INDEPENDENCE_INFERRED
VF-SAU-01-L0454,REPLACE,5264-5272,5286-5293,5264,5272,5286,5293,9,8,"\midrule \(P_1\) & Descent obstruction and recovery & \(G\not\downarrow_q\), but \(qG^2=Fq\). \\ \(P_2\) & Representability & No \(H:Y\to Y\) has \(H^2=F\); \(G^2\) exists upstairs. \\ \(P_3\) & Route/coherence mismatch & \(i\) and \(-i\)…","\hline \(P_1\) & descent obstruction and recovery & \(G\not\downarrow_q\), but \(qG^2=Fq\) \\ \(P_2\) & representability & no \(H:Y\to Y\) has \(H^2=F\); \(G^2\) does upstairs \\ \(P_3\) & route/coherence mismatch & \(i\) and \(-i\) are co…",RAW_TEX_ALIGNMENT_ONLY,NO_CLAIM_EQUIVALENCE_CANONICAL_MEMBER_OR_EVIDENCE_INDEPENDENCE_INFERRED
VF-SAU-01-L0455,EQUAL,5273-5280,5294-5301,5273,5280,5294,5301,8,8,\end{center} Thus the imaginary-number case is not merely an algebraic extension; it is an exact-six phase-root profile. \end{proposition} \begin{proof} Each role is inherited from the already established imaginary-case components: the low…,\end{center} Thus the imaginary-number case is not merely an algebraic extension; it is an exact-six phase-root profile. \end{proposition} \begin{proof} Each role is inherited from the already established imaginary-case components: the low…,RAW_TEX_ALIGNMENT_ONLY,NO_CLAIM_EQUIVALENCE_CANONICAL_MEMBER_OR_EVIDENCE_INDEPENDENCE_INFERRED
VF-SAU-01-L0456,INSERT,EMPTY,5302-5303,,,5302,5303,0,2,,The proposition is tracked by the formalization harness as a projection over these role-aligned record fields.,RAW_TEX_ALIGNMENT_ONLY,NO_CLAIM_EQUIVALENCE_CANONICAL_MEMBER_OR_EVIDENCE_INDEPENDENCE_INFERRED
VF-SAU-01-L0457,EQUAL,5281-5289,5304-5312,5281,5289,5304,5312,9,9,\end{proof} \subsection{Calculus-case deferred details} \label{appsubsec:methods-calculus} The calculus body proves the polynomial dual-number core and defers the smooth germ quotient to this appendix. The point is classical: first jets at…,\end{proof} \subsection{Calculus-case deferred details} \label{appsubsec:methods-calculus} The calculus body proves the polynomial dual-number core and defers the smooth germ quotient to this appendix. The point is classical: first jets at…,RAW_TEX_ALIGNMENT_ONLY,NO_CLAIM_EQUIVALENCE_CANONICAL_MEMBER_OR_EVIDENCE_INDEPENDENCE_INFERRED
VF-SAU-01-L0458,DELETE,5290-5304,EMPTY,5290,5304,,,15,0,\begin{remark}[What is saturated] \label{rem:jet-what-is-saturated} The saturated layer is not all of real analysis. The saturated layer is the fixed value-only interface \(\ev_x\). Ordinary limit definitions use a richer neighborhood inte…,,RAW_TEX_ALIGNMENT_ONLY,NO_CLAIM_EQUIVALENCE_CANONICAL_MEMBER_OR_EVIDENCE_INDEPENDENCE_INFERRED
VF-SAU-01-L0459,EQUAL,5305-5317,5313-5325,5305,5317,5313,5325,13,13,"\begin{proposition}[Smooth first-jet quotient] \label{prop:jet-smooth-first-jet-quotient} Let \(C^\infty_x\) denote the local algebra of smooth germs at \(x\), and let \[ \mathfrak m_x=\{f\in C^\infty_x:f(x)=0\} \] be the maximal ideal of…","\begin{proposition}[Smooth first-jet quotient] \label{prop:jet-smooth-first-jet-quotient} Let \(C^\infty_x\) denote the local algebra of smooth germs at \(x\), and let \[ \mathfrak m_x=\{f\in C^\infty_x:f(x)=0\} \] be the maximal ideal of…",RAW_TEX_ALIGNMENT_ONLY,NO_CLAIM_EQUIVALENCE_CANONICAL_MEMBER_OR_EVIDENCE_INDEPENDENCE_INFERRED
VF-SAU-01-L0460,REPLACE,5318,5326,5318,5318,5326,5326,1,1,[f]\longmapsto f(x)+f'(x)\varepsilon.,[f]\longmapsto f(x)+f''(x)\varepsilon.,RAW_TEX_ALIGNMENT_ONLY,NO_CLAIM_EQUIVALENCE_CANONICAL_MEMBER_OR_EVIDENCE_INDEPENDENCE_INFERRED
VF-SAU-01-L0461,EQUAL,5319-5332,5327-5340,5319,5332,5327,5340,14,14,"\] \end{proposition} \begin{proof} For the standard smooth first-jet quotient, Taylor expansion at \(x\) gives \[ f(t)=f(x)+f'(x)(t-x)+r_f(t), \] where \(r_f\in\mathfrak m_x^2\). Hence the quotient \(C^\infty_x/\mathfrak m_x^2\) is generat…","\] \end{proposition} \begin{proof} For the standard smooth first-jet quotient, Taylor expansion at \(x\) gives \[ f(t)=f(x)+f'(x)(t-x)+r_f(t), \] where \(r_f\in\mathfrak m_x^2\). Hence the quotient \(C^\infty_x/\mathfrak m_x^2\) is generat…",RAW_TEX_ALIGNMENT_ONLY,NO_CLAIM_EQUIVALENCE_CANONICAL_MEMBER_OR_EVIDENCE_INDEPENDENCE_INFERRED
VF-SAU-01-L0462,REPLACE,5333-5334,5341-5347,5333,5334,5341,5347,2,7,Sending \([t-x]\mapsto\varepsilon\) gives the real-algebra isomorphism \(J_x^1\cong\Dual\).,Sending \([t-x]\) to \(\varepsilon\) gives the real-algebra isomorphism with \(\Dual=\mathbb R[\varepsilon]/(\varepsilon^2)\). The canonical statement currently records the coefficient as \(f''(x)\); the paper-side proof here establishes t…,RAW_TEX_ALIGNMENT_ONLY,NO_CLAIM_EQUIVALENCE_CANONICAL_MEMBER_OR_EVIDENCE_INDEPENDENCE_INFERRED
VF-SAU-01-L0463,EQUAL,5335,5348,5335,5335,5348,5348,1,1,\end{proof},\end{proof},RAW_TEX_ALIGNMENT_ONLY,NO_CLAIM_EQUIVALENCE_CANONICAL_MEMBER_OR_EVIDENCE_INDEPENDENCE_INFERRED
VF-SAU-01-L0464,DELETE,5336-5340,EMPTY,5336,5340,,,5,0,"\begin{remark}[Polynomial core, smooth extension] \label{rem:jet-polynomial-core-smooth-extension} The polynomial statements above give the exact algebraic core. Proposition~\ref{prop:jet-smooth-first-jet-quotient} explains why the same pa…",,RAW_TEX_ALIGNMENT_ONLY,NO_CLAIM_EQUIVALENCE_CANONICAL_MEMBER_OR_EVIDENCE_INDEPENDENCE_INFERRED
VF-SAU-01-L0465,EQUAL,5341-5355,5349-5363,5341,5355,5349,5363,15,15,The product and chain rule statements in the body are the two principal coefficient audits extracted from this first-order quotient. \begin{corollary}[First-order rules descend] \label{cor:jet-rules-descend} The product and chain rules are…,The product and chain rule statements in the body are the two principal coefficient audits extracted from this first-order quotient. \begin{corollary}[First-order rules descend] \label{cor:jet-rules-descend} The product and chain rules are…,RAW_TEX_ALIGNMENT_ONLY,NO_CLAIM_EQUIVALENCE_CANONICAL_MEMBER_OR_EVIDENCE_INDEPENDENCE_INFERRED
VF-SAU-01-L0466,REPLACE,5356-5358,5364-5367,5356,5358,5364,5367,3,4,"\(\varepsilon^2\); the coefficient of \(\varepsilon\) in a product gives the product rule, and the coefficient of \(\varepsilon\) in a substitution gives the chain rule.","\(\varepsilon^2\). Thus the coefficient of \(\varepsilon\) in a product gives the product rule, and the coefficient of \(\varepsilon\) in a substitution gives the chain rule. This corollary is tracked by the formalization harness as a proj…",RAW_TEX_ALIGNMENT_ONLY,NO_CLAIM_EQUIVALENCE_CANONICAL_MEMBER_OR_EVIDENCE_INDEPENDENCE_INFERRED
VF-SAU-01-L0467,EQUAL,5359-5363,5368-5372,5359,5363,5368,5372,5,5,\end{proof} The final appendix-only calculus corollary records the usefulness claim in the language of coefficient descent and no-overreading.,\end{proof} The final appendix-only calculus corollary records the usefulness claim in the language of coefficient descent and no-overreading.,RAW_TEX_ALIGNMENT_ONLY,NO_CLAIM_EQUIVALENCE_CANONICAL_MEMBER_OR_EVIDENCE_INDEPENDENCE_INFERRED
VF-SAU-01-L0468,DELETE,5364-5372,EMPTY,5364,5372,,,9,0,\begin{remark}[The descent claim] \label{rem:jet-descent-claim} The dual-number value \(f(x+\varepsilon)\) is not claimed to be an ordinary real value. The lower-layer accepted answer is the audited real coefficient \[ [\varepsilon]f(x+\va…,,RAW_TEX_ALIGNMENT_ONLY,NO_CLAIM_EQUIVALENCE_CANONICAL_MEMBER_OR_EVIDENCE_INDEPENDENCE_INFERRED
VF-SAU-01-L0469,EQUAL,5373-5376,5373-5376,5373,5376,5373,5376,4,4,\begin{corollary}[Calculus as coefficient-descent usefulness] \label{cor:jet-coefficient-descent-usefulness} The dual-number promotion is strictly useful for first-order differentiation at a point. It supplies an accepted lower-layer answe…,\begin{corollary}[Calculus as coefficient-descent usefulness] \label{cor:jet-coefficient-descent-usefulness} The dual-number promotion is strictly useful for first-order differentiation at a point. It supplies an accepted lower-layer answe…,RAW_TEX_ALIGNMENT_ONLY,NO_CLAIM_EQUIVALENCE_CANONICAL_MEMBER_OR_EVIDENCE_INDEPENDENCE_INFERRED
VF-SAU-01-L0470,REPLACE,5377,5377,5377,5377,5377,5377,1,1,"[\varepsilon]f(x+\varepsilon)=f'(x),","[\varepsilon]f(x+\varepsilon)=f''(x),",RAW_TEX_ALIGNMENT_ONLY,NO_CLAIM_EQUIVALENCE_CANONICAL_MEMBER_OR_EVIDENCE_INDEPENDENCE_INFERRED
VF-SAU-01-L0471,EQUAL,5378-5382,5378-5382,5378,5382,5378,5382,5,5,\] not the promoted infinitesimal \(\varepsilon\) itself. \end{corollary} \begin{proof},\] not the promoted infinitesimal \(\varepsilon\) itself. \end{corollary} \begin{proof},RAW_TEX_ALIGNMENT_ONLY,NO_CLAIM_EQUIVALENCE_CANONICAL_MEMBER_OR_EVIDENCE_INDEPENDENCE_INFERRED
VF-SAU-01-L0472,REPLACE,5383-5386,5383-5388,5383,5386,5383,5388,4,6,This is the projection-level packaging of the calculus case: lower saturation is the value-only obstruction; strictness and non-descent come from the first-jet interface and \(\varepsilon\notin\mathbb R\); and the accepted lower answer is…,"This is the projection-level packaging of the calculus case: lower saturation is the value-only obstruction, strictness and non-descent come from the first-jet interface and \(\varepsilon\notin\mathbb R\), and the accepted lower answer is…",RAW_TEX_ALIGNMENT_ONLY,NO_CLAIM_EQUIVALENCE_CANONICAL_MEMBER_OR_EVIDENCE_INDEPENDENCE_INFERRED
VF-SAU-01-L0473,EQUAL,5387-5391,5389-5393,5387,5391,5389,5393,5,5,\end{proof} \subsection{Galois and cohomology deferred details} \label{appsubsec:methods-galois-cohomology},\end{proof} \subsection{Galois and cohomology deferred details} \label{appsubsec:methods-galois-cohomology},RAW_TEX_ALIGNMENT_ONLY,NO_CLAIM_EQUIVALENCE_CANONICAL_MEMBER_OR_EVIDENCE_INDEPENDENCE_INFERRED
VF-SAU-01-L0474,REPLACE,5392-5400,5394-5398,5392,5400,5394,5398,9,5,The Galois and cohomology case sections state the main classical facts in the body and defer only compact profile-level corollaries and examples here. The mathematical substance is standard Galois theory and standard finite-graph cohomolog…,The Galois and cohomology case sections state the main classical facts in the body and defer only compact profile-level corollaries and examples here. The mathematical substance is standard Galois theory and standard finite graph cohomolog…,RAW_TEX_ALIGNMENT_ONLY,NO_CLAIM_EQUIVALENCE_CANONICAL_MEMBER_OR_EVIDENCE_INDEPENDENCE_INFERRED
VF-SAU-01-L0475,EQUAL,5401-5444,5399-5442,5401,5444,5399,5442,44,44,"\begin{corollary}[Invariant-descent profile] \label{cor:gal-invariant-profile} The Galois package has invariant-descent profile: \[ \alpha\not\downarrow_{\mathcal T_0}, \qquad C(\alpha)\downarrow_{B_{\Galois}} K \] whenever \(C(\alpha)\) i…","\begin{corollary}[Invariant-descent profile] \label{cor:gal-invariant-profile} The Galois package has invariant-descent profile: \[ \alpha\not\downarrow_{\mathcal T_0}, \qquad C(\alpha)\downarrow_{B_{\Galois}} K \] whenever \(C(\alpha)\) i…",RAW_TEX_ALIGNMENT_ONLY,NO_CLAIM_EQUIVALENCE_CANONICAL_MEMBER_OR_EVIDENCE_INDEPENDENCE_INFERRED
VF-SAU-01-L0476,REPLACE,5445-5447,5443-5445,5445,5447,5443,5445,3,3,"Take \(K=\mathbb Q\) and \(L=\mathbb Q(\sqrt2)\). The polynomial \(t^2-2\) is irreducible over \(\mathbb Q\), so \(\sqrt2\notin\mathbb Q\). The nontrivial conjugation sends \(\sqrt2\mapsto-\sqrt2\), and the displayed","Take \(K=\mathbb Q\) and \(L=\mathbb Q(\sqrt2)\). The polynomial \(t^2-2\) is irreducible over \(\mathbb Q\), so \(\sqrt2\notin\mathbb Q\). The nontrivial conjugation sends \(\sqrt2\) to \(-\sqrt2\), and the displayed",RAW_TEX_ALIGNMENT_ONLY,NO_CLAIM_EQUIVALENCE_CANONICAL_MEMBER_OR_EVIDENCE_INDEPENDENCE_INFERRED
VF-SAU-01-L0477,EQUAL,5448,5446,5448,5448,5446,5446,1,1,"trace, norm, and orbit polynomial are the corresponding symmetric invariant","trace, norm, and orbit polynomial are the corresponding symmetric invariant",RAW_TEX_ALIGNMENT_ONLY,NO_CLAIM_EQUIVALENCE_CANONICAL_MEMBER_OR_EVIDENCE_INDEPENDENCE_INFERRED
VF-SAU-01-L0478,REPLACE,5449,5447-5448,5449,5449,5447,5448,1,2,audits.,audits. This proposition is tracked by the formalization harness as a projection over the quadratic Galois example record.,RAW_TEX_ALIGNMENT_ONLY,NO_CLAIM_EQUIVALENCE_CANONICAL_MEMBER_OR_EVIDENCE_INDEPENDENCE_INFERRED
VF-SAU-01-L0479,EQUAL,5450-5453,5449-5452,5450,5453,5449,5452,4,4,"\end{proof} For graph cohomology, the deferred facts are the period-audit decision rule and the two elementary examples promised in \Cref{sec:cohomology}.","\end{proof} For graph cohomology, the deferred facts are the period-audit decision rule and the two elementary examples promised in \Cref{sec:cohomology}.",RAW_TEX_ALIGNMENT_ONLY,NO_CLAIM_EQUIVALENCE_CANONICAL_MEMBER_OR_EVIDENCE_INDEPENDENCE_INFERRED
VF-SAU-01-L0480,DELETE,5454-5458,EMPTY,5454,5458,,,5,0,\begin{remark}[What is local and what is global] \label{rem:coh-local-global} An edge assignment \(a\in C^1(\Gamma;k)\) is local data. A potential \(\phi\in C^0(\Gamma;k)\) is global data whose edge differences reproduce \(a\). The lower d…,,RAW_TEX_ALIGNMENT_ONLY,NO_CLAIM_EQUIVALENCE_CANONICAL_MEMBER_OR_EVIDENCE_INDEPENDENCE_INFERRED
VF-SAU-01-L0481,EQUAL,5459-5471,5453-5465,5459,5471,5453,5465,13,13,"\begin{corollary}[Period audit decides lower descent] \label{cor:coh-period-audit-decides} For a finite connected graph, \[ a\in\im d_0 \quad\Longleftrightarrow\quad \Per(a)=0. \] Thus the period audit is a complete lower-visible test for…","\begin{corollary}[Period audit decides lower descent] \label{cor:coh-period-audit-decides} For a finite connected graph, \[ a\in\im d_0 \quad\Longleftrightarrow\quad \Per(a)=0. \] Thus the period audit is a complete lower-visible test for…",RAW_TEX_ALIGNMENT_ONLY,NO_CLAIM_EQUIVALENCE_CANONICAL_MEMBER_OR_EVIDENCE_INDEPENDENCE_INFERRED
VF-SAU-01-L0482,REPLACE,5472-5474,5466-5470,5472,5474,5466,5470,3,5,"This is the period-exactness criterion for finite graphs: exact edge data have zero cycle periods, and if all periods vanish, path integration from a base vertex defines a global potential whose coboundary is \(a\).","This is the period-exactness criterion for finite graphs: exact edge data have zero cycle periods, and if all periods vanish, path integration from a base vertex defines a global potential whose coboundary is \(a\). The corollary is tracke…",RAW_TEX_ALIGNMENT_ONLY,NO_CLAIM_EQUIVALENCE_CANONICAL_MEMBER_OR_EVIDENCE_INDEPENDENCE_INFERRED
VF-SAU-01-L0483,EQUAL,5475,5471,5475,5475,5471,5471,1,1,\end{proof},\end{proof},RAW_TEX_ALIGNMENT_ONLY,NO_CLAIM_EQUIVALENCE_CANONICAL_MEMBER_OR_EVIDENCE_INDEPENDENCE_INFERRED
VF-SAU-01-L0484,DELETE,5476-5480,EMPTY,5476,5480,,,5,0,"\begin{remark}[Failed descent becomes useful content] \label{rem:coh-failed-descent-useful} In this case the promoted output is not always a positive solution. When \([a]=0\), the audit certifies successful descent and allows a potential.…",,RAW_TEX_ALIGNMENT_ONLY,NO_CLAIM_EQUIVALENCE_CANONICAL_MEMBER_OR_EVIDENCE_INDEPENDENCE_INFERRED
VF-SAU-01-L0485,EQUAL,5481-5491,5472-5482,5481,5491,5472,5482,11,11,"\begin{corollary}[Forests have no first obstruction] \label{cor:coh-forest-vanishing} If \(\Gamma\) is a finite tree, then \[ H^1(\Gamma;k)=0. \] More generally, for a finite forest, \(H^1\) vanishes componentwise. Hence every edge assignm…","\begin{corollary}[Forests have no first obstruction] \label{cor:coh-forest-vanishing} If \(\Gamma\) is a finite tree, then \[ H^1(\Gamma;k)=0. \] More generally, for a finite forest, \(H^1\) vanishes componentwise. Hence every edge assignm…",RAW_TEX_ALIGNMENT_ONLY,NO_CLAIM_EQUIVALENCE_CANONICAL_MEMBER_OR_EVIDENCE_INDEPENDENCE_INFERRED
VF-SAU-01-L0486,REPLACE,5492-5496,5483-5488,5492,5496,5483,5488,5,6,"A tree has no cycles, so the period audit is vacuous and every edge assignment integrates uniquely after choosing one vertex value. Equivalently, for a connected tree \(|E|=|V|-1\), so \(\dim H^1=|E|-|V|+1=0\); a forest is a disjoint union…","A tree has no cycles, so the period audit is vacuous and every edge assignment integrates uniquely after choosing one vertex value. Equivalently, for a connected tree \(|E|=|V|-1\), so \(\dim H^1=|E|-|V|+1=0\). A forest is a disjoint union…",RAW_TEX_ALIGNMENT_ONLY,NO_CLAIM_EQUIVALENCE_CANONICAL_MEMBER_OR_EVIDENCE_INDEPENDENCE_INFERRED
VF-SAU-01-L0487,EQUAL,5497-5508,5489-5500,5497,5508,5489,5500,12,12,"\end{proof} \begin{corollary}[The triangle has a one-dimensional obstruction ledger] \label{cor:coh-triangle-h1} For the triangle graph, \[ \dim_k H^1(\Gamma;k)=1. \] The class of the edge assignment in Proposition~\ref{prop:coh-triangle-w…","\end{proof} \begin{corollary}[The triangle has a one-dimensional obstruction ledger] \label{cor:coh-triangle-h1} For the triangle graph, \[ \dim_k H^1(\Gamma;k)=1. \] The class of the edge assignment in Proposition~\ref{prop:coh-triangle-w…",RAW_TEX_ALIGNMENT_ONLY,NO_CLAIM_EQUIVALENCE_CANONICAL_MEMBER_OR_EVIDENCE_INDEPENDENCE_INFERRED
VF-SAU-01-L0488,REPLACE,5509-5512,5501-5506,5509,5512,5501,5506,4,6,"For the triangle, \(|V|=|E|=3\), so the graph-cohomology dimension formula gives \(\dim_k H^1(\Gamma;k)=|E|-|V|+1=1\). The edge assignment from \Cref{prop:coh-triangle-witness} has nonzero period around the unique cycle, so its class is no…","For the triangle, \(|V|=3\) and \(|E|=3\), hence the graph-cohomology dimension formula gives \(\dim_k H^1(\Gamma;k)=|E|-|V|+1=1\). The edge assignment from \Cref{prop:coh-triangle-witness} has nonzero period around the unique cycle, so it…",RAW_TEX_ALIGNMENT_ONLY,NO_CLAIM_EQUIVALENCE_CANONICAL_MEMBER_OR_EVIDENCE_INDEPENDENCE_INFERRED
VF-SAU-01-L0489,EQUAL,5513,5507,5513,5513,5507,5507,1,1,\end{proof},\end{proof},RAW_TEX_ALIGNMENT_ONLY,NO_CLAIM_EQUIVALENCE_CANONICAL_MEMBER_OR_EVIDENCE_INDEPENDENCE_INFERRED
VF-SAU-01-L0490,DELETE,5514-5518,EMPTY,5514,5518,,,5,0,\begin{remark}[Why the promotion is not merely notation] \label{rem:coh-not-notation} The cohomology interface separates local data by global obstruction class. A purely local edge-admissibility interface collapses those distinctions. Ther…,,RAW_TEX_ALIGNMENT_ONLY,NO_CLAIM_EQUIVALENCE_CANONICAL_MEMBER_OR_EVIDENCE_INDEPENDENCE_INFERRED
VF-SAU-01-L0491,EQUAL,5519-5539,5508-5528,5519,5539,5508,5528,21,21,\section{Artifact and Source Map}\label{app:artifact-map} \subsection{Theorem-sheet to paper-section map} \label{appsubsec:artifact-map-sheet-to-section} The theorem sheets in \path{research_assets/} are the source families from which the…,\section{Artifact and Source Map}\label{app:artifact-map} \subsection{Theorem-sheet to paper-section map} \label{appsubsec:artifact-map-sheet-to-section} The theorem sheets in \path{research_assets/} are the source families from which the…,RAW_TEX_ALIGNMENT_ONLY,NO_CLAIM_EQUIVALENCE_CANONICAL_MEMBER_OR_EVIDENCE_INDEPENDENCE_INFERRED
VF-SAU-01-L0492,REPLACE,5540,5529,5540,5540,5529,5529,1,1,\begin{tabularx}{\textwidth}{@{}>{\raggedright\arraybackslash}p{0.36\textwidth}>{\raggedright\arraybackslash}p{0.21\textwidth}>{\raggedright\arraybackslash}X@{}},\begin{tabularx}{\textwidth}{@{}>{\raggedright\arraybackslash}p{0.31\textwidth}>{\raggedright\arraybackslash}p{0.30\textwidth}>{\raggedright\arraybackslash}X@{}},RAW_TEX_ALIGNMENT_ONLY,NO_CLAIM_EQUIVALENCE_CANONICAL_MEMBER_OR_EVIDENCE_INDEPENDENCE_INFERRED
VF-SAU-01-L0493,EQUAL,5541-5548,5530-5537,5541,5548,5530,5537,8,8,"\toprule Sheet & Paper destination & Notes\\ \midrule \path{SAU_Definition_Bank} & \Cref{sec:layers,app:definitions} & Core vocabulary, descent mechanics, certificate grammar, and appendix-bound definitions.\\ \path{SAU_Necessity_Trace_Nor…","\toprule Sheet & Paper destination & Notes\\ \midrule \path{SAU_Definition_Bank} & \Cref{sec:layers,app:definitions} & Core vocabulary, descent mechanics, certificate grammar, and appendix-bound definitions.\\ \path{SAU_Necessity_Trace_Nor…",RAW_TEX_ALIGNMENT_ONLY,NO_CLAIM_EQUIVALENCE_CANONICAL_MEMBER_OR_EVIDENCE_INDEPENDENCE_INFERRED
VF-SAU-01-L0494,REPLACE,5549,5538,5549,5549,5538,5538,1,1,"Trace predicates, audit boundaries, normal form, and the necessity--soundness chain.\\","Trace predicates, audit boundaries, normal form, and the anti-tautology chain.\\",RAW_TEX_ALIGNMENT_ONLY,NO_CLAIM_EQUIVALENCE_CANONICAL_MEMBER_OR_EVIDENCE_INDEPENDENCE_INFERRED
VF-SAU-01-L0495,EQUAL,5550-5610,5539-5599,5550,5610,5539,5599,61,61,"\path{SAU_Master_Theorem_Sheet} & \Cref{sec:soundness-failure} & Raw and validated proof packages and the main soundness statement.\\ \path{SAU_Failure_Modes_No_Overreading} & \Cref{sec:soundness-failure,app:definitions} & Failure fields,…","\path{SAU_Master_Theorem_Sheet} & \Cref{sec:soundness-failure} & Raw and validated proof packages and the main soundness statement.\\ \path{SAU_Failure_Modes_No_Overreading} & \Cref{sec:soundness-failure,app:definitions} & Failure fields,…",RAW_TEX_ALIGNMENT_ONLY,NO_CLAIM_EQUIVALENCE_CANONICAL_MEMBER_OR_EVIDENCE_INDEPENDENCE_INFERRED
VF-SAU-01-L0496,REPLACE,5611-5620,5600-5603,5611,5620,5600,5603,10,4,"development. The full source---paper, Lean project, traceability metadata, and reproducibility scripts---is hosted at \url{https://github.com/ioannist/six-birds-math-usefulness}. The current formalization is a self-contained Lean 4 project…","development. The current formalization is a self-contained Lean 4 project under \texttt{lean/}, using the repo-local vendored Foundations I--III tracks and the SAU-local modules. The one-shot verifier is \texttt{python scripts/verify\_form…",RAW_TEX_ALIGNMENT_ONLY,NO_CLAIM_EQUIVALENCE_CANONICAL_MEMBER_OR_EVIDENCE_INDEPENDENCE_INFERRED
VF-SAU-01-L0497,EQUAL,5621-5686,5604-5669,5621,5686,5604,5669,66,66,\subsection{Traceability counts} The current traceability manifest records 262 source items and 17 imported foundation items. The source items split as follows: \begin{center} \begin{tabular}{@{}lr@{}} \toprule Category & Count \\ \midrule…,\subsection{Traceability counts} The current traceability manifest records 262 source items and 17 imported foundation items. The source items split as follows: \begin{center} \begin{tabular}{@{}lr@{}} \toprule Category & Count \\ \midrule…,RAW_TEX_ALIGNMENT_ONLY,NO_CLAIM_EQUIVALENCE_CANONICAL_MEMBER_OR_EVIDENCE_INDEPENDENCE_INFERRED
VF-SAU-01-L0498,REPLACE,5687,5670,5687,5687,5670,5670,1,1,\path{paper/notes/case-evidence-packs/} before citing Lean in a case-study,\texttt{paper/notes/case-evidence-packs/} before citing Lean in a case-study,RAW_TEX_ALIGNMENT_ONLY,NO_CLAIM_EQUIVALENCE_CANONICAL_MEMBER_OR_EVIDENCE_INDEPENDENCE_INFERRED
VF-SAU-01-L0499,EQUAL,5688-5743,5671-5726,5688,5743,5671,5726,56,56,"section. They list the source labels, Lean declarations, coverage modes, and semantic-alignment statuses for: \begin{itemize} \item imaginary numbers: \texttt{imag.md}; \item calculus and dual numbers: \texttt{calc.md}; \item Galois theory…","section. They list the source labels, Lean declarations, coverage modes, and semantic-alignment statuses for: \begin{itemize} \item imaginary numbers: \texttt{imag.md}; \item calculus and dual numbers: \texttt{calc.md}; \item Galois theory…",RAW_TEX_ALIGNMENT_ONLY,NO_CLAIM_EQUIVALENCE_CANONICAL_MEMBER_OR_EVIDENCE_INDEPENDENCE_INFERRED
VF-SAU-01-L0500,REPLACE,5744,5727,5744,5744,5727,5727,1,1,Usefulness is scoped. &,Not all mathematics is useful. &,RAW_TEX_ALIGNMENT_ONLY,NO_CLAIM_EQUIVALENCE_CANONICAL_MEMBER_OR_EVIDENCE_INDEPENDENCE_INFERRED
VF-SAU-01-L0501,EQUAL,5745-5746,5728-5729,5745,5746,5728,5729,2,2,The paper concerns strict useful promoted-use traces and validated profile instances.\\ Not every useful mathematical structure is classified. &,The paper concerns strict useful promoted-use traces and validated profile instances.\\ Not every useful mathematical structure is classified. &,RAW_TEX_ALIGNMENT_ONLY,NO_CLAIM_EQUIVALENCE_CANONICAL_MEMBER_OR_EVIDENCE_INDEPENDENCE_INFERRED
VF-SAU-01-L0502,REPLACE,5747,5730,5747,5747,5730,5730,1,1,"The paper gives four canonical witnesses and central profile labels, not an exhaustive taxonomy.\\","The paper gives four canonical witnesses and central profile labels, not a complete taxonomy.\\",RAW_TEX_ALIGNMENT_ONLY,NO_CLAIM_EQUIVALENCE_CANONICAL_MEMBER_OR_EVIDENCE_INDEPENDENCE_INFERRED
VF-SAU-01-L0503,EQUAL,5748,5731,5748,5748,5731,5731,1,1,The classical constructions themselves are not claimed as new. &,The classical constructions themselves are not claimed as new. &,RAW_TEX_ALIGNMENT_ONLY,NO_CLAIM_EQUIVALENCE_CANONICAL_MEMBER_OR_EVIDENCE_INDEPENDENCE_INFERRED
VF-SAU-01-L0504,REPLACE,5749,5732,5749,5749,5732,5732,1,1,"The contribution is the audited-descent normal form and the surrounding theorems, not the underlying constructions.\\",The novelty claim is the audited-descent synthesis and theorem stack.\\,RAW_TEX_ALIGNMENT_ONLY,NO_CLAIM_EQUIVALENCE_CANONICAL_MEMBER_OR_EVIDENCE_INDEPENDENCE_INFERRED
VF-SAU-01-L0505,EQUAL,5750-5775,5733-5758,5750,5775,5733,5758,26,26,"Hidden promoted objects are not literalized downstairs. & Only audited descendants are lower-layer claimable; \(i\), \(\varepsilon\), non-base-field roots, and non-exact cochains are not asserted to be lower-layer objects.\\ Not every prom…","Hidden promoted objects are not literalized downstairs. & Only audited descendants are lower-layer claimable; \(i\), \(\varepsilon\), non-base-field roots, and non-exact cochains are not asserted to be lower-layer objects.\\ Not every prom…",RAW_TEX_ALIGNMENT_ONLY,NO_CLAIM_EQUIVALENCE_CANONICAL_MEMBER_OR_EVIDENCE_INDEPENDENCE_INFERRED
