source,target,relation
ARC-H1,CG01,belongs_to
ARC-H1,VII-C001,adjudicated_by
ARC-H10,CG07,belongs_to
ARC-H10,VII-C008,adjudicated_by
ARC-H10,VII-C033,adjudicated_by
ARC-H11,CG08,belongs_to
ARC-H11,VII-C009,adjudicated_by
ARC-H11,VII-C035,adjudicated_by
ARC-H11,VII-C036,adjudicated_by
ARC-H12,CG09,belongs_to
ARC-H12,VII-C004,adjudicated_by
ARC-H12,VII-C005,adjudicated_by
ARC-H12,VII-C010,adjudicated_by
ARC-H13,CG10,belongs_to
ARC-H13,VII-C011,adjudicated_by
ARC-H13,VII-C029,adjudicated_by
ARC-H13,VII-C035,adjudicated_by
ARC-H14,CG14,belongs_to
ARC-H14,VII-C012,adjudicated_by
ARC-H14,VII-C013,adjudicated_by
ARC-H14,VII-C034,adjudicated_by
ARC-H15,CG14,belongs_to
ARC-H15,VII-C012,adjudicated_by
ARC-H15,VII-C013,adjudicated_by
ARC-H15,VII-C034,adjudicated_by
ARC-H16,CG15,belongs_to
ARC-H16,VII-C013,adjudicated_by
ARC-H16,VII-C014,adjudicated_by
ARC-H17,CG17,belongs_to
ARC-H17,VII-C015,adjudicated_by
ARC-H17,VII-C034,adjudicated_by
ARC-H18,CG17,belongs_to
ARC-H18,VII-C015,adjudicated_by
ARC-H18,VII-C034,adjudicated_by
ARC-H19,CG11,belongs_to
ARC-H19,VII-C016,adjudicated_by
ARC-H2,CG02,belongs_to
ARC-H2,VII-C002,adjudicated_by
ARC-H20,CG11,belongs_to
ARC-H20,VII-C016,adjudicated_by
ARC-H21,CG07,belongs_to
ARC-H21,VII-C008,adjudicated_by
ARC-H21,VII-C033,adjudicated_by
ARC-H22,CG04,belongs_to
ARC-H22,VII-C006,adjudicated_by
ARC-H23,CG19,belongs_to
ARC-H23,VII-C017,adjudicated_by
ARC-H23,VII-C032,adjudicated_by
ARC-H23,VII-C036,adjudicated_by
ARC-H24,CG18,belongs_to
ARC-H24,VII-C018,adjudicated_by
ARC-H25,CG19,belongs_to
ARC-H25,VII-C017,adjudicated_by
ARC-H25,VII-C032,adjudicated_by
ARC-H25,VII-C036,adjudicated_by
ARC-H26,CG22,belongs_to
ARC-H26,VII-C019,adjudicated_by
ARC-H26,VII-C036,adjudicated_by
ARC-H27,CG04,belongs_to
ARC-H27,VII-C006,adjudicated_by
ARC-H28,CG22,belongs_to
ARC-H28,VII-C019,adjudicated_by
ARC-H28,VII-C036,adjudicated_by
ARC-H3,CG03,belongs_to
ARC-H3,VII-C003,adjudicated_by
ARC-H3,VII-C004,adjudicated_by
ARC-H3,VII-C035,adjudicated_by
ARC-H4,CG03,belongs_to
ARC-H4,VII-C003,adjudicated_by
ARC-H4,VII-C004,adjudicated_by
ARC-H4,VII-C035,adjudicated_by
ARC-H5,CG05,belongs_to
ARC-H5,VII-C005,adjudicated_by
ARC-H6,CG04,belongs_to
ARC-H6,VII-C006,adjudicated_by
ARC-H7,CG02,belongs_to
ARC-H7,VII-C002,adjudicated_by
ARC-H8,CG01,belongs_to
ARC-H8,VII-C001,adjudicated_by
ARC-H9,CG06,belongs_to
ARC-H9,VII-C007,adjudicated_by
ARC-H9,VII-C035,adjudicated_by
ARC-LAB,CG28,belongs_to
ARC-LAB,VII-C007,adjudicated_by
ARC-LAB,VII-C025,adjudicated_by
ARC-LAB,VII-C033,adjudicated_by
ARC-NG1,CG03,belongs_to
ARC-NG1,VII-C003,adjudicated_by
ARC-NG1,VII-C004,adjudicated_by
ARC-NG1,VII-C035,adjudicated_by
ARC-NG2,CG09,belongs_to
ARC-NG2,VII-C004,adjudicated_by
ARC-NG2,VII-C005,adjudicated_by
ARC-NG2,VII-C010,adjudicated_by
ARC-NG3,CG04,belongs_to
ARC-NG3,VII-C006,adjudicated_by
ARC-NG4,CG05,belongs_to
ARC-NG4,VII-C005,adjudicated_by
ARC-NONGOALS,CG27,belongs_to
ARC-NONGOALS,VII-C024,adjudicated_by
ARC-S1,CG24,belongs_to
ARC-S1,VII-C020,adjudicated_by
ARC-S2,CG25,belongs_to
ARC-S2,VII-C002,adjudicated_by
ARC-S2,VII-C021,adjudicated_by
ARC-S3,CG21,belongs_to
ARC-S3,VII-C001,adjudicated_by
ARC-S3,VII-C022,adjudicated_by
ARC-S4,CG26,belongs_to
ARC-S4,VII-C023,adjudicated_by
ARC-S4,VII-C033,adjudicated_by
ARC-S5,CG27,belongs_to
ARC-S5,VII-C024,adjudicated_by
ARC-S6,CG25,belongs_to
ARC-S6,VII-C002,adjudicated_by
ARC-S6,VII-C021,adjudicated_by
BR-CITE-0001,VII-C003,bridge_dependency
BR-CITE-0001,VII-C004,bridge_dependency
BR-CITE-0001,VII-C024,bridge_dependency
BR-CITE-0001,VII-C035,bridge_dependency
BR-CITE-0002,VII-C003,bridge_dependency
BR-CITE-0002,VII-C004,bridge_dependency
BR-CITE-0002,VII-C024,bridge_dependency
BR-CITE-0002,VII-C035,bridge_dependency
BR-CITE-0003,VII-C002,bridge_dependency
BR-CITE-0003,VII-C015,bridge_dependency
BR-CITE-0003,VII-C034,bridge_dependency
BR-CITE-0004,VII-C002,bridge_dependency
BR-CITE-0004,VII-C007,bridge_dependency
BR-CITE-0004,VII-C015,bridge_dependency
BR-CITE-0004,VII-C034,bridge_dependency
BR-CITE-0004,VII-C035,bridge_dependency
BR-CITE-0005,VII-C002,bridge_dependency
BR-CITE-0006,VII-C002,bridge_dependency
BR-CITE-0007,VII-C002,bridge_dependency
BR-CITE-0007,VII-C019,bridge_dependency
BR-CITE-0007,VII-C036,bridge_dependency
BR-CITE-0008,VII-C002,bridge_dependency
BR-CITE-0008,VII-C008,bridge_dependency
BR-CITE-0008,VII-C016,bridge_dependency
BR-CITE-0008,VII-C030,bridge_dependency
BR-CITE-0008,VII-C033,bridge_dependency
BR-CITE-0010,VII-C002,bridge_dependency
BR-CITE-0010,VII-C007,bridge_dependency
BR-CITE-0010,VII-C030,bridge_dependency
BR-CITE-0010,VII-C035,bridge_dependency
BR-CITE-0011,VII-C001,bridge_dependency
BR-CITE-0011,VII-C002,bridge_dependency
BR-CITE-0011,VII-C022,bridge_dependency
BR-CITE-0013,VII-C003,bridge_dependency
BR-CITE-0013,VII-C004,bridge_dependency
BR-CITE-0013,VII-C011,bridge_dependency
BR-CITE-0013,VII-C020,bridge_dependency
BR-CITE-0013,VII-C029,bridge_dependency
BR-CITE-0013,VII-C035,bridge_dependency
BR-CITE-0014,VII-C004,bridge_dependency
BR-CITE-0014,VII-C005,bridge_dependency
BR-CITE-0014,VII-C010,bridge_dependency
BR-CITE-0014,VII-C012,bridge_dependency
BR-CITE-0014,VII-C013,bridge_dependency
BR-CITE-0014,VII-C027,bridge_dependency
BR-CITE-0014,VII-C034,bridge_dependency
BR-CITE-0015,VII-C012,bridge_dependency
BR-CITE-0015,VII-C013,bridge_dependency
BR-CITE-0015,VII-C018,bridge_dependency
BR-CITE-0015,VII-C027,bridge_dependency
BR-CITE-0015,VII-C034,bridge_dependency
BR-CITE-0016,VII-C004,bridge_dependency
BR-CITE-0016,VII-C005,bridge_dependency
BR-CITE-0016,VII-C007,bridge_dependency
BR-CITE-0016,VII-C010,bridge_dependency
BR-CITE-0016,VII-C012,bridge_dependency
BR-CITE-0016,VII-C013,bridge_dependency
BR-CITE-0016,VII-C025,bridge_dependency
BR-CITE-0016,VII-C027,bridge_dependency
BR-CITE-0016,VII-C033,bridge_dependency
BR-CITE-0016,VII-C034,bridge_dependency
BR-CITE-0017,VII-C001,bridge_dependency
BR-CITE-0017,VII-C003,bridge_dependency
BR-CITE-0017,VII-C004,bridge_dependency
BR-CITE-0017,VII-C035,bridge_dependency
BR-CITE-0018,VII-C020,bridge_dependency
BR-CITE-0019,VII-C015,bridge_dependency
BR-CITE-0019,VII-C016,bridge_dependency
BR-CITE-0019,VII-C034,bridge_dependency
BR-CITE-0020,VII-C015,bridge_dependency
BR-CITE-0020,VII-C034,bridge_dependency
BR-CITE-0021,VII-C008,bridge_dependency
BR-CITE-0021,VII-C015,bridge_dependency
BR-CITE-0021,VII-C033,bridge_dependency
BR-CITE-0021,VII-C034,bridge_dependency
BR-CITE-0022,VII-C007,bridge_dependency
BR-CITE-0022,VII-C015,bridge_dependency
BR-CITE-0022,VII-C030,bridge_dependency
BR-CITE-0022,VII-C034,bridge_dependency
BR-CITE-0022,VII-C035,bridge_dependency
BR-CITE-0023,VII-C015,bridge_dependency
BR-CITE-0023,VII-C034,bridge_dependency
BR-CITE-0024,VII-C007,bridge_dependency
BR-CITE-0024,VII-C015,bridge_dependency
BR-CITE-0024,VII-C030,bridge_dependency
BR-CITE-0024,VII-C034,bridge_dependency
BR-CITE-0024,VII-C035,bridge_dependency
BR-CITE-0025,VII-C007,bridge_dependency
BR-CITE-0025,VII-C015,bridge_dependency
BR-CITE-0025,VII-C034,bridge_dependency
BR-CITE-0025,VII-C035,bridge_dependency
BR-CITE-0026,VII-C007,bridge_dependency
BR-CITE-0026,VII-C015,bridge_dependency
BR-CITE-0026,VII-C016,bridge_dependency
BR-CITE-0026,VII-C034,bridge_dependency
BR-CITE-0026,VII-C035,bridge_dependency
BR-CITE-0027,VII-C007,bridge_dependency
BR-CITE-0027,VII-C015,bridge_dependency
BR-CITE-0027,VII-C034,bridge_dependency
BR-CITE-0027,VII-C035,bridge_dependency
BR-CITE-0028,VII-C007,bridge_dependency
BR-CITE-0028,VII-C008,bridge_dependency
BR-CITE-0028,VII-C015,bridge_dependency
BR-CITE-0028,VII-C033,bridge_dependency
BR-CITE-0028,VII-C034,bridge_dependency
BR-CITE-0028,VII-C035,bridge_dependency
BR-CITE-0029,VII-C007,bridge_dependency
BR-CITE-0029,VII-C008,bridge_dependency
BR-CITE-0029,VII-C015,bridge_dependency
BR-CITE-0029,VII-C016,bridge_dependency
BR-CITE-0029,VII-C030,bridge_dependency
BR-CITE-0029,VII-C033,bridge_dependency
BR-CITE-0029,VII-C034,bridge_dependency
BR-CITE-0029,VII-C035,bridge_dependency
BR-CITE-0030,VII-C007,bridge_dependency
BR-CITE-0030,VII-C015,bridge_dependency
BR-CITE-0030,VII-C034,bridge_dependency
BR-CITE-0030,VII-C035,bridge_dependency
BR-CITE-0031,VII-C007,bridge_dependency
BR-CITE-0031,VII-C015,bridge_dependency
BR-CITE-0031,VII-C030,bridge_dependency
BR-CITE-0031,VII-C034,bridge_dependency
BR-CITE-0031,VII-C035,bridge_dependency
BR-CITE-0032,VII-C002,bridge_dependency
BR-CITE-0032,VII-C007,bridge_dependency
BR-CITE-0032,VII-C015,bridge_dependency
BR-CITE-0032,VII-C034,bridge_dependency
BR-CITE-0032,VII-C035,bridge_dependency
BR-CITE-0033,VII-C003,bridge_dependency
BR-CITE-0033,VII-C004,bridge_dependency
BR-CITE-0033,VII-C035,bridge_dependency
BR-CITE-0034,VII-C003,bridge_dependency
BR-CITE-0034,VII-C004,bridge_dependency
BR-CITE-0034,VII-C011,bridge_dependency
BR-CITE-0034,VII-C020,bridge_dependency
BR-CITE-0034,VII-C029,bridge_dependency
BR-CITE-0034,VII-C035,bridge_dependency
BR-CITE-0035,VII-C001,bridge_dependency
BR-CITE-0035,VII-C003,bridge_dependency
BR-CITE-0035,VII-C004,bridge_dependency
BR-CITE-0035,VII-C020,bridge_dependency
BR-CITE-0035,VII-C035,bridge_dependency
BR-CITE-0036,VII-C003,bridge_dependency
BR-CITE-0036,VII-C004,bridge_dependency
BR-CITE-0036,VII-C020,bridge_dependency
BR-CITE-0036,VII-C035,bridge_dependency
BR-CITE-0037,VII-C008,bridge_dependency
BR-CITE-0037,VII-C016,bridge_dependency
BR-CITE-0037,VII-C019,bridge_dependency
BR-CITE-0037,VII-C033,bridge_dependency
BR-CITE-0037,VII-C036,bridge_dependency
BR-CITE-0038,VII-C016,bridge_dependency
BR-CITE-0038,VII-C018,bridge_dependency
BR-CITE-0039,VII-C016,bridge_dependency
BR-CITE-0039,VII-C017,bridge_dependency
BR-CITE-0039,VII-C020,bridge_dependency
BR-CITE-0039,VII-C032,bridge_dependency
BR-CITE-0039,VII-C036,bridge_dependency
BR-CITE-0040,VII-C016,bridge_dependency
BR-CITE-0041,VII-C023,bridge_dependency
BR-CITE-0041,VII-C024,bridge_dependency
BR-CITE-0041,VII-C033,bridge_dependency
BR-CITE-0042,VII-C023,bridge_dependency
BR-CITE-0042,VII-C033,bridge_dependency
BR-CITE-0043,VII-C023,bridge_dependency
BR-CITE-0043,VII-C033,bridge_dependency
BR-CITE-0044,VII-C003,bridge_dependency
BR-CITE-0044,VII-C004,bridge_dependency
BR-CITE-0044,VII-C012,bridge_dependency
BR-CITE-0044,VII-C013,bridge_dependency
BR-CITE-0044,VII-C034,bridge_dependency
BR-CITE-0044,VII-C035,bridge_dependency
BR-CITE-0045,VII-C023,bridge_dependency
BR-CITE-0045,VII-C033,bridge_dependency
BR-CITE-0046,VII-C007,bridge_dependency
BR-CITE-0046,VII-C008,bridge_dependency
BR-CITE-0046,VII-C012,bridge_dependency
BR-CITE-0046,VII-C013,bridge_dependency
BR-CITE-0046,VII-C019,bridge_dependency
BR-CITE-0046,VII-C023,bridge_dependency
BR-CITE-0046,VII-C025,bridge_dependency
BR-CITE-0046,VII-C033,bridge_dependency
BR-CITE-0046,VII-C034,bridge_dependency
BR-CITE-0046,VII-C036,bridge_dependency
BR-CITE-0047,VII-C023,bridge_dependency
BR-CITE-0047,VII-C033,bridge_dependency
BR-CITE-0048,VII-C012,bridge_dependency
BR-CITE-0048,VII-C013,bridge_dependency
BR-CITE-0048,VII-C034,bridge_dependency
BR-CITE-0049,VII-C011,bridge_dependency
BR-CITE-0049,VII-C012,bridge_dependency
BR-CITE-0049,VII-C013,bridge_dependency
BR-CITE-0049,VII-C023,bridge_dependency
BR-CITE-0049,VII-C029,bridge_dependency
BR-CITE-0049,VII-C033,bridge_dependency
BR-CITE-0049,VII-C034,bridge_dependency
BR-CITE-0049,VII-C035,bridge_dependency
BR-CITE-0050,VII-C012,bridge_dependency
BR-CITE-0050,VII-C013,bridge_dependency
BR-CITE-0050,VII-C023,bridge_dependency
BR-CITE-0050,VII-C027,bridge_dependency
BR-CITE-0050,VII-C032,bridge_dependency
BR-CITE-0050,VII-C033,bridge_dependency
BR-CITE-0050,VII-C034,bridge_dependency
BR-CITE-0051,VII-C016,bridge_dependency
BR-CITE-0052,VII-C019,bridge_dependency
BR-CITE-0052,VII-C036,bridge_dependency
BR-CITE-0053,VII-C007,bridge_dependency
BR-CITE-0053,VII-C008,bridge_dependency
BR-CITE-0053,VII-C016,bridge_dependency
BR-CITE-0053,VII-C033,bridge_dependency
BR-CITE-0053,VII-C035,bridge_dependency
BR-CITE-0054,VII-C007,bridge_dependency
BR-CITE-0054,VII-C035,bridge_dependency
BR-CITE-0055,VII-C007,bridge_dependency
BR-CITE-0055,VII-C030,bridge_dependency
BR-CITE-0055,VII-C035,bridge_dependency
BR-CITE-0056,VII-C019,bridge_dependency
BR-CITE-0056,VII-C036,bridge_dependency
BR-CITE-0057,VII-C003,bridge_dependency
BR-CITE-0057,VII-C004,bridge_dependency
BR-CITE-0057,VII-C019,bridge_dependency
BR-CITE-0057,VII-C035,bridge_dependency
BR-CITE-0057,VII-C036,bridge_dependency
BR-CITE-0058,VII-C007,bridge_dependency
BR-CITE-0058,VII-C008,bridge_dependency
BR-CITE-0058,VII-C019,bridge_dependency
BR-CITE-0058,VII-C025,bridge_dependency
BR-CITE-0058,VII-C033,bridge_dependency
BR-CITE-0058,VII-C036,bridge_dependency
BR-CITE-0059,VII-C008,bridge_dependency
BR-CITE-0059,VII-C018,bridge_dependency
BR-CITE-0059,VII-C019,bridge_dependency
BR-CITE-0059,VII-C033,bridge_dependency
BR-CITE-0059,VII-C036,bridge_dependency
BR-CITE-0061,VII-C013,bridge_dependency
BR-CITE-0061,VII-C014,bridge_dependency
BR-CITE-0062,VII-C008,bridge_dependency
BR-CITE-0062,VII-C016,bridge_dependency
BR-CITE-0062,VII-C030,bridge_dependency
BR-CITE-0062,VII-C033,bridge_dependency
BR-CITE-0063,VII-C008,bridge_dependency
BR-CITE-0063,VII-C016,bridge_dependency
BR-CITE-0063,VII-C030,bridge_dependency
BR-CITE-0063,VII-C033,bridge_dependency
BR-CITE-0064,VII-C001,bridge_dependency
BR-CITE-0064,VII-C003,bridge_dependency
BR-CITE-0064,VII-C004,bridge_dependency
BR-CITE-0064,VII-C035,bridge_dependency
BR-CITE-0066,VII-C001,bridge_dependency
BR-CITE-0067,VII-C001,bridge_dependency
BR-CITE-0067,VII-C003,bridge_dependency
BR-CITE-0067,VII-C004,bridge_dependency
BR-CITE-0067,VII-C024,bridge_dependency
BR-CITE-0067,VII-C035,bridge_dependency
BR-CITE-0069,VII-C020,bridge_dependency
BR-CITE-0069,VII-C024,bridge_dependency
BR-CITE-0070,VII-C024,bridge_dependency
BR-CITE-0071,VII-C024,bridge_dependency
BR-CITE-0072,VII-C024,bridge_dependency
BR-CITE-0073,VII-C016,bridge_dependency
BR-CITE-0074,VII-C001,bridge_dependency
BR-CITE-0074,VII-C004,bridge_dependency
BR-CITE-0074,VII-C005,bridge_dependency
BR-CITE-0074,VII-C010,bridge_dependency
BR-CITE-0074,VII-C022,bridge_dependency
BR-CITE-0074,VII-C024,bridge_dependency
BR-CITE-0075,VII-C001,bridge_dependency
BR-CITE-0075,VII-C002,bridge_dependency
BR-CITE-0075,VII-C022,bridge_dependency
BR-CITE-0075,VII-C024,bridge_dependency
BR-CITE-0076,VII-C003,bridge_dependency
BR-CITE-0076,VII-C004,bridge_dependency
BR-CITE-0076,VII-C024,bridge_dependency
BR-CITE-0076,VII-C035,bridge_dependency
BR-CITE-0080,VII-C001,bridge_dependency
BR-CITE-0080,VII-C002,bridge_dependency
BR-CITE-0080,VII-C022,bridge_dependency
BR-CITE-0082,VII-C003,bridge_dependency
BR-CITE-0082,VII-C004,bridge_dependency
BR-CITE-0082,VII-C024,bridge_dependency
BR-CITE-0082,VII-C035,bridge_dependency
BR-CITE-0083,VII-C007,bridge_dependency
BR-CITE-0083,VII-C016,bridge_dependency
BR-CITE-0083,VII-C035,bridge_dependency
BR-CITE-0084,VII-C007,bridge_dependency
BR-CITE-0084,VII-C008,bridge_dependency
BR-CITE-0084,VII-C033,bridge_dependency
BR-CITE-0084,VII-C035,bridge_dependency
BR-CITE-0085,VII-C007,bridge_dependency
BR-CITE-0085,VII-C008,bridge_dependency
BR-CITE-0085,VII-C016,bridge_dependency
BR-CITE-0085,VII-C030,bridge_dependency
BR-CITE-0085,VII-C033,bridge_dependency
BR-CITE-0085,VII-C035,bridge_dependency
BR-CITE-0086,VII-C007,bridge_dependency
BR-CITE-0086,VII-C030,bridge_dependency
BR-CITE-0086,VII-C035,bridge_dependency
BR-CITE-0087,VII-C007,bridge_dependency
BR-CITE-0087,VII-C030,bridge_dependency
BR-CITE-0087,VII-C035,bridge_dependency
BR-CITE-0088,VII-C007,bridge_dependency
BR-CITE-0088,VII-C008,bridge_dependency
BR-CITE-0088,VII-C030,bridge_dependency
BR-CITE-0088,VII-C033,bridge_dependency
BR-CITE-0088,VII-C035,bridge_dependency
BR-CITE-0089,VII-C007,bridge_dependency
BR-CITE-0089,VII-C030,bridge_dependency
BR-CITE-0089,VII-C035,bridge_dependency
BR-CITE-0090,VII-C019,bridge_dependency
BR-CITE-0090,VII-C036,bridge_dependency
BR-CITE-0092,VII-C016,bridge_dependency
BR-CITE-0092,VII-C024,bridge_dependency
BR-CITE-0093,VII-C001,bridge_dependency
BR-CITE-0093,VII-C004,bridge_dependency
BR-CITE-0093,VII-C005,bridge_dependency
BR-CITE-0093,VII-C010,bridge_dependency
BR-CITE-0093,VII-C022,bridge_dependency
BR-CITE-0093,VII-C024,bridge_dependency
BR-CITE-0094,VII-C001,bridge_dependency
BR-CITE-0094,VII-C022,bridge_dependency
BR-CITE-0094,VII-C031,bridge_dependency
BR-CITE-0095,VII-C016,bridge_dependency
BR-CITE-0095,VII-C032,bridge_dependency
BR-CITE-0096,VII-C002,bridge_dependency
BR-CITE-0096,VII-C016,bridge_dependency
BR-CITE-0097,VII-C003,bridge_dependency
BR-CITE-0097,VII-C004,bridge_dependency
BR-CITE-0097,VII-C016,bridge_dependency
BR-CITE-0097,VII-C019,bridge_dependency
BR-CITE-0097,VII-C026,bridge_dependency
BR-CITE-0097,VII-C035,bridge_dependency
BR-CITE-0097,VII-C036,bridge_dependency
BR-CITE-0098,VII-C002,bridge_dependency
BR-CITE-0098,VII-C003,bridge_dependency
BR-CITE-0098,VII-C004,bridge_dependency
BR-CITE-0098,VII-C035,bridge_dependency
BR-CITE-0099,VII-C007,bridge_dependency
BR-CITE-0099,VII-C025,bridge_dependency
BR-CITE-0099,VII-C033,bridge_dependency
BR-CITE-0101,VII-C001,bridge_dependency
BR-CITE-0101,VII-C003,bridge_dependency
BR-CITE-0101,VII-C004,bridge_dependency
BR-CITE-0101,VII-C009,bridge_dependency
BR-CITE-0101,VII-C035,bridge_dependency
BR-CITE-0101,VII-C036,bridge_dependency
BR-CITE-0103,VII-C003,bridge_dependency
BR-CITE-0103,VII-C004,bridge_dependency
BR-CITE-0103,VII-C008,bridge_dependency
BR-CITE-0103,VII-C020,bridge_dependency
BR-CITE-0103,VII-C033,bridge_dependency
BR-CITE-0103,VII-C035,bridge_dependency
BR-CITE-0104,VII-C003,bridge_dependency
BR-CITE-0104,VII-C004,bridge_dependency
BR-CITE-0104,VII-C008,bridge_dependency
BR-CITE-0104,VII-C033,bridge_dependency
BR-CITE-0104,VII-C035,bridge_dependency
BR-CITE-0105,VII-C008,bridge_dependency
BR-CITE-0105,VII-C033,bridge_dependency
BR-CITE-0106,VII-C003,bridge_dependency
BR-CITE-0106,VII-C004,bridge_dependency
BR-CITE-0106,VII-C008,bridge_dependency
BR-CITE-0106,VII-C024,bridge_dependency
BR-CITE-0106,VII-C033,bridge_dependency
BR-CITE-0106,VII-C035,bridge_dependency
BR-CITE-0107,VII-C016,bridge_dependency
BR-CITE-0107,VII-C019,bridge_dependency
BR-CITE-0107,VII-C030,bridge_dependency
BR-CITE-0107,VII-C031,bridge_dependency
BR-CITE-0107,VII-C036,bridge_dependency
BR-CITE-0108,VII-C003,bridge_dependency
BR-CITE-0108,VII-C004,bridge_dependency
BR-CITE-0108,VII-C005,bridge_dependency
BR-CITE-0108,VII-C008,bridge_dependency
BR-CITE-0108,VII-C009,bridge_dependency
BR-CITE-0108,VII-C011,bridge_dependency
BR-CITE-0108,VII-C029,bridge_dependency
BR-CITE-0108,VII-C033,bridge_dependency
BR-CITE-0108,VII-C035,bridge_dependency
BR-CITE-0108,VII-C036,bridge_dependency
BR-CITE-0109,VII-C001,bridge_dependency
BR-CITE-0109,VII-C002,bridge_dependency
BR-CITE-0109,VII-C015,bridge_dependency
BR-CITE-0109,VII-C022,bridge_dependency
BR-CITE-0109,VII-C031,bridge_dependency
BR-CITE-0109,VII-C034,bridge_dependency
BR-CITE-0110,VII-C003,bridge_dependency
BR-CITE-0110,VII-C004,bridge_dependency
BR-CITE-0110,VII-C008,bridge_dependency
BR-CITE-0110,VII-C033,bridge_dependency
BR-CITE-0110,VII-C035,bridge_dependency
BR-CITE-0111,VII-C018,bridge_dependency
BR-CITE-0112,VII-C001,bridge_dependency
BR-CITE-0112,VII-C018,bridge_dependency
BR-CITE-0113,VII-C003,bridge_dependency
BR-CITE-0113,VII-C004,bridge_dependency
BR-CITE-0113,VII-C011,bridge_dependency
BR-CITE-0113,VII-C018,bridge_dependency
BR-CITE-0113,VII-C026,bridge_dependency
BR-CITE-0113,VII-C029,bridge_dependency
BR-CITE-0113,VII-C035,bridge_dependency
BR-CITE-0114,VII-C011,bridge_dependency
BR-CITE-0114,VII-C016,bridge_dependency
BR-CITE-0114,VII-C018,bridge_dependency
BR-CITE-0114,VII-C026,bridge_dependency
BR-CITE-0114,VII-C029,bridge_dependency
BR-CITE-0114,VII-C035,bridge_dependency
BR-CITE-0115,VII-C006,bridge_dependency
BR-CITE-0115,VII-C007,bridge_dependency
BR-CITE-0115,VII-C017,bridge_dependency
BR-CITE-0115,VII-C032,bridge_dependency
BR-CITE-0115,VII-C035,bridge_dependency
BR-CITE-0115,VII-C036,bridge_dependency
BR-CITE-0116,VII-C002,bridge_dependency
BR-CITE-0116,VII-C006,bridge_dependency
BR-CITE-0116,VII-C017,bridge_dependency
BR-CITE-0116,VII-C032,bridge_dependency
BR-CITE-0116,VII-C036,bridge_dependency
BR-CITE-0117,VII-C001,bridge_dependency
BR-CITE-0117,VII-C003,bridge_dependency
BR-CITE-0117,VII-C004,bridge_dependency
BR-CITE-0117,VII-C006,bridge_dependency
BR-CITE-0117,VII-C008,bridge_dependency
BR-CITE-0117,VII-C017,bridge_dependency
BR-CITE-0117,VII-C032,bridge_dependency
BR-CITE-0117,VII-C033,bridge_dependency
BR-CITE-0117,VII-C035,bridge_dependency
BR-CITE-0117,VII-C036,bridge_dependency
BR-CITE-0118,VII-C006,bridge_dependency
BR-CITE-0118,VII-C017,bridge_dependency
BR-CITE-0118,VII-C032,bridge_dependency
BR-CITE-0118,VII-C036,bridge_dependency
BR-CITE-0119,VII-C003,bridge_dependency
BR-CITE-0119,VII-C004,bridge_dependency
BR-CITE-0119,VII-C006,bridge_dependency
BR-CITE-0119,VII-C017,bridge_dependency
BR-CITE-0119,VII-C032,bridge_dependency
BR-CITE-0119,VII-C035,bridge_dependency
BR-CITE-0119,VII-C036,bridge_dependency
BR-CITE-0120,VII-C006,bridge_dependency
BR-CITE-0120,VII-C011,bridge_dependency
BR-CITE-0120,VII-C016,bridge_dependency
BR-CITE-0120,VII-C017,bridge_dependency
BR-CITE-0120,VII-C029,bridge_dependency
BR-CITE-0120,VII-C032,bridge_dependency
BR-CITE-0120,VII-C035,bridge_dependency
BR-CITE-0120,VII-C036,bridge_dependency
BR-CITE-0121,VII-C018,bridge_dependency
BR-CITE-0122,VII-C006,bridge_dependency
BR-CITE-0122,VII-C015,bridge_dependency
BR-CITE-0122,VII-C017,bridge_dependency
BR-CITE-0122,VII-C032,bridge_dependency
BR-CITE-0122,VII-C034,bridge_dependency
BR-CITE-0122,VII-C036,bridge_dependency
BR-CITE-0123,VII-C001,bridge_dependency
BR-CITE-0123,VII-C003,bridge_dependency
BR-CITE-0123,VII-C004,bridge_dependency
BR-CITE-0123,VII-C005,bridge_dependency
BR-CITE-0123,VII-C010,bridge_dependency
BR-CITE-0123,VII-C017,bridge_dependency
BR-CITE-0123,VII-C032,bridge_dependency
BR-CITE-0123,VII-C035,bridge_dependency
BR-CITE-0123,VII-C036,bridge_dependency
BR-CITE-0124,VII-C004,bridge_dependency
BR-CITE-0124,VII-C005,bridge_dependency
BR-CITE-0124,VII-C007,bridge_dependency
BR-CITE-0124,VII-C010,bridge_dependency
BR-CITE-0124,VII-C012,bridge_dependency
BR-CITE-0124,VII-C013,bridge_dependency
BR-CITE-0124,VII-C025,bridge_dependency
BR-CITE-0124,VII-C033,bridge_dependency
BR-CITE-0124,VII-C034,bridge_dependency
BR-CITE-0125,VII-C004,bridge_dependency
BR-CITE-0125,VII-C005,bridge_dependency
BR-CITE-0125,VII-C010,bridge_dependency
BR-CITE-0125,VII-C016,bridge_dependency
BR-CITE-0125,VII-C018,bridge_dependency
BR-CITE-0125,VII-C026,bridge_dependency
BR-CITE-0126,VII-C004,bridge_dependency
BR-CITE-0126,VII-C005,bridge_dependency
BR-CITE-0126,VII-C007,bridge_dependency
BR-CITE-0126,VII-C010,bridge_dependency
BR-CITE-0126,VII-C012,bridge_dependency
BR-CITE-0126,VII-C013,bridge_dependency
BR-CITE-0126,VII-C025,bridge_dependency
BR-CITE-0126,VII-C033,bridge_dependency
BR-CITE-0126,VII-C034,bridge_dependency
BR-CITE-0127,VII-C004,bridge_dependency
BR-CITE-0127,VII-C005,bridge_dependency
BR-CITE-0127,VII-C007,bridge_dependency
BR-CITE-0127,VII-C010,bridge_dependency
BR-CITE-0127,VII-C012,bridge_dependency
BR-CITE-0127,VII-C013,bridge_dependency
BR-CITE-0127,VII-C019,bridge_dependency
BR-CITE-0127,VII-C025,bridge_dependency
BR-CITE-0127,VII-C033,bridge_dependency
BR-CITE-0127,VII-C034,bridge_dependency
BR-CITE-0127,VII-C036,bridge_dependency
BR-CITE-0128,VII-C004,bridge_dependency
BR-CITE-0128,VII-C005,bridge_dependency
BR-CITE-0128,VII-C007,bridge_dependency
BR-CITE-0128,VII-C010,bridge_dependency
BR-CITE-0128,VII-C012,bridge_dependency
BR-CITE-0128,VII-C013,bridge_dependency
BR-CITE-0128,VII-C025,bridge_dependency
BR-CITE-0128,VII-C033,bridge_dependency
BR-CITE-0128,VII-C034,bridge_dependency
BR-CITE-0128,VII-C035,bridge_dependency
BR-CITE-0129,VII-C002,bridge_dependency
BR-CITE-0129,VII-C004,bridge_dependency
BR-CITE-0129,VII-C005,bridge_dependency
BR-CITE-0129,VII-C007,bridge_dependency
BR-CITE-0129,VII-C010,bridge_dependency
BR-CITE-0129,VII-C012,bridge_dependency
BR-CITE-0129,VII-C013,bridge_dependency
BR-CITE-0129,VII-C025,bridge_dependency
BR-CITE-0129,VII-C033,bridge_dependency
BR-CITE-0129,VII-C034,bridge_dependency
BR-CITE-0130,VII-C004,bridge_dependency
BR-CITE-0130,VII-C005,bridge_dependency
BR-CITE-0130,VII-C007,bridge_dependency
BR-CITE-0130,VII-C010,bridge_dependency
BR-CITE-0130,VII-C012,bridge_dependency
BR-CITE-0130,VII-C013,bridge_dependency
BR-CITE-0130,VII-C025,bridge_dependency
BR-CITE-0130,VII-C030,bridge_dependency
BR-CITE-0130,VII-C031,bridge_dependency
BR-CITE-0130,VII-C033,bridge_dependency
BR-CITE-0130,VII-C034,bridge_dependency
BR-CITE-0131,VII-C004,bridge_dependency
BR-CITE-0131,VII-C005,bridge_dependency
BR-CITE-0131,VII-C006,bridge_dependency
BR-CITE-0131,VII-C007,bridge_dependency
BR-CITE-0131,VII-C010,bridge_dependency
BR-CITE-0131,VII-C012,bridge_dependency
BR-CITE-0131,VII-C013,bridge_dependency
BR-CITE-0131,VII-C017,bridge_dependency
BR-CITE-0131,VII-C025,bridge_dependency
BR-CITE-0131,VII-C032,bridge_dependency
BR-CITE-0131,VII-C033,bridge_dependency
BR-CITE-0131,VII-C034,bridge_dependency
BR-CITE-0131,VII-C036,bridge_dependency
BR-CITE-0132,VII-C003,bridge_dependency
BR-CITE-0132,VII-C004,bridge_dependency
BR-CITE-0132,VII-C005,bridge_dependency
BR-CITE-0132,VII-C007,bridge_dependency
BR-CITE-0132,VII-C010,bridge_dependency
BR-CITE-0132,VII-C012,bridge_dependency
BR-CITE-0132,VII-C013,bridge_dependency
BR-CITE-0132,VII-C025,bridge_dependency
BR-CITE-0132,VII-C033,bridge_dependency
BR-CITE-0132,VII-C034,bridge_dependency
BR-CITE-0132,VII-C035,bridge_dependency
BR-CITE-0133,VII-C011,bridge_dependency
BR-CITE-0133,VII-C029,bridge_dependency
BR-CITE-0133,VII-C032,bridge_dependency
BR-CITE-0133,VII-C035,bridge_dependency
BR-CITE-0134,VII-C006,bridge_dependency
BR-CITE-0134,VII-C027,bridge_dependency
BR-CITE-0134,VII-C032,bridge_dependency
BR-CITE-0135,VII-C003,bridge_dependency
BR-CITE-0135,VII-C004,bridge_dependency
BR-CITE-0135,VII-C007,bridge_dependency
BR-CITE-0135,VII-C008,bridge_dependency
BR-CITE-0135,VII-C025,bridge_dependency
BR-CITE-0135,VII-C033,bridge_dependency
BR-CITE-0135,VII-C035,bridge_dependency
BR-CITE-0136,VII-C018,bridge_dependency
BR-CITE-0137,VII-C003,bridge_dependency
BR-CITE-0137,VII-C004,bridge_dependency
BR-CITE-0137,VII-C019,bridge_dependency
BR-CITE-0137,VII-C035,bridge_dependency
BR-CITE-0137,VII-C036,bridge_dependency
BR-CITE-0138,VII-C003,bridge_dependency
BR-CITE-0138,VII-C004,bridge_dependency
BR-CITE-0138,VII-C012,bridge_dependency
BR-CITE-0138,VII-C013,bridge_dependency
BR-CITE-0138,VII-C014,bridge_dependency
BR-CITE-0138,VII-C019,bridge_dependency
BR-CITE-0138,VII-C034,bridge_dependency
BR-CITE-0138,VII-C035,bridge_dependency
BR-CITE-0138,VII-C036,bridge_dependency
BR-CITE-0139,VII-C003,bridge_dependency
BR-CITE-0139,VII-C004,bridge_dependency
BR-CITE-0139,VII-C012,bridge_dependency
BR-CITE-0139,VII-C013,bridge_dependency
BR-CITE-0139,VII-C014,bridge_dependency
BR-CITE-0139,VII-C019,bridge_dependency
BR-CITE-0139,VII-C034,bridge_dependency
BR-CITE-0139,VII-C035,bridge_dependency
BR-CITE-0139,VII-C036,bridge_dependency
BR-CITE-0140,VII-C003,bridge_dependency
BR-CITE-0140,VII-C004,bridge_dependency
BR-CITE-0140,VII-C019,bridge_dependency
BR-CITE-0140,VII-C035,bridge_dependency
BR-CITE-0140,VII-C036,bridge_dependency
BR-CITE-0141,VII-C003,bridge_dependency
BR-CITE-0141,VII-C004,bridge_dependency
BR-CITE-0141,VII-C019,bridge_dependency
BR-CITE-0141,VII-C024,bridge_dependency
BR-CITE-0141,VII-C035,bridge_dependency
BR-CITE-0141,VII-C036,bridge_dependency
BR-CITE-0142,VII-C003,bridge_dependency
BR-CITE-0142,VII-C004,bridge_dependency
BR-CITE-0142,VII-C035,bridge_dependency
BR-CITE-0144,VII-C003,bridge_dependency
BR-CITE-0144,VII-C004,bridge_dependency
BR-CITE-0144,VII-C035,bridge_dependency
BR-CITE-0145,VII-C015,bridge_dependency
BR-CITE-0145,VII-C034,bridge_dependency
BR-CITE-0146,VII-C015,bridge_dependency
BR-CITE-0146,VII-C034,bridge_dependency
BR-CITE-0147,VII-C015,bridge_dependency
BR-CITE-0147,VII-C034,bridge_dependency
BR-CITE-0148,VII-C016,bridge_dependency
BR-CITE-0148,VII-C018,bridge_dependency
BR-CITE-0148,VII-C030,bridge_dependency
BR-CITE-0149,VII-C015,bridge_dependency
BR-CITE-0149,VII-C034,bridge_dependency
BR-CITE-0150,VII-C008,bridge_dependency
BR-CITE-0150,VII-C015,bridge_dependency
BR-CITE-0150,VII-C033,bridge_dependency
BR-CITE-0150,VII-C034,bridge_dependency
BR-CITE-0151,VII-C015,bridge_dependency
BR-CITE-0151,VII-C030,bridge_dependency
BR-CITE-0151,VII-C034,bridge_dependency
BR-CITE-0152,VII-C015,bridge_dependency
BR-CITE-0152,VII-C034,bridge_dependency
BR-CITE-0153,VII-C007,bridge_dependency
BR-CITE-0153,VII-C008,bridge_dependency
BR-CITE-0153,VII-C009,bridge_dependency
BR-CITE-0153,VII-C015,bridge_dependency
BR-CITE-0153,VII-C030,bridge_dependency
BR-CITE-0153,VII-C033,bridge_dependency
BR-CITE-0153,VII-C034,bridge_dependency
BR-CITE-0153,VII-C035,bridge_dependency
BR-CITE-0153,VII-C036,bridge_dependency
BR-CITE-0154,VII-C002,bridge_dependency
BR-CITE-0154,VII-C030,bridge_dependency
BR-CITE-0155,VII-C003,bridge_dependency
BR-CITE-0155,VII-C004,bridge_dependency
BR-CITE-0155,VII-C035,bridge_dependency
BR-CITE-0156,VII-C011,bridge_dependency
BR-CITE-0156,VII-C013,bridge_dependency
BR-CITE-0156,VII-C014,bridge_dependency
BR-CITE-0156,VII-C020,bridge_dependency
BR-CITE-0156,VII-C029,bridge_dependency
BR-CITE-0156,VII-C035,bridge_dependency
BR-CITE-0157,VII-C024,bridge_dependency
BR-CITE-0159,VII-C002,bridge_dependency
BR-CITE-0161,VII-C003,bridge_dependency
BR-CITE-0161,VII-C004,bridge_dependency
BR-CITE-0161,VII-C035,bridge_dependency
BR-CITE-0162,VII-C003,bridge_dependency
BR-CITE-0162,VII-C004,bridge_dependency
BR-CITE-0162,VII-C035,bridge_dependency
BR-CITE-0163,VII-C017,bridge_dependency
BR-CITE-0163,VII-C024,bridge_dependency
BR-CITE-0163,VII-C032,bridge_dependency
BR-CITE-0163,VII-C036,bridge_dependency
BR-CITE-0164,VII-C006,bridge_dependency
BR-CITE-0164,VII-C017,bridge_dependency
BR-CITE-0164,VII-C032,bridge_dependency
BR-CITE-0164,VII-C036,bridge_dependency
BR-CITE-0165,VII-C003,bridge_dependency
BR-CITE-0165,VII-C004,bridge_dependency
BR-CITE-0165,VII-C013,bridge_dependency
BR-CITE-0165,VII-C014,bridge_dependency
BR-CITE-0165,VII-C035,bridge_dependency
BR-CITE-0166,VII-C013,bridge_dependency
BR-CITE-0166,VII-C014,bridge_dependency
BR-CITE-0166,VII-C024,bridge_dependency
BR-CITE-0167,VII-C013,bridge_dependency
BR-CITE-0167,VII-C014,bridge_dependency
BR-CITE-0168,VII-C012,bridge_dependency
BR-CITE-0168,VII-C013,bridge_dependency
BR-CITE-0168,VII-C034,bridge_dependency
BR-CITE-0169,VII-C011,bridge_dependency
BR-CITE-0169,VII-C013,bridge_dependency
BR-CITE-0169,VII-C014,bridge_dependency
BR-CITE-0169,VII-C029,bridge_dependency
BR-CITE-0169,VII-C035,bridge_dependency
BR-CITE-0170,VII-C004,bridge_dependency
BR-CITE-0170,VII-C005,bridge_dependency
BR-CITE-0170,VII-C010,bridge_dependency
BR-CITE-0171,VII-C004,bridge_dependency
BR-CITE-0171,VII-C005,bridge_dependency
BR-CITE-0171,VII-C010,bridge_dependency
BR-CITE-0172,VII-C032,bridge_dependency
BR-CITE-0173,VII-C004,bridge_dependency
BR-CITE-0173,VII-C005,bridge_dependency
BR-CITE-0173,VII-C010,bridge_dependency
BR-CITE-0174,VII-C004,bridge_dependency
BR-CITE-0174,VII-C005,bridge_dependency
BR-CITE-0174,VII-C010,bridge_dependency
BR-CITE-0174,VII-C032,bridge_dependency
BR-CITE-0175,VII-C001,bridge_dependency
BR-CITE-0175,VII-C022,bridge_dependency
BR-CITE-0176,VII-C003,bridge_dependency
BR-CITE-0176,VII-C004,bridge_dependency
BR-CITE-0176,VII-C032,bridge_dependency
BR-CITE-0176,VII-C035,bridge_dependency
BR-CITE-0177,VII-C032,bridge_dependency
BR-CITE-0178,VII-C013,bridge_dependency
BR-CITE-0178,VII-C014,bridge_dependency
BR-CITE-0178,VII-C032,bridge_dependency
BR-CITE-0179,VII-C004,bridge_dependency
BR-CITE-0179,VII-C005,bridge_dependency
BR-CITE-0179,VII-C010,bridge_dependency
BR-CITE-0180,VII-C003,bridge_dependency
BR-CITE-0180,VII-C004,bridge_dependency
BR-CITE-0180,VII-C013,bridge_dependency
BR-CITE-0180,VII-C014,bridge_dependency
BR-CITE-0180,VII-C031,bridge_dependency
BR-CITE-0180,VII-C035,bridge_dependency
BR-CITE-0181,VII-C013,bridge_dependency
BR-CITE-0181,VII-C014,bridge_dependency
BR-CITE-0182,VII-C013,bridge_dependency
BR-CITE-0182,VII-C014,bridge_dependency
BR-CITE-0182,VII-C024,bridge_dependency
BR-CITE-0183,VII-C013,bridge_dependency
BR-CITE-0183,VII-C014,bridge_dependency
BR-CITE-0184,VII-C003,bridge_dependency
BR-CITE-0184,VII-C004,bridge_dependency
BR-CITE-0184,VII-C035,bridge_dependency
BR-CITE-0185,VII-C003,bridge_dependency
BR-CITE-0185,VII-C004,bridge_dependency
BR-CITE-0185,VII-C024,bridge_dependency
BR-CITE-0185,VII-C035,bridge_dependency
BR-CITE-0186,VII-C018,bridge_dependency
BR-CITE-0186,VII-C026,bridge_dependency
BR-CITE-0187,VII-C018,bridge_dependency
BR-CITE-0187,VII-C026,bridge_dependency
BR-CITE-0188,VII-C008,bridge_dependency
BR-CITE-0188,VII-C011,bridge_dependency
BR-CITE-0188,VII-C013,bridge_dependency
BR-CITE-0188,VII-C014,bridge_dependency
BR-CITE-0188,VII-C016,bridge_dependency
BR-CITE-0188,VII-C018,bridge_dependency
BR-CITE-0188,VII-C029,bridge_dependency
BR-CITE-0188,VII-C033,bridge_dependency
BR-CITE-0189,VII-C032,bridge_dependency
BR-CITE-0190,VII-C002,bridge_dependency
BR-CITE-0190,VII-C005,bridge_dependency
BR-CITE-0191,VII-C005,bridge_dependency
BR-CITE-0192,VII-C005,bridge_dependency
BR-CITE-0193,VII-C005,bridge_dependency
BR-CITE-0194,VII-C013,bridge_dependency
BR-CITE-0194,VII-C014,bridge_dependency
BR-CITE-0195,VII-C018,bridge_dependency
BR-CITE-0196,VII-C003,bridge_dependency
BR-CITE-0196,VII-C004,bridge_dependency
BR-CITE-0196,VII-C035,bridge_dependency
BR-CITE-0197,VII-C002,bridge_dependency
BR-CITE-0197,VII-C021,bridge_dependency
BR-CITE-0199,VII-C003,bridge_dependency
BR-CITE-0199,VII-C004,bridge_dependency
BR-CITE-0199,VII-C035,bridge_dependency
BR-CITE-0201,VII-C003,bridge_dependency
BR-CITE-0201,VII-C004,bridge_dependency
BR-CITE-0201,VII-C035,bridge_dependency
BR-CITE-0202,VII-C011,bridge_dependency
BR-CITE-0202,VII-C024,bridge_dependency
BR-CITE-0202,VII-C029,bridge_dependency
BR-CITE-0202,VII-C035,bridge_dependency
BR-CITE-0204,VII-C023,bridge_dependency
BR-CITE-0204,VII-C033,bridge_dependency
BR-CITE-0205,VII-C023,bridge_dependency
BR-CITE-0205,VII-C033,bridge_dependency
BR-CITE-0206,VII-C023,bridge_dependency
BR-CITE-0206,VII-C033,bridge_dependency
BR-CITE-0207,VII-C002,bridge_dependency
BR-CITE-0207,VII-C023,bridge_dependency
BR-CITE-0207,VII-C033,bridge_dependency
BR-CITE-0209,VII-C032,bridge_dependency
BR-CITE-0210,VII-C023,bridge_dependency
BR-CITE-0210,VII-C033,bridge_dependency
BR-CITE-0212,VII-C007,bridge_dependency
BR-CITE-0212,VII-C023,bridge_dependency
BR-CITE-0212,VII-C033,bridge_dependency
BR-CITE-0212,VII-C035,bridge_dependency
BR-CITE-0213,VII-C002,bridge_dependency
BR-CITE-0214,VII-C003,bridge_dependency
BR-CITE-0214,VII-C004,bridge_dependency
BR-CITE-0214,VII-C008,bridge_dependency
BR-CITE-0214,VII-C009,bridge_dependency
BR-CITE-0214,VII-C033,bridge_dependency
BR-CITE-0214,VII-C035,bridge_dependency
BR-CITE-0214,VII-C036,bridge_dependency
BR-CITE-0215,VII-C032,bridge_dependency
BR-CITE-0216,VII-C023,bridge_dependency
BR-CITE-0216,VII-C033,bridge_dependency
BR-CITE-0217,VII-C019,bridge_dependency
BR-CITE-0217,VII-C036,bridge_dependency
BR-CITE-0219,VII-C023,bridge_dependency
BR-CITE-0219,VII-C033,bridge_dependency
BR-CITE-0220,VII-C023,bridge_dependency
BR-CITE-0220,VII-C033,bridge_dependency
BR-CITE-0221,VII-C023,bridge_dependency
BR-CITE-0221,VII-C033,bridge_dependency
BR-CITE-0222,VII-C024,bridge_dependency
BR-CITE-0226,VII-C023,bridge_dependency
BR-CITE-0226,VII-C024,bridge_dependency
BR-CITE-0226,VII-C033,bridge_dependency
BR-CITE-0227,VII-C016,bridge_dependency
BR-CITE-0227,VII-C030,bridge_dependency
BR-CITE-0228,VII-C023,bridge_dependency
BR-CITE-0228,VII-C033,bridge_dependency
BR-CITE-0229,VII-C023,bridge_dependency
BR-CITE-0229,VII-C024,bridge_dependency
BR-CITE-0229,VII-C033,bridge_dependency
BR-CITE-0231,VII-C032,bridge_dependency
BR-CITE-0232,VII-C023,bridge_dependency
BR-CITE-0232,VII-C024,bridge_dependency
BR-CITE-0232,VII-C033,bridge_dependency
BR-CITE-0235,VII-C003,bridge_dependency
BR-CITE-0235,VII-C004,bridge_dependency
BR-CITE-0235,VII-C035,bridge_dependency
BR-CITE-0236,VII-C002,bridge_dependency
BR-CITE-0236,VII-C021,bridge_dependency
BR-CITE-0236,VII-C024,bridge_dependency
BR-CITE-0237,VII-C024,bridge_dependency
BR-CITE-0238,VII-C015,bridge_dependency
BR-CITE-0238,VII-C034,bridge_dependency
BR-CITE-0239,VII-C002,bridge_dependency
BR-CITE-0239,VII-C015,bridge_dependency
BR-CITE-0239,VII-C034,bridge_dependency
BR-CITE-0240,VII-C015,bridge_dependency
BR-CITE-0240,VII-C034,bridge_dependency
BR-LAW-0001,VII-C003,bridge_dependency
BR-LAW-0001,VII-C004,bridge_dependency
BR-LAW-0001,VII-C012,bridge_dependency
BR-LAW-0001,VII-C013,bridge_dependency
BR-LAW-0001,VII-C027,bridge_dependency
BR-LAW-0001,VII-C034,bridge_dependency
BR-LAW-0001,VII-C035,bridge_dependency
BR-LAW-0002,VII-C003,bridge_dependency
BR-LAW-0002,VII-C004,bridge_dependency
BR-LAW-0002,VII-C008,bridge_dependency
BR-LAW-0002,VII-C009,bridge_dependency
BR-LAW-0002,VII-C012,bridge_dependency
BR-LAW-0002,VII-C013,bridge_dependency
BR-LAW-0002,VII-C027,bridge_dependency
BR-LAW-0002,VII-C033,bridge_dependency
BR-LAW-0002,VII-C034,bridge_dependency
BR-LAW-0002,VII-C035,bridge_dependency
BR-LAW-0002,VII-C036,bridge_dependency
BR-LAW-0003,VII-C012,bridge_dependency
BR-LAW-0003,VII-C013,bridge_dependency
BR-LAW-0003,VII-C027,bridge_dependency
BR-LAW-0003,VII-C034,bridge_dependency
BR-LAW-0004,VII-C003,bridge_dependency
BR-LAW-0004,VII-C004,bridge_dependency
BR-LAW-0004,VII-C035,bridge_dependency
BR-LAW-0005,VII-C003,bridge_dependency
BR-LAW-0005,VII-C004,bridge_dependency
BR-LAW-0005,VII-C006,bridge_dependency
BR-LAW-0005,VII-C011,bridge_dependency
BR-LAW-0005,VII-C017,bridge_dependency
BR-LAW-0005,VII-C018,bridge_dependency
BR-LAW-0005,VII-C026,bridge_dependency
BR-LAW-0005,VII-C029,bridge_dependency
BR-LAW-0005,VII-C032,bridge_dependency
BR-LAW-0005,VII-C035,bridge_dependency
BR-LAW-0005,VII-C036,bridge_dependency
BR-LAW-0006,VII-C006,bridge_dependency
BR-LAW-0006,VII-C008,bridge_dependency
BR-LAW-0006,VII-C011,bridge_dependency
BR-LAW-0006,VII-C017,bridge_dependency
BR-LAW-0006,VII-C029,bridge_dependency
BR-LAW-0006,VII-C032,bridge_dependency
BR-LAW-0006,VII-C033,bridge_dependency
BR-LAW-0006,VII-C035,bridge_dependency
BR-LAW-0006,VII-C036,bridge_dependency
BR-LAW-0007,VII-C006,bridge_dependency
BR-LAW-0007,VII-C011,bridge_dependency
BR-LAW-0007,VII-C017,bridge_dependency
BR-LAW-0007,VII-C018,bridge_dependency
BR-LAW-0007,VII-C026,bridge_dependency
BR-LAW-0007,VII-C029,bridge_dependency
BR-LAW-0007,VII-C030,bridge_dependency
BR-LAW-0007,VII-C032,bridge_dependency
BR-LAW-0007,VII-C035,bridge_dependency
BR-LAW-0007,VII-C036,bridge_dependency
BR-LAW-0008,VII-C006,bridge_dependency
BR-LAW-0008,VII-C011,bridge_dependency
BR-LAW-0008,VII-C017,bridge_dependency
BR-LAW-0008,VII-C018,bridge_dependency
BR-LAW-0008,VII-C029,bridge_dependency
BR-LAW-0008,VII-C031,bridge_dependency
BR-LAW-0008,VII-C032,bridge_dependency
BR-LAW-0008,VII-C035,bridge_dependency
BR-LAW-0008,VII-C036,bridge_dependency
BR-LAW-0009,VII-C003,bridge_dependency
BR-LAW-0009,VII-C004,bridge_dependency
BR-LAW-0009,VII-C006,bridge_dependency
BR-LAW-0009,VII-C008,bridge_dependency
BR-LAW-0009,VII-C011,bridge_dependency
BR-LAW-0009,VII-C017,bridge_dependency
BR-LAW-0009,VII-C018,bridge_dependency
BR-LAW-0009,VII-C026,bridge_dependency
BR-LAW-0009,VII-C029,bridge_dependency
BR-LAW-0009,VII-C032,bridge_dependency
BR-LAW-0009,VII-C033,bridge_dependency
BR-LAW-0009,VII-C035,bridge_dependency
BR-LAW-0009,VII-C036,bridge_dependency
BR-LAW-0010,VII-C001,bridge_dependency
BR-LAW-0010,VII-C006,bridge_dependency
BR-LAW-0010,VII-C017,bridge_dependency
BR-LAW-0010,VII-C018,bridge_dependency
BR-LAW-0010,VII-C022,bridge_dependency
BR-LAW-0010,VII-C026,bridge_dependency
BR-LAW-0010,VII-C032,bridge_dependency
BR-LAW-0010,VII-C036,bridge_dependency
BR-LAW-0011,VII-C001,bridge_dependency
BR-LAW-0011,VII-C006,bridge_dependency
BR-LAW-0011,VII-C011,bridge_dependency
BR-LAW-0011,VII-C017,bridge_dependency
BR-LAW-0011,VII-C018,bridge_dependency
BR-LAW-0011,VII-C029,bridge_dependency
BR-LAW-0011,VII-C032,bridge_dependency
BR-LAW-0011,VII-C035,bridge_dependency
BR-LAW-0011,VII-C036,bridge_dependency
BR-LAW-0012,VII-C006,bridge_dependency
BR-LAW-0012,VII-C008,bridge_dependency
BR-LAW-0012,VII-C017,bridge_dependency
BR-LAW-0012,VII-C032,bridge_dependency
BR-LAW-0012,VII-C033,bridge_dependency
BR-LAW-0012,VII-C036,bridge_dependency
BR-LAW-0013,VII-C003,bridge_dependency
BR-LAW-0013,VII-C004,bridge_dependency
BR-LAW-0013,VII-C006,bridge_dependency
BR-LAW-0013,VII-C008,bridge_dependency
BR-LAW-0013,VII-C009,bridge_dependency
BR-LAW-0013,VII-C011,bridge_dependency
BR-LAW-0013,VII-C017,bridge_dependency
BR-LAW-0013,VII-C029,bridge_dependency
BR-LAW-0013,VII-C032,bridge_dependency
BR-LAW-0013,VII-C033,bridge_dependency
BR-LAW-0013,VII-C035,bridge_dependency
BR-LAW-0013,VII-C036,bridge_dependency
BR-LAW-0014,VII-C004,bridge_dependency
BR-LAW-0014,VII-C005,bridge_dependency
BR-LAW-0014,VII-C006,bridge_dependency
BR-LAW-0014,VII-C010,bridge_dependency
BR-LAW-0014,VII-C011,bridge_dependency
BR-LAW-0014,VII-C017,bridge_dependency
BR-LAW-0014,VII-C029,bridge_dependency
BR-LAW-0014,VII-C032,bridge_dependency
BR-LAW-0014,VII-C035,bridge_dependency
BR-LAW-0014,VII-C036,bridge_dependency
BR-LAW-0015,VII-C004,bridge_dependency
BR-LAW-0015,VII-C005,bridge_dependency
BR-LAW-0015,VII-C006,bridge_dependency
BR-LAW-0015,VII-C009,bridge_dependency
BR-LAW-0015,VII-C010,bridge_dependency
BR-LAW-0015,VII-C011,bridge_dependency
BR-LAW-0015,VII-C017,bridge_dependency
BR-LAW-0015,VII-C029,bridge_dependency
BR-LAW-0015,VII-C032,bridge_dependency
BR-LAW-0015,VII-C035,bridge_dependency
BR-LAW-0015,VII-C036,bridge_dependency
BR-LAW-0016,VII-C003,bridge_dependency
BR-LAW-0016,VII-C004,bridge_dependency
BR-LAW-0016,VII-C005,bridge_dependency
BR-LAW-0016,VII-C006,bridge_dependency
BR-LAW-0016,VII-C010,bridge_dependency
BR-LAW-0016,VII-C011,bridge_dependency
BR-LAW-0016,VII-C017,bridge_dependency
BR-LAW-0016,VII-C029,bridge_dependency
BR-LAW-0016,VII-C032,bridge_dependency
BR-LAW-0016,VII-C035,bridge_dependency
BR-LAW-0016,VII-C036,bridge_dependency
BR-LAW-0017,VII-C003,bridge_dependency
BR-LAW-0017,VII-C004,bridge_dependency
BR-LAW-0017,VII-C005,bridge_dependency
BR-LAW-0017,VII-C010,bridge_dependency
BR-LAW-0017,VII-C017,bridge_dependency
BR-LAW-0017,VII-C032,bridge_dependency
BR-LAW-0017,VII-C035,bridge_dependency
BR-LAW-0017,VII-C036,bridge_dependency
BR-LAW-0018,VII-C004,bridge_dependency
BR-LAW-0018,VII-C005,bridge_dependency
BR-LAW-0018,VII-C006,bridge_dependency
BR-LAW-0018,VII-C008,bridge_dependency
BR-LAW-0018,VII-C010,bridge_dependency
BR-LAW-0018,VII-C011,bridge_dependency
BR-LAW-0018,VII-C017,bridge_dependency
BR-LAW-0018,VII-C029,bridge_dependency
BR-LAW-0018,VII-C032,bridge_dependency
BR-LAW-0018,VII-C033,bridge_dependency
BR-LAW-0018,VII-C035,bridge_dependency
BR-LAW-0018,VII-C036,bridge_dependency
BR-LAW-0019,VII-C004,bridge_dependency
BR-LAW-0019,VII-C005,bridge_dependency
BR-LAW-0019,VII-C008,bridge_dependency
BR-LAW-0019,VII-C010,bridge_dependency
BR-LAW-0019,VII-C017,bridge_dependency
BR-LAW-0019,VII-C032,bridge_dependency
BR-LAW-0019,VII-C033,bridge_dependency
BR-LAW-0019,VII-C036,bridge_dependency
BR-LAW-0020,VII-C001,bridge_dependency
BR-LAW-0020,VII-C004,bridge_dependency
BR-LAW-0020,VII-C005,bridge_dependency
BR-LAW-0020,VII-C006,bridge_dependency
BR-LAW-0020,VII-C010,bridge_dependency
BR-LAW-0020,VII-C011,bridge_dependency
BR-LAW-0020,VII-C017,bridge_dependency
BR-LAW-0020,VII-C029,bridge_dependency
BR-LAW-0020,VII-C030,bridge_dependency
BR-LAW-0020,VII-C032,bridge_dependency
BR-LAW-0020,VII-C035,bridge_dependency
BR-LAW-0020,VII-C036,bridge_dependency
BR-LAW-0021,VII-C001,bridge_dependency
BR-LAW-0021,VII-C002,bridge_dependency
BR-LAW-0021,VII-C003,bridge_dependency
BR-LAW-0021,VII-C004,bridge_dependency
BR-LAW-0021,VII-C005,bridge_dependency
BR-LAW-0021,VII-C009,bridge_dependency
BR-LAW-0021,VII-C010,bridge_dependency
BR-LAW-0021,VII-C011,bridge_dependency
BR-LAW-0021,VII-C017,bridge_dependency
BR-LAW-0021,VII-C029,bridge_dependency
BR-LAW-0021,VII-C032,bridge_dependency
BR-LAW-0021,VII-C035,bridge_dependency
BR-LAW-0021,VII-C036,bridge_dependency
BR-LAW-0022,VII-C001,bridge_dependency
BR-LAW-0022,VII-C004,bridge_dependency
BR-LAW-0022,VII-C005,bridge_dependency
BR-LAW-0022,VII-C006,bridge_dependency
BR-LAW-0022,VII-C010,bridge_dependency
BR-LAW-0022,VII-C011,bridge_dependency
BR-LAW-0022,VII-C017,bridge_dependency
BR-LAW-0022,VII-C029,bridge_dependency
BR-LAW-0022,VII-C032,bridge_dependency
BR-LAW-0022,VII-C035,bridge_dependency
BR-LAW-0022,VII-C036,bridge_dependency
BR-LAW-0023,VII-C003,bridge_dependency
BR-LAW-0023,VII-C004,bridge_dependency
BR-LAW-0023,VII-C035,bridge_dependency
BR-LAW-0024,VII-C004,bridge_dependency
BR-LAW-0024,VII-C005,bridge_dependency
BR-LAW-0024,VII-C010,bridge_dependency
BR-LAW-0024,VII-C017,bridge_dependency
BR-LAW-0024,VII-C032,bridge_dependency
BR-LAW-0024,VII-C036,bridge_dependency
BR-LAW-0025,VII-C009,bridge_dependency
BR-LAW-0025,VII-C035,bridge_dependency
BR-LAW-0025,VII-C036,bridge_dependency
BR-LAW-0026,VII-C002,bridge_dependency
BR-LAW-0026,VII-C003,bridge_dependency
BR-LAW-0026,VII-C004,bridge_dependency
BR-LAW-0026,VII-C005,bridge_dependency
BR-LAW-0026,VII-C008,bridge_dependency
BR-LAW-0026,VII-C010,bridge_dependency
BR-LAW-0026,VII-C011,bridge_dependency
BR-LAW-0026,VII-C017,bridge_dependency
BR-LAW-0026,VII-C029,bridge_dependency
BR-LAW-0026,VII-C032,bridge_dependency
BR-LAW-0026,VII-C033,bridge_dependency
BR-LAW-0026,VII-C035,bridge_dependency
BR-LAW-0026,VII-C036,bridge_dependency
BR-LAW-0028,VII-C004,bridge_dependency
BR-LAW-0028,VII-C005,bridge_dependency
BR-LAW-0028,VII-C010,bridge_dependency
BR-LAW-0028,VII-C017,bridge_dependency
BR-LAW-0028,VII-C032,bridge_dependency
BR-LAW-0028,VII-C036,bridge_dependency
BR-LAW-0029,VII-C008,bridge_dependency
BR-LAW-0029,VII-C009,bridge_dependency
BR-LAW-0029,VII-C011,bridge_dependency
BR-LAW-0029,VII-C029,bridge_dependency
BR-LAW-0029,VII-C033,bridge_dependency
BR-LAW-0029,VII-C035,bridge_dependency
BR-LAW-0029,VII-C036,bridge_dependency
BR-LAW-0030,VII-C003,bridge_dependency
BR-LAW-0030,VII-C004,bridge_dependency
BR-LAW-0030,VII-C005,bridge_dependency
BR-LAW-0030,VII-C008,bridge_dependency
BR-LAW-0030,VII-C009,bridge_dependency
BR-LAW-0030,VII-C010,bridge_dependency
BR-LAW-0030,VII-C011,bridge_dependency
BR-LAW-0030,VII-C017,bridge_dependency
BR-LAW-0030,VII-C029,bridge_dependency
BR-LAW-0030,VII-C032,bridge_dependency
BR-LAW-0030,VII-C033,bridge_dependency
BR-LAW-0030,VII-C035,bridge_dependency
BR-LAW-0030,VII-C036,bridge_dependency
BR-LAW-0031,VII-C004,bridge_dependency
BR-LAW-0031,VII-C005,bridge_dependency
BR-LAW-0031,VII-C006,bridge_dependency
BR-LAW-0031,VII-C008,bridge_dependency
BR-LAW-0031,VII-C010,bridge_dependency
BR-LAW-0031,VII-C011,bridge_dependency
BR-LAW-0031,VII-C017,bridge_dependency
BR-LAW-0031,VII-C029,bridge_dependency
BR-LAW-0031,VII-C032,bridge_dependency
BR-LAW-0031,VII-C033,bridge_dependency
BR-LAW-0031,VII-C035,bridge_dependency
BR-LAW-0031,VII-C036,bridge_dependency
BR-LAW-0032,VII-C004,bridge_dependency
BR-LAW-0032,VII-C005,bridge_dependency
BR-LAW-0032,VII-C009,bridge_dependency
BR-LAW-0032,VII-C010,bridge_dependency
BR-LAW-0032,VII-C017,bridge_dependency
BR-LAW-0032,VII-C032,bridge_dependency
BR-LAW-0032,VII-C035,bridge_dependency
BR-LAW-0032,VII-C036,bridge_dependency
BR-LAW-0033,VII-C001,bridge_dependency
BR-LAW-0033,VII-C002,bridge_dependency
BR-LAW-0033,VII-C004,bridge_dependency
BR-LAW-0033,VII-C005,bridge_dependency
BR-LAW-0033,VII-C006,bridge_dependency
BR-LAW-0033,VII-C010,bridge_dependency
BR-LAW-0033,VII-C011,bridge_dependency
BR-LAW-0033,VII-C017,bridge_dependency
BR-LAW-0033,VII-C029,bridge_dependency
BR-LAW-0033,VII-C032,bridge_dependency
BR-LAW-0033,VII-C035,bridge_dependency
BR-LAW-0033,VII-C036,bridge_dependency
BR-LAW-0035,VII-C005,bridge_dependency
BR-LAW-0035,VII-C016,bridge_dependency
BR-LAW-0036,VII-C016,bridge_dependency
BR-LAW-0036,VII-C031,bridge_dependency
BR-LAW-0037,VII-C001,bridge_dependency
BR-LAW-0037,VII-C016,bridge_dependency
BR-LAW-0037,VII-C022,bridge_dependency
BR-LAW-0037,VII-C030,bridge_dependency
BR-LAW-0038,VII-C005,bridge_dependency
BR-LAW-0038,VII-C008,bridge_dependency
BR-LAW-0038,VII-C009,bridge_dependency
BR-LAW-0038,VII-C033,bridge_dependency
BR-LAW-0038,VII-C035,bridge_dependency
BR-LAW-0038,VII-C036,bridge_dependency
BR-LAW-0041,VII-C005,bridge_dependency
BR-LAW-0041,VII-C016,bridge_dependency
BR-LAW-0042,VII-C016,bridge_dependency
BR-LAW-0043,VII-C005,bridge_dependency
BR-LAW-0044,VII-C016,bridge_dependency
BR-LAW-0045,VII-C005,bridge_dependency
BR-LAW-0045,VII-C008,bridge_dependency
BR-LAW-0045,VII-C009,bridge_dependency
BR-LAW-0045,VII-C016,bridge_dependency
BR-LAW-0045,VII-C033,bridge_dependency
BR-LAW-0045,VII-C035,bridge_dependency
BR-LAW-0045,VII-C036,bridge_dependency
CG01,VII-C001,motivates
CG02,VII-C002,motivates
CG03,VII-C003,motivates
CG03,VII-C004,motivates
CG03,VII-C035,motivates
CG04,VII-C006,motivates
CG05,VII-C005,motivates
CG06,VII-C007,motivates
CG06,VII-C035,motivates
CG07,VII-C008,motivates
CG07,VII-C033,motivates
CG08,VII-C009,motivates
CG08,VII-C035,motivates
CG08,VII-C036,motivates
CG09,VII-C004,motivates
CG09,VII-C005,motivates
CG09,VII-C010,motivates
CG10,VII-C011,motivates
CG10,VII-C029,motivates
CG10,VII-C035,motivates
CG11,VII-C016,motivates
CG12,VII-C026,motivates
CG13,VII-C030,motivates
CG14,VII-C012,motivates
CG14,VII-C013,motivates
CG14,VII-C034,motivates
CG15,VII-C013,motivates
CG15,VII-C014,motivates
CG16,VII-C027,motivates
CG17,VII-C015,motivates
CG17,VII-C034,motivates
CG18,VII-C018,motivates
CG19,VII-C017,motivates
CG19,VII-C032,motivates
CG19,VII-C036,motivates
CG20,VII-C032,motivates
CG21,VII-C001,motivates
CG21,VII-C022,motivates
CG22,VII-C019,motivates
CG22,VII-C036,motivates
CG23,VII-C011,motivates
CG23,VII-C029,motivates
CG24,VII-C020,motivates
CG25,VII-C002,motivates
CG25,VII-C021,motivates
CG26,VII-C023,motivates
CG26,VII-C033,motivates
CG27,VII-C024,motivates
CG28,VII-C007,motivates
CG28,VII-C025,motivates
CG28,VII-C033,motivates
CG29,VII-C028,motivates
CG30,VII-C031,motivates
CLD-A1,CG07,belongs_to
CLD-A1,VII-C008,adjudicated_by
CLD-A1,VII-C033,adjudicated_by
CLD-A2,CG12,belongs_to
CLD-A2,VII-C026,adjudicated_by
CLD-A3,CG10,belongs_to
CLD-A3,VII-C011,adjudicated_by
CLD-A3,VII-C029,adjudicated_by
CLD-A3,VII-C035,adjudicated_by
CLD-A4,CG08,belongs_to
CLD-A4,VII-C009,adjudicated_by
CLD-A4,VII-C035,adjudicated_by
CLD-A4,VII-C036,adjudicated_by
CLD-A5,CG19,belongs_to
CLD-A5,VII-C017,adjudicated_by
CLD-A5,VII-C032,adjudicated_by
CLD-A5,VII-C036,adjudicated_by
CLD-B1,CG18,belongs_to
CLD-B1,VII-C018,adjudicated_by
CLD-B2,CG17,belongs_to
CLD-B2,VII-C015,adjudicated_by
CLD-B2,VII-C034,adjudicated_by
CLD-B3,CG18,belongs_to
CLD-B3,VII-C018,adjudicated_by
CLD-C1,CG14,belongs_to
CLD-C1,VII-C012,adjudicated_by
CLD-C1,VII-C013,adjudicated_by
CLD-C1,VII-C034,adjudicated_by
CLD-C2,CG14,belongs_to
CLD-C2,VII-C012,adjudicated_by
CLD-C2,VII-C013,adjudicated_by
CLD-C2,VII-C034,adjudicated_by
CLD-C3,CG14,belongs_to
CLD-C3,VII-C012,adjudicated_by
CLD-C3,VII-C013,adjudicated_by
CLD-C3,VII-C034,adjudicated_by
CLD-C4,CG16,belongs_to
CLD-C4,VII-C027,adjudicated_by
CLD-D1,CG21,belongs_to
CLD-D1,VII-C001,adjudicated_by
CLD-D1,VII-C022,adjudicated_by
CLD-D2,CG21,belongs_to
CLD-D2,VII-C001,adjudicated_by
CLD-D2,VII-C022,adjudicated_by
CLD-D3,CG02,belongs_to
CLD-D3,VII-C002,adjudicated_by
CLD-D4,CG21,belongs_to
CLD-D4,VII-C001,adjudicated_by
CLD-D4,VII-C022,adjudicated_by
CLD-DISC,CG27,belongs_to
CLD-DISC,VII-C024,adjudicated_by
CLD-E1,CG10,belongs_to
CLD-E1,VII-C011,adjudicated_by
CLD-E1,VII-C029,adjudicated_by
CLD-E1,VII-C035,adjudicated_by
CLD-E2,CG08,belongs_to
CLD-E2,VII-C009,adjudicated_by
CLD-E2,VII-C035,adjudicated_by
CLD-E2,VII-C036,adjudicated_by
CLD-E3,CG07,belongs_to
CLD-E3,VII-C008,adjudicated_by
CLD-E3,VII-C033,adjudicated_by
CLD-E4,CG19,belongs_to
CLD-E4,VII-C017,adjudicated_by
CLD-E4,VII-C032,adjudicated_by
CLD-E4,VII-C036,adjudicated_by
CLD-F,CG29,belongs_to
CLD-F,VII-C028,adjudicated_by
CLD-O1,CG21,belongs_to
CLD-O1,VII-C001,adjudicated_by
CLD-O1,VII-C022,adjudicated_by
CLD-O2,CG06,belongs_to
CLD-O2,VII-C007,adjudicated_by
CLD-O2,VII-C035,adjudicated_by
CLD-O3,CG14,belongs_to
CLD-O3,VII-C012,adjudicated_by
CLD-O3,VII-C013,adjudicated_by
CLD-O3,VII-C034,adjudicated_by
CLD-O4,CG17,belongs_to
CLD-O4,VII-C015,adjudicated_by
CLD-O4,VII-C034,adjudicated_by
CM-01,VII-C004,blocks_overread
CM-01,VII-C005,blocks_overread
CM-01,VII-C010,blocks_overread
CM-01,VII-C025,blocks_overread
CM-02,VII-C007,blocks_overread
CM-02,VII-C008,blocks_overread
CM-02,VII-C014,blocks_overread
CM-02,VII-C016,blocks_overread
CM-02,VII-C025,blocks_overread
CM-02,VII-C033,blocks_overread
CM-03,VII-C007,blocks_overread
CM-03,VII-C009,blocks_overread
CM-03,VII-C022,blocks_overread
CM-03,VII-C025,blocks_overread
CM-03,VII-C035,blocks_overread
CM-03,VII-C036,blocks_overread
CM-04,VII-C025,blocks_overread
CM-05,VII-C025,blocks_overread
CM-05,VII-C030,blocks_overread
CM-06,VII-C012,blocks_overread
CM-06,VII-C015,blocks_overread
CM-06,VII-C025,blocks_overread
CM-06,VII-C034,blocks_overread
CM-07,VII-C012,blocks_overread
CM-07,VII-C025,blocks_overread
CM-07,VII-C027,blocks_overread
CM-07,VII-C034,blocks_overread
CM-08,VII-C001,blocks_overread
CM-08,VII-C002,blocks_overread
CM-08,VII-C021,blocks_overread
CM-08,VII-C025,blocks_overread
CM-09,VII-C001,blocks_overread
CM-09,VII-C002,blocks_overread
CM-09,VII-C006,blocks_overread
CM-09,VII-C021,blocks_overread
CM-09,VII-C025,blocks_overread
CM-10,VII-C017,blocks_overread
CM-10,VII-C025,blocks_overread
CM-10,VII-C032,blocks_overread
CM-11,VII-C011,blocks_overread
CM-11,VII-C013,blocks_overread
CM-11,VII-C025,blocks_overread
CM-11,VII-C029,blocks_overread
CM-12,VII-C001,blocks_overread
CM-12,VII-C005,blocks_overread
CM-12,VII-C020,blocks_overread
CM-12,VII-C022,blocks_overread
CM-12,VII-C024,blocks_overread
CM-12,VII-C025,blocks_overread
CM-13,VII-C008,blocks_overread
CM-13,VII-C009,blocks_overread
CM-13,VII-C025,blocks_overread
CM-13,VII-C026,blocks_overread
CM-14,VII-C007,blocks_overread
CM-14,VII-C009,blocks_overread
CM-14,VII-C025,blocks_overread
CM-15,VII-C025,blocks_overread
CM-16,VII-C009,blocks_overread
CM-16,VII-C025,blocks_overread
CM-17,VII-C012,blocks_overread
CM-17,VII-C013,blocks_overread
CM-17,VII-C014,blocks_overread
CM-17,VII-C025,blocks_overread
CM-18,VII-C002,blocks_overread
CM-18,VII-C020,blocks_overread
CM-18,VII-C021,blocks_overread
CM-18,VII-C023,blocks_overread
CM-18,VII-C024,blocks_overread
CM-18,VII-C025,blocks_overread
CM-18,VII-C033,blocks_overread
CM-19,VII-C003,blocks_overread
CM-19,VII-C004,blocks_overread
CM-19,VII-C016,blocks_overread
CM-19,VII-C025,blocks_overread
CM-19,VII-C035,blocks_overread
CM-20,VII-C003,blocks_overread
CM-20,VII-C006,blocks_overread
CM-20,VII-C025,blocks_overread
CM-21,VII-C011,blocks_overread
CM-21,VII-C025,blocks_overread
CM-21,VII-C029,blocks_overread
CM-21,VII-C031,blocks_overread
CM-21,VII-C035,blocks_overread
CM-22,VII-C015,blocks_overread
CM-22,VII-C019,blocks_overread
CM-22,VII-C025,blocks_overread
CM-22,VII-C030,blocks_overread
CM-23,VII-C015,blocks_overread
CM-23,VII-C018,blocks_overread
CM-23,VII-C025,blocks_overread
CM-24,VII-C017,blocks_overread
CM-24,VII-C018,blocks_overread
CM-24,VII-C025,blocks_overread
CM-24,VII-C027,blocks_overread
CM-24,VII-C028,blocks_overread
CM-24,VII-C032,blocks_overread
CM-25,VII-C019,blocks_overread
CM-25,VII-C025,blocks_overread
CM-25,VII-C031,blocks_overread
CM-25,VII-C036,blocks_overread
CM-26,VII-C005,blocks_overread
CM-26,VII-C010,blocks_overread
CM-26,VII-C025,blocks_overread
CM-27,VII-C008,blocks_overread
CM-27,VII-C023,blocks_overread
CM-27,VII-C025,blocks_overread
CM-27,VII-C026,blocks_overread
CM-27,VII-C033,blocks_overread
Ch01,Ch02,precedes
Ch01,Ch12,precedes
Ch02,Ch03,precedes
Ch02,Ch04,precedes
Ch03,Ch04,precedes
Ch03,Ch06,precedes
Ch03,Ch07,precedes
Ch03,Ch08,precedes
Ch04,Ch05,precedes
Ch04,Ch07,precedes
Ch04,Ch08,precedes
Ch05,Ch06,precedes
Ch05,Ch09,precedes
Ch05,Ch10,precedes
Ch06,Ch11,precedes
Ch07,Ch09,precedes
Ch08,Ch11,precedes
Ch09,Ch10,precedes
Ch09,Ch11,precedes
Ch10,Ch11,precedes
Ch11,Ch12,precedes
DP01,VII-C007,governs
DP01,VII-C016,governs
DP02,VII-C008,governs
DP03,VII-C009,governs
DP03,VII-C010,governs
DP04,VII-C026,governs
DP05,VII-C011,governs
DP06,VII-C029,governs
DP06,VII-C031,governs
DP07,VII-C032,governs
DP08,VII-C013,governs
DP09,VII-C014,governs
DP10,VII-C030,governs
DP11,VII-C017,governs
DP11,VII-C032,governs
DP12,VII-C028,governs
DP13,VII-C020,governs
DP13,VII-C024,governs
DP14,VII-C024,governs
DP15,VII-C033,governs
E1,VII-C004,prior_machinery
E1,VII-C005,prior_machinery
E1,VII-C006,prior_machinery
E1,VII-C010,prior_machinery
E1,VII-C011,prior_machinery
E1,VII-C029,prior_machinery
E1,VII-C035,prior_machinery
E10,VII-C004,prior_machinery
E10,VII-C005,prior_machinery
E10,VII-C006,prior_machinery
E10,VII-C010,prior_machinery
E11,VII-C006,prior_machinery
E11,VII-C011,prior_machinery
E11,VII-C029,prior_machinery
E11,VII-C035,prior_machinery
E12,VII-C004,prior_machinery
E12,VII-C005,prior_machinery
E12,VII-C006,prior_machinery
E12,VII-C010,prior_machinery
E12,VII-C011,prior_machinery
E12,VII-C029,prior_machinery
E12,VII-C035,prior_machinery
E13,VII-C004,prior_machinery
E13,VII-C005,prior_machinery
E13,VII-C006,prior_machinery
E13,VII-C010,prior_machinery
E13,VII-C011,prior_machinery
E13,VII-C029,prior_machinery
E13,VII-C035,prior_machinery
E14,VII-C004,prior_machinery
E14,VII-C005,prior_machinery
E14,VII-C010,prior_machinery
E14,VII-C011,prior_machinery
E14,VII-C029,prior_machinery
E14,VII-C035,prior_machinery
E15,VII-C002,prior_machinery
E15,VII-C004,prior_machinery
E15,VII-C005,prior_machinery
E15,VII-C010,prior_machinery
E16,VII-C001,prior_machinery
E16,VII-C004,prior_machinery
E16,VII-C005,prior_machinery
E16,VII-C006,prior_machinery
E16,VII-C010,prior_machinery
E16,VII-C011,prior_machinery
E16,VII-C017,prior_machinery
E16,VII-C022,prior_machinery
E16,VII-C029,prior_machinery
E16,VII-C032,prior_machinery
E16,VII-C035,prior_machinery
E16,VII-C036,prior_machinery
E2,VII-C001,prior_machinery
E2,VII-C004,prior_machinery
E2,VII-C005,prior_machinery
E2,VII-C006,prior_machinery
E2,VII-C010,prior_machinery
E2,VII-C011,prior_machinery
E2,VII-C029,prior_machinery
E2,VII-C035,prior_machinery
E3,VII-C001,prior_machinery
E3,VII-C002,prior_machinery
E4,VII-C001,prior_machinery
E4,VII-C004,prior_machinery
E4,VII-C005,prior_machinery
E4,VII-C006,prior_machinery
E4,VII-C010,prior_machinery
E4,VII-C011,prior_machinery
E4,VII-C029,prior_machinery
E4,VII-C035,prior_machinery
E5,VII-C001,prior_machinery
E5,VII-C006,prior_machinery
E6,VII-C006,prior_machinery
E6,VII-C011,prior_machinery
E6,VII-C029,prior_machinery
E6,VII-C035,prior_machinery
E8,VII-C001,prior_machinery
E8,VII-C002,prior_machinery
E8,VII-C006,prior_machinery
E8,VII-C011,prior_machinery
E8,VII-C029,prior_machinery
E8,VII-C035,prior_machinery
E9,VII-C004,prior_machinery
E9,VII-C005,prior_machinery
E9,VII-C010,prior_machinery
F10,VII-C004,prior_machinery
F10,VII-C005,prior_machinery
F10,VII-C006,prior_machinery
F10,VII-C010,prior_machinery
F10,VII-C011,prior_machinery
F10,VII-C017,prior_machinery
F10,VII-C029,prior_machinery
F10,VII-C032,prior_machinery
F10,VII-C035,prior_machinery
F10,VII-C036,prior_machinery
F11,VII-C004,prior_machinery
F11,VII-C005,prior_machinery
F11,VII-C006,prior_machinery
F11,VII-C009,prior_machinery
F11,VII-C010,prior_machinery
F11,VII-C011,prior_machinery
F11,VII-C017,prior_machinery
F11,VII-C029,prior_machinery
F11,VII-C032,prior_machinery
F11,VII-C035,prior_machinery
F11,VII-C036,prior_machinery
F12,VII-C003,prior_machinery
F12,VII-C004,prior_machinery
F12,VII-C005,prior_machinery
F12,VII-C006,prior_machinery
F12,VII-C010,prior_machinery
F12,VII-C011,prior_machinery
F12,VII-C017,prior_machinery
F12,VII-C029,prior_machinery
F12,VII-C032,prior_machinery
F12,VII-C035,prior_machinery
F12,VII-C036,prior_machinery
F13a,VII-C003,prior_machinery
F13a,VII-C004,prior_machinery
F13a,VII-C005,prior_machinery
F13a,VII-C006,prior_machinery
F13a,VII-C010,prior_machinery
F13a,VII-C011,prior_machinery
F13a,VII-C012,prior_machinery
F13a,VII-C013,prior_machinery
F13a,VII-C017,prior_machinery
F13a,VII-C018,prior_machinery
F13a,VII-C026,prior_machinery
F13a,VII-C027,prior_machinery
F13a,VII-C029,prior_machinery
F13a,VII-C032,prior_machinery
F13a,VII-C034,prior_machinery
F13a,VII-C035,prior_machinery
F13a,VII-C036,prior_machinery
F13b,VII-C003,prior_machinery
F13b,VII-C004,prior_machinery
F13b,VII-C008,prior_machinery
F13b,VII-C009,prior_machinery
F13b,VII-C012,prior_machinery
F13b,VII-C013,prior_machinery
F13b,VII-C027,prior_machinery
F13b,VII-C033,prior_machinery
F13b,VII-C034,prior_machinery
F13b,VII-C035,prior_machinery
F13b,VII-C036,prior_machinery
F14,VII-C005,prior_machinery
F14,VII-C009,prior_machinery
F14,VII-C035,prior_machinery
F14,VII-C036,prior_machinery
F15a,VII-C001,prior_machinery
F15b,VII-C003,prior_machinery
F15b,VII-C004,prior_machinery
F15b,VII-C035,prior_machinery
F17,VII-C004,prior_machinery
F17,VII-C005,prior_machinery
F17,VII-C006,prior_machinery
F17,VII-C008,prior_machinery
F17,VII-C010,prior_machinery
F17,VII-C011,prior_machinery
F17,VII-C017,prior_machinery
F17,VII-C029,prior_machinery
F17,VII-C032,prior_machinery
F17,VII-C033,prior_machinery
F17,VII-C035,prior_machinery
F17,VII-C036,prior_machinery
F18,VII-C008,prior_machinery
F18,VII-C033,prior_machinery
F19,VII-C004,prior_machinery
F19,VII-C005,prior_machinery
F19,VII-C006,prior_machinery
F19,VII-C008,prior_machinery
F19,VII-C010,prior_machinery
F19,VII-C011,prior_machinery
F19,VII-C017,prior_machinery
F19,VII-C029,prior_machinery
F19,VII-C032,prior_machinery
F19,VII-C033,prior_machinery
F19,VII-C035,prior_machinery
F19,VII-C036,prior_machinery
F2,VII-C001,prior_machinery
F2,VII-C004,prior_machinery
F2,VII-C005,prior_machinery
F2,VII-C006,prior_machinery
F2,VII-C010,prior_machinery
F2,VII-C011,prior_machinery
F2,VII-C017,prior_machinery
F2,VII-C018,prior_machinery
F2,VII-C026,prior_machinery
F2,VII-C029,prior_machinery
F2,VII-C030,prior_machinery
F2,VII-C032,prior_machinery
F2,VII-C035,prior_machinery
F2,VII-C036,prior_machinery
F20,VII-C001,prior_machinery
F20,VII-C002,prior_machinery
F20,VII-C003,prior_machinery
F20,VII-C004,prior_machinery
F20,VII-C005,prior_machinery
F20,VII-C009,prior_machinery
F20,VII-C010,prior_machinery
F20,VII-C011,prior_machinery
F20,VII-C017,prior_machinery
F20,VII-C029,prior_machinery
F20,VII-C032,prior_machinery
F20,VII-C035,prior_machinery
F20,VII-C036,prior_machinery
F21,VII-C001,prior_machinery
F21,VII-C004,prior_machinery
F21,VII-C005,prior_machinery
F21,VII-C006,prior_machinery
F21,VII-C010,prior_machinery
F21,VII-C011,prior_machinery
F21,VII-C017,prior_machinery
F21,VII-C029,prior_machinery
F21,VII-C032,prior_machinery
F21,VII-C035,prior_machinery
F21,VII-C036,prior_machinery
F22,VII-C003,prior_machinery
F22,VII-C004,prior_machinery
F22,VII-C035,prior_machinery
F24,VII-C009,prior_machinery
F24,VII-C035,prior_machinery
F24,VII-C036,prior_machinery
F25,VII-C004,prior_machinery
F25,VII-C005,prior_machinery
F25,VII-C010,prior_machinery
F25,VII-C017,prior_machinery
F25,VII-C032,prior_machinery
F25,VII-C036,prior_machinery
F26,VII-C005,prior_machinery
F26,VII-C016,prior_machinery
F27,VII-C006,prior_machinery
F27,VII-C011,prior_machinery
F27,VII-C016,prior_machinery
F27,VII-C017,prior_machinery
F27,VII-C018,prior_machinery
F27,VII-C029,prior_machinery
F27,VII-C031,prior_machinery
F27,VII-C032,prior_machinery
F27,VII-C035,prior_machinery
F27,VII-C036,prior_machinery
F29,VII-C009,prior_machinery
F29,VII-C035,prior_machinery
F29,VII-C036,prior_machinery
F3,VII-C002,prior_machinery
F3,VII-C003,prior_machinery
F3,VII-C004,prior_machinery
F3,VII-C005,prior_machinery
F3,VII-C006,prior_machinery
F3,VII-C008,prior_machinery
F3,VII-C010,prior_machinery
F3,VII-C011,prior_machinery
F3,VII-C017,prior_machinery
F3,VII-C018,prior_machinery
F3,VII-C026,prior_machinery
F3,VII-C029,prior_machinery
F3,VII-C032,prior_machinery
F3,VII-C033,prior_machinery
F3,VII-C035,prior_machinery
F3,VII-C036,prior_machinery
F31,VII-C004,prior_machinery
F31,VII-C005,prior_machinery
F31,VII-C010,prior_machinery
F31,VII-C017,prior_machinery
F31,VII-C032,prior_machinery
F31,VII-C036,prior_machinery
F33,VII-C008,prior_machinery
F33,VII-C033,prior_machinery
F34,VII-C001,prior_machinery
F34,VII-C006,prior_machinery
F34,VII-C016,prior_machinery
F34,VII-C017,prior_machinery
F34,VII-C018,prior_machinery
F34,VII-C022,prior_machinery
F34,VII-C026,prior_machinery
F34,VII-C030,prior_machinery
F34,VII-C032,prior_machinery
F34,VII-C036,prior_machinery
F36,VII-C008,prior_machinery
F36,VII-C033,prior_machinery
F37,VII-C005,prior_machinery
F37,VII-C008,prior_machinery
F37,VII-C009,prior_machinery
F37,VII-C011,prior_machinery
F37,VII-C029,prior_machinery
F37,VII-C033,prior_machinery
F37,VII-C035,prior_machinery
F37,VII-C036,prior_machinery
F4,VII-C001,prior_machinery
F4,VII-C006,prior_machinery
F4,VII-C011,prior_machinery
F4,VII-C017,prior_machinery
F4,VII-C018,prior_machinery
F4,VII-C029,prior_machinery
F4,VII-C032,prior_machinery
F4,VII-C035,prior_machinery
F4,VII-C036,prior_machinery
F40,VII-C006,prior_machinery
F40,VII-C008,prior_machinery
F40,VII-C017,prior_machinery
F40,VII-C032,prior_machinery
F40,VII-C033,prior_machinery
F40,VII-C036,prior_machinery
F42,VII-C012,prior_machinery
F42,VII-C013,prior_machinery
F42,VII-C027,prior_machinery
F42,VII-C034,prior_machinery
F45,VII-C001,prior_machinery
F46,VII-C003,prior_machinery
F46,VII-C004,prior_machinery
F46,VII-C009,prior_machinery
F46,VII-C035,prior_machinery
F46,VII-C036,prior_machinery
F47,VII-C005,prior_machinery
F47,VII-C016,prior_machinery
F48,VII-C016,prior_machinery
F49,VII-C005,prior_machinery
F50,VII-C016,prior_machinery
F51,VII-C005,prior_machinery
F51,VII-C008,prior_machinery
F51,VII-C009,prior_machinery
F51,VII-C016,prior_machinery
F51,VII-C033,prior_machinery
F51,VII-C035,prior_machinery
F51,VII-C036,prior_machinery
F52,VII-C008,prior_machinery
F52,VII-C033,prior_machinery
F6,VII-C003,prior_machinery
F6,VII-C004,prior_machinery
F6,VII-C005,prior_machinery
F6,VII-C006,prior_machinery
F6,VII-C008,prior_machinery
F6,VII-C009,prior_machinery
F6,VII-C010,prior_machinery
F6,VII-C011,prior_machinery
F6,VII-C017,prior_machinery
F6,VII-C029,prior_machinery
F6,VII-C032,prior_machinery
F6,VII-C033,prior_machinery
F6,VII-C035,prior_machinery
F6,VII-C036,prior_machinery
F7,VII-C004,prior_machinery
F7,VII-C005,prior_machinery
F7,VII-C006,prior_machinery
F7,VII-C008,prior_machinery
F7,VII-C010,prior_machinery
F7,VII-C011,prior_machinery
F7,VII-C017,prior_machinery
F7,VII-C029,prior_machinery
F7,VII-C032,prior_machinery
F7,VII-C033,prior_machinery
F7,VII-C035,prior_machinery
F7,VII-C036,prior_machinery
F8,VII-C004,prior_machinery
F8,VII-C005,prior_machinery
F8,VII-C009,prior_machinery
F8,VII-C010,prior_machinery
F8,VII-C017,prior_machinery
F8,VII-C032,prior_machinery
F8,VII-C035,prior_machinery
F8,VII-C036,prior_machinery
F9,VII-C001,prior_machinery
F9,VII-C002,prior_machinery
F9,VII-C004,prior_machinery
F9,VII-C005,prior_machinery
F9,VII-C006,prior_machinery
F9,VII-C010,prior_machinery
F9,VII-C011,prior_machinery
F9,VII-C017,prior_machinery
F9,VII-C029,prior_machinery
F9,VII-C032,prior_machinery
F9,VII-C035,prior_machinery
F9,VII-C036,prior_machinery
FT01,SixBirds.ClaimRecord,reuses
FT01,SixBirdsFoundationsV.AccessPolicy,reuses
FT02,SixBirdsFoundationsV.RepairGeneratorReachabilityCertified,reuses
FT02,SixBirdsFoundationsV.RepairGeneratorReachabilityRecord,reuses
FT03,SixBirdsFoundationsV.NoReachableRepairGenerator,reuses
FT04,SixBirdsFoundationsV.SharedBudgetAllocationRecord,reuses
FT05,SixBirdsFoundationsV.CarriedSource,reuses
FT05,SixBirdsFoundationsV.TransportTokenRecord,reuses
FT06,SixBirdsIII.InstrumentClaimRecord,reuses
FT07,SixBirdsFoundationsV.join_well_defined,reuses
FT07,SixBirdsFoundationsV.repairJoin,reuses
FT08,SixBirdsFoundationsV.StrictSelfExtension,reuses
FT09,SixBirdsFoundationsV.BudgetFeasible,reuses
FT09,SixBirdsFoundationsV.ObstructionStatusRecord,reuses
FT10,SixBirdsFoundationsV.E11_NCTDObstruction,reuses
FT11,SixBirdsFoundationsV.RepairGeneratorReachabilityRecord,reuses
FT12,SixBirdsFoundationsV.NoReachableRepairGeneratorExcludesEndogenousFamily,reuses
FT13,SixBirdsIII.descent_square_recovery,reuses
FT14,SixBirdsFoundationsVI.Laws.G8OdometerAbelianization.caseB_confluent_runs_share_final,reuses
FT14,SixBirdsFoundationsVI.Laws.G8OdometerAbelianization.caseD_nonconfluent_witness,reuses
FT15,HolonomyMemory.LoopAsymmetry,reuses
FT15,HolonomyMemory.loopAsymmetry_exhibits_movedPredictive_fixedCurrent,reuses
FT16,SixBirdsFoundationsV.BindingExposureBudget,reuses
FT16,SixBirdsFoundationsV.PositiveAccessMoveCosts,reuses
FT17,SixBirds.AdmissibleClaim,reuses
FT17,SixBirds.NonclaimRecord,reuses
FT18,SixBirdsMetaMath.FoundationsIV.Access.NoFreeDistinction.financed_refinement_retains_access,reuses
FT19,SixBirdsMetaMath.FoundationsIV.StatusRecordsCoherence.ObjectPersistence.persistence_extension_retains_old,reuses
FT20,SixBirdsFoundationsV.ResidualStatusRecord,reuses
FT20,SixBirdsMetaMath.Xi.Obstruction.blindSpotWitness,reuses
G1,VII-C006,prior_machinery
G1,VII-C011,prior_machinery
G1,VII-C017,prior_machinery
G1,VII-C018,prior_machinery
G1,VII-C026,prior_machinery
G1,VII-C029,prior_machinery
G1,VII-C032,prior_machinery
G1,VII-C035,prior_machinery
G1,VII-C036,prior_machinery
G10,VII-C017,prior_machinery
G10,VII-C018,prior_machinery
G10,VII-C026,prior_machinery
G10,VII-C032,prior_machinery
G10,VII-C036,prior_machinery
G11,VII-C006,prior_machinery
G11,VII-C017,prior_machinery
G11,VII-C032,prior_machinery
G11,VII-C036,prior_machinery
G12,VII-C011,prior_machinery
G12,VII-C017,prior_machinery
G12,VII-C029,prior_machinery
G12,VII-C032,prior_machinery
G12,VII-C035,prior_machinery
G12,VII-C036,prior_machinery
G13,VII-C006,prior_machinery
G13,VII-C011,prior_machinery
G13,VII-C017,prior_machinery
G13,VII-C018,prior_machinery
G13,VII-C029,prior_machinery
G13,VII-C032,prior_machinery
G13,VII-C035,prior_machinery
G13,VII-C036,prior_machinery
G2,VII-C011,prior_machinery
G2,VII-C017,prior_machinery
G2,VII-C018,prior_machinery
G2,VII-C026,prior_machinery
G2,VII-C029,prior_machinery
G2,VII-C032,prior_machinery
G2,VII-C035,prior_machinery
G2,VII-C036,prior_machinery
G3,VII-C017,prior_machinery
G3,VII-C032,prior_machinery
G3,VII-C036,prior_machinery
G5,VII-C011,prior_machinery
G5,VII-C017,prior_machinery
G5,VII-C018,prior_machinery
G5,VII-C026,prior_machinery
G5,VII-C029,prior_machinery
G5,VII-C032,prior_machinery
G5,VII-C035,prior_machinery
G5,VII-C036,prior_machinery
G6,VII-C006,prior_machinery
G6,VII-C017,prior_machinery
G6,VII-C032,prior_machinery
G6,VII-C036,prior_machinery
G7,VII-C006,prior_machinery
G7,VII-C017,prior_machinery
G7,VII-C032,prior_machinery
G7,VII-C036,prior_machinery
G8,VII-C018,prior_machinery
G9,VII-C006,prior_machinery
G9,VII-C011,prior_machinery
G9,VII-C017,prior_machinery
G9,VII-C029,prior_machinery
G9,VII-C032,prior_machinery
G9,VII-C035,prior_machinery
G9,VII-C036,prior_machinery
MED-B1,CG15,belongs_to
MED-B1,VII-C013,adjudicated_by
MED-B1,VII-C014,adjudicated_by
MED-B2,CG15,belongs_to
MED-B2,VII-C013,adjudicated_by
MED-B2,VII-C014,adjudicated_by
MED-B3,CG14,belongs_to
MED-B3,VII-C012,adjudicated_by
MED-B3,VII-C013,adjudicated_by
MED-B3,VII-C034,adjudicated_by
MED-CIRC,CG20,belongs_to
MED-CIRC,VII-C032,adjudicated_by
MED-D1,CG06,belongs_to
MED-D1,VII-C007,adjudicated_by
MED-D1,VII-C035,adjudicated_by
MED-D2,CG07,belongs_to
MED-D2,VII-C008,adjudicated_by
MED-D2,VII-C033,adjudicated_by
MED-D3,CG11,belongs_to
MED-D3,VII-C016,adjudicated_by
MED-D4,CG17,belongs_to
MED-D4,VII-C015,adjudicated_by
MED-D4,VII-C034,adjudicated_by
MED-D5,CG24,belongs_to
MED-D5,VII-C020,adjudicated_by
MED-H1,CG19,belongs_to
MED-H1,VII-C017,adjudicated_by
MED-H1,VII-C032,adjudicated_by
MED-H1,VII-C036,adjudicated_by
MED-H2,CG19,belongs_to
MED-H2,VII-C017,adjudicated_by
MED-H2,VII-C032,adjudicated_by
MED-H2,VII-C036,adjudicated_by
MED-H3,CG20,belongs_to
MED-H3,VII-C032,adjudicated_by
MED-H4,CG20,belongs_to
MED-H4,VII-C032,adjudicated_by
MED-H5,CG20,belongs_to
MED-H5,VII-C032,adjudicated_by
MED-I1,CG28,belongs_to
MED-I1,VII-C007,adjudicated_by
MED-I1,VII-C025,adjudicated_by
MED-I1,VII-C033,adjudicated_by
MED-I2,CG28,belongs_to
MED-I2,VII-C007,adjudicated_by
MED-I2,VII-C025,adjudicated_by
MED-I2,VII-C033,adjudicated_by
MED-I3,CG23,belongs_to
MED-I3,VII-C011,adjudicated_by
MED-I3,VII-C029,adjudicated_by
MED-I4,CG28,belongs_to
MED-I4,VII-C007,adjudicated_by
MED-I4,VII-C025,adjudicated_by
MED-I4,VII-C033,adjudicated_by
MED-I5,CG06,belongs_to
MED-I5,VII-C007,adjudicated_by
MED-I5,VII-C035,adjudicated_by
MED-M1,CG24,belongs_to
MED-M1,VII-C020,adjudicated_by
MED-M2,CG24,belongs_to
MED-M2,VII-C020,adjudicated_by
MED-M3,CG24,belongs_to
MED-M3,VII-C020,adjudicated_by
MED-N1,CG22,belongs_to
MED-N1,VII-C019,adjudicated_by
MED-N1,VII-C036,adjudicated_by
MED-N2,CG22,belongs_to
MED-N2,VII-C019,adjudicated_by
MED-N2,VII-C036,adjudicated_by
MED-N3,CG22,belongs_to
MED-N3,VII-C019,adjudicated_by
MED-N3,VII-C036,adjudicated_by
MED-N4,CG22,belongs_to
MED-N4,VII-C019,adjudicated_by
MED-N4,VII-C036,adjudicated_by
MED-NG1,CG08,belongs_to
MED-NG1,VII-C009,adjudicated_by
MED-NG1,VII-C035,adjudicated_by
MED-NG1,VII-C036,adjudicated_by
MED-NG2,CG09,belongs_to
MED-NG2,VII-C004,adjudicated_by
MED-NG2,VII-C005,adjudicated_by
MED-NG2,VII-C010,adjudicated_by
MED-NG3,CG17,belongs_to
MED-NG3,VII-C015,adjudicated_by
MED-NG3,VII-C034,adjudicated_by
MED-NG4,CG10,belongs_to
MED-NG4,VII-C011,adjudicated_by
MED-NG4,VII-C029,adjudicated_by
MED-NG4,VII-C035,adjudicated_by
MED-NG5,CG10,belongs_to
MED-NG5,VII-C011,adjudicated_by
MED-NG5,VII-C029,adjudicated_by
MED-NG5,VII-C035,adjudicated_by
MED-S1,CG09,belongs_to
MED-S1,VII-C004,adjudicated_by
MED-S1,VII-C005,adjudicated_by
MED-S1,VII-C010,adjudicated_by
MED-S2,CG28,belongs_to
MED-S2,VII-C007,adjudicated_by
MED-S2,VII-C025,adjudicated_by
MED-S2,VII-C033,adjudicated_by
MED-S3,CG27,belongs_to
MED-S3,VII-C024,adjudicated_by
MED-S4,CG03,belongs_to
MED-S4,VII-C003,adjudicated_by
MED-S4,VII-C004,adjudicated_by
MED-S4,VII-C035,adjudicated_by
MED-S5,CG26,belongs_to
MED-S5,VII-C023,adjudicated_by
MED-S5,VII-C033,adjudicated_by
MED-S6,CG25,belongs_to
MED-S6,VII-C002,adjudicated_by
MED-S6,VII-C021,adjudicated_by
MED-T1,CG08,belongs_to
MED-T1,VII-C009,adjudicated_by
MED-T1,VII-C035,adjudicated_by
MED-T1,VII-C036,adjudicated_by
MED-T2,CG13,belongs_to
MED-T2,VII-C030,adjudicated_by
MED-T3,CG07,belongs_to
MED-T3,VII-C008,adjudicated_by
MED-T3,VII-C033,adjudicated_by
MED-T4,CG11,belongs_to
MED-T4,VII-C016,adjudicated_by
MED-T5,CG30,belongs_to
MED-T5,VII-C031,adjudicated_by
MED-T6,CG13,belongs_to
MED-T6,VII-C030,adjudicated_by
MED-T7,CG07,belongs_to
MED-T7,VII-C008,adjudicated_by
MED-T7,VII-C033,adjudicated_by
MED-UP,CG17,belongs_to
MED-UP,VII-C015,adjudicated_by
MED-UP,VII-C034,adjudicated_by
MM-BOOT,CG03,belongs_to
MM-BOOT,VII-C003,adjudicated_by
MM-BOOT,VII-C004,adjudicated_by
MM-BOOT,VII-C035,adjudicated_by
MM-BRIDGE,CG24,belongs_to
MM-BRIDGE,VII-C020,adjudicated_by
MM-HORIZON,CG25,belongs_to
MM-HORIZON,VII-C002,adjudicated_by
MM-HORIZON,VII-C021,adjudicated_by
MM-INDEP,CG09,belongs_to
MM-INDEP,VII-C004,adjudicated_by
MM-INDEP,VII-C005,adjudicated_by
MM-INDEP,VII-C010,adjudicated_by
MM-JOINNF,CG06,belongs_to
MM-JOINNF,VII-C007,adjudicated_by
MM-JOINNF,VII-C035,adjudicated_by
MM-LOCAL,CG11,belongs_to
MM-LOCAL,VII-C016,adjudicated_by
MM-NG1,CG03,belongs_to
MM-NG1,VII-C003,adjudicated_by
MM-NG1,VII-C004,adjudicated_by
MM-NG1,VII-C035,adjudicated_by
MM-NG2,CG09,belongs_to
MM-NG2,VII-C004,adjudicated_by
MM-NG2,VII-C005,adjudicated_by
MM-NG2,VII-C010,adjudicated_by
MM-NG3,CG23,belongs_to
MM-NG3,VII-C011,adjudicated_by
MM-NG3,VII-C029,adjudicated_by
MM-NG4,CG26,belongs_to
MM-NG4,VII-C023,adjudicated_by
MM-NG4,VII-C033,adjudicated_by
MM-NONGOAL,CG27,belongs_to
MM-NONGOAL,VII-C024,adjudicated_by
MM-OBSERVER,CG23,belongs_to
MM-OBSERVER,VII-C011,adjudicated_by
MM-OBSERVER,VII-C029,adjudicated_by
MM-OP1,CG10,belongs_to
MM-OP1,VII-C011,adjudicated_by
MM-OP1,VII-C029,adjudicated_by
MM-OP1,VII-C035,adjudicated_by
MM-OP2,CG19,belongs_to
MM-OP2,VII-C017,adjudicated_by
MM-OP2,VII-C032,adjudicated_by
MM-OP2,VII-C036,adjudicated_by
MM-OP3,CG11,belongs_to
MM-OP3,VII-C016,adjudicated_by
MM-OP4,CG15,belongs_to
MM-OP4,VII-C013,adjudicated_by
MM-OP4,VII-C014,adjudicated_by
MM-SEED,CG03,belongs_to
MM-SEED,VII-C003,adjudicated_by
MM-SEED,VII-C004,adjudicated_by
MM-SEED,VII-C035,adjudicated_by
MM-STATUS,CG01,belongs_to
MM-STATUS,VII-C001,adjudicated_by
MM-WITHDRAW,CG24,belongs_to
MM-WITHDRAW,VII-C020,adjudicated_by
NGVII-01,TTW-S01,failure_assay
NGVII-01,TTW-S02,escape_control
NGVII-01,VII-C003,no_go_front_for
NGVII-01,VII-C035,no_go_front_for
NGVII-02,TTW-S05,failure_assay
NGVII-02,TTW-S08,escape_control
NGVII-02,VII-C009,no_go_front_for
NGVII-02,VII-C010,no_go_front_for
NGVII-03,TTW-S03,escape_control
NGVII-03,TTW-S04,failure_assay
NGVII-03,VII-C006,no_go_front_for
NGVII-04,TTW-S08,escape_control
NGVII-04,TTW-S23,failure_assay
NGVII-04,VII-C005,no_go_front_for
NGVII-04,VII-C020,no_go_front_for
NGVII-05,TTW-S02,escape_control
NGVII-05,TTW-S22,failure_assay
NGVII-05,VII-C029,no_go_front_for
NGVII-06,TTW-S06,failure_assay
NGVII-06,TTW-S08,escape_control
NGVII-06,VII-C007,no_go_front_for
NGVII-06,VII-C008,no_go_front_for
NGVII-07,TTW-S07,failure_assay
NGVII-07,TTW-S08,escape_control
NGVII-07,VII-C009,no_go_front_for
NGVII-08,TTW-S05,failure_assay
NGVII-08,TTW-S08,escape_control
NGVII-08,VII-C010,no_go_front_for
NGVII-09,TTW-S08,escape_control
NGVII-09,TTW-S10,failure_assay
NGVII-09,VII-C011,no_go_front_for
NGVII-09,VII-C035,no_go_front_for
NGVII-10,TTW-S17,failure_assay
NGVII-10,TTW-S18,escape_control
NGVII-10,VII-C017,no_go_front_for
NGVII-10,VII-C032,no_go_front_for
NGVII-11,TTW-S20,failure_assay
NGVII-11,TTW-S21,escape_control
NGVII-11,VII-C021,no_go_front_for
NG_ARROW_DPI,VII-C001,prior_machinery
NG_ARROW_DPI,VII-C003,prior_machinery
NG_ARROW_DPI,VII-C004,prior_machinery
NG_ARROW_DPI,VII-C007,prior_machinery
NG_ARROW_DPI,VII-C019,prior_machinery
NG_ARROW_DPI,VII-C025,prior_machinery
NG_ARROW_DPI,VII-C033,prior_machinery
NG_ARROW_DPI,VII-C035,prior_machinery
NG_ARROW_DPI,VII-C036,prior_machinery
NG_FORCE_FOREST,VII-C003,prior_machinery
NG_FORCE_FOREST,VII-C004,prior_machinery
NG_FORCE_FOREST,VII-C007,prior_machinery
NG_FORCE_FOREST,VII-C008,prior_machinery
NG_FORCE_FOREST,VII-C019,prior_machinery
NG_FORCE_FOREST,VII-C025,prior_machinery
NG_FORCE_FOREST,VII-C033,prior_machinery
NG_FORCE_FOREST,VII-C035,prior_machinery
NG_FORCE_FOREST,VII-C036,prior_machinery
NG_FORCE_NULL,VII-C001,prior_machinery
NG_FORCE_NULL,VII-C003,prior_machinery
NG_FORCE_NULL,VII-C004,prior_machinery
NG_FORCE_NULL,VII-C007,prior_machinery
NG_FORCE_NULL,VII-C008,prior_machinery
NG_FORCE_NULL,VII-C019,prior_machinery
NG_FORCE_NULL,VII-C025,prior_machinery
NG_FORCE_NULL,VII-C033,prior_machinery
NG_FORCE_NULL,VII-C035,prior_machinery
NG_FORCE_NULL,VII-C036,prior_machinery
NG_LADDER_BOUNDED_INTERFACE,VII-C001,prior_machinery
NG_LADDER_BOUNDED_INTERFACE,VII-C003,prior_machinery
NG_LADDER_BOUNDED_INTERFACE,VII-C004,prior_machinery
NG_LADDER_BOUNDED_INTERFACE,VII-C007,prior_machinery
NG_LADDER_BOUNDED_INTERFACE,VII-C008,prior_machinery
NG_LADDER_BOUNDED_INTERFACE,VII-C019,prior_machinery
NG_LADDER_BOUNDED_INTERFACE,VII-C025,prior_machinery
NG_LADDER_BOUNDED_INTERFACE,VII-C033,prior_machinery
NG_LADDER_BOUNDED_INTERFACE,VII-C035,prior_machinery
NG_LADDER_BOUNDED_INTERFACE,VII-C036,prior_machinery
NG_LADDER_IDEM,VII-C003,prior_machinery
NG_LADDER_IDEM,VII-C004,prior_machinery
NG_LADDER_IDEM,VII-C007,prior_machinery
NG_LADDER_IDEM,VII-C008,prior_machinery
NG_LADDER_IDEM,VII-C019,prior_machinery
NG_LADDER_IDEM,VII-C025,prior_machinery
NG_LADDER_IDEM,VII-C033,prior_machinery
NG_LADDER_IDEM,VII-C035,prior_machinery
NG_LADDER_IDEM,VII-C036,prior_machinery
NG_MACRO_CLOSURE_DEFICIT,VII-C001,prior_machinery
NG_MACRO_CLOSURE_DEFICIT,VII-C003,prior_machinery
NG_MACRO_CLOSURE_DEFICIT,VII-C004,prior_machinery
NG_MACRO_CLOSURE_DEFICIT,VII-C007,prior_machinery
NG_MACRO_CLOSURE_DEFICIT,VII-C008,prior_machinery
NG_MACRO_CLOSURE_DEFICIT,VII-C019,prior_machinery
NG_MACRO_CLOSURE_DEFICIT,VII-C025,prior_machinery
NG_MACRO_CLOSURE_DEFICIT,VII-C033,prior_machinery
NG_MACRO_CLOSURE_DEFICIT,VII-C035,prior_machinery
NG_MACRO_CLOSURE_DEFICIT,VII-C036,prior_machinery
NG_OBJECT_CONTRACTIVE,VII-C001,prior_machinery
NG_OBJECT_CONTRACTIVE,VII-C003,prior_machinery
NG_OBJECT_CONTRACTIVE,VII-C004,prior_machinery
NG_OBJECT_CONTRACTIVE,VII-C007,prior_machinery
NG_OBJECT_CONTRACTIVE,VII-C008,prior_machinery
NG_OBJECT_CONTRACTIVE,VII-C019,prior_machinery
NG_OBJECT_CONTRACTIVE,VII-C025,prior_machinery
NG_OBJECT_CONTRACTIVE,VII-C033,prior_machinery
NG_OBJECT_CONTRACTIVE,VII-C035,prior_machinery
NG_OBJECT_CONTRACTIVE,VII-C036,prior_machinery
NG_PROTOCOL_TRAP,VII-C007,prior_machinery
NG_PROTOCOL_TRAP,VII-C008,prior_machinery
NG_PROTOCOL_TRAP,VII-C019,prior_machinery
NG_PROTOCOL_TRAP,VII-C025,prior_machinery
NG_PROTOCOL_TRAP,VII-C033,prior_machinery
NG_PROTOCOL_TRAP,VII-C036,prior_machinery
P001-C0001,VII-C024,SUPPORT
P001-C0003,VII-C024,BOUNDARY
P001-C0035,VII-C024,BOUNDARY
P002-C0001,VII-C024,SUPPORT
P002-C0002,VII-C024,BOUNDARY
P002-C0003,VII-C024,BOUNDARY
P002-C0017,VII-C024,BOUNDARY
P003-C0001,VII-C002,SUPPORT
P003-C0006,VII-C015,BOUNDARY
P003-C0006,VII-C034,BOUNDARY
P003-C0008,VII-C015,BOUNDARY
P003-C0008,VII-C034,BOUNDARY
P003-C0012,VII-C009,SUPPORT
P003-C0012,VII-C035,SUPPORT
P003-C0012,VII-C036,SUPPORT
P003-C0013,VII-C002,SUPPORT
P003-C0013,VII-C009,SUPPORT
P003-C0013,VII-C035,SUPPORT
P003-C0013,VII-C036,SUPPORT
P003-C0014,VII-C002,OPEN
P003-C0014,VII-C007,OPEN
P003-C0014,VII-C009,OPEN
P003-C0014,VII-C015,OPEN
P003-C0014,VII-C034,OPEN
P003-C0014,VII-C035,OPEN
P003-C0014,VII-C036,OPEN
P003-C0015,VII-C015,SUPPORT
P003-C0015,VII-C034,SUPPORT
P003-C0017,VII-C009,BOUNDARY
P003-C0017,VII-C035,BOUNDARY
P003-C0017,VII-C036,BOUNDARY
P003-C0019,VII-C007,BOUNDARY
P003-C0019,VII-C009,BOUNDARY
P003-C0019,VII-C035,BOUNDARY
P003-C0019,VII-C036,BOUNDARY
P003-C0020,VII-C015,BOUNDARY
P003-C0020,VII-C034,BOUNDARY
P003-C0021,VII-C002,OPEN
P003-C0021,VII-C007,OPEN
P003-C0021,VII-C009,OPEN
P003-C0021,VII-C015,OPEN
P003-C0021,VII-C034,OPEN
P003-C0021,VII-C035,OPEN
P003-C0021,VII-C036,OPEN
P003-C0022,VII-C015,BOUNDARY
P003-C0022,VII-C034,BOUNDARY
P003-C0027,VII-C007,SUPPORT
P003-C0027,VII-C015,SUPPORT
P003-C0027,VII-C034,SUPPORT
P003-C0027,VII-C035,SUPPORT
P003-C0029,VII-C002,SUPPORT
P003-C0029,VII-C007,SUPPORT
P003-C0029,VII-C009,SUPPORT
P003-C0029,VII-C015,SUPPORT
P003-C0029,VII-C034,SUPPORT
P003-C0029,VII-C035,SUPPORT
P003-C0029,VII-C036,SUPPORT
P003-C0030,VII-C007,SUPPORT
P003-C0030,VII-C009,SUPPORT
P003-C0030,VII-C035,SUPPORT
P003-C0030,VII-C036,SUPPORT
P003-C0031,VII-C002,SUPPORT
P003-C0031,VII-C007,SUPPORT
P003-C0031,VII-C009,SUPPORT
P003-C0031,VII-C035,SUPPORT
P003-C0031,VII-C036,SUPPORT
P003-C0032,VII-C007,SUPPORT
P003-C0032,VII-C015,SUPPORT
P003-C0032,VII-C034,SUPPORT
P003-C0032,VII-C035,SUPPORT
P003-C0033,VII-C007,SUPPORT
P003-C0033,VII-C035,SUPPORT
P003-C0034,VII-C007,SUPPORT
P003-C0034,VII-C035,SUPPORT
P003-C0037,VII-C015,BOUNDARY
P003-C0037,VII-C034,BOUNDARY
P003-C0040,VII-C007,SUPPORT
P003-C0040,VII-C035,SUPPORT
P003-C0041,VII-C009,SUPPORT
P003-C0041,VII-C035,SUPPORT
P003-C0041,VII-C036,SUPPORT
P003-C0042,VII-C009,BOUNDARY
P003-C0042,VII-C035,BOUNDARY
P003-C0042,VII-C036,BOUNDARY
P003-C0044,VII-C009,BOUNDARY
P003-C0044,VII-C035,BOUNDARY
P003-C0044,VII-C036,BOUNDARY
P003-C0045,VII-C009,BOUNDARY
P003-C0045,VII-C035,BOUNDARY
P003-C0045,VII-C036,BOUNDARY
P003-C0046,VII-C007,BOUNDARY
P003-C0046,VII-C035,BOUNDARY
P003-C0047,VII-C009,BOUNDARY
P003-C0047,VII-C015,BOUNDARY
P003-C0047,VII-C034,BOUNDARY
P003-C0047,VII-C035,BOUNDARY
P003-C0047,VII-C036,BOUNDARY
P003-C0049,VII-C009,BOUNDARY
P003-C0049,VII-C035,BOUNDARY
P003-C0049,VII-C036,BOUNDARY
P003-C0051,VII-C009,BOUNDARY
P003-C0051,VII-C015,BOUNDARY
P003-C0051,VII-C034,BOUNDARY
P003-C0051,VII-C035,BOUNDARY
P003-C0051,VII-C036,BOUNDARY
P003-C0053,VII-C002,BOUNDARY
P003-C0055,VII-C015,BOUNDARY
P003-C0055,VII-C034,BOUNDARY
P004-C0001,VII-C003,SUPPORT
P004-C0001,VII-C004,SUPPORT
P004-C0001,VII-C011,SUPPORT
P004-C0001,VII-C020,SUPPORT
P004-C0001,VII-C029,SUPPORT
P004-C0001,VII-C035,SUPPORT
P004-C0002,VII-C003,BOUNDARY
P004-C0002,VII-C004,BOUNDARY
P004-C0002,VII-C017,BOUNDARY
P004-C0002,VII-C032,BOUNDARY
P004-C0002,VII-C035,BOUNDARY
P004-C0002,VII-C036,BOUNDARY
P004-C0003,VII-C017,BOUNDARY
P004-C0003,VII-C032,BOUNDARY
P004-C0003,VII-C036,BOUNDARY
P004-C0004,VII-C011,SUPPORT
P004-C0004,VII-C029,SUPPORT
P004-C0004,VII-C035,SUPPORT
P004-C0005,VII-C011,SUPPORT
P004-C0005,VII-C017,SUPPORT
P004-C0005,VII-C029,SUPPORT
P004-C0005,VII-C032,SUPPORT
P004-C0005,VII-C035,SUPPORT
P004-C0005,VII-C036,SUPPORT
P004-C0006,VII-C011,SUPPORT
P004-C0006,VII-C017,SUPPORT
P004-C0006,VII-C029,SUPPORT
P004-C0006,VII-C032,SUPPORT
P004-C0006,VII-C035,SUPPORT
P004-C0006,VII-C036,SUPPORT
P004-C0008,VII-C001,SUPPORT
P004-C0010,VII-C011,SUPPORT
P004-C0010,VII-C029,SUPPORT
P004-C0010,VII-C035,SUPPORT
P004-C0011,VII-C001,SUPPORT
P004-C0011,VII-C003,SUPPORT
P004-C0011,VII-C004,SUPPORT
P004-C0011,VII-C035,SUPPORT
P004-C0014,VII-C011,SUPPORT
P004-C0014,VII-C029,SUPPORT
P004-C0014,VII-C035,SUPPORT
P004-C0016,VII-C003,SUPPORT
P004-C0016,VII-C004,SUPPORT
P004-C0016,VII-C011,SUPPORT
P004-C0016,VII-C020,SUPPORT
P004-C0016,VII-C029,SUPPORT
P004-C0016,VII-C035,SUPPORT
P004-C0019,VII-C003,SUPPORT
P004-C0019,VII-C004,SUPPORT
P004-C0019,VII-C011,SUPPORT
P004-C0019,VII-C029,SUPPORT
P004-C0019,VII-C035,SUPPORT
P004-C0020,VII-C020,SUPPORT
P004-C0021,VII-C017,SUPPORT
P004-C0021,VII-C032,SUPPORT
P004-C0021,VII-C036,SUPPORT
P004-C0026,VII-C020,SUPPORT
P004-C0027,VII-C001,SUPPORT
P004-C0027,VII-C003,SUPPORT
P004-C0027,VII-C004,SUPPORT
P004-C0027,VII-C017,SUPPORT
P004-C0027,VII-C032,SUPPORT
P004-C0027,VII-C035,SUPPORT
P004-C0027,VII-C036,SUPPORT
P004-C0028,VII-C020,SUPPORT
P004-C0029,VII-C020,BOUNDARY
P004-C0030,VII-C001,BOUNDARY
P004-C0030,VII-C003,BOUNDARY
P004-C0030,VII-C004,BOUNDARY
P004-C0030,VII-C011,BOUNDARY
P004-C0030,VII-C017,BOUNDARY
P004-C0030,VII-C020,BOUNDARY
P004-C0030,VII-C029,BOUNDARY
P004-C0030,VII-C032,BOUNDARY
P004-C0030,VII-C035,BOUNDARY
P004-C0030,VII-C036,BOUNDARY
P004-C0031,VII-C003,BOUNDARY
P004-C0031,VII-C004,BOUNDARY
P004-C0031,VII-C017,BOUNDARY
P004-C0031,VII-C020,BOUNDARY
P004-C0031,VII-C032,BOUNDARY
P004-C0031,VII-C035,BOUNDARY
P004-C0031,VII-C036,BOUNDARY
P004-C0032,VII-C003,BOUNDARY
P004-C0032,VII-C004,BOUNDARY
P004-C0032,VII-C011,BOUNDARY
P004-C0032,VII-C017,BOUNDARY
P004-C0032,VII-C029,BOUNDARY
P004-C0032,VII-C032,BOUNDARY
P004-C0032,VII-C035,BOUNDARY
P004-C0032,VII-C036,BOUNDARY
P004-C0033,VII-C001,BOUNDARY
P004-C0033,VII-C003,BOUNDARY
P004-C0033,VII-C004,BOUNDARY
P004-C0033,VII-C011,BOUNDARY
P004-C0033,VII-C017,BOUNDARY
P004-C0033,VII-C020,BOUNDARY
P004-C0033,VII-C029,BOUNDARY
P004-C0033,VII-C032,BOUNDARY
P004-C0033,VII-C035,BOUNDARY
P004-C0033,VII-C036,BOUNDARY
P005-C0002,VII-C012,BOUNDARY
P005-C0002,VII-C013,BOUNDARY
P005-C0002,VII-C034,BOUNDARY
P005-C0003,VII-C023,SUPPORT
P005-C0003,VII-C033,SUPPORT
P005-C0004,VII-C023,BOUNDARY
P005-C0004,VII-C033,BOUNDARY
P005-C0005,VII-C023,BOUNDARY
P005-C0005,VII-C033,BOUNDARY
P005-C0009,VII-C023,OPEN
P005-C0009,VII-C033,OPEN
P005-C0011,VII-C012,SUPPORT
P005-C0011,VII-C013,SUPPORT
P005-C0011,VII-C034,SUPPORT
P005-C0012,VII-C012,SUPPORT
P005-C0012,VII-C013,SUPPORT
P005-C0012,VII-C034,SUPPORT
P005-C0013,VII-C023,SUPPORT
P005-C0013,VII-C033,SUPPORT
P005-C0016,VII-C012,SUPPORT
P005-C0016,VII-C013,SUPPORT
P005-C0016,VII-C027,SUPPORT
P005-C0016,VII-C034,SUPPORT
P005-C0017,VII-C023,BOUNDARY
P005-C0017,VII-C033,BOUNDARY
P005-C0019,VII-C012,BOUNDARY
P005-C0019,VII-C013,BOUNDARY
P005-C0019,VII-C023,BOUNDARY
P005-C0019,VII-C033,BOUNDARY
P005-C0019,VII-C034,BOUNDARY
P005-C0021,VII-C012,SUPPORT
P005-C0021,VII-C013,SUPPORT
P005-C0021,VII-C034,SUPPORT
P005-C0022,VII-C023,SUPPORT
P005-C0022,VII-C033,SUPPORT
P005-C0023,VII-C023,SUPPORT
P005-C0023,VII-C033,SUPPORT
P005-C0024,VII-C023,SUPPORT
P005-C0024,VII-C033,SUPPORT
P005-C0025,VII-C012,SUPPORT
P005-C0025,VII-C013,SUPPORT
P005-C0025,VII-C023,SUPPORT
P005-C0025,VII-C033,SUPPORT
P005-C0025,VII-C034,SUPPORT
P005-C0026,VII-C012,SUPPORT
P005-C0026,VII-C013,SUPPORT
P005-C0026,VII-C034,SUPPORT
P005-C0027,VII-C012,SUPPORT
P005-C0027,VII-C013,SUPPORT
P005-C0027,VII-C034,SUPPORT
P005-C0028,VII-C012,SUPPORT
P005-C0028,VII-C013,SUPPORT
P005-C0028,VII-C034,SUPPORT
P005-C0030,VII-C012,SUPPORT
P005-C0030,VII-C013,SUPPORT
P005-C0030,VII-C023,SUPPORT
P005-C0030,VII-C033,SUPPORT
P005-C0030,VII-C034,SUPPORT
P005-C0031,VII-C023,SUPPORT
P005-C0031,VII-C033,SUPPORT
P005-C0033,VII-C023,SUPPORT
P005-C0033,VII-C033,SUPPORT
P005-C0034,VII-C012,BOUNDARY
P005-C0034,VII-C013,BOUNDARY
P005-C0034,VII-C034,BOUNDARY
P005-C0035,VII-C012,SUPPORT
P005-C0035,VII-C013,SUPPORT
P005-C0035,VII-C034,SUPPORT
P005-C0036,VII-C012,SUPPORT
P005-C0036,VII-C013,SUPPORT
P005-C0036,VII-C034,SUPPORT
P005-C0037,VII-C012,SUPPORT
P005-C0037,VII-C013,SUPPORT
P005-C0037,VII-C023,SUPPORT
P005-C0037,VII-C027,SUPPORT
P005-C0037,VII-C033,SUPPORT
P005-C0037,VII-C034,SUPPORT
P005-C0038,VII-C012,SUPPORT
P005-C0038,VII-C013,SUPPORT
P005-C0038,VII-C023,SUPPORT
P005-C0038,VII-C027,SUPPORT
P005-C0038,VII-C033,SUPPORT
P005-C0038,VII-C034,SUPPORT
P005-C0041,VII-C012,BOUNDARY
P005-C0041,VII-C013,BOUNDARY
P005-C0041,VII-C034,BOUNDARY
P005-C0042,VII-C012,SUPPORT
P005-C0042,VII-C013,SUPPORT
P005-C0042,VII-C023,SUPPORT
P005-C0042,VII-C033,SUPPORT
P005-C0042,VII-C034,SUPPORT
P005-C0043,VII-C012,BOUNDARY
P005-C0043,VII-C013,BOUNDARY
P005-C0043,VII-C023,BOUNDARY
P005-C0043,VII-C033,BOUNDARY
P005-C0043,VII-C034,BOUNDARY
P005-C0044,VII-C012,SUPPORT
P005-C0044,VII-C013,SUPPORT
P005-C0044,VII-C023,SUPPORT
P005-C0044,VII-C033,SUPPORT
P005-C0044,VII-C034,SUPPORT
P005-C0045,VII-C012,BOUNDARY
P005-C0045,VII-C013,BOUNDARY
P005-C0045,VII-C034,BOUNDARY
P005-C0046,VII-C012,BOUNDARY
P005-C0046,VII-C013,BOUNDARY
P005-C0046,VII-C023,BOUNDARY
P005-C0046,VII-C033,BOUNDARY
P005-C0046,VII-C034,BOUNDARY
P005-C0047,VII-C023,SUPPORT
P005-C0047,VII-C033,SUPPORT
P005-C0048,VII-C012,BOUNDARY
P005-C0048,VII-C013,BOUNDARY
P005-C0048,VII-C034,BOUNDARY
P005-C0049,VII-C012,SUPPORT
P005-C0049,VII-C013,SUPPORT
P005-C0049,VII-C034,SUPPORT
P005-C0050,VII-C012,BOUNDARY
P005-C0050,VII-C013,BOUNDARY
P005-C0050,VII-C034,BOUNDARY
P005-C0052,VII-C012,SUPPORT
P005-C0052,VII-C013,SUPPORT
P005-C0052,VII-C023,SUPPORT
P005-C0052,VII-C033,SUPPORT
P005-C0052,VII-C034,SUPPORT
P005-C0054,VII-C012,SUPPORT
P005-C0054,VII-C013,SUPPORT
P005-C0054,VII-C034,SUPPORT
P005-C0055,VII-C012,OPEN
P005-C0055,VII-C013,OPEN
P005-C0055,VII-C034,OPEN
P005-C0056,VII-C012,SUPPORT
P005-C0056,VII-C013,SUPPORT
P005-C0056,VII-C034,SUPPORT
P005-C0057,VII-C012,OPEN
P005-C0057,VII-C013,OPEN
P005-C0057,VII-C023,OPEN
P005-C0057,VII-C027,OPEN
P005-C0057,VII-C033,OPEN
P005-C0057,VII-C034,OPEN
P005-C0058,VII-C023,BOUNDARY
P005-C0058,VII-C033,BOUNDARY
P005-C0059,VII-C012,SUPPORT
P005-C0059,VII-C013,SUPPORT
P005-C0059,VII-C027,SUPPORT
P005-C0059,VII-C034,SUPPORT
P005-C0061,VII-C012,SUPPORT
P005-C0061,VII-C013,SUPPORT
P005-C0061,VII-C034,SUPPORT
P005-C0062,VII-C012,SUPPORT
P005-C0062,VII-C013,SUPPORT
P005-C0062,VII-C034,SUPPORT
P005-C0064,VII-C012,SUPPORT
P005-C0064,VII-C013,SUPPORT
P005-C0064,VII-C034,SUPPORT
P005-C0066,VII-C012,BOUNDARY
P005-C0066,VII-C013,BOUNDARY
P005-C0066,VII-C023,BOUNDARY
P005-C0066,VII-C027,BOUNDARY
P005-C0066,VII-C033,BOUNDARY
P005-C0066,VII-C034,BOUNDARY
P006-C0002,VII-C002,OPEN
P006-C0002,VII-C021,OPEN
P006-C0003,VII-C028,BOUNDARY
P006-C0006,VII-C002,BOUNDARY
P006-C0006,VII-C021,BOUNDARY
P006-C0015,VII-C002,BOUNDARY
P006-C0015,VII-C021,BOUNDARY
P006-C0020,VII-C002,BOUNDARY
P006-C0020,VII-C021,BOUNDARY
P006-C0029,VII-C002,SUPPORT
P006-C0029,VII-C021,SUPPORT
P006-C0031,VII-C002,SUPPORT
P006-C0031,VII-C021,SUPPORT
P006-C0031,VII-C028,SUPPORT
P006-C0035,VII-C002,SUPPORT
P006-C0035,VII-C021,SUPPORT
P006-C0041,VII-C002,SUPPORT
P006-C0041,VII-C021,SUPPORT
P006-C0047,VII-C002,BOUNDARY
P006-C0047,VII-C021,BOUNDARY
P006-C0054,VII-C002,SUPPORT
P006-C0054,VII-C021,SUPPORT
P006-C0055,VII-C002,BOUNDARY
P006-C0055,VII-C021,BOUNDARY
P006-C0068,VII-C002,SUPPORT
P006-C0068,VII-C021,SUPPORT
P006-C0072,VII-C002,OPEN
P006-C0072,VII-C021,OPEN
P006-C0072,VII-C028,OPEN
P006-C0075,VII-C002,OPEN
P006-C0075,VII-C021,OPEN
P006-C0077,VII-C002,BOUNDARY
P006-C0077,VII-C021,BOUNDARY
P006-C0078,VII-C002,BOUNDARY
P006-C0078,VII-C021,BOUNDARY
P006-C0083,VII-C002,OPEN
P006-C0083,VII-C021,OPEN
P006-C0083,VII-C028,OPEN
P006-C0088,VII-C002,BOUNDARY
P006-C0088,VII-C021,BOUNDARY
P006-C0093,VII-C002,OPEN
P006-C0093,VII-C021,OPEN
P006-C0094,VII-C002,OPEN
P006-C0094,VII-C021,OPEN
P006-C0096,VII-C002,BOUNDARY
P006-C0096,VII-C021,BOUNDARY
P006-C0099,VII-C002,BOUNDARY
P006-C0099,VII-C021,BOUNDARY
P006-C0101,VII-C028,OPEN
P007-C0001,VII-C015,SUPPORT
P007-C0001,VII-C034,SUPPORT
P007-C0005,VII-C015,BOUNDARY
P007-C0005,VII-C034,BOUNDARY
P007-C0009,VII-C015,BOUNDARY
P007-C0009,VII-C034,BOUNDARY
P007-C0010,VII-C015,BOUNDARY
P007-C0010,VII-C034,BOUNDARY
P007-C0012,VII-C015,BOUNDARY
P007-C0012,VII-C034,BOUNDARY
P007-C0013,VII-C015,BOUNDARY
P007-C0013,VII-C034,BOUNDARY
P007-C0014,VII-C015,BOUNDARY
P007-C0014,VII-C034,BOUNDARY
P007-C0027,VII-C015,BOUNDARY
P007-C0027,VII-C034,BOUNDARY
P007-C0032,VII-C015,BOUNDARY
P007-C0032,VII-C034,BOUNDARY
P008-C0001,VII-C007,SUPPORT
P008-C0001,VII-C015,SUPPORT
P008-C0001,VII-C034,SUPPORT
P008-C0001,VII-C035,SUPPORT
P008-C0002,VII-C002,BOUNDARY
P008-C0003,VII-C002,SUPPORT
P008-C0004,VII-C002,BOUNDARY
P008-C0006,VII-C015,BOUNDARY
P008-C0006,VII-C034,BOUNDARY
P008-C0008,VII-C002,BOUNDARY
P008-C0008,VII-C015,BOUNDARY
P008-C0008,VII-C034,BOUNDARY
P008-C0009,VII-C007,SUPPORT
P008-C0009,VII-C035,SUPPORT
P008-C0010,VII-C007,SUPPORT
P008-C0010,VII-C035,SUPPORT
P008-C0011,VII-C007,SUPPORT
P008-C0011,VII-C035,SUPPORT
P008-C0012,VII-C015,SUPPORT
P008-C0012,VII-C034,SUPPORT
P008-C0014,VII-C007,SUPPORT
P008-C0014,VII-C035,SUPPORT
P008-C0015,VII-C015,SUPPORT
P008-C0015,VII-C034,SUPPORT
P008-C0017,VII-C015,SUPPORT
P008-C0017,VII-C034,SUPPORT
P008-C0018,VII-C007,SUPPORT
P008-C0018,VII-C035,SUPPORT
P008-C0020,VII-C007,SUPPORT
P008-C0020,VII-C035,SUPPORT
P008-C0022,VII-C007,BOUNDARY
P008-C0022,VII-C015,BOUNDARY
P008-C0022,VII-C034,BOUNDARY
P008-C0022,VII-C035,BOUNDARY
P008-C0026,VII-C015,BOUNDARY
P008-C0026,VII-C034,BOUNDARY
P009-C0001,VII-C020,SUPPORT
P009-C0002,VII-C020,BOUNDARY
P009-C0003,VII-C020,BOUNDARY
P009-C0004,VII-C020,BOUNDARY
P009-C0007,VII-C020,SUPPORT
P009-C0009,VII-C020,SUPPORT
P009-C0010,VII-C001,SUPPORT
P009-C0012,VII-C020,BOUNDARY
P009-C0013,VII-C020,SUPPORT
P009-C0014,VII-C020,BOUNDARY
P009-C0017,VII-C020,SUPPORT
P009-C0018,VII-C020,SUPPORT
P009-C0019,VII-C020,SUPPORT
P009-C0020,VII-C020,SUPPORT
P009-C0022,VII-C020,SUPPORT
P009-C0023,VII-C020,SUPPORT
P009-C0024,VII-C020,SUPPORT
P009-C0026,VII-C020,SUPPORT
P009-C0027,VII-C020,SUPPORT
P009-C0029,VII-C020,BOUNDARY
P009-C0030,VII-C020,SUPPORT
P009-C0031,VII-C020,SUPPORT
P009-C0032,VII-C020,SUPPORT
P009-C0033,VII-C020,SUPPORT
P009-C0034,VII-C020,SUPPORT
P009-C0037,VII-C020,OPEN
P011-C0002,VII-C001,BOUNDARY
P011-C0002,VII-C003,BOUNDARY
P011-C0002,VII-C004,BOUNDARY
P011-C0002,VII-C020,BOUNDARY
P011-C0002,VII-C035,BOUNDARY
P011-C0003,VII-C005,BOUNDARY
P011-C0004,VII-C001,SUPPORT
P011-C0004,VII-C003,SUPPORT
P011-C0004,VII-C004,SUPPORT
P011-C0004,VII-C020,SUPPORT
P011-C0004,VII-C035,SUPPORT
P011-C0006,VII-C003,SUPPORT
P011-C0006,VII-C004,SUPPORT
P011-C0006,VII-C020,SUPPORT
P011-C0006,VII-C035,SUPPORT
P011-C0009,VII-C020,SUPPORT
P011-C0011,VII-C020,SUPPORT
P011-C0013,VII-C003,SUPPORT
P011-C0013,VII-C004,SUPPORT
P011-C0013,VII-C020,SUPPORT
P011-C0013,VII-C035,SUPPORT
P011-C0015,VII-C003,SUPPORT
P011-C0015,VII-C004,SUPPORT
P011-C0015,VII-C020,SUPPORT
P011-C0015,VII-C035,SUPPORT
P011-C0016,VII-C001,SUPPORT
P011-C0017,VII-C003,SUPPORT
P011-C0017,VII-C004,SUPPORT
P011-C0017,VII-C035,SUPPORT
P011-C0018,VII-C020,SUPPORT
P011-C0019,VII-C020,SUPPORT
P011-C0020,VII-C020,SUPPORT
P011-C0021,VII-C020,SUPPORT
P011-C0024,VII-C003,SUPPORT
P011-C0024,VII-C004,SUPPORT
P011-C0024,VII-C035,SUPPORT
P011-C0027,VII-C001,SUPPORT
P011-C0028,VII-C001,SUPPORT
P011-C0028,VII-C003,SUPPORT
P011-C0028,VII-C004,SUPPORT
P011-C0028,VII-C020,SUPPORT
P011-C0028,VII-C035,SUPPORT
P011-C0029,VII-C001,BOUNDARY
P011-C0031,VII-C003,SUPPORT
P011-C0031,VII-C004,SUPPORT
P011-C0031,VII-C035,SUPPORT
P011-C0033,VII-C005,SUPPORT
P011-C0033,VII-C020,SUPPORT
P011-C0041,VII-C020,BOUNDARY
P011-C0042,VII-C001,BOUNDARY
P011-C0042,VII-C020,BOUNDARY
P011-C0043,VII-C020,BOUNDARY
P011-C0044,VII-C005,BOUNDARY
P011-C0044,VII-C020,BOUNDARY
P012-C0001,VII-C016,SUPPORT
P012-C0003,VII-C016,SUPPORT
P012-C0004,VII-C016,SUPPORT
P012-C0005,VII-C016,SUPPORT
P012-C0006,VII-C016,SUPPORT
P012-C0009,VII-C016,SUPPORT
P012-C0010,VII-C016,SUPPORT
P012-C0010,VII-C018,SUPPORT
P012-C0010,VII-C026,SUPPORT
P012-C0011,VII-C016,SUPPORT
P012-C0016,VII-C016,BOUNDARY
P012-C0016,VII-C018,BOUNDARY
P012-C0016,VII-C026,BOUNDARY
P012-C0017,VII-C016,BOUNDARY
P012-C0017,VII-C018,BOUNDARY
P012-C0017,VII-C026,BOUNDARY
P012-C0019,VII-C016,SUPPORT
P012-C0019,VII-C018,SUPPORT
P012-C0020,VII-C016,SUPPORT
P012-C0021,VII-C016,BOUNDARY
P012-C0021,VII-C018,BOUNDARY
P012-C0021,VII-C026,BOUNDARY
P013-C0002,VII-C012,BOUNDARY
P013-C0002,VII-C013,BOUNDARY
P013-C0002,VII-C032,BOUNDARY
P013-C0002,VII-C034,BOUNDARY
P013-C0003,VII-C012,BOUNDARY
P013-C0003,VII-C013,BOUNDARY
P013-C0003,VII-C034,BOUNDARY
P013-C0004,VII-C004,OPEN
P013-C0004,VII-C005,OPEN
P013-C0004,VII-C010,OPEN
P013-C0004,VII-C012,OPEN
P013-C0004,VII-C013,OPEN
P013-C0004,VII-C034,OPEN
P013-C0005,VII-C012,OPEN
P013-C0005,VII-C013,OPEN
P013-C0005,VII-C034,OPEN
P013-C0007,VII-C012,SUPPORT
P013-C0007,VII-C013,SUPPORT
P013-C0007,VII-C034,SUPPORT
P013-C0008,VII-C012,SUPPORT
P013-C0008,VII-C013,SUPPORT
P013-C0008,VII-C032,SUPPORT
P013-C0008,VII-C034,SUPPORT
P013-C0009,VII-C027,SUPPORT
P013-C0010,VII-C027,SUPPORT
P013-C0013,VII-C032,SUPPORT
P013-C0015,VII-C012,SUPPORT
P013-C0015,VII-C013,SUPPORT
P013-C0015,VII-C034,SUPPORT
P013-C0016,VII-C004,BOUNDARY
P013-C0016,VII-C005,BOUNDARY
P013-C0016,VII-C010,BOUNDARY
P013-C0016,VII-C012,BOUNDARY
P013-C0016,VII-C013,BOUNDARY
P013-C0016,VII-C023,BOUNDARY
P013-C0016,VII-C032,BOUNDARY
P013-C0016,VII-C033,BOUNDARY
P013-C0016,VII-C034,BOUNDARY
P013-C0019,VII-C004,SUPPORT
P013-C0019,VII-C005,SUPPORT
P013-C0019,VII-C010,SUPPORT
P013-C0019,VII-C032,SUPPORT
P013-C0020,VII-C012,SUPPORT
P013-C0020,VII-C013,SUPPORT
P013-C0020,VII-C034,SUPPORT
P013-C0022,VII-C012,SUPPORT
P013-C0022,VII-C013,SUPPORT
P013-C0022,VII-C027,SUPPORT
P013-C0022,VII-C032,SUPPORT
P013-C0022,VII-C034,SUPPORT
P013-C0024,VII-C004,SUPPORT
P013-C0024,VII-C005,SUPPORT
P013-C0024,VII-C010,SUPPORT
P013-C0026,VII-C023,SUPPORT
P013-C0026,VII-C033,SUPPORT
P013-C0027,VII-C012,SUPPORT
P013-C0027,VII-C013,SUPPORT
P013-C0027,VII-C034,SUPPORT
P013-C0028,VII-C012,SUPPORT
P013-C0028,VII-C013,SUPPORT
P013-C0028,VII-C023,SUPPORT
P013-C0028,VII-C033,SUPPORT
P013-C0028,VII-C034,SUPPORT
P013-C0029,VII-C023,BOUNDARY
P013-C0029,VII-C033,BOUNDARY
P013-C0030,VII-C023,OPEN
P013-C0030,VII-C032,OPEN
P013-C0030,VII-C033,OPEN
P013-C0031,VII-C023,BOUNDARY
P013-C0031,VII-C033,BOUNDARY
P013-C0033,VII-C004,OPEN
P013-C0033,VII-C005,OPEN
P013-C0033,VII-C010,OPEN
P013-C0033,VII-C012,OPEN
P013-C0033,VII-C013,OPEN
P013-C0033,VII-C023,OPEN
P013-C0033,VII-C027,OPEN
P013-C0033,VII-C032,OPEN
P013-C0033,VII-C033,OPEN
P013-C0033,VII-C034,OPEN
P013-C0036,VII-C004,SUPPORT
P013-C0036,VII-C005,SUPPORT
P013-C0036,VII-C010,SUPPORT
P013-C0037,VII-C004,OPEN
P013-C0037,VII-C005,OPEN
P013-C0037,VII-C010,OPEN
P013-C0037,VII-C023,OPEN
P013-C0037,VII-C032,OPEN
P013-C0037,VII-C033,OPEN
P013-C0039,VII-C012,BOUNDARY
P013-C0039,VII-C013,BOUNDARY
P013-C0039,VII-C023,BOUNDARY
P013-C0039,VII-C033,BOUNDARY
P013-C0039,VII-C034,BOUNDARY
P014-C0003,VII-C009,OPEN
P014-C0003,VII-C035,OPEN
P014-C0003,VII-C036,OPEN
P014-C0006,VII-C009,SUPPORT
P014-C0006,VII-C035,SUPPORT
P014-C0006,VII-C036,SUPPORT
P014-C0010,VII-C009,SUPPORT
P014-C0010,VII-C035,SUPPORT
P014-C0010,VII-C036,SUPPORT
P014-C0011,VII-C009,SUPPORT
P014-C0011,VII-C035,SUPPORT
P014-C0011,VII-C036,SUPPORT
P014-C0012,VII-C009,SUPPORT
P014-C0012,VII-C035,SUPPORT
P014-C0012,VII-C036,SUPPORT
P014-C0018,VII-C009,SUPPORT
P014-C0018,VII-C035,SUPPORT
P014-C0018,VII-C036,SUPPORT
P014-C0020,VII-C009,BOUNDARY
P014-C0020,VII-C035,BOUNDARY
P014-C0020,VII-C036,BOUNDARY
P014-C0033,VII-C009,BOUNDARY
P014-C0033,VII-C035,BOUNDARY
P014-C0033,VII-C036,BOUNDARY
P014-C0040,VII-C009,SUPPORT
P014-C0040,VII-C035,SUPPORT
P014-C0040,VII-C036,SUPPORT
P014-C0048,VII-C009,OPEN
P014-C0048,VII-C035,OPEN
P014-C0048,VII-C036,OPEN
P015-C0001,VII-C019,SUPPORT
P015-C0001,VII-C036,SUPPORT
P015-C0003,VII-C008,SUPPORT
P015-C0003,VII-C019,SUPPORT
P015-C0003,VII-C033,SUPPORT
P015-C0003,VII-C036,SUPPORT
P015-C0004,VII-C019,SUPPORT
P015-C0004,VII-C036,SUPPORT
P015-C0005,VII-C008,SUPPORT
P015-C0005,VII-C033,SUPPORT
P015-C0006,VII-C008,SUPPORT
P015-C0006,VII-C033,SUPPORT
P015-C0007,VII-C008,SUPPORT
P015-C0007,VII-C033,SUPPORT
P015-C0008,VII-C008,SUPPORT
P015-C0008,VII-C019,SUPPORT
P015-C0008,VII-C033,SUPPORT
P015-C0008,VII-C036,SUPPORT
P015-C0009,VII-C008,SUPPORT
P015-C0009,VII-C019,SUPPORT
P015-C0009,VII-C033,SUPPORT
P015-C0009,VII-C036,SUPPORT
P015-C0010,VII-C008,SUPPORT
P015-C0010,VII-C033,SUPPORT
P015-C0011,VII-C008,SUPPORT
P015-C0011,VII-C033,SUPPORT
P015-C0013,VII-C019,SUPPORT
P015-C0013,VII-C036,SUPPORT
P015-C0016,VII-C019,SUPPORT
P015-C0016,VII-C036,SUPPORT
P015-C0017,VII-C008,SUPPORT
P015-C0017,VII-C033,SUPPORT
P015-C0018,VII-C019,SUPPORT
P015-C0018,VII-C036,SUPPORT
P015-C0019,VII-C008,SUPPORT
P015-C0019,VII-C019,SUPPORT
P015-C0019,VII-C033,SUPPORT
P015-C0019,VII-C036,SUPPORT
P015-C0020,VII-C008,BOUNDARY
P015-C0020,VII-C019,BOUNDARY
P015-C0020,VII-C033,BOUNDARY
P015-C0020,VII-C036,BOUNDARY
P015-C0022,VII-C008,BOUNDARY
P015-C0022,VII-C033,BOUNDARY
P016-C0001,VII-C008,SUPPORT
P016-C0001,VII-C016,SUPPORT
P016-C0001,VII-C030,SUPPORT
P016-C0001,VII-C033,SUPPORT
P016-C0002,VII-C008,BOUNDARY
P016-C0002,VII-C016,BOUNDARY
P016-C0002,VII-C033,BOUNDARY
P016-C0003,VII-C016,BOUNDARY
P016-C0004,VII-C030,SUPPORT
P016-C0005,VII-C008,SUPPORT
P016-C0005,VII-C009,SUPPORT
P016-C0005,VII-C016,SUPPORT
P016-C0005,VII-C033,SUPPORT
P016-C0005,VII-C035,SUPPORT
P016-C0005,VII-C036,SUPPORT
P016-C0006,VII-C007,SUPPORT
P016-C0006,VII-C030,SUPPORT
P016-C0006,VII-C035,SUPPORT
P016-C0008,VII-C007,SUPPORT
P016-C0008,VII-C008,SUPPORT
P016-C0008,VII-C016,SUPPORT
P016-C0008,VII-C033,SUPPORT
P016-C0008,VII-C035,SUPPORT
P016-C0009,VII-C007,SUPPORT
P016-C0009,VII-C008,SUPPORT
P016-C0009,VII-C009,SUPPORT
P016-C0009,VII-C033,SUPPORT
P016-C0009,VII-C035,SUPPORT
P016-C0009,VII-C036,SUPPORT
P016-C0010,VII-C007,BOUNDARY
P016-C0010,VII-C008,BOUNDARY
P016-C0010,VII-C009,BOUNDARY
P016-C0010,VII-C016,BOUNDARY
P016-C0010,VII-C033,BOUNDARY
P016-C0010,VII-C035,BOUNDARY
P016-C0010,VII-C036,BOUNDARY
P016-C0011,VII-C008,BOUNDARY
P016-C0011,VII-C016,BOUNDARY
P016-C0011,VII-C030,BOUNDARY
P016-C0011,VII-C033,BOUNDARY
P016-C0012,VII-C008,SUPPORT
P016-C0012,VII-C016,SUPPORT
P016-C0012,VII-C030,SUPPORT
P016-C0012,VII-C033,SUPPORT
P017-C0004,VII-C024,OPEN
P017-C0008,VII-C024,SUPPORT
P017-C0026,VII-C024,SUPPORT
P017-C0030,VII-C024,SUPPORT
P017-C0034,VII-C024,SUPPORT
P017-C0042,VII-C024,SUPPORT
P017-C0050,VII-C024,BOUNDARY
P017-C0051,VII-C024,SUPPORT
P017-C0053,VII-C024,BOUNDARY
P017-C0056,VII-C024,OPEN
P018-C0001,VII-C024,SUPPORT
P018-C0003,VII-C024,OPEN
P018-C0005,VII-C024,BOUNDARY
P018-C0006,VII-C024,BOUNDARY
P018-C0007,VII-C024,OPEN
P018-C0008,VII-C024,SUPPORT
P018-C0031,VII-C024,SUPPORT
P018-C0039,VII-C024,SUPPORT
P018-C0045,VII-C024,SUPPORT
P018-C0047,VII-C024,SUPPORT
P018-C0052,VII-C024,SUPPORT
P018-C0054,VII-C024,SUPPORT
P018-C0055,VII-C024,OPEN
P018-C0057,VII-C024,BOUNDARY
P018-C0058,VII-C024,OPEN
P018-C0063,VII-C024,BOUNDARY
P018-C0064,VII-C024,OPEN
P018-C0065,VII-C024,OPEN
P018-C0066,VII-C024,OPEN
P019-C0025,VII-C024,OPEN
P019-C0028,VII-C024,SUPPORT
P019-C0037,VII-C024,SUPPORT
P019-C0039,VII-C024,BOUNDARY
P019-C0043,VII-C024,BOUNDARY
P019-C0049,VII-C024,BOUNDARY
P019-C0051,VII-C024,BOUNDARY
P019-C0053,VII-C024,BOUNDARY
P019-C0057,VII-C024,BOUNDARY
P019-C0058,VII-C024,BOUNDARY
P019-C0061,VII-C024,BOUNDARY
P019-C0062,VII-C024,BOUNDARY
P019-C0070,VII-C024,SUPPORT
P019-C0071,VII-C024,SUPPORT
P019-C0073,VII-C024,SUPPORT
P019-C0090,VII-C024,SUPPORT
P019-C0096,VII-C024,SUPPORT
P019-C0102,VII-C024,SUPPORT
P020-C0001,VII-C024,SUPPORT
P020-C0035,VII-C024,SUPPORT
P021-C0001,VII-C007,SUPPORT
P021-C0001,VII-C035,SUPPORT
P021-C0005,VII-C007,SUPPORT
P021-C0005,VII-C035,SUPPORT
P021-C0006,VII-C009,SUPPORT
P021-C0006,VII-C035,SUPPORT
P021-C0006,VII-C036,SUPPORT
P021-C0007,VII-C007,SUPPORT
P021-C0007,VII-C035,SUPPORT
P021-C0008,VII-C007,SUPPORT
P021-C0008,VII-C035,SUPPORT
P021-C0009,VII-C007,SUPPORT
P021-C0009,VII-C009,SUPPORT
P021-C0009,VII-C035,SUPPORT
P021-C0009,VII-C036,SUPPORT
P021-C0012,VII-C007,BOUNDARY
P021-C0012,VII-C035,BOUNDARY
P021-C0017,VII-C009,BOUNDARY
P021-C0017,VII-C035,BOUNDARY
P021-C0017,VII-C036,BOUNDARY
P021-C0024,VII-C007,SUPPORT
P021-C0024,VII-C009,SUPPORT
P021-C0024,VII-C035,SUPPORT
P021-C0024,VII-C036,SUPPORT
P021-C0028,VII-C009,BOUNDARY
P021-C0028,VII-C035,BOUNDARY
P021-C0028,VII-C036,BOUNDARY
P022-C0001,VII-C007,SUPPORT
P022-C0001,VII-C030,SUPPORT
P022-C0001,VII-C035,SUPPORT
P022-C0005,VII-C008,SUPPORT
P022-C0005,VII-C009,SUPPORT
P022-C0005,VII-C033,SUPPORT
P022-C0005,VII-C035,SUPPORT
P022-C0005,VII-C036,SUPPORT
P022-C0006,VII-C007,SUPPORT
P022-C0006,VII-C008,SUPPORT
P022-C0006,VII-C030,SUPPORT
P022-C0006,VII-C033,SUPPORT
P022-C0006,VII-C035,SUPPORT
P022-C0007,VII-C007,SUPPORT
P022-C0007,VII-C008,SUPPORT
P022-C0007,VII-C033,SUPPORT
P022-C0007,VII-C035,SUPPORT
P022-C0008,VII-C009,SUPPORT
P022-C0008,VII-C035,SUPPORT
P022-C0008,VII-C036,SUPPORT
P022-C0009,VII-C007,BOUNDARY
P022-C0009,VII-C008,BOUNDARY
P022-C0009,VII-C009,BOUNDARY
P022-C0009,VII-C030,BOUNDARY
P022-C0009,VII-C033,BOUNDARY
P022-C0009,VII-C035,BOUNDARY
P022-C0009,VII-C036,BOUNDARY
P022-C0010,VII-C007,BOUNDARY
P022-C0010,VII-C035,BOUNDARY
P022-C0011,VII-C007,BOUNDARY
P022-C0011,VII-C008,BOUNDARY
P022-C0011,VII-C033,BOUNDARY
P022-C0011,VII-C035,BOUNDARY
P022-C0012,VII-C007,SUPPORT
P022-C0012,VII-C008,SUPPORT
P022-C0012,VII-C030,SUPPORT
P022-C0012,VII-C033,SUPPORT
P022-C0012,VII-C035,SUPPORT
P023-C0001,VII-C019,SUPPORT
P023-C0001,VII-C036,SUPPORT
P023-C0002,VII-C019,BOUNDARY
P023-C0002,VII-C036,BOUNDARY
P023-C0003,VII-C005,BOUNDARY
P023-C0004,VII-C019,SUPPORT
P023-C0004,VII-C036,SUPPORT
P023-C0008,VII-C019,SUPPORT
P023-C0008,VII-C036,SUPPORT
P023-C0013,VII-C019,SUPPORT
P023-C0013,VII-C036,SUPPORT
P023-C0016,VII-C019,SUPPORT
P023-C0016,VII-C036,SUPPORT
P023-C0018,VII-C019,BOUNDARY
P023-C0018,VII-C036,BOUNDARY
P023-C0019,VII-C019,SUPPORT
P023-C0019,VII-C036,SUPPORT
P023-C0022,VII-C019,SUPPORT
P023-C0022,VII-C036,SUPPORT
P023-C0023,VII-C019,OPEN
P023-C0023,VII-C036,OPEN
P024-C0001,VII-C024,SUPPORT
P024-C0015,VII-C024,SUPPORT
P024-C0018,VII-C024,SUPPORT
P024-C0019,VII-C024,BOUNDARY
P024-C0020,VII-C024,SUPPORT
P024-C0024,VII-C024,SUPPORT
P024-C0025,VII-C024,BOUNDARY
P024-C0027,VII-C024,SUPPORT
P024-C0028,VII-C024,BOUNDARY
P024-C0030,VII-C024,SUPPORT
P024-C0036,VII-C024,BOUNDARY
P024-C0039,VII-C024,OPEN
P024-C0040,VII-C024,OPEN
P025-C0001,VII-C016,SUPPORT
P025-C0001,VII-C019,SUPPORT
P025-C0001,VII-C026,SUPPORT
P025-C0001,VII-C036,SUPPORT
P025-C0002,VII-C016,OPEN
P025-C0002,VII-C018,OPEN
P025-C0002,VII-C019,OPEN
P025-C0002,VII-C026,OPEN
P025-C0002,VII-C036,OPEN
P025-C0003,VII-C016,SUPPORT
P025-C0004,VII-C019,SUPPORT
P025-C0004,VII-C036,SUPPORT
P025-C0006,VII-C019,SUPPORT
P025-C0006,VII-C036,SUPPORT
P025-C0007,VII-C016,SUPPORT
P025-C0008,VII-C016,SUPPORT
P025-C0008,VII-C019,SUPPORT
P025-C0008,VII-C036,SUPPORT
P025-C0009,VII-C016,SUPPORT
P025-C0009,VII-C019,SUPPORT
P025-C0009,VII-C036,SUPPORT
P025-C0010,VII-C016,SUPPORT
P025-C0012,VII-C016,SUPPORT
P025-C0013,VII-C019,SUPPORT
P025-C0013,VII-C036,SUPPORT
P025-C0014,VII-C019,SUPPORT
P025-C0014,VII-C036,SUPPORT
P025-C0015,VII-C016,SUPPORT
P025-C0015,VII-C018,SUPPORT
P025-C0016,VII-C016,SUPPORT
P025-C0017,VII-C016,SUPPORT
P025-C0019,VII-C016,BOUNDARY
P025-C0019,VII-C018,BOUNDARY
P025-C0019,VII-C019,BOUNDARY
P025-C0019,VII-C026,BOUNDARY
P025-C0019,VII-C036,BOUNDARY
P025-C0020,VII-C016,OPEN
P025-C0020,VII-C019,OPEN
P025-C0020,VII-C036,OPEN
P025-C0021,VII-C016,OPEN
P025-C0021,VII-C018,OPEN
P025-C0021,VII-C019,OPEN
P025-C0021,VII-C036,OPEN
P026-C0001,VII-C005,SUPPORT
P026-C0001,VII-C007,SUPPORT
P026-C0001,VII-C035,SUPPORT
P026-C0005,VII-C007,BOUNDARY
P026-C0005,VII-C025,BOUNDARY
P026-C0005,VII-C032,BOUNDARY
P026-C0005,VII-C033,BOUNDARY
P026-C0006,VII-C005,SUPPORT
P026-C0008,VII-C032,SUPPORT
P026-C0009,VII-C005,SUPPORT
P026-C0017,VII-C032,BOUNDARY
P026-C0020,VII-C002,BOUNDARY
P026-C0020,VII-C032,BOUNDARY
P026-C0022,VII-C007,BOUNDARY
P026-C0022,VII-C025,BOUNDARY
P026-C0022,VII-C033,BOUNDARY
P026-C0023,VII-C007,BOUNDARY
P026-C0023,VII-C032,BOUNDARY
P026-C0023,VII-C035,BOUNDARY
P026-C0025,VII-C002,BOUNDARY
P026-C0025,VII-C004,BOUNDARY
P026-C0025,VII-C005,BOUNDARY
P026-C0025,VII-C010,BOUNDARY
P026-C0028,VII-C002,BOUNDARY
P026-C0029,VII-C001,BOUNDARY
P026-C0029,VII-C022,BOUNDARY
P026-C0030,VII-C004,BOUNDARY
P026-C0030,VII-C005,BOUNDARY
P026-C0030,VII-C010,BOUNDARY
P026-C0033,VII-C004,BOUNDARY
P026-C0033,VII-C005,BOUNDARY
P026-C0033,VII-C007,BOUNDARY
P026-C0033,VII-C010,BOUNDARY
P026-C0033,VII-C025,BOUNDARY
P026-C0033,VII-C033,BOUNDARY
P026-C0033,VII-C035,BOUNDARY
P026-C0034,VII-C002,BOUNDARY
P026-C0034,VII-C032,BOUNDARY
P026-C0035,VII-C004,BOUNDARY
P026-C0035,VII-C005,BOUNDARY
P026-C0035,VII-C010,BOUNDARY
P026-C0037,VII-C001,BOUNDARY
P026-C0037,VII-C022,BOUNDARY
P026-C0038,VII-C007,BOUNDARY
P026-C0038,VII-C035,BOUNDARY
P026-C0039,VII-C007,BOUNDARY
P026-C0039,VII-C035,BOUNDARY
P026-C0041,VII-C032,BOUNDARY
P026-C0043,VII-C004,BOUNDARY
P026-C0043,VII-C005,BOUNDARY
P026-C0043,VII-C010,BOUNDARY
P026-C0044,VII-C004,BOUNDARY
P026-C0044,VII-C005,BOUNDARY
P026-C0044,VII-C007,BOUNDARY
P026-C0044,VII-C010,BOUNDARY
P026-C0044,VII-C035,BOUNDARY
P026-C0045,VII-C004,SUPPORT
P026-C0045,VII-C005,SUPPORT
P026-C0045,VII-C010,SUPPORT
P026-C0047,VII-C005,BOUNDARY
P026-C0047,VII-C032,BOUNDARY
P026-C0050,VII-C032,BOUNDARY
P026-C0052,VII-C004,BOUNDARY
P026-C0052,VII-C005,BOUNDARY
P026-C0052,VII-C010,BOUNDARY
P026-C0055,VII-C001,BOUNDARY
P026-C0055,VII-C022,BOUNDARY
P026-C0060,VII-C004,BOUNDARY
P026-C0060,VII-C005,BOUNDARY
P026-C0060,VII-C010,BOUNDARY
P026-C0061,VII-C007,SUPPORT
P026-C0061,VII-C032,SUPPORT
P026-C0061,VII-C035,SUPPORT
P026-C0065,VII-C032,SUPPORT
P026-C0067,VII-C007,BOUNDARY
P026-C0067,VII-C025,BOUNDARY
P026-C0067,VII-C033,BOUNDARY
P026-C0070,VII-C007,SUPPORT
P026-C0070,VII-C025,SUPPORT
P026-C0070,VII-C033,SUPPORT
P026-C0073,VII-C032,SUPPORT
P026-C0076,VII-C032,SUPPORT
P026-C0077,VII-C005,SUPPORT
P026-C0083,VII-C007,BOUNDARY
P026-C0083,VII-C025,BOUNDARY
P026-C0083,VII-C033,BOUNDARY
P026-C0086,VII-C007,BOUNDARY
P026-C0086,VII-C025,BOUNDARY
P026-C0086,VII-C033,BOUNDARY
P026-C0088,VII-C007,BOUNDARY
P026-C0088,VII-C025,BOUNDARY
P026-C0088,VII-C033,BOUNDARY
P026-C0090,VII-C007,BOUNDARY
P026-C0090,VII-C025,BOUNDARY
P026-C0090,VII-C033,BOUNDARY
P026-C0094,VII-C007,BOUNDARY
P026-C0094,VII-C025,BOUNDARY
P026-C0094,VII-C033,BOUNDARY
P026-C0096,VII-C032,BOUNDARY
P026-C0100,VII-C007,SUPPORT
P026-C0100,VII-C035,SUPPORT
P026-C0101,VII-C001,BOUNDARY
P026-C0101,VII-C004,BOUNDARY
P026-C0101,VII-C005,BOUNDARY
P026-C0101,VII-C010,BOUNDARY
P026-C0101,VII-C022,BOUNDARY
P026-C0104,VII-C005,SUPPORT
P026-C0106,VII-C032,SUPPORT
P026-C0107,VII-C004,OPEN
P026-C0107,VII-C005,OPEN
P026-C0107,VII-C010,OPEN
P026-C0108,VII-C001,SUPPORT
P026-C0108,VII-C004,SUPPORT
P026-C0108,VII-C005,SUPPORT
P026-C0108,VII-C010,SUPPORT
P026-C0108,VII-C022,SUPPORT
P026-C0109,VII-C005,BOUNDARY
P026-C0111,VII-C005,SUPPORT
P026-C0112,VII-C005,BOUNDARY
P026-C0113,VII-C007,OPEN
P026-C0113,VII-C032,OPEN
P026-C0113,VII-C035,OPEN
P026-C0114,VII-C005,OPEN
P026-C0115,VII-C004,BOUNDARY
P026-C0115,VII-C005,BOUNDARY
P026-C0115,VII-C007,BOUNDARY
P026-C0115,VII-C010,BOUNDARY
P026-C0115,VII-C032,BOUNDARY
P026-C0115,VII-C035,BOUNDARY
P026-C0118,VII-C011,SUPPORT
P026-C0118,VII-C029,SUPPORT
P026-C0121,VII-C011,BOUNDARY
P026-C0121,VII-C029,BOUNDARY
P026-C0123,VII-C005,SUPPORT
P026-C0124,VII-C011,BOUNDARY
P026-C0124,VII-C029,BOUNDARY
P026-C0128,VII-C032,BOUNDARY
P026-C0131,VII-C002,OPEN
P026-C0131,VII-C004,OPEN
P026-C0131,VII-C005,OPEN
P026-C0131,VII-C010,OPEN
P026-C0133,VII-C032,BOUNDARY
P026-C0134,VII-C032,BOUNDARY
P026-C0138,VII-C032,BOUNDARY
P026-C0140,VII-C032,BOUNDARY
P026-C0142,VII-C032,BOUNDARY
P026-C0147,VII-C011,BOUNDARY
P026-C0147,VII-C029,BOUNDARY
P026-C0148,VII-C011,BOUNDARY
P026-C0148,VII-C029,BOUNDARY
P026-C0154,VII-C004,BOUNDARY
P026-C0154,VII-C005,BOUNDARY
P026-C0154,VII-C007,BOUNDARY
P026-C0154,VII-C010,BOUNDARY
P026-C0154,VII-C035,BOUNDARY
P026-C0155,VII-C007,OPEN
P026-C0155,VII-C035,OPEN
P026-C0161,VII-C004,BOUNDARY
P026-C0161,VII-C005,BOUNDARY
P026-C0161,VII-C010,BOUNDARY
P026-C0161,VII-C032,BOUNDARY
P026-C0162,VII-C032,BOUNDARY
P026-C0165,VII-C004,BOUNDARY
P026-C0165,VII-C005,BOUNDARY
P026-C0165,VII-C010,BOUNDARY
P026-C0165,VII-C032,BOUNDARY
P026-C0166,VII-C032,BOUNDARY
P026-C0169,VII-C031,BOUNDARY
P026-C0172,VII-C032,BOUNDARY
P026-C0179,VII-C032,BOUNDARY
P026-C0183,VII-C004,SUPPORT
P026-C0183,VII-C005,SUPPORT
P026-C0183,VII-C010,SUPPORT
P026-C0186,VII-C001,BOUNDARY
P026-C0186,VII-C022,BOUNDARY
P026-C0187,VII-C002,BOUNDARY
P026-C0188,VII-C007,SUPPORT
P026-C0188,VII-C035,SUPPORT
P026-C0189,VII-C001,BOUNDARY
P026-C0189,VII-C005,BOUNDARY
P026-C0189,VII-C007,BOUNDARY
P026-C0189,VII-C022,BOUNDARY
P026-C0189,VII-C035,BOUNDARY
P026-C0191,VII-C032,SUPPORT
P026-C0193,VII-C032,BOUNDARY
P026-C0194,VII-C001,BOUNDARY
P026-C0194,VII-C004,BOUNDARY
P026-C0194,VII-C005,BOUNDARY
P026-C0194,VII-C007,BOUNDARY
P026-C0194,VII-C010,BOUNDARY
P026-C0194,VII-C022,BOUNDARY
P026-C0194,VII-C035,BOUNDARY
P026-C0196,VII-C007,BOUNDARY
P026-C0196,VII-C035,BOUNDARY
P026-C0197,VII-C001,OPEN
P026-C0197,VII-C004,OPEN
P026-C0197,VII-C005,OPEN
P026-C0197,VII-C007,OPEN
P026-C0197,VII-C010,OPEN
P026-C0197,VII-C022,OPEN
P026-C0197,VII-C035,OPEN
P026-C0200,VII-C007,SUPPORT
P026-C0200,VII-C032,SUPPORT
P026-C0200,VII-C035,SUPPORT
P026-C0201,VII-C032,BOUNDARY
P026-C0202,VII-C001,BOUNDARY
P026-C0202,VII-C022,BOUNDARY
P026-C0205,VII-C007,BOUNDARY
P026-C0205,VII-C035,BOUNDARY
P026-C0207,VII-C004,BOUNDARY
P026-C0207,VII-C005,BOUNDARY
P026-C0207,VII-C007,BOUNDARY
P026-C0207,VII-C010,BOUNDARY
P026-C0207,VII-C032,BOUNDARY
P026-C0207,VII-C035,BOUNDARY
P026-C0208,VII-C005,OPEN
P026-C0208,VII-C007,OPEN
P026-C0208,VII-C032,OPEN
P026-C0208,VII-C035,OPEN
P026-C0209,VII-C004,OPEN
P026-C0209,VII-C005,OPEN
P026-C0209,VII-C010,OPEN
P026-C0209,VII-C032,OPEN
P026-C0219,VII-C002,OPEN
P026-C0219,VII-C004,OPEN
P026-C0219,VII-C005,OPEN
P026-C0219,VII-C007,OPEN
P026-C0219,VII-C010,OPEN
P026-C0219,VII-C032,OPEN
P026-C0219,VII-C035,OPEN
P026-C0221,VII-C005,SUPPORT
P026-C0221,VII-C007,SUPPORT
P026-C0221,VII-C035,SUPPORT
P026-C0224,VII-C007,BOUNDARY
P026-C0224,VII-C035,BOUNDARY
P026-C0228,VII-C007,BOUNDARY
P026-C0228,VII-C035,BOUNDARY
P026-C0229,VII-C007,BOUNDARY
P026-C0229,VII-C035,BOUNDARY
P026-C0230,VII-C001,BOUNDARY
P026-C0230,VII-C004,BOUNDARY
P026-C0230,VII-C005,BOUNDARY
P026-C0230,VII-C007,BOUNDARY
P026-C0230,VII-C010,BOUNDARY
P026-C0230,VII-C022,BOUNDARY
P026-C0230,VII-C035,BOUNDARY
P026-C0234,VII-C032,SUPPORT
P026-C0236,VII-C032,SUPPORT
P026-C0239,VII-C007,OPEN
P026-C0239,VII-C032,OPEN
P026-C0239,VII-C035,OPEN
P026-C0244,VII-C007,BOUNDARY
P026-C0244,VII-C025,BOUNDARY
P026-C0244,VII-C033,BOUNDARY
P026-C0246,VII-C007,BOUNDARY
P026-C0246,VII-C025,BOUNDARY
P026-C0246,VII-C033,BOUNDARY
P026-C0249,VII-C004,BOUNDARY
P026-C0249,VII-C005,BOUNDARY
P026-C0249,VII-C010,BOUNDARY
P026-C0252,VII-C004,OPEN
P026-C0252,VII-C005,OPEN
P026-C0252,VII-C010,OPEN
P026-C0253,VII-C002,BOUNDARY
P026-C0255,VII-C004,BOUNDARY
P026-C0255,VII-C005,BOUNDARY
P026-C0255,VII-C010,BOUNDARY
P026-C0256,VII-C004,BOUNDARY
P026-C0256,VII-C005,BOUNDARY
P026-C0256,VII-C010,BOUNDARY
P026-C0260,VII-C032,BOUNDARY
P026-C0263,VII-C004,BOUNDARY
P026-C0263,VII-C005,BOUNDARY
P026-C0263,VII-C010,BOUNDARY
P026-C0264,VII-C004,BOUNDARY
P026-C0264,VII-C005,BOUNDARY
P026-C0264,VII-C007,BOUNDARY
P026-C0264,VII-C010,BOUNDARY
P026-C0264,VII-C035,BOUNDARY
P026-C0267,VII-C007,BOUNDARY
P026-C0267,VII-C035,BOUNDARY
P026-C0269,VII-C007,SUPPORT
P026-C0269,VII-C035,SUPPORT
P026-C0271,VII-C007,BOUNDARY
P026-C0271,VII-C025,BOUNDARY
P026-C0271,VII-C033,BOUNDARY
P026-C0272,VII-C007,BOUNDARY
P026-C0272,VII-C025,BOUNDARY
P026-C0272,VII-C033,BOUNDARY
P026-C0274,VII-C007,BOUNDARY
P026-C0274,VII-C035,BOUNDARY
P026-C0275,VII-C002,BOUNDARY
P026-C0276,VII-C005,SUPPORT
P026-C0276,VII-C007,SUPPORT
P026-C0276,VII-C032,SUPPORT
P026-C0276,VII-C035,SUPPORT
P026-C0277,VII-C004,OPEN
P026-C0277,VII-C005,OPEN
P026-C0277,VII-C007,OPEN
P026-C0277,VII-C010,OPEN
P026-C0277,VII-C032,OPEN
P026-C0277,VII-C035,OPEN
P026-C0278,VII-C004,SUPPORT
P026-C0278,VII-C005,SUPPORT
P026-C0278,VII-C010,SUPPORT
P026-C0278,VII-C032,SUPPORT
P026-C0280,VII-C007,SUPPORT
P026-C0280,VII-C025,SUPPORT
P026-C0280,VII-C033,SUPPORT
P026-C0281,VII-C007,BOUNDARY
P026-C0281,VII-C025,BOUNDARY
P026-C0281,VII-C033,BOUNDARY
P026-C0284,VII-C004,OPEN
P026-C0284,VII-C005,OPEN
P026-C0284,VII-C007,OPEN
P026-C0284,VII-C010,OPEN
P026-C0284,VII-C025,OPEN
P026-C0284,VII-C033,OPEN
P026-C0285,VII-C002,OPEN
P026-C0285,VII-C004,OPEN
P026-C0285,VII-C005,OPEN
P026-C0285,VII-C007,OPEN
P026-C0285,VII-C010,OPEN
P026-C0285,VII-C032,OPEN
P026-C0285,VII-C035,OPEN
P027-C0001,VII-C002,SUPPORT
P027-C0003,VII-C002,SUPPORT
P027-C0004,VII-C031,BOUNDARY
P027-C0005,VII-C002,SUPPORT
P027-C0008,VII-C001,SUPPORT
P027-C0008,VII-C022,SUPPORT
P027-C0017,VII-C001,SUPPORT
P027-C0017,VII-C022,SUPPORT
P027-C0017,VII-C031,SUPPORT
P027-C0019,VII-C001,SUPPORT
P027-C0019,VII-C022,SUPPORT
P027-C0023,VII-C001,SUPPORT
P027-C0023,VII-C022,SUPPORT
P027-C0025,VII-C001,SUPPORT
P027-C0025,VII-C002,SUPPORT
P027-C0025,VII-C022,SUPPORT
P027-C0028,VII-C031,BOUNDARY
P027-C0033,VII-C002,SUPPORT
P027-C0034,VII-C001,SUPPORT
P027-C0034,VII-C022,SUPPORT
P027-C0036,VII-C001,SUPPORT
P027-C0036,VII-C022,SUPPORT
P027-C0038,VII-C001,SUPPORT
P027-C0038,VII-C022,SUPPORT
P027-C0038,VII-C031,SUPPORT
P027-C0046,VII-C001,SUPPORT
P027-C0046,VII-C022,SUPPORT
P027-C0048,VII-C031,SUPPORT
P027-C0049,VII-C002,BOUNDARY
P027-C0050,VII-C001,SUPPORT
P027-C0050,VII-C022,SUPPORT
P027-C0071,VII-C001,SUPPORT
P027-C0071,VII-C022,SUPPORT
P027-C0073,VII-C001,SUPPORT
P027-C0073,VII-C002,SUPPORT
P027-C0073,VII-C022,SUPPORT
P027-C0073,VII-C031,SUPPORT
P027-C0074,VII-C002,SUPPORT
P027-C0077,VII-C002,SUPPORT
P027-C0078,VII-C001,SUPPORT
P027-C0078,VII-C002,SUPPORT
P027-C0078,VII-C022,SUPPORT
P027-C0078,VII-C031,SUPPORT
P027-C0083,VII-C002,SUPPORT
P027-C0085,VII-C001,SUPPORT
P027-C0085,VII-C022,SUPPORT
P027-C0086,VII-C002,BOUNDARY
P027-C0087,VII-C001,SUPPORT
P027-C0087,VII-C022,SUPPORT
P027-C0088,VII-C001,SUPPORT
P027-C0088,VII-C022,SUPPORT
P027-C0090,VII-C031,BOUNDARY
P027-C0101,VII-C002,SUPPORT
P027-C0102,VII-C002,SUPPORT
P027-C0105,VII-C002,BOUNDARY
P027-C0107,VII-C001,BOUNDARY
P027-C0107,VII-C022,BOUNDARY
P027-C0107,VII-C031,BOUNDARY
P027-C0109,VII-C001,OPEN
P027-C0109,VII-C022,OPEN
P027-C0112,VII-C001,SUPPORT
P027-C0112,VII-C002,SUPPORT
P027-C0112,VII-C022,SUPPORT
P027-C0114,VII-C001,BOUNDARY
P027-C0114,VII-C022,BOUNDARY
P027-C0115,VII-C001,BOUNDARY
P027-C0115,VII-C002,BOUNDARY
P027-C0115,VII-C022,BOUNDARY
P027-C0116,VII-C031,BOUNDARY
P027-C0117,VII-C002,BOUNDARY
P027-C0118,VII-C001,OPEN
P027-C0118,VII-C022,OPEN
P027-C0119,VII-C001,OPEN
P027-C0119,VII-C022,OPEN
P027-C0119,VII-C031,OPEN
P027-C0120,VII-C001,OPEN
P027-C0120,VII-C022,OPEN
P027-C0120,VII-C031,OPEN
P027-C0122,VII-C001,OPEN
P027-C0122,VII-C002,OPEN
P027-C0122,VII-C022,OPEN
P027-C0122,VII-C031,OPEN
P027-C0123,VII-C031,BOUNDARY
P028-C0001,VII-C030,SUPPORT
P028-C0001,VII-C031,SUPPORT
P028-C0002,VII-C003,BOUNDARY
P028-C0002,VII-C004,BOUNDARY
P028-C0002,VII-C008,BOUNDARY
P028-C0002,VII-C033,BOUNDARY
P028-C0002,VII-C035,BOUNDARY
P028-C0004,VII-C003,SUPPORT
P028-C0004,VII-C004,SUPPORT
P028-C0004,VII-C008,SUPPORT
P028-C0004,VII-C033,SUPPORT
P028-C0004,VII-C035,SUPPORT
P028-C0005,VII-C015,SUPPORT
P028-C0005,VII-C034,SUPPORT
P028-C0006,VII-C003,SUPPORT
P028-C0006,VII-C004,SUPPORT
P028-C0006,VII-C005,SUPPORT
P028-C0006,VII-C008,SUPPORT
P028-C0006,VII-C009,SUPPORT
P028-C0006,VII-C033,SUPPORT
P028-C0006,VII-C035,SUPPORT
P028-C0006,VII-C036,SUPPORT
P028-C0007,VII-C008,SUPPORT
P028-C0007,VII-C033,SUPPORT
P028-C0008,VII-C003,SUPPORT
P028-C0008,VII-C004,SUPPORT
P028-C0008,VII-C009,SUPPORT
P028-C0008,VII-C035,SUPPORT
P028-C0008,VII-C036,SUPPORT
P028-C0009,VII-C001,SUPPORT
P028-C0009,VII-C003,SUPPORT
P028-C0009,VII-C004,SUPPORT
P028-C0009,VII-C008,SUPPORT
P028-C0009,VII-C033,SUPPORT
P028-C0009,VII-C035,SUPPORT
P028-C0010,VII-C001,BOUNDARY
P028-C0010,VII-C005,BOUNDARY
P028-C0010,VII-C022,BOUNDARY
P028-C0011,VII-C003,SUPPORT
P028-C0011,VII-C004,SUPPORT
P028-C0011,VII-C035,SUPPORT
P028-C0013,VII-C009,SUPPORT
P028-C0013,VII-C035,SUPPORT
P028-C0013,VII-C036,SUPPORT
P028-C0014,VII-C003,SUPPORT
P028-C0014,VII-C004,SUPPORT
P028-C0014,VII-C035,SUPPORT
P028-C0016,VII-C001,SUPPORT
P028-C0017,VII-C003,SUPPORT
P028-C0017,VII-C004,SUPPORT
P028-C0017,VII-C035,SUPPORT
P028-C0018,VII-C003,BOUNDARY
P028-C0018,VII-C004,BOUNDARY
P028-C0018,VII-C008,BOUNDARY
P028-C0018,VII-C033,BOUNDARY
P028-C0018,VII-C035,BOUNDARY
P028-C0019,VII-C008,SUPPORT
P028-C0019,VII-C033,SUPPORT
P028-C0020,VII-C003,SUPPORT
P028-C0020,VII-C004,SUPPORT
P028-C0020,VII-C008,SUPPORT
P028-C0020,VII-C009,SUPPORT
P028-C0020,VII-C033,SUPPORT
P028-C0020,VII-C035,SUPPORT
P028-C0020,VII-C036,SUPPORT
P028-C0021,VII-C008,BOUNDARY
P028-C0021,VII-C033,BOUNDARY
P028-C0022,VII-C009,SUPPORT
P028-C0022,VII-C035,SUPPORT
P028-C0022,VII-C036,SUPPORT
P028-C0023,VII-C015,BOUNDARY
P028-C0023,VII-C034,BOUNDARY
P028-C0024,VII-C003,SUPPORT
P028-C0024,VII-C004,SUPPORT
P028-C0024,VII-C008,SUPPORT
P028-C0024,VII-C009,SUPPORT
P028-C0024,VII-C033,SUPPORT
P028-C0024,VII-C035,SUPPORT
P028-C0024,VII-C036,SUPPORT
P028-C0026,VII-C008,SUPPORT
P028-C0026,VII-C033,SUPPORT
P028-C0028,VII-C009,SUPPORT
P028-C0028,VII-C035,SUPPORT
P028-C0028,VII-C036,SUPPORT
P028-C0029,VII-C001,SUPPORT
P028-C0030,VII-C008,BOUNDARY
P028-C0030,VII-C033,BOUNDARY
P028-C0033,VII-C030,SUPPORT
P028-C0034,VII-C003,SUPPORT
P028-C0034,VII-C004,SUPPORT
P028-C0034,VII-C035,SUPPORT
P028-C0035,VII-C009,SUPPORT
P028-C0035,VII-C035,SUPPORT
P028-C0035,VII-C036,SUPPORT
P028-C0036,VII-C003,SUPPORT
P028-C0036,VII-C004,SUPPORT
P028-C0036,VII-C008,SUPPORT
P028-C0036,VII-C033,SUPPORT
P028-C0036,VII-C035,SUPPORT
P028-C0037,VII-C008,SUPPORT
P028-C0037,VII-C033,SUPPORT
P028-C0039,VII-C001,SUPPORT
P028-C0040,VII-C003,SUPPORT
P028-C0040,VII-C004,SUPPORT
P028-C0040,VII-C008,SUPPORT
P028-C0040,VII-C009,SUPPORT
P028-C0040,VII-C033,SUPPORT
P028-C0040,VII-C035,SUPPORT
P028-C0040,VII-C036,SUPPORT
P028-C0042,VII-C009,SUPPORT
P028-C0042,VII-C035,SUPPORT
P028-C0042,VII-C036,SUPPORT
P028-C0043,VII-C005,SUPPORT
P028-C0043,VII-C009,SUPPORT
P028-C0043,VII-C035,SUPPORT
P028-C0043,VII-C036,SUPPORT
P028-C0045,VII-C001,SUPPORT
P028-C0046,VII-C003,SUPPORT
P028-C0046,VII-C004,SUPPORT
P028-C0046,VII-C035,SUPPORT
P028-C0047,VII-C001,SUPPORT
P028-C0048,VII-C003,SUPPORT
P028-C0048,VII-C004,SUPPORT
P028-C0048,VII-C035,SUPPORT
P028-C0049,VII-C008,SUPPORT
P028-C0049,VII-C033,SUPPORT
P028-C0050,VII-C001,BOUNDARY
P028-C0050,VII-C022,BOUNDARY
P028-C0052,VII-C001,BOUNDARY
P028-C0052,VII-C022,BOUNDARY
P028-C0053,VII-C008,SUPPORT
P028-C0053,VII-C033,SUPPORT
P028-C0054,VII-C008,SUPPORT
P028-C0054,VII-C033,SUPPORT
P028-C0055,VII-C008,SUPPORT
P028-C0055,VII-C033,SUPPORT
P028-C0056,VII-C003,SUPPORT
P028-C0056,VII-C004,SUPPORT
P028-C0056,VII-C008,SUPPORT
P028-C0056,VII-C009,SUPPORT
P028-C0056,VII-C033,SUPPORT
P028-C0056,VII-C035,SUPPORT
P028-C0056,VII-C036,SUPPORT
P028-C0057,VII-C001,SUPPORT
P028-C0057,VII-C003,SUPPORT
P028-C0057,VII-C004,SUPPORT
P028-C0057,VII-C009,SUPPORT
P028-C0057,VII-C035,SUPPORT
P028-C0057,VII-C036,SUPPORT
P028-C0059,VII-C003,BOUNDARY
P028-C0059,VII-C004,BOUNDARY
P028-C0059,VII-C035,BOUNDARY
P028-C0060,VII-C003,BOUNDARY
P028-C0060,VII-C004,BOUNDARY
P028-C0060,VII-C035,BOUNDARY
P028-C0061,VII-C003,BOUNDARY
P028-C0061,VII-C004,BOUNDARY
P028-C0061,VII-C008,BOUNDARY
P028-C0061,VII-C033,BOUNDARY
P028-C0061,VII-C035,BOUNDARY
P028-C0062,VII-C003,SUPPORT
P028-C0062,VII-C004,SUPPORT
P028-C0062,VII-C035,SUPPORT
P028-C0066,VII-C031,SUPPORT
P028-C0068,VII-C009,SUPPORT
P028-C0068,VII-C035,SUPPORT
P028-C0068,VII-C036,SUPPORT
P028-C0072,VII-C008,SUPPORT
P028-C0072,VII-C033,SUPPORT
P028-C0073,VII-C001,BOUNDARY
P028-C0073,VII-C022,BOUNDARY
P028-C0074,VII-C001,SUPPORT
P028-C0074,VII-C022,SUPPORT
P028-C0075,VII-C001,SUPPORT
P028-C0075,VII-C022,SUPPORT
P028-C0077,VII-C008,SUPPORT
P028-C0077,VII-C033,SUPPORT
P028-C0078,VII-C008,SUPPORT
P028-C0078,VII-C009,SUPPORT
P028-C0078,VII-C033,SUPPORT
P028-C0078,VII-C035,SUPPORT
P028-C0078,VII-C036,SUPPORT
P028-C0084,VII-C001,SUPPORT
P028-C0085,VII-C003,SUPPORT
P028-C0085,VII-C004,SUPPORT
P028-C0085,VII-C009,SUPPORT
P028-C0085,VII-C035,SUPPORT
P028-C0085,VII-C036,SUPPORT
P028-C0088,VII-C005,SUPPORT
P028-C0089,VII-C005,SUPPORT
P028-C0091,VII-C008,SUPPORT
P028-C0091,VII-C009,SUPPORT
P028-C0091,VII-C033,SUPPORT
P028-C0091,VII-C035,SUPPORT
P028-C0091,VII-C036,SUPPORT
P028-C0093,VII-C008,SUPPORT
P028-C0093,VII-C033,SUPPORT
P028-C0094,VII-C003,SUPPORT
P028-C0094,VII-C004,SUPPORT
P028-C0094,VII-C035,SUPPORT
P028-C0095,VII-C003,SUPPORT
P028-C0095,VII-C004,SUPPORT
P028-C0095,VII-C035,SUPPORT
P028-C0098,VII-C003,OPEN
P028-C0098,VII-C004,OPEN
P028-C0098,VII-C008,OPEN
P028-C0098,VII-C033,OPEN
P028-C0098,VII-C035,OPEN
P028-C0099,VII-C001,OPEN
P028-C0099,VII-C003,OPEN
P028-C0099,VII-C004,OPEN
P028-C0099,VII-C005,OPEN
P028-C0099,VII-C008,OPEN
P028-C0099,VII-C009,OPEN
P028-C0099,VII-C033,OPEN
P028-C0099,VII-C035,OPEN
P028-C0099,VII-C036,OPEN
P028-C0100,VII-C005,BOUNDARY
P028-C0101,VII-C003,BOUNDARY
P028-C0101,VII-C004,BOUNDARY
P028-C0101,VII-C035,BOUNDARY
P028-C0102,VII-C001,BOUNDARY
P028-C0102,VII-C022,BOUNDARY
P028-C0103,VII-C001,BOUNDARY
P028-C0104,VII-C011,OPEN
P028-C0104,VII-C029,OPEN
P029-C0001,VII-C006,SUPPORT
P029-C0001,VII-C017,SUPPORT
P029-C0001,VII-C032,SUPPORT
P029-C0001,VII-C036,SUPPORT
P029-C0002,VII-C011,BOUNDARY
P029-C0002,VII-C017,BOUNDARY
P029-C0002,VII-C029,BOUNDARY
P029-C0002,VII-C032,BOUNDARY
P029-C0002,VII-C035,BOUNDARY
P029-C0002,VII-C036,BOUNDARY
P029-C0003,VII-C017,OPEN
P029-C0003,VII-C032,OPEN
P029-C0003,VII-C036,OPEN
P029-C0004,VII-C006,SUPPORT
P029-C0004,VII-C017,SUPPORT
P029-C0004,VII-C032,SUPPORT
P029-C0004,VII-C036,SUPPORT
P029-C0005,VII-C006,BOUNDARY
P029-C0005,VII-C011,BOUNDARY
P029-C0005,VII-C017,BOUNDARY
P029-C0005,VII-C018,BOUNDARY
P029-C0005,VII-C029,BOUNDARY
P029-C0005,VII-C032,BOUNDARY
P029-C0005,VII-C035,BOUNDARY
P029-C0005,VII-C036,BOUNDARY
P029-C0006,VII-C011,BOUNDARY
P029-C0006,VII-C017,BOUNDARY
P029-C0006,VII-C029,BOUNDARY
P029-C0006,VII-C032,BOUNDARY
P029-C0006,VII-C035,BOUNDARY
P029-C0006,VII-C036,BOUNDARY
P029-C0007,VII-C018,SUPPORT
P029-C0008,VII-C017,BOUNDARY
P029-C0008,VII-C026,BOUNDARY
P029-C0008,VII-C032,BOUNDARY
P029-C0008,VII-C036,BOUNDARY
P029-C0009,VII-C026,OPEN
P029-C0010,VII-C017,SUPPORT
P029-C0010,VII-C032,SUPPORT
P029-C0010,VII-C036,SUPPORT
P029-C0011,VII-C006,SUPPORT
P029-C0011,VII-C011,SUPPORT
P029-C0011,VII-C017,SUPPORT
P029-C0011,VII-C018,SUPPORT
P029-C0011,VII-C026,SUPPORT
P029-C0011,VII-C029,SUPPORT
P029-C0011,VII-C032,SUPPORT
P029-C0011,VII-C035,SUPPORT
P029-C0011,VII-C036,SUPPORT
P029-C0012,VII-C011,OPEN
P029-C0012,VII-C017,OPEN
P029-C0012,VII-C018,OPEN
P029-C0012,VII-C026,OPEN
P029-C0012,VII-C029,OPEN
P029-C0012,VII-C032,OPEN
P029-C0012,VII-C035,OPEN
P029-C0012,VII-C036,OPEN
P029-C0013,VII-C011,SUPPORT
P029-C0013,VII-C017,SUPPORT
P029-C0013,VII-C018,SUPPORT
P029-C0013,VII-C026,SUPPORT
P029-C0013,VII-C029,SUPPORT
P029-C0013,VII-C032,SUPPORT
P029-C0013,VII-C035,SUPPORT
P029-C0013,VII-C036,SUPPORT
P029-C0014,VII-C017,SUPPORT
P029-C0014,VII-C032,SUPPORT
P029-C0014,VII-C036,SUPPORT
P029-C0016,VII-C011,SUPPORT
P029-C0016,VII-C017,SUPPORT
P029-C0016,VII-C018,SUPPORT
P029-C0016,VII-C026,SUPPORT
P029-C0016,VII-C029,SUPPORT
P029-C0016,VII-C032,SUPPORT
P029-C0016,VII-C035,SUPPORT
P029-C0016,VII-C036,SUPPORT
P029-C0017,VII-C007,OPEN
P029-C0017,VII-C025,OPEN
P029-C0017,VII-C033,OPEN
P029-C0018,VII-C006,SUPPORT
P029-C0018,VII-C017,SUPPORT
P029-C0018,VII-C032,SUPPORT
P029-C0018,VII-C036,SUPPORT
P029-C0019,VII-C006,SUPPORT
P029-C0019,VII-C017,SUPPORT
P029-C0019,VII-C032,SUPPORT
P029-C0019,VII-C036,SUPPORT
P029-C0020,VII-C018,SUPPORT
P029-C0021,VII-C017,BOUNDARY
P029-C0021,VII-C032,BOUNDARY
P029-C0021,VII-C036,BOUNDARY
P029-C0022,VII-C006,SUPPORT
P029-C0022,VII-C011,SUPPORT
P029-C0022,VII-C017,SUPPORT
P029-C0022,VII-C029,SUPPORT
P029-C0022,VII-C032,SUPPORT
P029-C0022,VII-C035,SUPPORT
P029-C0022,VII-C036,SUPPORT
P029-C0023,VII-C007,OPEN
P029-C0023,VII-C025,OPEN
P029-C0023,VII-C033,OPEN
P029-C0024,VII-C017,SUPPORT
P029-C0024,VII-C018,SUPPORT
P029-C0024,VII-C026,SUPPORT
P029-C0024,VII-C032,SUPPORT
P029-C0024,VII-C036,SUPPORT
P029-C0025,VII-C006,SUPPORT
P029-C0025,VII-C017,SUPPORT
P029-C0025,VII-C032,SUPPORT
P029-C0025,VII-C036,SUPPORT
P029-C0026,VII-C011,SUPPORT
P029-C0026,VII-C017,SUPPORT
P029-C0026,VII-C029,SUPPORT
P029-C0026,VII-C032,SUPPORT
P029-C0026,VII-C035,SUPPORT
P029-C0026,VII-C036,SUPPORT
P029-C0027,VII-C006,SUPPORT
P029-C0027,VII-C011,SUPPORT
P029-C0027,VII-C017,SUPPORT
P029-C0027,VII-C018,SUPPORT
P029-C0027,VII-C029,SUPPORT
P029-C0027,VII-C032,SUPPORT
P029-C0027,VII-C035,SUPPORT
P029-C0027,VII-C036,SUPPORT
P029-C0028,VII-C011,SUPPORT
P029-C0028,VII-C029,SUPPORT
P029-C0028,VII-C035,SUPPORT
P029-C0029,VII-C006,OPEN
P029-C0029,VII-C011,OPEN
P029-C0029,VII-C017,OPEN
P029-C0029,VII-C018,OPEN
P029-C0029,VII-C029,OPEN
P029-C0029,VII-C032,OPEN
P029-C0029,VII-C035,OPEN
P029-C0029,VII-C036,OPEN
P029-C0030,VII-C017,BOUNDARY
P029-C0030,VII-C032,BOUNDARY
P029-C0030,VII-C036,BOUNDARY
P029-C0031,VII-C006,OPEN
P029-C0031,VII-C011,OPEN
P029-C0031,VII-C017,OPEN
P029-C0031,VII-C018,OPEN
P029-C0031,VII-C026,OPEN
P029-C0031,VII-C029,OPEN
P029-C0031,VII-C032,OPEN
P029-C0031,VII-C035,OPEN
P029-C0031,VII-C036,OPEN
P029-C0032,VII-C006,OPEN
P029-C0032,VII-C011,OPEN
P029-C0032,VII-C017,OPEN
P029-C0032,VII-C018,OPEN
P029-C0032,VII-C026,OPEN
P029-C0032,VII-C029,OPEN
P029-C0032,VII-C032,OPEN
P029-C0032,VII-C035,OPEN
P029-C0032,VII-C036,OPEN
P029-C0033,VII-C017,BOUNDARY
P029-C0033,VII-C026,BOUNDARY
P029-C0033,VII-C032,BOUNDARY
P029-C0033,VII-C036,BOUNDARY
P030-C0001,VII-C004,SUPPORT
P030-C0001,VII-C005,SUPPORT
P030-C0001,VII-C007,SUPPORT
P030-C0001,VII-C010,SUPPORT
P030-C0001,VII-C012,SUPPORT
P030-C0001,VII-C013,SUPPORT
P030-C0001,VII-C025,SUPPORT
P030-C0001,VII-C033,SUPPORT
P030-C0001,VII-C034,SUPPORT
P030-C0002,VII-C032,SUPPORT
P030-C0003,VII-C004,SUPPORT
P030-C0003,VII-C005,SUPPORT
P030-C0003,VII-C010,SUPPORT
P030-C0003,VII-C017,SUPPORT
P030-C0003,VII-C032,SUPPORT
P030-C0003,VII-C036,SUPPORT
P030-C0004,VII-C001,SUPPORT
P030-C0004,VII-C004,SUPPORT
P030-C0004,VII-C005,SUPPORT
P030-C0004,VII-C010,SUPPORT
P030-C0005,VII-C004,SUPPORT
P030-C0005,VII-C005,SUPPORT
P030-C0005,VII-C006,SUPPORT
P030-C0005,VII-C010,SUPPORT
P030-C0005,VII-C011,SUPPORT
P030-C0005,VII-C029,SUPPORT
P030-C0005,VII-C035,SUPPORT
P030-C0006,VII-C001,SUPPORT
P030-C0006,VII-C022,SUPPORT
P030-C0007,VII-C002,SUPPORT
P030-C0007,VII-C004,SUPPORT
P030-C0007,VII-C005,SUPPORT
P030-C0007,VII-C006,SUPPORT
P030-C0007,VII-C010,SUPPORT
P030-C0008,VII-C002,SUPPORT
P030-C0009,VII-C001,SUPPORT
P030-C0009,VII-C002,SUPPORT
P030-C0009,VII-C006,SUPPORT
P030-C0010,VII-C011,SUPPORT
P030-C0010,VII-C029,SUPPORT
P030-C0010,VII-C035,SUPPORT
P030-C0011,VII-C011,SUPPORT
P030-C0011,VII-C029,SUPPORT
P030-C0011,VII-C035,SUPPORT
P030-C0014,VII-C004,SUPPORT
P030-C0014,VII-C005,SUPPORT
P030-C0014,VII-C010,SUPPORT
P030-C0015,VII-C001,SUPPORT
P030-C0015,VII-C002,SUPPORT
P030-C0015,VII-C006,SUPPORT
P030-C0015,VII-C011,SUPPORT
P030-C0015,VII-C029,SUPPORT
P030-C0015,VII-C035,SUPPORT
P030-C0016,VII-C004,SUPPORT
P030-C0016,VII-C005,SUPPORT
P030-C0016,VII-C007,SUPPORT
P030-C0016,VII-C010,SUPPORT
P030-C0016,VII-C025,SUPPORT
P030-C0016,VII-C033,SUPPORT
P030-C0018,VII-C004,SUPPORT
P030-C0018,VII-C005,SUPPORT
P030-C0018,VII-C010,SUPPORT
P030-C0020,VII-C001,BOUNDARY
P030-C0020,VII-C022,BOUNDARY
P030-C0021,VII-C004,SUPPORT
P030-C0021,VII-C005,SUPPORT
P030-C0021,VII-C006,SUPPORT
P030-C0021,VII-C010,SUPPORT
P030-C0021,VII-C011,SUPPORT
P030-C0021,VII-C029,SUPPORT
P030-C0021,VII-C035,SUPPORT
P030-C0022,VII-C004,SUPPORT
P030-C0022,VII-C005,SUPPORT
P030-C0022,VII-C006,SUPPORT
P030-C0022,VII-C010,SUPPORT
P030-C0023,VII-C004,SUPPORT
P030-C0023,VII-C005,SUPPORT
P030-C0023,VII-C010,SUPPORT
P030-C0025,VII-C001,SUPPORT
P030-C0025,VII-C004,SUPPORT
P030-C0025,VII-C005,SUPPORT
P030-C0025,VII-C006,SUPPORT
P030-C0025,VII-C010,SUPPORT
P030-C0025,VII-C011,SUPPORT
P030-C0025,VII-C029,SUPPORT
P030-C0025,VII-C035,SUPPORT
P030-C0026,VII-C006,SUPPORT
P030-C0026,VII-C011,SUPPORT
P030-C0026,VII-C029,SUPPORT
P030-C0026,VII-C035,SUPPORT
P030-C0027,VII-C001,SUPPORT
P030-C0027,VII-C002,SUPPORT
P030-C0028,VII-C001,BOUNDARY
P030-C0028,VII-C022,BOUNDARY
P030-C0030,VII-C001,SUPPORT
P030-C0030,VII-C004,SUPPORT
P030-C0030,VII-C005,SUPPORT
P030-C0030,VII-C006,SUPPORT
P030-C0030,VII-C010,SUPPORT
P030-C0030,VII-C011,SUPPORT
P030-C0030,VII-C029,SUPPORT
P030-C0030,VII-C035,SUPPORT
P030-C0031,VII-C004,SUPPORT
P030-C0031,VII-C005,SUPPORT
P030-C0031,VII-C010,SUPPORT
P030-C0032,VII-C004,SUPPORT
P030-C0032,VII-C005,SUPPORT
P030-C0032,VII-C010,SUPPORT
P030-C0036,VII-C001,SUPPORT
P030-C0036,VII-C006,SUPPORT
P030-C0038,VII-C001,BOUNDARY
P030-C0038,VII-C022,BOUNDARY
P030-C0039,VII-C006,SUPPORT
P030-C0039,VII-C011,SUPPORT
P030-C0039,VII-C029,SUPPORT
P030-C0039,VII-C035,SUPPORT
P030-C0040,VII-C011,SUPPORT
P030-C0040,VII-C029,SUPPORT
P030-C0040,VII-C035,SUPPORT
P030-C0042,VII-C011,SUPPORT
P030-C0042,VII-C029,SUPPORT
P030-C0042,VII-C035,SUPPORT
P030-C0043,VII-C011,OPEN
P030-C0043,VII-C029,OPEN
P030-C0043,VII-C035,OPEN
P030-C0045,VII-C001,SUPPORT
P030-C0045,VII-C011,SUPPORT
P030-C0045,VII-C029,SUPPORT
P030-C0045,VII-C035,SUPPORT
P030-C0046,VII-C002,SUPPORT
P030-C0046,VII-C006,SUPPORT
P030-C0046,VII-C011,SUPPORT
P030-C0046,VII-C029,SUPPORT
P030-C0046,VII-C035,SUPPORT
P030-C0047,VII-C011,OPEN
P030-C0047,VII-C029,OPEN
P030-C0047,VII-C035,OPEN
P030-C0048,VII-C004,SUPPORT
P030-C0048,VII-C005,SUPPORT
P030-C0048,VII-C010,SUPPORT
P030-C0050,VII-C004,SUPPORT
P030-C0050,VII-C005,SUPPORT
P030-C0050,VII-C006,SUPPORT
P030-C0050,VII-C010,SUPPORT
P030-C0051,VII-C006,SUPPORT
P030-C0055,VII-C001,BOUNDARY
P030-C0055,VII-C002,BOUNDARY
P030-C0055,VII-C006,BOUNDARY
P030-C0056,VII-C001,OPEN
P030-C0056,VII-C002,OPEN
P030-C0056,VII-C004,OPEN
P030-C0056,VII-C005,OPEN
P030-C0056,VII-C006,OPEN
P030-C0056,VII-C010,OPEN
P030-C0056,VII-C011,OPEN
P030-C0056,VII-C029,OPEN
P030-C0056,VII-C035,OPEN
P030-C0057,VII-C006,SUPPORT
P030-C0057,VII-C011,SUPPORT
P030-C0057,VII-C029,SUPPORT
P030-C0057,VII-C035,SUPPORT
P030-C0059,VII-C001,OPEN
P030-C0059,VII-C004,OPEN
P030-C0059,VII-C005,OPEN
P030-C0059,VII-C006,OPEN
P030-C0059,VII-C010,OPEN
P030-C0059,VII-C011,OPEN
P030-C0059,VII-C029,OPEN
P030-C0059,VII-C035,OPEN
P030-C0060,VII-C004,SUPPORT
P030-C0060,VII-C005,SUPPORT
P030-C0060,VII-C006,SUPPORT
P030-C0060,VII-C010,SUPPORT
P030-C0060,VII-C011,SUPPORT
P030-C0060,VII-C029,SUPPORT
P030-C0060,VII-C035,SUPPORT
P030-C0061,VII-C001,OPEN
P030-C0061,VII-C002,OPEN
P030-C0061,VII-C006,OPEN
P030-C0061,VII-C011,OPEN
P030-C0061,VII-C029,OPEN
P030-C0061,VII-C035,OPEN
P030-C0066,VII-C004,SUPPORT
P030-C0066,VII-C005,SUPPORT
P030-C0066,VII-C006,SUPPORT
P030-C0066,VII-C010,SUPPORT
P030-C0066,VII-C011,SUPPORT
P030-C0066,VII-C029,SUPPORT
P030-C0066,VII-C035,SUPPORT
P030-C0067,VII-C011,SUPPORT
P030-C0067,VII-C029,SUPPORT
P030-C0069,VII-C004,SUPPORT
P030-C0069,VII-C005,SUPPORT
P030-C0069,VII-C006,SUPPORT
P030-C0069,VII-C010,SUPPORT
P030-C0071,VII-C004,SUPPORT
P030-C0071,VII-C005,SUPPORT
P030-C0071,VII-C010,SUPPORT
P030-C0072,VII-C004,SUPPORT
P030-C0072,VII-C005,SUPPORT
P030-C0072,VII-C010,SUPPORT
P030-C0073,VII-C004,SUPPORT
P030-C0073,VII-C005,SUPPORT
P030-C0073,VII-C010,SUPPORT
P030-C0073,VII-C011,SUPPORT
P030-C0073,VII-C029,SUPPORT
P030-C0073,VII-C035,SUPPORT
P030-C0075,VII-C001,OPEN
P030-C0075,VII-C006,OPEN
P030-C0075,VII-C011,OPEN
P030-C0075,VII-C029,OPEN
P030-C0075,VII-C035,OPEN
P030-C0076,VII-C002,SUPPORT
P030-C0077,VII-C004,SUPPORT
P030-C0077,VII-C005,SUPPORT
P030-C0077,VII-C010,SUPPORT
P030-C0080,VII-C004,SUPPORT
P030-C0080,VII-C005,SUPPORT
P030-C0080,VII-C010,SUPPORT
P030-C0082,VII-C004,BOUNDARY
P030-C0082,VII-C005,BOUNDARY
P030-C0082,VII-C006,BOUNDARY
P030-C0082,VII-C010,BOUNDARY
P030-C0082,VII-C011,BOUNDARY
P030-C0082,VII-C029,BOUNDARY
P030-C0082,VII-C035,BOUNDARY
P030-C0089,VII-C004,SUPPORT
P030-C0089,VII-C005,SUPPORT
P030-C0089,VII-C010,SUPPORT
P030-C0091,VII-C004,SUPPORT
P030-C0091,VII-C005,SUPPORT
P030-C0091,VII-C010,SUPPORT
P030-C0095,VII-C004,SUPPORT
P030-C0095,VII-C005,SUPPORT
P030-C0095,VII-C010,SUPPORT
P030-C0097,VII-C004,SUPPORT
P030-C0097,VII-C005,SUPPORT
P030-C0097,VII-C006,SUPPORT
P030-C0097,VII-C010,SUPPORT
P030-C0097,VII-C011,SUPPORT
P030-C0097,VII-C029,SUPPORT
P030-C0097,VII-C035,SUPPORT
P030-C0098,VII-C004,SUPPORT
P030-C0098,VII-C005,SUPPORT
P030-C0098,VII-C006,SUPPORT
P030-C0098,VII-C010,SUPPORT
P030-C0098,VII-C011,SUPPORT
P030-C0098,VII-C029,SUPPORT
P030-C0098,VII-C035,SUPPORT
P030-C0099,VII-C017,SUPPORT
P030-C0099,VII-C032,SUPPORT
P030-C0099,VII-C036,SUPPORT
P030-C0101,VII-C017,SUPPORT
P030-C0101,VII-C032,SUPPORT
P030-C0101,VII-C036,SUPPORT
P030-C0102,VII-C004,SUPPORT
P030-C0102,VII-C005,SUPPORT
P030-C0102,VII-C006,SUPPORT
P030-C0102,VII-C010,SUPPORT
P030-C0105,VII-C011,SUPPORT
P030-C0105,VII-C029,SUPPORT
P030-C0105,VII-C035,SUPPORT
P030-C0106,VII-C004,SUPPORT
P030-C0106,VII-C005,SUPPORT
P030-C0106,VII-C006,SUPPORT
P030-C0106,VII-C010,SUPPORT
P030-C0107,VII-C001,SUPPORT
P030-C0107,VII-C022,SUPPORT
P030-C0108,VII-C004,BOUNDARY
P030-C0108,VII-C005,BOUNDARY
P030-C0108,VII-C010,BOUNDARY
P030-C0109,VII-C007,BOUNDARY
P030-C0109,VII-C025,BOUNDARY
P030-C0109,VII-C033,BOUNDARY
P030-C0110,VII-C004,BOUNDARY
P030-C0110,VII-C005,BOUNDARY
P030-C0110,VII-C010,BOUNDARY
P030-C0111,VII-C001,BOUNDARY
P030-C0111,VII-C006,BOUNDARY
P030-C0111,VII-C011,BOUNDARY
P030-C0111,VII-C029,BOUNDARY
P030-C0111,VII-C035,BOUNDARY
P030-C0112,VII-C001,BOUNDARY
P030-C0112,VII-C022,BOUNDARY
P030-C0113,VII-C011,SUPPORT
P030-C0113,VII-C029,SUPPORT
P030-C0113,VII-C035,SUPPORT
P030-C0114,VII-C001,BOUNDARY
P030-C0114,VII-C002,BOUNDARY
P030-C0114,VII-C006,BOUNDARY
P030-C0114,VII-C011,BOUNDARY
P030-C0114,VII-C029,BOUNDARY
P030-C0114,VII-C035,BOUNDARY
P030-C0115,VII-C001,SUPPORT
P030-C0115,VII-C004,SUPPORT
P030-C0115,VII-C005,SUPPORT
P030-C0115,VII-C010,SUPPORT
P030-C0116,VII-C012,OPEN
P030-C0116,VII-C013,OPEN
P030-C0116,VII-C034,OPEN
P030-C0117,VII-C004,BOUNDARY
P030-C0117,VII-C005,BOUNDARY
P030-C0117,VII-C010,BOUNDARY
P030-C0117,VII-C012,BOUNDARY
P030-C0117,VII-C013,BOUNDARY
P030-C0117,VII-C034,BOUNDARY
P030-C0118,VII-C012,SUPPORT
P030-C0118,VII-C013,SUPPORT
P030-C0118,VII-C034,SUPPORT
P030-C0120,VII-C001,OPEN
P030-C0120,VII-C002,OPEN
P030-C0120,VII-C004,OPEN
P030-C0120,VII-C005,OPEN
P030-C0120,VII-C006,OPEN
P030-C0120,VII-C010,OPEN
P030-C0120,VII-C011,OPEN
P030-C0120,VII-C029,OPEN
P030-C0120,VII-C035,OPEN
P030-C0122,VII-C001,BOUNDARY
P030-C0122,VII-C006,BOUNDARY
P030-C0122,VII-C011,BOUNDARY
P030-C0122,VII-C029,BOUNDARY
P030-C0122,VII-C035,BOUNDARY
P030-C0123,VII-C006,BOUNDARY
P030-C0123,VII-C011,BOUNDARY
P030-C0123,VII-C029,BOUNDARY
P030-C0123,VII-C035,BOUNDARY
P030-C0124,VII-C006,BOUNDARY
P030-C0124,VII-C011,BOUNDARY
P030-C0124,VII-C029,BOUNDARY
P030-C0124,VII-C035,BOUNDARY
P030-C0126,VII-C001,BOUNDARY
P030-C0126,VII-C022,BOUNDARY
P031-C0001,VII-C001,SUPPORT
P031-C0001,VII-C022,SUPPORT
P031-C0003,VII-C001,SUPPORT
P031-C0003,VII-C003,SUPPORT
P031-C0003,VII-C004,SUPPORT
P031-C0003,VII-C022,SUPPORT
P031-C0003,VII-C035,SUPPORT
P031-C0007,VII-C003,SUPPORT
P031-C0007,VII-C004,SUPPORT
P031-C0007,VII-C035,SUPPORT
P031-C0010,VII-C003,SUPPORT
P031-C0010,VII-C004,SUPPORT
P031-C0010,VII-C035,SUPPORT
P031-C0011,VII-C003,SUPPORT
P031-C0011,VII-C004,SUPPORT
P031-C0011,VII-C035,SUPPORT
P031-C0012,VII-C003,SUPPORT
P031-C0012,VII-C004,SUPPORT
P031-C0012,VII-C035,SUPPORT
P031-C0013,VII-C003,SUPPORT
P031-C0013,VII-C004,SUPPORT
P031-C0013,VII-C035,SUPPORT
P031-C0016,VII-C003,SUPPORT
P031-C0016,VII-C004,SUPPORT
P031-C0016,VII-C035,SUPPORT
P031-C0017,VII-C003,SUPPORT
P031-C0017,VII-C004,SUPPORT
P031-C0017,VII-C035,SUPPORT
P031-C0020,VII-C003,SUPPORT
P031-C0020,VII-C004,SUPPORT
P031-C0020,VII-C035,SUPPORT
P031-C0021,VII-C003,SUPPORT
P031-C0021,VII-C004,SUPPORT
P031-C0021,VII-C035,SUPPORT
P031-C0022,VII-C001,SUPPORT
P031-C0022,VII-C022,SUPPORT
P031-C0027,VII-C001,SUPPORT
P031-C0027,VII-C003,SUPPORT
P031-C0027,VII-C004,SUPPORT
P031-C0027,VII-C022,SUPPORT
P031-C0027,VII-C035,SUPPORT
P031-C0028,VII-C003,SUPPORT
P031-C0028,VII-C004,SUPPORT
P031-C0028,VII-C035,SUPPORT
P031-C0029,VII-C001,SUPPORT
P031-C0029,VII-C022,SUPPORT
P031-C0046,VII-C001,SUPPORT
P031-C0046,VII-C022,SUPPORT
P031-C0047,VII-C001,SUPPORT
P031-C0047,VII-C022,SUPPORT
P031-C0049,VII-C003,SUPPORT
P031-C0049,VII-C004,SUPPORT
P031-C0049,VII-C031,SUPPORT
P031-C0049,VII-C035,SUPPORT
P031-C0051,VII-C003,SUPPORT
P031-C0051,VII-C004,SUPPORT
P031-C0051,VII-C035,SUPPORT
P031-C0055,VII-C003,SUPPORT
P031-C0055,VII-C004,SUPPORT
P031-C0055,VII-C031,SUPPORT
P031-C0055,VII-C035,SUPPORT
P031-C0057,VII-C003,SUPPORT
P031-C0057,VII-C004,SUPPORT
P031-C0057,VII-C035,SUPPORT
P031-C0061,VII-C001,SUPPORT
P031-C0061,VII-C022,SUPPORT
P031-C0066,VII-C003,SUPPORT
P031-C0066,VII-C004,SUPPORT
P031-C0066,VII-C035,SUPPORT
P031-C0068,VII-C003,SUPPORT
P031-C0068,VII-C004,SUPPORT
P031-C0068,VII-C031,SUPPORT
P031-C0068,VII-C035,SUPPORT
P031-C0070,VII-C003,SUPPORT
P031-C0070,VII-C004,SUPPORT
P031-C0070,VII-C035,SUPPORT
P031-C0073,VII-C001,BOUNDARY
P031-C0073,VII-C022,BOUNDARY
P031-C0074,VII-C001,BOUNDARY
P031-C0074,VII-C022,BOUNDARY
P031-C0079,VII-C003,BOUNDARY
P031-C0079,VII-C004,BOUNDARY
P031-C0079,VII-C031,BOUNDARY
P031-C0079,VII-C035,BOUNDARY
P031-C0080,VII-C003,OPEN
P031-C0080,VII-C004,OPEN
P031-C0080,VII-C035,OPEN
P031-C0081,VII-C001,OPEN
P031-C0081,VII-C003,OPEN
P031-C0081,VII-C004,OPEN
P031-C0081,VII-C022,OPEN
P031-C0081,VII-C031,OPEN
P031-C0081,VII-C035,OPEN
P031-C0082,VII-C001,OPEN
P031-C0082,VII-C003,OPEN
P031-C0082,VII-C004,OPEN
P031-C0082,VII-C022,OPEN
P031-C0082,VII-C031,OPEN
P031-C0082,VII-C035,OPEN
P031-C0095,VII-C003,SUPPORT
P031-C0095,VII-C004,SUPPORT
P031-C0095,VII-C035,SUPPORT
P031-C0115,VII-C003,SUPPORT
P031-C0115,VII-C004,SUPPORT
P031-C0115,VII-C035,SUPPORT
P031-C0122,VII-C001,SUPPORT
P031-C0122,VII-C022,SUPPORT
P032-C0001,VII-C019,SUPPORT
P032-C0001,VII-C036,SUPPORT
P032-C0002,VII-C007,SUPPORT
P032-C0002,VII-C008,SUPPORT
P032-C0002,VII-C025,SUPPORT
P032-C0002,VII-C033,SUPPORT
P032-C0004,VII-C007,SUPPORT
P032-C0004,VII-C025,SUPPORT
P032-C0004,VII-C033,SUPPORT
P032-C0005,VII-C001,BOUNDARY
P032-C0005,VII-C003,BOUNDARY
P032-C0005,VII-C004,BOUNDARY
P032-C0005,VII-C007,BOUNDARY
P032-C0005,VII-C019,SUPPORT
P032-C0005,VII-C025,BOUNDARY
P032-C0005,VII-C033,BOUNDARY
P032-C0005,VII-C035,BOUNDARY
P032-C0005,VII-C036,SUPPORT
P032-C0007,VII-C007,SUPPORT
P032-C0007,VII-C008,BOUNDARY
P032-C0007,VII-C019,BOUNDARY
P032-C0007,VII-C025,SUPPORT
P032-C0007,VII-C033,SUPPORT
P032-C0007,VII-C036,BOUNDARY
P032-C0009,VII-C003,BOUNDARY
P032-C0009,VII-C004,BOUNDARY
P032-C0009,VII-C007,SUPPORT
P032-C0009,VII-C008,BOUNDARY
P032-C0009,VII-C019,BOUNDARY
P032-C0009,VII-C025,SUPPORT
P032-C0009,VII-C033,SUPPORT
P032-C0009,VII-C035,BOUNDARY
P032-C0009,VII-C036,BOUNDARY
P032-C0011,VII-C001,BOUNDARY
P032-C0011,VII-C003,BOUNDARY
P032-C0011,VII-C004,BOUNDARY
P032-C0011,VII-C007,SUPPORT
P032-C0011,VII-C008,BOUNDARY
P032-C0011,VII-C019,SUPPORT
P032-C0011,VII-C025,SUPPORT
P032-C0011,VII-C033,SUPPORT
P032-C0011,VII-C035,BOUNDARY
P032-C0011,VII-C036,SUPPORT
P032-C0013,VII-C001,BOUNDARY
P032-C0013,VII-C003,BOUNDARY
P032-C0013,VII-C004,BOUNDARY
P032-C0013,VII-C007,SUPPORT
P032-C0013,VII-C008,BOUNDARY
P032-C0013,VII-C019,BOUNDARY
P032-C0013,VII-C025,SUPPORT
P032-C0013,VII-C033,SUPPORT
P032-C0013,VII-C035,BOUNDARY
P032-C0013,VII-C036,BOUNDARY
P032-C0015,VII-C001,BOUNDARY
P032-C0015,VII-C003,BOUNDARY
P032-C0015,VII-C004,BOUNDARY
P032-C0015,VII-C007,BOUNDARY
P032-C0015,VII-C008,BOUNDARY
P032-C0015,VII-C019,BOUNDARY
P032-C0015,VII-C025,BOUNDARY
P032-C0015,VII-C033,BOUNDARY
P032-C0015,VII-C035,BOUNDARY
P032-C0015,VII-C036,BOUNDARY
P032-C0017,VII-C003,BOUNDARY
P032-C0017,VII-C004,BOUNDARY
P032-C0017,VII-C007,BOUNDARY
P032-C0017,VII-C008,BOUNDARY
P032-C0017,VII-C019,BOUNDARY
P032-C0017,VII-C025,BOUNDARY
P032-C0017,VII-C033,BOUNDARY
P032-C0017,VII-C035,BOUNDARY
P032-C0017,VII-C036,BOUNDARY
P032-C0019,VII-C001,BOUNDARY
P032-C0019,VII-C003,BOUNDARY
P032-C0019,VII-C004,BOUNDARY
P032-C0019,VII-C007,SUPPORT
P032-C0019,VII-C008,BOUNDARY
P032-C0019,VII-C019,SUPPORT
P032-C0019,VII-C025,SUPPORT
P032-C0019,VII-C033,SUPPORT
P032-C0019,VII-C035,BOUNDARY
P032-C0019,VII-C036,SUPPORT
P032-C0022,VII-C007,SUPPORT
P032-C0022,VII-C025,SUPPORT
P032-C0022,VII-C033,SUPPORT
P032-C0025,VII-C007,SUPPORT
P032-C0025,VII-C019,SUPPORT
P032-C0025,VII-C025,SUPPORT
P032-C0025,VII-C033,SUPPORT
P032-C0025,VII-C036,SUPPORT
P032-C0027,VII-C007,SUPPORT
P032-C0027,VII-C025,SUPPORT
P032-C0027,VII-C033,SUPPORT
P032-C0030,VII-C007,SUPPORT
P032-C0030,VII-C025,SUPPORT
P032-C0030,VII-C033,SUPPORT
P032-C0031,VII-C003,SUPPORT
P032-C0031,VII-C004,SUPPORT
P032-C0031,VII-C007,SUPPORT
P032-C0031,VII-C025,SUPPORT
P032-C0031,VII-C033,SUPPORT
P032-C0031,VII-C035,SUPPORT
P032-C0034,VII-C001,SUPPORT
P032-C0034,VII-C007,SUPPORT
P032-C0034,VII-C019,SUPPORT
P032-C0034,VII-C025,SUPPORT
P032-C0034,VII-C033,SUPPORT
P032-C0034,VII-C036,SUPPORT
P032-C0036,VII-C007,SUPPORT
P032-C0036,VII-C008,SUPPORT
P032-C0036,VII-C019,SUPPORT
P032-C0036,VII-C025,SUPPORT
P032-C0036,VII-C033,SUPPORT
P032-C0036,VII-C036,SUPPORT
P032-C0039,VII-C007,SUPPORT
P032-C0039,VII-C025,SUPPORT
P032-C0039,VII-C033,SUPPORT
P032-C0040,VII-C007,SUPPORT
P032-C0040,VII-C019,SUPPORT
P032-C0040,VII-C025,SUPPORT
P032-C0040,VII-C033,SUPPORT
P032-C0040,VII-C036,SUPPORT
P032-C0044,VII-C007,SUPPORT
P032-C0044,VII-C025,SUPPORT
P032-C0044,VII-C033,SUPPORT
P032-C0045,VII-C007,SUPPORT
P032-C0045,VII-C025,SUPPORT
P032-C0045,VII-C033,SUPPORT
P032-C0047,VII-C007,SUPPORT
P032-C0047,VII-C019,SUPPORT
P032-C0047,VII-C025,SUPPORT
P032-C0047,VII-C033,SUPPORT
P032-C0047,VII-C036,SUPPORT
P032-C0048,VII-C007,SUPPORT
P032-C0048,VII-C025,SUPPORT
P032-C0048,VII-C033,SUPPORT
P033-C0001,VII-C018,SUPPORT
P033-C0002,VII-C018,BOUNDARY
P033-C0002,VII-C026,BOUNDARY
P034-C0001,VII-C003,SUPPORT
P034-C0001,VII-C004,SUPPORT
P034-C0001,VII-C035,SUPPORT
P034-C0002,VII-C028,BOUNDARY
P034-C0003,VII-C003,BOUNDARY
P034-C0003,VII-C004,BOUNDARY
P034-C0003,VII-C019,BOUNDARY
P034-C0003,VII-C028,BOUNDARY
P034-C0003,VII-C035,BOUNDARY
P034-C0003,VII-C036,BOUNDARY
P034-C0004,VII-C003,BOUNDARY
P034-C0004,VII-C004,BOUNDARY
P034-C0004,VII-C035,BOUNDARY
P034-C0009,VII-C019,SUPPORT
P034-C0009,VII-C036,SUPPORT
P034-C0014,VII-C019,SUPPORT
P034-C0014,VII-C036,SUPPORT
P034-C0015,VII-C019,SUPPORT
P034-C0015,VII-C036,SUPPORT
P034-C0024,VII-C001,SUPPORT
P034-C0024,VII-C019,SUPPORT
P034-C0024,VII-C036,SUPPORT
P034-C0025,VII-C001,SUPPORT
P034-C0025,VII-C019,SUPPORT
P034-C0025,VII-C036,SUPPORT
P034-C0026,VII-C019,SUPPORT
P034-C0026,VII-C036,SUPPORT
P034-C0027,VII-C003,SUPPORT
P034-C0027,VII-C004,SUPPORT
P034-C0027,VII-C019,SUPPORT
P034-C0027,VII-C035,SUPPORT
P034-C0027,VII-C036,SUPPORT
P034-C0028,VII-C003,SUPPORT
P034-C0028,VII-C004,SUPPORT
P034-C0028,VII-C035,SUPPORT
P034-C0030,VII-C019,SUPPORT
P034-C0030,VII-C036,SUPPORT
P034-C0032,VII-C019,SUPPORT
P034-C0032,VII-C036,SUPPORT
P034-C0034,VII-C019,SUPPORT
P034-C0034,VII-C036,SUPPORT
P034-C0036,VII-C019,SUPPORT
P034-C0036,VII-C036,SUPPORT
P034-C0037,VII-C019,SUPPORT
P034-C0037,VII-C036,SUPPORT
P034-C0038,VII-C019,SUPPORT
P034-C0038,VII-C036,SUPPORT
P034-C0039,VII-C003,SUPPORT
P034-C0039,VII-C004,SUPPORT
P034-C0039,VII-C019,SUPPORT
P034-C0039,VII-C035,SUPPORT
P034-C0039,VII-C036,SUPPORT
P034-C0040,VII-C003,SUPPORT
P034-C0040,VII-C004,SUPPORT
P034-C0040,VII-C035,SUPPORT
P034-C0041,VII-C003,BOUNDARY
P034-C0041,VII-C004,BOUNDARY
P034-C0041,VII-C019,BOUNDARY
P034-C0041,VII-C035,BOUNDARY
P034-C0041,VII-C036,BOUNDARY
P034-C0043,VII-C019,SUPPORT
P034-C0043,VII-C036,SUPPORT
P034-C0045,VII-C019,SUPPORT
P034-C0045,VII-C036,SUPPORT
P034-C0046,VII-C003,BOUNDARY
P034-C0046,VII-C004,BOUNDARY
P034-C0046,VII-C019,BOUNDARY
P034-C0046,VII-C035,BOUNDARY
P034-C0046,VII-C036,BOUNDARY
P034-C0047,VII-C003,BOUNDARY
P034-C0047,VII-C004,BOUNDARY
P034-C0047,VII-C035,BOUNDARY
P034-C0049,VII-C001,BOUNDARY
P034-C0049,VII-C003,BOUNDARY
P034-C0049,VII-C004,BOUNDARY
P034-C0049,VII-C019,BOUNDARY
P034-C0049,VII-C028,BOUNDARY
P034-C0049,VII-C035,BOUNDARY
P034-C0049,VII-C036,BOUNDARY
P034-C0050,VII-C003,BOUNDARY
P034-C0050,VII-C004,BOUNDARY
P034-C0050,VII-C019,BOUNDARY
P034-C0050,VII-C035,BOUNDARY
P034-C0050,VII-C036,BOUNDARY
P034-C0053,VII-C003,BOUNDARY
P034-C0053,VII-C004,BOUNDARY
P034-C0053,VII-C019,BOUNDARY
P034-C0053,VII-C035,BOUNDARY
P034-C0053,VII-C036,BOUNDARY
P034-C0054,VII-C001,BOUNDARY
P034-C0054,VII-C003,BOUNDARY
P034-C0054,VII-C004,BOUNDARY
P034-C0054,VII-C019,BOUNDARY
P034-C0054,VII-C028,BOUNDARY
P034-C0054,VII-C035,BOUNDARY
P034-C0054,VII-C036,BOUNDARY
P034-C0055,VII-C001,BOUNDARY
P034-C0055,VII-C003,BOUNDARY
P034-C0055,VII-C004,BOUNDARY
P034-C0055,VII-C019,BOUNDARY
P034-C0055,VII-C028,BOUNDARY
P034-C0055,VII-C035,BOUNDARY
P034-C0055,VII-C036,BOUNDARY
P035-C0003,VII-C024,BOUNDARY
P035-C0016,VII-C024,BOUNDARY
P035-C0035,VII-C024,BOUNDARY
P036-C0002,VII-C024,BOUNDARY
P037-C0001,VII-C015,SUPPORT
P037-C0001,VII-C034,SUPPORT
P037-C0002,VII-C015,BOUNDARY
P037-C0002,VII-C034,BOUNDARY
P037-C0003,VII-C030,SUPPORT
P037-C0004,VII-C009,BOUNDARY
P037-C0004,VII-C030,BOUNDARY
P037-C0004,VII-C035,BOUNDARY
P037-C0004,VII-C036,BOUNDARY
P037-C0007,VII-C009,BOUNDARY
P037-C0007,VII-C035,BOUNDARY
P037-C0007,VII-C036,BOUNDARY
P037-C0008,VII-C009,OPEN
P037-C0008,VII-C015,OPEN
P037-C0008,VII-C030,OPEN
P037-C0008,VII-C034,OPEN
P037-C0008,VII-C035,OPEN
P037-C0008,VII-C036,OPEN
P037-C0009,VII-C009,BOUNDARY
P037-C0009,VII-C015,BOUNDARY
P037-C0009,VII-C030,BOUNDARY
P037-C0009,VII-C034,BOUNDARY
P037-C0009,VII-C035,BOUNDARY
P037-C0009,VII-C036,BOUNDARY
P037-C0013,VII-C009,BOUNDARY
P037-C0013,VII-C015,BOUNDARY
P037-C0013,VII-C030,BOUNDARY
P037-C0013,VII-C034,BOUNDARY
P037-C0013,VII-C035,BOUNDARY
P037-C0013,VII-C036,BOUNDARY
P037-C0014,VII-C009,SUPPORT
P037-C0014,VII-C030,SUPPORT
P037-C0014,VII-C035,SUPPORT
P037-C0014,VII-C036,SUPPORT
P037-C0015,VII-C009,BOUNDARY
P037-C0015,VII-C035,BOUNDARY
P037-C0015,VII-C036,BOUNDARY
P037-C0016,VII-C009,BOUNDARY
P037-C0016,VII-C035,BOUNDARY
P037-C0016,VII-C036,BOUNDARY
P037-C0017,VII-C030,BOUNDARY
P037-C0019,VII-C030,SUPPORT
P037-C0020,VII-C009,SUPPORT
P037-C0020,VII-C035,SUPPORT
P037-C0020,VII-C036,SUPPORT
P037-C0022,VII-C009,BOUNDARY
P037-C0022,VII-C015,BOUNDARY
P037-C0022,VII-C030,BOUNDARY
P037-C0022,VII-C034,BOUNDARY
P037-C0022,VII-C035,BOUNDARY
P037-C0022,VII-C036,BOUNDARY
P037-C0024,VII-C030,OPEN
P037-C0025,VII-C030,OPEN
P037-C0026,VII-C015,SUPPORT
P037-C0026,VII-C034,SUPPORT
P037-C0027,VII-C030,OPEN
P037-C0028,VII-C015,SUPPORT
P037-C0028,VII-C034,SUPPORT
P037-C0032,VII-C009,SUPPORT
P037-C0032,VII-C035,SUPPORT
P037-C0032,VII-C036,SUPPORT
P037-C0033,VII-C009,BOUNDARY
P037-C0033,VII-C035,BOUNDARY
P037-C0033,VII-C036,BOUNDARY
P037-C0034,VII-C009,BOUNDARY
P037-C0034,VII-C035,BOUNDARY
P037-C0034,VII-C036,BOUNDARY
P037-C0035,VII-C009,OPEN
P037-C0035,VII-C030,OPEN
P037-C0035,VII-C035,OPEN
P037-C0035,VII-C036,OPEN
P037-C0036,VII-C009,BOUNDARY
P037-C0036,VII-C015,BOUNDARY
P037-C0036,VII-C034,BOUNDARY
P037-C0036,VII-C035,BOUNDARY
P037-C0036,VII-C036,BOUNDARY
P037-C0037,VII-C015,BOUNDARY
P037-C0037,VII-C034,BOUNDARY
P037-C0038,VII-C009,OPEN
P037-C0038,VII-C035,OPEN
P037-C0038,VII-C036,OPEN
P037-C0040,VII-C030,SUPPORT
P037-C0041,VII-C030,SUPPORT
P037-C0042,VII-C009,SUPPORT
P037-C0042,VII-C015,SUPPORT
P037-C0042,VII-C030,SUPPORT
P037-C0042,VII-C034,SUPPORT
P037-C0042,VII-C035,SUPPORT
P037-C0042,VII-C036,SUPPORT
P037-C0043,VII-C009,BOUNDARY
P037-C0043,VII-C015,BOUNDARY
P037-C0043,VII-C030,BOUNDARY
P037-C0043,VII-C034,BOUNDARY
P037-C0043,VII-C035,BOUNDARY
P037-C0043,VII-C036,BOUNDARY
P037-C0044,VII-C009,BOUNDARY
P037-C0044,VII-C030,BOUNDARY
P037-C0044,VII-C035,BOUNDARY
P037-C0044,VII-C036,BOUNDARY
P037-C0045,VII-C009,SUPPORT
P037-C0045,VII-C015,SUPPORT
P037-C0045,VII-C030,SUPPORT
P037-C0045,VII-C034,SUPPORT
P037-C0045,VII-C035,SUPPORT
P037-C0045,VII-C036,SUPPORT
P037-C0046,VII-C030,BOUNDARY
P037-C0047,VII-C009,BOUNDARY
P037-C0047,VII-C035,BOUNDARY
P037-C0047,VII-C036,BOUNDARY
P037-C0048,VII-C009,BOUNDARY
P037-C0048,VII-C015,BOUNDARY
P037-C0048,VII-C030,BOUNDARY
P037-C0048,VII-C034,BOUNDARY
P037-C0048,VII-C035,BOUNDARY
P037-C0048,VII-C036,BOUNDARY
P037-C0049,VII-C009,OPEN
P037-C0049,VII-C035,OPEN
P037-C0049,VII-C036,OPEN
P038-C0005,VII-C013,SUPPORT
P038-C0005,VII-C014,SUPPORT
P038-C0008,VII-C013,SUPPORT
P038-C0008,VII-C014,SUPPORT
P038-C0010,VII-C013,BOUNDARY
P038-C0010,VII-C014,BOUNDARY
P038-C0011,VII-C013,SUPPORT
P038-C0011,VII-C014,SUPPORT
P038-C0013,VII-C013,SUPPORT
P038-C0013,VII-C014,SUPPORT
P038-C0014,VII-C013,SUPPORT
P038-C0014,VII-C014,SUPPORT
P038-C0015,VII-C013,BOUNDARY
P038-C0015,VII-C014,BOUNDARY
P038-C0016,VII-C013,BOUNDARY
P038-C0016,VII-C014,BOUNDARY
P038-C0017,VII-C013,BOUNDARY
P038-C0017,VII-C014,BOUNDARY
P038-C0018,VII-C013,SUPPORT
P038-C0018,VII-C014,SUPPORT
P038-C0022,VII-C013,BOUNDARY
P038-C0022,VII-C014,BOUNDARY
P038-C0024,VII-C013,OPEN
P038-C0024,VII-C014,OPEN
P038-C0027,VII-C013,OPEN
P038-C0027,VII-C014,OPEN
P038-C0029,VII-C013,SUPPORT
P038-C0029,VII-C014,SUPPORT
P038-C0031,VII-C013,OPEN
P038-C0031,VII-C014,OPEN
P038-C0032,VII-C013,OPEN
P038-C0032,VII-C014,OPEN
P038-C0033,VII-C013,OPEN
P038-C0033,VII-C014,OPEN
P038-C0034,VII-C013,BOUNDARY
P038-C0034,VII-C014,BOUNDARY
P039-C0001,VII-C024,SUPPORT
P039-C0002,VII-C024,BOUNDARY
P040-C0002,VII-C015,BOUNDARY
P040-C0002,VII-C034,BOUNDARY
P040-C0003,VII-C028,BOUNDARY
P040-C0005,VII-C002,BOUNDARY
P040-C0005,VII-C021,BOUNDARY
P040-C0007,VII-C002,SUPPORT
P040-C0007,VII-C021,SUPPORT
P040-C0019,VII-C002,SUPPORT
P040-C0019,VII-C021,SUPPORT
P040-C0021,VII-C002,SUPPORT
P040-C0021,VII-C021,SUPPORT
P040-C0022,VII-C028,SUPPORT
P040-C0036,VII-C002,SUPPORT
P040-C0036,VII-C015,SUPPORT
P040-C0036,VII-C021,SUPPORT
P040-C0036,VII-C034,SUPPORT
P040-C0042,VII-C015,SUPPORT
P040-C0042,VII-C034,SUPPORT
P040-C0043,VII-C015,SUPPORT
P040-C0043,VII-C034,SUPPORT
P040-C0045,VII-C002,OPEN
P040-C0045,VII-C021,OPEN
P040-C0046,VII-C002,SUPPORT
P040-C0046,VII-C021,SUPPORT
P040-C0047,VII-C015,SUPPORT
P040-C0047,VII-C034,SUPPORT
P040-C0049,VII-C002,SUPPORT
P040-C0049,VII-C015,SUPPORT
P040-C0049,VII-C021,SUPPORT
P040-C0049,VII-C034,SUPPORT
P040-C0050,VII-C002,OPEN
P040-C0050,VII-C021,OPEN
P040-C0054,VII-C015,SUPPORT
P040-C0054,VII-C034,SUPPORT
P040-C0064,VII-C015,SUPPORT
P040-C0064,VII-C028,SUPPORT
P040-C0064,VII-C034,SUPPORT
P040-C0068,VII-C015,SUPPORT
P040-C0068,VII-C028,SUPPORT
P040-C0068,VII-C034,SUPPORT
P040-C0075,VII-C028,SUPPORT
P040-C0077,VII-C015,SUPPORT
P040-C0077,VII-C034,SUPPORT
P040-C0086,VII-C015,BOUNDARY
P040-C0086,VII-C034,BOUNDARY
P040-C0088,VII-C002,BOUNDARY
P040-C0088,VII-C021,BOUNDARY
P040-C0106,VII-C002,SUPPORT
P040-C0106,VII-C021,SUPPORT
P040-C0111,VII-C015,SUPPORT
P040-C0111,VII-C034,SUPPORT
P040-C0112,VII-C002,SUPPORT
P040-C0112,VII-C021,SUPPORT
P040-C0120,VII-C015,BOUNDARY
P040-C0120,VII-C034,BOUNDARY
P040-C0132,VII-C015,OPEN
P040-C0132,VII-C034,OPEN
P040-C0137,VII-C002,SUPPORT
P040-C0137,VII-C021,SUPPORT
P040-C0141,VII-C002,BOUNDARY
P040-C0141,VII-C015,BOUNDARY
P040-C0141,VII-C021,BOUNDARY
P040-C0141,VII-C034,BOUNDARY
P040-C0143,VII-C002,BOUNDARY
P040-C0143,VII-C021,BOUNDARY
P040-C0149,VII-C015,BOUNDARY
P040-C0149,VII-C034,BOUNDARY
P040-C0155,VII-C002,SUPPORT
P040-C0155,VII-C021,SUPPORT
P040-C0158,VII-C028,SUPPORT
P040-C0163,VII-C002,BOUNDARY
P040-C0163,VII-C021,BOUNDARY
P040-C0168,VII-C015,SUPPORT
P040-C0168,VII-C034,SUPPORT
P040-C0169,VII-C015,OPEN
P040-C0169,VII-C034,OPEN
P040-C0170,VII-C002,OPEN
P040-C0170,VII-C015,OPEN
P040-C0170,VII-C021,OPEN
P040-C0170,VII-C028,OPEN
P040-C0170,VII-C034,OPEN
P040-C0171,VII-C015,SUPPORT
P040-C0171,VII-C034,SUPPORT
P040-C0173,VII-C002,SUPPORT
P040-C0173,VII-C021,SUPPORT
P040-C0174,VII-C002,BOUNDARY
P040-C0174,VII-C021,BOUNDARY
P040-C0175,VII-C015,OPEN
P040-C0175,VII-C034,OPEN
P040-C0176,VII-C015,BOUNDARY
P040-C0176,VII-C034,BOUNDARY
P040-C0180,VII-C015,SUPPORT
P040-C0180,VII-C034,SUPPORT
P040-C0181,VII-C015,SUPPORT
P040-C0181,VII-C034,SUPPORT
P040-C0182,VII-C015,SUPPORT
P040-C0182,VII-C034,SUPPORT
P040-C0183,VII-C002,SUPPORT
P040-C0183,VII-C021,SUPPORT
P040-C0187,VII-C015,SUPPORT
P040-C0187,VII-C034,SUPPORT
P040-C0190,VII-C015,SUPPORT
P040-C0190,VII-C034,SUPPORT
P040-C0194,VII-C015,SUPPORT
P040-C0194,VII-C034,SUPPORT
P040-C0198,VII-C002,SUPPORT
P040-C0198,VII-C021,SUPPORT
P040-C0206,VII-C015,SUPPORT
P040-C0206,VII-C034,SUPPORT
P040-C0208,VII-C015,SUPPORT
P040-C0208,VII-C034,SUPPORT
P040-C0219,VII-C015,BOUNDARY
P040-C0219,VII-C034,BOUNDARY
P041-C0002,VII-C002,BOUNDARY
P041-C0002,VII-C021,BOUNDARY
P042-C0001,VII-C017,SUPPORT
P042-C0001,VII-C032,SUPPORT
P042-C0001,VII-C036,SUPPORT
P042-C0002,VII-C006,BOUNDARY
P042-C0002,VII-C011,BOUNDARY
P042-C0002,VII-C017,BOUNDARY
P042-C0002,VII-C020,BOUNDARY
P042-C0002,VII-C029,BOUNDARY
P042-C0002,VII-C032,BOUNDARY
P042-C0002,VII-C035,BOUNDARY
P042-C0002,VII-C036,BOUNDARY
P042-C0005,VII-C017,SUPPORT
P042-C0005,VII-C020,SUPPORT
P042-C0005,VII-C032,SUPPORT
P042-C0005,VII-C036,SUPPORT
P042-C0006,VII-C020,SUPPORT
P042-C0007,VII-C011,SUPPORT
P042-C0007,VII-C020,SUPPORT
P042-C0007,VII-C029,SUPPORT
P042-C0007,VII-C035,SUPPORT
P042-C0008,VII-C017,SUPPORT
P042-C0008,VII-C032,SUPPORT
P042-C0008,VII-C036,SUPPORT
P042-C0009,VII-C011,SUPPORT
P042-C0009,VII-C029,SUPPORT
P042-C0009,VII-C035,SUPPORT
P042-C0010,VII-C017,SUPPORT
P042-C0010,VII-C020,SUPPORT
P042-C0010,VII-C032,SUPPORT
P042-C0010,VII-C036,SUPPORT
P042-C0012,VII-C017,SUPPORT
P042-C0012,VII-C020,SUPPORT
P042-C0012,VII-C032,SUPPORT
P042-C0012,VII-C036,SUPPORT
P043-C0001,VII-C013,SUPPORT
P043-C0001,VII-C014,SUPPORT
P043-C0002,VII-C012,SUPPORT
P043-C0002,VII-C013,SUPPORT
P043-C0002,VII-C014,SUPPORT
P043-C0002,VII-C034,SUPPORT
P043-C0003,VII-C012,SUPPORT
P043-C0003,VII-C013,SUPPORT
P043-C0003,VII-C014,SUPPORT
P043-C0003,VII-C034,SUPPORT
P043-C0004,VII-C012,SUPPORT
P043-C0004,VII-C013,SUPPORT
P043-C0004,VII-C014,SUPPORT
P043-C0004,VII-C034,SUPPORT
P043-C0006,VII-C012,SUPPORT
P043-C0006,VII-C013,SUPPORT
P043-C0006,VII-C034,SUPPORT
P043-C0007,VII-C012,BOUNDARY
P043-C0007,VII-C013,BOUNDARY
P043-C0007,VII-C014,BOUNDARY
P043-C0007,VII-C034,BOUNDARY
P043-C0009,VII-C012,OPEN
P043-C0009,VII-C013,OPEN
P043-C0009,VII-C014,OPEN
P043-C0009,VII-C034,OPEN
P044-C0001,VII-C004,SUPPORT
P044-C0001,VII-C005,SUPPORT
P044-C0001,VII-C010,SUPPORT
P044-C0004,VII-C027,BOUNDARY
P044-C0008,VII-C032,SUPPORT
P044-C0009,VII-C032,SUPPORT
P044-C0011,VII-C004,OPEN
P044-C0011,VII-C005,OPEN
P044-C0011,VII-C010,OPEN
P044-C0015,VII-C004,SUPPORT
P044-C0015,VII-C005,SUPPORT
P044-C0015,VII-C010,SUPPORT
P044-C0017,VII-C032,SUPPORT
P044-C0018,VII-C027,BOUNDARY
P044-C0019,VII-C027,OPEN
P044-C0020,VII-C032,OPEN
P044-C0021,VII-C032,SUPPORT
P044-C0022,VII-C027,SUPPORT
P044-C0022,VII-C032,SUPPORT
P044-C0023,VII-C032,SUPPORT
P045-C0001,VII-C013,SUPPORT
P045-C0001,VII-C014,SUPPORT
P045-C0002,VII-C002,BOUNDARY
P045-C0002,VII-C012,BOUNDARY
P045-C0002,VII-C013,BOUNDARY
P045-C0002,VII-C014,BOUNDARY
P045-C0002,VII-C034,BOUNDARY
P045-C0003,VII-C013,OPEN
P045-C0003,VII-C014,OPEN
P045-C0004,VII-C012,BOUNDARY
P045-C0004,VII-C013,BOUNDARY
P045-C0004,VII-C014,BOUNDARY
P045-C0004,VII-C034,BOUNDARY
P045-C0005,VII-C012,BOUNDARY
P045-C0005,VII-C013,BOUNDARY
P045-C0005,VII-C014,BOUNDARY
P045-C0005,VII-C034,BOUNDARY
P045-C0006,VII-C012,OPEN
P045-C0006,VII-C013,OPEN
P045-C0006,VII-C014,OPEN
P045-C0006,VII-C034,OPEN
P045-C0007,VII-C012,SUPPORT
P045-C0007,VII-C013,SUPPORT
P045-C0007,VII-C014,SUPPORT
P045-C0007,VII-C034,SUPPORT
P045-C0008,VII-C002,BOUNDARY
P045-C0008,VII-C012,BOUNDARY
P045-C0008,VII-C013,BOUNDARY
P045-C0008,VII-C014,BOUNDARY
P045-C0008,VII-C034,BOUNDARY
P045-C0009,VII-C013,OPEN
P045-C0009,VII-C014,OPEN
P045-C0011,VII-C012,BOUNDARY
P045-C0011,VII-C013,BOUNDARY
P045-C0011,VII-C014,BOUNDARY
P045-C0011,VII-C034,BOUNDARY
P046-C0002,VII-C002,BOUNDARY
P046-C0002,VII-C021,BOUNDARY
P046-C0006,VII-C002,BOUNDARY
P046-C0006,VII-C021,BOUNDARY
P046-C0008,VII-C002,SUPPORT
P046-C0008,VII-C021,SUPPORT
P046-C0009,VII-C002,SUPPORT
P046-C0009,VII-C021,SUPPORT
P046-C0021,VII-C002,BOUNDARY
P046-C0021,VII-C021,BOUNDARY
P047-C0001,VII-C024,SUPPORT
P047-C0006,VII-C024,OPEN
P047-C0007,VII-C024,OPEN
P048-C0001,VII-C018,SUPPORT
P048-C0001,VII-C026,SUPPORT
P048-C0003,VII-C008,SUPPORT
P048-C0003,VII-C016,SUPPORT
P048-C0003,VII-C018,SUPPORT
P048-C0003,VII-C033,SUPPORT
P048-C0005,VII-C008,SUPPORT
P048-C0005,VII-C016,SUPPORT
P048-C0005,VII-C018,SUPPORT
P048-C0005,VII-C033,SUPPORT
P048-C0007,VII-C008,SUPPORT
P048-C0007,VII-C016,SUPPORT
P048-C0007,VII-C033,SUPPORT
P048-C0011,VII-C018,SUPPORT
P048-C0012,VII-C016,SUPPORT
P048-C0012,VII-C018,SUPPORT
P048-C0012,VII-C026,SUPPORT
P048-C0013,VII-C016,SUPPORT
P048-C0015,VII-C018,SUPPORT
P048-C0016,VII-C016,SUPPORT
P048-C0018,VII-C016,SUPPORT
P048-C0018,VII-C026,SUPPORT
P048-C0019,VII-C008,SUPPORT
P048-C0019,VII-C016,SUPPORT
P048-C0019,VII-C026,SUPPORT
P048-C0019,VII-C033,SUPPORT
P048-C0021,VII-C008,SUPPORT
P048-C0021,VII-C016,SUPPORT
P048-C0021,VII-C033,SUPPORT
P048-C0022,VII-C018,SUPPORT
P048-C0026,VII-C016,SUPPORT
P048-C0028,VII-C018,SUPPORT
P048-C0032,VII-C008,BOUNDARY
P048-C0032,VII-C016,BOUNDARY
P048-C0032,VII-C033,BOUNDARY
P049-C0001,VII-C005,SUPPORT
P049-C0005,VII-C016,BOUNDARY
P049-C0006,VII-C016,BOUNDARY
P049-C0007,VII-C016,OPEN
P049-C0007,VII-C030,OPEN
P049-C0008,VII-C016,SUPPORT
P049-C0009,VII-C004,BOUNDARY
P049-C0009,VII-C005,BOUNDARY
P049-C0009,VII-C010,BOUNDARY
P049-C0011,VII-C016,SUPPORT
P049-C0012,VII-C016,BOUNDARY
P049-C0013,VII-C016,SUPPORT
P049-C0013,VII-C030,SUPPORT
P049-C0014,VII-C016,BOUNDARY
P049-C0016,VII-C005,BOUNDARY
P049-C0017,VII-C004,BOUNDARY
P049-C0017,VII-C005,BOUNDARY
P049-C0017,VII-C010,BOUNDARY
P049-C0018,VII-C016,BOUNDARY
P049-C0019,VII-C016,OPEN
P049-C0019,VII-C030,OPEN
P049-C0020,VII-C004,OPEN
P049-C0020,VII-C005,OPEN
P049-C0020,VII-C010,OPEN
P049-C0020,VII-C016,OPEN
P049-C0020,VII-C024,OPEN
P049-C0020,VII-C030,OPEN
P049-C0024,VII-C016,BOUNDARY
P050-C0001,VII-C013,SUPPORT
P050-C0001,VII-C014,SUPPORT
P050-C0002,VII-C011,BOUNDARY
P050-C0002,VII-C013,BOUNDARY
P050-C0002,VII-C014,BOUNDARY
P050-C0002,VII-C029,BOUNDARY
P050-C0004,VII-C013,SUPPORT
P050-C0004,VII-C014,SUPPORT
P050-C0005,VII-C013,SUPPORT
P050-C0005,VII-C014,SUPPORT
P050-C0006,VII-C011,SUPPORT
P050-C0006,VII-C013,SUPPORT
P050-C0006,VII-C014,SUPPORT
P050-C0006,VII-C029,SUPPORT
P050-C0014,VII-C011,SUPPORT
P050-C0014,VII-C029,SUPPORT
P050-C0016,VII-C011,SUPPORT
P050-C0016,VII-C029,SUPPORT
P050-C0018,VII-C011,SUPPORT
P050-C0018,VII-C029,SUPPORT
P050-C0019,VII-C011,SUPPORT
P050-C0019,VII-C013,SUPPORT
P050-C0019,VII-C014,SUPPORT
P050-C0019,VII-C029,SUPPORT
P050-C0021,VII-C011,SUPPORT
P050-C0021,VII-C013,SUPPORT
P050-C0021,VII-C014,SUPPORT
P050-C0021,VII-C029,SUPPORT
P050-C0023,VII-C011,SUPPORT
P050-C0023,VII-C029,SUPPORT
P050-C0024,VII-C011,SUPPORT
P050-C0024,VII-C013,SUPPORT
P050-C0024,VII-C014,SUPPORT
P050-C0024,VII-C029,SUPPORT
P050-C0025,VII-C011,SUPPORT
P050-C0025,VII-C013,SUPPORT
P050-C0025,VII-C014,SUPPORT
P050-C0025,VII-C029,SUPPORT
P050-C0026,VII-C011,SUPPORT
P050-C0026,VII-C013,SUPPORT
P050-C0026,VII-C014,SUPPORT
P050-C0026,VII-C029,SUPPORT
P051-C0001,VII-C018,SUPPORT
P051-C0002,VII-C018,BOUNDARY
P051-C0003,VII-C006,BOUNDARY
P051-C0004,VII-C006,SUPPORT
P051-C0009,VII-C018,SUPPORT
P051-C0011,VII-C006,BOUNDARY
P051-C0011,VII-C018,BOUNDARY
P051-C0015,VII-C006,BOUNDARY
P051-C0015,VII-C018,BOUNDARY
P051-C0015,VII-C026,BOUNDARY
P052-C0004,VII-C024,SUPPORT
P052-C0005,VII-C024,BOUNDARY
P052-C0007,VII-C024,OPEN
P052-C0009,VII-C024,BOUNDARY
P054-C0001,VII-C011,SUPPORT
P054-C0001,VII-C029,SUPPORT
P054-C0001,VII-C035,SUPPORT
P054-C0002,VII-C020,BOUNDARY
P054-C0004,VII-C006,BOUNDARY
P054-C0004,VII-C011,BOUNDARY
P054-C0004,VII-C017,BOUNDARY
P054-C0004,VII-C020,BOUNDARY
P054-C0004,VII-C029,BOUNDARY
P054-C0004,VII-C032,BOUNDARY
P054-C0004,VII-C035,BOUNDARY
P054-C0004,VII-C036,BOUNDARY
P055-C0001,VII-C027,SUPPORT
P055-C0001,VII-C032,SUPPORT
P055-C0005,VII-C032,SUPPORT
P055-C0006,VII-C032,SUPPORT
P055-C0008,VII-C032,SUPPORT
P055-C0009,VII-C032,SUPPORT
P055-C0011,VII-C032,SUPPORT
P055-C0020,VII-C032,SUPPORT
P055-C0022,VII-C012,SUPPORT
P055-C0022,VII-C013,SUPPORT
P055-C0022,VII-C032,SUPPORT
P055-C0022,VII-C034,SUPPORT
P055-C0023,VII-C012,SUPPORT
P055-C0023,VII-C013,SUPPORT
P055-C0023,VII-C032,SUPPORT
P055-C0023,VII-C034,SUPPORT
P055-C0028,VII-C032,SUPPORT
P055-C0029,VII-C032,SUPPORT
P055-C0033,VII-C027,SUPPORT
P055-C0039,VII-C012,BOUNDARY
P055-C0039,VII-C013,BOUNDARY
P055-C0039,VII-C023,BOUNDARY
P055-C0039,VII-C027,BOUNDARY
P055-C0039,VII-C032,BOUNDARY
P055-C0039,VII-C033,BOUNDARY
P055-C0039,VII-C034,BOUNDARY
P055-C0040,VII-C012,OPEN
P055-C0040,VII-C013,OPEN
P055-C0040,VII-C032,OPEN
P055-C0040,VII-C034,OPEN
P055-C0041,VII-C012,OPEN
P055-C0041,VII-C013,OPEN
P055-C0041,VII-C032,OPEN
P055-C0041,VII-C034,OPEN
P056-C0001,VII-C023,SUPPORT
P056-C0001,VII-C033,SUPPORT
P056-C0002,VII-C027,BOUNDARY
P056-C0004,VII-C023,BOUNDARY
P056-C0004,VII-C027,BOUNDARY
P056-C0004,VII-C033,BOUNDARY
P056-C0005,VII-C023,BOUNDARY
P056-C0005,VII-C027,BOUNDARY
P056-C0005,VII-C033,BOUNDARY
P056-C0007,VII-C027,BOUNDARY
P056-C0008,VII-C023,OPEN
P056-C0008,VII-C027,OPEN
P056-C0008,VII-C033,OPEN
P056-C0009,VII-C002,OPEN
P056-C0009,VII-C021,OPEN
P056-C0009,VII-C023,OPEN
P056-C0009,VII-C027,OPEN
P056-C0009,VII-C033,OPEN
P056-C0010,VII-C023,OPEN
P056-C0010,VII-C033,OPEN
P057-C0002,VII-C024,SUPPORT
P057-C0005,VII-C024,SUPPORT
P058-C0001,VII-C015,SUPPORT
P058-C0001,VII-C034,SUPPORT
P058-C0007,VII-C002,SUPPORT
P058-C0007,VII-C021,SUPPORT
P058-C0016,VII-C002,SUPPORT
P058-C0016,VII-C021,SUPPORT
P058-C0018,VII-C002,SUPPORT
P058-C0018,VII-C021,SUPPORT
P058-C0019,VII-C002,SUPPORT
P058-C0019,VII-C021,SUPPORT
P058-C0032,VII-C002,SUPPORT
P058-C0032,VII-C015,SUPPORT
P058-C0032,VII-C021,SUPPORT
P058-C0032,VII-C034,SUPPORT
P058-C0038,VII-C015,SUPPORT
P058-C0038,VII-C034,SUPPORT
P058-C0039,VII-C015,SUPPORT
P058-C0039,VII-C034,SUPPORT
P058-C0041,VII-C002,OPEN
P058-C0041,VII-C021,OPEN
P058-C0042,VII-C002,SUPPORT
P058-C0042,VII-C021,SUPPORT
P058-C0043,VII-C015,SUPPORT
P058-C0043,VII-C034,SUPPORT
P058-C0045,VII-C002,SUPPORT
P058-C0045,VII-C015,SUPPORT
P058-C0045,VII-C021,SUPPORT
P058-C0045,VII-C034,SUPPORT
P058-C0046,VII-C002,OPEN
P058-C0046,VII-C015,OPEN
P058-C0046,VII-C021,OPEN
P058-C0046,VII-C034,OPEN
P058-C0050,VII-C015,SUPPORT
P058-C0050,VII-C034,SUPPORT
P058-C0052,VII-C015,SUPPORT
P058-C0052,VII-C034,SUPPORT
P058-C0060,VII-C015,SUPPORT
P058-C0060,VII-C028,SUPPORT
P058-C0060,VII-C034,SUPPORT
P058-C0063,VII-C002,SUPPORT
P058-C0063,VII-C021,SUPPORT
P058-C0064,VII-C002,SUPPORT
P058-C0064,VII-C015,SUPPORT
P058-C0064,VII-C021,SUPPORT
P058-C0064,VII-C028,SUPPORT
P058-C0064,VII-C034,SUPPORT
P058-C0071,VII-C028,SUPPORT
P058-C0073,VII-C015,SUPPORT
P058-C0073,VII-C034,SUPPORT
P058-C0074,VII-C002,SUPPORT
P058-C0074,VII-C021,SUPPORT
P058-C0080,VII-C002,BOUNDARY
P058-C0080,VII-C021,BOUNDARY
P058-C0082,VII-C015,BOUNDARY
P058-C0082,VII-C034,BOUNDARY
P058-C0084,VII-C002,BOUNDARY
P058-C0084,VII-C021,BOUNDARY
P058-C0084,VII-C028,BOUNDARY
P058-C0102,VII-C002,SUPPORT
P058-C0102,VII-C021,SUPPORT
P058-C0107,VII-C015,SUPPORT
P058-C0107,VII-C034,SUPPORT
P058-C0108,VII-C002,SUPPORT
P058-C0108,VII-C021,SUPPORT
P058-C0116,VII-C015,BOUNDARY
P058-C0116,VII-C034,BOUNDARY
P058-C0128,VII-C015,OPEN
P058-C0128,VII-C034,OPEN
P058-C0133,VII-C002,SUPPORT
P058-C0133,VII-C021,SUPPORT
P058-C0137,VII-C002,BOUNDARY
P058-C0137,VII-C021,BOUNDARY
P058-C0145,VII-C015,BOUNDARY
P058-C0145,VII-C034,BOUNDARY
P058-C0151,VII-C002,SUPPORT
P058-C0151,VII-C021,SUPPORT
P058-C0154,VII-C028,SUPPORT
P058-C0159,VII-C002,BOUNDARY
P058-C0159,VII-C021,BOUNDARY
P058-C0164,VII-C015,SUPPORT
P058-C0164,VII-C034,SUPPORT
P058-C0166,VII-C002,OPEN
P058-C0166,VII-C015,OPEN
P058-C0166,VII-C021,OPEN
P058-C0166,VII-C028,OPEN
P058-C0166,VII-C034,OPEN
P058-C0167,VII-C015,SUPPORT
P058-C0167,VII-C034,SUPPORT
P058-C0169,VII-C002,SUPPORT
P058-C0169,VII-C021,SUPPORT
P058-C0170,VII-C002,BOUNDARY
P058-C0170,VII-C021,BOUNDARY
P058-C0171,VII-C015,OPEN
P058-C0171,VII-C034,OPEN
P058-C0176,VII-C015,SUPPORT
P058-C0176,VII-C034,SUPPORT
P058-C0177,VII-C015,SUPPORT
P058-C0177,VII-C034,SUPPORT
P058-C0178,VII-C015,SUPPORT
P058-C0178,VII-C034,SUPPORT
P058-C0179,VII-C002,SUPPORT
P058-C0179,VII-C021,SUPPORT
P058-C0183,VII-C015,SUPPORT
P058-C0183,VII-C034,SUPPORT
P058-C0186,VII-C015,SUPPORT
P058-C0186,VII-C034,SUPPORT
P058-C0187,VII-C015,SUPPORT
P058-C0187,VII-C034,SUPPORT
P058-C0190,VII-C002,SUPPORT
P058-C0190,VII-C015,SUPPORT
P058-C0190,VII-C021,SUPPORT
P058-C0190,VII-C034,SUPPORT
P058-C0193,VII-C015,SUPPORT
P058-C0193,VII-C034,SUPPORT
P058-C0194,VII-C015,SUPPORT
P058-C0194,VII-C034,SUPPORT
P058-C0200,VII-C002,OPEN
P058-C0200,VII-C021,OPEN
P058-C0202,VII-C002,BOUNDARY
P058-C0202,VII-C015,BOUNDARY
P058-C0202,VII-C021,BOUNDARY
P058-C0202,VII-C034,BOUNDARY
RL02,VII-C005,constrains
RL02,VII-C010,constrains
RL02,VII-C011,constrains
RL02,VII-C012,constrains
RL02,VII-C015,constrains
RL02,VII-C029,constrains
RL03,VII-C007,constrains
RL03,VII-C008,constrains
RL04,VII-C007,constrains
RL04,VII-C008,constrains
RL04,VII-C016,constrains
RL05,VII-C005,constrains
RL05,VII-C008,constrains
RL05,VII-C009,constrains
RL05,VII-C010,constrains
RL05,VII-C016,constrains
RL05,VII-C019,constrains
RL05,VII-C026,constrains
RL05,VII-C030,constrains
RL05,VII-C035,constrains
RL06,VII-C009,constrains
RL07,VII-C017,constrains
RL07,VII-C027,constrains
RL07,VII-C032,constrains
RL08,VII-C021,constrains
RL09,VII-C002,constrains
RL09,VII-C006,constrains
RL10,VII-C012,constrains
RL10,VII-C034,constrains
RL11,VII-C012,constrains
RL12,VII-C015,constrains
RL13,VII-C010,constrains
RL13,VII-C012,constrains
RL13,VII-C015,constrains
RL13,VII-C020,constrains
RL13,VII-C029,constrains
RL13,VII-C030,constrains
RL15,VII-C006,constrains
RL16,VII-C011,constrains
RL16,VII-C029,constrains
RL17,VII-C001,constrains
RL17,VII-C002,constrains
RL17,VII-C003,constrains
RL17,VII-C004,constrains
RL17,VII-C005,constrains
RL17,VII-C006,constrains
RL17,VII-C007,constrains
RL17,VII-C008,constrains
RL17,VII-C009,constrains
RL17,VII-C010,constrains
RL17,VII-C011,constrains
RL17,VII-C012,constrains
RL17,VII-C013,constrains
RL17,VII-C014,constrains
RL17,VII-C015,constrains
RL17,VII-C016,constrains
RL17,VII-C017,constrains
RL17,VII-C018,constrains
RL17,VII-C019,constrains
RL17,VII-C020,constrains
RL17,VII-C021,constrains
RL17,VII-C022,constrains
RL17,VII-C023,constrains
RL17,VII-C024,constrains
RL17,VII-C025,constrains
RL17,VII-C026,constrains
RL17,VII-C027,constrains
RL17,VII-C028,constrains
RL17,VII-C029,constrains
RL17,VII-C030,constrains
RL17,VII-C031,constrains
RL17,VII-C032,constrains
RL17,VII-C033,constrains
RL17,VII-C034,constrains
RL17,VII-C035,constrains
RL17,VII-C036,constrains
RL18,VII-C008,constrains
RL18,VII-C016,constrains
RL18,VII-C032,constrains
RL18,VII-C033,constrains
RL19,VII-C002,constrains
RL19,VII-C003,constrains
RL19,VII-C006,constrains
RL19,VII-C007,constrains
RL19,VII-C008,constrains
RL19,VII-C014,constrains
RL19,VII-C016,constrains
RL19,VII-C018,constrains
RL19,VII-C028,constrains
RL19,VII-C031,constrains
RL19,VII-C032,constrains
RL19,VII-C033,constrains
RL19,VII-C036,constrains
RL20,VII-C005,constrains
RL20,VII-C008,constrains
RL20,VII-C009,constrains
RL20,VII-C015,constrains
RL20,VII-C018,constrains
RL20,VII-C019,constrains
RL20,VII-C021,constrains
RL20,VII-C024,constrains
RL20,VII-C028,constrains
RL20,VII-C035,constrains
RL21,VII-C026,constrains
RL22,VII-C004,constrains
RL22,VII-C018,constrains
RL22,VII-C022,constrains
RL22,VII-C028,constrains
RL23,VII-C011,constrains
RL23,VII-C031,constrains
RL23,VII-C032,constrains
RL24,VII-C001,constrains
RL24,VII-C002,constrains
RL24,VII-C003,constrains
RL24,VII-C004,constrains
RL24,VII-C005,constrains
RL24,VII-C006,constrains
RL24,VII-C007,constrains
RL24,VII-C008,constrains
RL24,VII-C009,constrains
RL24,VII-C010,constrains
RL24,VII-C011,constrains
RL24,VII-C012,constrains
RL24,VII-C013,constrains
RL24,VII-C014,constrains
RL24,VII-C015,constrains
RL24,VII-C016,constrains
RL24,VII-C017,constrains
RL24,VII-C018,constrains
RL24,VII-C019,constrains
RL24,VII-C020,constrains
RL24,VII-C021,constrains
RL24,VII-C022,constrains
RL24,VII-C023,constrains
RL24,VII-C024,constrains
RL24,VII-C025,constrains
RL24,VII-C026,constrains
RL24,VII-C027,constrains
RL24,VII-C028,constrains
RL24,VII-C029,constrains
RL24,VII-C030,constrains
RL24,VII-C031,constrains
RL24,VII-C032,constrains
RL24,VII-C033,constrains
RL24,VII-C034,constrains
RL24,VII-C035,constrains
RL24,VII-C036,constrains
RL25,VII-C020,constrains
RL27,VII-C004,constrains
RL27,VII-C033,constrains
RL28,VII-C006,constrains
RL29,VII-C007,constrains
RL29,VII-C023,constrains
RL30,VII-C001,constrains
RL30,VII-C002,constrains
RL30,VII-C003,constrains
RL30,VII-C004,constrains
RL30,VII-C005,constrains
RL30,VII-C006,constrains
RL30,VII-C007,constrains
RL30,VII-C008,constrains
RL30,VII-C009,constrains
RL30,VII-C010,constrains
RL30,VII-C011,constrains
RL30,VII-C012,constrains
RL30,VII-C013,constrains
RL30,VII-C014,constrains
RL30,VII-C015,constrains
RL30,VII-C016,constrains
RL30,VII-C017,constrains
RL30,VII-C018,constrains
RL30,VII-C019,constrains
RL30,VII-C020,constrains
RL30,VII-C021,constrains
RL30,VII-C022,constrains
RL30,VII-C023,constrains
RL30,VII-C024,constrains
RL30,VII-C025,constrains
RL30,VII-C026,constrains
RL30,VII-C027,constrains
RL30,VII-C028,constrains
RL30,VII-C029,constrains
RL30,VII-C030,constrains
RL30,VII-C031,constrains
RL30,VII-C032,constrains
RL30,VII-C033,constrains
RL30,VII-C034,constrains
RL30,VII-C035,constrains
RL30,VII-C036,constrains
VII-C001,Ch02,assigned_to
VII-C001,FT01,formalized_later_by
VII-C001,FT02,formalized_later_by
VII-C001,TTW-S19,tested_by
VII-C001,TTW-S20,tested_by
VII-C001,TTW-S21,tested_by
VII-C002,Ch03,assigned_to
VII-C002,FT01,formalized_later_by
VII-C002,FT02,formalized_later_by
VII-C002,FT17,formalized_later_by
VII-C002,TTW-S19,tested_by
VII-C002,TTW-S20,tested_by
VII-C002,TTW-S21,tested_by
VII-C003,Ch03,assigned_to
VII-C003,FT03,formalized_later_by
VII-C003,FT18,formalized_later_by
VII-C003,TTW-S01,tested_by
VII-C003,TTW-S02,tested_by
VII-C004,Ch03,assigned_to
VII-C004,FT04,formalized_later_by
VII-C004,FT05,formalized_later_by
VII-C004,TTW-S02,tested_by
VII-C004,TTW-S05,tested_by
VII-C005,Ch04,assigned_to
VII-C005,FT05,formalized_later_by
VII-C005,FT17,formalized_later_by
VII-C005,TTW-S05,tested_by
VII-C005,TTW-S23,tested_by
VII-C006,Ch03,assigned_to
VII-C006,FT04,formalized_later_by
VII-C006,FT16,formalized_later_by
VII-C006,TTW-S03,tested_by
VII-C006,TTW-S04,tested_by
VII-C007,Ch04,assigned_to
VII-C007,FT06,formalized_later_by
VII-C007,FT07,formalized_later_by
VII-C007,TTW-S06,tested_by
VII-C007,TTW-S08,tested_by
VII-C007,TTW-S12,tested_by
VII-C008,Ch05,assigned_to
VII-C008,FT09,formalized_later_by
VII-C008,FT10,formalized_later_by
VII-C008,TTW-S06,tested_by
VII-C008,TTW-S07,tested_by
VII-C008,TTW-S08,tested_by
VII-C008,TTW-S10,tested_by
VII-C008,TTW-S13,tested_by
VII-C009,Ch05,assigned_to
VII-C009,FT07,formalized_later_by
VII-C009,FT08,formalized_later_by
VII-C009,TTW-S07,tested_by
VII-C009,TTW-S08,tested_by
VII-C009,TTW-S15,tested_by
VII-C010,Ch06,assigned_to
VII-C010,FT05,formalized_later_by
VII-C010,TTW-S05,tested_by
VII-C010,TTW-S11,tested_by
VII-C011,Ch06,assigned_to
VII-C011,FT09,formalized_later_by
VII-C011,FT16,formalized_later_by
VII-C011,TTW-S10,tested_by
VII-C011,TTW-S22,tested_by
VII-C012,Ch07,assigned_to
VII-C012,FT11,formalized_later_by
VII-C012,TTW-S02,tested_by
VII-C012,TTW-S21,tested_by
VII-C012,TTW-S22,tested_by
VII-C013,Ch07,assigned_to
VII-C013,FT12,formalized_later_by
VII-C013,FT16,formalized_later_by
VII-C013,TTW-S02,tested_by
VII-C013,TTW-S22,tested_by
VII-C014,Ch07,assigned_to
VII-C014,FT11,formalized_later_by
VII-C014,FT12,formalized_later_by
VII-C014,TTW-S06,tested_by
VII-C014,TTW-S08,tested_by
VII-C015,Ch07,assigned_to
VII-C015,FT13,formalized_later_by
VII-C015,FT19,formalized_later_by
VII-C015,TTW-S16,tested_by
VII-C015,TTW-S24,tested_by
VII-C016,Ch04,assigned_to
VII-C016,FT05,formalized_later_by
VII-C016,FT06,formalized_later_by
VII-C016,TTW-S06,tested_by
VII-C016,TTW-S12,tested_by
VII-C017,Ch09,assigned_to
VII-C017,FT14,formalized_later_by
VII-C017,FT15,formalized_later_by
VII-C017,TTW-S16,tested_by
VII-C017,TTW-S17,tested_by
VII-C017,TTW-S18,tested_by
VII-C018,Ch09,assigned_to
VII-C018,FT14,formalized_later_by
VII-C018,TTW-S16,tested_by
VII-C018,TTW-S24,tested_by
VII-C019,Ch10,assigned_to
VII-C019,FT09,formalized_later_by
VII-C019,FT20,formalized_later_by
VII-C019,TTW-S10,tested_by
VII-C019,TTW-S24,tested_by
VII-C020,Ch01,assigned_to
VII-C020,FT05,formalized_later_by
VII-C020,FT17,formalized_later_by
VII-C020,TTW-S12,tested_by
VII-C020,TTW-S23,tested_by
VII-C021,Ch08,assigned_to
VII-C021,FT02,formalized_later_by
VII-C021,FT17,formalized_later_by
VII-C021,TTW-S19,tested_by
VII-C021,TTW-S20,tested_by
VII-C021,TTW-S21,tested_by
VII-C022,Ch02,assigned_to
VII-C022,FT01,formalized_later_by
VII-C022,FT17,formalized_later_by
VII-C022,TTW-S15,tested_by
VII-C022,TTW-S19,tested_by
VII-C023,Ch08,assigned_to
VII-C023,FT17,formalized_later_by
VII-C023,TTW-S13,tested_by
VII-C023,TTW-S19,tested_by
VII-C024,Ch01,assigned_to
VII-C024,FT17,formalized_later_by
VII-C024,TTW-S12,tested_by
VII-C024,TTW-S23,tested_by
VII-C025,Ch11,assigned_to
VII-C025,FT20,formalized_later_by
VII-C025,TTW-S01,tested_by
VII-C025,TTW-S02,tested_by
VII-C025,TTW-S03,tested_by
VII-C025,TTW-S04,tested_by
VII-C025,TTW-S05,tested_by
VII-C025,TTW-S06,tested_by
VII-C025,TTW-S07,tested_by
VII-C025,TTW-S08,tested_by
VII-C025,TTW-S09,tested_by
VII-C025,TTW-S10,tested_by
VII-C025,TTW-S11,tested_by
VII-C025,TTW-S12,tested_by
VII-C025,TTW-S13,tested_by
VII-C025,TTW-S14,tested_by
VII-C025,TTW-S15,tested_by
VII-C025,TTW-S16,tested_by
VII-C025,TTW-S17,tested_by
VII-C025,TTW-S18,tested_by
VII-C025,TTW-S19,tested_by
VII-C025,TTW-S20,tested_by
VII-C025,TTW-S21,tested_by
VII-C025,TTW-S22,tested_by
VII-C025,TTW-S23,tested_by
VII-C025,TTW-S24,tested_by
VII-C026,Ch12,assigned_to
VII-C026,FT07,formalized_later_by
VII-C026,TTW-S07,tested_by
VII-C026,TTW-S08,tested_by
VII-C027,Ch07,assigned_to
VII-C027,FT11,formalized_later_by
VII-C027,FT15,formalized_later_by
VII-C027,TTW-S16,tested_by
VII-C027,TTW-S17,tested_by
VII-C028,Ch12,assigned_to
VII-C028,FT14,formalized_later_by
VII-C028,TTW-S12,tested_by
VII-C028,TTW-S16,tested_by
VII-C029,Ch06,assigned_to
VII-C029,FT16,formalized_later_by
VII-C029,TTW-S12,tested_by
VII-C029,TTW-S22,tested_by
VII-C030,Ch05,assigned_to
VII-C030,FT07,formalized_later_by
VII-C030,FT19,formalized_later_by
VII-C030,TTW-S09,tested_by
VII-C030,TTW-S24,tested_by
VII-C031,Ch12,assigned_to
VII-C031,FT09,formalized_later_by
VII-C031,FT20,formalized_later_by
VII-C031,TTW-S08,tested_by
VII-C031,TTW-S10,tested_by
VII-C032,Ch09,assigned_to
VII-C032,FT15,formalized_later_by
VII-C032,TTW-S17,tested_by
VII-C032,TTW-S18,tested_by
VII-C033,Ch08,assigned_to
VII-C033,FT10,formalized_later_by
VII-C033,FT17,formalized_later_by
VII-C033,TTW-S12,tested_by
VII-C033,TTW-S13,tested_by
VII-C034,Ch07,assigned_to
VII-C034,FT11,formalized_later_by
VII-C034,FT13,formalized_later_by
VII-C034,TTW-S03,tested_by
VII-C034,TTW-S21,tested_by
VII-C035,Ch06,assigned_to
VII-C035,FT03,formalized_later_by
VII-C035,FT08,formalized_later_by
VII-C035,FT18,formalized_later_by
VII-C035,TTW-S01,tested_by
VII-C035,TTW-S10,tested_by
VII-C035,TTW-S15,tested_by
VII-C036,Ch10,assigned_to
VII-C036,FT08,formalized_later_by
VII-C036,FT20,formalized_later_by
VII-C036,TTW-S08,tested_by
VII-C036,TTW-S24,tested_by
VII-O01,VII-C001,typed_object_for
VII-O01,VII-C020,typed_object_for
VII-O01,VII-C026,typed_object_for
VII-O01,VII-O02,defines
VII-O01,VII-O03,defines
VII-O01,VII-O04,defines
VII-O02,VII-C001,typed_object_for
VII-O02,VII-C022,typed_object_for
VII-O02,VII-O04,defines
VII-O02,VII-O09,defines
VII-O03,VII-C015,typed_object_for
VII-O03,VII-C017,typed_object_for
VII-O03,VII-C020,typed_object_for
VII-O03,VII-C023,typed_object_for
VII-O03,VII-C024,typed_object_for
VII-O03,VII-O05,defines
VII-O03,VII-O07,defines
VII-O03,VII-O08,defines
VII-O03,VII-O10,defines
VII-O04,VII-C001,typed_object_for
VII-O04,VII-C002,typed_object_for
VII-O04,VII-C021,typed_object_for
VII-O04,VII-C036,typed_object_for
VII-O04,VII-O05,defines
VII-O04,VII-O17,defines
VII-O05,VII-C002,typed_object_for
VII-O05,VII-C003,typed_object_for
VII-O05,VII-C018,typed_object_for
VII-O05,VII-C028,typed_object_for
VII-O05,VII-O06,defines
VII-O05,VII-O16,defines
VII-O05,VII-O17,defines
VII-O06,VII-C006,typed_object_for
VII-O07,VII-C004,typed_object_for
VII-O07,VII-C005,typed_object_for
VII-O07,VII-C010,typed_object_for
VII-O07,VII-C035,typed_object_for
VII-O07,VII-O10,defines
VII-O07,VII-O16,defines
VII-O07,VII-O18,defines
VII-O08,VII-C011,typed_object_for
VII-O08,VII-C029,typed_object_for
VII-O08,VII-C031,typed_object_for
VII-O08,VII-C035,typed_object_for
VII-O08,VII-O11,defines
VII-O08,VII-O16,defines
VII-O08,VII-O18,defines
VII-O09,VII-C007,typed_object_for
VII-O09,VII-C014,typed_object_for
VII-O09,VII-C016,typed_object_for
VII-O09,VII-C026,typed_object_for
VII-O09,VII-O10,defines
VII-O10,VII-C007,typed_object_for
VII-O10,VII-C016,typed_object_for
VII-O10,VII-O11,defines
VII-O11,VII-C007,typed_object_for
VII-O11,VII-C017,typed_object_for
VII-O11,VII-C018,typed_object_for
VII-O11,VII-C025,typed_object_for
VII-O11,VII-C028,typed_object_for
VII-O11,VII-C031,typed_object_for
VII-O11,VII-C032,typed_object_for
VII-O11,VII-O12,defines
VII-O11,VII-O15,defines
VII-O12,VII-C008,typed_object_for
VII-O12,VII-C009,typed_object_for
VII-O12,VII-C026,typed_object_for
VII-O12,VII-C028,typed_object_for
VII-O12,VII-C035,typed_object_for
VII-O12,VII-O13,defines
VII-O12,VII-O14,defines
VII-O13,VII-C009,typed_object_for
VII-O13,VII-C030,typed_object_for
VII-O13,VII-C036,typed_object_for
VII-O14,VII-C008,typed_object_for
VII-O14,VII-C019,typed_object_for
VII-O14,VII-C036,typed_object_for
VII-O14,VII-O15,defines
VII-O15,VII-C023,typed_object_for
VII-O15,VII-C033,typed_object_for
VII-O16,VII-C012,typed_object_for
VII-O16,VII-C013,typed_object_for
VII-O16,VII-C014,typed_object_for
VII-O16,VII-C015,typed_object_for
VII-O16,VII-C027,typed_object_for
VII-O16,VII-C034,typed_object_for
VII-O17,VII-C002,typed_object_for
VII-O17,VII-C021,typed_object_for
VII-O18,VII-C011,typed_object_for
VII-O18,VII-C029,typed_object_for
