exact_hypotheses,formal_statement,fully_qualified_name,kernel_status,kind,line,module,path,short_name,source_block_sha256,source_grade,statement_sha256
NOT_APPLICABLE_DEFINITION,,FoundationsVII.AdmissionRegime,PASS_LOCAL_REPLAY,structure,14,FoundationsVII.Access.Bootstrap,formalization/lean/FoundationsVII/Access/Bootstrap.lean,AdmissionRegime,2e272136f7b69110705c17b6e4f10408b26cb2c6d001bab84f2ab938ca534108,LEAN_KERNEL_REPLAY_PASS,
NOT_APPLICABLE_DEFINITION,,FoundationsVII.AdmissionRegime.WellFormed,PASS_LOCAL_REPLAY,def,25,FoundationsVII.Access.Bootstrap,formalization/lean/FoundationsVII/Access/Bootstrap.lean,WellFormed,43bbc9a50581ccea16b0d7027e6e2e444eeeac43dad69ae1ebe1e88063367ed1,LEAN_KERNEL_REPLAY_PASS,
NOT_APPLICABLE_DEFINITION,,FoundationsVII.AdmissionRegime.HasAdmittedSeed,PASS_LOCAL_REPLAY,def,36,FoundationsVII.Access.Bootstrap,formalization/lean/FoundationsVII/Access/Bootstrap.lean,HasAdmittedSeed,0c3ad3b7dccc752d2847361cd546506f0e83a7c717e93db56ad641b52b1b6341,LEAN_KERNEL_REPLAY_PASS,
NOT_APPLICABLE_DEFINITION,,FoundationsVII.AdmissionRegime.HasReachableGenerator,PASS_LOCAL_REPLAY,def,39,FoundationsVII.Access.Bootstrap,formalization/lean/FoundationsVII/Access/Bootstrap.lean,HasReachableGenerator,f3014ef58ee4b7dbdf8c184b505ef1be44281433be23e1ed51446bc4bd03a52a,LEAN_KERNEL_REPLAY_PASS,
NOT_APPLICABLE_DEFINITION,,FoundationsVII.AdmissionRegime.HasOpenExternalProvision,PASS_LOCAL_REPLAY,def,42,FoundationsVII.Access.Bootstrap,formalization/lean/FoundationsVII/Access/Bootstrap.lean,HasOpenExternalProvision,adeda5126090e3e63bee24c02363962ff5ef6a48949526d984b032edd8b4680b,LEAN_KERNEL_REPLAY_PASS,
NOT_APPLICABLE_DEFINITION,,FoundationsVII.AdmissionRegime.FirstExtensionAuthorized,PASS_LOCAL_REPLAY,def,47,FoundationsVII.Access.Bootstrap,formalization/lean/FoundationsVII/Access/Bootstrap.lean,FirstExtensionAuthorized,346627667ca76a8d284238ec305db2af4aa86284314cad04cddc16e91255c869,LEAN_KERNEL_REPLAY_PASS,
NOT_APPLICABLE_DEFINITION,,FoundationsVII.AdmissionRegime.LawfulFirstExtension,PASS_LOCAL_REPLAY,def,53,FoundationsVII.Access.Bootstrap,formalization/lean/FoundationsVII/Access/Bootstrap.lean,LawfulFirstExtension,30267d55e44e60d3a00935ea08aa04f9c2d79e007e8f47d281791c814730f010,LEAN_KERNEL_REPLAY_PASS,
NOT_APPLICABLE_DEFINITION,,FoundationsVII.AdmissionRegime.BootstrapNoGoApplies,PASS_LOCAL_REPLAY,def,58,FoundationsVII.Access.Bootstrap,formalization/lean/FoundationsVII/Access/Bootstrap.lean,BootstrapNoGoApplies,d1595404bfb336e634af728afd1666136b2a65998f88e1daa10f8fd7cbc0c180,LEAN_KERNEL_REPLAY_PASS,
NOT_APPLICABLE_DEFINITION,,FoundationsVII.NeutralProvisioningCertificate,PASS_LOCAL_REPLAY,structure,118,FoundationsVII.Access.Bootstrap,formalization/lean/FoundationsVII/Access/Bootstrap.lean,NeutralProvisioningCertificate,141f653f8b2eb028f6e0f9d73844be8de84ed20dcc0acb8afd0a1af3b1668b9a,LEAN_KERNEL_REPLAY_PASS,
NOT_APPLICABLE_DEFINITION,,FoundationsVII.NeutralProvisioningAt,PASS_LOCAL_REPLAY,structure,129,FoundationsVII.Access.Bootstrap,formalization/lean/FoundationsVII/Access/Bootstrap.lean,NeutralProvisioningAt,fefa2be6af2b0109a37623cfbc90d57f9590c800d9672af2d1755914954184d0,LEAN_KERNEL_REPLAY_PASS,
NOT_APPLICABLE_DEFINITION,,FoundationsVII.NeutralProvisioningCertificate.ProvidesSeedFor,PASS_LOCAL_REPLAY,def,152,FoundationsVII.Access.Bootstrap,formalization/lean/FoundationsVII/Access/Bootstrap.lean,ProvidesSeedFor,bfe4d24a035dd53123879b80effac5216e6372e44157a3ac27d7357bbf576ebd,LEAN_KERNEL_REPLAY_PASS,
NOT_APPLICABLE_DEFINITION,,FoundationsVII.PrecedenceCertificate,PASS_LOCAL_REPLAY,structure,15,FoundationsVII.Access.Commitment,formalization/lean/FoundationsVII/Access/Commitment.lean,PrecedenceCertificate,4dfb5e08d65489957806bd6ce21eb8c553113800c8f89d2eb849d88491e4c5c3,LEAN_KERNEL_REPLAY_PASS,
NOT_APPLICABLE_DEFINITION,,FoundationsVII.CommitmentUse,PASS_LOCAL_REPLAY,structure,31,FoundationsVII.Access.Commitment,formalization/lean/FoundationsVII/Access/Commitment.lean,CommitmentUse,8c299783f06f8ddbf3d607f5fdf0b8e70ce1ef70101cf26a7da438b802da261c,LEAN_KERNEL_REPLAY_PASS,
NOT_APPLICABLE_DEFINITION,,FoundationsVII.CommitmentUse.Active,PASS_LOCAL_REPLAY,def,45,FoundationsVII.Access.Commitment,formalization/lean/FoundationsVII/Access/Commitment.lean,Active,5cb8ebf2948d85ee2b195a21f60a7c2dbb5690687d30325c25e93c69ea300dfc,LEAN_KERNEL_REPLAY_PASS,
NOT_APPLICABLE_DEFINITION,,FoundationsVII.CommitmentUse.BudgetSettled,PASS_LOCAL_REPLAY,def,49,FoundationsVII.Access.Commitment,formalization/lean/FoundationsVII/Access/Commitment.lean,BudgetSettled,67cf1a2c0c29f44fa016a1e3b5926e6134d68075429917470cbce9484dcb64ea,LEAN_KERNEL_REPLAY_PASS,
NOT_APPLICABLE_DEFINITION,,FoundationsVII.CommitmentUse.NeutralSeedEquivalent,PASS_LOCAL_REPLAY,def,52,FoundationsVII.Access.Commitment,formalization/lean/FoundationsVII/Access/Commitment.lean,NeutralSeedEquivalent,7eb7fb501cfc05eefda08bd2f96c40b8b16b7051035d82dc79d73e77f35ef701,LEAN_KERNEL_REPLAY_PASS,
NOT_APPLICABLE_DEFINITION,,FoundationsVII.CommitmentUse.NeutralSeedClassKey,PASS_LOCAL_REPLAY,structure,59,FoundationsVII.Access.Commitment,formalization/lean/FoundationsVII/Access/Commitment.lean,NeutralSeedClassKey,7820168d7cfd5b96ecac71966b690b53980e097f69f515b44a25949997654d22,LEAN_KERNEL_REPLAY_PASS,
NOT_APPLICABLE_DEFINITION,,FoundationsVII.CommitmentUse.neutralSeedClassKey,PASS_LOCAL_REPLAY,def,68,FoundationsVII.Access.Commitment,formalization/lean/FoundationsVII/Access/Commitment.lean,neutralSeedClassKey,c4f912424bd201b9f727d44108fe77c3b9eb0769b62d88cb6682121d8c0e6b5d,LEAN_KERNEL_REPLAY_PASS,
NOT_APPLICABLE_DEFINITION,,FoundationsVII.CommitmentUse.SameNeutralSeedClass,PASS_LOCAL_REPLAY,def,76,FoundationsVII.Access.Commitment,formalization/lean/FoundationsVII/Access/Commitment.lean,SameNeutralSeedClass,68b3965a63fddfccc4eb10dfea714cecf2020af4c576fa7d4f1ce62efbab3819,LEAN_KERNEL_REPLAY_PASS,
NOT_APPLICABLE_DEFINITION,,FoundationsVII.CommitmentUse.ProspectivelyCertified,PASS_LOCAL_REPLAY,structure,95,FoundationsVII.Access.Commitment,formalization/lean/FoundationsVII/Access/Commitment.lean,ProspectivelyCertified,b720d68333f2254b4d048be44c2d5c76475b61ca902b5bdc1759f4bcb0a79008,LEAN_KERNEL_REPLAY_PASS,
NOT_APPLICABLE_DEFINITION,,FoundationsVII.AccessStatusVector,PASS_LOCAL_REPLAY,structure,13,FoundationsVII.Access.Domain,formalization/lean/FoundationsVII/Access/Domain.lean,AccessStatusVector,0a6502e9ce6251da64591cbc6334b7bcc428852ca3bea059f550b88d829134a7,LEAN_KERNEL_REPLAY_PASS,
NOT_APPLICABLE_DEFINITION,,FoundationsVII.DomainState.statusVector,PASS_LOCAL_REPLAY,def,25,FoundationsVII.Access.Domain,formalization/lean/FoundationsVII/Access/Domain.lean,statusVector,922b1d46d64450162b4ab4dfa169a0a3e5f60b2b271a1f83234a22fa655d2ec1,LEAN_KERNEL_REPLAY_PASS,
NOT_APPLICABLE_DEFINITION,,FoundationsVII.DomainState.withStatusVector,PASS_LOCAL_REPLAY,def,34,FoundationsVII.Access.Domain,formalization/lean/FoundationsVII/Access/Domain.lean,withStatusVector,711fa0609a2dda2fa613b88541f8e167357cdeafbf7082d5e274b2977b1906fc,LEAN_KERNEL_REPLAY_PASS,
NOT_APPLICABLE_DEFINITION,,FoundationsVII.DomainState.normalForm,PASS_LOCAL_REPLAY,def,49,FoundationsVII.Access.Domain,formalization/lean/FoundationsVII/Access/Domain.lean,normalForm,7f7acd310baacd246b7e71496598a57540d4812765bb23824d0f1c47edb64a66,LEAN_KERNEL_REPLAY_PASS,
NOT_APPLICABLE_DEFINITION,,FoundationsVII.DomainState.SameOperationalStatus,PASS_LOCAL_REPLAY,def,71,FoundationsVII.Access.Domain,formalization/lean/FoundationsVII/Access/Domain.lean,SameOperationalStatus,eb7886cba147aab40411c517343bd311efbac66b1bb6b2890e7148c0772480f5,LEAN_KERNEL_REPLAY_PASS,
NOT_APPLICABLE_DEFINITION,,FoundationsVII.DomainState.ScopeChange,PASS_LOCAL_REPLAY,structure,75,FoundationsVII.Access.Domain,formalization/lean/FoundationsVII/Access/Domain.lean,ScopeChange,f71f062a65dacf5427069c47d325827f2142e1fe32bf2851d27d264c476b70d8,LEAN_KERNEL_REPLAY_PASS,
NOT_APPLICABLE_DEFINITION,,FoundationsVII.DomainState.DeterminationEquivalent,PASS_LOCAL_REPLAY,def,93,FoundationsVII.Access.Domain,formalization/lean/FoundationsVII/Access/Domain.lean,DeterminationEquivalent,6eaf7543f0b0d69edfadf3db1a988217dcad7d522ba7e5ca08068d46144d0b59,LEAN_KERNEL_REPLAY_PASS,
NOT_APPLICABLE_DEFINITION,,FoundationsVII.DomainState.phase2AuditEntry,PASS_LOCAL_REPLAY,def,102,FoundationsVII.Access.Domain,formalization/lean/FoundationsVII/Access/Domain.lean,phase2AuditEntry,9c7e3ea6d22b9460ef3559f5c8791e1a6ca85a1112ffbbbe4412bb5064e7a817,LEAN_KERNEL_REPLAY_PASS,
NOT_APPLICABLE_DEFINITION,,FoundationsVII.DomainState.phase2Audit,PASS_LOCAL_REPLAY,def,109,FoundationsVII.Access.Domain,formalization/lean/FoundationsVII/Access/Domain.lean,phase2Audit,45aab8ed02385fe8eebfc91146935db57b94de26a55e7ea3e8f494e4a275a73f,LEAN_KERNEL_REPLAY_PASS,
NOT_APPLICABLE_DEFINITION,,FoundationsVII.DomainState.mkAccessState,PASS_LOCAL_REPLAY,def,111,FoundationsVII.Access.Domain,formalization/lean/FoundationsVII/Access/Domain.lean,mkAccessState,530c1409a6994ac7556324781aebe4cd78ecfe3229af3b949a002ab928c4a5d6,LEAN_KERNEL_REPLAY_PASS,
NOT_APPLICABLE_DEFINITION,,FoundationsVII.DomainState.expressibleOnlyWitness,PASS_LOCAL_REPLAY,def,127,FoundationsVII.Access.Domain,formalization/lean/FoundationsVII/Access/Domain.lean,expressibleOnlyWitness,93abc5963d6c1b12eaa5d8087617cd9ba0bff911c81b270724b3f9be1f5a5fcb,LEAN_KERNEL_REPLAY_PASS,
NOT_APPLICABLE_DEFINITION,,FoundationsVII.DomainState.presentWithoutExposureWitness,PASS_LOCAL_REPLAY,def,130,FoundationsVII.Access.Domain,formalization/lean/FoundationsVII/Access/Domain.lean,presentWithoutExposureWitness,33be7ed35117cbdaddd6abfd166af67fe912d2816391a895caaa86a633dc52b8,LEAN_KERNEL_REPLAY_PASS,
NOT_APPLICABLE_DEFINITION,,FoundationsVII.DomainState.presentWithExposureWitness,PASS_LOCAL_REPLAY,def,133,FoundationsVII.Access.Domain,formalization/lean/FoundationsVII/Access/Domain.lean,presentWithExposureWitness,e0fa133568cc3800f06436237b89b0c2a7d885b7858f49b1c9a34048ff9e0be3,LEAN_KERNEL_REPLAY_PASS,
NOT_APPLICABLE_DEFINITION,,FoundationsVII.DomainState.exposedWithoutRecoverabilityWitness,PASS_LOCAL_REPLAY,def,136,FoundationsVII.Access.Domain,formalization/lean/FoundationsVII/Access/Domain.lean,exposedWithoutRecoverabilityWitness,544b4feedafd960de67269e1e275b291436b77c1d815792caa8a4f5797fe412d,LEAN_KERNEL_REPLAY_PASS,
NOT_APPLICABLE_DEFINITION,,FoundationsVII.DomainState.recoverableWithoutAdmissibilityWitness,PASS_LOCAL_REPLAY,def,139,FoundationsVII.Access.Domain,formalization/lean/FoundationsVII/Access/Domain.lean,recoverableWithoutAdmissibilityWitness,09b0eeeb8f5019c5c57273d1a25a5034284e797b934dfd42d3cce3fb89699281,LEAN_KERNEL_REPLAY_PASS,
NOT_APPLICABLE_DEFINITION,,FoundationsVII.DomainState.admissibleWithoutRecoverabilityWitness,PASS_LOCAL_REPLAY,def,142,FoundationsVII.Access.Domain,formalization/lean/FoundationsVII/Access/Domain.lean,admissibleWithoutRecoverabilityWitness,f8e601c4c74a887b87956b9c9e9d255c9cd5c8be5d1077cf1c46cab54e207d77,LEAN_KERNEL_REPLAY_PASS,
NOT_APPLICABLE_DEFINITION,,FoundationsVII.DomainState.admissibleWithoutReachabilityWitness,PASS_LOCAL_REPLAY,def,145,FoundationsVII.Access.Domain,formalization/lean/FoundationsVII/Access/Domain.lean,admissibleWithoutReachabilityWitness,e577a1beb3a83b5651ab65f399f6954ca3a244d7d13f9a2a57b185e267f697e0,LEAN_KERNEL_REPLAY_PASS,
NOT_APPLICABLE_DEFINITION,,FoundationsVII.DomainState.reachableWithoutOccurrenceWitness,PASS_LOCAL_REPLAY,def,148,FoundationsVII.Access.Domain,formalization/lean/FoundationsVII/Access/Domain.lean,reachableWithoutOccurrenceWitness,25bff7dee63056f7618dbc2a813f8c5ce6e6760bc69db01765fad3ea145efdf0,LEAN_KERNEL_REPLAY_PASS,
NOT_APPLICABLE_DEFINITION,,FoundationsVII.DomainState.AuxiliaryRecoveryCertificate,PASS_LOCAL_REPLAY,structure,213,FoundationsVII.Access.Domain,formalization/lean/FoundationsVII/Access/Domain.lean,AuxiliaryRecoveryCertificate,461ee537429c7c7cd720e2c72148a3dd26339a4a61c6a85470668430c5e75fde,LEAN_KERNEL_REPLAY_PASS,
NOT_APPLICABLE_DEFINITION,,FoundationsVII.DomainState.AuxiliaryRecoveryCertificate.Valid,PASS_LOCAL_REPLAY,def,223,FoundationsVII.Access.Domain,formalization/lean/FoundationsVII/Access/Domain.lean,Valid,d7aa85cc58171a183bdbe673b6eb3b391c1c36d6c7fbfb29fe0e2766d3c564df,LEAN_KERNEL_REPLAY_PASS,
NOT_APPLICABLE_DEFINITION,,FoundationsVII.DomainState.AuxiliaryRecoveryCertificate.SpuriousRigidity,PASS_LOCAL_REPLAY,def,236,FoundationsVII.Access.Domain,formalization/lean/FoundationsVII/Access/Domain.lean,SpuriousRigidity,d211b3569336fb90653fe7bbf91677a756b5cec7fb398e6e104ad1b9664fa679,LEAN_KERNEL_REPLAY_PASS,
NOT_APPLICABLE_DEFINITION,,FoundationsVII.DomainState.AccessRigid,PASS_LOCAL_REPLAY,structure,263,FoundationsVII.Access.Domain,formalization/lean/FoundationsVII/Access/Domain.lean,AccessRigid,42331182a6d53b75cfbfc9db2ca5f6b078ff93418f777df2b13e423c866fb3cc,LEAN_KERNEL_REPLAY_PASS,
NOT_APPLICABLE_DEFINITION,,FoundationsVII.ObserverOccupancyRecord.FullyPriced,PASS_LOCAL_REPLAY,def,16,FoundationsVII.Access.Observer,formalization/lean/FoundationsVII/Access/Observer.lean,FullyPriced,8c98412be6a7b741685a0c9953f73d4f0a8a9c7d34c70992b9cc51325b1a6f96,LEAN_KERNEL_REPLAY_PASS,
NOT_APPLICABLE_DEFINITION,,FoundationsVII.ObserverOccupancyRecord.NativeOrEndogenous,PASS_LOCAL_REPLAY,def,19,FoundationsVII.Access.Observer,formalization/lean/FoundationsVII/Access/Observer.lean,NativeOrEndogenous,d32a2bb9b9aebd2728fac845d550873e374c1b1dda1995fff46748f1ee8ef870,LEAN_KERNEL_REPLAY_PASS,
NOT_APPLICABLE_DEFINITION,,FoundationsVII.ObserverOccupancyRecord.NativeFormationCredit,PASS_LOCAL_REPLAY,def,23,FoundationsVII.Access.Observer,formalization/lean/FoundationsVII/Access/Observer.lean,NativeFormationCredit,cbdce61f72f683542202e3cca9af52451d9ad75d6587c29d9c248a03ade3b2b6,LEAN_KERNEL_REPLAY_PASS,
NOT_APPLICABLE_DEFINITION,,FoundationsVII.ObserverOccupancyRecord.ExternalObserverCredit,PASS_LOCAL_REPLAY,def,28,FoundationsVII.Access.Observer,formalization/lean/FoundationsVII/Access/Observer.lean,ExternalObserverCredit,80f4fe45b0fb8545328d94765c4091c093a5b928d84d8b285e3842099f5d003b,LEAN_KERNEL_REPLAY_PASS,
NOT_APPLICABLE_DEFINITION,,FoundationsVII.BudgetEntry.Conserved,PASS_LOCAL_REPLAY,def,80,FoundationsVII.Access.Observer,formalization/lean/FoundationsVII/Access/Observer.lean,Conserved,26b3fa0a10844fd7944f0376bb9b72f7cbaf16d88f57b5de5b0e3a696470350a,LEAN_KERNEL_REPLAY_PASS,
NOT_APPLICABLE_DEFINITION,,FoundationsVII.BudgetEntry.FailedAdmissionSettled,PASS_LOCAL_REPLAY,def,87,FoundationsVII.Access.Observer,formalization/lean/FoundationsVII/Access/Observer.lean,FailedAdmissionSettled,35ebf98557009855bb48b1317759f00a7bd3523b7ed9050ed120cf29980565f8,LEAN_KERNEL_REPLAY_PASS,
NOT_APPLICABLE_DEFINITION,,FoundationsVII.PackageAccess,PASS_LOCAL_REPLAY,structure,13,FoundationsVII.Access.Origin,formalization/lean/FoundationsVII/Access/Origin.lean,PackageAccess,16998b11b93d00a92ea219a0b3d19d4ca5611c0bbe873cb78cfb2cd4ab293ff3,LEAN_KERNEL_REPLAY_PASS,
NOT_APPLICABLE_DEFINITION,,FoundationsVII.PackageAccess.CommonOrigin,PASS_LOCAL_REPLAY,def,26,FoundationsVII.Access.Origin,formalization/lean/FoundationsVII/Access/Origin.lean,CommonOrigin,c18ae8c15a9e45531f46ef13834f0a2ccdf1cf6eb2d29040258997705ac9dd2f,LEAN_KERNEL_REPLAY_PASS,
NOT_APPLICABLE_DEFINITION,,FoundationsVII.PackageAccess.CommonCarrier,PASS_LOCAL_REPLAY,def,33,FoundationsVII.Access.Origin,formalization/lean/FoundationsVII/Access/Origin.lean,CommonCarrier,67c372d97272da83cf4c01e8c9a6dc0262b47648d778d9cafa8c6ef2134dfddb,LEAN_KERNEL_REPLAY_PASS,
NOT_APPLICABLE_DEFINITION,,FoundationsVII.PackageAccess.CommonInstrument,PASS_LOCAL_REPLAY,def,40,FoundationsVII.Access.Origin,formalization/lean/FoundationsVII/Access/Origin.lean,CommonInstrument,b780c78e931dbf230d8c55f915e6cb170771ae6fdc2347b102d353ac09d3ae24,LEAN_KERNEL_REPLAY_PASS,
NOT_APPLICABLE_DEFINITION,,FoundationsVII.PackageAccess.SharedAccess,PASS_LOCAL_REPLAY,def,47,FoundationsVII.Access.Origin,formalization/lean/FoundationsVII/Access/Origin.lean,SharedAccess,d9676350af216e628678f42fb18f9d6adf5cf9101930149ef405a361b3a5ad2b,LEAN_KERNEL_REPLAY_PASS,
NOT_APPLICABLE_DEFINITION,,FoundationsVII.PackageAccess.SourceIndependent,PASS_LOCAL_REPLAY,def,58,FoundationsVII.Access.Origin,formalization/lean/FoundationsVII/Access/Origin.lean,SourceIndependent,a06caf12485f97e07b243a960a1aa8318729e3837547865334dcd0d61e0e9fb5,LEAN_KERNEL_REPLAY_PASS,
NOT_APPLICABLE_DEFINITION,,FoundationsVII.PackageAccess.accessAudit,PASS_LOCAL_REPLAY,def,65,FoundationsVII.Access.Origin,formalization/lean/FoundationsVII/Access/Origin.lean,accessAudit,8b4da15ce99d6cc62f5d98a3e4a079a5faa086ba0de9dbfc29149da9a57c903b,LEAN_KERNEL_REPLAY_PASS,
NOT_APPLICABLE_DEFINITION,,FoundationsVII.PackageAccess.commonOriginLeft,PASS_LOCAL_REPLAY,def,67,FoundationsVII.Access.Origin,formalization/lean/FoundationsVII/Access/Origin.lean,commonOriginLeft,c2ef48baa32f6f9704e6dfd8b5fa13ecbabf40a208505c934edccfefb5d73841,LEAN_KERNEL_REPLAY_PASS,
NOT_APPLICABLE_DEFINITION,,FoundationsVII.PackageAccess.commonOriginRightNoAccess,PASS_LOCAL_REPLAY,def,77,FoundationsVII.Access.Origin,formalization/lean/FoundationsVII/Access/Origin.lean,commonOriginRightNoAccess,08fbcf13c349c90472005655f933f7a8b15d9e0657515a8e768c1c91bd2eb907,LEAN_KERNEL_REPLAY_PASS,
NOT_APPLICABLE_DEFINITION,,FoundationsVII.PackageAccess.commonOriginRightWithAccess,PASS_LOCAL_REPLAY,def,87,FoundationsVII.Access.Origin,formalization/lean/FoundationsVII/Access/Origin.lean,commonOriginRightWithAccess,f928ab6c22a91441311046a325aafc1421f343017ff8e3b0c09ff3de635f8a5f,LEAN_KERNEL_REPLAY_PASS,
NOT_APPLICABLE_DEFINITION,,FoundationsVII.LensTransferCase,PASS_LOCAL_REPLAY,structure,128,FoundationsVII.Access.Origin,formalization/lean/FoundationsVII/Access/Origin.lean,LensTransferCase,9ccb02dbe0b4537ed4e7bb985572d6bf2ab05cc9fc0e369a1ae4abde212e1ec5,LEAN_KERNEL_REPLAY_PASS,
NOT_APPLICABLE_DEFINITION,,FoundationsVII.LensTransferCase.Licensed,PASS_LOCAL_REPLAY,def,138,FoundationsVII.Access.Origin,formalization/lean/FoundationsVII/Access/Origin.lean,Licensed,d0df11040c7901f247b6882098dfea422662f8f1cb8e55787538b4c315a487a9,LEAN_KERNEL_REPLAY_PASS,
NOT_APPLICABLE_DEFINITION,,FoundationsVII.OperationalProfile,PASS_LOCAL_REPLAY,structure,14,FoundationsVII.Access.Reachability,formalization/lean/FoundationsVII/Access/Reachability.lean,OperationalProfile,da4e0c3ac9e1afd36a7a4585d0f8fa05b6b64c2bedaa9d52eab85802dbb43ece,LEAN_KERNEL_REPLAY_PASS,
NOT_APPLICABLE_DEFINITION,,FoundationsVII.OperationalProfile.Coherent,PASS_LOCAL_REPLAY,def,25,FoundationsVII.Access.Reachability,formalization/lean/FoundationsVII/Access/Reachability.lean,Coherent,6d65ac2ce810a5c0049f6517dade70e6780c859789fbef3f14a4834fdde5029d,LEAN_KERNEL_REPLAY_PASS,
NOT_APPLICABLE_DEFINITION,,FoundationsVII.OperationalProfile.soundUnreachable,PASS_LOCAL_REPLAY,def,36,FoundationsVII.Access.Reachability,formalization/lean/FoundationsVII/Access/Reachability.lean,soundUnreachable,55202fbc1a7164e78ca0a9a68273b9d8d55a48473a276b44db9b41b251fa0184,LEAN_KERNEL_REPLAY_PASS,
NOT_APPLICABLE_DEFINITION,,FoundationsVII.OperationalProfile.reachableNonoccurring,PASS_LOCAL_REPLAY,def,44,FoundationsVII.Access.Reachability,formalization/lean/FoundationsVII/Access/Reachability.lean,reachableNonoccurring,5f49c745f3c4dbd41562b03584eb5bff78d6f0359e8009068e697edef598701c,LEAN_KERNEL_REPLAY_PASS,
NOT_APPLICABLE_DEFINITION,,FoundationsVII.OperationalProfile.occurrentProfile,PASS_LOCAL_REPLAY,def,52,FoundationsVII.Access.Reachability,formalization/lean/FoundationsVII/Access/Reachability.lean,occurrentProfile,9e67623cfd3cc8d3d77ee6ecdf9c937f220b3f6d52b58649ed7917b4ccff3b64,LEAN_KERNEL_REPLAY_PASS,
NOT_APPLICABLE_DEFINITION,,FoundationsVII.HorizonObservation,PASS_LOCAL_REPLAY,structure,102,FoundationsVII.Access.Reachability,formalization/lean/FoundationsVII/Access/Reachability.lean,HorizonObservation,06b1b2e9e096e0966a5d3ed7c535956cd8ea9b96a97400bd1949f8cb54da4081,LEAN_KERNEL_REPLAY_PASS,
NOT_APPLICABLE_DEFINITION,,FoundationsVII.HorizonObservation.BoundedNull,PASS_LOCAL_REPLAY,def,114,FoundationsVII.Access.Reachability,formalization/lean/FoundationsVII/Access/Reachability.lean,BoundedNull,d5c78f0c6792d831cbe6b54f319e8bfefe71e7e5ddab5ab088a954bc8b3dd70d,LEAN_KERNEL_REPLAY_PASS,
NOT_APPLICABLE_DEFINITION,,FoundationsVII.HorizonObservation.ClosedFamilyNegativeCertificate,PASS_LOCAL_REPLAY,def,123,FoundationsVII.Access.Reachability,formalization/lean/FoundationsVII/Access/Reachability.lean,ClosedFamilyNegativeCertificate,f95a8e56f2b37eb84abdb86580ae1a91d9629270d4a54dcda373cd4f6498ba0e,LEAN_KERNEL_REPLAY_PASS,
NOT_APPLICABLE_DEFINITION,,FoundationsVII.HorizonObservation.finiteOpenNull,PASS_LOCAL_REPLAY,def,135,FoundationsVII.Access.Reachability,formalization/lean/FoundationsVII/Access/Reachability.lean,finiteOpenNull,f7f3e325863757babf7e895b09f7da73472a886df3439b6da3d4970133a83c39,LEAN_KERNEL_REPLAY_PASS,
NOT_APPLICABLE_DEFINITION,,FoundationsVII.TransitionTrace,PASS_LOCAL_REPLAY,inductive,14,FoundationsVII.Access.Replay,formalization/lean/FoundationsVII/Access/Replay.lean,TransitionTrace,405a33e9aede67c1f1d15fe74166afabd8984ed6a937377f961a65ccf87d8a5c,LEAN_KERNEL_REPLAY_PASS,
NOT_APPLICABLE_DEFINITION,,FoundationsVII.ReachabilityWitness.Replays,PASS_LOCAL_REPLAY,def,57,FoundationsVII.Access.Replay,formalization/lean/FoundationsVII/Access/Replay.lean,Replays,66bc05bcdd144303d28c33bfe13e93fe38dba4e9ec73fca9b4831af9e5d9ff15,LEAN_KERNEL_REPLAY_PASS,
NOT_APPLICABLE_DEFINITION,,FoundationsVII.ReachabilityWitness.OperationallyCertified,PASS_LOCAL_REPLAY,structure,60,FoundationsVII.Access.Replay,formalization/lean/FoundationsVII/Access/Replay.lean,OperationallyCertified,443e8c17d1db87cb89dd114aad873248457484eb97b32afac156c09391940bc0,LEAN_KERNEL_REPLAY_PASS,
NOT_APPLICABLE_DEFINITION,,FoundationsVII.AdmissionOperation,PASS_LOCAL_REPLAY,inductive,16,FoundationsVII.Access.Transitions,formalization/lean/FoundationsVII/Access/Transitions.lean,AdmissionOperation,7d9b43a0e2c7db850ebd08e305d488477648d8a2dd4d441226f58668d0d0d781,LEAN_KERNEL_REPLAY_PASS,
NOT_APPLICABLE_DEFINITION,,FoundationsVII.BudgetEntry.remaining,PASS_LOCAL_REPLAY,def,26,FoundationsVII.Access.Transitions,formalization/lean/FoundationsVII/Access/Transitions.lean,remaining,1fef29d51be64e8c01ec759bdcf9f608694d1a1262b5ddece1e92c0cec7a8545,LEAN_KERNEL_REPLAY_PASS,
NOT_APPLICABLE_DEFINITION,,FoundationsVII.BudgetLedger.remaining,PASS_LOCAL_REPLAY,def,33,FoundationsVII.Access.Transitions,formalization/lean/FoundationsVII/Access/Transitions.lean,remaining,63f89949f086294a337f79b30a5b7d1deca684f1372aab045b8cc33151a8a836,LEAN_KERNEL_REPLAY_PASS,
NOT_APPLICABLE_DEFINITION,,FoundationsVII.TypedAdmissionStep,PASS_LOCAL_REPLAY,structure,38,FoundationsVII.Access.Transitions,formalization/lean/FoundationsVII/Access/Transitions.lean,TypedAdmissionStep,c2738d4d2a701f6d4d4749435f4b9b5360aa522097a39476de71a7a1e27ff252,LEAN_KERNEL_REPLAY_PASS,
NOT_APPLICABLE_DEFINITION,,FoundationsVII.TypedAdmissionStep.SourceAuthorized,PASS_LOCAL_REPLAY,def,51,FoundationsVII.Access.Transitions,formalization/lean/FoundationsVII/Access/Transitions.lean,SourceAuthorized,5d930e67842311ab9cad4f5eb1b498f54393717020ae480eda89c201b57a4c06,LEAN_KERNEL_REPLAY_PASS,
NOT_APPLICABLE_DEFINITION,,FoundationsVII.TypedAdmissionStep.EffectTyped,PASS_LOCAL_REPLAY,def,58,FoundationsVII.Access.Transitions,formalization/lean/FoundationsVII/Access/Transitions.lean,EffectTyped,cd6eb4ab030c9e1ad9482b6556026ccc5eb4b9fc403f7dc393938340d79b90d9,LEAN_KERNEL_REPLAY_PASS,
NOT_APPLICABLE_DEFINITION,,FoundationsVII.TypedAdmissionStep.Lawful,PASS_LOCAL_REPLAY,structure,66,FoundationsVII.Access.Transitions,formalization/lean/FoundationsVII/Access/Transitions.lean,Lawful,4d02c59ef87bef296a4ac5c792d49a095fae9f3421db0a304583d2f2b3a430bc,LEAN_KERNEL_REPLAY_PASS,
NOT_APPLICABLE_DEFINITION,,FoundationsVII.AdmissionReplay,PASS_LOCAL_REPLAY,inductive,197,FoundationsVII.Access.Transitions,formalization/lean/FoundationsVII/Access/Transitions.lean,AdmissionReplay,221e2e776160b678de52fd1855ea7dccbaf38de8aca6a7e73c1646534f089c57,LEAN_KERNEL_REPLAY_PASS,
NOT_APPLICABLE_DEFINITION,,FoundationsVII.phase3AuditEntry,PASS_LOCAL_REPLAY,def,14,FoundationsVII.Contact.Transport,formalization/lean/FoundationsVII/Contact/Transport.lean,phase3AuditEntry,679665c673de3ea10ea99a6920437f9abc624a729c6f48e1da22cc4e45945b72,LEAN_KERNEL_REPLAY_PASS,
NOT_APPLICABLE_DEFINITION,,FoundationsVII.phase3Audit,PASS_LOCAL_REPLAY,def,21,FoundationsVII.Contact.Transport,formalization/lean/FoundationsVII/Contact/Transport.lean,phase3Audit,5d324cd3daa1687bf3fa8c8e21be35ab8bf0b38f276fc615261a7ff0c8a1a772,LEAN_KERNEL_REPLAY_PASS,
NOT_APPLICABLE_DEFINITION,,FoundationsVII.ContactMode,PASS_LOCAL_REPLAY,inductive,23,FoundationsVII.Contact.Transport,formalization/lean/FoundationsVII/Contact/Transport.lean,ContactMode,d1975bf5edcd60c10062825c749a7396eb6e48b5bffc2f6d533b8ac34a80856e,LEAN_KERNEL_REPLAY_PASS,
NOT_APPLICABLE_DEFINITION,,FoundationsVII.allContactModes,PASS_LOCAL_REPLAY,def,31,FoundationsVII.Contact.Transport,formalization/lean/FoundationsVII/Contact/Transport.lean,allContactModes,100bc1418b5104e416f5557908f69d6f596e40d03a362e05c452861c2c010a3b,LEAN_KERNEL_REPLAY_PASS,
NOT_APPLICABLE_DEFINITION,,FoundationsVII.ContactChannelEvidence,PASS_LOCAL_REPLAY,structure,37,FoundationsVII.Contact.Transport,formalization/lean/FoundationsVII/Contact/Transport.lean,ContactChannelEvidence,64ef89429a8f85eb08fea766aa2103a5e3bfec3065a8242109856c829a996e7d,LEAN_KERNEL_REPLAY_PASS,
NOT_APPLICABLE_DEFINITION,,FoundationsVII.ContactChannelEvidence.Licenses,PASS_LOCAL_REPLAY,def,47,FoundationsVII.Contact.Transport,formalization/lean/FoundationsVII/Contact/Transport.lean,Licenses,3f5f15f9a8295c5d373ae9a9850f946c2c9be4bbf6239060190c16a69b4d7fdc,LEAN_KERNEL_REPLAY_PASS,
NOT_APPLICABLE_DEFINITION,,FoundationsVII.ContactProfile,PASS_LOCAL_REPLAY,structure,82,FoundationsVII.Contact.Transport,formalization/lean/FoundationsVII/Contact/Transport.lean,ContactProfile,a9245249b7659e514487949575163fe1c393171a03ed16352b88530021bb7cf8,LEAN_KERNEL_REPLAY_PASS,
NOT_APPLICABLE_DEFINITION,,FoundationsVII.ContactProfile.OperationallyCoherent,PASS_LOCAL_REPLAY,def,92,FoundationsVII.Contact.Transport,formalization/lean/FoundationsVII/Contact/Transport.lean,OperationallyCoherent,708a4d1f0ca7c54622e96527e468649a141a67d2f71e6af315c42b66a9cc72a4,LEAN_KERNEL_REPLAY_PASS,
NOT_APPLICABLE_DEFINITION,,FoundationsVII.ContactProfile.compatibleWithoutContact,PASS_LOCAL_REPLAY,def,101,FoundationsVII.Contact.Transport,formalization/lean/FoundationsVII/Contact/Transport.lean,compatibleWithoutContact,b75e4c8449ffd260ae8a0368e40844c332df2b71b35326d68ebc0d819dc07f3d,LEAN_KERNEL_REPLAY_PASS,
NOT_APPLICABLE_DEFINITION,,FoundationsVII.ContactProfile.contactWithoutComposite,PASS_LOCAL_REPLAY,def,105,FoundationsVII.Contact.Transport,formalization/lean/FoundationsVII/Contact/Transport.lean,contactWithoutComposite,7a2234b22162b6e63bb27a7b91bf8ecde1ba0737243e6d6c175ac8f9c54240f0,LEAN_KERNEL_REPLAY_PASS,
NOT_APPLICABLE_DEFINITION,,FoundationsVII.PeerTransport,PASS_LOCAL_REPLAY,structure,133,FoundationsVII.Contact.Transport,formalization/lean/FoundationsVII/Contact/Transport.lean,PeerTransport,64a935ba0b817ae98e8a6cf293afacfaa114618e01b63d505f3671a9df335f96,LEAN_KERNEL_REPLAY_PASS,
NOT_APPLICABLE_DEFINITION,,FoundationsVII.PeerTransport.WellFormed,PASS_LOCAL_REPLAY,def,149,FoundationsVII.Contact.Transport,formalization/lean/FoundationsVII/Contact/Transport.lean,WellFormed,7db3d6d4518bb3ea6f6d5762a43fe975ef845aa294a95bb57ec0c5ac3d2c356c,LEAN_KERNEL_REPLAY_PASS,
NOT_APPLICABLE_DEFINITION,,FoundationsVII.PeerTransport.WithoutJoin,PASS_LOCAL_REPLAY,def,163,FoundationsVII.Contact.Transport,formalization/lean/FoundationsVII/Contact/Transport.lean,WithoutJoin,53cacd062c9740572ebe237baf3473e6de3141fcd6d91a0d8f60096622aca21e,LEAN_KERNEL_REPLAY_PASS,
NOT_APPLICABLE_DEFINITION,,FoundationsVII.PeerTransport.CertifiedContentAvailable,PASS_LOCAL_REPLAY,def,170,FoundationsVII.Contact.Transport,formalization/lean/FoundationsVII/Contact/Transport.lean,CertifiedContentAvailable,616c3888b59c4cc6292235577d31f4c2288fdbc3a0b2b1c18e3bafa370987a79,LEAN_KERNEL_REPLAY_PASS,
NOT_APPLICABLE_DEFINITION,,FoundationsVII.AdmissionTransition,PASS_LOCAL_REPLAY,structure,9,FoundationsVII.Core.Admission,formalization/lean/FoundationsVII/Core/Admission.lean,AdmissionTransition,403f7201796ba1d8139ca9156a6a286c67e541b7bed9d2dd2de4d68b8f805caf,LEAN_KERNEL_REPLAY_PASS,
NOT_APPLICABLE_DEFINITION,,FoundationsVII.AdmissionTransition.WellFormed,PASS_LOCAL_REPLAY,def,26,FoundationsVII.Core.Admission,formalization/lean/FoundationsVII/Core/Admission.lean,WellFormed,9b95223802ce5380a8cecac18b258d8a3058be510af22b272027f17ec5659965,LEAN_KERNEL_REPLAY_PASS,
NOT_APPLICABLE_DEFINITION,,FoundationsVII.ProspectiveCommitment,PASS_LOCAL_REPLAY,structure,62,FoundationsVII.Core.Admission,formalization/lean/FoundationsVII/Core/Admission.lean,ProspectiveCommitment,3ab66aba1850f8ef4149610707b5c08121df4dc1af095d6f8ae71261572af5d5,LEAN_KERNEL_REPLAY_PASS,
NOT_APPLICABLE_DEFINITION,,FoundationsVII.ProspectiveCommitment.WellFormed,PASS_LOCAL_REPLAY,def,78,FoundationsVII.Core.Admission,formalization/lean/FoundationsVII/Core/Admission.lean,WellFormed,45b5b554c1420bdf054366b0014b4d39ca06c2c313daa7dac7d4eb489caa02c3,LEAN_KERNEL_REPLAY_PASS,
NOT_APPLICABLE_DEFINITION,,FoundationsVII.AuditEntry,PASS_LOCAL_REPLAY,structure,12,FoundationsVII.Core.Audit,formalization/lean/FoundationsVII/Core/Audit.lean,AuditEntry,efece7697eee6db4413e44020040c3d0f92cf56dfcf5731e852d5adc0447072d,LEAN_KERNEL_REPLAY_PASS,
NOT_APPLICABLE_DEFINITION,,FoundationsVII.AuditEntry.WellFormed,PASS_LOCAL_REPLAY,def,22,FoundationsVII.Core.Audit,formalization/lean/FoundationsVII/Core/Audit.lean,WellFormed,1839ddc94229ac4bb819373c5a94be5742a2cfa6d4e11bde5d458549710ccb74,LEAN_KERNEL_REPLAY_PASS,
NOT_APPLICABLE_DEFINITION,,FoundationsVII.AuditRecord,PASS_LOCAL_REPLAY,structure,33,FoundationsVII.Core.Audit,formalization/lean/FoundationsVII/Core/Audit.lean,AuditRecord,20da588eee01d254c0a0db3d9d7fa37336c6e08fe7b074e4b8707a0d6ad41980,LEAN_KERNEL_REPLAY_PASS,
NOT_APPLICABLE_DEFINITION,,FoundationsVII.AuditRecord.WellFormed,PASS_LOCAL_REPLAY,def,39,FoundationsVII.Core.Audit,formalization/lean/FoundationsVII/Core/Audit.lean,WellFormed,4d09fef58e020694c86b2110e6043334c44d5e7f820da54dafa952943c8c8c59,LEAN_KERNEL_REPLAY_PASS,
NOT_APPLICABLE_DEFINITION,,FoundationsVII.AuditRecord.append,PASS_LOCAL_REPLAY,def,47,FoundationsVII.Core.Audit,formalization/lean/FoundationsVII/Core/Audit.lean,append,185f068a2a0417e83b402a83c59d663ef27ac0c1c5463e4941b7d15d387d8614,LEAN_KERNEL_REPLAY_PASS,
NOT_APPLICABLE_DEFINITION,,FoundationsVII.AuditRecord.extend,PASS_LOCAL_REPLAY,def,50,FoundationsVII.Core.Audit,formalization/lean/FoundationsVII/Core/Audit.lean,extend,df1ddf4eb26221b6d1f362511cca3bee959ec9a8e2607b5b07515d8db47c98c0,LEAN_KERNEL_REPLAY_PASS,
NOT_APPLICABLE_DEFINITION,,FoundationsVII.AuditRecord.Extends,PASS_LOCAL_REPLAY,def,53,FoundationsVII.Core.Audit,formalization/lean/FoundationsVII/Core/Audit.lean,Extends,520f032d31adf9c01e5e46e1f0b2ed93b51e946d4c95a85a46b5966e17fc6f7f,LEAN_KERNEL_REPLAY_PASS,
NOT_APPLICABLE_DEFINITION,,FoundationsVII.ContactSurface,PASS_LOCAL_REPLAY,structure,13,FoundationsVII.Core.Contact,formalization/lean/FoundationsVII/Core/Contact.lean,ContactSurface,f87da6929cfeea91e283c8ac9d601d636166abd338761311a8c4526b3aadefd6,LEAN_KERNEL_REPLAY_PASS,
NOT_APPLICABLE_DEFINITION,,FoundationsVII.ContactSurface.WellFormed,PASS_LOCAL_REPLAY,def,24,FoundationsVII.Core.Contact,formalization/lean/FoundationsVII/Core/Contact.lean,WellFormed,fcf8cc10e9bb74af82b7c4879b785c85c1ed092827a18fa3b1071cde6372482d,LEAN_KERNEL_REPLAY_PASS,
NOT_APPLICABLE_DEFINITION,,FoundationsVII.ContactWitness,PASS_LOCAL_REPLAY,structure,39,FoundationsVII.Core.Contact,formalization/lean/FoundationsVII/Core/Contact.lean,ContactWitness,7b98cfa08fa36d4a977d4751b2a5e73e6e4a33734016cb3c538dfe422a42b556,LEAN_KERNEL_REPLAY_PASS,
NOT_APPLICABLE_DEFINITION,,FoundationsVII.ContactWitness.WellFormed,PASS_LOCAL_REPLAY,def,50,FoundationsVII.Core.Contact,formalization/lean/FoundationsVII/Core/Contact.lean,WellFormed,05ded3d7b5ab8fc2ab093538f5f0d779f5241d21dcfd04372bee786d3c633b25,LEAN_KERNEL_REPLAY_PASS,
NOT_APPLICABLE_DEFINITION,,FoundationsVII.InteractionRecord,PASS_LOCAL_REPLAY,structure,71,FoundationsVII.Core.Contact,formalization/lean/FoundationsVII/Core/Contact.lean,InteractionRecord,5a97f98bf277f0e9e50b21cd8004da0cd1948903940b321f250c9cede1a3e62d,LEAN_KERNEL_REPLAY_PASS,
NOT_APPLICABLE_DEFINITION,,FoundationsVII.InteractionRecord.WellFormed,PASS_LOCAL_REPLAY,def,84,FoundationsVII.Core.Contact,formalization/lean/FoundationsVII/Core/Contact.lean,WellFormed,3e0734d7180e4c8c686018a144c4b018d6f4b5acbfc316d932d746e0149b312a,LEAN_KERNEL_REPLAY_PASS,
NOT_APPLICABLE_DEFINITION,,FoundationsVII.DomainState,PASS_LOCAL_REPLAY,structure,13,FoundationsVII.Core.Domain,formalization/lean/FoundationsVII/Core/Domain.lean,DomainState,5fd830ff14966a1ea2e3e9a44a80d4ac54797afa73048959d098f49e02703a9f,LEAN_KERNEL_REPLAY_PASS,
NOT_APPLICABLE_DEFINITION,,FoundationsVII.DomainState.Coherent,PASS_LOCAL_REPLAY,def,30,FoundationsVII.Core.Domain,formalization/lean/FoundationsVII/Core/Domain.lean,Coherent,bae433a10606eb6c1d51b82cccd8c5f1caac6b2734bc4392fd8f25676588e3d0,LEAN_KERNEL_REPLAY_PASS,
NOT_APPLICABLE_DEFINITION,,FoundationsVII.EnablementRecord,PASS_LOCAL_REPLAY,structure,13,FoundationsVII.Core.Enablement,formalization/lean/FoundationsVII/Core/Enablement.lean,EnablementRecord,825a1d1af4e41b8b30cf659e62f6b1829a1df6b7a06e98b383047b489d3018da,LEAN_KERNEL_REPLAY_PASS,
NOT_APPLICABLE_DEFINITION,,FoundationsVII.EnablementRecord.WellFormed,PASS_LOCAL_REPLAY,def,27,FoundationsVII.Core.Enablement,formalization/lean/FoundationsVII/Core/Enablement.lean,WellFormed,cde0befe3e7ad808624efcfd78ded040a248563f887daeba93953d39e2daed05,LEAN_KERNEL_REPLAY_PASS,
NOT_APPLICABLE_DEFINITION,,FoundationsVII.GradedClaim,PASS_LOCAL_REPLAY,structure,13,FoundationsVII.Core.Grades,formalization/lean/FoundationsVII/Core/Grades.lean,GradedClaim,a665a536d24c2a16a3405b65c51d4783b99280234aa41acf63aca9783757e209,LEAN_KERNEL_REPLAY_PASS,
NOT_APPLICABLE_DEFINITION,,FoundationsVII.FiniteEvidenceEnvelope,PASS_LOCAL_REPLAY,structure,23,FoundationsVII.Core.Grades,formalization/lean/FoundationsVII/Core/Grades.lean,FiniteEvidenceEnvelope,786a4ed8770238fdad9e31b70de80bba36d15803895278ce336eacaec57d63da,LEAN_KERNEL_REPLAY_PASS,
NOT_APPLICABLE_DEFINITION,,FoundationsVII.NormativeSpecification,PASS_LOCAL_REPLAY,structure,35,FoundationsVII.Core.Grades,formalization/lean/FoundationsVII/Core/Grades.lean,NormativeSpecification,6a54b462194dd900872b837b7443adff40dfedf326bd0f6d3300653ba4d924b0,LEAN_KERNEL_REPLAY_PASS,
NOT_APPLICABLE_DEFINITION,,FoundationsVII.GradedClaim.WellFormed,PASS_LOCAL_REPLAY,def,44,FoundationsVII.Core.Grades,formalization/lean/FoundationsVII/Core/Grades.lean,WellFormed,d0b092b59dfb139c6daf9df90a1a420c9c8c5ea25ebc9b81a851635c48384047,LEAN_KERNEL_REPLAY_PASS,
NOT_APPLICABLE_DEFINITION,,FoundationsVII.FiniteEvidenceEnvelope.WellFormed,PASS_LOCAL_REPLAY,def,57,FoundationsVII.Core.Grades,formalization/lean/FoundationsVII/Core/Grades.lean,WellFormed,bce8162db7c9fe35a5f6a4754084a2e5e8ad0755520a5c67d0ba3eee317dc03b,LEAN_KERNEL_REPLAY_PASS,
NOT_APPLICABLE_DEFINITION,,FoundationsVII.NormativeSpecification.WellFormed,PASS_LOCAL_REPLAY,def,80,FoundationsVII.Core.Grades,formalization/lean/FoundationsVII/Core/Grades.lean,WellFormed,96e76fa33ce2f0dbf6b83a0c5886787fd008337c36efcdb5fa475533566c5f6c,LEAN_KERNEL_REPLAY_PASS,
NOT_APPLICABLE_DEFINITION,,FoundationsVII.TheoryId,PASS_LOCAL_REPLAY,abbrev,11,FoundationsVII.Core.Identifiers,formalization/lean/FoundationsVII/Core/Identifiers.lean,TheoryId,60c683c9f97808754770e4d1870dbfc291161ddd3456e227c1ccecef8893f8eb,LEAN_KERNEL_REPLAY_PASS,
NOT_APPLICABLE_DEFINITION,,FoundationsVII.InterfaceId,PASS_LOCAL_REPLAY,abbrev,12,FoundationsVII.Core.Identifiers,formalization/lean/FoundationsVII/Core/Identifiers.lean,InterfaceId,40312a943572756cd9460c81ecac30dc4e62c3d4d34709de1f628ace175dbf9d,LEAN_KERNEL_REPLAY_PASS,
NOT_APPLICABLE_DEFINITION,,FoundationsVII.ScopeId,PASS_LOCAL_REPLAY,abbrev,13,FoundationsVII.Core.Identifiers,formalization/lean/FoundationsVII/Core/Identifiers.lean,ScopeId,0420ed4959db58248fec902b995d1b193a87a262f458b68b0339a480181315cc,LEAN_KERNEL_REPLAY_PASS,
NOT_APPLICABLE_DEFINITION,,FoundationsVII.EventId,PASS_LOCAL_REPLAY,abbrev,14,FoundationsVII.Core.Identifiers,formalization/lean/FoundationsVII/Core/Identifiers.lean,EventId,b5669281544ecad422753abedb54e4cb61e31892bef20e415cdcd7bcd0c32ade,LEAN_KERNEL_REPLAY_PASS,
NOT_APPLICABLE_DEFINITION,,FoundationsVII.TransitionId,PASS_LOCAL_REPLAY,abbrev,15,FoundationsVII.Core.Identifiers,formalization/lean/FoundationsVII/Core/Identifiers.lean,TransitionId,4ef0e4b010442d4cd7db12a98c69834afa3ff26390cb350e7f38fd8dcdb810ec,LEAN_KERNEL_REPLAY_PASS,
NOT_APPLICABLE_DEFINITION,,FoundationsVII.SourceId,PASS_LOCAL_REPLAY,abbrev,16,FoundationsVII.Core.Identifiers,formalization/lean/FoundationsVII/Core/Identifiers.lean,SourceId,69e65083b4d301212825924dd47da1cc6cfafda2f24433189361cb8c3a409d6e,LEAN_KERNEL_REPLAY_PASS,
NOT_APPLICABLE_DEFINITION,,FoundationsVII.ResourceId,PASS_LOCAL_REPLAY,abbrev,17,FoundationsVII.Core.Identifiers,formalization/lean/FoundationsVII/Core/Identifiers.lean,ResourceId,84e728bf84490f68e29e538c534d97af772bd7cec0fc8925c5efa5f5841b28fd,LEAN_KERNEL_REPLAY_PASS,
NOT_APPLICABLE_DEFINITION,,FoundationsVII.AuditId,PASS_LOCAL_REPLAY,abbrev,18,FoundationsVII.Core.Identifiers,formalization/lean/FoundationsVII/Core/Identifiers.lean,AuditId,a0cbf26fc33c9fc6241571d5fccf9b55ee58c11222ccfc97e104f69ae4adcfe0,LEAN_KERNEL_REPLAY_PASS,
NOT_APPLICABLE_DEFINITION,,FoundationsVII.ClaimId,PASS_LOCAL_REPLAY,abbrev,19,FoundationsVII.Core.Identifiers,formalization/lean/FoundationsVII/Core/Identifiers.lean,ClaimId,a8934bf920192964e9719afab2cbf910d977ed1ed16b74d4863964167ebb1994,LEAN_KERNEL_REPLAY_PASS,
NOT_APPLICABLE_DEFINITION,,FoundationsVII.DetectorId,PASS_LOCAL_REPLAY,abbrev,20,FoundationsVII.Core.Identifiers,formalization/lean/FoundationsVII/Core/Identifiers.lean,DetectorId,6043f49907c127bf71a07a46573282cee2b43ae1b4510d660f75c8f3d63449d2,LEAN_KERNEL_REPLAY_PASS,
NOT_APPLICABLE_DEFINITION,,FoundationsVII.CommitmentId,PASS_LOCAL_REPLAY,abbrev,21,FoundationsVII.Core.Identifiers,formalization/lean/FoundationsVII/Core/Identifiers.lean,CommitmentId,3abe91b942db0781cb71aa716881cec679680d3ccc2a94d883fc585126a657e4,LEAN_KERNEL_REPLAY_PASS,
NOT_APPLICABLE_DEFINITION,,FoundationsVII.ObstructionId,PASS_LOCAL_REPLAY,abbrev,22,FoundationsVII.Core.Identifiers,formalization/lean/FoundationsVII/Core/Identifiers.lean,ObstructionId,e5081c2206b8b89d732f956d272e7291de2c51f29e195abf374ae711260972ad,LEAN_KERNEL_REPLAY_PASS,
NOT_APPLICABLE_DEFINITION,,FoundationsVII.ObserverId,PASS_LOCAL_REPLAY,abbrev,23,FoundationsVII.Core.Identifiers,formalization/lean/FoundationsVII/Core/Identifiers.lean,ObserverId,f9a9879db8f8d3ce0023e54d5d2fc1a90c6f387c38177807df1b8b9fddf6b28c,LEAN_KERNEL_REPLAY_PASS,
NOT_APPLICABLE_DEFINITION,,FoundationsVII.RecordId,PASS_LOCAL_REPLAY,abbrev,24,FoundationsVII.Core.Identifiers,formalization/lean/FoundationsVII/Core/Identifiers.lean,RecordId,eac4f34b2e4741e02cb2b7b922d4f2a89f7161d8a9e756e72036ccb4eec71231,LEAN_KERNEL_REPLAY_PASS,
NOT_APPLICABLE_DEFINITION,,FoundationsVII.BridgeId,PASS_LOCAL_REPLAY,abbrev,25,FoundationsVII.Core.Identifiers,formalization/lean/FoundationsVII/Core/Identifiers.lean,BridgeId,892b7f74cb28b5e55d76428c15467b54090f747e6e0a138d25b7ea79c0d338d2,LEAN_KERNEL_REPLAY_PASS,
NOT_APPLICABLE_DEFINITION,,FoundationsVII.CertificateId,PASS_LOCAL_REPLAY,abbrev,26,FoundationsVII.Core.Identifiers,formalization/lean/FoundationsVII/Core/Identifiers.lean,CertificateId,5022c59b6eca4f227c5447ef3a8c52c51bb41082c7a1f7f971914b204352be83,LEAN_KERNEL_REPLAY_PASS,
NOT_APPLICABLE_DEFINITION,,FoundationsVII.Timestamp,PASS_LOCAL_REPLAY,abbrev,27,FoundationsVII.Core.Identifiers,formalization/lean/FoundationsVII/Core/Identifiers.lean,Timestamp,f1c2ba4caf70559bab4e46ee3d774773fc48089f11ce4521ef2f43b822f8a4a3,LEAN_KERNEL_REPLAY_PASS,
NOT_APPLICABLE_DEFINITION,,FoundationsVII.Cost,PASS_LOCAL_REPLAY,abbrev,28,FoundationsVII.Core.Identifiers,formalization/lean/FoundationsVII/Core/Identifiers.lean,Cost,342fd016a54036bb917542a7fddb711ce8fa6d21de4270e772263d755c2ec694,LEAN_KERNEL_REPLAY_PASS,
NOT_APPLICABLE_DEFINITION,,FoundationsVII.SourceKind,PASS_LOCAL_REPLAY,inductive,30,FoundationsVII.Core.Identifiers,formalization/lean/FoundationsVII/Core/Identifiers.lean,SourceKind,f9a836bb9daa816263705885316fa12ab8a01aadb288f7b9e56b89bd6458f089,LEAN_KERNEL_REPLAY_PASS,
NOT_APPLICABLE_DEFINITION,,FoundationsVII.AuditDisposition,PASS_LOCAL_REPLAY,inductive,40,FoundationsVII.Core.Identifiers,formalization/lean/FoundationsVII/Core/Identifiers.lean,AuditDisposition,a60e6e88fa784622c835e79bc40374858d483d9dc84ffed6c5f1821a58513bbf,LEAN_KERNEL_REPLAY_PASS,
NOT_APPLICABLE_DEFINITION,,FoundationsVII.BridgeDisposition,PASS_LOCAL_REPLAY,inductive,48,FoundationsVII.Core.Identifiers,formalization/lean/FoundationsVII/Core/Identifiers.lean,BridgeDisposition,c5f08ab70a7a3c1714732b9fc7e4531b7ad9e3f60bdba77de2cb48178966cd61,LEAN_KERNEL_REPLAY_PASS,
NOT_APPLICABLE_DEFINITION,,FoundationsVII.OperationalStatus,PASS_LOCAL_REPLAY,inductive,56,FoundationsVII.Core.Identifiers,formalization/lean/FoundationsVII/Core/Identifiers.lean,OperationalStatus,15cde877e8c3074dd6677df28da57ae119b9bdad6cadc648c8cf726dfddf809b,LEAN_KERNEL_REPLAY_PASS,
NOT_APPLICABLE_DEFINITION,,FoundationsVII.InteractionStatus,PASS_LOCAL_REPLAY,inductive,64,FoundationsVII.Core.Identifiers,formalization/lean/FoundationsVII/Core/Identifiers.lean,InteractionStatus,38ca32e317f47049d45417ce9b852ec8f1596916cbc1bffe1257e1261c99e4a2,LEAN_KERNEL_REPLAY_PASS,
NOT_APPLICABLE_DEFINITION,,FoundationsVII.JoinObstructionKind,PASS_LOCAL_REPLAY,inductive,73,FoundationsVII.Core.Identifiers,formalization/lean/FoundationsVII/Core/Identifiers.lean,JoinObstructionKind,8e2bcd308543183d10f9b6eaf3044e596a2e0d554551c4157b00e0c025a74dd3,LEAN_KERNEL_REPLAY_PASS,
NOT_APPLICABLE_DEFINITION,,FoundationsVII.ClaimGrade,PASS_LOCAL_REPLAY,inductive,85,FoundationsVII.Core.Identifiers,formalization/lean/FoundationsVII/Core/Identifiers.lean,ClaimGrade,2d6900d44096ce713f4b3c639fad41679535f93afc95c426f9f8b9275f222a6c,LEAN_KERNEL_REPLAY_PASS,
NOT_APPLICABLE_DEFINITION,,FoundationsVII.EvidenceGrade,PASS_LOCAL_REPLAY,inductive,96,FoundationsVII.Core.Identifiers,formalization/lean/FoundationsVII/Core/Identifiers.lean,EvidenceGrade,bd7c8e355eb4cdce4c022161d051caf254e404f37e75a86a0244040486647968,LEAN_KERNEL_REPLAY_PASS,
NOT_APPLICABLE_DEFINITION,,FoundationsVII.ConditionRole,PASS_LOCAL_REPLAY,inductive,106,FoundationsVII.Core.Identifiers,formalization/lean/FoundationsVII/Core/Identifiers.lean,ConditionRole,e94a2e99d3056856b7d241cca7eb7816ca0550d1e2f268e4117b62801a031e3a,LEAN_KERNEL_REPLAY_PASS,
NOT_APPLICABLE_DEFINITION,,FoundationsVII.SpecificationKind,PASS_LOCAL_REPLAY,inductive,113,FoundationsVII.Core.Identifiers,formalization/lean/FoundationsVII/Core/Identifiers.lean,SpecificationKind,0d865f53649ea3f4616e64e5227d711b054dead0974e8e9ac1a084e1a8fd6d20,LEAN_KERNEL_REPLAY_PASS,
NOT_APPLICABLE_DEFINITION,,FoundationsVII.QuantifierGrade,PASS_LOCAL_REPLAY,inductive,119,FoundationsVII.Core.Identifiers,formalization/lean/FoundationsVII/Core/Identifiers.lean,QuantifierGrade,0d9b24fb08eb0f4307b64eacb73d1530c7d81048a17a1237ecb36585cf157d06,LEAN_KERNEL_REPLAY_PASS,
NOT_APPLICABLE_DEFINITION,,FoundationsVII.NegativeEvidenceGrade,PASS_LOCAL_REPLAY,inductive,127,FoundationsVII.Core.Identifiers,formalization/lean/FoundationsVII/Core/Identifiers.lean,NegativeEvidenceGrade,f772c8d31a50dfdd671504495ec471b4993d99a9fd81f1c726ab99b4fd6d450d,LEAN_KERNEL_REPLAY_PASS,
NOT_APPLICABLE_DEFINITION,,FoundationsVII.NegativeScope,PASS_LOCAL_REPLAY,inductive,134,FoundationsVII.Core.Identifiers,formalization/lean/FoundationsVII/Core/Identifiers.lean,NegativeScope,1c28a7da8bd6bc1cd1e46faa358c4149357107a713f48bb7f8f074311a979b35,LEAN_KERNEL_REPLAY_PASS,
NOT_APPLICABLE_DEFINITION,,FoundationsVII.allSourceKinds,PASS_LOCAL_REPLAY,def,143,FoundationsVII.Core.Identifiers,formalization/lean/FoundationsVII/Core/Identifiers.lean,allSourceKinds,7d3b3d7510a08bfa19761efbd4bf4be6d014019db71872fefef27f4151efe32e,LEAN_KERNEL_REPLAY_PASS,
NOT_APPLICABLE_DEFINITION,,FoundationsVII.allAuditDispositions,PASS_LOCAL_REPLAY,def,146,FoundationsVII.Core.Identifiers,formalization/lean/FoundationsVII/Core/Identifiers.lean,allAuditDispositions,b7882cda440d60de699952813dad957be1c85328a8a2994c5808580c5682e877,LEAN_KERNEL_REPLAY_PASS,
NOT_APPLICABLE_DEFINITION,,FoundationsVII.allBridgeDispositions,PASS_LOCAL_REPLAY,def,149,FoundationsVII.Core.Identifiers,formalization/lean/FoundationsVII/Core/Identifiers.lean,allBridgeDispositions,765aa212b40c667822bbbab2743f5bfa413f9b6e0b9bfd055ecfebd807f341ee,LEAN_KERNEL_REPLAY_PASS,
NOT_APPLICABLE_DEFINITION,,FoundationsVII.allOperationalStatuses,PASS_LOCAL_REPLAY,def,152,FoundationsVII.Core.Identifiers,formalization/lean/FoundationsVII/Core/Identifiers.lean,allOperationalStatuses,4f043125e547e1e9c0ac10ac44b7f26b9e1785172334f079953a49351409cd0b,LEAN_KERNEL_REPLAY_PASS,
NOT_APPLICABLE_DEFINITION,,FoundationsVII.allInteractionStatuses,PASS_LOCAL_REPLAY,def,155,FoundationsVII.Core.Identifiers,formalization/lean/FoundationsVII/Core/Identifiers.lean,allInteractionStatuses,556e2d779819d78cc7f4a8f54892ffe0a27c81d7944888e61083d3a409530700,LEAN_KERNEL_REPLAY_PASS,
NOT_APPLICABLE_DEFINITION,,FoundationsVII.allClaimGrades,PASS_LOCAL_REPLAY,def,159,FoundationsVII.Core.Identifiers,formalization/lean/FoundationsVII/Core/Identifiers.lean,allClaimGrades,9c440a6761aad3bcab05c8fea9878400c1d828d9046226052fc6b704534f6a97,LEAN_KERNEL_REPLAY_PASS,
NOT_APPLICABLE_DEFINITION,,FoundationsVII.allEvidenceGrades,PASS_LOCAL_REPLAY,def,162,FoundationsVII.Core.Identifiers,formalization/lean/FoundationsVII/Core/Identifiers.lean,allEvidenceGrades,c0e4f8830bfbbbcb8b9f4ec84f4424df9d04e08e49e109f03643af6700b8c461,LEAN_KERNEL_REPLAY_PASS,
NOT_APPLICABLE_DEFINITION,,FoundationsVII.allNegativeEvidenceGrades,PASS_LOCAL_REPLAY,def,166,FoundationsVII.Core.Identifiers,formalization/lean/FoundationsVII/Core/Identifiers.lean,allNegativeEvidenceGrades,d9b613f6cf7fc184cdf3243dc69d1d3b5236655095d797c62664adea828f0a02,LEAN_KERNEL_REPLAY_PASS,
NOT_APPLICABLE_DEFINITION,,FoundationsVII.allNegativeScopes,PASS_LOCAL_REPLAY,def,169,FoundationsVII.Core.Identifiers,formalization/lean/FoundationsVII/Core/Identifiers.lean,allNegativeScopes,c48bffed56769c1299611b43a3fdf400987705b77ca26ab9b2418b1f38483153,LEAN_KERNEL_REPLAY_PASS,
NOT_APPLICABLE_DEFINITION,,FoundationsVII.JoinCandidate,PASS_LOCAL_REPLAY,structure,12,FoundationsVII.Core.Join,formalization/lean/FoundationsVII/Core/Join.lean,JoinCandidate,c8ebe31fc46129a5ec64d47a50e95212af218959f03fb8b53a1cdabe971d6f03,LEAN_KERNEL_REPLAY_PASS,
NOT_APPLICABLE_DEFINITION,,FoundationsVII.JoinCandidate.WellFormed,PASS_LOCAL_REPLAY,def,21,FoundationsVII.Core.Join,formalization/lean/FoundationsVII/Core/Join.lean,WellFormed,ecac9478bcd9373ac8fab8c95045d96726a3ce6fd76560d9216c7e37cf5fe03e,LEAN_KERNEL_REPLAY_PASS,
NOT_APPLICABLE_DEFINITION,,FoundationsVII.JoinCertificate,PASS_LOCAL_REPLAY,structure,36,FoundationsVII.Core.Join,formalization/lean/FoundationsVII/Core/Join.lean,JoinCertificate,d8b994b3cee60f93ad0ad75ad387cffb4c0cac9ca08bd042a1f9ae33be88a4fb,LEAN_KERNEL_REPLAY_PASS,
NOT_APPLICABLE_DEFINITION,,FoundationsVII.JoinCertificate.WellFormed,PASS_LOCAL_REPLAY,def,49,FoundationsVII.Core.Join,formalization/lean/FoundationsVII/Core/Join.lean,WellFormed,c8d1b03ca7485394060782249ba44cd785ecbee9c87ca09d113bd2d1870585a2,LEAN_KERNEL_REPLAY_PASS,
NOT_APPLICABLE_DEFINITION,,FoundationsVII.JoinObstruction,PASS_LOCAL_REPLAY,structure,74,FoundationsVII.Core.Join,formalization/lean/FoundationsVII/Core/Join.lean,JoinObstruction,55826b7e3cf07af1bc6e10b5a332e50b0c684a6c50d1d57a4cacd39081e538a4,LEAN_KERNEL_REPLAY_PASS,
NOT_APPLICABLE_DEFINITION,,FoundationsVII.JoinObstruction.WellFormed,PASS_LOCAL_REPLAY,def,85,FoundationsVII.Core.Join,formalization/lean/FoundationsVII/Core/Join.lean,WellFormed,d22e51d8866af6aa5e6b91d0dc0034dff001b61c7c2332fc938883d4cdd63091,LEAN_KERNEL_REPLAY_PASS,
NOT_APPLICABLE_DEFINITION,,FoundationsVII.NonInteractionCertificate,PASS_LOCAL_REPLAY,structure,104,FoundationsVII.Core.Join,formalization/lean/FoundationsVII/Core/Join.lean,NonInteractionCertificate,5d0aac517c7c62d00476b676a3f00c7f0d97d9f661077e2bdcaceab1fcda39b9,LEAN_KERNEL_REPLAY_PASS,
NOT_APPLICABLE_DEFINITION,,FoundationsVII.NonInteractionCertificate.WellFormed,PASS_LOCAL_REPLAY,def,121,FoundationsVII.Core.Join,formalization/lean/FoundationsVII/Core/Join.lean,WellFormed,ccb6788ae3dfa12badde807456ddea354a9d74c5d096760376fd8ed295092620,LEAN_KERNEL_REPLAY_PASS,
NOT_APPLICABLE_DEFINITION,,FoundationsVII.SourceEntry,PASS_LOCAL_REPLAY,structure,12,FoundationsVII.Core.Ledgers,formalization/lean/FoundationsVII/Core/Ledgers.lean,SourceEntry,98cf2d861aaf4d777ba367478d7ef3a5c5fa9c08212ba91e35a3ebab7790fccc,LEAN_KERNEL_REPLAY_PASS,
NOT_APPLICABLE_DEFINITION,,FoundationsVII.SourceEntry.WellFormed,PASS_LOCAL_REPLAY,def,23,FoundationsVII.Core.Ledgers,formalization/lean/FoundationsVII/Core/Ledgers.lean,WellFormed,850e377821e6dd31850cd6681162d05cc8aa232b7d097428ca0986d1e6deff70,LEAN_KERNEL_REPLAY_PASS,
NOT_APPLICABLE_DEFINITION,,FoundationsVII.SourceLedger,PASS_LOCAL_REPLAY,structure,37,FoundationsVII.Core.Ledgers,formalization/lean/FoundationsVII/Core/Ledgers.lean,SourceLedger,2c052ff4262f1b287d2420650ac28d30287dbc956c30c8790e6eb6a2506c9773,LEAN_KERNEL_REPLAY_PASS,
NOT_APPLICABLE_DEFINITION,,FoundationsVII.SourceLedger.WellFormed,PASS_LOCAL_REPLAY,def,45,FoundationsVII.Core.Ledgers,formalization/lean/FoundationsVII/Core/Ledgers.lean,WellFormed,e1e850992160f0dd86bc832ba491ce69ce17c63f60d65b031aeee9adcf43de87,LEAN_KERNEL_REPLAY_PASS,
NOT_APPLICABLE_DEFINITION,,FoundationsVII.SourceLedger.sourceIds,PASS_LOCAL_REPLAY,def,67,FoundationsVII.Core.Ledgers,formalization/lean/FoundationsVII/Core/Ledgers.lean,sourceIds,3960addcec64790d1c00ceaa90542ac094482ae6d53ad25bb360758c15343ae7,LEAN_KERNEL_REPLAY_PASS,
NOT_APPLICABLE_DEFINITION,,FoundationsVII.SourceLedger.sourceKinds,PASS_LOCAL_REPLAY,def,70,FoundationsVII.Core.Ledgers,formalization/lean/FoundationsVII/Core/Ledgers.lean,sourceKinds,07ecca597bc842a17857fdf43de5fe356102f29071f6680acdf68c7778aa8ae9,LEAN_KERNEL_REPLAY_PASS,
NOT_APPLICABLE_DEFINITION,,FoundationsVII.SourceLedger.append,PASS_LOCAL_REPLAY,def,73,FoundationsVII.Core.Ledgers,formalization/lean/FoundationsVII/Core/Ledgers.lean,append,6f63b173cddfbe918abd71c09f6a14241fb325a3a9ff081c5eecfcd775b54ded,LEAN_KERNEL_REPLAY_PASS,
NOT_APPLICABLE_DEFINITION,,FoundationsVII.SourceLedger.EntryExtends,PASS_LOCAL_REPLAY,def,78,FoundationsVII.Core.Ledgers,formalization/lean/FoundationsVII/Core/Ledgers.lean,EntryExtends,455a2396d74b4177f4aecbc49b439fa7fe1b59058e2f70c5dcbfe532e602ba4f,LEAN_KERNEL_REPLAY_PASS,
NOT_APPLICABLE_DEFINITION,,FoundationsVII.SourceLedger.Extends,PASS_LOCAL_REPLAY,def,81,FoundationsVII.Core.Ledgers,formalization/lean/FoundationsVII/Core/Ledgers.lean,Extends,0e90f635e337ea433e4c380fe3d6ab6e555717f57885035e47e38ea6a9ed1a90,LEAN_KERNEL_REPLAY_PASS,
NOT_APPLICABLE_DEFINITION,,FoundationsVII.BudgetEntryKind,PASS_LOCAL_REPLAY,inductive,148,FoundationsVII.Core.Ledgers,formalization/lean/FoundationsVII/Core/Ledgers.lean,BudgetEntryKind,c74cf8c65dfa9c1a51e812c31baad622a73058291e6ead650b7a9f0cb60a79b8,LEAN_KERNEL_REPLAY_PASS,
NOT_APPLICABLE_DEFINITION,,FoundationsVII.BudgetEntry,PASS_LOCAL_REPLAY,structure,157,FoundationsVII.Core.Ledgers,formalization/lean/FoundationsVII/Core/Ledgers.lean,BudgetEntry,526fdc471e061ed92375f7f37dafffc9364d64fd4788f7b8cfb83707630e5892,LEAN_KERNEL_REPLAY_PASS,
NOT_APPLICABLE_DEFINITION,,FoundationsVII.BudgetEntry.EntryFeasible,PASS_LOCAL_REPLAY,def,169,FoundationsVII.Core.Ledgers,formalization/lean/FoundationsVII/Core/Ledgers.lean,EntryFeasible,222da3713434928f714ccd7b8a1f6cc2e4c8ed8a41252ecfb1cc2c3ce31fdf4a,LEAN_KERNEL_REPLAY_PASS,
NOT_APPLICABLE_DEFINITION,,FoundationsVII.BudgetEntry.WellFormed,PASS_LOCAL_REPLAY,def,177,FoundationsVII.Core.Ledgers,formalization/lean/FoundationsVII/Core/Ledgers.lean,WellFormed,2ac67ebf1bce8b73dc764e4e16c53989c5ffa45f43913d86160db05d123aee1d,LEAN_KERNEL_REPLAY_PASS,
NOT_APPLICABLE_DEFINITION,,FoundationsVII.BudgetLedger,PASS_LOCAL_REPLAY,structure,199,FoundationsVII.Core.Ledgers,formalization/lean/FoundationsVII/Core/Ledgers.lean,BudgetLedger,678e22fef6adca5ea57991c924cbc3a986f85b2011ef2d4aafc019f65c1a9256,LEAN_KERNEL_REPLAY_PASS,
NOT_APPLICABLE_DEFINITION,,FoundationsVII.BudgetLedger.WellFormed,PASS_LOCAL_REPLAY,def,207,FoundationsVII.Core.Ledgers,formalization/lean/FoundationsVII/Core/Ledgers.lean,WellFormed,31c7486678b8c98429903dfc5b7870fa4b8321c3cdbe3d34fd46d65acc398dc1,LEAN_KERNEL_REPLAY_PASS,
NOT_APPLICABLE_DEFINITION,,FoundationsVII.BudgetLedger.resourceIds,PASS_LOCAL_REPLAY,def,227,FoundationsVII.Core.Ledgers,formalization/lean/FoundationsVII/Core/Ledgers.lean,resourceIds,9b72e969f0f5be73e1b795741081c0711b783f8d82cb94b29996597c0263892d,LEAN_KERNEL_REPLAY_PASS,
NOT_APPLICABLE_DEFINITION,,FoundationsVII.BudgetLedger.allocations,PASS_LOCAL_REPLAY,def,230,FoundationsVII.Core.Ledgers,formalization/lean/FoundationsVII/Core/Ledgers.lean,allocations,d69e56f6f26b0cacb925ccc19eadb4e9a9fa49eedf50d8c2bf9f1f41bc4f41e8,LEAN_KERNEL_REPLAY_PASS,
NOT_APPLICABLE_DEFINITION,,FoundationsVII.BudgetLedger.spends,PASS_LOCAL_REPLAY,def,233,FoundationsVII.Core.Ledgers,formalization/lean/FoundationsVII/Core/Ledgers.lean,spends,520a4b6b0b17eec8dc3a108b19dff5dfd04129f1588a2c40834fe7fa643ea041,LEAN_KERNEL_REPLAY_PASS,
NOT_APPLICABLE_DEFINITION,,FoundationsVII.BudgetLedger.refunds,PASS_LOCAL_REPLAY,def,236,FoundationsVII.Core.Ledgers,formalization/lean/FoundationsVII/Core/Ledgers.lean,refunds,66678865bed26c74fc22f20ea3bb2f90b4ed48d12afa280db2fdf36736e5765e,LEAN_KERNEL_REPLAY_PASS,
NOT_APPLICABLE_DEFINITION,,FoundationsVII.BudgetLedger.occupancies,PASS_LOCAL_REPLAY,def,239,FoundationsVII.Core.Ledgers,formalization/lean/FoundationsVII/Core/Ledgers.lean,occupancies,a962cfa70bbca0d53b82d19dee6b3d9bce262c027b4d40b972ad59cdf49716ab,LEAN_KERNEL_REPLAY_PASS,
NOT_APPLICABLE_DEFINITION,,FoundationsVII.BudgetLedger.append,PASS_LOCAL_REPLAY,def,242,FoundationsVII.Core.Ledgers,formalization/lean/FoundationsVII/Core/Ledgers.lean,append,aed7a22530001839488a75596e1a0ff522e7b310f61e5dffb650c61ae4f7ecdc,LEAN_KERNEL_REPLAY_PASS,
NOT_APPLICABLE_DEFINITION,,FoundationsVII.BudgetLedger.EntryExtends,PASS_LOCAL_REPLAY,def,247,FoundationsVII.Core.Ledgers,formalization/lean/FoundationsVII/Core/Ledgers.lean,EntryExtends,6e168fd1797c61f0613d45cedae1f9e6bbfd2670330c4fed43266732c99374a8,LEAN_KERNEL_REPLAY_PASS,
NOT_APPLICABLE_DEFINITION,,FoundationsVII.BudgetLedger.Extends,PASS_LOCAL_REPLAY,def,250,FoundationsVII.Core.Ledgers,formalization/lean/FoundationsVII/Core/Ledgers.lean,Extends,507ad8542c3aa6f29e78b8046c69cb7fe9c35479d5ed3a967203e00ff244c446,LEAN_KERNEL_REPLAY_PASS,
NOT_APPLICABLE_DEFINITION,,FoundationsVII.ObserverOccupancyRecord,PASS_LOCAL_REPLAY,structure,9,FoundationsVII.Core.Observer,formalization/lean/FoundationsVII/Core/Observer.lean,ObserverOccupancyRecord,ff305ccb08a6d37f99085528373fafbaa388bb917941c6734c3a4a014c20c035,LEAN_KERNEL_REPLAY_PASS,
NOT_APPLICABLE_DEFINITION,,FoundationsVII.ObserverOccupancyRecord.WellFormed,PASS_LOCAL_REPLAY,def,21,FoundationsVII.Core.Observer,formalization/lean/FoundationsVII/Core/Observer.lean,WellFormed,ebdf635f2072b30995dcc89dd11314ad6fcce2cb53e50a388e013fb88a0c5731,LEAN_KERNEL_REPLAY_PASS,
NOT_APPLICABLE_DEFINITION,,FoundationsVII.CitationRecord,PASS_LOCAL_REPLAY,structure,20,FoundationsVII.Core.Protocols,formalization/lean/FoundationsVII/Core/Protocols.lean,CitationRecord,5f9f61b547af6b2dcfb0863f8e618f7fa47e7eaec8e9055b8c46a59d784f5a36,LEAN_KERNEL_REPLAY_PASS,
NOT_APPLICABLE_DEFINITION,,FoundationsVII.BridgeContract,PASS_LOCAL_REPLAY,structure,26,FoundationsVII.Core.Protocols,formalization/lean/FoundationsVII/Core/Protocols.lean,BridgeContract,787a209f178d094019502cfef1e7a5d9c8b4e3bf9d94ea5c1d6aad3b12f3b9b3,LEAN_KERNEL_REPLAY_PASS,
NOT_APPLICABLE_DEFINITION,,FoundationsVII.BridgeContract.WellFormed,PASS_LOCAL_REPLAY,def,51,FoundationsVII.Core.Protocols,formalization/lean/FoundationsVII/Core/Protocols.lean,WellFormed,1bb1ef7feeec5161b22e7e0d104ad7e86e7fae281e86a5e791c2f2581d776430,LEAN_KERNEL_REPLAY_PASS,
NOT_APPLICABLE_DEFINITION,,FoundationsVII.TransportAuthorization,PASS_LOCAL_REPLAY,inductive,80,FoundationsVII.Core.Protocols,formalization/lean/FoundationsVII/Core/Protocols.lean,TransportAuthorization,53a1ce844ba2cbb2ef8ce6d775219994b1ddd0cf05b693119e877e808c7f8ad5,LEAN_KERNEL_REPLAY_PASS,
NOT_APPLICABLE_DEFINITION,,FoundationsVII.TransportAuthorization.bridgeWellFormed,PASS_LOCAL_REPLAY,def,87,FoundationsVII.Core.Protocols,formalization/lean/FoundationsVII/Core/Protocols.lean,bridgeWellFormed,0a79700edc18710279f9df556c2264e14cc6e7bb15ecbf08a76b26566f0c45f0,LEAN_KERNEL_REPLAY_PASS,
NOT_APPLICABLE_DEFINITION,,FoundationsVII.TransportAuthorization.licensed,PASS_LOCAL_REPLAY,def,90,FoundationsVII.Core.Protocols,formalization/lean/FoundationsVII/Core/Protocols.lean,licensed,c5c30c6c6bba2e8c04459e4ae733c9bc3e1efba5086c5c1da534b649e8b9226d,LEAN_KERNEL_REPLAY_PASS,
NOT_APPLICABLE_DEFINITION,,FoundationsVII.BridgeLedgerEntry,PASS_LOCAL_REPLAY,structure,145,FoundationsVII.Core.Protocols,formalization/lean/FoundationsVII/Core/Protocols.lean,BridgeLedgerEntry,ef250a987ae85d34b36c83e6cb1e9fe7745ae0098ec490fb24334885071c70c5,LEAN_KERNEL_REPLAY_PASS,
NOT_APPLICABLE_DEFINITION,,FoundationsVII.BridgeLedgerEntry.WellFormed,PASS_LOCAL_REPLAY,def,154,FoundationsVII.Core.Protocols,formalization/lean/FoundationsVII/Core/Protocols.lean,WellFormed,f1528901b467b473419f46dbf3cecfb047b98d2e807d2492624ac2a1fa564533,LEAN_KERNEL_REPLAY_PASS,
NOT_APPLICABLE_DEFINITION,,FoundationsVII.BridgeLedger,PASS_LOCAL_REPLAY,structure,166,FoundationsVII.Core.Protocols,formalization/lean/FoundationsVII/Core/Protocols.lean,BridgeLedger,c8056b2e51372fc15f0c72c1918a6d837822584ebe144db93f5640fd01ccfd20,LEAN_KERNEL_REPLAY_PASS,
NOT_APPLICABLE_DEFINITION,,FoundationsVII.BridgeLedger.append,PASS_LOCAL_REPLAY,def,173,FoundationsVII.Core.Protocols,formalization/lean/FoundationsVII/Core/Protocols.lean,append,af21bb11e989f078680da0c02dd9af7d57de90725e9a4acd75a58e17ca45e79e,LEAN_KERNEL_REPLAY_PASS,
NOT_APPLICABLE_DEFINITION,,FoundationsVII.BridgeLedger.EntryExtends,PASS_LOCAL_REPLAY,def,178,FoundationsVII.Core.Protocols,formalization/lean/FoundationsVII/Core/Protocols.lean,EntryExtends,bf461af3b0ce7a3b27664972e7074d9cb867e93f3cc1a7ed2821e2f4c2622ab3,LEAN_KERNEL_REPLAY_PASS,
NOT_APPLICABLE_DEFINITION,,FoundationsVII.BridgeLedger.Extends,PASS_LOCAL_REPLAY,def,181,FoundationsVII.Core.Protocols,formalization/lean/FoundationsVII/Core/Protocols.lean,Extends,c3350b013d811e42e21a2e6f1bb77ca58cd2ea996043ea4e63b55adbffbfbdea,LEAN_KERNEL_REPLAY_PASS,
NOT_APPLICABLE_DEFINITION,,FoundationsVII.NegativeEvidenceRecord,PASS_LOCAL_REPLAY,structure,224,FoundationsVII.Core.Protocols,formalization/lean/FoundationsVII/Core/Protocols.lean,NegativeEvidenceRecord,93d56989cfa66795548f4b72351520f7f09733f27d512de113b1300a9ddadfe1,LEAN_KERNEL_REPLAY_PASS,
NOT_APPLICABLE_DEFINITION,,FoundationsVII.NegativeEvidenceRecord.scopeAllows,PASS_LOCAL_REPLAY,def,239,FoundationsVII.Core.Protocols,formalization/lean/FoundationsVII/Core/Protocols.lean,scopeAllows,7656f32e418340af21eab70307c0a6ead9b5e337362472116eb61baaba1b13c7,LEAN_KERNEL_REPLAY_PASS,
NOT_APPLICABLE_DEFINITION,,FoundationsVII.NegativeEvidenceRecord.gradeAllows,PASS_LOCAL_REPLAY,def,250,FoundationsVII.Core.Protocols,formalization/lean/FoundationsVII/Core/Protocols.lean,gradeAllows,8986fc956ad3325946fe4da295c76e00fdbbe041ef0370b2029f1b9d16a9c1b3,LEAN_KERNEL_REPLAY_PASS,
NOT_APPLICABLE_DEFINITION,,FoundationsVII.NegativeEvidenceRecord.licenses,PASS_LOCAL_REPLAY,def,262,FoundationsVII.Core.Protocols,formalization/lean/FoundationsVII/Core/Protocols.lean,licenses,c447e5fcabc8d09b487bc6a312b89a41a3573a25bd27cce8621db32843b4d881,LEAN_KERNEL_REPLAY_PASS,
NOT_APPLICABLE_DEFINITION,,FoundationsVII.NegativeEvidenceRecord.WellFormed,PASS_LOCAL_REPLAY,def,266,FoundationsVII.Core.Protocols,formalization/lean/FoundationsVII/Core/Protocols.lean,WellFormed,a273316a645a350cb511deb400662f6cce56157eb8cbce2ed88da0753f98e3f5,LEAN_KERNEL_REPLAY_PASS,
NOT_APPLICABLE_DEFINITION,,FoundationsVII.ScienceAssetRecord,PASS_LOCAL_REPLAY,structure,317,FoundationsVII.Core.Protocols,formalization/lean/FoundationsVII/Core/Protocols.lean,ScienceAssetRecord,3a86b9267f1832b8e3444c77637fc24283dead0ad63b9ca8bff24a22ac56f1f7,LEAN_KERNEL_REPLAY_PASS,
NOT_APPLICABLE_DEFINITION,,FoundationsVII.ScienceAssetRecord.GradeFaithful,PASS_LOCAL_REPLAY,def,328,FoundationsVII.Core.Protocols,formalization/lean/FoundationsVII/Core/Protocols.lean,GradeFaithful,c8df8a06906f5f476324a29f80332529b73c02a61c6ada9e68463e8cb7803169,LEAN_KERNEL_REPLAY_PASS,
NOT_APPLICABLE_DEFINITION,,FoundationsVII.DetectorContract,PASS_LOCAL_REPLAY,structure,415,FoundationsVII.Core.Protocols,formalization/lean/FoundationsVII/Core/Protocols.lean,DetectorContract,b70e5a3dd7b9a1c9e6806f3d705637b7ab7675a3b48955f358bd637431dc2e22,LEAN_KERNEL_REPLAY_PASS,
NOT_APPLICABLE_DEFINITION,,FoundationsVII.DetectorContract.frozenCaseIds,PASS_LOCAL_REPLAY,def,436,FoundationsVII.Core.Protocols,formalization/lean/FoundationsVII/Core/Protocols.lean,frozenCaseIds,bc4f9ebdbd39437ceffaa32ed058123ef2350fc3ddfac83e8429d41c74b43a14,LEAN_KERNEL_REPLAY_PASS,
NOT_APPLICABLE_DEFINITION,,FoundationsVII.DetectorContract.listedInFrozen,PASS_LOCAL_REPLAY,def,439,FoundationsVII.Core.Protocols,formalization/lean/FoundationsVII/Core/Protocols.lean,listedInFrozen,109cbf68e13044364095a3e9b2c7b998fb3b118fb52f1a9213673f8333df0e7e,LEAN_KERNEL_REPLAY_PASS,
NOT_APPLICABLE_DEFINITION,,FoundationsVII.DetectorContract.WellFormed,PASS_LOCAL_REPLAY,def,442,FoundationsVII.Core.Protocols,formalization/lean/FoundationsVII/Core/Protocols.lean,WellFormed,8540f83a99a7dcfecb4180149e575faa955578a9e38b85928e0f88294ec232be,LEAN_KERNEL_REPLAY_PASS,
NOT_APPLICABLE_DEFINITION,,FoundationsVII.DetectorContract.FrozenComplete,PASS_LOCAL_REPLAY,def,469,FoundationsVII.Core.Protocols,formalization/lean/FoundationsVII/Core/Protocols.lean,FrozenComplete,96e4f0b0f53c1b42e0048178a60461c55baaa37ad623b5d38b69489827969076,LEAN_KERNEL_REPLAY_PASS,
NOT_APPLICABLE_DEFINITION,,FoundationsVII.ReachabilityWitness,PASS_LOCAL_REPLAY,structure,12,FoundationsVII.Core.Reachability,formalization/lean/FoundationsVII/Core/Reachability.lean,ReachabilityWitness,933c3402d9dd6c2963a9b6c8185fcba8545704a2295e95c77f3789e523e66591,LEAN_KERNEL_REPLAY_PASS,
NOT_APPLICABLE_DEFINITION,,FoundationsVII.ReachabilityWitness.WellFormed,PASS_LOCAL_REPLAY,def,24,FoundationsVII.Core.Reachability,formalization/lean/FoundationsVII/Core/Reachability.lean,WellFormed,aecf50f432ea8cfb9367e01c680c39056a816f7bb54fa6b0d8ed96aa46c80050,LEAN_KERNEL_REPLAY_PASS,
NOT_APPLICABLE_DEFINITION,,FoundationsVII.ResidualAwareEnablementChain,PASS_LOCAL_REPLAY,structure,10,FoundationsVII.Corollaries.EnablementResidual,formalization/lean/FoundationsVII/Corollaries/EnablementResidual.lean,ResidualAwareEnablementChain,71200b1a10a8f33bdcf20835d06123d2bb38a3842d9be6e06d28d49c020144d9,LEAN_KERNEL_REPLAY_PASS,
NOT_APPLICABLE_DEFINITION,,FoundationsVII.ResidualAwareEnablementChain.Certified,PASS_LOCAL_REPLAY,structure,19,FoundationsVII.Corollaries.EnablementResidual,formalization/lean/FoundationsVII/Corollaries/EnablementResidual.lean,Certified,c677081613b69f3b1fe0f965cd0ec2a50e57b823b2f3bce3d3d40e0f10c5f199,LEAN_KERNEL_REPLAY_PASS,
NOT_APPLICABLE_DEFINITION,,FoundationsVII.ScopedNegativePackage,PASS_LOCAL_REPLAY,structure,10,FoundationsVII.Corollaries.NegativeForce,formalization/lean/FoundationsVII/Corollaries/NegativeForce.lean,ScopedNegativePackage,7d823d383bb261725f6ea58e586be7ef97b27b8b536d38b7d233fee5c60e73de,LEAN_KERNEL_REPLAY_PASS,
NOT_APPLICABLE_DEFINITION,,FoundationsVII.ScopedNegativePackage.Certified,PASS_LOCAL_REPLAY,structure,16,FoundationsVII.Corollaries.NegativeForce,formalization/lean/FoundationsVII/Corollaries/NegativeForce.lean,Certified,16b04f7dd7890792fc6ae252a3a1ebfe6e5f2519927f7618fff56c4815911657,LEAN_KERNEL_REPLAY_PASS,
NOT_APPLICABLE_DEFINITION,,FoundationsVII.JoinClaimUnderCoverage,PASS_LOCAL_REPLAY,structure,9,FoundationsVII.Corollaries.NonInteraction,formalization/lean/FoundationsVII/Corollaries/NonInteraction.lean,JoinClaimUnderCoverage,269185e720d0758d47d9d95c5fdbd23cf0cf946fe4f7f73f5a0b0e48931a9ce9,LEAN_KERNEL_REPLAY_PASS,
NOT_APPLICABLE_DEFINITION,,FoundationsVII.ObserverEndogenyPackage,PASS_LOCAL_REPLAY,structure,10,FoundationsVII.Corollaries.ObserverEndogeny,formalization/lean/FoundationsVII/Corollaries/ObserverEndogeny.lean,ObserverEndogenyPackage,be3572e47bda396f40c2eed8b18d16189a462fcd6b9fd421b5799a41d53a564e,LEAN_KERNEL_REPLAY_PASS,
NOT_APPLICABLE_DEFINITION,,FoundationsVII.ObserverEndogenyPackage.Certified,PASS_LOCAL_REPLAY,structure,16,FoundationsVII.Corollaries.ObserverEndogeny,formalization/lean/FoundationsVII/Corollaries/ObserverEndogeny.lean,Certified,b679e7a8c60bf13436be48b06768175a3b14d18d15ed5feba81e998f5c5bfb33,LEAN_KERNEL_REPLAY_PASS,
NOT_APPLICABLE_DEFINITION,,FoundationsVII.ProspectiveJoinAdmission,PASS_LOCAL_REPLAY,structure,19,FoundationsVII.Corollaries.ProspectiveJoin,formalization/lean/FoundationsVII/Corollaries/ProspectiveJoin.lean,ProspectiveJoinAdmission,62a97a2684ca3399b4a670c110656d2a40a8c30f2fa78424964bb4d970e3ee48,LEAN_KERNEL_REPLAY_PASS,
NOT_APPLICABLE_DEFINITION,,FoundationsVII.ProspectiveJoinAdmission.Certified,PASS_LOCAL_REPLAY,structure,29,FoundationsVII.Corollaries.ProspectiveJoin,formalization/lean/FoundationsVII/Corollaries/ProspectiveJoin.lean,Certified,0ef4ecd0e4aa9a3960557db233f7a6e5b5991f8421f2ba02e84af630413770e1,LEAN_KERNEL_REPLAY_PASS,
NOT_APPLICABLE_DEFINITION,,FoundationsVII.RefinedDescentPackage,PASS_LOCAL_REPLAY,structure,10,FoundationsVII.Corollaries.RefinementDescent,formalization/lean/FoundationsVII/Corollaries/RefinementDescent.lean,RefinedDescentPackage,e3fac5704f048f89f02c509fe31aeda8bef743eeb99d643e020121907668c55e,LEAN_KERNEL_REPLAY_PASS,
NOT_APPLICABLE_DEFINITION,,FoundationsVII.RefinedDescentPackage.Certified,PASS_LOCAL_REPLAY,structure,16,FoundationsVII.Corollaries.RefinementDescent,formalization/lean/FoundationsVII/Corollaries/RefinementDescent.lean,Certified,ee21b6b2d58e073170a5fa410d390075cde97b38a1e36ec224cab4fb71948ef2,LEAN_KERNEL_REPLAY_PASS,
NOT_APPLICABLE_DEFINITION,,FoundationsVII.IndependentBudgetedJoin,PASS_LOCAL_REPLAY,structure,10,FoundationsVII.Corollaries.SourceBudget,formalization/lean/FoundationsVII/Corollaries/SourceBudget.lean,IndependentBudgetedJoin,a9f9c3ffa2b7fa897d86b2421612f550d83b4db3e762f60b0a582b20d11a61a4,LEAN_KERNEL_REPLAY_PASS,
NOT_APPLICABLE_DEFINITION,,FoundationsVII.IndependentBudgetedJoin.Certified,PASS_LOCAL_REPLAY,structure,17,FoundationsVII.Corollaries.SourceBudget,formalization/lean/FoundationsVII/Corollaries/SourceBudget.lean,Certified,1bcca352cbb78207bc75170c674603d1cd0b3bd111619abf5b86bbff61ab6b2e,LEAN_KERNEL_REPLAY_PASS,
NOT_APPLICABLE_DEFINITION,,FoundationsVII.CriticalPair,PASS_LOCAL_REPLAY,structure,14,FoundationsVII.Dynamics.Confluence,formalization/lean/FoundationsVII/Dynamics/Confluence.lean,CriticalPair,df6bec28b4f7ec7fd5df80fcd4446375794d32ce399742c5078298d1163d8f68,LEAN_KERNEL_REPLAY_PASS,
NOT_APPLICABLE_DEFINITION,,FoundationsVII.CriticalPair.Resolved,PASS_LOCAL_REPLAY,def,25,FoundationsVII.Dynamics.Confluence,formalization/lean/FoundationsVII/Dynamics/Confluence.lean,Resolved,17741ed7a9d8ca232f586f3570cf6c9a9822d7cf5181c66902725a80acfa9157,LEAN_KERNEL_REPLAY_PASS,
NOT_APPLICABLE_DEFINITION,,FoundationsVII.FiniteAdmissionSystem,PASS_LOCAL_REPLAY,structure,37,FoundationsVII.Dynamics.Confluence,formalization/lean/FoundationsVII/Dynamics/Confluence.lean,FiniteAdmissionSystem,e35f5f833d0a8f7eebca79db176a54a96af7b5d610b1e7cc0f32f01249630a9c,LEAN_KERNEL_REPLAY_PASS,
NOT_APPLICABLE_DEFINITION,,FoundationsVII.FiniteAdmissionSystem.CriticalPairCriterion,PASS_LOCAL_REPLAY,def,45,FoundationsVII.Dynamics.Confluence,formalization/lean/FoundationsVII/Dynamics/Confluence.lean,CriticalPairCriterion,1ed1284ae43f8b3ac5fa56a430bbaf0adbdca284b08567f7cf75c7fedd662c34,LEAN_KERNEL_REPLAY_PASS,
NOT_APPLICABLE_DEFINITION,,FoundationsVII.FiniteAdmissionSystem.ConfluentAtDeclaredScope,PASS_LOCAL_REPLAY,def,50,FoundationsVII.Dynamics.Confluence,formalization/lean/FoundationsVII/Dynamics/Confluence.lean,ConfluentAtDeclaredScope,63fc92b9671be7e78d452e9454edc6ce286cbd89cc5216792b9a19d34b0886d4,LEAN_KERNEL_REPLAY_PASS,
NOT_APPLICABLE_DEFINITION,,FoundationsVII.SeedPartitionResult,PASS_LOCAL_REPLAY,structure,106,FoundationsVII.Dynamics.Confluence,formalization/lean/FoundationsVII/Dynamics/Confluence.lean,SeedPartitionResult,a90fa1d7e0e47a720da4f338bae066887f8b4bc82fe5a34e5f4a664964d15c79,LEAN_KERNEL_REPLAY_PASS,
NOT_APPLICABLE_DEFINITION,,FoundationsVII.SeedPartitionResult.SeedDependent,PASS_LOCAL_REPLAY,def,117,FoundationsVII.Dynamics.Confluence,formalization/lean/FoundationsVII/Dynamics/Confluence.lean,SeedDependent,fc748aeeffdb119152ad3751e736138bd19fdb7397e8cb6fb494107e696f931e,LEAN_KERNEL_REPLAY_PASS,
NOT_APPLICABLE_DEFINITION,,FoundationsVII.SeedPartitionResult.PresentationDifferenceOnly,PASS_LOCAL_REPLAY,def,126,FoundationsVII.Dynamics.Confluence,formalization/lean/FoundationsVII/Dynamics/Confluence.lean,PresentationDifferenceOnly,d4ea85a53f06a377563939a6c8cb60e97879b75844cd38c7fe2c6cb7e1a4627a,LEAN_KERNEL_REPLAY_PASS,
NOT_APPLICABLE_DEFINITION,,FoundationsVII.LocalGlobalConfluenceBoundary,PASS_LOCAL_REPLAY,structure,154,FoundationsVII.Dynamics.Confluence,formalization/lean/FoundationsVII/Dynamics/Confluence.lean,LocalGlobalConfluenceBoundary,49963871e38b53eb3815120f20452887a5e4b34965166988a2791be7f66eb0d3,LEAN_KERNEL_REPLAY_PASS,
NOT_APPLICABLE_DEFINITION,,FoundationsVII.ClockEvent,PASS_LOCAL_REPLAY,structure,13,FoundationsVII.Dynamics.CrossTime,formalization/lean/FoundationsVII/Dynamics/CrossTime.lean,ClockEvent,5df0a681c9724a0360736edf88907d937879c2e3e499356f4863c5265d41d7ab,LEAN_KERNEL_REPLAY_PASS,
NOT_APPLICABLE_DEFINITION,,FoundationsVII.TimeWitnessKind,PASS_LOCAL_REPLAY,inductive,19,FoundationsVII.Dynamics.CrossTime,formalization/lean/FoundationsVII/Dynamics/CrossTime.lean,TimeWitnessKind,387f38d24f629008f16484f9356ee9b11f7cb222f105fff435ae63cffb17185b,LEAN_KERNEL_REPLAY_PASS,
NOT_APPLICABLE_DEFINITION,,FoundationsVII.CrossTimeContact,PASS_LOCAL_REPLAY,structure,24,FoundationsVII.Dynamics.CrossTime,formalization/lean/FoundationsVII/Dynamics/CrossTime.lean,CrossTimeContact,83e66290f6177d4871cd3dcb0760b847a7281c07aec7e1d48fe7ad731af216b4,LEAN_KERNEL_REPLAY_PASS,
NOT_APPLICABLE_DEFINITION,,FoundationsVII.CrossTimeContact.Valid,PASS_LOCAL_REPLAY,def,37,FoundationsVII.Dynamics.CrossTime,formalization/lean/FoundationsVII/Dynamics/CrossTime.lean,Valid,8339865598b5d336281c4b589161ce2efa3c2c2f02168fbff6d0e2447f1d9c05,LEAN_KERNEL_REPLAY_PASS,
NOT_APPLICABLE_DEFINITION,,FoundationsVII.CrossTimeContact.reparameterize,PASS_LOCAL_REPLAY,def,48,FoundationsVII.Dynamics.CrossTime,formalization/lean/FoundationsVII/Dynamics/CrossTime.lean,reparameterize,7619f3e3607c3b6b8697de714dc187a513a0e85065fbc68ee06684b14a2425d9,LEAN_KERNEL_REPLAY_PASS,
NOT_APPLICABLE_DEFINITION,,FoundationsVII.RouteResult,PASS_LOCAL_REPLAY,structure,14,FoundationsVII.Dynamics.Holonomy,formalization/lean/FoundationsVII/Dynamics/Holonomy.lean,RouteResult,a126abee8d9c84e7ad9d669ddf323cfe0dbbf3a3bacb2f829e30ca4a3d3c71d4,LEAN_KERNEL_REPLAY_PASS,
NOT_APPLICABLE_DEFINITION,,FoundationsVII.RouteComparison,PASS_LOCAL_REPLAY,structure,25,FoundationsVII.Dynamics.Holonomy,formalization/lean/FoundationsVII/Dynamics/Holonomy.lean,RouteComparison,873d340f71e94e4b95be6625d9bc08f1da9ccacafdfa381ed3902e615808ed70,LEAN_KERNEL_REPLAY_PASS,
NOT_APPLICABLE_DEFINITION,,FoundationsVII.RouteComparison.SameTypedTarget,PASS_LOCAL_REPLAY,def,32,FoundationsVII.Dynamics.Holonomy,formalization/lean/FoundationsVII/Dynamics/Holonomy.lean,SameTypedTarget,5a0cd8a46b60e41fc7a96181d5e44db390bfbec3676527409666d99f2db0a827,LEAN_KERNEL_REPLAY_PASS,
NOT_APPLICABLE_DEFINITION,,FoundationsVII.RouteComparison.ChangedRoute,PASS_LOCAL_REPLAY,def,40,FoundationsVII.Dynamics.Holonomy,formalization/lean/FoundationsVII/Dynamics/Holonomy.lean,ChangedRoute,0088ee6bf619bbed53a19d46552967055a116e24214481596c1abfd0b27fca85,LEAN_KERNEL_REPLAY_PASS,
NOT_APPLICABLE_DEFINITION,,FoundationsVII.RouteComparison.RouteResidue,PASS_LOCAL_REPLAY,def,48,FoundationsVII.Dynamics.Holonomy,formalization/lean/FoundationsVII/Dynamics/Holonomy.lean,RouteResidue,6e5a258377ded48aa7a11fcacecd6df5d753b13d353e1a65bf6a3219f834af36,LEAN_KERNEL_REPLAY_PASS,
NOT_APPLICABLE_DEFINITION,,FoundationsVII.RouteComparison.Holonomy,PASS_LOCAL_REPLAY,def,60,FoundationsVII.Dynamics.Holonomy,formalization/lean/FoundationsVII/Dynamics/Holonomy.lean,Holonomy,e9af455aec2bec7f806479ba6f29cc48f7162459b01103a17d19329c9aaefcf8,LEAN_KERNEL_REPLAY_PASS,
NOT_APPLICABLE_DEFINITION,,FoundationsVII.DriveCertificate,PASS_LOCAL_REPLAY,structure,70,FoundationsVII.Dynamics.Holonomy,formalization/lean/FoundationsVII/Dynamics/Holonomy.lean,DriveCertificate,03e37381929b4d7f79f340fd60d69b015823ea7e71ef6ae66abba6eee8c16785,LEAN_KERNEL_REPLAY_PASS,
NOT_APPLICABLE_DEFINITION,,FoundationsVII.DriveCertificate.Valid,PASS_LOCAL_REPLAY,def,80,FoundationsVII.Dynamics.Holonomy,formalization/lean/FoundationsVII/Dynamics/Holonomy.lean,Valid,dae1677d36636d7fdb533b91d203f8ee17c763228f6ac841887dd300e8847584,LEAN_KERNEL_REPLAY_PASS,
NOT_APPLICABLE_DEFINITION,,FoundationsVII.ArrowClaim,PASS_LOCAL_REPLAY,structure,93,FoundationsVII.Dynamics.Holonomy,formalization/lean/FoundationsVII/Dynamics/Holonomy.lean,ArrowClaim,8043c30ca139295fe06c0c48b96404e32a5b4784993a226d1d85595b9f1f6ce3,LEAN_KERNEL_REPLAY_PASS,
NOT_APPLICABLE_DEFINITION,,FoundationsVII.ArrowClaim.Eligible,PASS_LOCAL_REPLAY,def,101,FoundationsVII.Dynamics.Holonomy,formalization/lean/FoundationsVII/Dynamics/Holonomy.lean,Eligible,c09cddeaeb556e9230a258a394d687d8978a350e2792a685ecc17fa41efbf46e,LEAN_KERNEL_REPLAY_PASS,
NOT_APPLICABLE_DEFINITION,,FoundationsVII.ReversalControl,PASS_LOCAL_REPLAY,structure,154,FoundationsVII.Dynamics.Holonomy,formalization/lean/FoundationsVII/Dynamics/Holonomy.lean,ReversalControl,6df503325e7c5de115c7451a7b46cce4af67be4b27cb895283a0a6f25d85b776,LEAN_KERNEL_REPLAY_PASS,
NOT_APPLICABLE_DEFINITION,,FoundationsVII.AlgebraReadiness,PASS_LOCAL_REPLAY,structure,14,FoundationsVII.Dynamics.PrimitiveAlgebra,formalization/lean/FoundationsVII/Dynamics/PrimitiveAlgebra.lean,AlgebraReadiness,6311bce344f6337dda243c1c40ae507f5bde1b13c1ef1cb12df664074d3ae946,LEAN_KERNEL_REPLAY_PASS,
NOT_APPLICABLE_DEFINITION,,FoundationsVII.AlgebraReadiness.Ready,PASS_LOCAL_REPLAY,def,25,FoundationsVII.Dynamics.PrimitiveAlgebra,formalization/lean/FoundationsVII/Dynamics/PrimitiveAlgebra.lean,Ready,2ce746285eff279d415c33853266f6d8c87147b65114fec5d92bfa4c4e567cd1,LEAN_KERNEL_REPLAY_PASS,
NOT_APPLICABLE_DEFINITION,,FoundationsVII.ResidualFlow,PASS_LOCAL_REPLAY,structure,14,FoundationsVII.Dynamics.ResidualFlow,formalization/lean/FoundationsVII/Dynamics/ResidualFlow.lean,ResidualFlow,24ca473ecabc39f63faf0cba0de24f052b40dc7297bde1c4d1a0fc4f4858b7e2,LEAN_KERNEL_REPLAY_PASS,
NOT_APPLICABLE_DEFINITION,,FoundationsVII.ResidualFlow.WellAccounted,PASS_LOCAL_REPLAY,def,26,FoundationsVII.Dynamics.ResidualFlow,formalization/lean/FoundationsVII/Dynamics/ResidualFlow.lean,WellAccounted,5a1c82ab2cf851e7b5bb08d930b1321fcacfa65acf92cf7e7ec291c95380c387,LEAN_KERNEL_REPLAY_PASS,
NOT_APPLICABLE_DEFINITION,,FoundationsVII.TransmissionDirection,PASS_LOCAL_REPLAY,inductive,17,FoundationsVII.Dynamics.Transmission,formalization/lean/FoundationsVII/Dynamics/Transmission.lean,TransmissionDirection,6bd0f00eaaa6e412a1280ee47d97f540028e6d29a20de7689ce0dcb26b3285e3,LEAN_KERNEL_REPLAY_PASS,
NOT_APPLICABLE_DEFINITION,,FoundationsVII.allTransmissionDirections,PASS_LOCAL_REPLAY,def,23,FoundationsVII.Dynamics.Transmission,formalization/lean/FoundationsVII/Dynamics/Transmission.lean,allTransmissionDirections,b6915686c562e63f6c2e31634d23def3c14785d79521af24966fc1068a4df505,LEAN_KERNEL_REPLAY_PASS,
NOT_APPLICABLE_DEFINITION,,FoundationsVII.TransmissionRecord,PASS_LOCAL_REPLAY,structure,30,FoundationsVII.Dynamics.Transmission,formalization/lean/FoundationsVII/Dynamics/Transmission.lean,TransmissionRecord,dcea2706d786727dfc1902e84cfbc415cb9a906f5c990c004f1430949d6df901,LEAN_KERNEL_REPLAY_PASS,
NOT_APPLICABLE_DEFINITION,,FoundationsVII.TransmissionRecord.WellFormed,PASS_LOCAL_REPLAY,def,49,FoundationsVII.Dynamics.Transmission,formalization/lean/FoundationsVII/Dynamics/Transmission.lean,WellFormed,f55757bb9441d0e0325cadf5e92c98d694ee7531435f31d7301d4074426fd324,LEAN_KERNEL_REPLAY_PASS,
NOT_APPLICABLE_DEFINITION,,FoundationsVII.TransmissionRecord.LowerFactProvenancePreserved,PASS_LOCAL_REPLAY,def,62,FoundationsVII.Dynamics.Transmission,formalization/lean/FoundationsVII/Dynamics/Transmission.lean,LowerFactProvenancePreserved,9cd66001faa523dbd864146c2555680d6892e3e61e9437e78eb72dd74b6a9a0e,LEAN_KERNEL_REPLAY_PASS,
NOT_APPLICABLE_DEFINITION,,FoundationsVII.TransmissionRecord.PureDownwardSelection,PASS_LOCAL_REPLAY,def,66,FoundationsVII.Dynamics.Transmission,formalization/lean/FoundationsVII/Dynamics/Transmission.lean,PureDownwardSelection,ef687190d52e6f7e083012d9776d14ee321cc8a025c2008a7200f313fa4f5abe,LEAN_KERNEL_REPLAY_PASS,
NOT_APPLICABLE_DEFINITION,,FoundationsVII.DescentSquare,PASS_LOCAL_REPLAY,structure,97,FoundationsVII.Dynamics.Transmission,formalization/lean/FoundationsVII/Dynamics/Transmission.lean,DescentSquare,0d5b1233fffdb4582ffd13bb2829c8d8ed00536aaed99dd43606a1b2dafc3f08,LEAN_KERNEL_REPLAY_PASS,
NOT_APPLICABLE_DEFINITION,,FoundationsVII.DescentSquare.Commutes,PASS_LOCAL_REPLAY,def,105,FoundationsVII.Dynamics.Transmission,formalization/lean/FoundationsVII/Dynamics/Transmission.lean,Commutes,af930dcbf00433e3977c3179ec4f83c6bd0267210e464bba586489b972a56307,LEAN_KERNEL_REPLAY_PASS,
NOT_APPLICABLE_DEFINITION,,FoundationsVII.TransmissionFidelity,PASS_LOCAL_REPLAY,structure,117,FoundationsVII.Dynamics.Transmission,formalization/lean/FoundationsVII/Dynamics/Transmission.lean,TransmissionFidelity,cec689ede2be48bd4c8f7b3bb2285d70548675af0f954a468e5cc521115e2ce8,LEAN_KERNEL_REPLAY_PASS,
NOT_APPLICABLE_DEFINITION,,FoundationsVII.TransmissionFidelity.Valid,PASS_LOCAL_REPLAY,def,129,FoundationsVII.Dynamics.Transmission,formalization/lean/FoundationsVII/Dynamics/Transmission.lean,Valid,186bd8e59e79db9eb3c2aaab968a13bdd740fd5ca5f25a6fba221bb0305860c9,LEAN_KERNEL_REPLAY_PASS,
NOT_APPLICABLE_DEFINITION,,FoundationsVII.SelectionCausationProfile,PASS_LOCAL_REPLAY,structure,156,FoundationsVII.Dynamics.Transmission,formalization/lean/FoundationsVII/Dynamics/Transmission.lean,SelectionCausationProfile,afc97140df983ac27f39c3938e9076d2579292ea40ccd18a085ef00da7d9697b,LEAN_KERNEL_REPLAY_PASS,
NOT_APPLICABLE_DEFINITION,,FoundationsVII.SelectionCausationProfile.Valid,PASS_LOCAL_REPLAY,def,166,FoundationsVII.Dynamics.Transmission,formalization/lean/FoundationsVII/Dynamics/Transmission.lean,Valid,255e64fde41df2d81b904bab39cb54e5f3f68ce5ca7cdedfc6d8ac1c55bfec91,LEAN_KERNEL_REPLAY_PASS,
NOT_APPLICABLE_DEFINITION,,FoundationsVII.DirectionalTransmissionControl,PASS_LOCAL_REPLAY,structure,189,FoundationsVII.Dynamics.Transmission,formalization/lean/FoundationsVII/Dynamics/Transmission.lean,DirectionalTransmissionControl,81dfdb4b5f69d3e891ac4c58113891e4ee7bca367776e88baf9aeb3c8faa5e01,LEAN_KERNEL_REPLAY_PASS,
NOT_APPLICABLE_DEFINITION,,FoundationsVII.EnablementSource,PASS_LOCAL_REPLAY,inductive,14,FoundationsVII.Enablement.Attribution,formalization/lean/FoundationsVII/Enablement/Attribution.lean,EnablementSource,3c8fbbb23dda065fd4abe3096b24322a85b780ac87ac9b28875b4d7fe0847790,LEAN_KERNEL_REPLAY_PASS,
NOT_APPLICABLE_DEFINITION,,FoundationsVII.allEnablementSources,PASS_LOCAL_REPLAY,def,24,FoundationsVII.Enablement.Attribution,formalization/lean/FoundationsVII/Enablement/Attribution.lean,allEnablementSources,73dae5d703a7e32f90dda7b22a466d93f066ddbe600d3829c3d0ea5ecc171cb8,LEAN_KERNEL_REPLAY_PASS,
NOT_APPLICABLE_DEFINITION,,FoundationsVII.AttributionEvidence,PASS_LOCAL_REPLAY,structure,31,FoundationsVII.Enablement.Attribution,formalization/lean/FoundationsVII/Enablement/Attribution.lean,AttributionEvidence,b2de6e9297e8cada1cfa24cb319055a70df19996121297ad03e577ef568ef42c,LEAN_KERNEL_REPLAY_PASS,
NOT_APPLICABLE_DEFINITION,,FoundationsVII.AttributionEvidence.Valid,PASS_LOCAL_REPLAY,def,44,FoundationsVII.Enablement.Attribution,formalization/lean/FoundationsVII/Enablement/Attribution.lean,Valid,820411a1ab673078a8e43c27f00635371c3570f621bb8c272386d68ee011b47b,LEAN_KERNEL_REPLAY_PASS,
NOT_APPLICABLE_DEFINITION,,FoundationsVII.AttributionEvidence.HonestBridgeRefinement,PASS_LOCAL_REPLAY,def,55,FoundationsVII.Enablement.Attribution,formalization/lean/FoundationsVII/Enablement/Attribution.lean,HonestBridgeRefinement,df97d391648c2a2f41092895c62b0cf929481c5f202060ea4d6f7381ee22f841,LEAN_KERNEL_REPLAY_PASS,
NOT_APPLICABLE_DEFINITION,,FoundationsVII.AttributedEnablement,PASS_LOCAL_REPLAY,structure,70,FoundationsVII.Enablement.Attribution,formalization/lean/FoundationsVII/Enablement/Attribution.lean,AttributedEnablement,88e739f0e28e14b07e387955d7b3b4a9ac9664e01ab1d1d4955c3859e2a9efd0,LEAN_KERNEL_REPLAY_PASS,
NOT_APPLICABLE_DEFINITION,,FoundationsVII.AttributedEnablement.WellFormed,PASS_LOCAL_REPLAY,def,77,FoundationsVII.Enablement.Attribution,formalization/lean/FoundationsVII/Enablement/Attribution.lean,WellFormed,3b439f56725c3b45aeb77da7b9dbfd53fb1e8fb6d560a71d8508e70947ca8060,LEAN_KERNEL_REPLAY_PASS,
NOT_APPLICABLE_DEFINITION,,FoundationsVII.AttributionRefinement,PASS_LOCAL_REPLAY,structure,118,FoundationsVII.Enablement.Attribution,formalization/lean/FoundationsVII/Enablement/Attribution.lean,AttributionRefinement,40ee22417022d8ff95e96958037834e364483a756dea109b2a294054e50d8bea,LEAN_KERNEL_REPLAY_PASS,
NOT_APPLICABLE_DEFINITION,,FoundationsVII.AttributionRefinement.Stable,PASS_LOCAL_REPLAY,def,126,FoundationsVII.Enablement.Attribution,formalization/lean/FoundationsVII/Enablement/Attribution.lean,Stable,8f8ed52a55563a1404383f2ab01e5d1c9c4ca784db9a2894e56ac7482623877d,LEAN_KERNEL_REPLAY_PASS,
NOT_APPLICABLE_DEFINITION,,FoundationsVII.AttributionSeparationProfile,PASS_LOCAL_REPLAY,structure,138,FoundationsVII.Enablement.Attribution,formalization/lean/FoundationsVII/Enablement/Attribution.lean,AttributionSeparationProfile,8d838c228c585a81bac4103820b051ad45968f166591c8a785ef90153b67510f,LEAN_KERNEL_REPLAY_PASS,
NOT_APPLICABLE_DEFINITION,,FoundationsVII.ClosureAgency,PASS_LOCAL_REPLAY,inductive,14,FoundationsVII.Enablement.Birth,formalization/lean/FoundationsVII/Enablement/Birth.lean,ClosureAgency,65a7618ca57cc59e24af5416551ef70e74dccbe873bcd1f4fa40347ab3a4c054,LEAN_KERNEL_REPLAY_PASS,
NOT_APPLICABLE_DEFINITION,,FoundationsVII.BirthOutcome,PASS_LOCAL_REPLAY,inductive,22,FoundationsVII.Enablement.Birth,formalization/lean/FoundationsVII/Enablement/Birth.lean,BirthOutcome,d25937146750ba32228f3b0e1eb8728c633572cfc95fa08ab058f705f5d88c91,LEAN_KERNEL_REPLAY_PASS,
NOT_APPLICABLE_DEFINITION,,FoundationsVII.InheritedBirthClass,PASS_LOCAL_REPLAY,inductive,33,FoundationsVII.Enablement.Birth,formalization/lean/FoundationsVII/Enablement/Birth.lean,InheritedBirthClass,b195c9d25b38825f2d92c8ee71c13de8e7b5193948011dfe5b3702531fe8e572,LEAN_KERNEL_REPLAY_PASS,
NOT_APPLICABLE_DEFINITION,,FoundationsVII.PrimitiveBirthSignature,PASS_LOCAL_REPLAY,structure,40,FoundationsVII.Enablement.Birth,formalization/lean/FoundationsVII/Enablement/Birth.lean,PrimitiveBirthSignature,11c925db9f4ba8e3932fa0dd103281c4f261e8af98112218583410dd45074935,LEAN_KERNEL_REPLAY_PASS,
NOT_APPLICABLE_DEFINITION,,FoundationsVII.signatureOfInheritedClass,PASS_LOCAL_REPLAY,def,46,FoundationsVII.Enablement.Birth,formalization/lean/FoundationsVII/Enablement/Birth.lean,signatureOfInheritedClass,078f5d1aa0b73272379fafaa0eaf9dc2193c29e14fcad2f8f37f45a318f7b0f6,LEAN_KERNEL_REPLAY_PASS,
NOT_APPLICABLE_DEFINITION,,FoundationsVII.allInheritedBirthClasses,PASS_LOCAL_REPLAY,def,52,FoundationsVII.Enablement.Birth,formalization/lean/FoundationsVII/Enablement/Birth.lean,allInheritedBirthClasses,96ab37b4b9938196be718ad4d76e54e06155adceec5b0bc554f5aac93639755a,LEAN_KERNEL_REPLAY_PASS,
NOT_APPLICABLE_DEFINITION,,FoundationsVII.ReachableBirthEvidence,PASS_LOCAL_REPLAY,structure,70,FoundationsVII.Enablement.Birth,formalization/lean/FoundationsVII/Enablement/Birth.lean,ReachableBirthEvidence,bbf55eef546b165c000ce9eba02cf011481c3772144d38577f25467bba488a4f,LEAN_KERNEL_REPLAY_PASS,
NOT_APPLICABLE_DEFINITION,,FoundationsVII.ReachableBirthEvidence.Valid,PASS_LOCAL_REPLAY,def,80,FoundationsVII.Enablement.Birth,formalization/lean/FoundationsVII/Enablement/Birth.lean,Valid,4ee2ff1b75e515db45596a2c079aef6ffd199e0f8866440d307cbc6ac5081c6d,LEAN_KERNEL_REPLAY_PASS,
NOT_APPLICABLE_DEFINITION,,FoundationsVII.BirthRecord,PASS_LOCAL_REPLAY,structure,95,FoundationsVII.Enablement.Birth,formalization/lean/FoundationsVII/Enablement/Birth.lean,BirthRecord,cb294a75fef6cf7a8d7e74d7e70fcf53914bbe475d7e86786820b4e48c04d206,LEAN_KERNEL_REPLAY_PASS,
NOT_APPLICABLE_DEFINITION,,FoundationsVII.BirthRecord.WellFormed,PASS_LOCAL_REPLAY,def,109,FoundationsVII.Enablement.Birth,formalization/lean/FoundationsVII/Enablement/Birth.lean,WellFormed,1f9aae4ef476fc2af47305c49fdbdea92fab1c00cedf6284e5f84aae5c99a208,LEAN_KERNEL_REPLAY_PASS,
NOT_APPLICABLE_DEFINITION,,FoundationsVII.BirthClassificationProfile,PASS_LOCAL_REPLAY,structure,138,FoundationsVII.Enablement.Birth,formalization/lean/FoundationsVII/Enablement/Birth.lean,BirthClassificationProfile,7599fea41cf5bfd52f6eb29f2a5f2048cd80defcc8db7fd8effb422ed1959bb5,LEAN_KERNEL_REPLAY_PASS,
NOT_APPLICABLE_DEFINITION,,FoundationsVII.ResourceDelta,PASS_LOCAL_REPLAY,structure,14,FoundationsVII.Enablement.Composition,formalization/lean/FoundationsVII/Enablement/Composition.lean,ResourceDelta,bfa3bd85db9f1c82d6b63559f035687f98ad18f1ccbd106a7c98c6ff885351c5,LEAN_KERNEL_REPLAY_PASS,
NOT_APPLICABLE_DEFINITION,,FoundationsVII.ResourceDelta.zero,PASS_LOCAL_REPLAY,def,21,FoundationsVII.Enablement.Composition,formalization/lean/FoundationsVII/Enablement/Composition.lean,zero,5755057dbb2496b95e8a6285167a860d0467668e1b5e5dea87970e43b49965f6,LEAN_KERNEL_REPLAY_PASS,
NOT_APPLICABLE_DEFINITION,,FoundationsVII.ResourceDelta.combine,PASS_LOCAL_REPLAY,def,23,FoundationsVII.Enablement.Composition,formalization/lean/FoundationsVII/Enablement/Composition.lean,combine,996b6acb02e100a71f880c21397a2e36c2aab0a85ea1e33acda128036587b4e5,LEAN_KERNEL_REPLAY_PASS,
NOT_APPLICABLE_DEFINITION,,FoundationsVII.EnablementLink,PASS_LOCAL_REPLAY,structure,50,FoundationsVII.Enablement.Composition,formalization/lean/FoundationsVII/Enablement/Composition.lean,EnablementLink,e73166fd8871d6b9782bde065fedcc6f099b0849e8d9adbb55076d0c2bc0cdb8,LEAN_KERNEL_REPLAY_PASS,
NOT_APPLICABLE_DEFINITION,,FoundationsVII.EnablementLink.Nonempty,PASS_LOCAL_REPLAY,def,63,FoundationsVII.Enablement.Composition,formalization/lean/FoundationsVII/Enablement/Composition.lean,Nonempty,2d153a7a7d3220171ab374eae0b30b95e1ae78e99db217dc44dd7c7e2a33d2ab,LEAN_KERNEL_REPLAY_PASS,
NOT_APPLICABLE_DEFINITION,,FoundationsVII.EnablementLink.Composable,PASS_LOCAL_REPLAY,def,66,FoundationsVII.Enablement.Composition,formalization/lean/FoundationsVII/Enablement/Composition.lean,Composable,edf9564e04ac5ee25f96ea20e45dfc8d070dfa7aefc2678389b671fd1784aaa0,LEAN_KERNEL_REPLAY_PASS,
NOT_APPLICABLE_DEFINITION,,FoundationsVII.EnablementLink.compose,PASS_LOCAL_REPLAY,def,73,FoundationsVII.Enablement.Composition,formalization/lean/FoundationsVII/Enablement/Composition.lean,compose,a22ddf2fae016c6edf75bec9a7de473e51accbdbf5c31c4d632788bdc077fc88,LEAN_KERNEL_REPLAY_PASS,
NOT_APPLICABLE_DEFINITION,,FoundationsVII.CompositionCredit,PASS_LOCAL_REPLAY,structure,106,FoundationsVII.Enablement.Composition,formalization/lean/FoundationsVII/Enablement/Composition.lean,CompositionCredit,82fef247621f5999b08ddd83e2774e37005d5ff2a0af808a4f81d626aa5649f6,LEAN_KERNEL_REPLAY_PASS,
NOT_APPLICABLE_DEFINITION,,FoundationsVII.CompositionCredit.Valid,PASS_LOCAL_REPLAY,def,120,FoundationsVII.Enablement.Composition,formalization/lean/FoundationsVII/Enablement/Composition.lean,Valid,3fd9009be76e5316a129853f73d7555aa4076ee93d79b7c4b5a559405cfcfc2c,LEAN_KERNEL_REPLAY_PASS,
NOT_APPLICABLE_DEFINITION,,FoundationsVII.OrderedEnablementControl,PASS_LOCAL_REPLAY,structure,155,FoundationsVII.Enablement.Composition,formalization/lean/FoundationsVII/Enablement/Composition.lean,OrderedEnablementControl,703499b17719be7db46ee72bb45fe8c180c78d34e1ce62de80ceb9ae8821363e,LEAN_KERNEL_REPLAY_PASS,
NOT_APPLICABLE_DEFINITION,,FoundationsVII.EndogenousEnablementProfile,PASS_LOCAL_REPLAY,structure,15,FoundationsVII.Enablement.Endogenous,formalization/lean/FoundationsVII/Enablement/Endogenous.lean,EndogenousEnablementProfile,453aec88e97f7c924238f3712f7bd4b86a911f14bd80ea0889f33b3fc78c47ba,LEAN_KERNEL_REPLAY_PASS,
NOT_APPLICABLE_DEFINITION,,FoundationsVII.EndogenousEnablementProfile.Eligible,PASS_LOCAL_REPLAY,def,30,FoundationsVII.Enablement.Endogenous,formalization/lean/FoundationsVII/Enablement/Endogenous.lean,Eligible,a8b9720fcaf2ffa9f49cf47daa1f12e6226393ff829fc7535f5be92289921a89,LEAN_KERNEL_REPLAY_PASS,
NOT_APPLICABLE_DEFINITION,,FoundationsVII.EndogenyBoundaryProfile,PASS_LOCAL_REPLAY,structure,118,FoundationsVII.Enablement.Endogenous,formalization/lean/FoundationsVII/Enablement/Endogenous.lean,EndogenyBoundaryProfile,187b790fea6c5d645542132279d80280a976fe91a8da0b6bab37afb9512ad379,LEAN_KERNEL_REPLAY_PASS,
NOT_APPLICABLE_DEFINITION,,FoundationsVII.EnablementSeparation,PASS_LOCAL_REPLAY,structure,13,FoundationsVII.Enablement.Separation,formalization/lean/FoundationsVII/Enablement/Separation.lean,EnablementSeparation,58edfd6c535d3239919f7aba25230c66841064250e6bb985014190525de6c479,LEAN_KERNEL_REPLAY_PASS,
NOT_APPLICABLE_DEFINITION,,FoundationsVII.EnablementSeparation.EnablementWithoutDescent,PASS_LOCAL_REPLAY,def,25,FoundationsVII.Enablement.Separation,formalization/lean/FoundationsVII/Enablement/Separation.lean,EnablementWithoutDescent,2a1ec8931f034f26ec6b009ab2908dbef3a3a06f697507b025960c6ff80f5084,LEAN_KERNEL_REPLAY_PASS,
NOT_APPLICABLE_DEFINITION,,FoundationsVII.EnablementSeparation.NecessaryButInsufficient,PASS_LOCAL_REPLAY,def,34,FoundationsVII.Enablement.Separation,formalization/lean/FoundationsVII/Enablement/Separation.lean,NecessaryButInsufficient,94585f05ddb14ce35407665521279fae06b6c8bb2313977621ed8c11ebf25a05,LEAN_KERNEL_REPLAY_PASS,
NOT_APPLICABLE_DEFINITION,,FoundationsVII.JoinCostKind,PASS_LOCAL_REPLAY,inductive,12,FoundationsVII.Join.Budget,formalization/lean/FoundationsVII/Join/Budget.lean,JoinCostKind,195aca23f4066b3517e2fdf286bb8ddf1eb8bcef21a19aeffd29597d35ab799c,LEAN_KERNEL_REPLAY_PASS,
NOT_APPLICABLE_DEFINITION,,FoundationsVII.JoinCostEntry,PASS_LOCAL_REPLAY,structure,20,FoundationsVII.Join.Budget,formalization/lean/FoundationsVII/Join/Budget.lean,JoinCostEntry,4fbeb2896e55a38ed010158fa1928763eb61e9e5f4719b8a5ecd50dd8e217005,LEAN_KERNEL_REPLAY_PASS,
NOT_APPLICABLE_DEFINITION,,FoundationsVII.JoinCostEntry.Credited,PASS_LOCAL_REPLAY,def,32,FoundationsVII.Join.Budget,formalization/lean/FoundationsVII/Join/Budget.lean,Credited,f9ba19d7decee7753bc52df2954611e53cf06bf604ac774f078004768f14fec9,LEAN_KERNEL_REPLAY_PASS,
NOT_APPLICABLE_DEFINITION,,FoundationsVII.JoinCostEntry.PositiveCost,PASS_LOCAL_REPLAY,def,36,FoundationsVII.Join.Budget,formalization/lean/FoundationsVII/Join/Budget.lean,PositiveCost,fcfb4b5b76db0b0ff203862ddb4860ac40ee314ae14c0c3aac1f193517f16a8b,LEAN_KERNEL_REPLAY_PASS,
NOT_APPLICABLE_DEFINITION,,FoundationsVII.JoinPaymentLedger,PASS_LOCAL_REPLAY,structure,74,FoundationsVII.Join.Budget,formalization/lean/FoundationsVII/Join/Budget.lean,JoinPaymentLedger,4653defcb620f0de16ff19504dbe921c8924a06286232eadd8995a0592dba6d1,LEAN_KERNEL_REPLAY_PASS,
NOT_APPLICABLE_DEFINITION,,FoundationsVII.JoinPaymentLedger.WellFormed,PASS_LOCAL_REPLAY,def,81,FoundationsVII.Join.Budget,formalization/lean/FoundationsVII/Join/Budget.lean,WellFormed,5aac2bee227d3daffcb7064179377d27dd303d2b40ed683262dcf74948538d72,LEAN_KERNEL_REPLAY_PASS,
NOT_APPLICABLE_DEFINITION,,FoundationsVII.JoinPaymentLedger.FullyPaid,PASS_LOCAL_REPLAY,def,88,FoundationsVII.Join.Budget,formalization/lean/FoundationsVII/Join/Budget.lean,FullyPaid,3717cf0ab88d68d69c12488e74856a90a0bd6fb6c6b5f7fa608e59d1691c3ea3,LEAN_KERNEL_REPLAY_PASS,
NOT_APPLICABLE_DEFINITION,,FoundationsVII.JoinPaymentLedger.typedCosts,PASS_LOCAL_REPLAY,def,92,FoundationsVII.Join.Budget,formalization/lean/FoundationsVII/Join/Budget.lean,typedCosts,b108f2189bad6639baf7f2df94c3c040bbb4166c601952be1969888de2799dcc,LEAN_KERNEL_REPLAY_PASS,
NOT_APPLICABLE_DEFINITION,,FoundationsVII.LiveJoinCapacity,PASS_LOCAL_REPLAY,structure,109,FoundationsVII.Join.Budget,formalization/lean/FoundationsVII/Join/Budget.lean,LiveJoinCapacity,b6ffe6be64184edca4cc78481393a0c5da68df08dc68a83b5d124264b5ed347e,LEAN_KERNEL_REPLAY_PASS,
NOT_APPLICABLE_DEFINITION,,FoundationsVII.LiveJoinCapacity.Feasible,PASS_LOCAL_REPLAY,def,117,FoundationsVII.Join.Budget,formalization/lean/FoundationsVII/Join/Budget.lean,Feasible,a1c5469e092e4875da6ebec33c4f6d313f40c40b250d7f546e5269304e21c64a,LEAN_KERNEL_REPLAY_PASS,
NOT_APPLICABLE_DEFINITION,,FoundationsVII.CategoricalConstructionKind,PASS_LOCAL_REPLAY,inductive,14,FoundationsVII.Join.Categorical,formalization/lean/FoundationsVII/Join/Categorical.lean,CategoricalConstructionKind,38a03926b708bacf185fef933379a4b71e853a5a5c7b7a9d08c0b1a6919ae85b,LEAN_KERNEL_REPLAY_PASS,
NOT_APPLICABLE_DEFINITION,,FoundationsVII.PackageMorphism,PASS_LOCAL_REPLAY,structure,21,FoundationsVII.Join.Categorical,formalization/lean/FoundationsVII/Join/Categorical.lean,PackageMorphism,60219623d4a699ffe82698e70ce6c2c5179edf0e17cd27163fa609fb297b1b4f,LEAN_KERNEL_REPLAY_PASS,
NOT_APPLICABLE_DEFINITION,,FoundationsVII.PackageMorphism.WellFormed,PASS_LOCAL_REPLAY,def,32,FoundationsVII.Join.Categorical,formalization/lean/FoundationsVII/Join/Categorical.lean,WellFormed,2349738d0ccd7632a50b851601ff2e07f9d6c5e17900c2efc88595b56e543bd4,LEAN_KERNEL_REPLAY_PASS,
NOT_APPLICABLE_DEFINITION,,FoundationsVII.FinitePackageCategory,PASS_LOCAL_REPLAY,structure,47,FoundationsVII.Join.Categorical,formalization/lean/FoundationsVII/Join/Categorical.lean,FinitePackageCategory,73c22585574fa261aea28246cf4358bfd2ab92ca487246553ee6278ad7fe5962,LEAN_KERNEL_REPLAY_PASS,
NOT_APPLICABLE_DEFINITION,,FoundationsVII.FinitePackageCategory.WellFormed,PASS_LOCAL_REPLAY,def,58,FoundationsVII.Join.Categorical,formalization/lean/FoundationsVII/Join/Categorical.lean,WellFormed,dadfae3f7daaaa4947861e7fe519e97d129589d277664388d2a498cda0f43b43,LEAN_KERNEL_REPLAY_PASS,
NOT_APPLICABLE_DEFINITION,,FoundationsVII.UniversalConstructionCertificate,PASS_LOCAL_REPLAY,structure,84,FoundationsVII.Join.Categorical,formalization/lean/FoundationsVII/Join/Categorical.lean,UniversalConstructionCertificate,8ab5b1d846caed9a7d25b8808c146ac8302e123fe3d31fe5bb461bcbda58d8f8,LEAN_KERNEL_REPLAY_PASS,
NOT_APPLICABLE_DEFINITION,,FoundationsVII.UniversalConstructionCertificate.Valid,PASS_LOCAL_REPLAY,def,99,FoundationsVII.Join.Categorical,formalization/lean/FoundationsVII/Join/Categorical.lean,Valid,d4a9b107554730e066ecee3f25d9b30ed0f005d03a6ed5fc375b118a8a70d3b7,LEAN_KERNEL_REPLAY_PASS,
NOT_APPLICABLE_DEFINITION,,FoundationsVII.UniversalConstructionCertificate.RepresentsStrictJoin,PASS_LOCAL_REPLAY,def,116,FoundationsVII.Join.Categorical,formalization/lean/FoundationsVII/Join/Categorical.lean,RepresentsStrictJoin,3502addb1c0da7c512b29ecbc8ad762981df532bc65c24ce4672f5218fd9b3dc,LEAN_KERNEL_REPLAY_PASS,
NOT_APPLICABLE_DEFINITION,,FoundationsVII.ContactQuantityVector,PASS_LOCAL_REPLAY,structure,12,FoundationsVII.Join.Degree,formalization/lean/FoundationsVII/Join/Degree.lean,ContactQuantityVector,863a9bdb6f1bc0e74b93de0b379069ae3d80ff46bc60bd358643c2163d331334,LEAN_KERNEL_REPLAY_PASS,
NOT_APPLICABLE_DEFINITION,,FoundationsVII.ContactQuantityVector.scalarPlain,PASS_LOCAL_REPLAY,def,22,FoundationsVII.Join.Degree,formalization/lean/FoundationsVII/Join/Degree.lean,scalarPlain,0ed91125e8ac40ad3e54193c59e277e44c1f2090589544849da309913721c5ec,LEAN_KERNEL_REPLAY_PASS,
NOT_APPLICABLE_DEFINITION,,FoundationsVII.ContactQuantityVector.scalarNoveltyWeighted,PASS_LOCAL_REPLAY,def,26,FoundationsVII.Join.Degree,formalization/lean/FoundationsVII/Join/Degree.lean,scalarNoveltyWeighted,a9151e846232e25565c3a72cccd4973a8173b41bf289bb6ed7100696f07d440d,LEAN_KERNEL_REPLAY_PASS,
NOT_APPLICABLE_DEFINITION,,FoundationsVII.ContactQuantityTransformation,PASS_LOCAL_REPLAY,structure,32,FoundationsVII.Join.Degree,formalization/lean/FoundationsVII/Join/Degree.lean,ContactQuantityTransformation,fa593f9bc9b1e5d6f1aa4095c6ebd2fe8ff838ff18879170ebe57bd914ab6009,LEAN_KERNEL_REPLAY_PASS,
NOT_APPLICABLE_DEFINITION,,FoundationsVII.ContactQuantityTransformation.Conserved,PASS_LOCAL_REPLAY,def,47,FoundationsVII.Join.Degree,formalization/lean/FoundationsVII/Join/Degree.lean,Conserved,9fe2af24b40de0f04d727ae056aee1ea5997081ab1f481580b5de0baa4e45464,LEAN_KERNEL_REPLAY_PASS,
NOT_APPLICABLE_DEFINITION,,FoundationsVII.JoinContactState,PASS_LOCAL_REPLAY,inductive,12,FoundationsVII.Join.Entry,formalization/lean/FoundationsVII/Join/Entry.lean,JoinContactState,463fa4c7e761e9417748d4af4decb8bf724a902a3570d38925352864f0acfc7e,LEAN_KERNEL_REPLAY_PASS,
NOT_APPLICABLE_DEFINITION,,FoundationsVII.JoinEntryStatus,PASS_LOCAL_REPLAY,inductive,18,FoundationsVII.Join.Entry,formalization/lean/FoundationsVII/Join/Entry.lean,JoinEntryStatus,f8051a259031ecbd028bd6c70f97e1c5e79cf3e601cab297ec7edf2900788e43,LEAN_KERNEL_REPLAY_PASS,
NOT_APPLICABLE_DEFINITION,,FoundationsVII.JoinEntryRecord,PASS_LOCAL_REPLAY,structure,25,FoundationsVII.Join.Entry,formalization/lean/FoundationsVII/Join/Entry.lean,JoinEntryRecord,2d73d2fda66a74a2d414f27a13f55895e9b552f459302987dc8a5f40e4e0ed23,LEAN_KERNEL_REPLAY_PASS,
NOT_APPLICABLE_DEFINITION,,FoundationsVII.JoinEntryRecord.ParentComplete,PASS_LOCAL_REPLAY,def,41,FoundationsVII.Join.Entry,formalization/lean/FoundationsVII/Join/Entry.lean,ParentComplete,f6e185f82bc092c521110530a8933e43eac89f80625e9c4c70bb017bf3fadfdb,LEAN_KERNEL_REPLAY_PASS,
NOT_APPLICABLE_DEFINITION,,FoundationsVII.JoinEntryRecord.SourceComplete,PASS_LOCAL_REPLAY,def,48,FoundationsVII.Join.Entry,formalization/lean/FoundationsVII/Join/Entry.lean,SourceComplete,8befa1543ee0820cca2671e381265e19d9a1eb477167150d00470d5f54497855,LEAN_KERNEL_REPLAY_PASS,
NOT_APPLICABLE_DEFINITION,,FoundationsVII.JoinEntryRecord.BudgetComplete,PASS_LOCAL_REPLAY,def,55,FoundationsVII.Join.Entry,formalization/lean/FoundationsVII/Join/Entry.lean,BudgetComplete,c25ee7ed36e2f2ba6f142d44ee11af7e1552bfe500d06a1da7bc52bf358beec9,LEAN_KERNEL_REPLAY_PASS,
NOT_APPLICABLE_DEFINITION,,FoundationsVII.JoinEntryRecord.ContactConsistent,PASS_LOCAL_REPLAY,def,62,FoundationsVII.Join.Entry,formalization/lean/FoundationsVII/Join/Entry.lean,ContactConsistent,532a73131b8c6d12badf3db62aed9e224d4c9876ce2595d0a97dc9b3c198765c,LEAN_KERNEL_REPLAY_PASS,
NOT_APPLICABLE_DEFINITION,,FoundationsVII.JoinEntryRecord.WellFormed,PASS_LOCAL_REPLAY,def,75,FoundationsVII.Join.Entry,formalization/lean/FoundationsVII/Join/Entry.lean,WellFormed,2c0e39c0ab6197c1fc6680c6d9f809860603b169d671e8e023799816032772e1,LEAN_KERNEL_REPLAY_PASS,
NOT_APPLICABLE_DEFINITION,,FoundationsVII.JoinEntryRecord.RetrospectivelyVerifiable,PASS_LOCAL_REPLAY,def,87,FoundationsVII.Join.Entry,formalization/lean/FoundationsVII/Join/Entry.lean,RetrospectivelyVerifiable,b296b79165d62b1bbd0fe7cfbf80fc7416bdb8a86c628e4ed4e5fd107a9fff77,LEAN_KERNEL_REPLAY_PASS,
NOT_APPLICABLE_DEFINITION,,FoundationsVII.JoinEntryFieldProfile,PASS_LOCAL_REPLAY,structure,154,FoundationsVII.Join.Entry,formalization/lean/FoundationsVII/Join/Entry.lean,JoinEntryFieldProfile,cb238cb6aa6ea9c65565d6b700cb63c8f0febc4b6e648694ff41dc9b059d2b6e,LEAN_KERNEL_REPLAY_PASS,
NOT_APPLICABLE_DEFINITION,,FoundationsVII.JoinEntryFieldProfile.StronglyComplete,PASS_LOCAL_REPLAY,def,171,FoundationsVII.Join.Entry,formalization/lean/FoundationsVII/Join/Entry.lean,StronglyComplete,a59bb53341287dce4ce9e8fa9d2b61e6e2588c9a04780e639d4e989c3aab9853,LEAN_KERNEL_REPLAY_PASS,
NOT_APPLICABLE_DEFINITION,,FoundationsVII.JoinEntryFieldProfile.WeaklyAccepted,PASS_LOCAL_REPLAY,def,183,FoundationsVII.Join.Entry,formalization/lean/FoundationsVII/Join/Entry.lean,WeaklyAccepted,e8d052369f25dd2b4db383dc8a011c373ef498291cdec684caac9db2170776ef,LEAN_KERNEL_REPLAY_PASS,
NOT_APPLICABLE_DEFINITION,,FoundationsVII.ContactNullProfile,PASS_LOCAL_REPLAY,structure,13,FoundationsVII.Join.NonInteraction,formalization/lean/FoundationsVII/Join/NonInteraction.lean,ContactNullProfile,ad46ec7613fc3a04017f1fdc8ae21a2c4b2e1b857f82b2c842a6643dda0b5922,LEAN_KERNEL_REPLAY_PASS,
NOT_APPLICABLE_DEFINITION,,FoundationsVII.ContactNullProfile.NoEvidencedContact,PASS_LOCAL_REPLAY,def,24,FoundationsVII.Join.NonInteraction,formalization/lean/FoundationsVII/Join/NonInteraction.lean,NoEvidencedContact,e9e692dc05a9addb3552489a4a8f15aa333ab05346e366abe84cb150c3138937,LEAN_KERNEL_REPLAY_PASS,
NOT_APPLICABLE_DEFINITION,,FoundationsVII.ContactNullProfile.CertifiedNonInteraction,PASS_LOCAL_REPLAY,def,31,FoundationsVII.Join.NonInteraction,formalization/lean/FoundationsVII/Join/NonInteraction.lean,CertifiedNonInteraction,d8ebef6ece55cb3e5e83dc40b6b0c947b32466fe30f29f37e0871c2885fd2e14,LEAN_KERNEL_REPLAY_PASS,
NOT_APPLICABLE_DEFINITION,,FoundationsVII.ContactNullProfile.openNull,PASS_LOCAL_REPLAY,def,43,FoundationsVII.Join.NonInteraction,formalization/lean/FoundationsVII/Join/NonInteraction.lean,openNull,9ff285168da1ad453991295de570d5746217c75093ecd99776aaa6db764a9cf6,LEAN_KERNEL_REPLAY_PASS,
NOT_APPLICABLE_DEFINITION,,FoundationsVII.ContactNullProfile.certifiedNull,PASS_LOCAL_REPLAY,def,51,FoundationsVII.Join.NonInteraction,formalization/lean/FoundationsVII/Join/NonInteraction.lean,certifiedNull,0b61c16424dcdfb6500298df3bd9c203edd69fea4011454eb37c37168fb94aac,LEAN_KERNEL_REPLAY_PASS,
NOT_APPLICABLE_DEFINITION,,FoundationsVII.ContactCoverageCertificate,PASS_LOCAL_REPLAY,structure,77,FoundationsVII.Join.NonInteraction,formalization/lean/FoundationsVII/Join/NonInteraction.lean,ContactCoverageCertificate,5b1b94a0478ddf57095d6b5d1172e1b9159d1a1273622137adb6858ac910fbca,LEAN_KERNEL_REPLAY_PASS,
NOT_APPLICABLE_DEFINITION,,FoundationsVII.ContactCoverageCertificate.Certified,PASS_LOCAL_REPLAY,def,92,FoundationsVII.Join.NonInteraction,formalization/lean/FoundationsVII/Join/NonInteraction.lean,Certified,62ab2036e0413377a785f50251083444f7cd8d60891fc8458856bb077415f074,LEAN_KERNEL_REPLAY_PASS,
NOT_APPLICABLE_DEFINITION,,FoundationsVII.DeclaredContactCase,PASS_LOCAL_REPLAY,structure,119,FoundationsVII.Join.NonInteraction,formalization/lean/FoundationsVII/Join/NonInteraction.lean,DeclaredContactCase,85ffc6a3402cb3fbfde52ccb36e2006b458bc5a48b68f7f5bdd8397c55ab2830,LEAN_KERNEL_REPLAY_PASS,
NOT_APPLICABLE_DEFINITION,,FoundationsVII.DeclaredContactCase.ExhaustedNoContact,PASS_LOCAL_REPLAY,def,127,FoundationsVII.Join.NonInteraction,formalization/lean/FoundationsVII/Join/NonInteraction.lean,ExhaustedNoContact,5b2e2233adeb8a803a205d6a44f26bc58f27b3b4f5240fad0ad1ed81c71bcb9b,LEAN_KERNEL_REPLAY_PASS,
NOT_APPLICABLE_DEFINITION,,FoundationsVII.DeclaredContactCase.CoveredBy,PASS_LOCAL_REPLAY,def,130,FoundationsVII.Join.NonInteraction,formalization/lean/FoundationsVII/Join/NonInteraction.lean,CoveredBy,6fdd2065735e5b7d624d2f30d5ef3116a2b18d4211cdff18d61f05fd7da6a54f,LEAN_KERNEL_REPLAY_PASS,
NOT_APPLICABLE_DEFINITION,,FoundationsVII.CompositeClosureWitness,PASS_LOCAL_REPLAY,structure,16,FoundationsVII.Join.Objecthood,formalization/lean/FoundationsVII/Join/Objecthood.lean,CompositeClosureWitness,e00a5d620658ac834cbcac2db1875e8dfbeb0c4a5c66056ad07a952afd2833cb,LEAN_KERNEL_REPLAY_PASS,
NOT_APPLICABLE_DEFINITION,,FoundationsVII.CompositeClosureWitness.Objecthood,PASS_LOCAL_REPLAY,def,28,FoundationsVII.Join.Objecthood,formalization/lean/FoundationsVII/Join/Objecthood.lean,Objecthood,9d4a73b8cc262924e3e8d55e3cc88497f36d038d47602c82e43ebdf60488cfec,LEAN_KERNEL_REPLAY_PASS,
NOT_APPLICABLE_DEFINITION,,FoundationsVII.CompositeClosureWitness.RetainsLeft,PASS_LOCAL_REPLAY,def,31,FoundationsVII.Join.Objecthood,formalization/lean/FoundationsVII/Join/Objecthood.lean,RetainsLeft,be1f5ecb8e987fb2de927f7f6e04c67c6878348a3314973ff9739f4c16494d2a,LEAN_KERNEL_REPLAY_PASS,
NOT_APPLICABLE_DEFINITION,,FoundationsVII.CompositeClosureWitness.RetainsRight,PASS_LOCAL_REPLAY,def,34,FoundationsVII.Join.Objecthood,formalization/lean/FoundationsVII/Join/Objecthood.lean,RetainsRight,82b129b906aa4c2953642ab0974ffee12e41821d2ab580424ca5e625d123564c,LEAN_KERNEL_REPLAY_PASS,
NOT_APPLICABLE_DEFINITION,,FoundationsVII.CompositeClosureWitness.Certified,PASS_LOCAL_REPLAY,def,37,FoundationsVII.Join.Objecthood,formalization/lean/FoundationsVII/Join/Objecthood.lean,Certified,eda49949b1ea470d4d79c33db787a89de45c08190648884be0c39543036ea50f,LEAN_KERNEL_REPLAY_PASS,
NOT_APPLICABLE_DEFINITION,,FoundationsVII.ParentRetentionStatus,PASS_LOCAL_REPLAY,inductive,13,FoundationsVII.Join.Retention,formalization/lean/FoundationsVII/Join/Retention.lean,ParentRetentionStatus,06e72520146fa65531cb4a2c2949175d78fca359d3908f87ba740e324548df36,LEAN_KERNEL_REPLAY_PASS,
NOT_APPLICABLE_DEFINITION,,FoundationsVII.allParentRetentionStatuses,PASS_LOCAL_REPLAY,def,19,FoundationsVII.Join.Retention,formalization/lean/FoundationsVII/Join/Retention.lean,allParentRetentionStatuses,c3092491719cd8045e103eb1ee82815b33b17944b3677c79ce715e0bee85cccd,LEAN_KERNEL_REPLAY_PASS,
NOT_APPLICABLE_DEFINITION,,FoundationsVII.ParentRetentionMap,PASS_LOCAL_REPLAY,structure,26,FoundationsVII.Join.Retention,formalization/lean/FoundationsVII/Join/Retention.lean,ParentRetentionMap,7813448697930ce1c4f00033e7c27a34255bf7d0804cacbd48313317d230f9be,LEAN_KERNEL_REPLAY_PASS,
NOT_APPLICABLE_DEFINITION,,FoundationsVII.ParentRetentionMap.WellFormed,PASS_LOCAL_REPLAY,def,39,FoundationsVII.Join.Retention,formalization/lean/FoundationsVII/Join/Retention.lean,WellFormed,d44e884ba724407eccdca093ffae0d272cebff4335188acc4528609a8f83f2f9,LEAN_KERNEL_REPLAY_PASS,
NOT_APPLICABLE_DEFINITION,,FoundationsVII.ParentRetentionMap.FullRetention,PASS_LOCAL_REPLAY,def,55,FoundationsVII.Join.Retention,formalization/lean/FoundationsVII/Join/Retention.lean,FullRetention,1e554187ea8bf754e19ae2db7c2d1bdf32a0da28a941a5e470294f7f944e28d3,LEAN_KERNEL_REPLAY_PASS,
NOT_APPLICABLE_DEFINITION,,FoundationsVII.JoinDescentCertificate,PASS_LOCAL_REPLAY,structure,73,FoundationsVII.Join.Retention,formalization/lean/FoundationsVII/Join/Retention.lean,JoinDescentCertificate,6670fd17b9c210dbaed34aec23a00509ae33be01713ad25ee8a89b24e2de8e6e,LEAN_KERNEL_REPLAY_PASS,
NOT_APPLICABLE_DEFINITION,,FoundationsVII.JoinDescentCertificate.Valid,PASS_LOCAL_REPLAY,def,84,FoundationsVII.Join.Retention,formalization/lean/FoundationsVII/Join/Retention.lean,Valid,0d61e8975f6a4650dfc5649e79b9c58480215e9895bfd854204255a661194eea,LEAN_KERNEL_REPLAY_PASS,
NOT_APPLICABLE_DEFINITION,,FoundationsVII.RefinementEffect,PASS_LOCAL_REPLAY,inductive,102,FoundationsVII.Join.Retention,formalization/lean/FoundationsVII/Join/Retention.lean,RefinementEffect,07a3651f0a213bbee6d8b683ff1f9734eac821c3c6b29b76e381e84281133fbb,LEAN_KERNEL_REPLAY_PASS,
NOT_APPLICABLE_DEFINITION,,FoundationsVII.allRefinementEffects,PASS_LOCAL_REPLAY,def,109,FoundationsVII.Join.Retention,formalization/lean/FoundationsVII/Join/Retention.lean,allRefinementEffects,f5e2f023a1fd2ad1e6cc642773fcbc3e19feca1008146b86eabdca70678d8857,LEAN_KERNEL_REPLAY_PASS,
NOT_APPLICABLE_DEFINITION,,FoundationsVII.ParentRefinementRecord,PASS_LOCAL_REPLAY,structure,116,FoundationsVII.Join.Retention,formalization/lean/FoundationsVII/Join/Retention.lean,ParentRefinementRecord,ee24879d866018fdb279ff2c10e8a2b2680cdf8ea39b4880b0734b02655f09cc,LEAN_KERNEL_REPLAY_PASS,
NOT_APPLICABLE_DEFINITION,,FoundationsVII.ParentRefinementRecord.WellFormed,PASS_LOCAL_REPLAY,def,128,FoundationsVII.Join.Retention,formalization/lean/FoundationsVII/Join/Retention.lean,WellFormed,852c8e97900b660bc2dc7b4eaa030ce3ab4e1e8ba4138370c065ece5b7b32b55,LEAN_KERNEL_REPLAY_PASS,
NOT_APPLICABLE_DEFINITION,,FoundationsVII.SourceAncestry,PASS_LOCAL_REPLAY,structure,12,FoundationsVII.Join.Source,formalization/lean/FoundationsVII/Join/Source.lean,SourceAncestry,906dfa490fb11bf0b977f3a50edaf95d3b128bf5c01125497759b3aa847bb619,LEAN_KERNEL_REPLAY_PASS,
NOT_APPLICABLE_DEFINITION,,FoundationsVII.SourceAncestry.SameLineage,PASS_LOCAL_REPLAY,def,21,FoundationsVII.Join.Source,formalization/lean/FoundationsVII/Join/Source.lean,SameLineage,9e2e1ed9e0946c21dc5f6c0858700d8b9cc87f6ce3aa2f053766b770c5e3eab4,LEAN_KERNEL_REPLAY_PASS,
NOT_APPLICABLE_DEFINITION,,FoundationsVII.SourceAncestry.Independent,PASS_LOCAL_REPLAY,def,24,FoundationsVII.Join.Source,formalization/lean/FoundationsVII/Join/Source.lean,Independent,d68c1fab4009d73ab7fee7a9395515f7bce836058a28561daaf49bad41c3d29c,LEAN_KERNEL_REPLAY_PASS,
NOT_APPLICABLE_DEFINITION,,FoundationsVII.HonestBridgeRecord,PASS_LOCAL_REPLAY,structure,39,FoundationsVII.Join.Source,formalization/lean/FoundationsVII/Join/Source.lean,HonestBridgeRecord,272bb0c0775dc243496ec614224461c9573c25dc64e536f39327c3db22f57888,LEAN_KERNEL_REPLAY_PASS,
NOT_APPLICABLE_DEFINITION,,FoundationsVII.HonestBridgeRecord.Certified,PASS_LOCAL_REPLAY,def,51,FoundationsVII.Join.Source,formalization/lean/FoundationsVII/Join/Source.lean,Certified,0a86e25e93f450714e331aea447ad988b4fca392b74a9b7022cb888815a0eed0,LEAN_KERNEL_REPLAY_PASS,
NOT_APPLICABLE_DEFINITION,,FoundationsVII.SourceIndependenceGate,PASS_LOCAL_REPLAY,structure,78,FoundationsVII.Join.Source,formalization/lean/FoundationsVII/Join/Source.lean,SourceIndependenceGate,8c6bbcd85570f768f3935b96a637f79acc860c55ac35d20341268ce9af4d373c,LEAN_KERNEL_REPLAY_PASS,
NOT_APPLICABLE_DEFINITION,,FoundationsVII.SourceIndependenceGate.Certified,PASS_LOCAL_REPLAY,def,88,FoundationsVII.Join.Source,formalization/lean/FoundationsVII/Join/Source.lean,Certified,9c75c2d383f7c0160c9596ee03634ed19c33149d6372b8d7f35446f2a90f33e5,LEAN_KERNEL_REPLAY_PASS,
NOT_APPLICABLE_DEFINITION,,FoundationsVII.SourceIndependenceGate.IndependenceSensitiveCredit,PASS_LOCAL_REPLAY,def,93,FoundationsVII.Join.Source,formalization/lean/FoundationsVII/Join/Source.lean,IndependenceSensitiveCredit,fdfd8c979967f943a9e1567b0c91088c6866bd8a63d36484c799e5f1e0390a02,LEAN_KERNEL_REPLAY_PASS,
NOT_APPLICABLE_DEFINITION,,FoundationsVII.JoinStatus,PASS_LOCAL_REPLAY,inductive,13,FoundationsVII.Join.Status,formalization/lean/FoundationsVII/Join/Status.lean,JoinStatus,198f0fe5b24d35ca847e21f42b7ece94ace2af80d5a810acc65c6b23c4c0f3ea,LEAN_KERNEL_REPLAY_PASS,
NOT_APPLICABLE_DEFINITION,,FoundationsVII.JoinAssessment,PASS_LOCAL_REPLAY,structure,23,FoundationsVII.Join.Status,formalization/lean/FoundationsVII/Join/Status.lean,JoinAssessment,7c8570fc2056e98e2cf2bf0a3905386d5ec31ca716846e564f9b0aaf3d6259d4,LEAN_KERNEL_REPLAY_PASS,
NOT_APPLICABLE_DEFINITION,,FoundationsVII.JoinAssessment.StrictEligible,PASS_LOCAL_REPLAY,def,38,FoundationsVII.Join.Status,formalization/lean/FoundationsVII/Join/Status.lean,StrictEligible,62d84882ea4b36dfb1cd623f18924a1afaa5d462f0028d40c89fd261fb6a927e,LEAN_KERNEL_REPLAY_PASS,
NOT_APPLICABLE_DEFINITION,,FoundationsVII.JoinAssessment.strictEligibleB,PASS_LOCAL_REPLAY,def,51,FoundationsVII.Join.Status,formalization/lean/FoundationsVII/Join/Status.lean,strictEligibleB,debc87cd5372996dad4598ad72cf45afc57f0b2217a90f8e7f5cccb19a6020ae,LEAN_KERNEL_REPLAY_PASS,
NOT_APPLICABLE_DEFINITION,,FoundationsVII.JoinAssessment.classify,PASS_LOCAL_REPLAY,def,56,FoundationsVII.Join.Status,formalization/lean/FoundationsVII/Join/Status.lean,classify,12977262352e62f438cf94bbc3b11e5e2f2c1abd904ded8535941cbe77e4b1dd,LEAN_KERNEL_REPLAY_PASS,
NOT_APPLICABLE_DEFINITION,,FoundationsVII.JoinAssessment.overlappingAxesExample,PASS_LOCAL_REPLAY,def,88,FoundationsVII.Join.Status,formalization/lean/FoundationsVII/Join/Status.lean,overlappingAxesExample,ef2e6e423530119b4d135645a39d692bd10b5cc8ed20d90f1a0b53597fdb36fc,LEAN_KERNEL_REPLAY_PASS,
NOT_APPLICABLE_DEFINITION,,FoundationsVII.AntiProductWitness,PASS_LOCAL_REPLAY,structure,13,FoundationsVII.Join.Strictness,formalization/lean/FoundationsVII/Join/Strictness.lean,AntiProductWitness,20e51f0ea163f276ea388102a23fd2d7259d28429407f17365f0782b1f4f8f09,LEAN_KERNEL_REPLAY_PASS,
NOT_APPLICABLE_DEFINITION,,FoundationsVII.AntiProductWitness.Valid,PASS_LOCAL_REPLAY,def,28,FoundationsVII.Join.Strictness,formalization/lean/FoundationsVII/Join/Strictness.lean,Valid,58c1d0ba28f2265436c478da25107e5842399dbb8faf1b6b1e59a30e9e57cfe3,LEAN_KERNEL_REPLAY_PASS,
NOT_APPLICABLE_DEFINITION,,FoundationsVII.StrictJoinEvidence,PASS_LOCAL_REPLAY,structure,81,FoundationsVII.Join.Strictness,formalization/lean/FoundationsVII/Join/Strictness.lean,StrictJoinEvidence,248a77552ed6da65c97b8784b9f2930a2b8f3ba7336c99fd85c1f3cb36537fd2,LEAN_KERNEL_REPLAY_PASS,
NOT_APPLICABLE_DEFINITION,,FoundationsVII.StrictJoinEvidence.Certified,PASS_LOCAL_REPLAY,def,96,FoundationsVII.Join.Strictness,formalization/lean/FoundationsVII/Join/Strictness.lean,Certified,36da25f6ec2629e0357094235ea12106989589e6f23f8e913216fda16f93a840,LEAN_KERNEL_REPLAY_PASS,
NOT_APPLICABLE_DEFINITION,,FoundationsVII.StrictJoinProfile,PASS_LOCAL_REPLAY,structure,137,FoundationsVII.Join.Strictness,formalization/lean/FoundationsVII/Join/Strictness.lean,StrictJoinProfile,bf71f9b5c500ed597550863aef37360ceb45535da803a284fac786949045b6ac,LEAN_KERNEL_REPLAY_PASS,
NOT_APPLICABLE_DEFINITION,,FoundationsVII.StrictJoinProfile.Certified,PASS_LOCAL_REPLAY,def,149,FoundationsVII.Join.Strictness,formalization/lean/FoundationsVII/Join/Strictness.lean,Certified,67029e65c275dba0d170016c69b3c578f363927de80a68475cef4a011d8b6cd7,LEAN_KERNEL_REPLAY_PASS,
NOT_APPLICABLE_DEFINITION,,FoundationsVII.Models.Finite.countermodelPass,PASS_LOCAL_REPLAY,def,7,FoundationsVII.Models.Finite.Countermodels,formalization/lean/FoundationsVII/Models/Finite/Countermodels.lean,countermodelPass,a25de342d57be4433f969c5461fb116cdae535278ed2a215a70ef997d36ee155,LEAN_KERNEL_REPLAY_PASS,
NOT_APPLICABLE_DEFINITION,,FoundationsVII.Models.Finite.countermodel01,PASS_LOCAL_REPLAY,def,11,FoundationsVII.Models.Finite.Countermodels,formalization/lean/FoundationsVII/Models/Finite/Countermodels.lean,countermodel01,d54aefb1f1f996ae20e4bd713d96f530d61b25d55b5b5df160d24a9aa4a358ab,LEAN_KERNEL_REPLAY_PASS,
NOT_APPLICABLE_DEFINITION,,FoundationsVII.Models.Finite.countermodel02,PASS_LOCAL_REPLAY,def,22,FoundationsVII.Models.Finite.Countermodels,formalization/lean/FoundationsVII/Models/Finite/Countermodels.lean,countermodel02,ce338caa206efd802b18a949187fbcfaf1e807f4cdd9121f04cdc8ec290c0c22,LEAN_KERNEL_REPLAY_PASS,
NOT_APPLICABLE_DEFINITION,,FoundationsVII.Models.Finite.countermodel03,PASS_LOCAL_REPLAY,def,33,FoundationsVII.Models.Finite.Countermodels,formalization/lean/FoundationsVII/Models/Finite/Countermodels.lean,countermodel03,21b1a85ca28ab7926bbddf2e55dbb1dfe08bb2eac298307453166b8d1d8f823d,LEAN_KERNEL_REPLAY_PASS,
NOT_APPLICABLE_DEFINITION,,FoundationsVII.Models.Finite.countermodel04,PASS_LOCAL_REPLAY,def,44,FoundationsVII.Models.Finite.Countermodels,formalization/lean/FoundationsVII/Models/Finite/Countermodels.lean,countermodel04,0d235038b625ff8d7e0b98115cd7658a215cbb5636b0f144e8f32886497817af,LEAN_KERNEL_REPLAY_PASS,
NOT_APPLICABLE_DEFINITION,,FoundationsVII.Models.Finite.countermodel05,PASS_LOCAL_REPLAY,def,55,FoundationsVII.Models.Finite.Countermodels,formalization/lean/FoundationsVII/Models/Finite/Countermodels.lean,countermodel05,dceab9163a3a403ea9b80cfec320862b8d200c7247de13ee89e99c37247b1134,LEAN_KERNEL_REPLAY_PASS,
NOT_APPLICABLE_DEFINITION,,FoundationsVII.Models.Finite.countermodel06,PASS_LOCAL_REPLAY,def,66,FoundationsVII.Models.Finite.Countermodels,formalization/lean/FoundationsVII/Models/Finite/Countermodels.lean,countermodel06,0e92ef407cf4e84a936070c4d1992fcaffda33e22226a2eece8603a05fb0879d,LEAN_KERNEL_REPLAY_PASS,
NOT_APPLICABLE_DEFINITION,,FoundationsVII.Models.Finite.countermodel07,PASS_LOCAL_REPLAY,def,77,FoundationsVII.Models.Finite.Countermodels,formalization/lean/FoundationsVII/Models/Finite/Countermodels.lean,countermodel07,2519b160cb91daceba2080765632477363ab455e383a71938dc3cbc72be82288,LEAN_KERNEL_REPLAY_PASS,
NOT_APPLICABLE_DEFINITION,,FoundationsVII.Models.Finite.countermodel08,PASS_LOCAL_REPLAY,def,88,FoundationsVII.Models.Finite.Countermodels,formalization/lean/FoundationsVII/Models/Finite/Countermodels.lean,countermodel08,7f34487476dc097776493a652dbf894ab75eb33b298b260bf0fe5a0448cffd4b,LEAN_KERNEL_REPLAY_PASS,
NOT_APPLICABLE_DEFINITION,,FoundationsVII.Models.Finite.countermodel09,PASS_LOCAL_REPLAY,def,99,FoundationsVII.Models.Finite.Countermodels,formalization/lean/FoundationsVII/Models/Finite/Countermodels.lean,countermodel09,ef34202a8f76c69c9e7ddec03e91e5cd19249e7a7db2789ff80df46b4da40724,LEAN_KERNEL_REPLAY_PASS,
NOT_APPLICABLE_DEFINITION,,FoundationsVII.Models.Finite.countermodel10,PASS_LOCAL_REPLAY,def,110,FoundationsVII.Models.Finite.Countermodels,formalization/lean/FoundationsVII/Models/Finite/Countermodels.lean,countermodel10,3583dc02b7cb2e6c3bbbb7bcf3540af004529f4dd70082f4f51693d951a82475,LEAN_KERNEL_REPLAY_PASS,
NOT_APPLICABLE_DEFINITION,,FoundationsVII.Models.Finite.countermodel11,PASS_LOCAL_REPLAY,def,121,FoundationsVII.Models.Finite.Countermodels,formalization/lean/FoundationsVII/Models/Finite/Countermodels.lean,countermodel11,eb59447b0e098536f1850f2c5e06c11c20bf36e63a1b4726cf45bfb7934a64f1,LEAN_KERNEL_REPLAY_PASS,
NOT_APPLICABLE_DEFINITION,,FoundationsVII.Models.Finite.countermodel12,PASS_LOCAL_REPLAY,def,132,FoundationsVII.Models.Finite.Countermodels,formalization/lean/FoundationsVII/Models/Finite/Countermodels.lean,countermodel12,50ba26fc9f84a2143a9bd76c59b7fb244b8c3b6e5b60edde29b77829a93287e2,LEAN_KERNEL_REPLAY_PASS,
NOT_APPLICABLE_DEFINITION,,FoundationsVII.Models.Finite.countermodel13,PASS_LOCAL_REPLAY,def,143,FoundationsVII.Models.Finite.Countermodels,formalization/lean/FoundationsVII/Models/Finite/Countermodels.lean,countermodel13,34a78015f25d7be64860b01d22043df576897ec0fd54a4f1aa5842c557a1b3e2,LEAN_KERNEL_REPLAY_PASS,
NOT_APPLICABLE_DEFINITION,,FoundationsVII.Models.Finite.countermodel14,PASS_LOCAL_REPLAY,def,154,FoundationsVII.Models.Finite.Countermodels,formalization/lean/FoundationsVII/Models/Finite/Countermodels.lean,countermodel14,f8d2c9b38d0b820a17cdb3062b2dace0fc0c91c24740e4be748eaf0407490b3d,LEAN_KERNEL_REPLAY_PASS,
NOT_APPLICABLE_DEFINITION,,FoundationsVII.Models.Finite.countermodel15,PASS_LOCAL_REPLAY,def,165,FoundationsVII.Models.Finite.Countermodels,formalization/lean/FoundationsVII/Models/Finite/Countermodels.lean,countermodel15,be82f2a71e4172f2e8dc28603ea1036b3ea46a41a5de36f1ad02fcb8314dd270,LEAN_KERNEL_REPLAY_PASS,
NOT_APPLICABLE_DEFINITION,,FoundationsVII.Models.Finite.countermodel16,PASS_LOCAL_REPLAY,def,176,FoundationsVII.Models.Finite.Countermodels,formalization/lean/FoundationsVII/Models/Finite/Countermodels.lean,countermodel16,8c25d17a6cfde493f3cadb03a1327de6d2bbcf1f944880409b592f255077f58f,LEAN_KERNEL_REPLAY_PASS,
NOT_APPLICABLE_DEFINITION,,FoundationsVII.Models.Finite.countermodel17,PASS_LOCAL_REPLAY,def,187,FoundationsVII.Models.Finite.Countermodels,formalization/lean/FoundationsVII/Models/Finite/Countermodels.lean,countermodel17,4f33ad167c02497c23627823ca8d7f65a7a56950d115444e9a5cb0fb37a690e0,LEAN_KERNEL_REPLAY_PASS,
NOT_APPLICABLE_DEFINITION,,FoundationsVII.Models.Finite.countermodel18,PASS_LOCAL_REPLAY,def,198,FoundationsVII.Models.Finite.Countermodels,formalization/lean/FoundationsVII/Models/Finite/Countermodels.lean,countermodel18,0da0f2861beefd7a5c13cbf5406466271e16714ab5ecb5e904586bc82a583402,LEAN_KERNEL_REPLAY_PASS,
NOT_APPLICABLE_DEFINITION,,FoundationsVII.Models.Finite.countermodel19,PASS_LOCAL_REPLAY,def,209,FoundationsVII.Models.Finite.Countermodels,formalization/lean/FoundationsVII/Models/Finite/Countermodels.lean,countermodel19,ec18d5e4b6a52074bb5bdd6ac8b8614f8f139c008fe9105e3446cbb1d762a33c,LEAN_KERNEL_REPLAY_PASS,
NOT_APPLICABLE_DEFINITION,,FoundationsVII.Models.Finite.countermodel20,PASS_LOCAL_REPLAY,def,220,FoundationsVII.Models.Finite.Countermodels,formalization/lean/FoundationsVII/Models/Finite/Countermodels.lean,countermodel20,424d7ee5bf44ae1d050b3a0e20e29a20b0b25ad262d7474dab5c8d03db46b18c,LEAN_KERNEL_REPLAY_PASS,
NOT_APPLICABLE_DEFINITION,,FoundationsVII.Models.Finite.countermodel21,PASS_LOCAL_REPLAY,def,231,FoundationsVII.Models.Finite.Countermodels,formalization/lean/FoundationsVII/Models/Finite/Countermodels.lean,countermodel21,bd4c9088e1d1d7064ef608b2cb496dfb1ac6e31442cd616c61c6ff295a837d3d,LEAN_KERNEL_REPLAY_PASS,
NOT_APPLICABLE_DEFINITION,,FoundationsVII.Models.Finite.countermodel22,PASS_LOCAL_REPLAY,def,242,FoundationsVII.Models.Finite.Countermodels,formalization/lean/FoundationsVII/Models/Finite/Countermodels.lean,countermodel22,6197e18c02524ae8c3829b582c3114e01f3888b461eb095e0b6d72e4d341137d,LEAN_KERNEL_REPLAY_PASS,
NOT_APPLICABLE_DEFINITION,,FoundationsVII.Models.Finite.countermodel23,PASS_LOCAL_REPLAY,def,253,FoundationsVII.Models.Finite.Countermodels,formalization/lean/FoundationsVII/Models/Finite/Countermodels.lean,countermodel23,1a1e247da92c54c38fd9532b4f37973ad6fc161c6abe58a011789aa1cda7a70f,LEAN_KERNEL_REPLAY_PASS,
NOT_APPLICABLE_DEFINITION,,FoundationsVII.Models.Finite.countermodel24,PASS_LOCAL_REPLAY,def,264,FoundationsVII.Models.Finite.Countermodels,formalization/lean/FoundationsVII/Models/Finite/Countermodels.lean,countermodel24,3aaa809c5b88267bfd9540fe9889908a327cd695fe2467c6ec437d7a40d3ba51,LEAN_KERNEL_REPLAY_PASS,
NOT_APPLICABLE_DEFINITION,,FoundationsVII.Models.Finite.countermodel25,PASS_LOCAL_REPLAY,def,275,FoundationsVII.Models.Finite.Countermodels,formalization/lean/FoundationsVII/Models/Finite/Countermodels.lean,countermodel25,496093961a68b2d39639b7a2582828712d488b624400a7da89ad333a357af22a,LEAN_KERNEL_REPLAY_PASS,
NOT_APPLICABLE_DEFINITION,,FoundationsVII.Models.Finite.countermodel26,PASS_LOCAL_REPLAY,def,286,FoundationsVII.Models.Finite.Countermodels,formalization/lean/FoundationsVII/Models/Finite/Countermodels.lean,countermodel26,95b454f7cb8cda51144fae7a374fcd47656b5a5c5e94dcf13512442fda93ffef,LEAN_KERNEL_REPLAY_PASS,
NOT_APPLICABLE_DEFINITION,,FoundationsVII.Models.Finite.countermodel27,PASS_LOCAL_REPLAY,def,297,FoundationsVII.Models.Finite.Countermodels,formalization/lean/FoundationsVII/Models/Finite/Countermodels.lean,countermodel27,b5839f95ec75403569aeeb0e906ca8a6da568b2a26c25f32af2cb5e1e3138edd,LEAN_KERNEL_REPLAY_PASS,
NOT_APPLICABLE_DEFINITION,,FoundationsVII.Models.Finite.allCountermodels,PASS_LOCAL_REPLAY,def,308,FoundationsVII.Models.Finite.Countermodels,formalization/lean/FoundationsVII/Models/Finite/Countermodels.lean,allCountermodels,717d43a45dd36edfef61bb9264581d2f0f9d5182c7a45f588f3fb84ce3c3a809,LEAN_KERNEL_REPLAY_PASS,
NOT_APPLICABLE_DEFINITION,,FoundationsVII.Models.Finite.phase1DetectorContract,PASS_LOCAL_REPLAY,def,23,FoundationsVII.Models.Finite.Detector,formalization/lean/FoundationsVII/Models/Finite/Detector.lean,phase1DetectorContract,684c762aeabd5ea7567a9cb5c36c9aacac3ff5e6e8ed0574bce34d91cdf4c211,LEAN_KERNEL_REPLAY_PASS,
NOT_APPLICABLE_DEFINITION,,FoundationsVII.Models.Finite.derive,PASS_LOCAL_REPLAY,def,12,FoundationsVII.Models.Finite.Evaluator,formalization/lean/FoundationsVII/Models/Finite/Evaluator.lean,derive,b70e5589623d69f30b90585df8941ffc6043c31fe7a967d41397b8fe4ac6a48e,LEAN_KERNEL_REPLAY_PASS,
NOT_APPLICABLE_DEFINITION,,FoundationsVII.Models.Finite.classify,PASS_LOCAL_REPLAY,def,29,FoundationsVII.Models.Finite.Evaluator,formalization/lean/FoundationsVII/Models/Finite/Evaluator.lean,classify,8b1294b2d8314495fa2af6c1d4e7d475fc801bbcf0eda2b15073bd5f03d69168,LEAN_KERNEL_REPLAY_PASS,
NOT_APPLICABLE_DEFINITION,,FoundationsVII.Models.Finite.evaluate,PASS_LOCAL_REPLAY,def,84,FoundationsVII.Models.Finite.Evaluator,formalization/lean/FoundationsVII/Models/Finite/Evaluator.lean,evaluate,5752356350f15b3e407b50306bac578c271ce684a627048bbfeb61112c58ad3a,LEAN_KERNEL_REPLAY_PASS,
NOT_APPLICABLE_DEFINITION,,FoundationsVII.Models.Finite.derivedValue,PASS_LOCAL_REPLAY,def,88,FoundationsVII.Models.Finite.Evaluator,formalization/lean/FoundationsVII/Models/Finite/Evaluator.lean,derivedValue,37bc3ecac677394aba5bd7b8144a950ab276e38df50b23103e799768940e40a0,LEAN_KERNEL_REPLAY_PASS,
NOT_APPLICABLE_DEFINITION,,FoundationsVII.Models.Finite.assertionsPass,PASS_LOCAL_REPLAY,def,102,FoundationsVII.Models.Finite.Evaluator,formalization/lean/FoundationsVII/Models/Finite/Evaluator.lean,assertionsPass,2edd08e9c0281e6bfc45808b4f6dd587de4525381390ffe2a5239a25cdca4583,LEAN_KERNEL_REPLAY_PASS,
NOT_APPLICABLE_DEFINITION,,FoundationsVII.Models.Finite.scenarioPass,PASS_LOCAL_REPLAY,def,107,FoundationsVII.Models.Finite.Evaluator,formalization/lean/FoundationsVII/Models/Finite/Evaluator.lean,scenarioPass,93c46a282691cfcf792816c0a78fe1ee3dad724ffb6b68fe13593327bcd593e8,LEAN_KERNEL_REPLAY_PASS,
NOT_APPLICABLE_DEFINITION,,FoundationsVII.Models.Finite.ScenarioFlags,PASS_LOCAL_REPLAY,structure,9,FoundationsVII.Models.Finite.Flags,formalization/lean/FoundationsVII/Models/Finite/Flags.lean,ScenarioFlags,d9ad0a3078a0865cc6e28d4dc4d9cb194e595dacacd292341a51353e6e1aa0c8,LEAN_KERNEL_REPLAY_PASS,
NOT_APPLICABLE_DEFINITION,,FoundationsVII.Models.Finite.ScenarioStatus,PASS_LOCAL_REPLAY,inductive,44,FoundationsVII.Models.Finite.Flags,formalization/lean/FoundationsVII/Models/Finite/Flags.lean,ScenarioStatus,90c866d280e3a8bfd00c7c8ac95566a462e27c83e14637de255c44347f691bd9,LEAN_KERNEL_REPLAY_PASS,
NOT_APPLICABLE_DEFINITION,,FoundationsVII.Models.Finite.ScenarioStatus.all,PASS_LOCAL_REPLAY,def,74,FoundationsVII.Models.Finite.Flags,formalization/lean/FoundationsVII/Models/Finite/Flags.lean,all,d109eb04d98267483ed9fb52d445e3bcc95650e7b532a99a401b31656703d552,LEAN_KERNEL_REPLAY_PASS,
NOT_APPLICABLE_DEFINITION,,FoundationsVII.Models.Finite.DerivedKey,PASS_LOCAL_REPLAY,inductive,92,FoundationsVII.Models.Finite.Flags,formalization/lean/FoundationsVII/Models/Finite/Flags.lean,DerivedKey,23df60773a8e6eced3d023de53bb34416cf5324e6ed85b50c42e9adc96ce50ec,LEAN_KERNEL_REPLAY_PASS,
NOT_APPLICABLE_DEFINITION,,FoundationsVII.Models.Finite.DerivedKey.all,PASS_LOCAL_REPLAY,def,109,FoundationsVII.Models.Finite.Flags,formalization/lean/FoundationsVII/Models/Finite/Flags.lean,all,4921cd1cb3ffaf8aba6cf0298e51e2814d35c1fe43babd126b332d8d5c3ec46b,LEAN_KERNEL_REPLAY_PASS,
NOT_APPLICABLE_DEFINITION,,FoundationsVII.Models.Finite.DerivedFacts,PASS_LOCAL_REPLAY,structure,119,FoundationsVII.Models.Finite.Flags,formalization/lean/FoundationsVII/Models/Finite/Flags.lean,DerivedFacts,1bf8fcb06495d7ae98ce19244d5e6f3432359a3eef841a9f15b5ea07ca7a2f39,LEAN_KERNEL_REPLAY_PASS,
NOT_APPLICABLE_DEFINITION,,FoundationsVII.Models.Finite.ScenarioFixture,PASS_LOCAL_REPLAY,structure,134,FoundationsVII.Models.Finite.Flags,formalization/lean/FoundationsVII/Models/Finite/Flags.lean,ScenarioFixture,03d93d392427a3176c11029023a857d1713dad6ef8100330c22e92571d3df275,LEAN_KERNEL_REPLAY_PASS,
NOT_APPLICABLE_DEFINITION,,FoundationsVII.Models.Finite.CountermodelFixture,PASS_LOCAL_REPLAY,structure,143,FoundationsVII.Models.Finite.Flags,formalization/lean/FoundationsVII/Models/Finite/Flags.lean,CountermodelFixture,56f6a4d3b9520164a2ae654333e9c5a6be984589a99897f5868302a1c5512713,LEAN_KERNEL_REPLAY_PASS,
NOT_APPLICABLE_DEFINITION,,FoundationsVII.Models.Finite.Phase2.AccessCase,PASS_LOCAL_REPLAY,structure,21,FoundationsVII.Models.Finite.Phase2.AdmissionEnvelope,formalization/lean/FoundationsVII/Models/Finite/Phase2/AdmissionEnvelope.lean,AccessCase,1c55ff6f9ead680b94efe69af844dac8dd26b1ca33ebdea13a9d729931f76e38,LEAN_KERNEL_REPLAY_PASS,
NOT_APPLICABLE_DEFINITION,,FoundationsVII.Models.Finite.Phase2.accessCoherent,PASS_LOCAL_REPLAY,def,31,FoundationsVII.Models.Finite.Phase2.AdmissionEnvelope,formalization/lean/FoundationsVII/Models/Finite/Phase2/AdmissionEnvelope.lean,accessCoherent,ab48b1f6e5a18e9d13d317cdf2bb40b40a6bf51ad576c058642bc608ce4da71f,LEAN_KERNEL_REPLAY_PASS,
NOT_APPLICABLE_DEFINITION,,FoundationsVII.Models.Finite.Phase2.allAccessCases,PASS_LOCAL_REPLAY,def,39,FoundationsVII.Models.Finite.Phase2.AdmissionEnvelope,formalization/lean/FoundationsVII/Models/Finite/Phase2/AdmissionEnvelope.lean,allAccessCases,ad2559083dbbf49efa370aa560159753cb5800326142681ac22906799b06af72,LEAN_KERNEL_REPLAY_PASS,
NOT_APPLICABLE_DEFINITION,,FoundationsVII.Models.Finite.Phase2.TransitionCase,PASS_LOCAL_REPLAY,structure,57,FoundationsVII.Models.Finite.Phase2.AdmissionEnvelope,formalization/lean/FoundationsVII/Models/Finite/Phase2/AdmissionEnvelope.lean,TransitionCase,b72b39d1aa5232aebec53d4b54ad9994284900f84028f98d5d8da62e5c301ceb,LEAN_KERNEL_REPLAY_PASS,
NOT_APPLICABLE_DEFINITION,,FoundationsVII.Models.Finite.Phase2.transitionCoherent,PASS_LOCAL_REPLAY,def,67,FoundationsVII.Models.Finite.Phase2.AdmissionEnvelope,formalization/lean/FoundationsVII/Models/Finite/Phase2/AdmissionEnvelope.lean,transitionCoherent,6dba886423c54abeb7a3f13ac060954d9ccb5fa5779591f4be93bcbe0609e6d5,LEAN_KERNEL_REPLAY_PASS,
NOT_APPLICABLE_DEFINITION,,FoundationsVII.Models.Finite.Phase2.allTransitionCases,PASS_LOCAL_REPLAY,def,73,FoundationsVII.Models.Finite.Phase2.AdmissionEnvelope,formalization/lean/FoundationsVII/Models/Finite/Phase2/AdmissionEnvelope.lean,allTransitionCases,70c55b05a1b3b3e7abeccecff209703a9b00a019df4165336517b1deba21606d,LEAN_KERNEL_REPLAY_PASS,
NOT_APPLICABLE_DEFINITION,,FoundationsVII.Models.Finite.Phase2.BootstrapCase,PASS_LOCAL_REPLAY,structure,91,FoundationsVII.Models.Finite.Phase2.AdmissionEnvelope,formalization/lean/FoundationsVII/Models/Finite/Phase2/AdmissionEnvelope.lean,BootstrapCase,881e7557e6b1fbd5eae97f905d63985ac838cfafcd88924402697c0870b95406,LEAN_KERNEL_REPLAY_PASS,
NOT_APPLICABLE_DEFINITION,,FoundationsVII.Models.Finite.Phase2.bootstrapLaw,PASS_LOCAL_REPLAY,def,99,FoundationsVII.Models.Finite.Phase2.AdmissionEnvelope,formalization/lean/FoundationsVII/Models/Finite/Phase2/AdmissionEnvelope.lean,bootstrapLaw,e5bb1cc3f51fdf389e143565518e538ef1bbdea4401fe70eafb29495e7c0524a,LEAN_KERNEL_REPLAY_PASS,
NOT_APPLICABLE_DEFINITION,,FoundationsVII.Models.Finite.Phase2.allBootstrapCases,PASS_LOCAL_REPLAY,def,103,FoundationsVII.Models.Finite.Phase2.AdmissionEnvelope,formalization/lean/FoundationsVII/Models/Finite/Phase2/AdmissionEnvelope.lean,allBootstrapCases,d36722b21d48ec35bd4ed87981bd81120ef07c50ce99ec80ea1c5cdece904c77,LEAN_KERNEL_REPLAY_PASS,
NOT_APPLICABLE_DEFINITION,,FoundationsVII.Models.Finite.Phase2.CommitmentCase,PASS_LOCAL_REPLAY,structure,119,FoundationsVII.Models.Finite.Phase2.AdmissionEnvelope,formalization/lean/FoundationsVII/Models/Finite/Phase2/AdmissionEnvelope.lean,CommitmentCase,f4f279a82ea03064abaeb4e489a85fb7791fa36aa33466daaabfc2fcf0c193b7,LEAN_KERNEL_REPLAY_PASS,
NOT_APPLICABLE_DEFINITION,,FoundationsVII.Models.Finite.Phase2.commitmentLaw,PASS_LOCAL_REPLAY,def,130,FoundationsVII.Models.Finite.Phase2.AdmissionEnvelope,formalization/lean/FoundationsVII/Models/Finite/Phase2/AdmissionEnvelope.lean,commitmentLaw,e785d5e26e47230fc9aa2f944e33ddacb4e57eb565d1bad9067915d6177e726a,LEAN_KERNEL_REPLAY_PASS,
NOT_APPLICABLE_DEFINITION,,FoundationsVII.Models.Finite.Phase2.allCommitmentCases,PASS_LOCAL_REPLAY,def,136,FoundationsVII.Models.Finite.Phase2.AdmissionEnvelope,formalization/lean/FoundationsVII/Models/Finite/Phase2/AdmissionEnvelope.lean,allCommitmentCases,98c8d9cc2f178b17494cf64c92cfef70c7ffc6e013a6aaac254b4ec8c13445c8,LEAN_KERNEL_REPLAY_PASS,
NOT_APPLICABLE_DEFINITION,,FoundationsVII.Models.Finite.Phase2.OriginCase,PASS_LOCAL_REPLAY,structure,157,FoundationsVII.Models.Finite.Phase2.AdmissionEnvelope,formalization/lean/FoundationsVII/Models/Finite/Phase2/AdmissionEnvelope.lean,OriginCase,75b7bceaf2b047cda2b511283f6d60199df3d300809d188914edb21ba0f6c29a,LEAN_KERNEL_REPLAY_PASS,
NOT_APPLICABLE_DEFINITION,,FoundationsVII.Models.Finite.Phase2.originLaw,PASS_LOCAL_REPLAY,def,168,FoundationsVII.Models.Finite.Phase2.AdmissionEnvelope,formalization/lean/FoundationsVII/Models/Finite/Phase2/AdmissionEnvelope.lean,originLaw,b788523229dc855ff370933bd5d24b6338ae893ccca99f74e8369deef74165cb,LEAN_KERNEL_REPLAY_PASS,
NOT_APPLICABLE_DEFINITION,,FoundationsVII.Models.Finite.Phase2.allOriginCases,PASS_LOCAL_REPLAY,def,171,FoundationsVII.Models.Finite.Phase2.AdmissionEnvelope,formalization/lean/FoundationsVII/Models/Finite/Phase2/AdmissionEnvelope.lean,allOriginCases,364e2b1eaa18eeeb0cd01132ed753a5a6a510feafc5e9f2f6fca4ec2dd70172e,LEAN_KERNEL_REPLAY_PASS,
NOT_APPLICABLE_DEFINITION,,FoundationsVII.Models.Finite.Phase2.TotalityCase,PASS_LOCAL_REPLAY,structure,194,FoundationsVII.Models.Finite.Phase2.AdmissionEnvelope,formalization/lean/FoundationsVII/Models/Finite/Phase2/AdmissionEnvelope.lean,TotalityCase,5c91d9af29a3fa9408cbfa7b77a7736dcf0d61d32c697979b8adf3aaa8d7f2eb,LEAN_KERNEL_REPLAY_PASS,
NOT_APPLICABLE_DEFINITION,,FoundationsVII.Models.Finite.Phase2.totalityLaw,PASS_LOCAL_REPLAY,def,202,FoundationsVII.Models.Finite.Phase2.AdmissionEnvelope,formalization/lean/FoundationsVII/Models/Finite/Phase2/AdmissionEnvelope.lean,totalityLaw,cc49bdba08a005e3c0a67bb333c59d9016f15315d46590a4306119cc312840a4,LEAN_KERNEL_REPLAY_PASS,
NOT_APPLICABLE_DEFINITION,,FoundationsVII.Models.Finite.Phase2.allTotalityCases,PASS_LOCAL_REPLAY,def,207,FoundationsVII.Models.Finite.Phase2.AdmissionEnvelope,formalization/lean/FoundationsVII/Models/Finite/Phase2/AdmissionEnvelope.lean,allTotalityCases,19549dd0b716f843b706daf5f96aeb0bb1aea098636d8d5b1ed307c603087e8e,LEAN_KERNEL_REPLAY_PASS,
NOT_APPLICABLE_DEFINITION,,FoundationsVII.Models.Finite.Phase2.HorizonCase,PASS_LOCAL_REPLAY,structure,224,FoundationsVII.Models.Finite.Phase2.AdmissionEnvelope,formalization/lean/FoundationsVII/Models/Finite/Phase2/AdmissionEnvelope.lean,HorizonCase,70eb4ece0f67ac900ffe24b350cc8a43c0852fb24c596c3b795c0b210c2847ac,LEAN_KERNEL_REPLAY_PASS,
NOT_APPLICABLE_DEFINITION,,FoundationsVII.Models.Finite.Phase2.horizonLaw,PASS_LOCAL_REPLAY,def,233,FoundationsVII.Models.Finite.Phase2.AdmissionEnvelope,formalization/lean/FoundationsVII/Models/Finite/Phase2/AdmissionEnvelope.lean,horizonLaw,baa957ddd24d7d1db13a48b12fd44b1594d09ac5b1e86d675a81498560f1c015,LEAN_KERNEL_REPLAY_PASS,
NOT_APPLICABLE_DEFINITION,,FoundationsVII.Models.Finite.Phase2.allHorizonCases,PASS_LOCAL_REPLAY,def,238,FoundationsVII.Models.Finite.Phase2.AdmissionEnvelope,formalization/lean/FoundationsVII/Models/Finite/Phase2/AdmissionEnvelope.lean,allHorizonCases,25813fb9a8ab26a8ebd71775a0391e47a47ba1d237b1f1a65be2b01436f343b3,LEAN_KERNEL_REPLAY_PASS,
NOT_APPLICABLE_DEFINITION,,FoundationsVII.Models.Finite.Phase2.ObserverCase,PASS_LOCAL_REPLAY,structure,256,FoundationsVII.Models.Finite.Phase2.AdmissionEnvelope,formalization/lean/FoundationsVII/Models/Finite/Phase2/AdmissionEnvelope.lean,ObserverCase,3c3fdf38bf68df3a6c495e5dd92cdcb413441dc65d65bc1a0e4fb8ca221f1c40,LEAN_KERNEL_REPLAY_PASS,
NOT_APPLICABLE_DEFINITION,,FoundationsVII.Models.Finite.Phase2.observerLaw,PASS_LOCAL_REPLAY,def,262,FoundationsVII.Models.Finite.Phase2.AdmissionEnvelope,formalization/lean/FoundationsVII/Models/Finite/Phase2/AdmissionEnvelope.lean,observerLaw,3c3b261438a8fe8963455f3e0697992cb465e665a963145b580ae286cdbd9082,LEAN_KERNEL_REPLAY_PASS,
NOT_APPLICABLE_DEFINITION,,FoundationsVII.Models.Finite.Phase2.allObserverCases,PASS_LOCAL_REPLAY,def,265,FoundationsVII.Models.Finite.Phase2.AdmissionEnvelope,formalization/lean/FoundationsVII/Models/Finite/Phase2/AdmissionEnvelope.lean,allObserverCases,c9a833adfa4b067385ca72e43b57da623c540c9131d2a25ec4aadbf52e55563a,LEAN_KERNEL_REPLAY_PASS,
NOT_APPLICABLE_DEFINITION,,FoundationsVII.Models.Finite.Phase2.SettlementCase,PASS_LOCAL_REPLAY,structure,278,FoundationsVII.Models.Finite.Phase2.AdmissionEnvelope,formalization/lean/FoundationsVII/Models/Finite/Phase2/AdmissionEnvelope.lean,SettlementCase,d258f2e00da37af0cc1e0e7fb65b612a205a6a52dcbd327397dc6d121eb77e10,LEAN_KERNEL_REPLAY_PASS,
NOT_APPLICABLE_DEFINITION,,FoundationsVII.Models.Finite.Phase2.settlementLaw,PASS_LOCAL_REPLAY,def,286,FoundationsVII.Models.Finite.Phase2.AdmissionEnvelope,formalization/lean/FoundationsVII/Models/Finite/Phase2/AdmissionEnvelope.lean,settlementLaw,cdc2f99695f2fe12c2eb892a3124ab75092538e931aac5a3fbd852bbe5a7246b,LEAN_KERNEL_REPLAY_PASS,
NOT_APPLICABLE_DEFINITION,,FoundationsVII.Models.Finite.Phase2.allSettlementCases,PASS_LOCAL_REPLAY,def,289,FoundationsVII.Models.Finite.Phase2.AdmissionEnvelope,formalization/lean/FoundationsVII/Models/Finite/Phase2/AdmissionEnvelope.lean,allSettlementCases,2f32094bf1f520e873cdfdc7e516e64c852fcb95c1d74c15812c5c2c813aca8e,LEAN_KERNEL_REPLAY_PASS,
NOT_APPLICABLE_DEFINITION,,FoundationsVII.Models.Finite.Phase3.ContactTransportCase,PASS_LOCAL_REPLAY,structure,29,FoundationsVII.Models.Finite.Phase3.ContactJoinEnvelope,formalization/lean/FoundationsVII/Models/Finite/Phase3/ContactJoinEnvelope.lean,ContactTransportCase,800a3ab49044e483610b5257f64c2d88994d1442d0791db56d3435860a40d1cb,LEAN_KERNEL_REPLAY_PASS,
NOT_APPLICABLE_DEFINITION,,FoundationsVII.Models.Finite.Phase3.contactTransportLaw,PASS_LOCAL_REPLAY,def,40,FoundationsVII.Models.Finite.Phase3.ContactJoinEnvelope,formalization/lean/FoundationsVII/Models/Finite/Phase3/ContactJoinEnvelope.lean,contactTransportLaw,32f21de779805929968aae9bb158026092a1b03036b926bed6bfba09e5d232ef,LEAN_KERNEL_REPLAY_PASS,
NOT_APPLICABLE_DEFINITION,,FoundationsVII.Models.Finite.Phase3.allContactTransportCases,PASS_LOCAL_REPLAY,def,47,FoundationsVII.Models.Finite.Phase3.ContactJoinEnvelope,formalization/lean/FoundationsVII/Models/Finite/Phase3/ContactJoinEnvelope.lean,allContactTransportCases,ea77791ea23d6a0efbd9b86d0f0d3db6bbfadccbe3f657c729e3a0379e1dd7b7,LEAN_KERNEL_REPLAY_PASS,
NOT_APPLICABLE_DEFINITION,,FoundationsVII.Models.Finite.Phase3.JoinStatusCase,PASS_LOCAL_REPLAY,structure,71,FoundationsVII.Models.Finite.Phase3.ContactJoinEnvelope,formalization/lean/FoundationsVII/Models/Finite/Phase3/ContactJoinEnvelope.lean,JoinStatusCase,803b6d77bbabbf1c9298401c52cf1521089dbc14849983f0f669600f418120c6,LEAN_KERNEL_REPLAY_PASS,
NOT_APPLICABLE_DEFINITION,,FoundationsVII.Models.Finite.Phase3.joinStatusLaw,PASS_LOCAL_REPLAY,def,85,FoundationsVII.Models.Finite.Phase3.ContactJoinEnvelope,formalization/lean/FoundationsVII/Models/Finite/Phase3/ContactJoinEnvelope.lean,joinStatusLaw,e22c0736c81862067fc37047b8ae33b1b50449108f644b5e3ef3e9057a822622,LEAN_KERNEL_REPLAY_PASS,
NOT_APPLICABLE_DEFINITION,,FoundationsVII.Models.Finite.Phase3.allJoinStatusCases,PASS_LOCAL_REPLAY,def,97,FoundationsVII.Models.Finite.Phase3.ContactJoinEnvelope,formalization/lean/FoundationsVII/Models/Finite/Phase3/ContactJoinEnvelope.lean,allJoinStatusCases,6d0702a22f6708cd4962e39d595c8c48fb044a3a63a76497876a0dbaccef0ba2,LEAN_KERNEL_REPLAY_PASS,
NOT_APPLICABLE_DEFINITION,,FoundationsVII.Models.Finite.Phase3.FiniteJoinStatus,PASS_LOCAL_REPLAY,inductive,121,FoundationsVII.Models.Finite.Phase3.ContactJoinEnvelope,formalization/lean/FoundationsVII/Models/Finite/Phase3/ContactJoinEnvelope.lean,FiniteJoinStatus,dedb03f8cb56abc807399e3c52ecd369985a694c97831cd46413e5edfaf625bc,LEAN_KERNEL_REPLAY_PASS,
NOT_APPLICABLE_DEFINITION,,FoundationsVII.Models.Finite.Phase3.classifyJoinStatus,PASS_LOCAL_REPLAY,def,131,FoundationsVII.Models.Finite.Phase3.ContactJoinEnvelope,formalization/lean/FoundationsVII/Models/Finite/Phase3/ContactJoinEnvelope.lean,classifyJoinStatus,1d0c0d5c3de8e6c20977261a24d1641376a1c60b9bff717dcda56adc084491bc,LEAN_KERNEL_REPLAY_PASS,
NOT_APPLICABLE_DEFINITION,,FoundationsVII.Models.Finite.Phase3.acceptedJoinStatusCases,PASS_LOCAL_REPLAY,def,140,FoundationsVII.Models.Finite.Phase3.ContactJoinEnvelope,formalization/lean/FoundationsVII/Models/Finite/Phase3/ContactJoinEnvelope.lean,acceptedJoinStatusCases,25626bdebd088b836278b680377dd995a134fca1c0d22f2cea2d7dbcd11dc05e,LEAN_KERNEL_REPLAY_PASS,
NOT_APPLICABLE_DEFINITION,,FoundationsVII.Models.Finite.Phase3.statusCount,PASS_LOCAL_REPLAY,def,143,FoundationsVII.Models.Finite.Phase3.ContactJoinEnvelope,formalization/lean/FoundationsVII/Models/Finite/Phase3/ContactJoinEnvelope.lean,statusCount,9431e4d37ab6873dddc342d2cf4e660eac5484e771f64bb530725299acc3553f,LEAN_KERNEL_REPLAY_PASS,
NOT_APPLICABLE_DEFINITION,,FoundationsVII.Models.Finite.Phase3.StrictnessCase,PASS_LOCAL_REPLAY,structure,169,FoundationsVII.Models.Finite.Phase3.ContactJoinEnvelope,formalization/lean/FoundationsVII/Models/Finite/Phase3/ContactJoinEnvelope.lean,StrictnessCase,20eda4d95ba323c2bf37117f33c6f733d424db9e5e689f1c02feb6d734cb61f8,LEAN_KERNEL_REPLAY_PASS,
NOT_APPLICABLE_DEFINITION,,FoundationsVII.Models.Finite.Phase3.strictnessLaw,PASS_LOCAL_REPLAY,def,188,FoundationsVII.Models.Finite.Phase3.ContactJoinEnvelope,formalization/lean/FoundationsVII/Models/Finite/Phase3/ContactJoinEnvelope.lean,strictnessLaw,2927d3ce212f61b5da1504afbc8b591a60cc0c2e524391cc82277e8cc29d6345,LEAN_KERNEL_REPLAY_PASS,
NOT_APPLICABLE_DEFINITION,,FoundationsVII.Models.Finite.Phase3.allStrictnessCases,PASS_LOCAL_REPLAY,def,196,FoundationsVII.Models.Finite.Phase3.ContactJoinEnvelope,formalization/lean/FoundationsVII/Models/Finite/Phase3/ContactJoinEnvelope.lean,allStrictnessCases,32025337d3b79e1f218730f8755c98cd8b891549b5aa1dd6cb4b6015fbb7b497,LEAN_KERNEL_REPLAY_PASS,
NOT_APPLICABLE_DEFINITION,,FoundationsVII.Models.Finite.Phase3.SourceLineageCase,PASS_LOCAL_REPLAY,structure,269,FoundationsVII.Models.Finite.Phase3.ContactJoinEnvelope,formalization/lean/FoundationsVII/Models/Finite/Phase3/ContactJoinEnvelope.lean,SourceLineageCase,03130b320fa3e4fd23c9e1eb27822ce5d30ee6e0a29bd853e7c3b89a918359e9,LEAN_KERNEL_REPLAY_PASS,
NOT_APPLICABLE_DEFINITION,,FoundationsVII.Models.Finite.Phase3.sourceLineageLaw,PASS_LOCAL_REPLAY,def,279,FoundationsVII.Models.Finite.Phase3.ContactJoinEnvelope,formalization/lean/FoundationsVII/Models/Finite/Phase3/ContactJoinEnvelope.lean,sourceLineageLaw,43293186ce90229f97409d83deffcf675677322623599b9ea0807d99eeec0199,LEAN_KERNEL_REPLAY_PASS,
NOT_APPLICABLE_DEFINITION,,FoundationsVII.Models.Finite.Phase3.allSourceLineageCases,PASS_LOCAL_REPLAY,def,283,FoundationsVII.Models.Finite.Phase3.ContactJoinEnvelope,formalization/lean/FoundationsVII/Models/Finite/Phase3/ContactJoinEnvelope.lean,allSourceLineageCases,83e3c4385d8f9c7e411a2b19bb0abbae1fae573f640e3e271915344e9dae12a8,LEAN_KERNEL_REPLAY_PASS,
NOT_APPLICABLE_DEFINITION,,FoundationsVII.Models.Finite.Phase3.PaymentCase,PASS_LOCAL_REPLAY,structure,301,FoundationsVII.Models.Finite.Phase3.ContactJoinEnvelope,formalization/lean/FoundationsVII/Models/Finite/Phase3/ContactJoinEnvelope.lean,PaymentCase,8f8fe4d9f7842639e452c556e10f06c5753924dfdbc841980283fe0cfe003395,LEAN_KERNEL_REPLAY_PASS,
NOT_APPLICABLE_DEFINITION,,FoundationsVII.Models.Finite.Phase3.paymentLaw,PASS_LOCAL_REPLAY,def,311,FoundationsVII.Models.Finite.Phase3.ContactJoinEnvelope,formalization/lean/FoundationsVII/Models/Finite/Phase3/ContactJoinEnvelope.lean,paymentLaw,abfbf805ebf7ae48437aa915c221d371cea9b6ba37872a0137729a6545a30769,LEAN_KERNEL_REPLAY_PASS,
NOT_APPLICABLE_DEFINITION,,FoundationsVII.Models.Finite.Phase3.allPaymentCases,PASS_LOCAL_REPLAY,def,318,FoundationsVII.Models.Finite.Phase3.ContactJoinEnvelope,formalization/lean/FoundationsVII/Models/Finite/Phase3/ContactJoinEnvelope.lean,allPaymentCases,7144eb1cdaaf1694029a1efa6da48d79682c78f323984d8b585e6c1d913665a9,LEAN_KERNEL_REPLAY_PASS,
NOT_APPLICABLE_DEFINITION,,FoundationsVII.Models.Finite.Phase3.CapacityCase,PASS_LOCAL_REPLAY,structure,336,FoundationsVII.Models.Finite.Phase3.ContactJoinEnvelope,formalization/lean/FoundationsVII/Models/Finite/Phase3/ContactJoinEnvelope.lean,CapacityCase,e66c41b4da46ef38b98e7c1a093eb5d95bfccdfd79c3b0442f1c4d720e04ee24,LEAN_KERNEL_REPLAY_PASS,
NOT_APPLICABLE_DEFINITION,,FoundationsVII.Models.Finite.Phase3.capacityActual,PASS_LOCAL_REPLAY,def,343,FoundationsVII.Models.Finite.Phase3.ContactJoinEnvelope,formalization/lean/FoundationsVII/Models/Finite/Phase3/ContactJoinEnvelope.lean,capacityActual,259fb1aa9a257536cbfffe7c145be6629cb6afe3985c3e011e195d5ddaaaafe1,LEAN_KERNEL_REPLAY_PASS,
NOT_APPLICABLE_DEFINITION,,FoundationsVII.Models.Finite.Phase3.capacityLaw,PASS_LOCAL_REPLAY,def,347,FoundationsVII.Models.Finite.Phase3.ContactJoinEnvelope,formalization/lean/FoundationsVII/Models/Finite/Phase3/ContactJoinEnvelope.lean,capacityLaw,327ce77429375866a8a3811f24b2be0a7a767efba92734a1b35c42a7df2b7a01,LEAN_KERNEL_REPLAY_PASS,
NOT_APPLICABLE_DEFINITION,,FoundationsVII.Models.Finite.Phase3.allCapacityCases,PASS_LOCAL_REPLAY,def,350,FoundationsVII.Models.Finite.Phase3.ContactJoinEnvelope,formalization/lean/FoundationsVII/Models/Finite/Phase3/ContactJoinEnvelope.lean,allCapacityCases,7b48dde3d51c1ddb286602b38d480515ead93490f8013967e4312a060cc1987a,LEAN_KERNEL_REPLAY_PASS,
NOT_APPLICABLE_DEFINITION,,FoundationsVII.Models.Finite.Phase3.FiniteRetentionStatus,PASS_LOCAL_REPLAY,inductive,364,FoundationsVII.Models.Finite.Phase3.ContactJoinEnvelope,formalization/lean/FoundationsVII/Models/Finite/Phase3/ContactJoinEnvelope.lean,FiniteRetentionStatus,dafe97aa72af45194e8e27b7b7e613e656f71a4a7951f5698544178ce7d26e82,LEAN_KERNEL_REPLAY_PASS,
NOT_APPLICABLE_DEFINITION,,FoundationsVII.Models.Finite.Phase3.FiniteRefinementEffect,PASS_LOCAL_REPLAY,inductive,370,FoundationsVII.Models.Finite.Phase3.ContactJoinEnvelope,formalization/lean/FoundationsVII/Models/Finite/Phase3/ContactJoinEnvelope.lean,FiniteRefinementEffect,d5a36d5b4061d13a1c28336dd060e7e9d020a7e0dfaeb4cef50a3729586d9882,LEAN_KERNEL_REPLAY_PASS,
NOT_APPLICABLE_DEFINITION,,FoundationsVII.Models.Finite.Phase3.retentionRank,PASS_LOCAL_REPLAY,def,383,FoundationsVII.Models.Finite.Phase3.ContactJoinEnvelope,formalization/lean/FoundationsVII/Models/Finite/Phase3/ContactJoinEnvelope.lean,retentionRank,e47f28cb89a240d5440927bcae74e65a967a5d1ef2a6c77da9a7f19595eb3430,LEAN_KERNEL_REPLAY_PASS,
NOT_APPLICABLE_DEFINITION,,FoundationsVII.Models.Finite.Phase3.RefinementCase,PASS_LOCAL_REPLAY,structure,388,FoundationsVII.Models.Finite.Phase3.ContactJoinEnvelope,formalization/lean/FoundationsVII/Models/Finite/Phase3/ContactJoinEnvelope.lean,RefinementCase,71d1f905b914ee6cfe4419a7e1cc3cccb1181752d345bb2f779cc835c6d46bca,LEAN_KERNEL_REPLAY_PASS,
NOT_APPLICABLE_DEFINITION,,FoundationsVII.Models.Finite.Phase3.refinementLaw,PASS_LOCAL_REPLAY,def,398,FoundationsVII.Models.Finite.Phase3.ContactJoinEnvelope,formalization/lean/FoundationsVII/Models/Finite/Phase3/ContactJoinEnvelope.lean,refinementLaw,2f3d7a042e1198d9963445a4bea490d94a3457034509d0bc7886929f19816f22,LEAN_KERNEL_REPLAY_PASS,
NOT_APPLICABLE_DEFINITION,,FoundationsVII.Models.Finite.Phase3.allRefinementCases,PASS_LOCAL_REPLAY,def,417,FoundationsVII.Models.Finite.Phase3.ContactJoinEnvelope,formalization/lean/FoundationsVII/Models/Finite/Phase3/ContactJoinEnvelope.lean,allRefinementCases,fc2c7c0223c1b08337cf3162c188838ae858202f68fe157040e2afba0de0bf31,LEAN_KERNEL_REPLAY_PASS,
NOT_APPLICABLE_DEFINITION,,FoundationsVII.Models.Finite.Phase3.FiniteResidualOrigin,PASS_LOCAL_REPLAY,inductive,435,FoundationsVII.Models.Finite.Phase3.ContactJoinEnvelope,formalization/lean/FoundationsVII/Models/Finite/Phase3/ContactJoinEnvelope.lean,FiniteResidualOrigin,3a39a341174c1513f86690a85b6082ce37691c37dfa55102ea0a2630a7d6b424,LEAN_KERNEL_REPLAY_PASS,
NOT_APPLICABLE_DEFINITION,,FoundationsVII.Models.Finite.Phase3.ResidualCase,PASS_LOCAL_REPLAY,structure,445,FoundationsVII.Models.Finite.Phase3.ContactJoinEnvelope,formalization/lean/FoundationsVII/Models/Finite/Phase3/ContactJoinEnvelope.lean,ResidualCase,ab6420e48503bb9da486848b0ec560e05cbbb9b21930f8b3e49d29d1bba7e785,LEAN_KERNEL_REPLAY_PASS,
NOT_APPLICABLE_DEFINITION,,FoundationsVII.Models.Finite.Phase3.residualLaw,PASS_LOCAL_REPLAY,def,454,FoundationsVII.Models.Finite.Phase3.ContactJoinEnvelope,formalization/lean/FoundationsVII/Models/Finite/Phase3/ContactJoinEnvelope.lean,residualLaw,542aa07d3d588a252ea20d13362cb875a520a5a82d660a807f629ff64094b79f,LEAN_KERNEL_REPLAY_PASS,
NOT_APPLICABLE_DEFINITION,,FoundationsVII.Models.Finite.Phase3.allResidualCases,PASS_LOCAL_REPLAY,def,469,FoundationsVII.Models.Finite.Phase3.ContactJoinEnvelope,formalization/lean/FoundationsVII/Models/Finite/Phase3/ContactJoinEnvelope.lean,allResidualCases,10628e4ef0f9aeb9cc4ce3792b8a8b7ace17ba04af0c6fa64091f204248a57c5,LEAN_KERNEL_REPLAY_PASS,
NOT_APPLICABLE_DEFINITION,,FoundationsVII.Models.Finite.Phase3.NoninteractionCase,PASS_LOCAL_REPLAY,structure,485,FoundationsVII.Models.Finite.Phase3.ContactJoinEnvelope,formalization/lean/FoundationsVII/Models/Finite/Phase3/ContactJoinEnvelope.lean,NoninteractionCase,eb9d5c00a4410cbc80f67ba246a9be7c2a7957c7e99bf6ba7187fd70ead9d405,LEAN_KERNEL_REPLAY_PASS,
NOT_APPLICABLE_DEFINITION,,FoundationsVII.Models.Finite.Phase3.noninteractionActual,PASS_LOCAL_REPLAY,def,496,FoundationsVII.Models.Finite.Phase3.ContactJoinEnvelope,formalization/lean/FoundationsVII/Models/Finite/Phase3/ContactJoinEnvelope.lean,noninteractionActual,c4cb73b512ac5cdbc70a8d1927f95200171c5e498b9fd582e3c611a69b6c914f,LEAN_KERNEL_REPLAY_PASS,
NOT_APPLICABLE_DEFINITION,,FoundationsVII.Models.Finite.Phase3.noninteractionLaw,PASS_LOCAL_REPLAY,def,500,FoundationsVII.Models.Finite.Phase3.ContactJoinEnvelope,formalization/lean/FoundationsVII/Models/Finite/Phase3/ContactJoinEnvelope.lean,noninteractionLaw,81373b523462cb6d335cefd26d27971e7343ea134571bf3098071fe2ae3fd19b,LEAN_KERNEL_REPLAY_PASS,
NOT_APPLICABLE_DEFINITION,,FoundationsVII.Models.Finite.Phase3.allNoninteractionCases,PASS_LOCAL_REPLAY,def,503,FoundationsVII.Models.Finite.Phase3.ContactJoinEnvelope,formalization/lean/FoundationsVII/Models/Finite/Phase3/ContactJoinEnvelope.lean,allNoninteractionCases,5dd03b23ce02271035dc386113aa01621beb12e554781a66a9477e6ffb64dac1,LEAN_KERNEL_REPLAY_PASS,
NOT_APPLICABLE_DEFINITION,,FoundationsVII.Models.Finite.Phase3.CategoricalCase,PASS_LOCAL_REPLAY,structure,526,FoundationsVII.Models.Finite.Phase3.ContactJoinEnvelope,formalization/lean/FoundationsVII/Models/Finite/Phase3/ContactJoinEnvelope.lean,CategoricalCase,ea423c1850b5a2627288faeef5c933d154db95dd9bfcbe2f076557a06eb8b0d1,LEAN_KERNEL_REPLAY_PASS,
NOT_APPLICABLE_DEFINITION,,FoundationsVII.Models.Finite.Phase3.anyUniversal,PASS_LOCAL_REPLAY,def,539,FoundationsVII.Models.Finite.Phase3.ContactJoinEnvelope,formalization/lean/FoundationsVII/Models/Finite/Phase3/ContactJoinEnvelope.lean,anyUniversal,f78c8ef80eb2415b776f824f0585c8eb2e61e37aee1b8f188aff4bc714f30062,LEAN_KERNEL_REPLAY_PASS,
NOT_APPLICABLE_DEFINITION,,FoundationsVII.Models.Finite.Phase3.categoricalLaw,PASS_LOCAL_REPLAY,def,542,FoundationsVII.Models.Finite.Phase3.ContactJoinEnvelope,formalization/lean/FoundationsVII/Models/Finite/Phase3/ContactJoinEnvelope.lean,categoricalLaw,61f50c68086a652df5a93b0b7e8393e87ca629e2bc3237fd3dc02f3c526eafd4,LEAN_KERNEL_REPLAY_PASS,
NOT_APPLICABLE_DEFINITION,,FoundationsVII.Models.Finite.Phase3.allCategoricalCases,PASS_LOCAL_REPLAY,def,551,FoundationsVII.Models.Finite.Phase3.ContactJoinEnvelope,formalization/lean/FoundationsVII/Models/Finite/Phase3/ContactJoinEnvelope.lean,allCategoricalCases,da35ef3a27bc8db989784073fd0a2e06bf8b401dd89fcd94005d24146c0932a1,LEAN_KERNEL_REPLAY_PASS,
NOT_APPLICABLE_DEFINITION,,FoundationsVII.Models.Finite.Phase3.FiniteMeasureKind,PASS_LOCAL_REPLAY,inductive,589,FoundationsVII.Models.Finite.Phase3.ContactJoinEnvelope,formalization/lean/FoundationsVII/Models/Finite/Phase3/ContactJoinEnvelope.lean,FiniteMeasureKind,d2867367d2eaab7415c0d3fb810eb4ab42146c0626e66c2a9faea66ab57eed3a,LEAN_KERNEL_REPLAY_PASS,
NOT_APPLICABLE_DEFINITION,,FoundationsVII.Models.Finite.Phase3.MeasureCase,PASS_LOCAL_REPLAY,structure,600,FoundationsVII.Models.Finite.Phase3.ContactJoinEnvelope,formalization/lean/FoundationsVII/Models/Finite/Phase3/ContactJoinEnvelope.lean,MeasureCase,54f8e4e50f0d4df6c6d23cd04fe52702eeaa0521eb4988bfd74535a579a247a1,LEAN_KERNEL_REPLAY_PASS,
NOT_APPLICABLE_DEFINITION,,FoundationsVII.Models.Finite.Phase3.measureComplete,PASS_LOCAL_REPLAY,def,612,FoundationsVII.Models.Finite.Phase3.ContactJoinEnvelope,formalization/lean/FoundationsVII/Models/Finite/Phase3/ContactJoinEnvelope.lean,measureComplete,1a9bb2ed4460f7ddd25a2b6ff5bf1bbe68030efe27508fbc3bc2eb0f446ea721,LEAN_KERNEL_REPLAY_PASS,
NOT_APPLICABLE_DEFINITION,,FoundationsVII.Models.Finite.Phase3.measureLaw,PASS_LOCAL_REPLAY,def,616,FoundationsVII.Models.Finite.Phase3.ContactJoinEnvelope,formalization/lean/FoundationsVII/Models/Finite/Phase3/ContactJoinEnvelope.lean,measureLaw,91af6ee90eddcdf5a5d7e835782e4efc49c4c441b9153a0939b793d24e2705cf,LEAN_KERNEL_REPLAY_PASS,
NOT_APPLICABLE_DEFINITION,,FoundationsVII.Models.Finite.Phase3.allMeasureCases,PASS_LOCAL_REPLAY,def,621,FoundationsVII.Models.Finite.Phase3.ContactJoinEnvelope,formalization/lean/FoundationsVII/Models/Finite/Phase3/ContactJoinEnvelope.lean,allMeasureCases,10de5bd57059b7fb4979dccc51e4e80435b7c09735e1adb9a520ac0bad51b372,LEAN_KERNEL_REPLAY_PASS,
NOT_APPLICABLE_DEFINITION,,FoundationsVII.Models.Finite.Phase3.hasLawfulNonconservation,PASS_LOCAL_REPLAY,def,639,FoundationsVII.Models.Finite.Phase3.ContactJoinEnvelope,formalization/lean/FoundationsVII/Models/Finite/Phase3/ContactJoinEnvelope.lean,hasLawfulNonconservation,c2f06d4e02dcbe045fbfa54de791861b49c97f97509f6e0b8d8e68a0425073f8,LEAN_KERNEL_REPLAY_PASS,
NOT_APPLICABLE_DEFINITION,,FoundationsVII.Models.Finite.Phase3.Phase3Status,PASS_LOCAL_REPLAY,inductive,11,FoundationsVII.Models.Finite.Phase3.ScenarioChecks,formalization/lean/FoundationsVII/Models/Finite/Phase3/ScenarioChecks.lean,Phase3Status,310b2626df18328e0b013d018ad092827e69f529ead410d2f2379a8f60dbe4a4,LEAN_KERNEL_REPLAY_PASS,
NOT_APPLICABLE_DEFINITION,,FoundationsVII.Models.Finite.Phase3.Phase3Profile,PASS_LOCAL_REPLAY,structure,27,FoundationsVII.Models.Finite.Phase3.ScenarioChecks,formalization/lean/FoundationsVII/Models/Finite/Phase3/ScenarioChecks.lean,Phase3Profile,e20242e109905aac5072110dddb8c7eb78840ff6bd753503a64ed25d4e7b703a,LEAN_KERNEL_REPLAY_PASS,
NOT_APPLICABLE_DEFINITION,,FoundationsVII.Models.Finite.Phase3.classifyPhase3,PASS_LOCAL_REPLAY,def,48,FoundationsVII.Models.Finite.Phase3.ScenarioChecks,formalization/lean/FoundationsVII/Models/Finite/Phase3/ScenarioChecks.lean,classifyPhase3,6f856cdb7cb1cb5b77c8bb9007f82cdb0d9e81aabce83d1323ae10f6b1f20294,LEAN_KERNEL_REPLAY_PASS,
NOT_APPLICABLE_DEFINITION,,FoundationsVII.Models.Finite.Phase3.Phase3Scenario,PASS_LOCAL_REPLAY,structure,65,FoundationsVII.Models.Finite.Phase3.ScenarioChecks,formalization/lean/FoundationsVII/Models/Finite/Phase3/ScenarioChecks.lean,Phase3Scenario,bcefea987abad61d9f23d31af41fdd2215fb85ec5cfcbacf06789b98d5edab42,LEAN_KERNEL_REPLAY_PASS,
NOT_APPLICABLE_DEFINITION,,FoundationsVII.Models.Finite.Phase3.scenarioPass,PASS_LOCAL_REPLAY,def,71,FoundationsVII.Models.Finite.Phase3.ScenarioChecks,formalization/lean/FoundationsVII/Models/Finite/Phase3/ScenarioChecks.lean,scenarioPass,24e6fe22674b316d10f5371c33215766cd80ef517b097bdf1ea85fff70d1aaf0,LEAN_KERNEL_REPLAY_PASS,
NOT_APPLICABLE_DEFINITION,,FoundationsVII.Models.Finite.Phase3.phase3Scenarios,PASS_LOCAL_REPLAY,def,74,FoundationsVII.Models.Finite.Phase3.ScenarioChecks,formalization/lean/FoundationsVII/Models/Finite/Phase3/ScenarioChecks.lean,phase3Scenarios,1e9e644575d7f616375b3326554c771502dbf4bdeb4be274c815b59414ddc347,LEAN_KERNEL_REPLAY_PASS,
NOT_APPLICABLE_DEFINITION,,FoundationsVII.Models.Finite.Phase3.Phase3CountermodelCheck,PASS_LOCAL_REPLAY,structure,114,FoundationsVII.Models.Finite.Phase3.ScenarioChecks,formalization/lean/FoundationsVII/Models/Finite/Phase3/ScenarioChecks.lean,Phase3CountermodelCheck,489cd87c0b9aa3c9d699fe88165da6f010459099646b44c4143005aea927b0fc,LEAN_KERNEL_REPLAY_PASS,
NOT_APPLICABLE_DEFINITION,,FoundationsVII.Models.Finite.Phase3.countermodelPass,PASS_LOCAL_REPLAY,def,119,FoundationsVII.Models.Finite.Phase3.ScenarioChecks,formalization/lean/FoundationsVII/Models/Finite/Phase3/ScenarioChecks.lean,countermodelPass,dbfcbec749f81466fc786cb3cde0094389f523d6738378f14b487332717dbac3,LEAN_KERNEL_REPLAY_PASS,
NOT_APPLICABLE_DEFINITION,,FoundationsVII.Models.Finite.Phase3.phase3Countermodels,PASS_LOCAL_REPLAY,def,144,FoundationsVII.Models.Finite.Phase3.ScenarioChecks,formalization/lean/FoundationsVII/Models/Finite/Phase3/ScenarioChecks.lean,phase3Countermodels,e024ab4f3c61700a43338d279b2b1b7a7671724202ce55dc91c5c51e6f274331,LEAN_KERNEL_REPLAY_PASS,
NOT_APPLICABLE_DEFINITION,,FoundationsVII.Models.Finite.Phase4.FiniteEnablementSource,PASS_LOCAL_REPLAY,inductive,21,FoundationsVII.Models.Finite.Phase4.DynamicsEnvelope,formalization/lean/FoundationsVII/Models/Finite/Phase4/DynamicsEnvelope.lean,FiniteEnablementSource,e5b9a36d972655bd352ae44f3e72c8c5d09c241b26a5fdf1e74b1a1dcf76cfc1,LEAN_KERNEL_REPLAY_PASS,
NOT_APPLICABLE_DEFINITION,,FoundationsVII.Models.Finite.Phase4.AttributionCase,PASS_LOCAL_REPLAY,structure,28,FoundationsVII.Models.Finite.Phase4.DynamicsEnvelope,formalization/lean/FoundationsVII/Models/Finite/Phase4/DynamicsEnvelope.lean,AttributionCase,d359b3e7c2e94146ae67885c437b2414a41e4e6900045775e2a828d7b2506dc4,LEAN_KERNEL_REPLAY_PASS,
NOT_APPLICABLE_DEFINITION,,FoundationsVII.Models.Finite.Phase4.attributionLaw,PASS_LOCAL_REPLAY,def,40,FoundationsVII.Models.Finite.Phase4.DynamicsEnvelope,formalization/lean/FoundationsVII/Models/Finite/Phase4/DynamicsEnvelope.lean,attributionLaw,4f77a352de539567323fa5fe3f053d49a9240bc89dd313df567d9e4b11f728c1,LEAN_KERNEL_REPLAY_PASS,
NOT_APPLICABLE_DEFINITION,,FoundationsVII.Models.Finite.Phase4.allAttributionCases,PASS_LOCAL_REPLAY,def,45,FoundationsVII.Models.Finite.Phase4.DynamicsEnvelope,formalization/lean/FoundationsVII/Models/Finite/Phase4/DynamicsEnvelope.lean,allAttributionCases,df8ea15e235b3a5a7fdbf33863394298b4552c49ed94800a75450af0ff448921,LEAN_KERNEL_REPLAY_PASS,
NOT_APPLICABLE_DEFINITION,,FoundationsVII.Models.Finite.Phase4.EndogenousCase,PASS_LOCAL_REPLAY,structure,68,FoundationsVII.Models.Finite.Phase4.DynamicsEnvelope,formalization/lean/FoundationsVII/Models/Finite/Phase4/DynamicsEnvelope.lean,EndogenousCase,70934fae79cd30d1a3bb52c7c342251cb7d66dd1f20832998c8aaa7ec4fe9272,LEAN_KERNEL_REPLAY_PASS,
NOT_APPLICABLE_DEFINITION,,FoundationsVII.Models.Finite.Phase4.endogenousExact,PASS_LOCAL_REPLAY,def,82,FoundationsVII.Models.Finite.Phase4.DynamicsEnvelope,formalization/lean/FoundationsVII/Models/Finite/Phase4/DynamicsEnvelope.lean,endogenousExact,18896dfd929d1e54e2b2395f4914d7d0ced7a92efaf326db5328c31fcc5516cd,LEAN_KERNEL_REPLAY_PASS,
NOT_APPLICABLE_DEFINITION,,FoundationsVII.Models.Finite.Phase4.endogenousLaw,PASS_LOCAL_REPLAY,def,87,FoundationsVII.Models.Finite.Phase4.DynamicsEnvelope,formalization/lean/FoundationsVII/Models/Finite/Phase4/DynamicsEnvelope.lean,endogenousLaw,8388ff4a38e2ab69e17dda2f314200487385c108709cc8943cab4b2bfd601753,LEAN_KERNEL_REPLAY_PASS,
NOT_APPLICABLE_DEFINITION,,FoundationsVII.Models.Finite.Phase4.allEndogenousCases,PASS_LOCAL_REPLAY,def,90,FoundationsVII.Models.Finite.Phase4.DynamicsEnvelope,formalization/lean/FoundationsVII/Models/Finite/Phase4/DynamicsEnvelope.lean,allEndogenousCases,d06ef211519a5dc57af7be8474504bf9999912b28f91c9a27d1bb227d5aaac30,LEAN_KERNEL_REPLAY_PASS,
NOT_APPLICABLE_DEFINITION,,FoundationsVII.Models.Finite.Phase4.FiniteClosureAgency,PASS_LOCAL_REPLAY,inductive,116,FoundationsVII.Models.Finite.Phase4.DynamicsEnvelope,formalization/lean/FoundationsVII/Models/Finite/Phase4/DynamicsEnvelope.lean,FiniteClosureAgency,dd5c98795879d702add1a56ae1a705aedf844f2c8f4c53886dbbd410d7c7971a,LEAN_KERNEL_REPLAY_PASS,
NOT_APPLICABLE_DEFINITION,,FoundationsVII.Models.Finite.Phase4.FiniteBirthOutcome,PASS_LOCAL_REPLAY,inductive,120,FoundationsVII.Models.Finite.Phase4.DynamicsEnvelope,formalization/lean/FoundationsVII/Models/Finite/Phase4/DynamicsEnvelope.lean,FiniteBirthOutcome,76391cdc6ab06abd429048d49a0be65a2c261a1ed9010031506a94d66faa8288,LEAN_KERNEL_REPLAY_PASS,
NOT_APPLICABLE_DEFINITION,,FoundationsVII.Models.Finite.Phase4.BirthCase,PASS_LOCAL_REPLAY,structure,129,FoundationsVII.Models.Finite.Phase4.DynamicsEnvelope,formalization/lean/FoundationsVII/Models/Finite/Phase4/DynamicsEnvelope.lean,BirthCase,82a881c68e79ad613129b40bc0981228168e58dc66faf6e34ccf706a7d673405,LEAN_KERNEL_REPLAY_PASS,
NOT_APPLICABLE_DEFINITION,,FoundationsVII.Models.Finite.Phase4.birthLaw,PASS_LOCAL_REPLAY,def,140,FoundationsVII.Models.Finite.Phase4.DynamicsEnvelope,formalization/lean/FoundationsVII/Models/Finite/Phase4/DynamicsEnvelope.lean,birthLaw,f9cf123abfeb5eb6c15eeed3946586d466510407dc936f011c6fe086ce6cf8a1,LEAN_KERNEL_REPLAY_PASS,
NOT_APPLICABLE_DEFINITION,,FoundationsVII.Models.Finite.Phase4.allBirthCases,PASS_LOCAL_REPLAY,def,150,FoundationsVII.Models.Finite.Phase4.DynamicsEnvelope,formalization/lean/FoundationsVII/Models/Finite/Phase4/DynamicsEnvelope.lean,allBirthCases,41f1c3fbd3a0ffcda971ddd2c80f051625c49ae465be1cd7b47f809d1159e032,LEAN_KERNEL_REPLAY_PASS,
NOT_APPLICABLE_DEFINITION,,FoundationsVII.Models.Finite.Phase4.FiniteTransmissionDirection,PASS_LOCAL_REPLAY,inductive,172,FoundationsVII.Models.Finite.Phase4.DynamicsEnvelope,formalization/lean/FoundationsVII/Models/Finite/Phase4/DynamicsEnvelope.lean,FiniteTransmissionDirection,9b8173aea677ae4aaceca3059871240cef76d197ce8e18ed229dfa5b7188f255,LEAN_KERNEL_REPLAY_PASS,
NOT_APPLICABLE_DEFINITION,,FoundationsVII.Models.Finite.Phase4.TransmissionCase,PASS_LOCAL_REPLAY,structure,179,FoundationsVII.Models.Finite.Phase4.DynamicsEnvelope,formalization/lean/FoundationsVII/Models/Finite/Phase4/DynamicsEnvelope.lean,TransmissionCase,b6381926dd638495d594f7e9fdaa3251e17bcbb201d11370c1d067641ccce3b7,LEAN_KERNEL_REPLAY_PASS,
NOT_APPLICABLE_DEFINITION,,FoundationsVII.Models.Finite.Phase4.transmissionLaw,PASS_LOCAL_REPLAY,def,194,FoundationsVII.Models.Finite.Phase4.DynamicsEnvelope,formalization/lean/FoundationsVII/Models/Finite/Phase4/DynamicsEnvelope.lean,transmissionLaw,4d4daeb3447f246a043b9c730464a944cd04be03a2c3a2f2a799fecd84ea3808,LEAN_KERNEL_REPLAY_PASS,
NOT_APPLICABLE_DEFINITION,,FoundationsVII.Models.Finite.Phase4.allTransmissionCases,PASS_LOCAL_REPLAY,def,202,FoundationsVII.Models.Finite.Phase4.DynamicsEnvelope,formalization/lean/FoundationsVII/Models/Finite/Phase4/DynamicsEnvelope.lean,allTransmissionCases,ec3e3b7071141d7b12a1f03730ad931a96a10c45357d2df4d7e1187de0faf22d,LEAN_KERNEL_REPLAY_PASS,
NOT_APPLICABLE_DEFINITION,,FoundationsVII.Models.Finite.Phase4.SeparationCase,PASS_LOCAL_REPLAY,structure,229,FoundationsVII.Models.Finite.Phase4.DynamicsEnvelope,formalization/lean/FoundationsVII/Models/Finite/Phase4/DynamicsEnvelope.lean,SeparationCase,da7250f487200740995d1fbda8161af1a2591616e52e70613261c97af14391b8,LEAN_KERNEL_REPLAY_PASS,
NOT_APPLICABLE_DEFINITION,,FoundationsVII.Models.Finite.Phase4.separationLaw,PASS_LOCAL_REPLAY,def,241,FoundationsVII.Models.Finite.Phase4.DynamicsEnvelope,formalization/lean/FoundationsVII/Models/Finite/Phase4/DynamicsEnvelope.lean,separationLaw,2ba1d20851fdd6c8cd7f35dcf13148f2d700d87f17ae6484e459fb28898de781,LEAN_KERNEL_REPLAY_PASS,
NOT_APPLICABLE_DEFINITION,,FoundationsVII.Models.Finite.Phase4.allSeparationCases,PASS_LOCAL_REPLAY,def,246,FoundationsVII.Models.Finite.Phase4.DynamicsEnvelope,formalization/lean/FoundationsVII/Models/Finite/Phase4/DynamicsEnvelope.lean,allSeparationCases,512e4ca1cd6f0570b069f02bdb828c068c19d9da45a299b85a1b0d3f50c77689,LEAN_KERNEL_REPLAY_PASS,
NOT_APPLICABLE_DEFINITION,,FoundationsVII.Models.Finite.Phase4.CompositionCase,PASS_LOCAL_REPLAY,structure,270,FoundationsVII.Models.Finite.Phase4.DynamicsEnvelope,formalization/lean/FoundationsVII/Models/Finite/Phase4/DynamicsEnvelope.lean,CompositionCase,f0432796149a584a1c6e30b5003053179ca80e809af70baeae1c5d756cd58376,LEAN_KERNEL_REPLAY_PASS,
NOT_APPLICABLE_DEFINITION,,FoundationsVII.Models.Finite.Phase4.compositionLaw,PASS_LOCAL_REPLAY,def,286,FoundationsVII.Models.Finite.Phase4.DynamicsEnvelope,formalization/lean/FoundationsVII/Models/Finite/Phase4/DynamicsEnvelope.lean,compositionLaw,2227ecb22ad5b9597ec8c1db2d9c6ae3c39852f1250b6bc1722a6e5cbfd26759,LEAN_KERNEL_REPLAY_PASS,
NOT_APPLICABLE_DEFINITION,,FoundationsVII.Models.Finite.Phase4.allCompositionCases,PASS_LOCAL_REPLAY,def,292,FoundationsVII.Models.Finite.Phase4.DynamicsEnvelope,formalization/lean/FoundationsVII/Models/Finite/Phase4/DynamicsEnvelope.lean,allCompositionCases,b39b55b2ff96cf0f9ac73d59a230cc68da380b79394ddbdf9de5f95fd1b80c9f,LEAN_KERNEL_REPLAY_PASS,
NOT_APPLICABLE_DEFINITION,,FoundationsVII.Models.Finite.Phase4.ConfluenceCase,PASS_LOCAL_REPLAY,structure,320,FoundationsVII.Models.Finite.Phase4.DynamicsEnvelope,formalization/lean/FoundationsVII/Models/Finite/Phase4/DynamicsEnvelope.lean,ConfluenceCase,d1ae0548b7975b504d794519078bcc53b4074f46dfdc746e15bc06c73343d360,LEAN_KERNEL_REPLAY_PASS,
NOT_APPLICABLE_DEFINITION,,FoundationsVII.Models.Finite.Phase4.confluenceLaw,PASS_LOCAL_REPLAY,def,329,FoundationsVII.Models.Finite.Phase4.DynamicsEnvelope,formalization/lean/FoundationsVII/Models/Finite/Phase4/DynamicsEnvelope.lean,confluenceLaw,10e7e9cc82e95687c2d3f6a36b797ccfab16ad59b4f3279570edc61d5f5f15c3,LEAN_KERNEL_REPLAY_PASS,
NOT_APPLICABLE_DEFINITION,,FoundationsVII.Models.Finite.Phase4.allConfluenceCases,PASS_LOCAL_REPLAY,def,332,FoundationsVII.Models.Finite.Phase4.DynamicsEnvelope,formalization/lean/FoundationsVII/Models/Finite/Phase4/DynamicsEnvelope.lean,allConfluenceCases,555b5d75713eb7b9bffaa6723730b03d04afd991e812ecfff785c56566db2417,LEAN_KERNEL_REPLAY_PASS,
NOT_APPLICABLE_DEFINITION,,FoundationsVII.Models.Finite.Phase4.SeedCase,PASS_LOCAL_REPLAY,structure,352,FoundationsVII.Models.Finite.Phase4.DynamicsEnvelope,formalization/lean/FoundationsVII/Models/Finite/Phase4/DynamicsEnvelope.lean,SeedCase,f3282b0fd4ca9b7ff4b28b797f5258b225b93847a0b854ee1dc84a637b91bf2b,LEAN_KERNEL_REPLAY_PASS,
NOT_APPLICABLE_DEFINITION,,FoundationsVII.Models.Finite.Phase4.seedLaw,PASS_LOCAL_REPLAY,def,361,FoundationsVII.Models.Finite.Phase4.DynamicsEnvelope,formalization/lean/FoundationsVII/Models/Finite/Phase4/DynamicsEnvelope.lean,seedLaw,9a9515c9ab23b2d31b7bf75970cf2bff58995d53bd0bf03c9680277f38adf4cc,LEAN_KERNEL_REPLAY_PASS,
NOT_APPLICABLE_DEFINITION,,FoundationsVII.Models.Finite.Phase4.allSeedCases,PASS_LOCAL_REPLAY,def,367,FoundationsVII.Models.Finite.Phase4.DynamicsEnvelope,formalization/lean/FoundationsVII/Models/Finite/Phase4/DynamicsEnvelope.lean,allSeedCases,e1abe9920a8797a347b2959a7f46dc6ca2c8d2b4b9a19b018ba169ec20ce2869,LEAN_KERNEL_REPLAY_PASS,
NOT_APPLICABLE_DEFINITION,,FoundationsVII.Models.Finite.Phase4.HolonomyCase,PASS_LOCAL_REPLAY,structure,387,FoundationsVII.Models.Finite.Phase4.DynamicsEnvelope,formalization/lean/FoundationsVII/Models/Finite/Phase4/DynamicsEnvelope.lean,HolonomyCase,b61c4d8dce027b8010c312801b54ff66c819e56e1f2449c866caea31be8ee680,LEAN_KERNEL_REPLAY_PASS,
NOT_APPLICABLE_DEFINITION,,FoundationsVII.Models.Finite.Phase4.holonomyLaw,PASS_LOCAL_REPLAY,def,400,FoundationsVII.Models.Finite.Phase4.DynamicsEnvelope,formalization/lean/FoundationsVII/Models/Finite/Phase4/DynamicsEnvelope.lean,holonomyLaw,394950bbef284a383f81d0ecb5e554a384b6da6217dd4b8a4e91ec1e2e414fff,LEAN_KERNEL_REPLAY_PASS,
NOT_APPLICABLE_DEFINITION,,FoundationsVII.Models.Finite.Phase4.allHolonomyCases,PASS_LOCAL_REPLAY,def,407,FoundationsVII.Models.Finite.Phase4.DynamicsEnvelope,formalization/lean/FoundationsVII/Models/Finite/Phase4/DynamicsEnvelope.lean,allHolonomyCases,1dbf8f1e0c18bd42e12ee06af4707fcfc65549896ed7bd4336364f0b69693cf7,LEAN_KERNEL_REPLAY_PASS,
NOT_APPLICABLE_DEFINITION,,FoundationsVII.Models.Finite.Phase4.ArrowCase,PASS_LOCAL_REPLAY,structure,431,FoundationsVII.Models.Finite.Phase4.DynamicsEnvelope,formalization/lean/FoundationsVII/Models/Finite/Phase4/DynamicsEnvelope.lean,ArrowCase,b0519df1594adca09a3a77b9e13ced4a8f9128b30c6e26e26f2e453e38d03e32,LEAN_KERNEL_REPLAY_PASS,
NOT_APPLICABLE_DEFINITION,,FoundationsVII.Models.Finite.Phase4.arrowLaw,PASS_LOCAL_REPLAY,def,441,FoundationsVII.Models.Finite.Phase4.DynamicsEnvelope,formalization/lean/FoundationsVII/Models/Finite/Phase4/DynamicsEnvelope.lean,arrowLaw,98ed5211d039c4130384528555241297410e64a913ebf5125bc58a4d8e941569,LEAN_KERNEL_REPLAY_PASS,
NOT_APPLICABLE_DEFINITION,,FoundationsVII.Models.Finite.Phase4.allArrowCases,PASS_LOCAL_REPLAY,def,445,FoundationsVII.Models.Finite.Phase4.DynamicsEnvelope,formalization/lean/FoundationsVII/Models/Finite/Phase4/DynamicsEnvelope.lean,allArrowCases,3bf3ec89bdf16ce2d702df7aab6e63d8fd41d61ccd5351ccd53b7030dc461a45,LEAN_KERNEL_REPLAY_PASS,
NOT_APPLICABLE_DEFINITION,,FoundationsVII.Models.Finite.Phase4.FiniteTimeWitness,PASS_LOCAL_REPLAY,inductive,487,FoundationsVII.Models.Finite.Phase4.DynamicsEnvelope,formalization/lean/FoundationsVII/Models/Finite/Phase4/DynamicsEnvelope.lean,FiniteTimeWitness,c66bf5b0efd2c5614bc2c719f6713c2149dc50b3c2d42797481c8b639f032705,LEAN_KERNEL_REPLAY_PASS,
NOT_APPLICABLE_DEFINITION,,FoundationsVII.Models.Finite.Phase4.CrossTimeCase,PASS_LOCAL_REPLAY,structure,494,FoundationsVII.Models.Finite.Phase4.DynamicsEnvelope,formalization/lean/FoundationsVII/Models/Finite/Phase4/DynamicsEnvelope.lean,CrossTimeCase,822f46b7d30ae3e01027b39bd661e7d2d4acc31ad2d1a83d5105f124b8b9bc33,LEAN_KERNEL_REPLAY_PASS,
NOT_APPLICABLE_DEFINITION,,FoundationsVII.Models.Finite.Phase4.crossTimeLaw,PASS_LOCAL_REPLAY,def,505,FoundationsVII.Models.Finite.Phase4.DynamicsEnvelope,formalization/lean/FoundationsVII/Models/Finite/Phase4/DynamicsEnvelope.lean,crossTimeLaw,b6e9362ce81fcf2b46113263489812248f884165e6d6832ec567281316352a69,LEAN_KERNEL_REPLAY_PASS,
NOT_APPLICABLE_DEFINITION,,FoundationsVII.Models.Finite.Phase4.allCrossTimeCases,PASS_LOCAL_REPLAY,def,513,FoundationsVII.Models.Finite.Phase4.DynamicsEnvelope,formalization/lean/FoundationsVII/Models/Finite/Phase4/DynamicsEnvelope.lean,allCrossTimeCases,795444206bd6574d5397bb3fa5b4b60da7f5289cdbc4e7f411b323a2976bea4e,LEAN_KERNEL_REPLAY_PASS,
NOT_APPLICABLE_DEFINITION,,FoundationsVII.Models.Finite.Phase4.AlgebraCase,PASS_LOCAL_REPLAY,structure,536,FoundationsVII.Models.Finite.Phase4.DynamicsEnvelope,formalization/lean/FoundationsVII/Models/Finite/Phase4/DynamicsEnvelope.lean,AlgebraCase,bee19f57cbc1fff108ba08c79ae11625ae7114a59638dd27c516d5246148df42,LEAN_KERNEL_REPLAY_PASS,
NOT_APPLICABLE_DEFINITION,,FoundationsVII.Models.Finite.Phase4.algebraLaw,PASS_LOCAL_REPLAY,def,547,FoundationsVII.Models.Finite.Phase4.DynamicsEnvelope,formalization/lean/FoundationsVII/Models/Finite/Phase4/DynamicsEnvelope.lean,algebraLaw,82e3bf645d80668c1e40ac9b6bb4f3b2457783c5f39242e6a2d4d53147a89488,LEAN_KERNEL_REPLAY_PASS,
NOT_APPLICABLE_DEFINITION,,FoundationsVII.Models.Finite.Phase4.allAlgebraCases,PASS_LOCAL_REPLAY,def,553,FoundationsVII.Models.Finite.Phase4.DynamicsEnvelope,formalization/lean/FoundationsVII/Models/Finite/Phase4/DynamicsEnvelope.lean,allAlgebraCases,9b0fef68d818d43626c4171b5d07a907cd07732b4aa997d3f9e173f73ce6e0d0,LEAN_KERNEL_REPLAY_PASS,
NOT_APPLICABLE_DEFINITION,,FoundationsVII.Models.Finite.Phase4.Phase4Status,PASS_LOCAL_REPLAY,inductive,12,FoundationsVII.Models.Finite.Phase4.ScenarioChecks,formalization/lean/FoundationsVII/Models/Finite/Phase4/ScenarioChecks.lean,Phase4Status,3fd18c9c45bc2fe24c4fa8dcca4c939e779738ad4a15e26d9e2314b79a71fb26,LEAN_KERNEL_REPLAY_PASS,
NOT_APPLICABLE_DEFINITION,,FoundationsVII.Models.Finite.Phase4.Phase4Profile,PASS_LOCAL_REPLAY,structure,24,FoundationsVII.Models.Finite.Phase4.ScenarioChecks,formalization/lean/FoundationsVII/Models/Finite/Phase4/ScenarioChecks.lean,Phase4Profile,4015f6bcda7d9dca7db0f841f96e1628a05be73e1c7496a7738438e40d555a5c,LEAN_KERNEL_REPLAY_PASS,
NOT_APPLICABLE_DEFINITION,,FoundationsVII.Models.Finite.Phase4.classifyPhase4,PASS_LOCAL_REPLAY,def,40,FoundationsVII.Models.Finite.Phase4.ScenarioChecks,formalization/lean/FoundationsVII/Models/Finite/Phase4/ScenarioChecks.lean,classifyPhase4,416bbdc8e4abc850571b7cbf27b5cab87f5ad3bd15380906393ab0050750d73d,LEAN_KERNEL_REPLAY_PASS,
NOT_APPLICABLE_DEFINITION,,FoundationsVII.Models.Finite.Phase4.Phase4Scenario,PASS_LOCAL_REPLAY,structure,52,FoundationsVII.Models.Finite.Phase4.ScenarioChecks,formalization/lean/FoundationsVII/Models/Finite/Phase4/ScenarioChecks.lean,Phase4Scenario,f40ad94cfc76f5b6fde75f784a3189ea2a92d237f4a3b1ee06a77174c334d3b4,LEAN_KERNEL_REPLAY_PASS,
NOT_APPLICABLE_DEFINITION,,FoundationsVII.Models.Finite.Phase4.scenarioPass,PASS_LOCAL_REPLAY,def,58,FoundationsVII.Models.Finite.Phase4.ScenarioChecks,formalization/lean/FoundationsVII/Models/Finite/Phase4/ScenarioChecks.lean,scenarioPass,72d6ef4da02bf6e7be59c137eea2e3f877b047b02de81c5a4aedf0df9c17090c,LEAN_KERNEL_REPLAY_PASS,
NOT_APPLICABLE_DEFINITION,,FoundationsVII.Models.Finite.Phase4.phase4Scenarios,PASS_LOCAL_REPLAY,def,61,FoundationsVII.Models.Finite.Phase4.ScenarioChecks,formalization/lean/FoundationsVII/Models/Finite/Phase4/ScenarioChecks.lean,phase4Scenarios,20478014c667a537b66d6b658ebb035609c6d3e82af06ca3b19dce8047579ac9,LEAN_KERNEL_REPLAY_PASS,
NOT_APPLICABLE_DEFINITION,,FoundationsVII.Models.Finite.Phase4.Phase4CountermodelCheck,PASS_LOCAL_REPLAY,structure,98,FoundationsVII.Models.Finite.Phase4.ScenarioChecks,formalization/lean/FoundationsVII/Models/Finite/Phase4/ScenarioChecks.lean,Phase4CountermodelCheck,333212e254e55565a6647ad311ea47cfbff38e0a2e05dfcef10bcf6d699b479d,LEAN_KERNEL_REPLAY_PASS,
NOT_APPLICABLE_DEFINITION,,FoundationsVII.Models.Finite.Phase4.countermodelPass,PASS_LOCAL_REPLAY,def,104,FoundationsVII.Models.Finite.Phase4.ScenarioChecks,formalization/lean/FoundationsVII/Models/Finite/Phase4/ScenarioChecks.lean,countermodelPass,2ce8ec59c0414a47a64d3e96a4c0d0f7dad419b4b481e97fbac42021c0b626b8,LEAN_KERNEL_REPLAY_PASS,
NOT_APPLICABLE_DEFINITION,,FoundationsVII.Models.Finite.Phase4.phase4Countermodels,PASS_LOCAL_REPLAY,def,107,FoundationsVII.Models.Finite.Phase4.ScenarioChecks,formalization/lean/FoundationsVII/Models/Finite/Phase4/ScenarioChecks.lean,phase4Countermodels,4458ae177ce988852d3966a8fb0b1eeb1cb6e2a2dd7a54cafb0f7ed1dffd408a,LEAN_KERNEL_REPLAY_PASS,
NOT_APPLICABLE_DEFINITION,,FoundationsVII.Models.Finite.Phase5.ProspectiveJoinCase,PASS_LOCAL_REPLAY,structure,23,FoundationsVII.Models.Finite.Phase5.ClosureEnvelope,formalization/lean/FoundationsVII/Models/Finite/Phase5/ClosureEnvelope.lean,ProspectiveJoinCase,7ae71e904f418ae4064901ab7de0a386be151a1eab3f3f418ba94d5fa6eae541,LEAN_KERNEL_REPLAY_PASS,
NOT_APPLICABLE_DEFINITION,,FoundationsVII.Models.Finite.Phase5.prospectiveJoinExact,PASS_LOCAL_REPLAY,def,39,FoundationsVII.Models.Finite.Phase5.ClosureEnvelope,formalization/lean/FoundationsVII/Models/Finite/Phase5/ClosureEnvelope.lean,prospectiveJoinExact,617bf3e8f35880471aebadea134207d469e3756eb9909f76027934f90e19e193,LEAN_KERNEL_REPLAY_PASS,
NOT_APPLICABLE_DEFINITION,,FoundationsVII.Models.Finite.Phase5.prospectiveJoinLaw,PASS_LOCAL_REPLAY,def,44,FoundationsVII.Models.Finite.Phase5.ClosureEnvelope,formalization/lean/FoundationsVII/Models/Finite/Phase5/ClosureEnvelope.lean,prospectiveJoinLaw,247e2de56b026ae7e7a6dbaa24f3ace086888342d6801058469da579809c40d7,LEAN_KERNEL_REPLAY_PASS,
NOT_APPLICABLE_DEFINITION,,FoundationsVII.Models.Finite.Phase5.allProspectiveJoinCases,PASS_LOCAL_REPLAY,def,47,FoundationsVII.Models.Finite.Phase5.ClosureEnvelope,formalization/lean/FoundationsVII/Models/Finite/Phase5/ClosureEnvelope.lean,allProspectiveJoinCases,d7c176c9f9b18c755de2c2012ca5b63debba2ff2ba26f0c8aa7a59027b8a45ef,LEAN_KERNEL_REPLAY_PASS,
NOT_APPLICABLE_DEFINITION,,FoundationsVII.Models.Finite.Phase5.SourceBudgetCapacityCase,PASS_LOCAL_REPLAY,structure,75,FoundationsVII.Models.Finite.Phase5.ClosureEnvelope,formalization/lean/FoundationsVII/Models/Finite/Phase5/ClosureEnvelope.lean,SourceBudgetCapacityCase,5105229f7c57bc47fc4a524a5d3af44b02ee0ecb5fd2c61829896c132319aa56,LEAN_KERNEL_REPLAY_PASS,
NOT_APPLICABLE_DEFINITION,,FoundationsVII.Models.Finite.Phase5.sourceBudgetStrictExact,PASS_LOCAL_REPLAY,def,88,FoundationsVII.Models.Finite.Phase5.ClosureEnvelope,formalization/lean/FoundationsVII/Models/Finite/Phase5/ClosureEnvelope.lean,sourceBudgetStrictExact,a461f575505d2c95003e3b10df31a612bfc2fbe77a31ddc13b0692bd2cf6b6fa,LEAN_KERNEL_REPLAY_PASS,
NOT_APPLICABLE_DEFINITION,,FoundationsVII.Models.Finite.Phase5.capacityExact,PASS_LOCAL_REPLAY,def,92,FoundationsVII.Models.Finite.Phase5.ClosureEnvelope,formalization/lean/FoundationsVII/Models/Finite/Phase5/ClosureEnvelope.lean,capacityExact,84b2b0ffc40dadc26e1d8cfe725bdbfa0d44dbd3755b536ed0f1d60c63a7019c,LEAN_KERNEL_REPLAY_PASS,
NOT_APPLICABLE_DEFINITION,,FoundationsVII.Models.Finite.Phase5.sourceBudgetCapacityLaw,PASS_LOCAL_REPLAY,def,96,FoundationsVII.Models.Finite.Phase5.ClosureEnvelope,formalization/lean/FoundationsVII/Models/Finite/Phase5/ClosureEnvelope.lean,sourceBudgetCapacityLaw,8a929f6296b465245c004a7a90d2b00934b631dab5011489a095c6d9adf3314c,LEAN_KERNEL_REPLAY_PASS,
NOT_APPLICABLE_DEFINITION,,FoundationsVII.Models.Finite.Phase5.allSourceBudgetCapacityCases,PASS_LOCAL_REPLAY,def,100,FoundationsVII.Models.Finite.Phase5.ClosureEnvelope,formalization/lean/FoundationsVII/Models/Finite/Phase5/ClosureEnvelope.lean,allSourceBudgetCapacityCases,67718d12087d529bd404743e90365209f0da35d3cca2802fbf4c5361e5196aff,LEAN_KERNEL_REPLAY_PASS,
NOT_APPLICABLE_DEFINITION,,FoundationsVII.Models.Finite.Phase5.CertifiedNoninteractionCase,PASS_LOCAL_REPLAY,structure,125,FoundationsVII.Models.Finite.Phase5.ClosureEnvelope,formalization/lean/FoundationsVII/Models/Finite/Phase5/ClosureEnvelope.lean,CertifiedNoninteractionCase,3e703892fb27e52703b00a61c8dd546b97bb9e5360291913d4b8bdfcad3d75ac,LEAN_KERNEL_REPLAY_PASS,
NOT_APPLICABLE_DEFINITION,,FoundationsVII.Models.Finite.Phase5.certifiedNoninteractionExact,PASS_LOCAL_REPLAY,def,137,FoundationsVII.Models.Finite.Phase5.ClosureEnvelope,formalization/lean/FoundationsVII/Models/Finite/Phase5/ClosureEnvelope.lean,certifiedNoninteractionExact,3fe97425d9e3e232a1245e57598f9c95935b50144860a58d698bd22667007cc5,LEAN_KERNEL_REPLAY_PASS,
NOT_APPLICABLE_DEFINITION,,FoundationsVII.Models.Finite.Phase5.certifiedNoninteractionLaw,PASS_LOCAL_REPLAY,def,141,FoundationsVII.Models.Finite.Phase5.ClosureEnvelope,formalization/lean/FoundationsVII/Models/Finite/Phase5/ClosureEnvelope.lean,certifiedNoninteractionLaw,a60771c21f585aae94a1564cc2e291e0e27e949f9c14402c3551adc3f786453d,LEAN_KERNEL_REPLAY_PASS,
NOT_APPLICABLE_DEFINITION,,FoundationsVII.Models.Finite.Phase5.allCertifiedNoninteractionCases,PASS_LOCAL_REPLAY,def,145,FoundationsVII.Models.Finite.Phase5.ClosureEnvelope,formalization/lean/FoundationsVII/Models/Finite/Phase5/ClosureEnvelope.lean,allCertifiedNoninteractionCases,e42056da9d0fdffe1db62c6080cc31f5c3e4fe069971f7636b89c50d05353ff8,LEAN_KERNEL_REPLAY_PASS,
NOT_APPLICABLE_DEFINITION,,FoundationsVII.Models.Finite.Phase5.ResidualEnablementCase,PASS_LOCAL_REPLAY,structure,169,FoundationsVII.Models.Finite.Phase5.ClosureEnvelope,formalization/lean/FoundationsVII/Models/Finite/Phase5/ClosureEnvelope.lean,ResidualEnablementCase,a179c4c5fdc68c6f9e9416b7bcdcdb1d5fefd5e6339ef9f9e8f9e2dc1d83cd27,LEAN_KERNEL_REPLAY_PASS,
NOT_APPLICABLE_DEFINITION,,FoundationsVII.Models.Finite.Phase5.residualEnablementComposable,PASS_LOCAL_REPLAY,def,185,FoundationsVII.Models.Finite.Phase5.ClosureEnvelope,formalization/lean/FoundationsVII/Models/Finite/Phase5/ClosureEnvelope.lean,residualEnablementComposable,a8bc840de58b37a7db10f6253c8122df257861ada6ec14b13cdcd6aef76df395,LEAN_KERNEL_REPLAY_PASS,
NOT_APPLICABLE_DEFINITION,,FoundationsVII.Models.Finite.Phase5.residualEnablementLaw,PASS_LOCAL_REPLAY,def,189,FoundationsVII.Models.Finite.Phase5.ClosureEnvelope,formalization/lean/FoundationsVII/Models/Finite/Phase5/ClosureEnvelope.lean,residualEnablementLaw,d952156eebb0952aa2a4493f59d24b45a5cca0bf1a225edae0840a3bbe691457,LEAN_KERNEL_REPLAY_PASS,
NOT_APPLICABLE_DEFINITION,,FoundationsVII.Models.Finite.Phase5.allResidualEnablementCases,PASS_LOCAL_REPLAY,def,197,FoundationsVII.Models.Finite.Phase5.ClosureEnvelope,formalization/lean/FoundationsVII/Models/Finite/Phase5/ClosureEnvelope.lean,allResidualEnablementCases,dc1b49aeebfc1d342898368342c65cc639105bdb926d937d1ad3d003e34c31ec,LEAN_KERNEL_REPLAY_PASS,
NOT_APPLICABLE_DEFINITION,,FoundationsVII.Models.Finite.Phase5.FiniteRefinementEffect,PASS_LOCAL_REPLAY,inductive,226,FoundationsVII.Models.Finite.Phase5.ClosureEnvelope,formalization/lean/FoundationsVII/Models/Finite/Phase5/ClosureEnvelope.lean,FiniteRefinementEffect,a035a8098a2de1524a37eea746793da92c797ac6c5bbd02237fec97bf9cb6dca,LEAN_KERNEL_REPLAY_PASS,
NOT_APPLICABLE_DEFINITION,,FoundationsVII.Models.Finite.Phase5.RefinementDescentCase,PASS_LOCAL_REPLAY,structure,233,FoundationsVII.Models.Finite.Phase5.ClosureEnvelope,formalization/lean/FoundationsVII/Models/Finite/Phase5/ClosureEnvelope.lean,RefinementDescentCase,aa6d7f91b98abe8d233e0f1697c236acaf41f77ca64c3a366d5c0e23af860f2a,LEAN_KERNEL_REPLAY_PASS,
NOT_APPLICABLE_DEFINITION,,FoundationsVII.Models.Finite.Phase5.finiteRefinementPreserving,PASS_LOCAL_REPLAY,def,246,FoundationsVII.Models.Finite.Phase5.ClosureEnvelope,formalization/lean/FoundationsVII/Models/Finite/Phase5/ClosureEnvelope.lean,finiteRefinementPreserving,26d31c2831a29d10713403b5dd263bd3f19d8d019a7af87a66c4b0ad54ae6676,LEAN_KERNEL_REPLAY_PASS,
NOT_APPLICABLE_DEFINITION,,FoundationsVII.Models.Finite.Phase5.refinementDescentExact,PASS_LOCAL_REPLAY,def,249,FoundationsVII.Models.Finite.Phase5.ClosureEnvelope,formalization/lean/FoundationsVII/Models/Finite/Phase5/ClosureEnvelope.lean,refinementDescentExact,bfa11cad5eb583e350f050e361e36009b89a8f3e65141676b4c2e0a23dc103b7,LEAN_KERNEL_REPLAY_PASS,
NOT_APPLICABLE_DEFINITION,,FoundationsVII.Models.Finite.Phase5.refinementDescentLaw,PASS_LOCAL_REPLAY,def,254,FoundationsVII.Models.Finite.Phase5.ClosureEnvelope,formalization/lean/FoundationsVII/Models/Finite/Phase5/ClosureEnvelope.lean,refinementDescentLaw,13ef9c619380dea749c2d5f130553165c80f4866194131ddd73ceabd4a072fa6,LEAN_KERNEL_REPLAY_PASS,
NOT_APPLICABLE_DEFINITION,,FoundationsVII.Models.Finite.Phase5.allRefinementDescentCases,PASS_LOCAL_REPLAY,def,260,FoundationsVII.Models.Finite.Phase5.ClosureEnvelope,formalization/lean/FoundationsVII/Models/Finite/Phase5/ClosureEnvelope.lean,allRefinementDescentCases,3315851da6c56af68618530811ebaf8f853b7a32868818f09134104ca38e827e,LEAN_KERNEL_REPLAY_PASS,
NOT_APPLICABLE_DEFINITION,,FoundationsVII.Models.Finite.Phase5.NoFreeJoinCase,PASS_LOCAL_REPLAY,structure,285,FoundationsVII.Models.Finite.Phase5.ClosureEnvelope,formalization/lean/FoundationsVII/Models/Finite/Phase5/ClosureEnvelope.lean,NoFreeJoinCase,2cbda551639b43734be23f1429c7ecaf6cc54075aed04a543055edbe5afeb374,LEAN_KERNEL_REPLAY_PASS,
NOT_APPLICABLE_DEFINITION,,FoundationsVII.Models.Finite.Phase5.noFreeJoinExtensionExact,PASS_LOCAL_REPLAY,def,300,FoundationsVII.Models.Finite.Phase5.ClosureEnvelope,formalization/lean/FoundationsVII/Models/Finite/Phase5/ClosureEnvelope.lean,noFreeJoinExtensionExact,f7ca3d5c4d0b76e95e88ab21160eb7d07cd3160d2efa9aa4e78ff71074a69573,LEAN_KERNEL_REPLAY_PASS,
NOT_APPLICABLE_DEFINITION,,FoundationsVII.Models.Finite.Phase5.noFreeJoinPaymentExact,PASS_LOCAL_REPLAY,def,304,FoundationsVII.Models.Finite.Phase5.ClosureEnvelope,formalization/lean/FoundationsVII/Models/Finite/Phase5/ClosureEnvelope.lean,noFreeJoinPaymentExact,570137ac9b2ae6dec1419a5a47e42d662568fba8c218ec6d473403da00c5e34b,LEAN_KERNEL_REPLAY_PASS,
NOT_APPLICABLE_DEFINITION,,FoundationsVII.Models.Finite.Phase5.noFreeJoinExact,PASS_LOCAL_REPLAY,def,307,FoundationsVII.Models.Finite.Phase5.ClosureEnvelope,formalization/lean/FoundationsVII/Models/Finite/Phase5/ClosureEnvelope.lean,noFreeJoinExact,6181a40d56e1411842be80b1e9b79cf08c0d3469d9c2a38cb5b624102da1db1f,LEAN_KERNEL_REPLAY_PASS,
NOT_APPLICABLE_DEFINITION,,FoundationsVII.Models.Finite.Phase5.noFreeJoinIllicitCredit,PASS_LOCAL_REPLAY,def,310,FoundationsVII.Models.Finite.Phase5.ClosureEnvelope,formalization/lean/FoundationsVII/Models/Finite/Phase5/ClosureEnvelope.lean,noFreeJoinIllicitCredit,97d046c6cf8a263b20aa84347a8fd1d4bd8b07988798995f0869d5221d13061c,LEAN_KERNEL_REPLAY_PASS,
NOT_APPLICABLE_DEFINITION,,FoundationsVII.Models.Finite.Phase5.noFreeJoinLaw,PASS_LOCAL_REPLAY,def,314,FoundationsVII.Models.Finite.Phase5.ClosureEnvelope,formalization/lean/FoundationsVII/Models/Finite/Phase5/ClosureEnvelope.lean,noFreeJoinLaw,ae92b053ef61e4a30c5bb60f713bbb475d13cff3a2b3cb5a8efd6961573d5bbf,LEAN_KERNEL_REPLAY_PASS,
NOT_APPLICABLE_DEFINITION,,FoundationsVII.Models.Finite.Phase5.allNoFreeJoinCases,PASS_LOCAL_REPLAY,def,321,FoundationsVII.Models.Finite.Phase5.ClosureEnvelope,formalization/lean/FoundationsVII/Models/Finite/Phase5/ClosureEnvelope.lean,allNoFreeJoinCases,c8dae995317a197d8ef4ca5ed642ce3db91233bdd5ce9e744d33270ca148261e,LEAN_KERNEL_REPLAY_PASS,
NOT_APPLICABLE_DEFINITION,,FoundationsVII.Models.Finite.Phase5.HolonomyArrowCase,PASS_LOCAL_REPLAY,structure,348,FoundationsVII.Models.Finite.Phase5.ClosureEnvelope,formalization/lean/FoundationsVII/Models/Finite/Phase5/ClosureEnvelope.lean,HolonomyArrowCase,2bd19ee7332c68119d76f23b4a245ff8ce02b9888d13afa261da20298f904b02,LEAN_KERNEL_REPLAY_PASS,
NOT_APPLICABLE_DEFINITION,,FoundationsVII.Models.Finite.Phase5.holonomyArrowExact,PASS_LOCAL_REPLAY,def,361,FoundationsVII.Models.Finite.Phase5.ClosureEnvelope,formalization/lean/FoundationsVII/Models/Finite/Phase5/ClosureEnvelope.lean,holonomyArrowExact,b59f78cb02f4e0dbdbafd0d9e1df10b2b56787d1ed0ea66a833439266ab77fc0,LEAN_KERNEL_REPLAY_PASS,
NOT_APPLICABLE_DEFINITION,,FoundationsVII.Models.Finite.Phase5.holonomyArrowLaw,PASS_LOCAL_REPLAY,def,364,FoundationsVII.Models.Finite.Phase5.ClosureEnvelope,formalization/lean/FoundationsVII/Models/Finite/Phase5/ClosureEnvelope.lean,holonomyArrowLaw,9f1fbcac083f05894ddfd6daec65e2429a74a742d9acf34a17ee58101c010453,LEAN_KERNEL_REPLAY_PASS,
NOT_APPLICABLE_DEFINITION,,FoundationsVII.Models.Finite.Phase5.allHolonomyArrowCases,PASS_LOCAL_REPLAY,def,369,FoundationsVII.Models.Finite.Phase5.ClosureEnvelope,formalization/lean/FoundationsVII/Models/Finite/Phase5/ClosureEnvelope.lean,allHolonomyArrowCases,de246b2a1dade9c136458a45c4f3149943e88cefb3e4f6cecb5f8d5ad9bc84e4,LEAN_KERNEL_REPLAY_PASS,
NOT_APPLICABLE_DEFINITION,,FoundationsVII.Models.Finite.Phase5.NegativeForceCase,PASS_LOCAL_REPLAY,structure,393,FoundationsVII.Models.Finite.Phase5.ClosureEnvelope,formalization/lean/FoundationsVII/Models/Finite/Phase5/ClosureEnvelope.lean,NegativeForceCase,798e23276027228250b5d015828666a7dfad55806e704093fddeb2245544d8c9,LEAN_KERNEL_REPLAY_PASS,
NOT_APPLICABLE_DEFINITION,,FoundationsVII.Models.Finite.Phase5.negativeOperationalCoherent,PASS_LOCAL_REPLAY,def,408,FoundationsVII.Models.Finite.Phase5.ClosureEnvelope,formalization/lean/FoundationsVII/Models/Finite/Phase5/ClosureEnvelope.lean,negativeOperationalCoherent,097c4d61c051e6fd947a0f36fcaa25cb5b81f86300ebad081ac10f15e669a9de,LEAN_KERNEL_REPLAY_PASS,
NOT_APPLICABLE_DEFINITION,,FoundationsVII.Models.Finite.Phase5.negativeForceExact,PASS_LOCAL_REPLAY,def,414,FoundationsVII.Models.Finite.Phase5.ClosureEnvelope,formalization/lean/FoundationsVII/Models/Finite/Phase5/ClosureEnvelope.lean,negativeForceExact,bda9bfafebca6e10ca22344b6fe01ad46e18628ffe1eb7fdfab55964be1bbb67,LEAN_KERNEL_REPLAY_PASS,
NOT_APPLICABLE_DEFINITION,,FoundationsVII.Models.Finite.Phase5.negativeForceLaw,PASS_LOCAL_REPLAY,def,418,FoundationsVII.Models.Finite.Phase5.ClosureEnvelope,formalization/lean/FoundationsVII/Models/Finite/Phase5/ClosureEnvelope.lean,negativeForceLaw,355a40c72a2be61f40c1ef17be3ce0154d817e529792a036d2bff6cf7fe6b044,LEAN_KERNEL_REPLAY_PASS,
NOT_APPLICABLE_DEFINITION,,FoundationsVII.Models.Finite.Phase5.allNegativeForceCases,PASS_LOCAL_REPLAY,def,422,FoundationsVII.Models.Finite.Phase5.ClosureEnvelope,formalization/lean/FoundationsVII/Models/Finite/Phase5/ClosureEnvelope.lean,allNegativeForceCases,3dad7506d3ec0bb3b6694cefd21afefe6e0b09a2e8599da3b0c3c43e43dc0113,LEAN_KERNEL_REPLAY_PASS,
NOT_APPLICABLE_DEFINITION,,FoundationsVII.Models.Finite.Phase5.ObserverEndogenyCase,PASS_LOCAL_REPLAY,structure,449,FoundationsVII.Models.Finite.Phase5.ClosureEnvelope,formalization/lean/FoundationsVII/Models/Finite/Phase5/ClosureEnvelope.lean,ObserverEndogenyCase,1988afbcb5bb8d45fee5a57ac39c0b75753aeb7ad133eb391a2c230dad6545ee,LEAN_KERNEL_REPLAY_PASS,
NOT_APPLICABLE_DEFINITION,,FoundationsVII.Models.Finite.Phase5.observerNativeExact,PASS_LOCAL_REPLAY,def,465,FoundationsVII.Models.Finite.Phase5.ClosureEnvelope,formalization/lean/FoundationsVII/Models/Finite/Phase5/ClosureEnvelope.lean,observerNativeExact,364c281228f45e681e6953537802d452a3ce63d30b03f1a81746f7c824f1bd28,LEAN_KERNEL_REPLAY_PASS,
NOT_APPLICABLE_DEFINITION,,FoundationsVII.Models.Finite.Phase5.observerEndogenyExact,PASS_LOCAL_REPLAY,def,468,FoundationsVII.Models.Finite.Phase5.ClosureEnvelope,formalization/lean/FoundationsVII/Models/Finite/Phase5/ClosureEnvelope.lean,observerEndogenyExact,54c97ee7c925011c99a35c6f641cfdf6afe9ecedb052909f75e2c6190dd1c99c,LEAN_KERNEL_REPLAY_PASS,
NOT_APPLICABLE_DEFINITION,,FoundationsVII.Models.Finite.Phase5.observerEndogenyLaw,PASS_LOCAL_REPLAY,def,472,FoundationsVII.Models.Finite.Phase5.ClosureEnvelope,formalization/lean/FoundationsVII/Models/Finite/Phase5/ClosureEnvelope.lean,observerEndogenyLaw,4a7ac1b8fe19fba773113aa741844bb267bfa920735eb6f043b9b4f477ba7a1b,LEAN_KERNEL_REPLAY_PASS,
NOT_APPLICABLE_DEFINITION,,FoundationsVII.Models.Finite.Phase5.allObserverEndogenyCases,PASS_LOCAL_REPLAY,def,477,FoundationsVII.Models.Finite.Phase5.ClosureEnvelope,formalization/lean/FoundationsVII/Models/Finite/Phase5/ClosureEnvelope.lean,allObserverEndogenyCases,fa1215c85ae0da27cc88e5626fc71edef13305ce7b2a1d58a9dcb6e1abe3e34e,LEAN_KERNEL_REPLAY_PASS,
NOT_APPLICABLE_DEFINITION,,FoundationsVII.Models.Finite.Phase5.ThreeDomainConfluenceCase,PASS_LOCAL_REPLAY,structure,505,FoundationsVII.Models.Finite.Phase5.ClosureEnvelope,formalization/lean/FoundationsVII/Models/Finite/Phase5/ClosureEnvelope.lean,ThreeDomainConfluenceCase,1c2def8e6a836b600aa4ace7120b3782faf4ab6e62e7be09d6cfcddb91ac36d3,LEAN_KERNEL_REPLAY_PASS,
NOT_APPLICABLE_DEFINITION,,FoundationsVII.Models.Finite.Phase5.threeDomainConfluenceExact,PASS_LOCAL_REPLAY,def,527,FoundationsVII.Models.Finite.Phase5.ClosureEnvelope,formalization/lean/FoundationsVII/Models/Finite/Phase5/ClosureEnvelope.lean,threeDomainConfluenceExact,ea7f2e1082a1501864f1c41944b9a6b6e95adcac1be2fde079f204efbaca5c4f,LEAN_KERNEL_REPLAY_PASS,
NOT_APPLICABLE_DEFINITION,,FoundationsVII.Models.Finite.Phase5.threeDomainSeedDependenceExact,PASS_LOCAL_REPLAY,def,531,FoundationsVII.Models.Finite.Phase5.ClosureEnvelope,formalization/lean/FoundationsVII/Models/Finite/Phase5/ClosureEnvelope.lean,threeDomainSeedDependenceExact,892ca151175c5e782e6215dad30fa4f61b738f5269ad43c554f1c2b098d58cb1,LEAN_KERNEL_REPLAY_PASS,
NOT_APPLICABLE_DEFINITION,,FoundationsVII.Models.Finite.Phase5.threeDomainConfluenceLaw,PASS_LOCAL_REPLAY,def,534,FoundationsVII.Models.Finite.Phase5.ClosureEnvelope,formalization/lean/FoundationsVII/Models/Finite/Phase5/ClosureEnvelope.lean,threeDomainConfluenceLaw,bdf22aac97f5066256b3b414986515fa0968af78f1861766335dbe78217571c1,LEAN_KERNEL_REPLAY_PASS,
NOT_APPLICABLE_DEFINITION,,FoundationsVII.Models.Finite.Phase5.allRawThreeDomainConfluenceCases,PASS_LOCAL_REPLAY,def,557,FoundationsVII.Models.Finite.Phase5.ClosureEnvelope,formalization/lean/FoundationsVII/Models/Finite/Phase5/ClosureEnvelope.lean,allRawThreeDomainConfluenceCases,f927c40567f94428b41d26fcf9b752b1f4a0297a438e7003ef05fb42060372bf,LEAN_KERNEL_REPLAY_PASS,
NOT_APPLICABLE_DEFINITION,,FoundationsVII.Models.Finite.Phase5.allThreeDomainConfluenceCases,PASS_LOCAL_REPLAY,def,560,FoundationsVII.Models.Finite.Phase5.ClosureEnvelope,formalization/lean/FoundationsVII/Models/Finite/Phase5/ClosureEnvelope.lean,allThreeDomainConfluenceCases,23d786f51179bfbe2177bb89ce30d686065056bb65491ddf4faedcbc30e4d350,LEAN_KERNEL_REPLAY_PASS,
NOT_APPLICABLE_DEFINITION,,FoundationsVII.Models.Finite.Phase5.IntegratedDomainCase,PASS_LOCAL_REPLAY,structure,575,FoundationsVII.Models.Finite.Phase5.ClosureEnvelope,formalization/lean/FoundationsVII/Models/Finite/Phase5/ClosureEnvelope.lean,IntegratedDomainCase,be22446433124322e4574ec45eb57cac9b83b9e8379009f8a124c61399b673b7,LEAN_KERNEL_REPLAY_PASS,
NOT_APPLICABLE_DEFINITION,,FoundationsVII.Models.Finite.Phase5.integratedDomainExact,PASS_LOCAL_REPLAY,def,591,FoundationsVII.Models.Finite.Phase5.ClosureEnvelope,formalization/lean/FoundationsVII/Models/Finite/Phase5/ClosureEnvelope.lean,integratedDomainExact,c4af61dc69df8058917175bc78e404c38bc904cceb38932139ae7f73b73add83,LEAN_KERNEL_REPLAY_PASS,
NOT_APPLICABLE_DEFINITION,,FoundationsVII.Models.Finite.Phase5.integratedDomainLaw,PASS_LOCAL_REPLAY,def,598,FoundationsVII.Models.Finite.Phase5.ClosureEnvelope,formalization/lean/FoundationsVII/Models/Finite/Phase5/ClosureEnvelope.lean,integratedDomainLaw,56e988be25bbda48b087d2989392ffc8db5b68c447326deabc69027366c7b29d,LEAN_KERNEL_REPLAY_PASS,
NOT_APPLICABLE_DEFINITION,,FoundationsVII.Models.Finite.Phase5.allIntegratedDomainCases,PASS_LOCAL_REPLAY,def,602,FoundationsVII.Models.Finite.Phase5.ClosureEnvelope,formalization/lean/FoundationsVII/Models/Finite/Phase5/ClosureEnvelope.lean,allIntegratedDomainCases,c024520c0ebb97ffa8d011ae5d04f092789e9b19ef9fde07f77f7a64a8567583,LEAN_KERNEL_REPLAY_PASS,
NOT_APPLICABLE_DEFINITION,,FoundationsVII.Models.Finite.Phase5.finalRawCardinality,PASS_LOCAL_REPLAY,def,631,FoundationsVII.Models.Finite.Phase5.ClosureEnvelope,formalization/lean/FoundationsVII/Models/Finite/Phase5/ClosureEnvelope.lean,finalRawCardinality,bb6997796c0f1d7294cdb41ed8c635dac1cf03e81e009ee65e99b54bca0fbd35,LEAN_KERNEL_REPLAY_PASS,
NOT_APPLICABLE_DEFINITION,,FoundationsVII.Models.Finite.Phase5.finalCanonicalCardinality,PASS_LOCAL_REPLAY,def,639,FoundationsVII.Models.Finite.Phase5.ClosureEnvelope,formalization/lean/FoundationsVII/Models/Finite/Phase5/ClosureEnvelope.lean,finalCanonicalCardinality,43d4bd9c3cfc4ab172f1c8c0b0d146ad5c6276d583aec0a592aaac0e61a7360a,LEAN_KERNEL_REPLAY_PASS,
NOT_APPLICABLE_DEFINITION,,FoundationsVII.Models.Finite.Phase5.finalAcceptedCardinality,PASS_LOCAL_REPLAY,def,647,FoundationsVII.Models.Finite.Phase5.ClosureEnvelope,formalization/lean/FoundationsVII/Models/Finite/Phase5/ClosureEnvelope.lean,finalAcceptedCardinality,24b33fee60d149677710117e3086612f54db01783496979025fad05b8801df51,LEAN_KERNEL_REPLAY_PASS,
NOT_APPLICABLE_DEFINITION,,FoundationsVII.Models.Finite.scenario01,PASS_LOCAL_REPLAY,def,7,FoundationsVII.Models.Finite.Scenarios,formalization/lean/FoundationsVII/Models/Finite/Scenarios.lean,scenario01,ecd7feba347671ff3d75542433f5f49c0e4f553cf147dd9d498edb2abc5f1106,LEAN_KERNEL_REPLAY_PASS,
NOT_APPLICABLE_DEFINITION,,FoundationsVII.Models.Finite.scenario02,PASS_LOCAL_REPLAY,def,20,FoundationsVII.Models.Finite.Scenarios,formalization/lean/FoundationsVII/Models/Finite/Scenarios.lean,scenario02,28965a34aab50b32700f5086e59cac034ebec3654c5ecc3f8b02471e74dced2a,LEAN_KERNEL_REPLAY_PASS,
NOT_APPLICABLE_DEFINITION,,FoundationsVII.Models.Finite.scenario03,PASS_LOCAL_REPLAY,def,36,FoundationsVII.Models.Finite.Scenarios,formalization/lean/FoundationsVII/Models/Finite/Scenarios.lean,scenario03,3ba014d452e1bef3e92ff95c5c4c48bd107112c8edb30138ddba665b29041c1a,LEAN_KERNEL_REPLAY_PASS,
NOT_APPLICABLE_DEFINITION,,FoundationsVII.Models.Finite.scenario04,PASS_LOCAL_REPLAY,def,51,FoundationsVII.Models.Finite.Scenarios,formalization/lean/FoundationsVII/Models/Finite/Scenarios.lean,scenario04,5dcb5850f84c60fc855c60cb21ba4aa9b2200d50f2b43a417e6c46c7d221eb4d,LEAN_KERNEL_REPLAY_PASS,
NOT_APPLICABLE_DEFINITION,,FoundationsVII.Models.Finite.scenario05,PASS_LOCAL_REPLAY,def,65,FoundationsVII.Models.Finite.Scenarios,formalization/lean/FoundationsVII/Models/Finite/Scenarios.lean,scenario05,c919df3ae617e5d5c19a9e41c09a74f7044307a2bceebab45522583759ec13cb,LEAN_KERNEL_REPLAY_PASS,
NOT_APPLICABLE_DEFINITION,,FoundationsVII.Models.Finite.scenario06,PASS_LOCAL_REPLAY,def,80,FoundationsVII.Models.Finite.Scenarios,formalization/lean/FoundationsVII/Models/Finite/Scenarios.lean,scenario06,1e5cb7b14563d5d90bf8169ea5b2c07b720698f863d314f72d4bd2f7efa3426a,LEAN_KERNEL_REPLAY_PASS,
NOT_APPLICABLE_DEFINITION,,FoundationsVII.Models.Finite.scenario07,PASS_LOCAL_REPLAY,def,93,FoundationsVII.Models.Finite.Scenarios,formalization/lean/FoundationsVII/Models/Finite/Scenarios.lean,scenario07,ea89f40c9745a2f2b4e0c3fd72311f8997403ca5e9aba3a9bc5f876169eae815,LEAN_KERNEL_REPLAY_PASS,
NOT_APPLICABLE_DEFINITION,,FoundationsVII.Models.Finite.scenario08,PASS_LOCAL_REPLAY,def,109,FoundationsVII.Models.Finite.Scenarios,formalization/lean/FoundationsVII/Models/Finite/Scenarios.lean,scenario08,efd4a3ff4800d3a050907300ef019d7a7a1e3919ad59226cb59b7210adbe4c29,LEAN_KERNEL_REPLAY_PASS,
NOT_APPLICABLE_DEFINITION,,FoundationsVII.Models.Finite.scenario09,PASS_LOCAL_REPLAY,def,126,FoundationsVII.Models.Finite.Scenarios,formalization/lean/FoundationsVII/Models/Finite/Scenarios.lean,scenario09,70b112171e0c39dc6f0f2fe19c45752d1dbd2dd8b5cbeb475de75a83347ab943,LEAN_KERNEL_REPLAY_PASS,
NOT_APPLICABLE_DEFINITION,,FoundationsVII.Models.Finite.scenario10,PASS_LOCAL_REPLAY,def,143,FoundationsVII.Models.Finite.Scenarios,formalization/lean/FoundationsVII/Models/Finite/Scenarios.lean,scenario10,9b1b5ed33eca115eafb2e7aa3f2b8aa2e2d86781b418f54fc52d166f30eb0cd8,LEAN_KERNEL_REPLAY_PASS,
NOT_APPLICABLE_DEFINITION,,FoundationsVII.Models.Finite.scenario11,PASS_LOCAL_REPLAY,def,160,FoundationsVII.Models.Finite.Scenarios,formalization/lean/FoundationsVII/Models/Finite/Scenarios.lean,scenario11,0a012d8356e1fbb1c942ba5163a622ff566bef0549b8f2cb1e697b1bdc2bcd4b,LEAN_KERNEL_REPLAY_PASS,
NOT_APPLICABLE_DEFINITION,,FoundationsVII.Models.Finite.scenario12,PASS_LOCAL_REPLAY,def,177,FoundationsVII.Models.Finite.Scenarios,formalization/lean/FoundationsVII/Models/Finite/Scenarios.lean,scenario12,ce02981f07b437dd7e96e0bc1f522322bdb18a0c3001219c511775892d997daa,LEAN_KERNEL_REPLAY_PASS,
NOT_APPLICABLE_DEFINITION,,FoundationsVII.Models.Finite.scenario13,PASS_LOCAL_REPLAY,def,191,FoundationsVII.Models.Finite.Scenarios,formalization/lean/FoundationsVII/Models/Finite/Scenarios.lean,scenario13,1466e6fdf630a84eae85d3ce76e63be142a6f6e2938e97e72345d79addbb6156,LEAN_KERNEL_REPLAY_PASS,
NOT_APPLICABLE_DEFINITION,,FoundationsVII.Models.Finite.scenario14,PASS_LOCAL_REPLAY,def,206,FoundationsVII.Models.Finite.Scenarios,formalization/lean/FoundationsVII/Models/Finite/Scenarios.lean,scenario14,dd7fa8186f111cb89acc87692e5b067c6fee3f854f432adbc61335b6013da03c,LEAN_KERNEL_REPLAY_PASS,
NOT_APPLICABLE_DEFINITION,,FoundationsVII.Models.Finite.scenario15,PASS_LOCAL_REPLAY,def,220,FoundationsVII.Models.Finite.Scenarios,formalization/lean/FoundationsVII/Models/Finite/Scenarios.lean,scenario15,df03903925e92541df85fa3c4e87030e2a8e22f6503aa789efdd9b35a0737701,LEAN_KERNEL_REPLAY_PASS,
NOT_APPLICABLE_DEFINITION,,FoundationsVII.Models.Finite.scenario16,PASS_LOCAL_REPLAY,def,234,FoundationsVII.Models.Finite.Scenarios,formalization/lean/FoundationsVII/Models/Finite/Scenarios.lean,scenario16,77080324e0877acf0e164d94eeae1d4d29e3220ee4d1d8b0ad067061c8852271,LEAN_KERNEL_REPLAY_PASS,
NOT_APPLICABLE_DEFINITION,,FoundationsVII.Models.Finite.scenario17,PASS_LOCAL_REPLAY,def,249,FoundationsVII.Models.Finite.Scenarios,formalization/lean/FoundationsVII/Models/Finite/Scenarios.lean,scenario17,70ca75b744d349aa6f25b4042593c33fe40daa10f55be5c2b845498f8a07d553,LEAN_KERNEL_REPLAY_PASS,
NOT_APPLICABLE_DEFINITION,,FoundationsVII.Models.Finite.scenario18,PASS_LOCAL_REPLAY,def,263,FoundationsVII.Models.Finite.Scenarios,formalization/lean/FoundationsVII/Models/Finite/Scenarios.lean,scenario18,e8dfceabb5ff8709cbb832b9b04beb49b605abda86ed131bdfa39c9b25d77cee,LEAN_KERNEL_REPLAY_PASS,
NOT_APPLICABLE_DEFINITION,,FoundationsVII.Models.Finite.scenario19,PASS_LOCAL_REPLAY,def,277,FoundationsVII.Models.Finite.Scenarios,formalization/lean/FoundationsVII/Models/Finite/Scenarios.lean,scenario19,db7839a201f83802cb9ef208f2b71e8ba0e7cf6491e365af590dd6ea96760151,LEAN_KERNEL_REPLAY_PASS,
NOT_APPLICABLE_DEFINITION,,FoundationsVII.Models.Finite.scenario20,PASS_LOCAL_REPLAY,def,290,FoundationsVII.Models.Finite.Scenarios,formalization/lean/FoundationsVII/Models/Finite/Scenarios.lean,scenario20,fd8b8f967fcbf88c20250ae91e5d4efac020125af9aa5e0927b1035ea26cfa5c,LEAN_KERNEL_REPLAY_PASS,
NOT_APPLICABLE_DEFINITION,,FoundationsVII.Models.Finite.scenario21,PASS_LOCAL_REPLAY,def,304,FoundationsVII.Models.Finite.Scenarios,formalization/lean/FoundationsVII/Models/Finite/Scenarios.lean,scenario21,901fda6aee4ca4b3c8d60a0045825329bcf0101fd81b36a323421ad3ad2a3f5c,LEAN_KERNEL_REPLAY_PASS,
NOT_APPLICABLE_DEFINITION,,FoundationsVII.Models.Finite.scenario22,PASS_LOCAL_REPLAY,def,318,FoundationsVII.Models.Finite.Scenarios,formalization/lean/FoundationsVII/Models/Finite/Scenarios.lean,scenario22,999c334043394c54f66ea7b9ed71bf055da63e803dc90590d806778a80ec8238,LEAN_KERNEL_REPLAY_PASS,
NOT_APPLICABLE_DEFINITION,,FoundationsVII.Models.Finite.scenario23,PASS_LOCAL_REPLAY,def,333,FoundationsVII.Models.Finite.Scenarios,formalization/lean/FoundationsVII/Models/Finite/Scenarios.lean,scenario23,e2ecd0e349e1b62189f5eb47ac83ecc98c51d6acbcd9431cf9a2961e8b4375ee,LEAN_KERNEL_REPLAY_PASS,
NOT_APPLICABLE_DEFINITION,,FoundationsVII.Models.Finite.scenario24,PASS_LOCAL_REPLAY,def,346,FoundationsVII.Models.Finite.Scenarios,formalization/lean/FoundationsVII/Models/Finite/Scenarios.lean,scenario24,83d48ea7ee7f94ebe8a80f06930bfd00013d775f698475e09903760a22ef1386,LEAN_KERNEL_REPLAY_PASS,
NOT_APPLICABLE_DEFINITION,,FoundationsVII.Models.Finite.allScenarios,PASS_LOCAL_REPLAY,def,361,FoundationsVII.Models.Finite.Scenarios,formalization/lean/FoundationsVII/Models/Finite/Scenarios.lean,allScenarios,299faa8a2f6f3dfe3783ea39d8ca361c1a84f05328f31eb931934ae10455dc07,LEAN_KERNEL_REPLAY_PASS,
NOT_APPLICABLE_DEFINITION,,FoundationsVII.Models.Finite.statusCode,PASS_LOCAL_REPLAY,def,12,FoundationsVII.Models.Finite.Serialization,formalization/lean/FoundationsVII/Models/Finite/Serialization.lean,statusCode,4810e988ffc2a8aea9e08a108e380d3294fd4136d05b993a4cbeec8240ad4faf,LEAN_KERNEL_REPLAY_PASS,
NOT_APPLICABLE_DEFINITION,,FoundationsVII.Models.Finite.decodeStatus,PASS_LOCAL_REPLAY,def,39,FoundationsVII.Models.Finite.Serialization,formalization/lean/FoundationsVII/Models/Finite/Serialization.lean,decodeStatus,139291a7340aa23fba4a14a4029968c058dd6b5d7939cc55ead3caafbc898a0b,LEAN_KERNEL_REPLAY_PASS,
NOT_APPLICABLE_DEFINITION,,FoundationsVII.Models.Finite.statusName,PASS_LOCAL_REPLAY,def,71,FoundationsVII.Models.Finite.Serialization,formalization/lean/FoundationsVII/Models/Finite/Serialization.lean,statusName,39d0a4abfd0f4fb4561235f53e7d3805a6bb5b8a854c0573cb4107e617c9f72a,LEAN_KERNEL_REPLAY_PASS,
NOT_APPLICABLE_DEFINITION,,FoundationsVII.Models.Finite.encodeFlags,PASS_LOCAL_REPLAY,def,98,FoundationsVII.Models.Finite.Serialization,formalization/lean/FoundationsVII/Models/Finite/Serialization.lean,encodeFlags,53a05f976d8b4c111128619e25017cbf8a27a2a0ee086f1242345e0b8f063980,LEAN_KERNEL_REPLAY_PASS,
NOT_APPLICABLE_DEFINITION,,FoundationsVII.Models.Finite.decodeFlags,PASS_LOCAL_REPLAY,def,107,FoundationsVII.Models.Finite.Serialization,formalization/lean/FoundationsVII/Models/Finite/Serialization.lean,decodeFlags,1b187cf8b112be084d967956fb48936854d219196e345ca7b0e83e9b4c4e32ec,LEAN_KERNEL_REPLAY_PASS,
NOT_APPLICABLE_DEFINITION,,FoundationsVII.NoGo.HolonomyArrowProfile,PASS_LOCAL_REPLAY,structure,9,FoundationsVII.NoGo.Dynamics,formalization/lean/FoundationsVII/NoGo/Dynamics.lean,HolonomyArrowProfile,d59e72a8c46d40440ee9075088f2b75407860eeecbb915923ad0c289dd8ad942,LEAN_KERNEL_REPLAY_PASS,
NOT_APPLICABLE_DEFINITION,,FoundationsVII.NoGo.HolonomyArrowProfile.Eligible,PASS_LOCAL_REPLAY,def,21,FoundationsVII.NoGo.Dynamics,formalization/lean/FoundationsVII/NoGo/Dynamics.lean,Eligible,24127902b031ef29353e5725ac7f88cf0d1e3cfde01218c8a2e25849dff3b404,LEAN_KERNEL_REPLAY_PASS,
NOT_APPLICABLE_DEFINITION,,FoundationsVII.NoGo.HolonomyArrowProfile.HolonomyOnly,PASS_LOCAL_REPLAY,def,33,FoundationsVII.NoGo.Dynamics,formalization/lean/FoundationsVII/NoGo/Dynamics.lean,HolonomyOnly,8fd835ba9e3f3d63e90147c14a8da0e12373334ff9dbcd88d56c670278f93268,LEAN_KERNEL_REPLAY_PASS,
NOT_APPLICABLE_DEFINITION,,FoundationsVII.NoGo.ResemblanceJoinProfile,PASS_LOCAL_REPLAY,structure,12,FoundationsVII.NoGo.Join,formalization/lean/FoundationsVII/NoGo/Join.lean,ResemblanceJoinProfile,65289016fda37bfd54d2047175a86a0184484da1da3232370f72e56ace0d032d,LEAN_KERNEL_REPLAY_PASS,
NOT_APPLICABLE_DEFINITION,,FoundationsVII.NoGo.ResemblanceJoinProfile.Eligible,PASS_LOCAL_REPLAY,def,21,FoundationsVII.NoGo.Join,formalization/lean/FoundationsVII/NoGo/Join.lean,Eligible,d78992018ee1a61e2c5bb2eb5e1ba8ba66628ef26ca3f0c86e520c0c8a891a2b,LEAN_KERNEL_REPLAY_PASS,
NOT_APPLICABLE_DEFINITION,,FoundationsVII.NoGo.ResemblanceJoinProfile.ResemblanceOnly,PASS_LOCAL_REPLAY,def,30,FoundationsVII.NoGo.Join,formalization/lean/FoundationsVII/NoGo/Join.lean,ResemblanceOnly,73cbf6f35b665dcbf8a6e2a63453cfb1be50eb3c9a939b02a6dd34593afe8f19,LEAN_KERNEL_REPLAY_PASS,
NOT_APPLICABLE_DEFINITION,,FoundationsVII.NoGo.ContactOnlyJoinProfile,PASS_LOCAL_REPLAY,structure,55,FoundationsVII.NoGo.Join,formalization/lean/FoundationsVII/NoGo/Join.lean,ContactOnlyJoinProfile,e9ee7afa44b401d8ff8476010eb0aa25cddf2963f68e3d843bbdb4162f03984a,LEAN_KERNEL_REPLAY_PASS,
NOT_APPLICABLE_DEFINITION,,FoundationsVII.NoGo.ContactOnlyJoinProfile.StrictEligible,PASS_LOCAL_REPLAY,def,65,FoundationsVII.NoGo.Join,formalization/lean/FoundationsVII/NoGo/Join.lean,StrictEligible,bd5a9b490634e436ae08b9eae67b58cea177403029229252e2696e123fb2fd07,LEAN_KERNEL_REPLAY_PASS,
NOT_APPLICABLE_DEFINITION,,FoundationsVII.NoGo.ContactOnlyJoinProfile.ContactOnly,PASS_LOCAL_REPLAY,def,76,FoundationsVII.NoGo.Join,formalization/lean/FoundationsVII/NoGo/Join.lean,ContactOnly,744ad486069ddb88354fd47d78a6d09785cc7feeb58d25f671320af736a574ea,LEAN_KERNEL_REPLAY_PASS,
NOT_APPLICABLE_DEFINITION,,FoundationsVII.NoGo.ProductJoinProfile,PASS_LOCAL_REPLAY,structure,103,FoundationsVII.NoGo.Join,formalization/lean/FoundationsVII/NoGo/Join.lean,ProductJoinProfile,d576cfbada7304dd7128d56a8c484110d86a27c0935bbda33d8d169cddc5e353,LEAN_KERNEL_REPLAY_PASS,
NOT_APPLICABLE_DEFINITION,,FoundationsVII.NoGo.ProductJoinProfile.StrictEligible,PASS_LOCAL_REPLAY,def,112,FoundationsVII.NoGo.Join,formalization/lean/FoundationsVII/NoGo/Join.lean,StrictEligible,deec44cd246c09e3ce69649f0d0c5337f7260a683e264818bad42f59d6248a5f,LEAN_KERNEL_REPLAY_PASS,
NOT_APPLICABLE_DEFINITION,,FoundationsVII.NoGo.ProductJoinProfile.MereProduct,PASS_LOCAL_REPLAY,def,122,FoundationsVII.NoGo.Join,formalization/lean/FoundationsVII/NoGo/Join.lean,MereProduct,95682d944b4cc92ffab035697bd3a9b55fe14aa823d3467cbdb9b3a47ac5b232,LEAN_KERNEL_REPLAY_PASS,
NOT_APPLICABLE_DEFINITION,,FoundationsVII.NoGo.LineageJoinCredit,PASS_LOCAL_REPLAY,structure,147,FoundationsVII.NoGo.Join,formalization/lean/FoundationsVII/NoGo/Join.lean,LineageJoinCredit,b80f6180501ff3ef1771cc07e336fde445b14ee909b0a29db8c601cf6c2655ae,LEAN_KERNEL_REPLAY_PASS,
NOT_APPLICABLE_DEFINITION,,FoundationsVII.NoGo.LineageJoinCredit.Eligible,PASS_LOCAL_REPLAY,def,155,FoundationsVII.NoGo.Join,formalization/lean/FoundationsVII/NoGo/Join.lean,Eligible,9ffb1748d9db389277fdc6bca59e148f33f0a20fd8ef9dd7c5178faf78abc12c,LEAN_KERNEL_REPLAY_PASS,
NOT_APPLICABLE_DEFINITION,,FoundationsVII.NoGo.LineageJoinCredit.OneLineage,PASS_LOCAL_REPLAY,def,163,FoundationsVII.NoGo.Join,formalization/lean/FoundationsVII/NoGo/Join.lean,OneLineage,18a4f155820a7030df7c376102a915d2ed6abaf02e66f4f5d5e8d267d5d2a3a2,LEAN_KERNEL_REPLAY_PASS,
NOT_APPLICABLE_DEFINITION,,FoundationsVII.NoGo.PaymentJoinCredit,PASS_LOCAL_REPLAY,structure,186,FoundationsVII.NoGo.Join,formalization/lean/FoundationsVII/NoGo/Join.lean,PaymentJoinCredit,54e6adb425e07dda1220244278f33e81fe3b93768a81031a342a17491b5f0e11,LEAN_KERNEL_REPLAY_PASS,
NOT_APPLICABLE_DEFINITION,,FoundationsVII.NoGo.PaymentJoinCredit.Eligible,PASS_LOCAL_REPLAY,def,196,FoundationsVII.NoGo.Join,formalization/lean/FoundationsVII/NoGo/Join.lean,Eligible,2da36a47e8182a52c65ab5e705f8a683aede9d1afd5bf2a1fc84c5da87a875f9,LEAN_KERNEL_REPLAY_PASS,
NOT_APPLICABLE_DEFINITION,,FoundationsVII.NoGo.PaymentJoinCredit.PositiveUnpaid,PASS_LOCAL_REPLAY,def,207,FoundationsVII.NoGo.Join,formalization/lean/FoundationsVII/NoGo/Join.lean,PositiveUnpaid,731a1e4678bde71466b05b084586716508cc4a4e224e301e075d8c0f6b10a052,LEAN_KERNEL_REPLAY_PASS,
NOT_APPLICABLE_DEFINITION,,FoundationsVII.NoGo.SelfBootstrapJoinProfile,PASS_LOCAL_REPLAY,structure,247,FoundationsVII.NoGo.Join,formalization/lean/FoundationsVII/NoGo/Join.lean,SelfBootstrapJoinProfile,3f166b9292af7d7b2e6ec13d4a8a0d80f454e1f3fd0004ff8829d0a243a7e8ea,LEAN_KERNEL_REPLAY_PASS,
NOT_APPLICABLE_DEFINITION,,FoundationsVII.NoGo.SelfBootstrapJoinProfile.Lawful,PASS_LOCAL_REPLAY,def,256,FoundationsVII.NoGo.Join,formalization/lean/FoundationsVII/NoGo/Join.lean,Lawful,0824fe77777b0c2a7840aaf5a6b734439ae3f274526e5304423745e60ad58bbb,LEAN_KERNEL_REPLAY_PASS,
NOT_APPLICABLE_DEFINITION,,FoundationsVII.Prior.AdapterFidelity,PASS_LOCAL_REPLAY,inductive,13,FoundationsVII.Prior.Contract,formalization/lean/FoundationsVII/Prior/Contract.lean,AdapterFidelity,5701069147c94018596ab55ee5848951dadd93f6ccd36d8f5057ade63987cf49,LEAN_KERNEL_REPLAY_PASS,
NOT_APPLICABLE_DEFINITION,,FoundationsVII.Prior.AdapterContract,PASS_LOCAL_REPLAY,structure,20,FoundationsVII.Prior.Contract,formalization/lean/FoundationsVII/Prior/Contract.lean,AdapterContract,7dbe3138a619df9844f3cc05399b9b9a2ce1b49710f22ce5ffafe68b987d9333,LEAN_KERNEL_REPLAY_PASS,
NOT_APPLICABLE_DEFINITION,,FoundationsVII.Prior.AdapterContract.complete,PASS_LOCAL_REPLAY,def,37,FoundationsVII.Prior.Contract,formalization/lean/FoundationsVII/Prior/Contract.lean,complete,ffd9833ea09eb07e3102173df94f39d29b05568f26701ed88f9cd8a40db415e0,LEAN_KERNEL_REPLAY_PASS,
NOT_APPLICABLE_DEFINITION,,FoundationsVII.Prior.adapter_ft01_claimrecord_01,PASS_LOCAL_REPLAY,def,10,FoundationsVII.Prior.FT01,formalization/lean/FoundationsVII/Prior/FT01.lean,adapter_ft01_claimrecord_01,d7f9e1407d94ab2f3e743a4f87c24e8122d4fdb2ba9d394538fb33a6b141d5f0,LEAN_KERNEL_REPLAY_PASS,
NOT_APPLICABLE_DEFINITION,,FoundationsVII.Prior.adapter_ft01_accesspolicy_02,PASS_LOCAL_REPLAY,def,23,FoundationsVII.Prior.FT01,formalization/lean/FoundationsVII/Prior/FT01.lean,adapter_ft01_accesspolicy_02,853c5775f4f978459fbc33b6c6dc470921b4932b6c1fce70c42491868f89bd47,LEAN_KERNEL_REPLAY_PASS,
NOT_APPLICABLE_DEFINITION,,FoundationsVII.Prior.adapter_ft02_repairgeneratorreachabilityrecord_01,PASS_LOCAL_REPLAY,def,9,FoundationsVII.Prior.FT02,formalization/lean/FoundationsVII/Prior/FT02.lean,adapter_ft02_repairgeneratorreachabilityrecord_01,2954caa452e06b98b36a343d5994e5d709c34e71e26839cd9c9a8590aec8969d,LEAN_KERNEL_REPLAY_PASS,
NOT_APPLICABLE_DEFINITION,,FoundationsVII.Prior.adapter_ft02_repairgeneratorreachabilitycertified_02,PASS_LOCAL_REPLAY,def,22,FoundationsVII.Prior.FT02,formalization/lean/FoundationsVII/Prior/FT02.lean,adapter_ft02_repairgeneratorreachabilitycertified_02,38d4936564e950731d17d21612739589286f1d258880d050e56b8d8a68e39d0d,LEAN_KERNEL_REPLAY_PASS,
NOT_APPLICABLE_DEFINITION,,FoundationsVII.Prior.adapter_ft03_noreachablerepairgenerator_01,PASS_LOCAL_REPLAY,def,9,FoundationsVII.Prior.FT03,formalization/lean/FoundationsVII/Prior/FT03.lean,adapter_ft03_noreachablerepairgenerator_01,277a8fbf19543e2d58a35ebaf9fced182100e060f2d1045da23502b58358a4ed,LEAN_KERNEL_REPLAY_PASS,
NOT_APPLICABLE_DEFINITION,,FoundationsVII.Prior.adapter_ft04_sharedbudgetallocationrecord_01,PASS_LOCAL_REPLAY,def,9,FoundationsVII.Prior.FT04,formalization/lean/FoundationsVII/Prior/FT04.lean,adapter_ft04_sharedbudgetallocationrecord_01,5f301d326ba4a5ae60068b3a11ddc61153b199308ba122e4fb4590ca35c323af,LEAN_KERNEL_REPLAY_PASS,
NOT_APPLICABLE_DEFINITION,,FoundationsVII.Prior.adapter_ft05_carriedsource_01,PASS_LOCAL_REPLAY,def,10,FoundationsVII.Prior.FT05,formalization/lean/FoundationsVII/Prior/FT05.lean,adapter_ft05_carriedsource_01,d976bc8904dd069843962d53f38766a2d4b5e0b95983043a3461dfc414a72cf0,LEAN_KERNEL_REPLAY_PASS,
NOT_APPLICABLE_DEFINITION,,FoundationsVII.Prior.adapter_ft05_transporttokenrecord_02,PASS_LOCAL_REPLAY,def,23,FoundationsVII.Prior.FT05,formalization/lean/FoundationsVII/Prior/FT05.lean,adapter_ft05_transporttokenrecord_02,63bcc54d1c3f285180f1ae0ae849d311b7d6d6db162fb60bc8fd5853330c3cef,LEAN_KERNEL_REPLAY_PASS,
NOT_APPLICABLE_DEFINITION,,FoundationsVII.Prior.adapter_ft06_instrumentclaimrecord_01,PASS_LOCAL_REPLAY,def,9,FoundationsVII.Prior.FT06,formalization/lean/FoundationsVII/Prior/FT06.lean,adapter_ft06_instrumentclaimrecord_01,ba7fe2a3a8d6729cbec9e30560ea0b6d95a0a2e4a3adb17ed78ecccae0a38660,LEAN_KERNEL_REPLAY_PASS,
NOT_APPLICABLE_DEFINITION,,FoundationsVII.Prior.adapter_ft07_repairjoin_01,PASS_LOCAL_REPLAY,def,9,FoundationsVII.Prior.FT07,formalization/lean/FoundationsVII/Prior/FT07.lean,adapter_ft07_repairjoin_01,94d89576d7cff9cd68d31959b04cfdba51fb2caa63b61e9afe501f6a570ee224,LEAN_KERNEL_REPLAY_PASS,
NOT_APPLICABLE_DEFINITION,,FoundationsVII.Prior.adapter_ft07_join_well_defined_02,PASS_LOCAL_REPLAY,def,22,FoundationsVII.Prior.FT07,formalization/lean/FoundationsVII/Prior/FT07.lean,adapter_ft07_join_well_defined_02,99bf1f90e89e2895ce2dcea0f6ee7380e24c8afa38f5c305ea6d25361403f28d,LEAN_KERNEL_REPLAY_PASS,
NOT_APPLICABLE_DEFINITION,,FoundationsVII.Prior.adapter_ft08_strictselfextension_01,PASS_LOCAL_REPLAY,def,9,FoundationsVII.Prior.FT08,formalization/lean/FoundationsVII/Prior/FT08.lean,adapter_ft08_strictselfextension_01,33280e7b5292e0e56917a9818f1d1e48f15c6ab4684caa548185c2b5ba804c35,LEAN_KERNEL_REPLAY_PASS,
NOT_APPLICABLE_DEFINITION,,FoundationsVII.Prior.adapter_ft09_budgetfeasible_01,PASS_LOCAL_REPLAY,def,10,FoundationsVII.Prior.FT09,formalization/lean/FoundationsVII/Prior/FT09.lean,adapter_ft09_budgetfeasible_01,6c4279757d9b2a8b1d2fa4c3b4cdc547831744044007ac0a13726c0d6cedb07f,LEAN_KERNEL_REPLAY_PASS,
NOT_APPLICABLE_DEFINITION,,FoundationsVII.Prior.adapter_ft09_obstructionstatusrecord_02,PASS_LOCAL_REPLAY,def,23,FoundationsVII.Prior.FT09,formalization/lean/FoundationsVII/Prior/FT09.lean,adapter_ft09_obstructionstatusrecord_02,fbbcfb5f3882f0d986379ad1e19740ef485d2b1a0497043b684bced33c5ad7ad,LEAN_KERNEL_REPLAY_PASS,
NOT_APPLICABLE_DEFINITION,,FoundationsVII.Prior.adapter_ft10_e11_nctdobstruction_01,PASS_LOCAL_REPLAY,def,9,FoundationsVII.Prior.FT10,formalization/lean/FoundationsVII/Prior/FT10.lean,adapter_ft10_e11_nctdobstruction_01,4086679d9f3d329ef483ec44ea8531e0a77a343323feb455d02bfaa65657fb37,LEAN_KERNEL_REPLAY_PASS,
NOT_APPLICABLE_DEFINITION,,FoundationsVII.Prior.adapter_ft11_repairgeneratorreachabilityrecord_01,PASS_LOCAL_REPLAY,def,9,FoundationsVII.Prior.FT11,formalization/lean/FoundationsVII/Prior/FT11.lean,adapter_ft11_repairgeneratorreachabilityrecord_01,7fe16c9a7c8b036a028222cd5a6bd5dd908f3126d1f07be371c92ff2b7d053ea,LEAN_KERNEL_REPLAY_PASS,
NOT_APPLICABLE_DEFINITION,,FoundationsVII.Prior.adapter_ft12_noreachablerepairgeneratorexcludesendogenousfamily_01,PASS_LOCAL_REPLAY,def,9,FoundationsVII.Prior.FT12,formalization/lean/FoundationsVII/Prior/FT12.lean,adapter_ft12_noreachablerepairgeneratorexcludesendogenousfamily_01,2aa19ac06a50270bcb31026071296d414866b5e508edd1d4e205308001baa76c,LEAN_KERNEL_REPLAY_PASS,
NOT_APPLICABLE_DEFINITION,,FoundationsVII.Prior.adapter_ft13_descent_square_recovery_01,PASS_LOCAL_REPLAY,def,9,FoundationsVII.Prior.FT13,formalization/lean/FoundationsVII/Prior/FT13.lean,adapter_ft13_descent_square_recovery_01,dd99935beeba12c9202a6d20cec1838faa757dbe7851328a0f6a72b4affa04d8,LEAN_KERNEL_REPLAY_PASS,
NOT_APPLICABLE_DEFINITION,,FoundationsVII.Prior.adapter_ft14_caseb_confluent_runs_share_final_01,PASS_LOCAL_REPLAY,def,9,FoundationsVII.Prior.FT14,formalization/lean/FoundationsVII/Prior/FT14.lean,adapter_ft14_caseb_confluent_runs_share_final_01,25dc5e725533ca87f15d469e134fd9f71f3246d7fcdda5427f703f3bb0c80210,LEAN_KERNEL_REPLAY_PASS,
NOT_APPLICABLE_DEFINITION,,FoundationsVII.Prior.adapter_ft14_cased_nonconfluent_witness_02,PASS_LOCAL_REPLAY,def,22,FoundationsVII.Prior.FT14,formalization/lean/FoundationsVII/Prior/FT14.lean,adapter_ft14_cased_nonconfluent_witness_02,ce9abe6ce0a88f796adb73b02c24d3b8cc196ee9b34b0ad011dc695696983bce,LEAN_KERNEL_REPLAY_PASS,
NOT_APPLICABLE_DEFINITION,,FoundationsVII.Prior.adapter_ft15_loopasymmetry_01,PASS_LOCAL_REPLAY,def,9,FoundationsVII.Prior.FT15,formalization/lean/FoundationsVII/Prior/FT15.lean,adapter_ft15_loopasymmetry_01,cf9122339201e5374dadb1a5744e759a6d24d2bda50c3064774e4665536f6553,LEAN_KERNEL_REPLAY_PASS,
NOT_APPLICABLE_DEFINITION,,FoundationsVII.Prior.adapter_ft15_loopasymmetry_exhibits_movedpredictive_fixedcurrent_02,PASS_LOCAL_REPLAY,def,22,FoundationsVII.Prior.FT15,formalization/lean/FoundationsVII/Prior/FT15.lean,adapter_ft15_loopasymmetry_exhibits_movedpredictive_fixedcurrent_02,cce1a18c55e21f690a30cf5b0afd221d24b43db9b4688a655de9a3cbd03ce3af,LEAN_KERNEL_REPLAY_PASS,
NOT_APPLICABLE_DEFINITION,,FoundationsVII.Prior.adapter_ft16_bindingexposurebudget_01,PASS_LOCAL_REPLAY,def,9,FoundationsVII.Prior.FT16,formalization/lean/FoundationsVII/Prior/FT16.lean,adapter_ft16_bindingexposurebudget_01,65e111483663e489745df2abccca1e326ba59e759676bcd0953f1cc4dee4225b,LEAN_KERNEL_REPLAY_PASS,
NOT_APPLICABLE_DEFINITION,,FoundationsVII.Prior.adapter_ft16_positiveaccessmovecosts_02,PASS_LOCAL_REPLAY,def,22,FoundationsVII.Prior.FT16,formalization/lean/FoundationsVII/Prior/FT16.lean,adapter_ft16_positiveaccessmovecosts_02,a3011ae9a2c90d25508f64e2a463da9c74ea824533060caec720677fb0e651ba,LEAN_KERNEL_REPLAY_PASS,
NOT_APPLICABLE_DEFINITION,,FoundationsVII.Prior.adapter_ft17_admissibleclaim_01,PASS_LOCAL_REPLAY,def,9,FoundationsVII.Prior.FT17,formalization/lean/FoundationsVII/Prior/FT17.lean,adapter_ft17_admissibleclaim_01,e6dcf679f600473db8f6095646d64efa04e56961b89048e33965ba740885ab7e,LEAN_KERNEL_REPLAY_PASS,
NOT_APPLICABLE_DEFINITION,,FoundationsVII.Prior.adapter_ft17_nonclaimrecord_02,PASS_LOCAL_REPLAY,def,22,FoundationsVII.Prior.FT17,formalization/lean/FoundationsVII/Prior/FT17.lean,adapter_ft17_nonclaimrecord_02,092e016060b9ee0afebe7f1d6a67d0a6295b44d2e906d470941eab4ee1f516c6,LEAN_KERNEL_REPLAY_PASS,
NOT_APPLICABLE_DEFINITION,,FoundationsVII.Prior.adapter_ft18_financed_refinement_retains_access_01,PASS_LOCAL_REPLAY,def,9,FoundationsVII.Prior.FT18,formalization/lean/FoundationsVII/Prior/FT18.lean,adapter_ft18_financed_refinement_retains_access_01,14be19f828c2aeb6e7783307a8f48635ebe5f514f585f01dbda4da8c756d8f15,LEAN_KERNEL_REPLAY_PASS,
NOT_APPLICABLE_DEFINITION,,FoundationsVII.Prior.adapter_ft19_persistence_extension_retains_old_01,PASS_LOCAL_REPLAY,def,9,FoundationsVII.Prior.FT19,formalization/lean/FoundationsVII/Prior/FT19.lean,adapter_ft19_persistence_extension_retains_old_01,a1143aeb824db9c4433feef207608d7305fe3c31aaa425a94c084fa415224967,LEAN_KERNEL_REPLAY_PASS,
NOT_APPLICABLE_DEFINITION,,FoundationsVII.Prior.adapter_ft20_residualstatusrecord_01,PASS_LOCAL_REPLAY,def,10,FoundationsVII.Prior.FT20,formalization/lean/FoundationsVII/Prior/FT20.lean,adapter_ft20_residualstatusrecord_01,d5b61e4cafb41039f7eb77874d6030bfaeac5bfc884c3effae9c6d971724510f,LEAN_KERNEL_REPLAY_PASS,
NOT_APPLICABLE_DEFINITION,,FoundationsVII.Prior.adapter_ft20_blindspotwitness_02,PASS_LOCAL_REPLAY,def,23,FoundationsVII.Prior.FT20,formalization/lean/FoundationsVII/Prior/FT20.lean,adapter_ft20_blindspotwitness_02,ff07c5bf410243a4b8919ab5ae1539ba76fbb45e871244da30dec77e249edc40,LEAN_KERNEL_REPLAY_PASS,
NOT_APPLICABLE_DEFINITION,,FoundationsVII.Prior.FoundationalObjectAnchor,PASS_LOCAL_REPLAY,structure,25,FoundationsVII.Prior.FoundationalObjects,formalization/lean/FoundationsVII/Prior/FoundationalObjects.lean,FoundationalObjectAnchor,34cdcbcb9bd1faa74ffc191c2d504debd0149b3057c25718fcfa869a41b82ef2,LEAN_KERNEL_REPLAY_PASS,
NOT_APPLICABLE_DEFINITION,,FoundationsVII.Prior.theoryPackageAnchor,PASS_LOCAL_REPLAY,def,34,FoundationsVII.Prior.FoundationalObjects,formalization/lean/FoundationsVII/Prior/FoundationalObjects.lean,theoryPackageAnchor,564fd252458ae3d30884e6290443bb77b2fc330b7290572c5204c0eb3eae0e3d,LEAN_KERNEL_REPLAY_PASS,
NOT_APPLICABLE_DEFINITION,,FoundationsVII.Prior.interfaceLensAnchor,PASS_LOCAL_REPLAY,def,42,FoundationsVII.Prior.FoundationalObjects,formalization/lean/FoundationsVII/Prior/FoundationalObjects.lean,interfaceLensAnchor,cc253afa580311420ae88f571876bad688c5ccb1a912dab0eaa3c0bfc111389f,LEAN_KERNEL_REPLAY_PASS,
NOT_APPLICABLE_DEFINITION,,FoundationsVII.Prior.auditRecordAnchor,PASS_LOCAL_REPLAY,def,50,FoundationsVII.Prior.FoundationalObjects,formalization/lean/FoundationsVII/Prior/FoundationalObjects.lean,auditRecordAnchor,9189134d193d7f532400ee4db8276e33d2de4a122e7a5e41633c6ff6e5cb6c11,LEAN_KERNEL_REPLAY_PASS,
NOT_APPLICABLE_DEFINITION,,FoundationsVII.Prior.AdapterMetadata,PASS_LOCAL_REPLAY,structure,8,FoundationsVII.Prior.Metadata,formalization/lean/FoundationsVII/Prior/Metadata.lean,AdapterMetadata,1512a1a171717ccd1018df1eb2f7465756e33470434f56971453b3ff0f9f6a14,LEAN_KERNEL_REPLAY_PASS,
NOT_APPLICABLE_DEFINITION,,FoundationsVII.Release.TerminalDisposition,PASS_LOCAL_REPLAY,inductive,26,FoundationsVII.Release.Terminal,formalization/lean/FoundationsVII/Release/Terminal.lean,TerminalDisposition,08bc3240104421b545ea5f1747ee6e8b2a697d72dfc0e57a4203b1897063f033,LEAN_KERNEL_REPLAY_PASS,
NOT_APPLICABLE_DEFINITION,,FoundationsVII.Release.VerificationState,PASS_LOCAL_REPLAY,inductive,36,FoundationsVII.Release.Terminal,formalization/lean/FoundationsVII/Release/Terminal.lean,VerificationState,c5aebcc44a728db9338724afab54bcbbd13cc0d7bc4fbfd1b8c06ada921633bb,LEAN_KERNEL_REPLAY_PASS,
NOT_APPLICABLE_DEFINITION,,FoundationsVII.Release.CandidateClosure,PASS_LOCAL_REPLAY,structure,41,FoundationsVII.Release.Terminal,formalization/lean/FoundationsVII/Release/Terminal.lean,CandidateClosure,a566238b3102a41e79813889b779a6c15045834b488681e8c3b0f41a07995d9f,LEAN_KERNEL_REPLAY_PASS,
NOT_APPLICABLE_DEFINITION,,FoundationsVII.Release.FormalizationTargetClosure,PASS_LOCAL_REPLAY,structure,49,FoundationsVII.Release.Terminal,formalization/lean/FoundationsVII/Release/Terminal.lean,FormalizationTargetClosure,d8109ef70d0f9a7c07b2c21270998617bb237b16ce854b16262757390d7bbbe0,LEAN_KERNEL_REPLAY_PASS,
NOT_APPLICABLE_DEFINITION,,FoundationsVII.Release.NoGoClosure,PASS_LOCAL_REPLAY,structure,55,FoundationsVII.Release.Terminal,formalization/lean/FoundationsVII/Release/Terminal.lean,NoGoClosure,90c083cdde8da216d813e6107a32678f3ec423be1bb4a85fb27bab189e1fb3b1,LEAN_KERNEL_REPLAY_PASS,
NOT_APPLICABLE_DEFINITION,,FoundationsVII.Release.DecisionClosure,PASS_LOCAL_REPLAY,structure,61,FoundationsVII.Release.Terminal,formalization/lean/FoundationsVII/Release/Terminal.lean,DecisionClosure,a84c3ea341296a2922631358f757e8d09e8af0bcbfd6262352746995dc1dfa91,LEAN_KERNEL_REPLAY_PASS,
NOT_APPLICABLE_DEFINITION,,FoundationsVII.Release.CorollaryClosure,PASS_LOCAL_REPLAY,structure,67,FoundationsVII.Release.Terminal,formalization/lean/FoundationsVII/Release/Terminal.lean,CorollaryClosure,1058c3a5696b830155feafcb29291c24663f9c6b6e3695788c9b512e7364b846,LEAN_KERNEL_REPLAY_PASS,
NOT_APPLICABLE_DEFINITION,,FoundationsVII.Release.finalCandidateClosures,PASS_LOCAL_REPLAY,def,73,FoundationsVII.Release.Terminal,formalization/lean/FoundationsVII/Release/Terminal.lean,finalCandidateClosures,5fe9659c9ec489a1aead203b4b13277ecf606629997cc3ef77ec84598919dc68,LEAN_KERNEL_REPLAY_PASS,
NOT_APPLICABLE_DEFINITION,,FoundationsVII.Release.finalFormalizationTargetClosures,PASS_LOCAL_REPLAY,def,113,FoundationsVII.Release.Terminal,formalization/lean/FoundationsVII/Release/Terminal.lean,finalFormalizationTargetClosures,ecffdfb32976a726b419b5be4eeb9386e80624345e1492658a48d1c89da53d22,LEAN_KERNEL_REPLAY_PASS,
NOT_APPLICABLE_DEFINITION,,FoundationsVII.Release.finalNoGoClosures,PASS_LOCAL_REPLAY,def,137,FoundationsVII.Release.Terminal,formalization/lean/FoundationsVII/Release/Terminal.lean,finalNoGoClosures,5bda90786f2e4bade99e942c089546568c46ff1ee75a29f2a4650d2cf0cb53e7,LEAN_KERNEL_REPLAY_PASS,
NOT_APPLICABLE_DEFINITION,,FoundationsVII.Release.finalDecisionClosures,PASS_LOCAL_REPLAY,def,152,FoundationsVII.Release.Terminal,formalization/lean/FoundationsVII/Release/Terminal.lean,finalDecisionClosures,0863312fc89efb65103cddd7d2cc6e2f30b9b89102e922de6f65dee8cde02a1e,LEAN_KERNEL_REPLAY_PASS,
NOT_APPLICABLE_DEFINITION,,FoundationsVII.Release.finalCorollaryClosures,PASS_LOCAL_REPLAY,def,171,FoundationsVII.Release.Terminal,formalization/lean/FoundationsVII/Release/Terminal.lean,finalCorollaryClosures,e22baf716e2eac64feb7923ee9873196d5f7a6dca0bb9a28c7fb78890dc8a631,LEAN_KERNEL_REPLAY_PASS,
NOT_APPLICABLE_DEFINITION,,FoundationsVII.Release.finalCandidateIds,PASS_LOCAL_REPLAY,def,196,FoundationsVII.Release.Terminal,formalization/lean/FoundationsVII/Release/Terminal.lean,finalCandidateIds,c8fe64de55539fb27bb54ee68afea537591b57e913c3544d5cdbfd70f51f13ea,LEAN_KERNEL_REPLAY_PASS,
NOT_APPLICABLE_DEFINITION,,FoundationsVII.Release.finalTargetIds,PASS_LOCAL_REPLAY,def,197,FoundationsVII.Release.Terminal,formalization/lean/FoundationsVII/Release/Terminal.lean,finalTargetIds,7287e94ab44a723d541a56c19c29b64c79634ce651bd1f0657b6d40217ab86bc,LEAN_KERNEL_REPLAY_PASS,
NOT_APPLICABLE_DEFINITION,,FoundationsVII.Release.finalNoGoIds,PASS_LOCAL_REPLAY,def,198,FoundationsVII.Release.Terminal,formalization/lean/FoundationsVII/Release/Terminal.lean,finalNoGoIds,3ca08fb5a8e1f469e575c0f58603f23b43b667e3ee050a6a89bf429753f80d53,LEAN_KERNEL_REPLAY_PASS,
NOT_APPLICABLE_DEFINITION,,FoundationsVII.Release.finalDecisionIds,PASS_LOCAL_REPLAY,def,199,FoundationsVII.Release.Terminal,formalization/lean/FoundationsVII/Release/Terminal.lean,finalDecisionIds,276862c3243e96c832b8f2f5d039d5a6742b239cd75468890661ebcd5233dd6a,LEAN_KERNEL_REPLAY_PASS,
NOT_APPLICABLE_DEFINITION,,FoundationsVII.Release.finalCorollaryIds,PASS_LOCAL_REPLAY,def,200,FoundationsVII.Release.Terminal,formalization/lean/FoundationsVII/Release/Terminal.lean,finalCorollaryIds,0063a1e57a56e417a4c0b2f3f4b8b8f8d4061157ab10344c6d659a5c3599ed1c,LEAN_KERNEL_REPLAY_PASS,
NOT_APPLICABLE_DEFINITION,,FoundationsVII.ResidualKind,PASS_LOCAL_REPLAY,inductive,12,FoundationsVII.Residuals.Ledger,formalization/lean/FoundationsVII/Residuals/Ledger.lean,ResidualKind,43e9998e8e7077c222f8a6d8a6a5124b07c9a71d245eca638ca233be0956076c,LEAN_KERNEL_REPLAY_PASS,
NOT_APPLICABLE_DEFINITION,,FoundationsVII.allResidualKinds,PASS_LOCAL_REPLAY,def,23,FoundationsVII.Residuals.Ledger,formalization/lean/FoundationsVII/Residuals/Ledger.lean,allResidualKinds,a295487b8ccebc1e5ee7233889077a8e6e267c3a5c0b971b733e3119e7f8980a,LEAN_KERNEL_REPLAY_PASS,
NOT_APPLICABLE_DEFINITION,,FoundationsVII.ResidualEntry,PASS_LOCAL_REPLAY,structure,30,FoundationsVII.Residuals.Ledger,formalization/lean/FoundationsVII/Residuals/Ledger.lean,ResidualEntry,135fb8052f1d93bdb5f1d00e49384f485a6ed325c037f10687c41e033d0628c4,LEAN_KERNEL_REPLAY_PASS,
NOT_APPLICABLE_DEFINITION,,FoundationsVII.ResidualEntry.WellFormed,PASS_LOCAL_REPLAY,def,44,FoundationsVII.Residuals.Ledger,formalization/lean/FoundationsVII/Residuals/Ledger.lean,WellFormed,36a420c85266502b403d495952b29573f69d7caa7be3e08f209042833263264b,LEAN_KERNEL_REPLAY_PASS,
NOT_APPLICABLE_DEFINITION,,FoundationsVII.ResidualLedger,PASS_LOCAL_REPLAY,structure,60,FoundationsVII.Residuals.Ledger,formalization/lean/FoundationsVII/Residuals/Ledger.lean,ResidualLedger,0ca779ad63fe81006de586928d67a8843711c0c98295040d7a4d1c7446028872,LEAN_KERNEL_REPLAY_PASS,
NOT_APPLICABLE_DEFINITION,,FoundationsVII.ResidualLedger.WellFormed,PASS_LOCAL_REPLAY,def,67,FoundationsVII.Residuals.Ledger,formalization/lean/FoundationsVII/Residuals/Ledger.lean,WellFormed,7c158326283e4b4cbeb9bc8a276d76ab00193e2dd8537f0692aabbdc1ec2fd7f,LEAN_KERNEL_REPLAY_PASS,
NOT_APPLICABLE_DEFINITION,,FoundationsVII.ResidualLedger.append,PASS_LOCAL_REPLAY,def,76,FoundationsVII.Residuals.Ledger,formalization/lean/FoundationsVII/Residuals/Ledger.lean,append,124ed2bf1eea79fa1a04078d96949ead1a12c8adc9ed4eea8ecb3fc4649a52e9,LEAN_KERNEL_REPLAY_PASS,
NOT_APPLICABLE_DEFINITION,,FoundationsVII.ResidualLedger.Extends,PASS_LOCAL_REPLAY,def,81,FoundationsVII.Residuals.Ledger,formalization/lean/FoundationsVII/Residuals/Ledger.lean,Extends,f8b7c19596a10bd7ee7c43b63ab9aa2da09815392c3d2e21f3eea6389935108f,LEAN_KERNEL_REPLAY_PASS,
NOT_APPLICABLE_DEFINITION,,FoundationsVII.CrossTermNeedle,PASS_LOCAL_REPLAY,structure,104,FoundationsVII.Residuals.Ledger,formalization/lean/FoundationsVII/Residuals/Ledger.lean,CrossTermNeedle,7e09efa7ca92b6b34a9aa03edabf94d368567178794e05c6e2a6f14f62e24766,LEAN_KERNEL_REPLAY_PASS,
NOT_APPLICABLE_DEFINITION,,FoundationsVII.CrossTermNeedle.Valid,PASS_LOCAL_REPLAY,def,114,FoundationsVII.Residuals.Ledger,formalization/lean/FoundationsVII/Residuals/Ledger.lean,Valid,5bcd5855f1a6d417f2dd962d85394beb43c8e2c22ffe2fa458341c6d07dae54e,LEAN_KERNEL_REPLAY_PASS,
NOT_APPLICABLE_DEFINITION,,FoundationsVII.ResidualTransition,PASS_LOCAL_REPLAY,structure,128,FoundationsVII.Residuals.Ledger,formalization/lean/FoundationsVII/Residuals/Ledger.lean,ResidualTransition,ef51efb10fa1449cdb44d3e537a1ba74e4743f5b41e02ec0d00757908a862eb4,LEAN_KERNEL_REPLAY_PASS,
NOT_APPLICABLE_DEFINITION,,FoundationsVII.ResidualTransition.WellFormed,PASS_LOCAL_REPLAY,def,140,FoundationsVII.Residuals.Ledger,formalization/lean/FoundationsVII/Residuals/Ledger.lean,WellFormed,5b2457e56d55ddb42ab304183891aa6eb0b3d6a388b234f26e9203add7509866,LEAN_KERNEL_REPLAY_PASS,
