declaration_id,science_asset_id,fully_qualified_name,short_name,kind,file,line,end_line,statement_sha256,source_block_sha256,kernel_status,candidate_ids
FVII-SCI04-DECL-0001,FVII-SCI04-DEF-0001,FoundationsVII.CriticalPair,CriticalPair,structure,formalization/lean/FoundationsVII/Dynamics/Confluence.lean,14,24,049a0a372c5525d6e72584329b2a1ce5d0beb1f199477a5b5bfc56ace46e78df,049a0a372c5525d6e72584329b2a1ce5d0beb1f199477a5b5bfc56ace46e78df,PENDING_EXTERNAL_LEAN_REPLAY,"[""VII-C018""]"
FVII-SCI04-DECL-0002,FVII-SCI04-DEF-0002,FoundationsVII.CriticalPair.Resolved,Resolved,def,formalization/lean/FoundationsVII/Dynamics/Confluence.lean,25,28,ca119f4fdbc2319033e735a22660726bdbf3a431baa101d0bf468224456e0f57,551d6011b276ce7705a3ae26ddc0c2ff6e83edc7530a70f5743041116ff528a4,PENDING_EXTERNAL_LEAN_REPLAY,"[""VII-C018""]"
FVII-SCI04-DECL-0003,FVII-SCI04-THM-0003,FoundationsVII.CriticalPair.resolved_of_joinable_audit_equivalent,resolved_of_joinable_audit_equivalent,theorem,formalization/lean/FoundationsVII/Dynamics/Confluence.lean,29,36,1cb6aa6c039a1025aa13b45b7e2f8fa36560b1f5ea8ae30a188c71161188e51e,c683d4ed0d8223f809cad8ee0edb63ad2a8a4b08dc6f533463831ef019faa420,PENDING_EXTERNAL_LEAN_REPLAY,"[""VII-C018""]"
FVII-SCI04-DECL-0004,FVII-SCI04-DEF-0004,FoundationsVII.FiniteAdmissionSystem,FiniteAdmissionSystem,structure,formalization/lean/FoundationsVII/Dynamics/Confluence.lean,37,44,e1bf0cc840525945e0f1e91088d4aecf116c47a9ab4385d12b84f6475d5aa4a4,e1bf0cc840525945e0f1e91088d4aecf116c47a9ab4385d12b84f6475d5aa4a4,PENDING_EXTERNAL_LEAN_REPLAY,"[""VII-C018""]"
FVII-SCI04-DECL-0005,FVII-SCI04-DEF-0005,FoundationsVII.FiniteAdmissionSystem.CriticalPairCriterion,CriticalPairCriterion,def,formalization/lean/FoundationsVII/Dynamics/Confluence.lean,45,49,f23dd4f755088d263b138fdc9125926c25095da2190c4fea0d49a0b5c6175ecf,81065ec69173e66f6a2d4913ad34eb578b082e76e1b0230b0de35b266d86ad78,PENDING_EXTERNAL_LEAN_REPLAY,"[""VII-C018""]"
FVII-SCI04-DECL-0006,FVII-SCI04-DEF-0006,FoundationsVII.FiniteAdmissionSystem.ConfluentAtDeclaredScope,ConfluentAtDeclaredScope,def,formalization/lean/FoundationsVII/Dynamics/Confluence.lean,50,55,9fadcf8aafa91acde6bcdc90086bf35bb369b7e7f56f551e472f214720e790bd,94c6222ac02a2d15d08398126794328dbadceec4a4b4c229b746d44cb7a5bc76,PENDING_EXTERNAL_LEAN_REPLAY,"[""VII-C018""]"
FVII-SCI04-DECL-0007,FVII-SCI04-THM-0007,FoundationsVII.FiniteAdmissionSystem.finite_critical_pair_criterion_iff_confluent,finite_critical_pair_criterion_iff_confluent,theorem,formalization/lean/FoundationsVII/Dynamics/Confluence.lean,56,93,7ae519392dcecdc3e5675fb789c8390d7f5540741bf7a856cdd499f9d21a7036,ce92e84a303f070d8dfebe2ac5122d0a38305b93dce6d5f8eed29b2fb8e0c70d,PENDING_EXTERNAL_LEAN_REPLAY,"[""VII-C018""]"
FVII-SCI04-DECL-0008,FVII-SCI04-THM-0008,FoundationsVII.finite_confluent_positive_model,finite_confluent_positive_model,theorem,formalization/lean/FoundationsVII/Dynamics/Confluence.lean,94,99,0ec750e701f66315074ab513822ba8c3dc35819e223e076a0bf53ea752fc4417,cfc9fd63864a7ae4a3d34dde1304e345c686082d8847513f0207bad62b5b74e4,PENDING_EXTERNAL_LEAN_REPLAY,"[""VII-C018""]"
FVII-SCI04-DECL-0009,FVII-SCI04-THM-0009,FoundationsVII.finite_nonconfluent_countermodel,finite_nonconfluent_countermodel,theorem,formalization/lean/FoundationsVII/Dynamics/Confluence.lean,100,105,0f026ef376e8c81d97bb41f247c72d3084bb4e59f56a4790fe4f1a60e3a68715,1111e82684937a9096288c4b82dbc7a22536c0f8e6ec56ea8cc67fa03cf4b056,PENDING_EXTERNAL_LEAN_REPLAY,"[""VII-C018""]"
FVII-SCI04-DECL-0010,FVII-SCI04-DEF-0010,FoundationsVII.SeedPartitionResult,SeedPartitionResult,structure,formalization/lean/FoundationsVII/Dynamics/Confluence.lean,106,116,1d8ffea006bcdea7a62ef96dd5e9d57a0908d8af7a67ce28efd67026578d75c0,1d8ffea006bcdea7a62ef96dd5e9d57a0908d8af7a67ce28efd67026578d75c0,PENDING_EXTERNAL_LEAN_REPLAY,"[""VII-C018""]"
FVII-SCI04-DECL-0011,FVII-SCI04-DEF-0011,FoundationsVII.SeedPartitionResult.SeedDependent,SeedDependent,def,formalization/lean/FoundationsVII/Dynamics/Confluence.lean,117,121,be5d2aa874f1c35d5e0316cc42911c91bdc7551ed7f8f4c40873f4adb6f0d126,0b1bb7e2537bb42b2e084e30510141630bb45867ebe99d2d087123acbce563f2,PENDING_EXTERNAL_LEAN_REPLAY,"[""VII-C018""]"
FVII-SCI04-DECL-0012,FVII-SCI04-DEF-0012,FoundationsVII.SeedPartitionResult.PresentationDifferenceOnly,PresentationDifferenceOnly,def,formalization/lean/FoundationsVII/Dynamics/Confluence.lean,122,137,f5da514401cde9fa587781396c75fd979f98e33567a18202edc15fa8e5078e55,46b9b6f0bc1e248ce2c9acd6812bdc35f1a92374cef2f5e71d55c2072560d5dd,PENDING_EXTERNAL_LEAN_REPLAY,"[""VII-C018""]"
FVII-SCI04-DECL-0013,FVII-SCI04-THM-0013,FoundationsVII.seed_partition_can_change_terminal_package,seed_partition_can_change_terminal_package,theorem,formalization/lean/FoundationsVII/Dynamics/Confluence.lean,138,140,f52d28c842fc819431e74eb5a5df771b5c3750e09a39fda18ffb23c3177c74af,80310e900b57336c31b4a4a26688dad6b52ac13a28cc80150b7af1a9ff584245,PENDING_EXTERNAL_LEAN_REPLAY,"[""VII-C018""]"
FVII-SCI04-DECL-0014,FVII-SCI04-THM-0014,FoundationsVII.presentation_difference_is_not_seed_dependence,presentation_difference_is_not_seed_dependence,theorem,formalization/lean/FoundationsVII/Dynamics/Confluence.lean,141,145,a8611c40d8bace43fb27420d6589fc855b1acb64ab0ec69ccddb49e5c228616b,a4b91846f24abec428e80c8d9e320762a9914c1a1e797a5fb9c5434ab7d9c38f,PENDING_EXTERNAL_LEAN_REPLAY,"[""VII-C018""]"
FVII-SCI04-DECL-0015,FVII-SCI04-DEF-0015,FoundationsVII.LocalGlobalConfluenceBoundary,LocalGlobalConfluenceBoundary,structure,formalization/lean/FoundationsVII/Dynamics/Confluence.lean,146,156,4c8db787f5dc7f5c7dc3ce17b2399c408aba9a5bc8962c5d57aef80b301bcf15,abc26b4fd385cbf2002879f01c780697f0949fc8380af2ebcc0f41cd3cc108ac,PENDING_EXTERNAL_LEAN_REPLAY,"[""VII-C018""]"
FVII-SCI04-DECL-0016,FVII-SCI04-THM-0016,FoundationsVII.one_commuting_square_does_not_establish_global_confluence,one_commuting_square_does_not_establish_global_confluence,theorem,formalization/lean/FoundationsVII/Dynamics/Confluence.lean,157,161,56cc74122a3cf6c436b94877a2f97caf0bd9b42a2f661207ebb8e7819a982557,b327c0cb98d5f62ba6bb0730686e41e46b065cf373452e33a2ae91ac49d20828,PENDING_EXTERNAL_LEAN_REPLAY,"[""VII-C018""]"
FVII-SCI04-DECL-0017,FVII-SCI04-DEF-0017,FoundationsVII.ClockEvent,ClockEvent,structure,formalization/lean/FoundationsVII/Dynamics/CrossTime.lean,13,18,0962f06aa7978d77acf3f256af6a299e15300479492ed2908237d24e5c45ade8,0962f06aa7978d77acf3f256af6a299e15300479492ed2908237d24e5c45ade8,PENDING_EXTERNAL_LEAN_REPLAY,"[""VII-C032""]"
FVII-SCI04-DECL-0018,FVII-SCI04-DEF-0018,FoundationsVII.TimeWitnessKind,TimeWitnessKind,inductive,formalization/lean/FoundationsVII/Dynamics/CrossTime.lean,19,23,4a5e8702e70d8b088e7b082c891201b5a4809ad5774f87c634187ca15b580fef,4a5e8702e70d8b088e7b082c891201b5a4809ad5774f87c634187ca15b580fef,PENDING_EXTERNAL_LEAN_REPLAY,"[""VII-C032""]"
FVII-SCI04-DECL-0019,FVII-SCI04-DEF-0019,FoundationsVII.CrossTimeContact,CrossTimeContact,structure,formalization/lean/FoundationsVII/Dynamics/CrossTime.lean,24,36,04d862df2a4ffff6cedaca4ce7a08ffbaff2eeb2a8de064814961246157156c6,04d862df2a4ffff6cedaca4ce7a08ffbaff2eeb2a8de064814961246157156c6,PENDING_EXTERNAL_LEAN_REPLAY,"[""VII-C032""]"
FVII-SCI04-DECL-0020,FVII-SCI04-DEF-0020,FoundationsVII.CrossTimeContact.Valid,Valid,def,formalization/lean/FoundationsVII/Dynamics/CrossTime.lean,37,43,4c921461db70ee6bfc7b4ad52aec33e81760acd75024a5c366cc3131d12b2c03,7c1f9da2461b8f4d1af0e81f2233acad3b99d5e3c89e4ebfbbd3de035b58ee30,PENDING_EXTERNAL_LEAN_REPLAY,"[""VII-C032""]"
FVII-SCI04-DECL-0021,FVII-SCI04-DEF-0021,FoundationsVII.CrossTimeContact.reparameterize,reparameterize,def,formalization/lean/FoundationsVII/Dynamics/CrossTime.lean,44,49,c63986256b1be6291daa9d54d7e4b9fe61c321e593fe96ce4afde978cf1ceb37,62acb74c341b7ea09d65a7dc956795ac05df6ac92f8350ac846323661269d43f,PENDING_EXTERNAL_LEAN_REPLAY,"[""VII-C032""]"
FVII-SCI04-DECL-0022,FVII-SCI04-THM-0022,FoundationsVII.CrossTimeContact.valid_under_admissible_reparameterization,valid_under_admissible_reparameterization,theorem,formalization/lean/FoundationsVII/Dynamics/CrossTime.lean,50,79,8fc5b88f8a2e20067da98d6b850db040c343bfdfb6c0c7a0b854bc74a08f9960,0bc693b17d8daef3aefbf0c47fa2a422bcb4e57ce8e040850e725b982746d7d4,PENDING_EXTERNAL_LEAN_REPLAY,"[""VII-C032""]"
FVII-SCI04-DECL-0023,FVII-SCI04-THM-0023,FoundationsVII.synchronized_cross_time_contact_exists,synchronized_cross_time_contact_exists,theorem,formalization/lean/FoundationsVII/Dynamics/CrossTime.lean,80,82,47cc17ce8e1b20512aca7fb83d13d8fd18399a83cc466754178dcd7ac7d7bba0,698b90bb58f2ec343e782f9329be3287d5c14562a52755b416682032f765605b,PENDING_EXTERNAL_LEAN_REPLAY,"[""VII-C032""]"
FVII-SCI04-DECL-0024,FVII-SCI04-THM-0024,FoundationsVII.partial_order_cross_time_contact_exists,partial_order_cross_time_contact_exists,theorem,formalization/lean/FoundationsVII/Dynamics/CrossTime.lean,83,85,2ff30e45574f8a3a4b170017735f4e8604c2463ea1b391ee40a247bfe546e646,a90be47af9a2076babf8fec657b9aaf32519a7161736b1d48c473b42cc24f252,PENDING_EXTERNAL_LEAN_REPLAY,"[""VII-C032""]"
FVII-SCI04-DECL-0025,FVII-SCI04-THM-0025,FoundationsVII.synchronization_does_not_require_equal_local_clock_readings,synchronization_does_not_require_equal_local_clock_readings,theorem,formalization/lean/FoundationsVII/Dynamics/CrossTime.lean,86,89,5b2dabbfbd586c7a3f865590e4d04465a396cd139fa183acb03c978eb4e45d8c,01cb1aeab8528740984ab5318492898f59686652965b2929e5dd8ae025fbac6a,PENDING_EXTERNAL_LEAN_REPLAY,"[""VII-C032""]"
FVII-SCI04-DECL-0026,FVII-SCI04-THM-0026,FoundationsVII.partial_order_contact_survives_clock_reparameterization,partial_order_contact_survives_clock_reparameterization,theorem,formalization/lean/FoundationsVII/Dynamics/CrossTime.lean,90,95,ee4ccd8b4ceee4ff6b32796664f626bf8860ea4c8bba84645ef0f7e9a65b1d0b,adfc7b1720fdf0d75fec1b851fec6cb080ed6dae112c93f3effa54a7de7c1ce7,PENDING_EXTERNAL_LEAN_REPLAY,"[""VII-C032""]"
FVII-SCI04-DECL-0027,FVII-SCI04-THM-0027,FoundationsVII.incommensurable_times_require_explicit_order_witness,incommensurable_times_require_explicit_order_witness,theorem,formalization/lean/FoundationsVII/Dynamics/CrossTime.lean,96,106,dcd20f6267b945f286c5ca538955f269e029981b5657e0bd8bc33fccd74fe639,fe213d953b7c8a30e912f106816e02e78f044b871ee91540cef0bdb43c1d10e6,PENDING_EXTERNAL_LEAN_REPLAY,"[""VII-C032""]"
FVII-SCI04-DECL-0028,FVII-SCI04-DEF-0028,FoundationsVII.RouteResult,RouteResult,structure,formalization/lean/FoundationsVII/Dynamics/Holonomy.lean,14,24,6ca3733309635410f423774fdb1e2d59cb5a09ae90f8ace1669c7b1e5c66f7c3,6ca3733309635410f423774fdb1e2d59cb5a09ae90f8ace1669c7b1e5c66f7c3,PENDING_EXTERNAL_LEAN_REPLAY,"[""VII-C017"",""VII-C032""]"
FVII-SCI04-DECL-0029,FVII-SCI04-DEF-0029,FoundationsVII.RouteComparison,RouteComparison,structure,formalization/lean/FoundationsVII/Dynamics/Holonomy.lean,25,31,f270576904926010849ae4eea1fc294832a31967e9a0a021284196e589b3acc5,f270576904926010849ae4eea1fc294832a31967e9a0a021284196e589b3acc5,PENDING_EXTERNAL_LEAN_REPLAY,"[""VII-C017"",""VII-C032""]"
FVII-SCI04-DECL-0030,FVII-SCI04-DEF-0030,FoundationsVII.RouteComparison.SameTypedTarget,SameTypedTarget,def,formalization/lean/FoundationsVII/Dynamics/Holonomy.lean,32,35,8a1c9594df86d09476c8ab8b76579cba975fcc5754e4512c1279717c019c75fd,b4691905aa8738414eddca3036f0ca35fda9553638f11fc66dc2fe10542b5fd7,PENDING_EXTERNAL_LEAN_REPLAY,"[""VII-C017"",""VII-C032""]"
FVII-SCI04-DECL-0031,FVII-SCI04-DEF-0031,FoundationsVII.RouteComparison.ChangedRoute,ChangedRoute,def,formalization/lean/FoundationsVII/Dynamics/Holonomy.lean,36,39,14a5c7559b3a4f60b1633cbe0a565daf0f83b5f53f33f1cb25cd568822b02937,88dbae0dfd60868a7170c1de8e68214bf62e77df2d3a06b6d2379bdb8bc2c038,PENDING_EXTERNAL_LEAN_REPLAY,"[""VII-C017"",""VII-C032""]"
FVII-SCI04-DECL-0032,FVII-SCI04-DEF-0032,FoundationsVII.RouteComparison.RouteResidue,RouteResidue,def,formalization/lean/FoundationsVII/Dynamics/Holonomy.lean,40,47,e3aeba85b50a7e7f5198bf7d67f0deb886523b8c24db9acf3822307936de59ac,2a477fbb35f24aa6d93dde40cef54d3e524510b40be2217bc8d4595ef9fcd1fc,PENDING_EXTERNAL_LEAN_REPLAY,"[""VII-C017"",""VII-C032""]"
FVII-SCI04-DECL-0033,FVII-SCI04-DEF-0033,FoundationsVII.RouteComparison.Holonomy,Holonomy,def,formalization/lean/FoundationsVII/Dynamics/Holonomy.lean,48,53,e599c6f44a48fbec76109ef3047c8381ed07267970d359c6f3e8153d56c44315,a45bf54b8d62a2862a1db69ba1ccb36d1b3da9d97004cdf293cbccdffaa10ba4,PENDING_EXTERNAL_LEAN_REPLAY,"[""VII-C017"",""VII-C032""]"
FVII-SCI04-DECL-0034,FVII-SCI04-DEF-0034,FoundationsVII.DriveCertificate,DriveCertificate,structure,formalization/lean/FoundationsVII/Dynamics/Holonomy.lean,54,63,c91d5b37584ea4da1f8ee375db88d7b10e77b74a4d65f218da16a8d3db70f63c,c91d5b37584ea4da1f8ee375db88d7b10e77b74a4d65f218da16a8d3db70f63c,PENDING_EXTERNAL_LEAN_REPLAY,"[""VII-C017"",""VII-C032""]"
FVII-SCI04-DECL-0035,FVII-SCI04-DEF-0035,FoundationsVII.DriveCertificate.Valid,Valid,def,formalization/lean/FoundationsVII/Dynamics/Holonomy.lean,64,72,cf242c6a2f47cc63bc00182615a8a194be2e1e1158f770d30fe24934fe812aa7,d8b9cb6db50d120877b3164436d6195a1d6750edb811a3508a3548e41a97e6ba,PENDING_EXTERNAL_LEAN_REPLAY,"[""VII-C017"",""VII-C032""]"
FVII-SCI04-DECL-0036,FVII-SCI04-DEF-0036,FoundationsVII.ArrowClaim,ArrowClaim,structure,formalization/lean/FoundationsVII/Dynamics/Holonomy.lean,73,80,a1c7d97aad677c9760aece7deb017bc32cfb98d0dfa412d25b30816c40a69192,a1c7d97aad677c9760aece7deb017bc32cfb98d0dfa412d25b30816c40a69192,PENDING_EXTERNAL_LEAN_REPLAY,"[""VII-C017"",""VII-C032""]"
FVII-SCI04-DECL-0037,FVII-SCI04-DEF-0037,FoundationsVII.ArrowClaim.Eligible,Eligible,def,formalization/lean/FoundationsVII/Dynamics/Holonomy.lean,81,114,3be3c645f7e0fe1150b81cdaf8465768e107823010fcc48537c090e974ac0bf7,c6691f2e3d325c354305fa47107b3e573e7c12289a7f3a7ec5001c06cf2fb177,PENDING_EXTERNAL_LEAN_REPLAY,"[""VII-C017"",""VII-C032""]"
FVII-SCI04-DECL-0038,FVII-SCI04-THM-0038,FoundationsVII.constructive_interaction_holonomy,constructive_interaction_holonomy,theorem,formalization/lean/FoundationsVII/Dynamics/Holonomy.lean,115,117,aa304fc827b1c0f2b1ff7342216fc44a64e854db5b69c17ec9bb4b80f022808f,0c51e6b31e2459151ea6590ea3e09f4c62ae56c1a2fd84fffe858f692e902e44,PENDING_EXTERNAL_LEAN_REPLAY,"[""VII-C017"",""VII-C032""]"
FVII-SCI04-DECL-0039,FVII-SCI04-THM-0039,FoundationsVII.holonomy_with_zero_arrow_witness,holonomy_with_zero_arrow_witness,theorem,formalization/lean/FoundationsVII/Dynamics/Holonomy.lean,118,121,1d8def5b195809cf512d83fc5d1a3a36a393e32c317dd48002ebdbe13a6323a5,948b9216f2133873f026d63517f55e8c8bbd6b88dfb9cd462045dcd0392295d9,PENDING_EXTERNAL_LEAN_REPLAY,"[""VII-C017"",""VII-C032""]"
FVII-SCI04-DECL-0040,FVII-SCI04-THM-0040,FoundationsVII.driven_arrow_positive_control,driven_arrow_positive_control,theorem,formalization/lean/FoundationsVII/Dynamics/Holonomy.lean,122,125,3c485f0352c2733f62b73c006801176ed58481923d790e12196322322bd86350,8ff33a1e74aa539d5fad8b6731614f1630b05d58a3b3fb21be4679c9731b51a3,PENDING_EXTERNAL_LEAN_REPLAY,"[""VII-C017"",""VII-C032""]"
FVII-SCI04-DECL-0041,FVII-SCI04-THM-0041,FoundationsVII.driven_arrow_requires_independent_drive_certificate,driven_arrow_requires_independent_drive_certificate,theorem,formalization/lean/FoundationsVII/Dynamics/Holonomy.lean,126,129,062eadb7a02f32836c20b754242f2906f55644f32fd280887848f4b93d920511,dd71408719a53b0fd7ad1af667b045567b350b354af035eae2b035866ff23a7f,PENDING_EXTERNAL_LEAN_REPLAY,"[""VII-C017"",""VII-C032""]"
FVII-SCI04-DECL-0042,FVII-SCI04-DEF-0042,FoundationsVII.ReversalControl,ReversalControl,structure,formalization/lean/FoundationsVII/Dynamics/Holonomy.lean,130,144,0d264cccae243b08223b0ed2fc83c183ba2f811e0dfa6c69aafe311cd307da84,a9feddd8264f804fbe71f08a6790179b58171461ca43646cd8a4c63e91a03bfe,PENDING_EXTERNAL_LEAN_REPLAY,"[""VII-C017"",""VII-C032""]"
FVII-SCI04-DECL-0043,FVII-SCI04-THM-0043,FoundationsVII.reversal_null_and_driven_controls_are_distinct,reversal_null_and_driven_controls_are_distinct,theorem,formalization/lean/FoundationsVII/Dynamics/Holonomy.lean,145,151,9d1003e7ed2be9ca2dc3403f2dda4ea81fa4d738804f8b4a9671da152b54fdba,52aeadfe9a91c0856d2135d704b2347d49a7f713b2979a9705e80d33d8578c9c,PENDING_EXTERNAL_LEAN_REPLAY,"[""VII-C017"",""VII-C032""]"
FVII-SCI04-DECL-0044,FVII-SCI04-DEF-0044,FoundationsVII.AlgebraReadiness,AlgebraReadiness,structure,formalization/lean/FoundationsVII/Dynamics/PrimitiveAlgebra.lean,14,24,e27cb05921dee71a29289550e3fbebd424668f1fa3ac39732e699278f092a1b5,e27cb05921dee71a29289550e3fbebd424668f1fa3ac39732e699278f092a1b5,PENDING_EXTERNAL_LEAN_REPLAY,"[""VII-C028""]"
FVII-SCI04-DECL-0045,FVII-SCI04-DEF-0045,FoundationsVII.AlgebraReadiness.Ready,Ready,def,formalization/lean/FoundationsVII/Dynamics/PrimitiveAlgebra.lean,25,44,33d8505be1a934a2bad1376e27c856e76b1cf6d59e0dbc7d0610bbb54f7e7495,75e8a79ba40f8e0f2a18310b068e8b2fb69d826b2140e6285285f26fc39268df,PENDING_EXTERNAL_LEAN_REPLAY,"[""VII-C028""]"
FVII-SCI04-DECL-0046,FVII-SCI04-THM-0046,FoundationsVII.current_full_primitive_algebra_is_not_ready,current_full_primitive_algebra_is_not_ready,theorem,formalization/lean/FoundationsVII/Dynamics/PrimitiveAlgebra.lean,45,47,af23bd38aee1423ecd8f745787cf5621f8b10aa3470c9ceed45edc70e14dadbf,970ae0fbcd675106cff71b731d059a8ccefbe9300655f06f93a2f1eb1ba87ffd,PENDING_EXTERNAL_LEAN_REPLAY,"[""VII-C028""]"
FVII-SCI04-DECL-0047,FVII-SCI04-THM-0047,FoundationsVII.full_algebra_reopen_condition_is_exact,full_algebra_reopen_condition_is_exact,theorem,formalization/lean/FoundationsVII/Dynamics/PrimitiveAlgebra.lean,48,50,3d1f02c382863f9890f1e274abd93da8230b6888870a470aee33103f6442c48d,c9ce35e732716a2c23cd684567514f06b79cdccc225f2901ea57d5a4e3dc2615,PENDING_EXTERNAL_LEAN_REPLAY,"[""VII-C028""]"
FVII-SCI04-DECL-0048,FVII-SCI04-THM-0048,FoundationsVII.resource_delta_fragment_is_associative,resource_delta_fragment_is_associative,theorem,formalization/lean/FoundationsVII/Dynamics/PrimitiveAlgebra.lean,51,56,ac808180cb8d9fb047e5abdfe4a9d42fdb53842dae06ec9ec6ed584be5ee3102,7ed4d6597e06374b654a7006dbab78dd40731a13fa16233769861746d3bf2f43,PENDING_EXTERNAL_LEAN_REPLAY,"[""VII-C028""]"
FVII-SCI04-DECL-0049,FVII-SCI04-THM-0049,FoundationsVII.resource_delta_fragment_has_left_identity,resource_delta_fragment_has_left_identity,theorem,formalization/lean/FoundationsVII/Dynamics/PrimitiveAlgebra.lean,57,60,e43318739666c94d7e81d0e7b091951b998684a0edf024cd685b7968bf6b3332,fb1eca9ed99ebaa1583e2d1889c3ff84b890f9ebd8e66fdf796e206804703ed0,PENDING_EXTERNAL_LEAN_REPLAY,"[""VII-C028""]"
FVII-SCI04-DECL-0050,FVII-SCI04-THM-0050,FoundationsVII.resource_delta_fragment_has_right_identity,resource_delta_fragment_has_right_identity,theorem,formalization/lean/FoundationsVII/Dynamics/PrimitiveAlgebra.lean,61,65,01b7a8351c63a626022880eb906db40a3b8894893796e55c0914ba920b6acca6,508bef7bc56be9d3e700a453bfc9661acf2d27f8603fdc90588c4d980f64b48d,PENDING_EXTERNAL_LEAN_REPLAY,"[""VII-C028""]"
FVII-SCI04-DECL-0051,FVII-SCI04-THM-0051,FoundationsVII.full_generators_relations_program_deferred_with_formal_reopen_condition,full_generators_relations_program_deferred_with_formal_reopen_condition,theorem,formalization/lean/FoundationsVII/Dynamics/PrimitiveAlgebra.lean,66,70,9ab060de13f8eb29f993c6eee0a3f87e32fceaf51e16b94a0a206755d00451f2,5548316f26dcb76cc11087e18413db7a3068bc69590fc4a90135d8638cb1728e,PENDING_EXTERNAL_LEAN_REPLAY,"[""VII-C028""]"
FVII-SCI04-DECL-0052,FVII-SCI04-DEF-0052,FoundationsVII.ResidualFlow,ResidualFlow,structure,formalization/lean/FoundationsVII/Dynamics/ResidualFlow.lean,14,25,4481207cd023bb439b2271a135dd383b7793d2d68a3f55c2203a3dc950fea901,4481207cd023bb439b2271a135dd383b7793d2d68a3f55c2203a3dc950fea901,PENDING_EXTERNAL_LEAN_REPLAY,"[""VII-C015"",""VII-C027""]"
FVII-SCI04-DECL-0053,FVII-SCI04-DEF-0053,FoundationsVII.ResidualFlow.WellAccounted,WellAccounted,def,formalization/lean/FoundationsVII/Dynamics/ResidualFlow.lean,26,30,00d2253dafeb281a186dfec9e97b93623c6c2d5048622d6dd54af92f051b8b74,5fb40661cc3412c7cba1ebfea946bd7de6477ec5f3f6b2cf79da1d1b23427d29,PENDING_EXTERNAL_LEAN_REPLAY,"[""VII-C015"",""VII-C027""]"
FVII-SCI04-DECL-0054,FVII-SCI04-THM-0054,FoundationsVII.ResidualFlow.accounted_balance,accounted_balance,theorem,formalization/lean/FoundationsVII/Dynamics/ResidualFlow.lean,31,33,7370aff7575fb908cbbce9f62130634fb2e57bfbea622ba7dc0336e8c35e1436,1ca00e18e620ad533bcb76f976192b08d557540f86c2542aa8241211785c0408,PENDING_EXTERNAL_LEAN_REPLAY,"[""VII-C015"",""VII-C027""]"
FVII-SCI04-DECL-0055,FVII-SCI04-THM-0055,FoundationsVII.ResidualFlow.settled_debt_bounded,settled_debt_bounded,theorem,formalization/lean/FoundationsVII/Dynamics/ResidualFlow.lean,34,36,dc5adbd7b87e0c316746945accae56b269414bc4c88b493a156d744d1ece6e6a,dd7f72099db2b1bab3bb35351ab500f361c84683257ce2122683d032fa80ce64,PENDING_EXTERNAL_LEAN_REPLAY,"[""VII-C015"",""VII-C027""]"
FVII-SCI04-DECL-0056,FVII-SCI04-THM-0056,FoundationsVII.ResidualFlow.composed_debt_accumulates,composed_debt_accumulates,theorem,formalization/lean/FoundationsVII/Dynamics/ResidualFlow.lean,37,43,bd0d05e95fb42e14989c118e0f38a26bb5327974390a40d581815ce7691880ca,b0d6535f403e34fb5c993cca36bc7460bb2bd158d30a07df1cef92be3c890575,PENDING_EXTERNAL_LEAN_REPLAY,"[""VII-C015"",""VII-C027""]"
FVII-SCI04-DECL-0057,FVII-SCI04-DEF-0057,FoundationsVII.TransmissionDirection,TransmissionDirection,inductive,formalization/lean/FoundationsVII/Dynamics/Transmission.lean,17,22,e31ee83aa448166b501282d488009d9dd29a0ab29e53b8d7921915390c451fea,e31ee83aa448166b501282d488009d9dd29a0ab29e53b8d7921915390c451fea,PENDING_EXTERNAL_LEAN_REPLAY,"[""VII-C015""]"
FVII-SCI04-DECL-0058,FVII-SCI04-DEF-0058,FoundationsVII.allTransmissionDirections,allTransmissionDirections,def,formalization/lean/FoundationsVII/Dynamics/Transmission.lean,23,25,30f7244414f229649a7c36a0504a1c6852c3eb21cefeee0557d783efa406c766,9b904e3b4a713539f09e7900e8ee84e9fdb3011ac77aa40532c0075621df3d08,PENDING_EXTERNAL_LEAN_REPLAY,"[""VII-C015""]"
FVII-SCI04-DECL-0059,FVII-SCI04-THM-0059,FoundationsVII.transmissionDirection_mem_all,transmissionDirection_mem_all,theorem,formalization/lean/FoundationsVII/Dynamics/Transmission.lean,26,29,ea59ee500031e000bbf1b5976dd8812073c1b3f1312f8aefbe547497d081758b,806e1860531091d621aea2d1de4dc9f03b6a041404daef474e644e6ed03f6dda,PENDING_EXTERNAL_LEAN_REPLAY,"[""VII-C015""]"
FVII-SCI04-DECL-0060,FVII-SCI04-DEF-0060,FoundationsVII.TransmissionRecord,TransmissionRecord,structure,formalization/lean/FoundationsVII/Dynamics/Transmission.lean,30,48,532d8356f896c3d14be44f7bd83ad95d6a1801f6d20adf41933286b434733e43,532d8356f896c3d14be44f7bd83ad95d6a1801f6d20adf41933286b434733e43,PENDING_EXTERNAL_LEAN_REPLAY,"[""VII-C015""]"
FVII-SCI04-DECL-0061,FVII-SCI04-DEF-0061,FoundationsVII.TransmissionRecord.WellFormed,WellFormed,def,formalization/lean/FoundationsVII/Dynamics/Transmission.lean,49,57,41fb9c9e3ece17bb0c0fecf53b4155027feb3e0b52e45751fda37d5288f0b4ab,1d818057304b42b9f865365eb88f6307f9e98d21c2fd964752ae070429a5cb27,PENDING_EXTERNAL_LEAN_REPLAY,"[""VII-C015""]"
FVII-SCI04-DECL-0062,FVII-SCI04-DEF-0062,FoundationsVII.TransmissionRecord.LowerFactProvenancePreserved,LowerFactProvenancePreserved,def,formalization/lean/FoundationsVII/Dynamics/Transmission.lean,58,61,a4c5836baa0ffc6598886be7ce9a376133dc6fe15c08b624967eff088363dadb,2afc95d27050c5b8c8b72fe6de7f139309343ba31b2b81dd02a74a74eb47d861,PENDING_EXTERNAL_LEAN_REPLAY,"[""VII-C015""]"
FVII-SCI04-DECL-0063,FVII-SCI04-DEF-0063,FoundationsVII.TransmissionRecord.PureDownwardSelection,PureDownwardSelection,def,formalization/lean/FoundationsVII/Dynamics/Transmission.lean,62,67,a06304237f0b5126de7aeb2d7c19817a7185f3c11f879cab1424313510e545a7,d1dd299d0aa0bd0860a53b458113aa0ada67ef5819c45aa7799edcab493584f4,PENDING_EXTERNAL_LEAN_REPLAY,"[""VII-C015""]"
FVII-SCI04-DECL-0064,FVII-SCI04-THM-0064,FoundationsVII.TransmissionRecord.pure_downward_selection_preserves_present_lower_facts,pure_downward_selection_preserves_present_lower_facts,theorem,formalization/lean/FoundationsVII/Dynamics/Transmission.lean,68,78,15bfcbe3cd1605372d86b6303822c9c056586295d9d10f5d4229bb83f97ac35d,56a0e0817a741255c2ea2e4510d333935f9a9250cb2e2a4c07316ce78a3fa07d,PENDING_EXTERNAL_LEAN_REPLAY,"[""VII-C015""]"
FVII-SCI04-DECL-0065,FVII-SCI04-THM-0065,FoundationsVII.TransmissionRecord.pure_downward_selection_cannot_create_absent_lower_fact,pure_downward_selection_cannot_create_absent_lower_fact,theorem,formalization/lean/FoundationsVII/Dynamics/Transmission.lean,79,92,df43964577877622abc2340dc0c46d1044ab4b83a67a6c6488c31835ec42622b,a0674558ce6c99437f906a12ceb1d8faf0d58e0e630900a0b5180f525068cb67,PENDING_EXTERNAL_LEAN_REPLAY,"[""VII-C015""]"
FVII-SCI04-DECL-0066,FVII-SCI04-DEF-0066,FoundationsVII.DescentSquare,DescentSquare,structure,formalization/lean/FoundationsVII/Dynamics/Transmission.lean,93,100,3b838e0a677855e20e74f300f46770cdb103188bd841fd4305fb5587f469c700,3b838e0a677855e20e74f300f46770cdb103188bd841fd4305fb5587f469c700,PENDING_EXTERNAL_LEAN_REPLAY,"[""VII-C015""]"
FVII-SCI04-DECL-0067,FVII-SCI04-DEF-0067,FoundationsVII.DescentSquare.Commutes,Commutes,def,formalization/lean/FoundationsVII/Dynamics/Transmission.lean,101,105,9b9861fb7a791317afe35ace2cf658e3d5373f8dec66ddaf0e3e747d009e2728,6dc8a343142b12627b2ab661d1f9f24bb74162067f1530e638b75a3f68b51e6c,PENDING_EXTERNAL_LEAN_REPLAY,"[""VII-C015""]"
FVII-SCI04-DECL-0068,FVII-SCI04-THM-0068,FoundationsVII.DescentSquare.fidelity_is_commuting_square,fidelity_is_commuting_square,theorem,formalization/lean/FoundationsVII/Dynamics/Transmission.lean,106,112,f1a5a067769b41a571ef1aa526e07cd015298e546872bce799cec5ea4931c979,9d550a4891524f2db969b919698dfc03e5f449d1e7d6785201f819f1a0eda024,PENDING_EXTERNAL_LEAN_REPLAY,"[""VII-C015""]"
FVII-SCI04-DECL-0069,FVII-SCI04-DEF-0069,FoundationsVII.TransmissionFidelity,TransmissionFidelity,structure,formalization/lean/FoundationsVII/Dynamics/Transmission.lean,113,124,56f9394bf5ec6507238981f64cf7003822b48f9d7c1042330051d7e59a52e865,56f9394bf5ec6507238981f64cf7003822b48f9d7c1042330051d7e59a52e865,PENDING_EXTERNAL_LEAN_REPLAY,"[""VII-C015""]"
FVII-SCI04-DECL-0070,FVII-SCI04-DEF-0070,FoundationsVII.TransmissionFidelity.Valid,Valid,def,formalization/lean/FoundationsVII/Dynamics/Transmission.lean,125,133,4e632b083a850f04b94db7451abcf67d5f7e36e0997938e74dd3994e6340b432,3cb2331ed5a61ee0a442f058219b7ad0dac61700c208f975ddd905c8487e9973,PENDING_EXTERNAL_LEAN_REPLAY,"[""VII-C015""]"
FVII-SCI04-DECL-0071,FVII-SCI04-THM-0071,FoundationsVII.TransmissionFidelity.valid_records_loss,valid_records_loss,theorem,formalization/lean/FoundationsVII/Dynamics/Transmission.lean,134,136,0a16f0d17dbf8508cb8066bee56151474a75eeef7a2b2cf22f1cad2847424aa8,0492ab8ce132fd5de1d0400efaea4f2c902d46cf5696c74fe09daeef6e176457,PENDING_EXTERNAL_LEAN_REPLAY,"[""VII-C015""]"
FVII-SCI04-DECL-0072,FVII-SCI04-THM-0072,FoundationsVII.TransmissionFidelity.valid_records_ambiguity,valid_records_ambiguity,theorem,formalization/lean/FoundationsVII/Dynamics/Transmission.lean,137,139,56e883c64b01a1e1237c73fd8fb6d8d4d1832bd3e397093f29d1e21070eb8592,2e8acd6eee215c1f9dbf9761b240e0d8ee3f4bc1aa592d1e13b5da09de37828a,PENDING_EXTERNAL_LEAN_REPLAY,"[""VII-C015""]"
FVII-SCI04-DECL-0073,FVII-SCI04-THM-0073,FoundationsVII.TransmissionFidelity.valid_preserves_source,valid_preserves_source,theorem,formalization/lean/FoundationsVII/Dynamics/Transmission.lean,140,142,4984c3741e3c224d2d1d21184eb698f8eced82bc79952500da7fa61c23a213fb,ad468ab84747608dc1ccf6ae8914e58f2bdd8eb80d2561f6bae609b2aa0db600,PENDING_EXTERNAL_LEAN_REPLAY,"[""VII-C015""]"
FVII-SCI04-DECL-0074,FVII-SCI04-THM-0074,FoundationsVII.TransmissionFidelity.valid_preserves_budget,valid_preserves_budget,theorem,formalization/lean/FoundationsVII/Dynamics/Transmission.lean,143,147,83bffbecd5416265fb36021e5e5b4e03af2544754d5c6441b40fd7f5af9932e1,c38590ab58f52d6c0d621aabf167ce7f15a25c610eb931122ea7993e7cf9a7db,PENDING_EXTERNAL_LEAN_REPLAY,"[""VII-C015""]"
FVII-SCI04-DECL-0075,FVII-SCI04-DEF-0075,FoundationsVII.SelectionCausationProfile,SelectionCausationProfile,structure,formalization/lean/FoundationsVII/Dynamics/Transmission.lean,148,157,90a2b5d5e50d13b52d0f9a06460a0d3c63167b11c063aaa1db3f215c0c28ca79,90a2b5d5e50d13b52d0f9a06460a0d3c63167b11c063aaa1db3f215c0c28ca79,PENDING_EXTERNAL_LEAN_REPLAY,"[""VII-C015""]"
FVII-SCI04-DECL-0076,FVII-SCI04-DEF-0076,FoundationsVII.SelectionCausationProfile.Valid,Valid,def,formalization/lean/FoundationsVII/Dynamics/Transmission.lean,158,171,646127c6e4dd5f9db707cc4c6ed88c6ab554122f4e49a0b836bede2a607cd224,a49ec7c8d025f2a212e2e74b15c19aa4c0d512534efdfa4fdb9238ae4fc8f552,PENDING_EXTERNAL_LEAN_REPLAY,"[""VII-C015""]"
FVII-SCI04-DECL-0077,FVII-SCI04-THM-0077,FoundationsVII.structural_downward_selection_is_not_automatically_causal,structural_downward_selection_is_not_automatically_causal,theorem,formalization/lean/FoundationsVII/Dynamics/Transmission.lean,172,176,83020f126451b6c3cccaa92719d42bafc889453afe5ae0879f1045cdcb35fd00,507890c65b44ed32cff35cc783348d7773fc202627824a4c75b2170e40a1881a,PENDING_EXTERNAL_LEAN_REPLAY,"[""VII-C015""]"
FVII-SCI04-DECL-0078,FVII-SCI04-DEF-0078,FoundationsVII.DirectionalTransmissionControl,DirectionalTransmissionControl,structure,formalization/lean/FoundationsVII/Dynamics/Transmission.lean,177,185,61e313e7de51aabd6881752d65f48b0a41ece45ec53b9d4cc8870877cbe93c7c,152c8cf4444f90e217dee266b06e728317c83db187ee994bc6fc73926ff234f6,PENDING_EXTERNAL_LEAN_REPLAY,"[""VII-C015""]"
FVII-SCI04-DECL-0079,FVII-SCI04-THM-0079,FoundationsVII.all_three_transmission_directions_have_positive_controls,all_three_transmission_directions_have_positive_controls,theorem,formalization/lean/FoundationsVII/Dynamics/Transmission.lean,186,191,232b931920bc8d7fdf63aedf97c860933b980bb12a0da43f7251c8ad7fc499bf,0bb5ae2e1703ef6209fddad621fa4ce6c297ca9b9946a2ff40a36b36f058f9c6,PENDING_EXTERNAL_LEAN_REPLAY,"[""VII-C015""]"
FVII-SCI04-DECL-0080,FVII-SCI04-DEF-0080,FoundationsVII.EnablementSource,EnablementSource,inductive,formalization/lean/FoundationsVII/Enablement/Attribution.lean,14,23,0f53a5f8adce64977fed0b27b8703bd8ee39567cb1e54e384df3bea726f54d25,0f53a5f8adce64977fed0b27b8703bd8ee39567cb1e54e384df3bea726f54d25,PENDING_EXTERNAL_LEAN_REPLAY,"[""VII-C012""]"
FVII-SCI04-DECL-0081,FVII-SCI04-DEF-0081,FoundationsVII.allEnablementSources,allEnablementSources,def,formalization/lean/FoundationsVII/Enablement/Attribution.lean,24,26,330dcd7eced8a2c81e0b1d6dc7d645d0e23e65b79355d56ff71d6fef288b5a3a,2762801a147708f3aadbfd72b58b3e1a0c4a85e6c71c83e355d1c1b40bcf0db0,PENDING_EXTERNAL_LEAN_REPLAY,"[""VII-C012""]"
FVII-SCI04-DECL-0082,FVII-SCI04-THM-0082,FoundationsVII.enablementSource_mem_all,enablementSource_mem_all,theorem,formalization/lean/FoundationsVII/Enablement/Attribution.lean,27,30,875d9bc0053bcd05c143c0ebedc5d8f253137da16c163407f04ac3fb16aaf19f,d7cbed298c3d1b416952cd64758f2b1ac14b347ff10c5c2a5ea0db2593c61c1a,PENDING_EXTERNAL_LEAN_REPLAY,"[""VII-C012""]"
FVII-SCI04-DECL-0083,FVII-SCI04-DEF-0083,FoundationsVII.AttributionEvidence,AttributionEvidence,structure,formalization/lean/FoundationsVII/Enablement/Attribution.lean,31,43,edbe181cde9f86b3cce96cc3aa7332a8b7b06d3516c1dc466fd068111ca91a31,edbe181cde9f86b3cce96cc3aa7332a8b7b06d3516c1dc466fd068111ca91a31,PENDING_EXTERNAL_LEAN_REPLAY,"[""VII-C012""]"
FVII-SCI04-DECL-0084,FVII-SCI04-DEF-0084,FoundationsVII.AttributionEvidence.Valid,Valid,def,formalization/lean/FoundationsVII/Enablement/Attribution.lean,44,50,5d6950b6baacd513ad5f76bb7f732ef627ac8dabb9728bef848adeec162df667,3feb49e573495fe11081542aebe501a2ee020e4583438f290c0a35dd888dd2ff,PENDING_EXTERNAL_LEAN_REPLAY,"[""VII-C012""]"
FVII-SCI04-DECL-0085,FVII-SCI04-DEF-0085,FoundationsVII.AttributionEvidence.HonestBridgeRefinement,HonestBridgeRefinement,def,formalization/lean/FoundationsVII/Enablement/Attribution.lean,51,55,9dad011a770564da47e49334113de97feb46e4bbc227795aec48317f17c84fba,d7945ef2a16b683e5e9368f54dfe362fca5ef47e35239f0efce81d23e2519db0,PENDING_EXTERNAL_LEAN_REPLAY,"[""VII-C012""]"
FVII-SCI04-DECL-0086,FVII-SCI04-THM-0086,FoundationsVII.AttributionEvidence.valid_has_no_hidden_executor,valid_has_no_hidden_executor,theorem,formalization/lean/FoundationsVII/Enablement/Attribution.lean,56,58,3ac7effd94d8749bd165f354838d9650ce4c216e7e11e61bc4ce74db380cddf3,f62f65ece54f62a97c4410baaf027aa6b0f57acea19c6fa3418b01ce5231216e,PENDING_EXTERNAL_LEAN_REPLAY,"[""VII-C012""]"
FVII-SCI04-DECL-0087,FVII-SCI04-THM-0087,FoundationsVII.AttributionEvidence.honest_refinement_preserves_source_root,honest_refinement_preserves_source_root,theorem,formalization/lean/FoundationsVII/Enablement/Attribution.lean,59,65,08785ef1af8b75f4de83de337a294b2a2dd1a12cba809b07a8d617d970fa2255,2488f86f9f8a412e06ab86ac6e1c9bfd5d9de667c462276a500395a7e4f46907,PENDING_EXTERNAL_LEAN_REPLAY,"[""VII-C012""]"
FVII-SCI04-DECL-0088,FVII-SCI04-DEF-0088,FoundationsVII.AttributedEnablement,AttributedEnablement,structure,formalization/lean/FoundationsVII/Enablement/Attribution.lean,66,72,c8c4884922144657fee492de050334d742792fbc57442f45c90ec7bb75629589,c8c4884922144657fee492de050334d742792fbc57442f45c90ec7bb75629589,PENDING_EXTERNAL_LEAN_REPLAY,"[""VII-C012""]"
FVII-SCI04-DECL-0089,FVII-SCI04-DEF-0089,FoundationsVII.AttributedEnablement.WellFormed,WellFormed,def,formalization/lean/FoundationsVII/Enablement/Attribution.lean,73,78,b9a134e5c5f18c6e221ebf305f205034eb5fb8f89340d29de200bc1d3f0602d4,a6791f0c324b8be7f4500406cc7912556a1de797ee4eae3339d4da6198be032b,PENDING_EXTERNAL_LEAN_REPLAY,"[""VII-C012""]"
FVII-SCI04-DECL-0090,FVII-SCI04-THM-0090,FoundationsVII.AttributedEnablement.wellFormed_has_typed_source,wellFormed_has_typed_source,theorem,formalization/lean/FoundationsVII/Enablement/Attribution.lean,79,82,5a59496660269ccf44401094115a4f704d1c21179fd1c6199ad3ebf0b945fa9e,791f68ef0864d3ed5b2b9dd5b50c29e63c97d11d665d532089d3a9a13611eafa,PENDING_EXTERNAL_LEAN_REPLAY,"[""VII-C012""]"
FVII-SCI04-DECL-0091,FVII-SCI04-THM-0091,FoundationsVII.AttributedEnablement.wellFormed_has_execution_witness,wellFormed_has_execution_witness,theorem,formalization/lean/FoundationsVII/Enablement/Attribution.lean,83,86,055278d7fe1bd3554348923728a1702f084b1fde0ff1b2e53d4c9a9f662ce0ae,a0354c20cce26668dfa9d53684653f7d318100fc2e2ee807d7fa90b8940be369,PENDING_EXTERNAL_LEAN_REPLAY,"[""VII-C012""]"
FVII-SCI04-DECL-0092,FVII-SCI04-THM-0092,FoundationsVII.AttributedEnablement.wellFormed_has_budget_accounting,wellFormed_has_budget_accounting,theorem,formalization/lean/FoundationsVII/Enablement/Attribution.lean,87,90,67a3dbed2fca4a1ec0c0d494ee0312f7ba495b9978fe18048002a6f9d410cd36,4dbb0a838d3cddb88f9a185d1375379c29fad0f48dcebaa64f1ee6b8405df35c,PENDING_EXTERNAL_LEAN_REPLAY,"[""VII-C012""]"
FVII-SCI04-DECL-0093,FVII-SCI04-THM-0093,FoundationsVII.AttributedEnablement.wellFormed_has_audit_accounting,wellFormed_has_audit_accounting,theorem,formalization/lean/FoundationsVII/Enablement/Attribution.lean,91,94,082b5bac890d191df2cb6e2f1a3cc5cfe59fe7c340882fdbbf34c01813b95487,e7d54b11b1f4f4859fab3f915343020bcbf22860661f866712004acd5ed31d02,PENDING_EXTERNAL_LEAN_REPLAY,"[""VII-C012""]"
FVII-SCI04-DECL-0094,FVII-SCI04-THM-0094,FoundationsVII.AttributedEnablement.wellFormed_has_no_hidden_executor,wellFormed_has_no_hidden_executor,theorem,formalization/lean/FoundationsVII/Enablement/Attribution.lean,95,98,e7d7e067c8a48a9ac902d3f10b172c08b0de839cb21d9b0b571c0a42dde30899,fa4a82970e43cdadddc7f0fe33aa38e143f9c809f0816c760f77172972d65ab2,PENDING_EXTERNAL_LEAN_REPLAY,"[""VII-C012""]"
FVII-SCI04-DECL-0095,FVII-SCI04-THM-0095,FoundationsVII.AttributedEnablement.hidden_execution_defeats_attribution,hidden_execution_defeats_attribution,theorem,formalization/lean/FoundationsVII/Enablement/Attribution.lean,99,109,b0dcb6525b3b39cad7c50760fa6f77a07bc85c2c144b850afe0361f64360b93f,729ff1af86894b47468d62e6783b853d8d20ea27475c3dbb08aecde3b4cac7a2,PENDING_EXTERNAL_LEAN_REPLAY,"[""VII-C012""]"
FVII-SCI04-DECL-0096,FVII-SCI04-DEF-0096,FoundationsVII.AttributionRefinement,AttributionRefinement,structure,formalization/lean/FoundationsVII/Enablement/Attribution.lean,110,117,db4ab030d82394601d9640cf40850a416fef5a16e56ac260bc61a083d4d320d2,db4ab030d82394601d9640cf40850a416fef5a16e56ac260bc61a083d4d320d2,PENDING_EXTERNAL_LEAN_REPLAY,"[""VII-C012""]"
FVII-SCI04-DECL-0097,FVII-SCI04-DEF-0097,FoundationsVII.AttributionRefinement.Stable,Stable,def,formalization/lean/FoundationsVII/Enablement/Attribution.lean,118,121,643b85207b2369f1e561b07b04e81dcba2edd9af7b8b70322f7b695b7c47300e,e4c060cd3dc6212af7ff1a35211822d70cd0db8d24326564fd2477bb2aae2037,PENDING_EXTERNAL_LEAN_REPLAY,"[""VII-C012""]"
FVII-SCI04-DECL-0098,FVII-SCI04-THM-0098,FoundationsVII.AttributionRefinement.stable_preserves_attribution_root,stable_preserves_attribution_root,theorem,formalization/lean/FoundationsVII/Enablement/Attribution.lean,122,129,7c7c0b480e0e0bbede8b0ca38ec75f6282b7e48639085b9fb9f7280311a389f2,160143a1a0310d6f6d95f10040c8651f05c4152e740c69593add508e06964085,PENDING_EXTERNAL_LEAN_REPLAY,"[""VII-C012""]"
FVII-SCI04-DECL-0099,FVII-SCI04-DEF-0099,FoundationsVII.AttributionSeparationProfile,AttributionSeparationProfile,structure,formalization/lean/FoundationsVII/Enablement/Attribution.lean,130,141,6987e9934bef77898f58f43f4618ebe77bfe82464dff26fa7ffcc571e0f1deda,e1c87326dce87249d0ba3d34ffa9cd544b95ef2a3470da33e1a7cad657052a36,PENDING_EXTERNAL_LEAN_REPLAY,"[""VII-C012""]"
FVII-SCI04-DECL-0100,FVII-SCI04-THM-0100,FoundationsVII.attribution_does_not_imply_descent_sufficiency_causation_or_endogeny,attribution_does_not_imply_descent_sufficiency_causation_or_endogeny,theorem,formalization/lean/FoundationsVII/Enablement/Attribution.lean,142,151,e481c246d0e856d2ebec0d6669a15f0053bc403919be0e89ae862896336a3a9c,cc2f1de307fa1b8a189b5490b78457a458088db931d1a14f4a431766adffe3bb,PENDING_EXTERNAL_LEAN_REPLAY,"[""VII-C012""]"
FVII-SCI04-DECL-0101,FVII-SCI04-DEF-0101,FoundationsVII.ClosureAgency,ClosureAgency,inductive,formalization/lean/FoundationsVII/Enablement/Birth.lean,14,21,c296d3f4b465bc4568f998cf895e8a7bae0a7c2097bcdef4b061fc84067c1b5d,c296d3f4b465bc4568f998cf895e8a7bae0a7c2097bcdef4b061fc84067c1b5d,PENDING_EXTERNAL_LEAN_REPLAY,"[""VII-C014""]"
FVII-SCI04-DECL-0102,FVII-SCI04-DEF-0102,FoundationsVII.BirthOutcome,BirthOutcome,inductive,formalization/lean/FoundationsVII/Enablement/Birth.lean,22,32,1ac596dc7d87da670904994cb0485ad2f32d461028a54ea8b97120c6da5351bd,1ac596dc7d87da670904994cb0485ad2f32d461028a54ea8b97120c6da5351bd,PENDING_EXTERNAL_LEAN_REPLAY,"[""VII-C014""]"
FVII-SCI04-DECL-0103,FVII-SCI04-DEF-0103,FoundationsVII.InheritedBirthClass,InheritedBirthClass,inductive,formalization/lean/FoundationsVII/Enablement/Birth.lean,33,39,c91a4589b98847d65420be7d63292bf61eb06db7faf9d373f140d08b6d744fa9,c91a4589b98847d65420be7d63292bf61eb06db7faf9d373f140d08b6d744fa9,PENDING_EXTERNAL_LEAN_REPLAY,"[""VII-C014""]"
FVII-SCI04-DECL-0104,FVII-SCI04-DEF-0104,FoundationsVII.PrimitiveBirthSignature,PrimitiveBirthSignature,structure,formalization/lean/FoundationsVII/Enablement/Birth.lean,40,45,9e05429e09c1fe70bb7a831e97ce1e388712edd08ed958cf921dbe027a42afaf,9e05429e09c1fe70bb7a831e97ce1e388712edd08ed958cf921dbe027a42afaf,PENDING_EXTERNAL_LEAN_REPLAY,"[""VII-C014""]"
FVII-SCI04-DECL-0105,FVII-SCI04-DEF-0105,FoundationsVII.signatureOfInheritedClass,signatureOfInheritedClass,def,formalization/lean/FoundationsVII/Enablement/Birth.lean,46,51,cf903e71af4c223d9fea0b2c2bc4269ff01824321c207df26920ee3b49c5c745,bd17ca248954f35106da2380d250f11b04764686a81ab7227dc89457f218eb9c,PENDING_EXTERNAL_LEAN_REPLAY,"[""VII-C014""]"
FVII-SCI04-DECL-0106,FVII-SCI04-DEF-0106,FoundationsVII.allInheritedBirthClasses,allInheritedBirthClasses,def,formalization/lean/FoundationsVII/Enablement/Birth.lean,52,54,0f416f5a6acd302b8890134718b9c2aa737fec07887ac6a00cc76f178dab3d5b,6adf332bff626fda02db6b274d293e79f7ffc5216392ab78a0aaf2789a90cedc,PENDING_EXTERNAL_LEAN_REPLAY,"[""VII-C014""]"
FVII-SCI04-DECL-0107,FVII-SCI04-THM-0107,FoundationsVII.inheritedBirthClass_mem_all,inheritedBirthClass_mem_all,theorem,formalization/lean/FoundationsVII/Enablement/Birth.lean,55,58,ca3cd075fb98b12cff9ccb4fecd1b8e38d8dc4a6ec940e2f25ce0649c0e9cf97,177d0449c18c80cea02230b5577890627d0cdfb1eabb28b964c204d7e67dfb69,PENDING_EXTERNAL_LEAN_REPLAY,"[""VII-C014""]"
FVII-SCI04-DECL-0108,FVII-SCI04-THM-0108,FoundationsVII.inherited_birth_class_signatures_are_injective,inherited_birth_class_signatures_are_injective,theorem,formalization/lean/FoundationsVII/Enablement/Birth.lean,59,64,e6ce0beb78ed6e74743389409697583451622e395e7f5790c98216f16e167a04,4adb0d0cab70189a36de149e0f60517a08da340726a158979b1a5c09c8567955,PENDING_EXTERNAL_LEAN_REPLAY,"[""VII-C014""]"
FVII-SCI04-DECL-0109,FVII-SCI04-THM-0109,FoundationsVII.every_inherited_birth_class_activates_packaging,every_inherited_birth_class_activates_packaging,theorem,formalization/lean/FoundationsVII/Enablement/Birth.lean,65,69,9cca718d90c516df14c6efc4d219a8386369b3ceec36ab9eaa4c9a306d809ae2,e01629a94830bd0468cf4b68d6f32d548d068add00cfa1c7bd603c38ff923dcc,PENDING_EXTERNAL_LEAN_REPLAY,"[""VII-C014""]"
FVII-SCI04-DECL-0110,FVII-SCI04-DEF-0110,FoundationsVII.ReachableBirthEvidence,ReachableBirthEvidence,structure,formalization/lean/FoundationsVII/Enablement/Birth.lean,70,79,134bf9ba1395d9c03a63edce1fa9460fae147cf008e916ec1dafd8917798d451,134bf9ba1395d9c03a63edce1fa9460fae147cf008e916ec1dafd8917798d451,PENDING_EXTERNAL_LEAN_REPLAY,"[""VII-C014""]"
FVII-SCI04-DECL-0111,FVII-SCI04-DEF-0111,FoundationsVII.ReachableBirthEvidence.Valid,Valid,def,formalization/lean/FoundationsVII/Enablement/Birth.lean,80,85,e1a50ece190f071b7b4b45203f162ee7b99161c382a1089fd78ae4719bc63b37,41d7954a0e011340bc9b857f49d0b45dcb91353ce6fec0c06e9dad9ba8d11cc2,PENDING_EXTERNAL_LEAN_REPLAY,"[""VII-C014""]"
FVII-SCI04-DECL-0112,FVII-SCI04-THM-0112,FoundationsVII.ReachableBirthEvidence.valid_requires_reachable_generator,valid_requires_reachable_generator,theorem,formalization/lean/FoundationsVII/Enablement/Birth.lean,86,90,663449cc044b39ad4c0bbc44900e9363595abb3f2bfd931d7784958039597725,99dd71e5e3da5c8ca3d040cae40ffd492efaaaa801037574665f313cc6383718,PENDING_EXTERNAL_LEAN_REPLAY,"[""VII-C014""]"
FVII-SCI04-DECL-0113,FVII-SCI04-DEF-0113,FoundationsVII.BirthRecord,BirthRecord,structure,formalization/lean/FoundationsVII/Enablement/Birth.lean,91,104,a494f8594851a22f455e2a954bf69ccd745f9e5f386ef960f1a4f1ef591eb5c4,a494f8594851a22f455e2a954bf69ccd745f9e5f386ef960f1a4f1ef591eb5c4,PENDING_EXTERNAL_LEAN_REPLAY,"[""VII-C014""]"
FVII-SCI04-DECL-0114,FVII-SCI04-DEF-0114,FoundationsVII.BirthRecord.WellFormed,WellFormed,def,formalization/lean/FoundationsVII/Enablement/Birth.lean,105,115,26960a04159230c9a9e53a037e819a5d5b11c012f4c3c7f5533bbfda3d068d06,25086cf54ab444bdcf1ff38e13621012f62862caf5c330f4d61d3489a50fbcaf,PENDING_EXTERNAL_LEAN_REPLAY,"[""VII-C014""]"
FVII-SCI04-DECL-0115,FVII-SCI04-THM-0115,FoundationsVII.BirthRecord.participant_credit_requires_objecthood,participant_credit_requires_objecthood,theorem,formalization/lean/FoundationsVII/Enablement/Birth.lean,116,119,9bab125ca1bcbc5a93364a20df90e775c4904b25f90370a8e2c46dd53562f96e,e8cb9b52d7e2cf1176bcd6219008d748349d1c197c7682d884058b67d4ebafe5,PENDING_EXTERNAL_LEAN_REPLAY,"[""VII-C014""]"
FVII-SCI04-DECL-0116,FVII-SCI04-THM-0116,FoundationsVII.BirthRecord.participant_credit_requires_closure_survival,participant_credit_requires_closure_survival,theorem,formalization/lean/FoundationsVII/Enablement/Birth.lean,120,123,ef3016bf701da9e68ad7edef6f3a162e4b323ed4324d3ae2cc14548dd2ce32e4,142a9c0187363c3853af72e7353ddab4d0ee46319a1b4e10c916d474095c4abb,PENDING_EXTERNAL_LEAN_REPLAY,"[""VII-C014""]"
FVII-SCI04-DECL-0117,FVII-SCI04-THM-0117,FoundationsVII.BirthRecord.relation_only_has_no_participant_credit,relation_only_has_no_participant_credit,theorem,formalization/lean/FoundationsVII/Enablement/Birth.lean,124,129,46462e41e3ec74844e4d928da3de8cbb4ae0bfaa88a5efc6c42e5cf2b3820deb,58fe4c43116ffb27fb7776bb06f8d4ad6260b83892cde9f8782cba4298d9e478,PENDING_EXTERNAL_LEAN_REPLAY,"[""VII-C014""]"
FVII-SCI04-DECL-0118,FVII-SCI04-DEF-0118,FoundationsVII.BirthClassificationProfile,BirthClassificationProfile,structure,formalization/lean/FoundationsVII/Enablement/Birth.lean,130,149,808a7068e6ae80f7ea1697c7a3979bb7c944ced36b9997886f126b3f425fd74e,cf6995df89546beda1de7968c2347cf3422ef98d4a4c50fa78adb1b9659ba777,PENDING_EXTERNAL_LEAN_REPLAY,"[""VII-C014""]"
FVII-SCI04-DECL-0119,FVII-SCI04-THM-0119,FoundationsVII.contact_can_remain_relation_only,contact_can_remain_relation_only,theorem,formalization/lean/FoundationsVII/Enablement/Birth.lean,150,155,4b5a78a1a2454a7fef6aa51ec3ff2d8398c05eace41889e1b9148839f2fd7fc5,f0866ba36f85228b9d83e7b4f4fa354ad8ffd9f49688f2a73b6d3654e4bf6e82,PENDING_EXTERNAL_LEAN_REPLAY,"[""VII-C014""]"
FVII-SCI04-DECL-0120,FVII-SCI04-THM-0120,FoundationsVII.closure_performed_and_closure_undergone_are_distinct,closure_performed_and_closure_undergone_are_distinct,theorem,formalization/lean/FoundationsVII/Enablement/Birth.lean,156,158,9b51e461c642625bc1ed4e06bd57762fb0a85e3584070144b6b79a536bd780fe,2098056cf5f501bcd468b782bc73601538266dd216c002e427ac19f92622df69,PENDING_EXTERNAL_LEAN_REPLAY,"[""VII-C014""]"
FVII-SCI04-DECL-0121,FVII-SCI04-THM-0121,FoundationsVII.system_performed_birth_control,system_performed_birth_control,theorem,formalization/lean/FoundationsVII/Enablement/Birth.lean,159,164,15a22970aec590d5b22dc81dd9ab05fda69ea443a2ee4c95b80eb5986a44addb,b8df34732a40303481825d98554a8edfbcc1a0ca03e92132e3c29fe4572e73e1,PENDING_EXTERNAL_LEAN_REPLAY,"[""VII-C014""]"
FVII-SCI04-DECL-0122,FVII-SCI04-THM-0122,FoundationsVII.system_underwent_birth_control,system_underwent_birth_control,theorem,formalization/lean/FoundationsVII/Enablement/Birth.lean,165,170,5751d9cda001a55955a48771a818a3a4960b342ff3dbcd331e94450af6c4078d,a82c1ae088cbe68c02c5289272881eca5089236a6225ceee3f04de95ea081a16,PENDING_EXTERNAL_LEAN_REPLAY,"[""VII-C014""]"
FVII-SCI04-DECL-0123,FVII-SCI04-THM-0123,FoundationsVII.inherited_activation_class_does_not_by_itself_create_participant,inherited_activation_class_does_not_by_itself_create_participant,theorem,formalization/lean/FoundationsVII/Enablement/Birth.lean,171,178,37cfe7136b328236c65a68f782a9282b33e585020aa3f7e55a8b48d21a27fee1,6e81752a985a9c989e356d6be74d8a2e32fa39318efafcb7bd186b626e9620ef,PENDING_EXTERNAL_LEAN_REPLAY,"[""VII-C014""]"
FVII-SCI04-DECL-0124,FVII-SCI04-THM-0124,FoundationsVII.participant_creation_is_conditional_not_automatic,participant_creation_is_conditional_not_automatic,theorem,formalization/lean/FoundationsVII/Enablement/Birth.lean,179,188,2b636d7a0200723c2aa3370cd0b54677c0c1371a7f60464f95fc414c75d04f71,d25500bc42cce035c3f8a187f8846417c872b57fde8fce70fbc8aa396e9964cd,PENDING_EXTERNAL_LEAN_REPLAY,"[""VII-C014""]"
FVII-SCI04-DECL-0125,FVII-SCI04-DEF-0125,FoundationsVII.ResourceDelta,ResourceDelta,structure,formalization/lean/FoundationsVII/Enablement/Composition.lean,14,20,bd9fa4746a5322df3db3f89d6c9e89d21ff5dc7402ff2a556660390df323c479,bd9fa4746a5322df3db3f89d6c9e89d21ff5dc7402ff2a556660390df323c479,PENDING_EXTERNAL_LEAN_REPLAY,"[""VII-C027""]"
FVII-SCI04-DECL-0126,FVII-SCI04-DEF-0126,FoundationsVII.ResourceDelta.zero,zero,def,formalization/lean/FoundationsVII/Enablement/Composition.lean,21,22,b4940794a70c3743c9e72439e302cb81ff7a86ee3901d8960ac339c565c92f88,0c86bfedbe76a2ea57886fe1b59e8d83793b6c2edb775dc527f42970c4c3236f,PENDING_EXTERNAL_LEAN_REPLAY,"[""VII-C027""]"
FVII-SCI04-DECL-0127,FVII-SCI04-DEF-0127,FoundationsVII.ResourceDelta.combine,combine,def,formalization/lean/FoundationsVII/Enablement/Composition.lean,23,26,daf22987d932b425053a16373ade344a9e9c2628390913bcd8f4b0b1a3caff4e,f1f9639befdd070496477e551d3622e0f13989c345113fb0aa4f1cb35ad0fd9a,PENDING_EXTERNAL_LEAN_REPLAY,"[""VII-C027""]"
FVII-SCI04-DECL-0128,FVII-SCI04-THM-0128,FoundationsVII.ResourceDelta.combine_cost,combine_cost,theorem,formalization/lean/FoundationsVII/Enablement/Composition.lean,27,29,aeb130ca050fb5f39d05b402cf659d95287b3eda27ec178ef0c51b341db32eeb,7d5df8c8cea3f74f659fa0c086c4801e44ddabb0a0150c4f44b7ab5922277b1e,PENDING_EXTERNAL_LEAN_REPLAY,"[""VII-C027""]"
FVII-SCI04-DECL-0129,FVII-SCI04-THM-0129,FoundationsVII.ResourceDelta.combine_residualDebt,combine_residualDebt,theorem,formalization/lean/FoundationsVII/Enablement/Composition.lean,30,32,b635fe49e28cdc543b06c415d56c297d1d2669718dcc684378ada5301890bdc0,04343b377b256a7b53ce85e69a1f68e549c5edf7b6d8951083bf962ab5159efc,PENDING_EXTERNAL_LEAN_REPLAY,"[""VII-C027""]"
FVII-SCI04-DECL-0130,FVII-SCI04-THM-0130,FoundationsVII.ResourceDelta.combine_assoc,combine_assoc,theorem,formalization/lean/FoundationsVII/Enablement/Composition.lean,33,39,e1197846763d4e3bb1d1489977d62e66c7c1a51b0e4d6e33b66bc36231ac71e8,e92f248dbc1cf5cd709c88d7076d023da5833c77d3dc23742c5be9a100e66b8a,PENDING_EXTERNAL_LEAN_REPLAY,"[""VII-C027""]"
FVII-SCI04-DECL-0131,FVII-SCI04-THM-0131,FoundationsVII.ResourceDelta.zero_left,zero_left,theorem,formalization/lean/FoundationsVII/Enablement/Composition.lean,40,43,e969be40a604b83381aeead1f58cd40c5ae87ea66fcebc089a07665860b77353,541ecc62348f3121ae41474a163c3935295b3cc3ca953773ac2e2a22bf4f5d1b,PENDING_EXTERNAL_LEAN_REPLAY,"[""VII-C027""]"
FVII-SCI04-DECL-0132,FVII-SCI04-THM-0132,FoundationsVII.ResourceDelta.zero_right,zero_right,theorem,formalization/lean/FoundationsVII/Enablement/Composition.lean,44,49,de4dec0b8341c961d3ff948dc7028e7b75c0d50a87496b11f1d4912ddd552779,4fdbd6545673284cabf55e5b0a60911e377f416b39164437cf02158903d3bd61,PENDING_EXTERNAL_LEAN_REPLAY,"[""VII-C027""]"
FVII-SCI04-DECL-0133,FVII-SCI04-DEF-0133,FoundationsVII.EnablementLink,EnablementLink,structure,formalization/lean/FoundationsVII/Enablement/Composition.lean,50,62,aa8f8869e64f61bb23075b8648a685de4697f3c6f5ecb79768a329c35d65db9e,aa8f8869e64f61bb23075b8648a685de4697f3c6f5ecb79768a329c35d65db9e,PENDING_EXTERNAL_LEAN_REPLAY,"[""VII-C027""]"
FVII-SCI04-DECL-0134,FVII-SCI04-DEF-0134,FoundationsVII.EnablementLink.Nonempty,Nonempty,def,formalization/lean/FoundationsVII/Enablement/Composition.lean,63,65,680fc9c0a68537b04b887f25a5cfc535cf55b527b1fa1434628874ea200bae56,5bcc27f5f27f20448e698713a313746d6d85d5432992e78a6cf0e377eede5701,PENDING_EXTERNAL_LEAN_REPLAY,"[""VII-C027""]"
FVII-SCI04-DECL-0135,FVII-SCI04-DEF-0135,FoundationsVII.EnablementLink.Composable,Composable,def,formalization/lean/FoundationsVII/Enablement/Composition.lean,66,72,6410dcc99ade11481ebdef5040adab653f1050ce44aeffa2d3ac7a0e558403d1,befa69b2d3453b662763e657edb7155ee5eaab573287b649b02bc8d3dbe7f898,PENDING_EXTERNAL_LEAN_REPLAY,"[""VII-C027""]"
FVII-SCI04-DECL-0136,FVII-SCI04-DEF-0136,FoundationsVII.EnablementLink.compose,compose,def,formalization/lean/FoundationsVII/Enablement/Composition.lean,73,82,be928492afdf9038dca65ee79c88f7c40d3bb1fbdeaa02ed11bded57d1ac336a,321406ca22b10020645b604a524d761cf0d735d850dc8c137da433caae44ce05,PENDING_EXTERNAL_LEAN_REPLAY,"[""VII-C027""]"
FVII-SCI04-DECL-0137,FVII-SCI04-THM-0137,FoundationsVII.EnablementLink.compose_accumulates_cost,compose_accumulates_cost,theorem,formalization/lean/FoundationsVII/Enablement/Composition.lean,83,85,7e000091c6f82addc65bbcc24c773cac5a80fc123037705e380f219321cd81e9,6b605584b05b16b15508245b6f0aba88ed1575d06ae95ffebcc5f351a16e6ad5,PENDING_EXTERNAL_LEAN_REPLAY,"[""VII-C027""]"
FVII-SCI04-DECL-0138,FVII-SCI04-THM-0138,FoundationsVII.EnablementLink.compose_accumulates_residual_debt,compose_accumulates_residual_debt,theorem,formalization/lean/FoundationsVII/Enablement/Composition.lean,86,89,272dab0ca442e3713147523e8cb73dd1a972d4f35b38e18a4dd2193213e1b1cf,fe82d7377db5facf0559a94b91eea74e47d4ee83515a82d2f76085822a5783ad,PENDING_EXTERNAL_LEAN_REPLAY,"[""VII-C027""]"
FVII-SCI04-DECL-0139,FVII-SCI04-THM-0139,FoundationsVII.EnablementLink.compose_associative_data,compose_associative_data,theorem,formalization/lean/FoundationsVII/Enablement/Composition.lean,90,96,05006752f1f5a45f3826005dad481b69b14080b20176aa2f90ae82dff0331af8,0274efc9772fda0853acf129196775273e70225331100266546e32e5924b5278,PENDING_EXTERNAL_LEAN_REPLAY,"[""VII-C027""]"
FVII-SCI04-DECL-0140,FVII-SCI04-THM-0140,FoundationsVII.EnablementLink.composable_chain_associates,composable_chain_associates,theorem,formalization/lean/FoundationsVII/Enablement/Composition.lean,97,105,dc000275f640fe2f3b70551006d3c6589342a4fa6c004d62237d52e513da07db,f7b658c4de7d250ca02a4c399049a6332d12af7c96f846a2988546bc68b5fa58,PENDING_EXTERNAL_LEAN_REPLAY,"[""VII-C027""]"
FVII-SCI04-DECL-0141,FVII-SCI04-DEF-0141,FoundationsVII.CompositionCredit,CompositionCredit,structure,formalization/lean/FoundationsVII/Enablement/Composition.lean,106,119,cec861f9dff0e16e90519e8717f1dd9ee2b923297021b3ff7a478a7aed89f6dc,cec861f9dff0e16e90519e8717f1dd9ee2b923297021b3ff7a478a7aed89f6dc,PENDING_EXTERNAL_LEAN_REPLAY,"[""VII-C027""]"
FVII-SCI04-DECL-0142,FVII-SCI04-DEF-0142,FoundationsVII.CompositionCredit.Valid,Valid,def,formalization/lean/FoundationsVII/Enablement/Composition.lean,120,141,95fee0e7b876bf77d5aa5084463ee6e5cf017e71462a33d2e192d348a21bbaf5,37d6bd7e3bb3b5d63a854c084a637049a44ac44b0a09ff94f23f287b209e6f2e,PENDING_EXTERNAL_LEAN_REPLAY,"[""VII-C027""]"
FVII-SCI04-DECL-0143,FVII-SCI04-THM-0143,FoundationsVII.composed_enablement_without_transitive_causation_exists,composed_enablement_without_transitive_causation_exists,theorem,formalization/lean/FoundationsVII/Enablement/Composition.lean,142,146,ef34b263f14087d07a79893155f1cc67639600d59088424064121c4bb5ece549,9e81e7bc05e9784da6c86c676ec24e9ae8eeafafacf22326d8b4766af30a6726,PENDING_EXTERNAL_LEAN_REPLAY,"[""VII-C027""]"
FVII-SCI04-DECL-0144,FVII-SCI04-THM-0144,FoundationsVII.incompatible_order_blocks_composition_credit,incompatible_order_blocks_composition_credit,theorem,formalization/lean/FoundationsVII/Enablement/Composition.lean,147,150,2350abeb5ae6b75f2665d9c6541735b9ee4720610f66d011aa9baac48fdd9dee,fbcd092badce8d98e33aa7a26ef059addd91b1896534349f247edc0a34255a9c,PENDING_EXTERNAL_LEAN_REPLAY,"[""VII-C027""]"
FVII-SCI04-DECL-0145,FVII-SCI04-DEF-0145,FoundationsVII.OrderedEnablementControl,OrderedEnablementControl,structure,formalization/lean/FoundationsVII/Enablement/Composition.lean,151,159,940bfaee58db18600a23b190fd087c8edc92bdc4d68615962997475a8cd8c503,eab29f7aae62ba95ae26573f6556aaf34f8ea597ca946d169edea56f52c55d6e,PENDING_EXTERNAL_LEAN_REPLAY,"[""VII-C027""]"
FVII-SCI04-DECL-0146,FVII-SCI04-THM-0146,FoundationsVII.enablement_chain_can_be_order_sensitive,enablement_chain_can_be_order_sensitive,theorem,formalization/lean/FoundationsVII/Enablement/Composition.lean,160,164,e14732e459871b96325984026e2283140f87873064506d609561ce8bf43cbc82,c627eaa98349747506c2853607066f27959eabdcd203ab7d7cbd679933b53fc5,PENDING_EXTERNAL_LEAN_REPLAY,"[""VII-C027""]"
FVII-SCI04-DECL-0147,FVII-SCI04-DEF-0147,FoundationsVII.EndogenousEnablementProfile,EndogenousEnablementProfile,structure,formalization/lean/FoundationsVII/Enablement/Endogenous.lean,15,29,e4dca9d49d89d238f7e05b02bb009ce3905e6bd85802c8a79ea433b208a5bb9c,e4dca9d49d89d238f7e05b02bb009ce3905e6bd85802c8a79ea433b208a5bb9c,PENDING_EXTERNAL_LEAN_REPLAY,"[""VII-C013""]"
FVII-SCI04-DECL-0148,FVII-SCI04-DEF-0148,FoundationsVII.EndogenousEnablementProfile.Eligible,Eligible,def,formalization/lean/FoundationsVII/Enablement/Endogenous.lean,30,40,d72fac9b00ed53675fe4bf73219f55af0b03d1e5538f9e100f7f41f4cf9fadff,3a19627b2d72ec9c5c40e148485878aa47d7d27a368b79cb6e51b9e5bda81267,PENDING_EXTERNAL_LEAN_REPLAY,"[""VII-C013""]"
FVII-SCI04-DECL-0149,FVII-SCI04-THM-0149,FoundationsVII.EndogenousEnablementProfile.eligible_iff_exact_criterion,eligible_iff_exact_criterion,theorem,formalization/lean/FoundationsVII/Enablement/Endogenous.lean,41,49,edaf28a24696d27261b9120aee5fef738bf967278afdb10f704b6bfb9770f4ab,cc526dc8335a5361c9fc9a48cd6a401c459abccd7531d1b142a157b949bde855,PENDING_EXTERNAL_LEAN_REPLAY,"[""VII-C013""]"
FVII-SCI04-DECL-0150,FVII-SCI04-THM-0150,FoundationsVII.EndogenousEnablementProfile.eligible_requires_carried_generator,eligible_requires_carried_generator,theorem,formalization/lean/FoundationsVII/Enablement/Endogenous.lean,50,52,266a489c39b62ecc2916b2909b41517d9a31c137da9ad941a714e471fe7bb35d,43fd61e870e9fd05cf878b2add567248db62892856a59cf60e34a4a6a51b7f6f,PENDING_EXTERNAL_LEAN_REPLAY,"[""VII-C013""]"
FVII-SCI04-DECL-0151,FVII-SCI04-THM-0151,FoundationsVII.EndogenousEnablementProfile.eligible_requires_reachable_generator,eligible_requires_reachable_generator,theorem,formalization/lean/FoundationsVII/Enablement/Endogenous.lean,53,55,e9d9f2fced390784acbefb0cc7b41fa414e23f8df970ff248cf9ec94e541cc03,b2434d90dfe3a3d68bb36996b1a5831eb5532a8496faaf4cb02cc2d0208f7ffe,PENDING_EXTERNAL_LEAN_REPLAY,"[""VII-C013""]"
FVII-SCI04-DECL-0152,FVII-SCI04-THM-0152,FoundationsVII.EndogenousEnablementProfile.eligible_requires_execution,eligible_requires_execution,theorem,formalization/lean/FoundationsVII/Enablement/Endogenous.lean,56,58,fc938f9b696583e83b0756ed0993aad86544a38df7ca43514759eecf740d46b1,ff4975e8a8b7698400c59bb8844480d1c6178518e48b01f61e1e59712a2f07c9,PENDING_EXTERNAL_LEAN_REPLAY,"[""VII-C013""]"
FVII-SCI04-DECL-0153,FVII-SCI04-THM-0153,FoundationsVII.EndogenousEnablementProfile.eligible_requires_audit,eligible_requires_audit,theorem,formalization/lean/FoundationsVII/Enablement/Endogenous.lean,59,61,d2328df404eccd25c2e2b58e475105432ac23a61a0faa0a1f0a3cbb3be58b416,b57c1f71fadddf88d38dc30f011cb80e9517efc221a8cf13dffe9d22486bce8f,PENDING_EXTERNAL_LEAN_REPLAY,"[""VII-C013""]"
FVII-SCI04-DECL-0154,FVII-SCI04-THM-0154,FoundationsVII.EndogenousEnablementProfile.eligible_requires_budget,eligible_requires_budget,theorem,formalization/lean/FoundationsVII/Enablement/Endogenous.lean,62,64,a139cba540f37ccc3263254523b43e6e907cdc1c08b703c9d4a357c4066ed85c,dcb9676f8768d44a80feff9bbade1f470a345d1f365980a4a051cd03ace1722d,PENDING_EXTERNAL_LEAN_REPLAY,"[""VII-C013""]"
FVII-SCI04-DECL-0155,FVII-SCI04-THM-0155,FoundationsVII.EndogenousEnablementProfile.hidden_theorist_execution_defeats_endogenous_credit,hidden_theorist_execution_defeats_endogenous_credit,theorem,formalization/lean/FoundationsVII/Enablement/Endogenous.lean,65,72,aeaa0bb7ec3363cf807d28d8c1c1878b4e4d6794e9e2f7ff7243f8e54b1aebc5,91c2c16a9e19f8582ad80839fc64c8300a38c5ca7176263628126077a2a76c52,PENDING_EXTERNAL_LEAN_REPLAY,"[""VII-C013""]"
FVII-SCI04-DECL-0156,FVII-SCI04-THM-0156,FoundationsVII.EndogenousEnablementProfile.hidden_observer_execution_defeats_endogenous_credit,hidden_observer_execution_defeats_endogenous_credit,theorem,formalization/lean/FoundationsVII/Enablement/Endogenous.lean,73,98,857bf6075a38985013e6312297d8fe374afe021ea08b14412fbcf15dc0849ebd,52bd49a37624ebded5fbd91edea4fbfb2bd9ff388d66965bf081c928fc3bdb4e,PENDING_EXTERNAL_LEAN_REPLAY,"[""VII-C013""]"
FVII-SCI04-DECL-0157,FVII-SCI04-THM-0157,FoundationsVII.constructive_endogenous_enablement_exists,constructive_endogenous_enablement_exists,theorem,formalization/lean/FoundationsVII/Enablement/Endogenous.lean,99,101,77583f164f24da8f248af96e9d87fc0fcc3b6aa83390c39a8b3624e0ac90dd68,d8c26ee0956f43218ab470b17b4196661d9a844311fdc095f4be23513bfa82a8,PENDING_EXTERNAL_LEAN_REPLAY,"[""VII-C013""]"
FVII-SCI04-DECL-0158,FVII-SCI04-THM-0158,FoundationsVII.accounted_environmental_input_is_compatible_with_endogeny,accounted_environmental_input_is_compatible_with_endogeny,theorem,formalization/lean/FoundationsVII/Enablement/Endogenous.lean,102,104,97201d8f0ce8c7d07b6e6b98ee88ca838ecd0f768362a3522fa6a26f54cf2dad,7db34a5ac2787c6a7a41281aadc76f36a54b1d36baffab3f88b566931ec2552e,PENDING_EXTERNAL_LEAN_REPLAY,"[""VII-C013""]"
FVII-SCI04-DECL-0159,FVII-SCI04-THM-0159,FoundationsVII.theorist_triggered_enablement_is_not_endogenous,theorist_triggered_enablement_is_not_endogenous,theorem,formalization/lean/FoundationsVII/Enablement/Endogenous.lean,105,107,cdf4cee27da8e913fdddb7c79d4a4e2fe24fd88eee89d5749e97547c3166d88b,9141b25cffd09b2879f3ae5992552e1f46045630b8f1c6c1a3eefb04139b5c85,PENDING_EXTERNAL_LEAN_REPLAY,"[""VII-C013""]"
FVII-SCI04-DECL-0160,FVII-SCI04-THM-0160,FoundationsVII.hidden_observer_enablement_is_not_endogenous,hidden_observer_enablement_is_not_endogenous,theorem,formalization/lean/FoundationsVII/Enablement/Endogenous.lean,108,111,34fb14aa32614fe07489a25f549952eb847352517d8c69451f99951e5ab47184,f4df0dd5ea7396af755cdb91b8e5a3fa96f007ced6e55ceed1cf65965a7ec3ec,PENDING_EXTERNAL_LEAN_REPLAY,"[""VII-C013""]"
FVII-SCI04-DECL-0161,FVII-SCI04-DEF-0161,FoundationsVII.EndogenyBoundaryProfile,EndogenyBoundaryProfile,structure,formalization/lean/FoundationsVII/Enablement/Endogenous.lean,112,120,b0b4cb090b24cdc8aab958ba1061f4e7d719ab89c2ecca96822085598dbf6fdf,bc05b88b6ba88c49e9dcc169b5d08dc6c9a5406d95b54fe43f68872fc83e5f42,PENDING_EXTERNAL_LEAN_REPLAY,"[""VII-C013""]"
FVII-SCI04-DECL-0162,FVII-SCI04-THM-0162,FoundationsVII.endogenous_does_not_mean_environmentally_isolated_or_uncaused,endogenous_does_not_mean_environmentally_isolated_or_uncaused,theorem,formalization/lean/FoundationsVII/Enablement/Endogenous.lean,121,128,8b14984a9b0540bfe1c4915fb772beaad23e3872db5fcf6438a8e656f6df3136,0d3a0873b1b54e46771288fd12bbb6b8ed5d3c18477ab57a047f409d954f343c,PENDING_EXTERNAL_LEAN_REPLAY,"[""VII-C013""]"
FVII-SCI04-DECL-0163,FVII-SCI04-DEF-0163,FoundationsVII.EnablementSeparation,EnablementSeparation,structure,formalization/lean/FoundationsVII/Enablement/Separation.lean,13,24,2144edbf45e08cd57d0296870bf1b144a0d6692194790f1f80632606f5fb7833,2144edbf45e08cd57d0296870bf1b144a0d6692194790f1f80632606f5fb7833,PENDING_EXTERNAL_LEAN_REPLAY,"[""VII-C034""]"
FVII-SCI04-DECL-0164,FVII-SCI04-DEF-0164,FoundationsVII.EnablementSeparation.EnablementWithoutDescent,EnablementWithoutDescent,def,formalization/lean/FoundationsVII/Enablement/Separation.lean,25,29,6d4ed15fce0838aa5f5f0d21154e2b8ee08aadf0a2cf2222b95dadcbfb050804,4e7bac32c48e59999f99e7fac766acfc36e451eca0fe98987291166ef9812424,PENDING_EXTERNAL_LEAN_REPLAY,"[""VII-C034""]"
FVII-SCI04-DECL-0165,FVII-SCI04-DEF-0165,FoundationsVII.EnablementSeparation.NecessaryButInsufficient,NecessaryButInsufficient,def,formalization/lean/FoundationsVII/Enablement/Separation.lean,30,48,8faedc85161e8a4676809b73f75a1d94c2edd2576967ccd1e9927cb36dd4b446,52c1dc37848ead853424bf0684fb998e19c15c1c209d963fc8cfda82991bbc2d,PENDING_EXTERNAL_LEAN_REPLAY,"[""VII-C034""]"
FVII-SCI04-DECL-0166,FVII-SCI04-THM-0166,FoundationsVII.constructive_enablement_without_descent,constructive_enablement_without_descent,theorem,formalization/lean/FoundationsVII/Enablement/Separation.lean,49,54,cbd2ba624c268d7d6ddcd4b8c81ee7af51966b31896d15e749375a600194b734,97eb85853d4e57d58a39eebb0603d804edf812a73c37588b0629a6c92145fcdb,PENDING_EXTERNAL_LEAN_REPLAY,"[""VII-C034""]"
FVII-SCI04-DECL-0167,FVII-SCI04-THM-0167,FoundationsVII.constructive_necessary_but_insufficient_enablement,constructive_necessary_but_insufficient_enablement,theorem,formalization/lean/FoundationsVII/Enablement/Separation.lean,55,59,5b8d5857e44c841396a0a39f49f16733bfa428c29eeed02a2d6a69b1116094ad,c9130698b2dce2f42881c4c9446d74079133a6f629bf976e1e5a626f5015ef5b,PENDING_EXTERNAL_LEAN_REPLAY,"[""VII-C034""]"
FVII-SCI04-DECL-0168,FVII-SCI04-THM-0168,FoundationsVII.enablement_without_descent_need_not_be_causal,enablement_without_descent_need_not_be_causal,theorem,formalization/lean/FoundationsVII/Enablement/Separation.lean,60,63,3e7ef3c617c8e5569e8f41bdb05f85e2345de0aa42e2a6c918f01c4cdbc03da6,fcb8cdf6433d129d3629ffac2b11430b6f80a58efcd646a326516cca378b49d5,PENDING_EXTERNAL_LEAN_REPLAY,"[""VII-C034""]"
FVII-SCI04-DECL-0169,FVII-SCI04-THM-0169,FoundationsVII.necessary_enablement_does_not_imply_sufficiency,necessary_enablement_does_not_imply_sufficiency,theorem,formalization/lean/FoundationsVII/Enablement/Separation.lean,64,68,6e8b4dcc7045812926a03b57b43219e4508d9037999493fd25defcb262ecb1dc,626beb98705c312e7c404df2f08cd42a726fceae709a4d0b6a04c4a43dd61d93,PENDING_EXTERNAL_LEAN_REPLAY,"[""VII-C034""]"
FVII-SCI04-DECL-0170,FVII-SCI04-DEF-0170,FoundationsVII.Models.Finite.Phase4.FiniteEnablementSource,FiniteEnablementSource,inductive,formalization/lean/FoundationsVII/Models/Finite/Phase4/DynamicsEnvelope.lean,21,27,857bfd9a90a9d73ba8a0b1bb41687a25a0ea6a88bf697909ac4b59495b15ad23,3b48699ca07123b64fc64b3dc1ab6eeb6f7a361d35d9e7f0b3962075d9c78b8d,PENDING_EXTERNAL_LEAN_REPLAY,[]
FVII-SCI04-DECL-0171,FVII-SCI04-DEF-0171,FoundationsVII.Models.Finite.Phase4.AttributionCase,AttributionCase,structure,formalization/lean/FoundationsVII/Models/Finite/Phase4/DynamicsEnvelope.lean,28,39,819f25624ca4fdf5dea00caafffc24a9e99e278d5ff25c0588e108584fbefaa3,819f25624ca4fdf5dea00caafffc24a9e99e278d5ff25c0588e108584fbefaa3,PENDING_EXTERNAL_LEAN_REPLAY,"[""VII-C012""]"
FVII-SCI04-DECL-0172,FVII-SCI04-DEF-0172,FoundationsVII.Models.Finite.Phase4.attributionLaw,attributionLaw,def,formalization/lean/FoundationsVII/Models/Finite/Phase4/DynamicsEnvelope.lean,40,44,f4cb3c39936ca04d07bdd67e8e697ca8c3e4cf0f5fa8af10ec39ba74247851b6,cfbad23e2b841b2a1baf1795ab0a1b68a698dd25996a420157ff5ee8003c4dca,PENDING_EXTERNAL_LEAN_REPLAY,"[""VII-C012""]"
FVII-SCI04-DECL-0173,FVII-SCI04-DEF-0173,FoundationsVII.Models.Finite.Phase4.allAttributionCases,allAttributionCases,def,formalization/lean/FoundationsVII/Models/Finite/Phase4/DynamicsEnvelope.lean,45,57,601d875a90002366bbb45d05c3f1c64252c7cec22f7659243bdd05af76882ccb,884731d1ae396c6eb73c922b0f74462fac8bb7f731ec7fa1bb5ddb660f3988ea,PENDING_EXTERNAL_LEAN_REPLAY,[]
FVII-SCI04-DECL-0174,FVII-SCI04-THM-0174,FoundationsVII.Models.Finite.Phase4.attribution_raw_cardinality,attribution_raw_cardinality,theorem,formalization/lean/FoundationsVII/Models/Finite/Phase4/DynamicsEnvelope.lean,58,59,e88b734f9810404b90191bf497738f943612957e84eddd8573e24c949fc78b23,5767e8a6ab78e417a74dfcd583dc37368fecef9a60c12d4b66eee0572d651fae,PENDING_EXTERNAL_LEAN_REPLAY,"[""VII-C012""]"
FVII-SCI04-DECL-0175,FVII-SCI04-THM-0175,FoundationsVII.Models.Finite.Phase4.attribution_accepted_cardinality,attribution_accepted_cardinality,theorem,formalization/lean/FoundationsVII/Models/Finite/Phase4/DynamicsEnvelope.lean,60,62,880549e8b9f07415325c952818b5d7af4183ea8a03c77686eef14d86f420f4c6,66fcd2df8de58524981ce06a50e78745dc83a97336b903eacadf806a9825916d,PENDING_EXTERNAL_LEAN_REPLAY,"[""VII-C012""]"
FVII-SCI04-DECL-0176,FVII-SCI04-THM-0176,FoundationsVII.Models.Finite.Phase4.attribution_exhaustive,attribution_exhaustive,theorem,formalization/lean/FoundationsVII/Models/Finite/Phase4/DynamicsEnvelope.lean,63,67,be9f345d442ba2be8e918c15be7fca483dbf98f667f4699b5c5dc2428df47936,239e1a66c065f7185b18eb7441bdd7aeaa25aa75f5f7267c4035f682f2a024c0,PENDING_EXTERNAL_LEAN_REPLAY,"[""VII-C012""]"
FVII-SCI04-DECL-0177,FVII-SCI04-DEF-0177,FoundationsVII.Models.Finite.Phase4.EndogenousCase,EndogenousCase,structure,formalization/lean/FoundationsVII/Models/Finite/Phase4/DynamicsEnvelope.lean,68,81,befd41f01c73a4a4eb7c81ca0680e801e3896a5ae5cf6a7e3a889f46d5831438,befd41f01c73a4a4eb7c81ca0680e801e3896a5ae5cf6a7e3a889f46d5831438,PENDING_EXTERNAL_LEAN_REPLAY,"[""VII-C013""]"
FVII-SCI04-DECL-0178,FVII-SCI04-DEF-0178,FoundationsVII.Models.Finite.Phase4.endogenousExact,endogenousExact,def,formalization/lean/FoundationsVII/Models/Finite/Phase4/DynamicsEnvelope.lean,82,86,aef3be5c3a343c586e3d16f5476529df9eea4a46c5eeb78880bec387a7d6b206,0f7ca7167b35efc493ca7ed63c3814644743ac88ca324d2d8ce3479dcf921014,PENDING_EXTERNAL_LEAN_REPLAY,"[""VII-C013""]"
FVII-SCI04-DECL-0179,FVII-SCI04-DEF-0179,FoundationsVII.Models.Finite.Phase4.endogenousLaw,endogenousLaw,def,formalization/lean/FoundationsVII/Models/Finite/Phase4/DynamicsEnvelope.lean,87,89,24d28b798a43f15756ce21e5dbd90fa6f60b42eb082f10fb054d3ba92b4b5d32,97784ce44f4a3abd87794208e21e9ed8766a27259f1722463b231aeb1d76e566,PENDING_EXTERNAL_LEAN_REPLAY,"[""VII-C013""]"
FVII-SCI04-DECL-0180,FVII-SCI04-DEF-0180,FoundationsVII.Models.Finite.Phase4.allEndogenousCases,allEndogenousCases,def,formalization/lean/FoundationsVII/Models/Finite/Phase4/DynamicsEnvelope.lean,90,105,4fbbdfb38e6eb473cb47c90e42996cf69a6d61f21470fcd71eb8be44c58dcd7a,2d0fd2c2fcc582df76185e0d93f203dd7ed073c7e747edf16cdce55228729bf6,PENDING_EXTERNAL_LEAN_REPLAY,[]
FVII-SCI04-DECL-0181,FVII-SCI04-THM-0181,FoundationsVII.Models.Finite.Phase4.endogenous_raw_cardinality,endogenous_raw_cardinality,theorem,formalization/lean/FoundationsVII/Models/Finite/Phase4/DynamicsEnvelope.lean,106,107,311af68bc95c87be5b546786da13db2104084f2caca2ece45b3293d8fd07008b,61858e95ddf0205e2a9f74a77e16526fd58734cb22a0d51836f0ca36f9df954a,PENDING_EXTERNAL_LEAN_REPLAY,"[""VII-C013""]"
FVII-SCI04-DECL-0182,FVII-SCI04-THM-0182,FoundationsVII.Models.Finite.Phase4.endogenous_accepted_cardinality,endogenous_accepted_cardinality,theorem,formalization/lean/FoundationsVII/Models/Finite/Phase4/DynamicsEnvelope.lean,108,110,5954e51b04bbae9b3f5bbe3c7902d694042689d8adcd036e9c84e133548dbe23,2161b8f3fe5a793c323d4363e84cb2b5d90442db925b657529f98db8607e1c48,PENDING_EXTERNAL_LEAN_REPLAY,"[""VII-C013""]"
FVII-SCI04-DECL-0183,FVII-SCI04-THM-0183,FoundationsVII.Models.Finite.Phase4.endogenous_exhaustive,endogenous_exhaustive,theorem,formalization/lean/FoundationsVII/Models/Finite/Phase4/DynamicsEnvelope.lean,111,115,1c553916cff7ccdd0fe7f20fa53ff258ce3cd2611829c3d643e19d2247e73987,d6119e00b4ffd2ece51c487f802cc80b74c49f51153d8ba87d85b9b58c6e251a,PENDING_EXTERNAL_LEAN_REPLAY,"[""VII-C013""]"
FVII-SCI04-DECL-0184,FVII-SCI04-DEF-0184,FoundationsVII.Models.Finite.Phase4.FiniteClosureAgency,FiniteClosureAgency,inductive,formalization/lean/FoundationsVII/Models/Finite/Phase4/DynamicsEnvelope.lean,116,119,82664dc1e281290cf6c17700d3c261530adf2a2fb56e3dfa3cef25317b73684c,82664dc1e281290cf6c17700d3c261530adf2a2fb56e3dfa3cef25317b73684c,PENDING_EXTERNAL_LEAN_REPLAY,[]
FVII-SCI04-DECL-0185,FVII-SCI04-DEF-0185,FoundationsVII.Models.Finite.Phase4.FiniteBirthOutcome,FiniteBirthOutcome,inductive,formalization/lean/FoundationsVII/Models/Finite/Phase4/DynamicsEnvelope.lean,120,128,f5d7a3884ee2fe1f1a87b6a40da548ec091b28868052862e7b9ea58a62f02022,de9f9dda13015a99a1c256dc2cfb71abb34611435d41fb4e6ef405d6c6ed489a,PENDING_EXTERNAL_LEAN_REPLAY,[]
FVII-SCI04-DECL-0186,FVII-SCI04-DEF-0186,FoundationsVII.Models.Finite.Phase4.BirthCase,BirthCase,structure,formalization/lean/FoundationsVII/Models/Finite/Phase4/DynamicsEnvelope.lean,129,139,4798898b8f44eab092d299dfebadee001afe6b8567f8ecdcb22177752f0c007f,4798898b8f44eab092d299dfebadee001afe6b8567f8ecdcb22177752f0c007f,PENDING_EXTERNAL_LEAN_REPLAY,"[""VII-C014""]"
FVII-SCI04-DECL-0187,FVII-SCI04-DEF-0187,FoundationsVII.Models.Finite.Phase4.birthLaw,birthLaw,def,formalization/lean/FoundationsVII/Models/Finite/Phase4/DynamicsEnvelope.lean,140,149,c60cea7548c4640f206dd9308d21b335a26176c6f001b46140b944a5b0d8f8bc,7180e9fd4c7a5aee74351e0cc0a47ec1edc35c0e08c0c8481e694dc62ab0faa8,PENDING_EXTERNAL_LEAN_REPLAY,"[""VII-C014""]"
FVII-SCI04-DECL-0188,FVII-SCI04-DEF-0188,FoundationsVII.Models.Finite.Phase4.allBirthCases,allBirthCases,def,formalization/lean/FoundationsVII/Models/Finite/Phase4/DynamicsEnvelope.lean,150,161,65a7b82d2ea78ab9a95cebfd9a267005f791d09d1f5b0dc747c5912531c706e2,74826cc77d4cad9696a73899cf1a835726c99e76311d2e1c4938dc00f33ce456,PENDING_EXTERNAL_LEAN_REPLAY,[]
FVII-SCI04-DECL-0189,FVII-SCI04-THM-0189,FoundationsVII.Models.Finite.Phase4.birth_raw_cardinality,birth_raw_cardinality,theorem,formalization/lean/FoundationsVII/Models/Finite/Phase4/DynamicsEnvelope.lean,162,163,c0ed984aff76b219260dc523c0183f0bef29b9af49b950c80d81502a480dec01,e1434d6e45b85b1b7cf7a84627aa566ca6ed0caf3115697d40c6f790e795d566,PENDING_EXTERNAL_LEAN_REPLAY,"[""VII-C014""]"
FVII-SCI04-DECL-0190,FVII-SCI04-THM-0190,FoundationsVII.Models.Finite.Phase4.birth_accepted_cardinality,birth_accepted_cardinality,theorem,formalization/lean/FoundationsVII/Models/Finite/Phase4/DynamicsEnvelope.lean,164,166,048279c75f13f75e6b97450331e6597f59cb6c05998f21f6ada60dcd4c9ef127,987a8a1696b64c1e0d95759bf6e98f08408479a5f69975743e9265b5951fd8d9,PENDING_EXTERNAL_LEAN_REPLAY,"[""VII-C014""]"
FVII-SCI04-DECL-0191,FVII-SCI04-THM-0191,FoundationsVII.Models.Finite.Phase4.birth_exhaustive,birth_exhaustive,theorem,formalization/lean/FoundationsVII/Models/Finite/Phase4/DynamicsEnvelope.lean,167,171,c0b77fff5147286425c4e7f26df1cf1215233b1ec37df368c7c118e8224a3458,a3f4755def731e831f8bac969579a40f216b286ac5b0eb7fb2e7b638d4d82dd0,PENDING_EXTERNAL_LEAN_REPLAY,"[""VII-C014""]"
FVII-SCI04-DECL-0192,FVII-SCI04-DEF-0192,FoundationsVII.Models.Finite.Phase4.FiniteTransmissionDirection,FiniteTransmissionDirection,inductive,formalization/lean/FoundationsVII/Models/Finite/Phase4/DynamicsEnvelope.lean,172,178,6f30a84398bf68f97f9ce5e73b05e21ff8dc85a8f335613a695b4018d47ed3ff,b1aac4c132a6619a07f2cd5a47f16dc2eb587cfa8861590c55c73917bcc5a222,PENDING_EXTERNAL_LEAN_REPLAY,[]
FVII-SCI04-DECL-0193,FVII-SCI04-DEF-0193,FoundationsVII.Models.Finite.Phase4.TransmissionCase,TransmissionCase,structure,formalization/lean/FoundationsVII/Models/Finite/Phase4/DynamicsEnvelope.lean,179,193,9905bc05e75de3d6dbbe1f350a04ad708ead2fcc971d74e856cbeb6ea3b83e7c,9905bc05e75de3d6dbbe1f350a04ad708ead2fcc971d74e856cbeb6ea3b83e7c,PENDING_EXTERNAL_LEAN_REPLAY,"[""VII-C015""]"
FVII-SCI04-DECL-0194,FVII-SCI04-DEF-0194,FoundationsVII.Models.Finite.Phase4.transmissionLaw,transmissionLaw,def,formalization/lean/FoundationsVII/Models/Finite/Phase4/DynamicsEnvelope.lean,194,201,c232ad8814d85d8a508bcb4703dbc7230b526511786d3ae55c9e7bdf8d5cb0d5,87633bbf35ad2dbfb0b88ce5b38f1bdf2d6fac4d966b82f4755b68985c5ab1ee,PENDING_EXTERNAL_LEAN_REPLAY,"[""VII-C015""]"
FVII-SCI04-DECL-0195,FVII-SCI04-DEF-0195,FoundationsVII.Models.Finite.Phase4.allTransmissionCases,allTransmissionCases,def,formalization/lean/FoundationsVII/Models/Finite/Phase4/DynamicsEnvelope.lean,202,218,c39c513054cdade7108fb760c22452858bb839186e5dcc9d480e8a338acfc6df,2764321096eb90672ecf1d529eed2eab84ce948fe1809c5cfacc994a7d0dd8f7,PENDING_EXTERNAL_LEAN_REPLAY,[]
FVII-SCI04-DECL-0196,FVII-SCI04-THM-0196,FoundationsVII.Models.Finite.Phase4.transmission_raw_cardinality,transmission_raw_cardinality,theorem,formalization/lean/FoundationsVII/Models/Finite/Phase4/DynamicsEnvelope.lean,219,220,691adb6fde23ec850e4a85d787fbf5c22c0afdb9119891e3c90d2d8aaf3a058e,6ed9ac3400c2fef25b9aae08ee158b4426ff37b5ac3011e32d7dfe7edabe09cc,PENDING_EXTERNAL_LEAN_REPLAY,"[""VII-C015""]"
FVII-SCI04-DECL-0197,FVII-SCI04-THM-0197,FoundationsVII.Models.Finite.Phase4.transmission_accepted_cardinality,transmission_accepted_cardinality,theorem,formalization/lean/FoundationsVII/Models/Finite/Phase4/DynamicsEnvelope.lean,221,223,c1cb0e3f2a8695cc76bf0ee454c98264eb3716b3054b50030fe0dfa3f8f07acc,3068ddb1edfc6fd1666603ccac4766fa1d47de2bcad90e6576af882da85796b8,PENDING_EXTERNAL_LEAN_REPLAY,"[""VII-C015""]"
FVII-SCI04-DECL-0198,FVII-SCI04-THM-0198,FoundationsVII.Models.Finite.Phase4.transmission_exhaustive,transmission_exhaustive,theorem,formalization/lean/FoundationsVII/Models/Finite/Phase4/DynamicsEnvelope.lean,224,228,ae06c5f707de91b56a3345b9a305169131a25398ea0273c367947d749ebba67a,1180e3b2317739d2acdacb775b28adb7a1cb2daa914dcc87e7ad81622fcf4d30,PENDING_EXTERNAL_LEAN_REPLAY,"[""VII-C015""]"
FVII-SCI04-DECL-0199,FVII-SCI04-DEF-0199,FoundationsVII.Models.Finite.Phase4.SeparationCase,SeparationCase,structure,formalization/lean/FoundationsVII/Models/Finite/Phase4/DynamicsEnvelope.lean,229,240,cf3fe969613ae343e2a366f54d746e6eb3a1a6388919dc709bb9d3e837c15ee0,cf3fe969613ae343e2a366f54d746e6eb3a1a6388919dc709bb9d3e837c15ee0,PENDING_EXTERNAL_LEAN_REPLAY,"[""VII-C034""]"
FVII-SCI04-DECL-0200,FVII-SCI04-DEF-0200,FoundationsVII.Models.Finite.Phase4.separationLaw,separationLaw,def,formalization/lean/FoundationsVII/Models/Finite/Phase4/DynamicsEnvelope.lean,241,245,3fce0ab4c58fd83e6978cb33c039148f0ca613d25048deff09938a9f6dd1f34e,af603f8f07f5b258d58b8e701c3f16b70e9a07fe949fb442b0b6c25215110e46,PENDING_EXTERNAL_LEAN_REPLAY,"[""VII-C034""]"
FVII-SCI04-DECL-0201,FVII-SCI04-DEF-0201,FoundationsVII.Models.Finite.Phase4.allSeparationCases,allSeparationCases,def,formalization/lean/FoundationsVII/Models/Finite/Phase4/DynamicsEnvelope.lean,246,259,39c118265e111c148c66d6167000d996cef4ae60eaa31421aa9566e7c1063655,45af0652894505d8b6269927cec56453df9490c4bc6a106e4d4a80fa5eb6d316,PENDING_EXTERNAL_LEAN_REPLAY,[]
FVII-SCI04-DECL-0202,FVII-SCI04-THM-0202,FoundationsVII.Models.Finite.Phase4.separation_raw_cardinality,separation_raw_cardinality,theorem,formalization/lean/FoundationsVII/Models/Finite/Phase4/DynamicsEnvelope.lean,260,261,42118c1b1b7d8bb6276dbde03f396bf11cdb41cce9725651d8d578760e65288e,eb345dc6ef94ebdcb1883f8fbb79df348a3044ba75d5b4da3113de22c53aecf2,PENDING_EXTERNAL_LEAN_REPLAY,"[""VII-C034""]"
FVII-SCI04-DECL-0203,FVII-SCI04-THM-0203,FoundationsVII.Models.Finite.Phase4.separation_accepted_cardinality,separation_accepted_cardinality,theorem,formalization/lean/FoundationsVII/Models/Finite/Phase4/DynamicsEnvelope.lean,262,264,c3eeacd3c1c54425102de6d3ccc312425c41b4231cb14ad0051e550d03d62b01,8d4bd60bc378172a49c4dc6c45b9e48eae5a22959e3cbc1538e77a9ea3047504,PENDING_EXTERNAL_LEAN_REPLAY,"[""VII-C034""]"
FVII-SCI04-DECL-0204,FVII-SCI04-THM-0204,FoundationsVII.Models.Finite.Phase4.separation_exhaustive,separation_exhaustive,theorem,formalization/lean/FoundationsVII/Models/Finite/Phase4/DynamicsEnvelope.lean,265,269,266068587f28899ac45ffa46eabda0673525377a43f291eda98386c3c0b5252b,cefe1e47b482bcf0e9b2cbc5fe1a4896891cc4b43b4de082302289446b926539,PENDING_EXTERNAL_LEAN_REPLAY,"[""VII-C034""]"
FVII-SCI04-DECL-0205,FVII-SCI04-DEF-0205,FoundationsVII.Models.Finite.Phase4.CompositionCase,CompositionCase,structure,formalization/lean/FoundationsVII/Models/Finite/Phase4/DynamicsEnvelope.lean,270,285,deba3af4e79b1a03f9d1d04e8fa74f062053bf87a3feafadf0a3324a951f321c,deba3af4e79b1a03f9d1d04e8fa74f062053bf87a3feafadf0a3324a951f321c,PENDING_EXTERNAL_LEAN_REPLAY,"[""VII-C027""]"
FVII-SCI04-DECL-0206,FVII-SCI04-DEF-0206,FoundationsVII.Models.Finite.Phase4.compositionLaw,compositionLaw,def,formalization/lean/FoundationsVII/Models/Finite/Phase4/DynamicsEnvelope.lean,286,291,2106dabe6cec92f70ef5a7255d39990f3d13b87c9e6c9d83d775a5047af2ef0b,7bd734b40e3ba311a828ae3c7c941bc85c6acc5fec9397cda3e6c02d4e71d5e5,PENDING_EXTERNAL_LEAN_REPLAY,"[""VII-C027""]"
FVII-SCI04-DECL-0207,FVII-SCI04-DEF-0207,FoundationsVII.Models.Finite.Phase4.allCompositionCases,allCompositionCases,def,formalization/lean/FoundationsVII/Models/Finite/Phase4/DynamicsEnvelope.lean,292,309,6ceb93b392b04cb713140bcce623d2a0b23b192828b35876fa7f513bed1ac591,af20ed0c452e7133876ca47bc7ba7002ea1782341d3d6742d65f7db41817f24d,PENDING_EXTERNAL_LEAN_REPLAY,[]
FVII-SCI04-DECL-0208,FVII-SCI04-THM-0208,FoundationsVII.Models.Finite.Phase4.composition_raw_cardinality,composition_raw_cardinality,theorem,formalization/lean/FoundationsVII/Models/Finite/Phase4/DynamicsEnvelope.lean,310,311,80251c7c9a50d09203605b0be72b56d783b8afc48c2cae5917736c47c86e4de3,8a86c4bba6397fa12a09f676222f0b6bb79449c263648e3df63f7abb5fd03dda,PENDING_EXTERNAL_LEAN_REPLAY,"[""VII-C027""]"
FVII-SCI04-DECL-0209,FVII-SCI04-THM-0209,FoundationsVII.Models.Finite.Phase4.composition_accepted_cardinality,composition_accepted_cardinality,theorem,formalization/lean/FoundationsVII/Models/Finite/Phase4/DynamicsEnvelope.lean,312,314,21422c05d936715b2e4fef74897d1674a202906a8388d6e03beae51d6a2c0447,ed8755b7d38a0c2fee217a9c14f8de970aebdc55a453ce52b88958685b29f7d5,PENDING_EXTERNAL_LEAN_REPLAY,"[""VII-C027""]"
FVII-SCI04-DECL-0210,FVII-SCI04-THM-0210,FoundationsVII.Models.Finite.Phase4.composition_exhaustive,composition_exhaustive,theorem,formalization/lean/FoundationsVII/Models/Finite/Phase4/DynamicsEnvelope.lean,315,319,c57e78c59d37e47998b48c98aefbb732a9958c42e8ac57e66a7b26beb9cacdac,d5c8ddfbe678f461a1982decad5edaab194473addb650bebe91897046c83c547,PENDING_EXTERNAL_LEAN_REPLAY,"[""VII-C027""]"
FVII-SCI04-DECL-0211,FVII-SCI04-DEF-0211,FoundationsVII.Models.Finite.Phase4.ConfluenceCase,ConfluenceCase,structure,formalization/lean/FoundationsVII/Models/Finite/Phase4/DynamicsEnvelope.lean,320,328,e70d9254b6ac16af7ad5261810986573646066826ef02008df57c29bb59991b0,e70d9254b6ac16af7ad5261810986573646066826ef02008df57c29bb59991b0,PENDING_EXTERNAL_LEAN_REPLAY,"[""VII-C018""]"
FVII-SCI04-DECL-0212,FVII-SCI04-DEF-0212,FoundationsVII.Models.Finite.Phase4.confluenceLaw,confluenceLaw,def,formalization/lean/FoundationsVII/Models/Finite/Phase4/DynamicsEnvelope.lean,329,331,ad6853eac4054724baaed61391ffc967eddbe4d160a56133f5192f85fdf880e1,d4214853e726612d351dd34e4085d33da4739d0c35bf7fc37894f58ddfee6b3b,PENDING_EXTERNAL_LEAN_REPLAY,"[""VII-C018""]"
FVII-SCI04-DECL-0213,FVII-SCI04-DEF-0213,FoundationsVII.Models.Finite.Phase4.allConfluenceCases,allConfluenceCases,def,formalization/lean/FoundationsVII/Models/Finite/Phase4/DynamicsEnvelope.lean,332,341,5ddbf56965d5d02a46584e5e8f5d55a8fcf72228d39cdbad28a299eee5f0b973,89bc218bba195069930a1449953732df14948a068bbebb0b98cb3c4db8f26133,PENDING_EXTERNAL_LEAN_REPLAY,[]
FVII-SCI04-DECL-0214,FVII-SCI04-THM-0214,FoundationsVII.Models.Finite.Phase4.confluence_raw_cardinality,confluence_raw_cardinality,theorem,formalization/lean/FoundationsVII/Models/Finite/Phase4/DynamicsEnvelope.lean,342,343,5e0cd166cf0d31e4632aa5c455b6524c9f6a099ae3d9cc9c220b5656802950ed,a125ece5925ec8ea4438bf795faa0427cbeb67774d72a5bdcddaf8b3749c5143,PENDING_EXTERNAL_LEAN_REPLAY,"[""VII-C018""]"
FVII-SCI04-DECL-0215,FVII-SCI04-THM-0215,FoundationsVII.Models.Finite.Phase4.confluence_accepted_cardinality,confluence_accepted_cardinality,theorem,formalization/lean/FoundationsVII/Models/Finite/Phase4/DynamicsEnvelope.lean,344,346,9701fba3f3a986b3da6bdcf8e00ad2c44bcebe05c6dcf16c853d7cdf2b0a6f33,18c1cb1cde8de78ab8207c2a5e85a37372277ff1ff753f32175853511818ee8f,PENDING_EXTERNAL_LEAN_REPLAY,"[""VII-C018""]"
FVII-SCI04-DECL-0216,FVII-SCI04-THM-0216,FoundationsVII.Models.Finite.Phase4.confluence_exhaustive,confluence_exhaustive,theorem,formalization/lean/FoundationsVII/Models/Finite/Phase4/DynamicsEnvelope.lean,347,351,e8d5e7345683aec0f935349a13a62fce169d329f7f8afd9cb2f2646dd79a472d,831256d44391a0bf3f2eaf03a1ee091e41ff989959b4d9a927f3545bf5ea1296,PENDING_EXTERNAL_LEAN_REPLAY,"[""VII-C018""]"
FVII-SCI04-DECL-0217,FVII-SCI04-DEF-0217,FoundationsVII.Models.Finite.Phase4.SeedCase,SeedCase,structure,formalization/lean/FoundationsVII/Models/Finite/Phase4/DynamicsEnvelope.lean,352,360,d6dc3d8c0f7073347101c8afe5991dc8e6b207fc9a68b4d145bfeda8247ea6eb,d6dc3d8c0f7073347101c8afe5991dc8e6b207fc9a68b4d145bfeda8247ea6eb,PENDING_EXTERNAL_LEAN_REPLAY,"[""VII-C018""]"
FVII-SCI04-DECL-0218,FVII-SCI04-DEF-0218,FoundationsVII.Models.Finite.Phase4.seedLaw,seedLaw,def,formalization/lean/FoundationsVII/Models/Finite/Phase4/DynamicsEnvelope.lean,361,366,0157195708c33a188aa889fa1355d6e54f7fde50a8b338ca345df4f6c8c9ef42,ac18515fe66136554cf66947f4d8d46042ee034ded867c90f99cbc38a390f2ae,PENDING_EXTERNAL_LEAN_REPLAY,"[""VII-C018""]"
FVII-SCI04-DECL-0219,FVII-SCI04-DEF-0219,FoundationsVII.Models.Finite.Phase4.allSeedCases,allSeedCases,def,formalization/lean/FoundationsVII/Models/Finite/Phase4/DynamicsEnvelope.lean,367,376,54585b9e18bf86ed26e3a1e24903a3a09a2943738808d14e306e4f79ddb63de0,86c0bb60bc1fbaf9fedbf80bc2704eab924a911dc90dc88e765c79e2525ad4cd,PENDING_EXTERNAL_LEAN_REPLAY,[]
FVII-SCI04-DECL-0220,FVII-SCI04-THM-0220,FoundationsVII.Models.Finite.Phase4.seed_raw_cardinality,seed_raw_cardinality,theorem,formalization/lean/FoundationsVII/Models/Finite/Phase4/DynamicsEnvelope.lean,377,378,1071e671370149ff6bb14cc7203cb0edf03b40f734d0a04a31300fd9b24f3272,d7880f3bfe9bacb7cb9603c14e4a58294631f1f03eec1baf7595d622591f9e00,PENDING_EXTERNAL_LEAN_REPLAY,"[""VII-C018""]"
FVII-SCI04-DECL-0221,FVII-SCI04-THM-0221,FoundationsVII.Models.Finite.Phase4.seed_accepted_cardinality,seed_accepted_cardinality,theorem,formalization/lean/FoundationsVII/Models/Finite/Phase4/DynamicsEnvelope.lean,379,381,212795af8556b9a94d44cfeae155e7507a8ef6013b61e3c46fb63402ef1a2bf8,fec94a6c996cb09ca45cf0d0ba1cf9f809d8af0b0be1c14e866a29323a3bbb55,PENDING_EXTERNAL_LEAN_REPLAY,"[""VII-C018""]"
FVII-SCI04-DECL-0222,FVII-SCI04-THM-0222,FoundationsVII.Models.Finite.Phase4.seed_exhaustive,seed_exhaustive,theorem,formalization/lean/FoundationsVII/Models/Finite/Phase4/DynamicsEnvelope.lean,382,386,a1dfb3ec4083a06634b915cf979e16053c2946fb5b0e5f56bab9030140a20000,1cc4d0ba15406680583ed0e354e7376c60fd34dea6b441ce07dae169dd8f1a22,PENDING_EXTERNAL_LEAN_REPLAY,"[""VII-C018""]"
FVII-SCI04-DECL-0223,FVII-SCI04-DEF-0223,FoundationsVII.Models.Finite.Phase4.HolonomyCase,HolonomyCase,structure,formalization/lean/FoundationsVII/Models/Finite/Phase4/DynamicsEnvelope.lean,387,399,13dda3c79c4efe91dd3a5af71a340f0142404dadb84d906d45f9b4a79908e94d,13dda3c79c4efe91dd3a5af71a340f0142404dadb84d906d45f9b4a79908e94d,PENDING_EXTERNAL_LEAN_REPLAY,"[""VII-C017""]"
FVII-SCI04-DECL-0224,FVII-SCI04-DEF-0224,FoundationsVII.Models.Finite.Phase4.holonomyLaw,holonomyLaw,def,formalization/lean/FoundationsVII/Models/Finite/Phase4/DynamicsEnvelope.lean,400,406,82f8f07fa78048fdfb026c90e7be40b0d258e8f149f3ba94da46d1cf0cf5fabf,eeb2acbeaa1a82fd1d49fb61ac610cdc34303c71aab793cd5b195b82bae7a0cd,PENDING_EXTERNAL_LEAN_REPLAY,"[""VII-C017""]"
FVII-SCI04-DECL-0225,FVII-SCI04-DEF-0225,FoundationsVII.Models.Finite.Phase4.allHolonomyCases,allHolonomyCases,def,formalization/lean/FoundationsVII/Models/Finite/Phase4/DynamicsEnvelope.lean,407,420,ac5074f49ee78e1f0e537bce24ddc86d8553e495b6f95b5c151872055de3852a,6d0c0839ccf23bfea7854f553b1b85966300e22705fe7fce2f70636a039cf6e5,PENDING_EXTERNAL_LEAN_REPLAY,[]
FVII-SCI04-DECL-0226,FVII-SCI04-THM-0226,FoundationsVII.Models.Finite.Phase4.holonomy_raw_cardinality,holonomy_raw_cardinality,theorem,formalization/lean/FoundationsVII/Models/Finite/Phase4/DynamicsEnvelope.lean,421,422,df616f8d638f97efcfd25bf637c2462f0e239650bf9ac714d04609b730f502c0,a72354da1a21fed2422b1d7d85d1f18736660239e9b649b9ab956bc211df9838,PENDING_EXTERNAL_LEAN_REPLAY,"[""VII-C017""]"
FVII-SCI04-DECL-0227,FVII-SCI04-THM-0227,FoundationsVII.Models.Finite.Phase4.holonomy_accepted_cardinality,holonomy_accepted_cardinality,theorem,formalization/lean/FoundationsVII/Models/Finite/Phase4/DynamicsEnvelope.lean,423,425,831bc5a4bba44fb6e56eaac3d5180ff576cce9f43a0217ec5c649c0af49ffd73,67ab393ed1d2f235fd98dc049601ca9d379348ce86e08e071e178b507969bbb1,PENDING_EXTERNAL_LEAN_REPLAY,"[""VII-C017""]"
FVII-SCI04-DECL-0228,FVII-SCI04-THM-0228,FoundationsVII.Models.Finite.Phase4.holonomy_exhaustive,holonomy_exhaustive,theorem,formalization/lean/FoundationsVII/Models/Finite/Phase4/DynamicsEnvelope.lean,426,430,cd81cc1b7f2113f27784fca6aafc2c8e968675c7245016709b9c1501bc71b358,88f805bce24d0e2c68aed2c68d209e5a620ed56bb904d4098f043afb5f6bfe45,PENDING_EXTERNAL_LEAN_REPLAY,"[""VII-C017""]"
FVII-SCI04-DECL-0229,FVII-SCI04-DEF-0229,FoundationsVII.Models.Finite.Phase4.ArrowCase,ArrowCase,structure,formalization/lean/FoundationsVII/Models/Finite/Phase4/DynamicsEnvelope.lean,431,440,860b20819de32a813daa9e11deaac2169379d7c7c38ebacef881316070165db5,860b20819de32a813daa9e11deaac2169379d7c7c38ebacef881316070165db5,PENDING_EXTERNAL_LEAN_REPLAY,"[""VII-C017"",""VII-C032""]"
FVII-SCI04-DECL-0230,FVII-SCI04-DEF-0230,FoundationsVII.Models.Finite.Phase4.arrowLaw,arrowLaw,def,formalization/lean/FoundationsVII/Models/Finite/Phase4/DynamicsEnvelope.lean,441,444,098732285a777de18eff97480b91a506701b0cb430d3c27948aa194a1c15a207,71c9fd0d23b0695a2b3e7de7aebd8759b96802f56acbbc77ffc9ed2f5aade8ab,PENDING_EXTERNAL_LEAN_REPLAY,"[""VII-C017"",""VII-C032""]"
FVII-SCI04-DECL-0231,FVII-SCI04-DEF-0231,FoundationsVII.Models.Finite.Phase4.allArrowCases,allArrowCases,def,formalization/lean/FoundationsVII/Models/Finite/Phase4/DynamicsEnvelope.lean,445,455,fc9047544214bb95bac36132c2c71145ce340255b978e3a92f3ec2a1018d05e6,5f31e876dea2bf3b85ded8c9a682e75a6c44dd087590dd229c2be1de4d302aca,PENDING_EXTERNAL_LEAN_REPLAY,[]
FVII-SCI04-DECL-0232,FVII-SCI04-THM-0232,FoundationsVII.Models.Finite.Phase4.arrow_raw_cardinality,arrow_raw_cardinality,theorem,formalization/lean/FoundationsVII/Models/Finite/Phase4/DynamicsEnvelope.lean,456,457,2fc70fea0cdca7518fdf38211ae70e1f4eb7baffa6796044045d0b9dfd4d33bb,4c266147b084c69c4e3cbbb4097b8f098a500f37b6d16b6159053d1f65cf1be3,PENDING_EXTERNAL_LEAN_REPLAY,"[""VII-C017"",""VII-C032""]"
FVII-SCI04-DECL-0233,FVII-SCI04-THM-0233,FoundationsVII.Models.Finite.Phase4.arrow_accepted_cardinality,arrow_accepted_cardinality,theorem,formalization/lean/FoundationsVII/Models/Finite/Phase4/DynamicsEnvelope.lean,458,460,d2426408f71078d3f189dcce932eaa7adffbcda40b354075e34800b685c3633f,bffb01872b5a14dbfa01b8b5a144e97ea9b81babae34c3cf43366daeec58c4e5,PENDING_EXTERNAL_LEAN_REPLAY,"[""VII-C017"",""VII-C032""]"
FVII-SCI04-DECL-0234,FVII-SCI04-THM-0234,FoundationsVII.Models.Finite.Phase4.arrow_exhaustive,arrow_exhaustive,theorem,formalization/lean/FoundationsVII/Models/Finite/Phase4/DynamicsEnvelope.lean,461,473,527b13c3a253622cfb41c8efdb5ad94e407e9630ee5856fb2312f4592cf9f5e4,9d018575aa5eed6c52d377b3909a0c2a8e59c6bf378fae0b8afbb34279f02837,PENDING_EXTERNAL_LEAN_REPLAY,"[""VII-C017"",""VII-C032""]"
FVII-SCI04-DECL-0235,FVII-SCI04-THM-0235,FoundationsVII.Models.Finite.Phase4.finite_holonomy_zero_arrow_exists,finite_holonomy_zero_arrow_exists,theorem,formalization/lean/FoundationsVII/Models/Finite/Phase4/DynamicsEnvelope.lean,474,479,f8db604782806cf3c94af4bd7b06e720b33074f4d4513de2c6fbc6845c216eab,392cff1146d7cf229c2e779f1522aac90d7cf58d891519fd3b54dc33ec1f5fac,PENDING_EXTERNAL_LEAN_REPLAY,"[""VII-C017"",""VII-C032""]"
FVII-SCI04-DECL-0236,FVII-SCI04-THM-0236,FoundationsVII.Models.Finite.Phase4.finite_driven_arrow_exists,finite_driven_arrow_exists,theorem,formalization/lean/FoundationsVII/Models/Finite/Phase4/DynamicsEnvelope.lean,480,486,adc99a96c60f21c2a0741f1b52ec0d5ee362bc8fb6a26f7dcfdfdc24844afbce,7d1048f0360287758aaec02deee6446983420f98545e6969678e01726825d91b,PENDING_EXTERNAL_LEAN_REPLAY,"[""VII-C032""]"
FVII-SCI04-DECL-0237,FVII-SCI04-DEF-0237,FoundationsVII.Models.Finite.Phase4.FiniteTimeWitness,FiniteTimeWitness,inductive,formalization/lean/FoundationsVII/Models/Finite/Phase4/DynamicsEnvelope.lean,487,493,015615bb69310b6122634c0bfe47d0422c2ce165916330d1cc046669d38c7798,da1b8fd46879a756c16fca891dd545446c3cc9a790e2c53f16d135b09fa929c5,PENDING_EXTERNAL_LEAN_REPLAY,[]
FVII-SCI04-DECL-0238,FVII-SCI04-DEF-0238,FoundationsVII.Models.Finite.Phase4.CrossTimeCase,CrossTimeCase,structure,formalization/lean/FoundationsVII/Models/Finite/Phase4/DynamicsEnvelope.lean,494,504,16217d3cbb6eef9ddd9f02e8e0a1f684230d516c497ec5b6267e4d43254866ed,16217d3cbb6eef9ddd9f02e8e0a1f684230d516c497ec5b6267e4d43254866ed,PENDING_EXTERNAL_LEAN_REPLAY,"[""VII-C032""]"
FVII-SCI04-DECL-0239,FVII-SCI04-DEF-0239,FoundationsVII.Models.Finite.Phase4.crossTimeLaw,crossTimeLaw,def,formalization/lean/FoundationsVII/Models/Finite/Phase4/DynamicsEnvelope.lean,505,512,ec968fa67d1a84c040e65308a89fbe71823f96838fe2ef8b4749757291bc4630,099e6e79f0ea31f068ba76ae2d2a1877b980487c710c8bf3f1d83bd07852135a,PENDING_EXTERNAL_LEAN_REPLAY,"[""VII-C032""]"
FVII-SCI04-DECL-0240,FVII-SCI04-DEF-0240,FoundationsVII.Models.Finite.Phase4.allCrossTimeCases,allCrossTimeCases,def,formalization/lean/FoundationsVII/Models/Finite/Phase4/DynamicsEnvelope.lean,513,525,a4bcb06daff511ebdde63438e89f9af1adb32b83d1e04712fd21290a775f421c,58e9bec9319099ff6d158953da3f8cb9480b65667fd5fbc62514fff26c50c5c7,PENDING_EXTERNAL_LEAN_REPLAY,[]
FVII-SCI04-DECL-0241,FVII-SCI04-THM-0241,FoundationsVII.Models.Finite.Phase4.cross_time_raw_cardinality,cross_time_raw_cardinality,theorem,formalization/lean/FoundationsVII/Models/Finite/Phase4/DynamicsEnvelope.lean,526,527,b5debcc5cf806e9bd9068c4549931aab2311d9b0f50894aa15ed926b7a192a1b,91eb888e8ae9177e6d62042d02cb51c8c8a846bc105c5532e2b2424d0649a05b,PENDING_EXTERNAL_LEAN_REPLAY,"[""VII-C032""]"
FVII-SCI04-DECL-0242,FVII-SCI04-THM-0242,FoundationsVII.Models.Finite.Phase4.cross_time_accepted_cardinality,cross_time_accepted_cardinality,theorem,formalization/lean/FoundationsVII/Models/Finite/Phase4/DynamicsEnvelope.lean,528,530,8dff30c09919139ac778cb5dc283094ad5573147dace1c8ec2715c74a0ff179e,858b10eb841a8e8177d6c158368d5005956957843b5b88a7d921f4d109d0a28e,PENDING_EXTERNAL_LEAN_REPLAY,"[""VII-C032""]"
FVII-SCI04-DECL-0243,FVII-SCI04-THM-0243,FoundationsVII.Models.Finite.Phase4.cross_time_exhaustive,cross_time_exhaustive,theorem,formalization/lean/FoundationsVII/Models/Finite/Phase4/DynamicsEnvelope.lean,531,535,1c12b9f401cde96617ebd48fcd37534bf0e00b85438be738b46e9e9307eff3ef,7dd919f5a7ac616f179bf908c60d7be09de7ab77bda130b18184c67247a0a3ca,PENDING_EXTERNAL_LEAN_REPLAY,"[""VII-C032""]"
FVII-SCI04-DECL-0244,FVII-SCI04-DEF-0244,FoundationsVII.Models.Finite.Phase4.AlgebraCase,AlgebraCase,structure,formalization/lean/FoundationsVII/Models/Finite/Phase4/DynamicsEnvelope.lean,536,546,7ca0681c57687ebd99316c4a7d366a242e5d6c049a1543818572a8827ddfe7c9,7ca0681c57687ebd99316c4a7d366a242e5d6c049a1543818572a8827ddfe7c9,PENDING_EXTERNAL_LEAN_REPLAY,"[""VII-C028""]"
FVII-SCI04-DECL-0245,FVII-SCI04-DEF-0245,FoundationsVII.Models.Finite.Phase4.algebraLaw,algebraLaw,def,formalization/lean/FoundationsVII/Models/Finite/Phase4/DynamicsEnvelope.lean,547,552,c892c20a59b9afe15b6c90ce9de55cfa646a311212c60396ea0a93a18a092922,e0b0380e905211df95c805b489a762552d9e260a4e6da2a430a97395e52c1608,PENDING_EXTERNAL_LEAN_REPLAY,"[""VII-C028""]"
FVII-SCI04-DECL-0246,FVII-SCI04-DEF-0246,FoundationsVII.Models.Finite.Phase4.allAlgebraCases,allAlgebraCases,def,formalization/lean/FoundationsVII/Models/Finite/Phase4/DynamicsEnvelope.lean,553,565,9542bbc10c5352f7a160afda9eb3afe8edd8caee59e03c506ab2bae5632d1f3d,aef59934c76450cb9c3ca5d00972a48dd0e10393abb210da61d5ba1ff09194d9,PENDING_EXTERNAL_LEAN_REPLAY,[]
FVII-SCI04-DECL-0247,FVII-SCI04-THM-0247,FoundationsVII.Models.Finite.Phase4.algebra_raw_cardinality,algebra_raw_cardinality,theorem,formalization/lean/FoundationsVII/Models/Finite/Phase4/DynamicsEnvelope.lean,566,567,165875f88b53e7d07e5c10120a9bf3fe16b94eb14b8c6af0621ff7853a4147ca,299257cf108bb3eb66fd5224f4d9333838e729d6b519168a43dc492f7a4c060a,PENDING_EXTERNAL_LEAN_REPLAY,"[""VII-C028""]"
FVII-SCI04-DECL-0248,FVII-SCI04-THM-0248,FoundationsVII.Models.Finite.Phase4.algebra_accepted_cardinality,algebra_accepted_cardinality,theorem,formalization/lean/FoundationsVII/Models/Finite/Phase4/DynamicsEnvelope.lean,568,570,f4592857fcb54b48e45a13595ea9cc1bb12c77d38aa73b1b66a0593fa2ea2b07,8c0e687bf0e358c5e47bf8f1662f76bf3191d924ba939e6f614eabde743913be,PENDING_EXTERNAL_LEAN_REPLAY,"[""VII-C028""]"
FVII-SCI04-DECL-0249,FVII-SCI04-THM-0249,FoundationsVII.Models.Finite.Phase4.algebra_exhaustive,algebra_exhaustive,theorem,formalization/lean/FoundationsVII/Models/Finite/Phase4/DynamicsEnvelope.lean,571,574,a2bcc7b29f505d7533f0626ebd4b4ad7805a26e6359954931da1ab8024aa996d,4521d7d62385cfbd6b1dfcae741e46e156dceb026fb025229fa15bc0efdc8b74,PENDING_EXTERNAL_LEAN_REPLAY,"[""VII-C028""]"
FVII-SCI04-DECL-0250,FVII-SCI04-DEF-0250,FoundationsVII.Models.Finite.Phase4.Phase4Status,Phase4Status,inductive,formalization/lean/FoundationsVII/Models/Finite/Phase4/ScenarioChecks.lean,12,23,8ffb2cefaf73aaa11b0d9f64394007ddc2b2ac5e4b2b57c883c66a1948728611,8ffb2cefaf73aaa11b0d9f64394007ddc2b2ac5e4b2b57c883c66a1948728611,PENDING_EXTERNAL_LEAN_REPLAY,"[""VII-C012"",""VII-C013"",""VII-C014"",""VII-C015"",""VII-C017"",""VII-C018"",""VII-C027"",""VII-C028"",""VII-C032"",""VII-C034""]"
FVII-SCI04-DECL-0251,FVII-SCI04-DEF-0251,FoundationsVII.Models.Finite.Phase4.Phase4Profile,Phase4Profile,structure,formalization/lean/FoundationsVII/Models/Finite/Phase4/ScenarioChecks.lean,24,39,53745b4031db610a9dcdeff0c56de6eead039f328d896f2cada01d7dd404c0f3,46cdc9911aba60cd3adf053e7378896dcc79b23f89828b2d56c42b36093c3d79,PENDING_EXTERNAL_LEAN_REPLAY,"[""VII-C012"",""VII-C013"",""VII-C014"",""VII-C015"",""VII-C017"",""VII-C018"",""VII-C027"",""VII-C028"",""VII-C032"",""VII-C034""]"
FVII-SCI04-DECL-0252,FVII-SCI04-DEF-0252,FoundationsVII.Models.Finite.Phase4.classifyPhase4,classifyPhase4,def,formalization/lean/FoundationsVII/Models/Finite/Phase4/ScenarioChecks.lean,40,51,c37ebd6b88538c699d067e7f4ad3813690271d463a7641fe4d5781a142286252,de05a38e481dbcd68c9630ed9c7218c5e845ea4636533c746d94cc007ed3f046,PENDING_EXTERNAL_LEAN_REPLAY,"[""VII-C012"",""VII-C013"",""VII-C014"",""VII-C015"",""VII-C017"",""VII-C018"",""VII-C027"",""VII-C028"",""VII-C032"",""VII-C034""]"
FVII-SCI04-DECL-0253,FVII-SCI04-DEF-0253,FoundationsVII.Models.Finite.Phase4.Phase4Scenario,Phase4Scenario,structure,formalization/lean/FoundationsVII/Models/Finite/Phase4/ScenarioChecks.lean,52,57,3198a303d2ba22cbf9289de2dceb54db6f81984af001c2ce400fa5578405352c,3198a303d2ba22cbf9289de2dceb54db6f81984af001c2ce400fa5578405352c,PENDING_EXTERNAL_LEAN_REPLAY,"[""VII-C012"",""VII-C013"",""VII-C014"",""VII-C015"",""VII-C017"",""VII-C018"",""VII-C027"",""VII-C028"",""VII-C032"",""VII-C034""]"
FVII-SCI04-DECL-0254,FVII-SCI04-DEF-0254,FoundationsVII.Models.Finite.Phase4.scenarioPass,scenarioPass,def,formalization/lean/FoundationsVII/Models/Finite/Phase4/ScenarioChecks.lean,58,60,7759332c8c6570284c0486f5caf7e7f18b82e7627959e929a8a29a1e7d26c1b0,4ec9cb1440929ed46e10aa35b0dc1e28f37bd70d9abd6d9eb523ecbc93f35a91,PENDING_EXTERNAL_LEAN_REPLAY,"[""VII-C012"",""VII-C013"",""VII-C014"",""VII-C015"",""VII-C017"",""VII-C018"",""VII-C027"",""VII-C028"",""VII-C032"",""VII-C034""]"
FVII-SCI04-DECL-0255,FVII-SCI04-DEF-0255,FoundationsVII.Models.Finite.Phase4.phase4Scenarios,phase4Scenarios,def,formalization/lean/FoundationsVII/Models/Finite/Phase4/ScenarioChecks.lean,61,87,88d139fd8b1e5efc61c0ce664cd516853f19337fa9b27597b9085611b86a6db0,9ab591b245682d65af4224e046e42327af9d5afb3bb5d1b2c4855cc5cd0d4827,PENDING_EXTERNAL_LEAN_REPLAY,"[""VII-C012"",""VII-C013"",""VII-C014"",""VII-C015"",""VII-C017"",""VII-C018"",""VII-C027"",""VII-C028"",""VII-C032"",""VII-C034""]"
FVII-SCI04-DECL-0256,FVII-SCI04-THM-0256,FoundationsVII.Models.Finite.Phase4.phase4_scenario_count,phase4_scenario_count,theorem,formalization/lean/FoundationsVII/Models/Finite/Phase4/ScenarioChecks.lean,88,89,99b08c638477498927c0917bd62a19bacd29a0404f7c3b9f0f27f42f12afd8b2,2b65b3b37258fa21a99e50f426a9bb697fb3f5ee01b6d0876ed03d0bcbb2ffa1,PENDING_EXTERNAL_LEAN_REPLAY,"[""VII-C012"",""VII-C013"",""VII-C014"",""VII-C015"",""VII-C017"",""VII-C018"",""VII-C027"",""VII-C028"",""VII-C032"",""VII-C034""]"
FVII-SCI04-DECL-0257,FVII-SCI04-THM-0257,FoundationsVII.Models.Finite.Phase4.all_phase4_scenarios_pass,all_phase4_scenarios_pass,theorem,formalization/lean/FoundationsVII/Models/Finite/Phase4/ScenarioChecks.lean,90,97,291b3676ff7bb3cb90d6604831a2c83f432af44efd952812abfa6ce326cbd078,9d6fc1ec69080fcf1f90cbf0c489751cf96c338d1d04e31b8de77364dd0754eb,PENDING_EXTERNAL_LEAN_REPLAY,"[""VII-C012"",""VII-C013"",""VII-C014"",""VII-C015"",""VII-C017"",""VII-C018"",""VII-C027"",""VII-C028"",""VII-C032"",""VII-C034""]"
FVII-SCI04-DECL-0258,FVII-SCI04-DEF-0258,FoundationsVII.Models.Finite.Phase4.Phase4CountermodelCheck,Phase4CountermodelCheck,structure,formalization/lean/FoundationsVII/Models/Finite/Phase4/ScenarioChecks.lean,98,103,2d6391a6be321d011510246a4a3642781b7f816bbe474e9be106db626dbeed03,2d6391a6be321d011510246a4a3642781b7f816bbe474e9be106db626dbeed03,PENDING_EXTERNAL_LEAN_REPLAY,"[""VII-C012"",""VII-C013"",""VII-C014"",""VII-C015"",""VII-C017"",""VII-C018"",""VII-C027"",""VII-C028"",""VII-C032"",""VII-C034""]"
FVII-SCI04-DECL-0259,FVII-SCI04-DEF-0259,FoundationsVII.Models.Finite.Phase4.countermodelPass,countermodelPass,def,formalization/lean/FoundationsVII/Models/Finite/Phase4/ScenarioChecks.lean,104,106,705760bad8dc5a3ceaa7c614ec68f862c2a21b635efcee5c4670c78af1e78416,7b4d35045784254e990eaa05b7d62d53eb024028ed78b7e2ca891cf807f4e2b3,PENDING_EXTERNAL_LEAN_REPLAY,"[""VII-C012"",""VII-C013"",""VII-C014"",""VII-C015"",""VII-C017"",""VII-C018"",""VII-C027"",""VII-C028"",""VII-C032"",""VII-C034""]"
FVII-SCI04-DECL-0260,FVII-SCI04-DEF-0260,FoundationsVII.Models.Finite.Phase4.phase4Countermodels,phase4Countermodels,def,formalization/lean/FoundationsVII/Models/Finite/Phase4/ScenarioChecks.lean,107,124,108588d10d72be73b9683553d3c861812901202056632b08e6165429dfb6c316,27dc8e27d4131fc69ddfed6b0fdd2a83f45586041415854a45bb32c500492c70,PENDING_EXTERNAL_LEAN_REPLAY,"[""VII-C012"",""VII-C013"",""VII-C014"",""VII-C015"",""VII-C017"",""VII-C018"",""VII-C027"",""VII-C028"",""VII-C032"",""VII-C034""]"
FVII-SCI04-DECL-0261,FVII-SCI04-THM-0261,FoundationsVII.Models.Finite.Phase4.phase4_countermodel_count,phase4_countermodel_count,theorem,formalization/lean/FoundationsVII/Models/Finite/Phase4/ScenarioChecks.lean,125,126,c24f879e0b574a06d393e1954f17236b6f2e5316ebf9794848c53c90f78fac76,e52a35ebe957a2d4fc09bf7b3874d2256f793bdfbcae0ad68f8263765f1e4966,PENDING_EXTERNAL_LEAN_REPLAY,"[""VII-C012"",""VII-C013"",""VII-C014"",""VII-C015"",""VII-C017"",""VII-C018"",""VII-C027"",""VII-C028"",""VII-C032"",""VII-C034""]"
FVII-SCI04-DECL-0262,FVII-SCI04-THM-0262,FoundationsVII.Models.Finite.Phase4.all_phase4_countermodels_pass,all_phase4_countermodels_pass,theorem,formalization/lean/FoundationsVII/Models/Finite/Phase4/ScenarioChecks.lean,127,130,2cda1f784e5b84b18df5bafd74e648baea23bb27524b7a642601409f5a2d42ed,899a9852264945ca2fd7563325d8aad04db9fe63d63ae782e3d4d1aecb0360fb,PENDING_EXTERNAL_LEAN_REPLAY,"[""VII-C012"",""VII-C013"",""VII-C014"",""VII-C015"",""VII-C017"",""VII-C018"",""VII-C027"",""VII-C028"",""VII-C032"",""VII-C034""]"
FVII-SCI04-DECL-0263,FVII-SCI04-DEF-0263,FoundationsVII.NoGo.HolonomyArrowProfile,HolonomyArrowProfile,structure,formalization/lean/FoundationsVII/NoGo/Dynamics.lean,9,20,70eb77c54eef9337113375001253f72497f55f985b9cde592b6fab13f64e98c9,70eb77c54eef9337113375001253f72497f55f985b9cde592b6fab13f64e98c9,PENDING_EXTERNAL_LEAN_REPLAY,"[""VII-C017"",""VII-C032""]"
FVII-SCI04-DECL-0264,FVII-SCI04-DEF-0264,FoundationsVII.NoGo.HolonomyArrowProfile.Eligible,Eligible,def,formalization/lean/FoundationsVII/NoGo/Dynamics.lean,21,28,70672b187d95a8d61e9ef8d19b15912959af4f1d52b66e02874f0cbb869936f9,a66ff844ff465bc9e133d145daef33f2f10a6326f8f700b19c4f7b86c0290bec,PENDING_EXTERNAL_LEAN_REPLAY,"[""VII-C017"",""VII-C032""]"
FVII-SCI04-DECL-0265,FVII-SCI04-DEF-0265,FoundationsVII.NoGo.HolonomyArrowProfile.HolonomyOnly,HolonomyOnly,def,formalization/lean/FoundationsVII/NoGo/Dynamics.lean,29,37,de0009b29bb6019df60e9b637673990b07e78366264050d0fc1601920b8b2a06,0c7cbfb45ab114e65bf9abaae8ff300f0659847665e4b63a4bbcc9610b806e97,PENDING_EXTERNAL_LEAN_REPLAY,"[""VII-C017"",""VII-C032""]"
FVII-SCI04-DECL-0266,FVII-SCI04-THM-0266,FoundationsVII.NoGo.NGVII_10_no_arrow_from_holonomy_alone,NGVII_10_no_arrow_from_holonomy_alone,theorem,formalization/lean/FoundationsVII/NoGo/Dynamics.lean,38,56,37ffd21f11c076a59e296410d9acfb3c04fa247bcc0395a690ca5fe039ac5f2e,b7d91fdf5875025db989107d973cd07443491274c89de03d6106e539c9b444ce,PENDING_EXTERNAL_LEAN_REPLAY,"[""VII-C017"",""VII-C032""]"
FVII-SCI04-DECL-0267,FVII-SCI04-THM-0267,FoundationsVII.NoGo.NGVII_10_holonomy_zero_arrow_control,NGVII_10_holonomy_zero_arrow_control,theorem,formalization/lean/FoundationsVII/NoGo/Dynamics.lean,57,60,618c98270f24afc2de1bc78842523610ef51ff3a502cc3ba8368f1865b34fe6e,35c4f1a63e7ae46fe5b2a27a6a9f0e9d3ad78211274725b7f4faec85862b3e29,PENDING_EXTERNAL_LEAN_REPLAY,"[""VII-C017"",""VII-C032""]"
FVII-SCI04-DECL-0268,FVII-SCI04-THM-0268,FoundationsVII.NoGo.NGVII_10_escape_independent_driven_arrow,NGVII_10_escape_independent_driven_arrow,theorem,formalization/lean/FoundationsVII/NoGo/Dynamics.lean,61,64,16ebd4d7d105c62430490ea17c42f183fa60f852511c21b5b6fc6fcd7c9e8c73,14f1ca5fa73be4100f862960dbdf5f9da29e140b5de0af500a4bd3ab9165f078,PENDING_EXTERNAL_LEAN_REPLAY,"[""VII-C017"",""VII-C032""]"
