declaration_id,science_asset_id,fully_qualified_name,short_name,kind,file,line,end_line,statement_sha256,source_block_sha256,kernel_status,candidate_ids
FVII-SCI03-DECL-0001,FVII-SCI03-DEF-0001,FoundationsVII.phase3AuditEntry,phase3AuditEntry,def,formalization/lean/FoundationsVII/Contact/Transport.lean,14,20,ad636736befa4755e5d068b38876a2f6aadb481578a2e87a2a73baaa871ffdfd,42a757e91427f4cc1a86ad7e47672bf38c57c817bc4945d5b38d95c3eb62ee1e,PENDING_EXTERNAL_LEAN_REPLAY,"[""VII-C016""]"
FVII-SCI03-DECL-0002,FVII-SCI03-DEF-0002,FoundationsVII.phase3Audit,phase3Audit,def,formalization/lean/FoundationsVII/Contact/Transport.lean,21,22,36f77e61ff6b9754b7c30c4c6bba88fc87d286f105982801f20856b1ddd391a5,2cf2ff4956f0ca3e308bb034d1ef060ed4e7541e238d2d294cf7241b78989e41,PENDING_EXTERNAL_LEAN_REPLAY,"[""VII-C016""]"
FVII-SCI03-DECL-0003,FVII-SCI03-DEF-0003,FoundationsVII.ContactMode,ContactMode,inductive,formalization/lean/FoundationsVII/Contact/Transport.lean,23,30,df11cc1ae5b5e21da451848ec61afeb89f851863f3b5ad6263251219f3a2319a,df11cc1ae5b5e21da451848ec61afeb89f851863f3b5ad6263251219f3a2319a,PENDING_EXTERNAL_LEAN_REPLAY,"[""VII-C016""]"
FVII-SCI03-DECL-0004,FVII-SCI03-DEF-0004,FoundationsVII.allContactModes,allContactModes,def,formalization/lean/FoundationsVII/Contact/Transport.lean,31,33,51d2d580e00265fac84865542b9269a463a0dd26e60e5547d3e0650b2708180f,99578bd43d6a4870a6894366191e16c053ebb9a38840479bdbed223efbd5743f,PENDING_EXTERNAL_LEAN_REPLAY,"[""VII-C016""]"
FVII-SCI03-DECL-0005,FVII-SCI03-THM-0005,FoundationsVII.contactMode_mem_all,contactMode_mem_all,theorem,formalization/lean/FoundationsVII/Contact/Transport.lean,34,36,bcb05a35a1c08966da4193ca1c479bb8ff69885656a9c55c946b5726aaadf211,ad96058203692540dd0766c769145c36150b2a01d3fee3d173397096e1dd26e2,PENDING_EXTERNAL_LEAN_REPLAY,"[""VII-C016""]"
FVII-SCI03-DECL-0006,FVII-SCI03-DEF-0006,FoundationsVII.ContactChannelEvidence,ContactChannelEvidence,structure,formalization/lean/FoundationsVII/Contact/Transport.lean,37,46,03f43353b463696fdd9cdb494671efe608bb7c9d648474d3dd365357b43487b2,03f43353b463696fdd9cdb494671efe608bb7c9d648474d3dd365357b43487b2,PENDING_EXTERNAL_LEAN_REPLAY,"[""VII-C016""]"
FVII-SCI03-DECL-0007,FVII-SCI03-DEF-0007,FoundationsVII.ContactChannelEvidence.Licenses,Licenses,def,formalization/lean/FoundationsVII/Contact/Transport.lean,47,54,a3b9b31cc425fef4ece9f0921fb2dcf646f930620b29be8422d3ec32b9f021ac,363bda5d5c26e73bba72a84e271442ca00b80f309c9aa22c6a93e31f55c7efcf,PENDING_EXTERNAL_LEAN_REPLAY,"[""VII-C016""]"
FVII-SCI03-DECL-0008,FVII-SCI03-THM-0008,FoundationsVII.ContactChannelEvidence.rendezvous_licensed,rendezvous_licensed,theorem,formalization/lean/FoundationsVII/Contact/Transport.lean,55,58,342a1066a20efeb3d9b8f2cb70708bab7150eface76ec93b274d06aac93a3cee,79c3038cc9e3486ff95a5832a3e2f1d29ec787b8be1878998926a8e1a26c2b03,PENDING_EXTERNAL_LEAN_REPLAY,"[""VII-C016""]"
FVII-SCI03-DECL-0009,FVII-SCI03-THM-0009,FoundationsVII.ContactChannelEvidence.mediation_licensed,mediation_licensed,theorem,formalization/lean/FoundationsVII/Contact/Transport.lean,59,62,af67bc60f61d4e7d331f4e4169fc86b733d32f31c77cf3ab7a9360428d7fc4af,f8d8d00fc51128b543a4eff17de322e878f35d6f5492b6471af6993ebbc862ce,PENDING_EXTERNAL_LEAN_REPLAY,"[""VII-C016""]"
FVII-SCI03-DECL-0010,FVII-SCI03-THM-0010,FoundationsVII.ContactChannelEvidence.sequential_licensed,sequential_licensed,theorem,formalization/lean/FoundationsVII/Contact/Transport.lean,63,66,8ec79917de146748ec0a2b7b326502265ba7d0b10ea7ce2c1b1b5606b65b3ade,e4642dcdbbc8a777be5c78b5f3caeec21515417cba6f3875c223f960c6f8a0dc,PENDING_EXTERNAL_LEAN_REPLAY,"[""VII-C016""]"
FVII-SCI03-DECL-0011,FVII-SCI03-THM-0011,FoundationsVII.ContactChannelEvidence.shared_carrier_licensed,shared_carrier_licensed,theorem,formalization/lean/FoundationsVII/Contact/Transport.lean,67,70,215d7bf8163da670665acea4f9887a8d75f2309c13fb6044c877df1171f0e079,36461cf2a40198bd7e7a2b8b2a278d0a00e85fb330bd6f72344ab61daa73532d,PENDING_EXTERNAL_LEAN_REPLAY,"[""VII-C016""]"
FVII-SCI03-DECL-0012,FVII-SCI03-THM-0012,FoundationsVII.ContactChannelEvidence.shared_budget_licensed,shared_budget_licensed,theorem,formalization/lean/FoundationsVII/Contact/Transport.lean,71,76,0a137dc5ade55bcbecfd520a0deec83e76f99407e62d1cca356dc4cbd5e5d139,85d61fab0f5eaed9b46064df7f6206937fdc93989e058790a0d1bfccea733bf6,PENDING_EXTERNAL_LEAN_REPLAY,"[""VII-C016""]"
FVII-SCI03-DECL-0013,FVII-SCI03-DEF-0013,FoundationsVII.ContactProfile,ContactProfile,structure,formalization/lean/FoundationsVII/Contact/Transport.lean,77,86,9352302dfb37e06816bf8b27b61ddb734d561565ffe4833842ce590324a7dae2,9352302dfb37e06816bf8b27b61ddb734d561565ffe4833842ce590324a7dae2,PENDING_EXTERNAL_LEAN_REPLAY,"[""VII-C016""]"
FVII-SCI03-DECL-0014,FVII-SCI03-DEF-0014,FoundationsVII.ContactProfile.OperationallyCoherent,OperationallyCoherent,def,formalization/lean/FoundationsVII/Contact/Transport.lean,87,91,94214f53893cde3eedc6eb99e0f72897881ff49824a2fa89c17298f9e857fd99,036eeb116b2de0cfce05a73b1a52af5b17f47723a36ba2dcea2af228bcf1bee0,PENDING_EXTERNAL_LEAN_REPLAY,"[""VII-C016""]"
FVII-SCI03-DECL-0015,FVII-SCI03-DEF-0015,FoundationsVII.ContactProfile.compatibleWithoutContact,compatibleWithoutContact,def,formalization/lean/FoundationsVII/Contact/Transport.lean,92,95,4c3ed606865ad5a92be76f233c2e318943a0db84867f3febf9b31c69c86a6c4b,1e62ef1f44923985c7086fe067e4f8f068d91fcdd507abe5696c8f3c6c6b723e,PENDING_EXTERNAL_LEAN_REPLAY,"[""VII-C016""]"
FVII-SCI03-DECL-0016,FVII-SCI03-DEF-0016,FoundationsVII.ContactProfile.contactWithoutComposite,contactWithoutComposite,def,formalization/lean/FoundationsVII/Contact/Transport.lean,96,99,96eeae83f0a53ffd937a8ed4299d8c00a80f883134293b4fdb41df730f4af965,8343f29e6064eb6bc62f9aab091e59f4263f2cde1d5bc0f2ee76bc74382c8992,PENDING_EXTERNAL_LEAN_REPLAY,"[""VII-C016""]"
FVII-SCI03-DECL-0017,FVII-SCI03-THM-0017,FoundationsVII.ContactProfile.compatibleWithoutContact_coherent,compatibleWithoutContact_coherent,theorem,formalization/lean/FoundationsVII/Contact/Transport.lean,100,102,439071177df13a216cc839204f7e71ac1776651a44520d578302aae4f3726ede,4bb79a4395d087af53511adb18a2509d3ceaf497b76a089e388d464721b534a4,PENDING_EXTERNAL_LEAN_REPLAY,"[""VII-C016""]"
FVII-SCI03-DECL-0018,FVII-SCI03-THM-0018,FoundationsVII.ContactProfile.contactWithoutComposite_coherent,contactWithoutComposite_coherent,theorem,formalization/lean/FoundationsVII/Contact/Transport.lean,103,105,14290c153d32d976ef59d650183464ed1dc93ebd413321cfe68a7d80e4b5a5ce,54a5b8d39a6c1ef5018f7099fd0af63a94ae803cbe252de0547a844a492aee63,PENDING_EXTERNAL_LEAN_REPLAY,"[""VII-C016""]"
FVII-SCI03-DECL-0019,FVII-SCI03-THM-0019,FoundationsVII.ContactProfile.compatibility_does_not_imply_evidenced_contact,compatibility_does_not_imply_evidenced_contact,theorem,formalization/lean/FoundationsVII/Contact/Transport.lean,106,113,7750773e64662d5d7160c020d415f3a6733244bc77e40793971d4138d044d028,e7e5031a4aa5459d5f1e3d08676380822d6fdbf918581ad39ae243e85f7b6b3f,PENDING_EXTERNAL_LEAN_REPLAY,"[""VII-C016""]"
FVII-SCI03-DECL-0020,FVII-SCI03-THM-0020,FoundationsVII.ContactProfile.evidenced_contact_does_not_imply_composite,evidenced_contact_does_not_imply_composite,theorem,formalization/lean/FoundationsVII/Contact/Transport.lean,114,123,bc957308ca1bd8e408f4521db477914059b520fa5e09152138a15fce8db32fb3,534baa9fe3eb1473af2b7abe099bbd30da774cf6c12dfbc2214ddb4df7eadcab,PENDING_EXTERNAL_LEAN_REPLAY,"[""VII-C016""]"
FVII-SCI03-DECL-0021,FVII-SCI03-DEF-0021,FoundationsVII.PeerTransport,PeerTransport,structure,formalization/lean/FoundationsVII/Contact/Transport.lean,124,139,f89c5d7814dd3847216a36c86f3c822bd8df5a94585cf6b9c5bb567eb5eab879,f89c5d7814dd3847216a36c86f3c822bd8df5a94585cf6b9c5bb567eb5eab879,PENDING_EXTERNAL_LEAN_REPLAY,"[""VII-C016""]"
FVII-SCI03-DECL-0022,FVII-SCI03-DEF-0022,FoundationsVII.PeerTransport.WellFormed,WellFormed,def,formalization/lean/FoundationsVII/Contact/Transport.lean,140,149,f8758bdf4583a88630b694f35273812b9ad383025b27c1cf1db2ae64937def0c,3d5a6f6d3b82340429b19a35f4717c7a046e90f241810b42a7d4ba2031f7b72b,PENDING_EXTERNAL_LEAN_REPLAY,"[""VII-C016""]"
FVII-SCI03-DECL-0023,FVII-SCI03-DEF-0023,FoundationsVII.PeerTransport.WithoutJoin,WithoutJoin,def,formalization/lean/FoundationsVII/Contact/Transport.lean,150,152,559b29391eed851cdfb4dee9063b08fc5a463bb26f387ba7f58e0ea4030e00c5,ab877ff66907de583741e142d9586568177e19b0d37d50cd4d230e59ab0cb792,PENDING_EXTERNAL_LEAN_REPLAY,"[""VII-C016""]"
FVII-SCI03-DECL-0024,FVII-SCI03-DEF-0024,FoundationsVII.PeerTransport.CertifiedContentAvailable,CertifiedContentAvailable,def,formalization/lean/FoundationsVII/Contact/Transport.lean,153,155,be7b1bdcfada3d2bef1638efeba626cd5b830fcf5e101b2521f3264c1545fea2,435c8638b0a9a42014f598b2d79b9c3058266aaf4f68d6d03f825ee23de13e3c,PENDING_EXTERNAL_LEAN_REPLAY,"[""VII-C016""]"
FVII-SCI03-DECL-0025,FVII-SCI03-THM-0025,FoundationsVII.PeerTransport.wellFormed_preserves_destination_ownership,wellFormed_preserves_destination_ownership,theorem,formalization/lean/FoundationsVII/Contact/Transport.lean,156,159,a48066a54d6ca56d91b26273d042e771d4c57b1a7d866f09676a98a8bbd92179,97c03d5ba0a6fa38ab1f70e70597db425e9ded857384d04c9d76645fa747d74c,PENDING_EXTERNAL_LEAN_REPLAY,"[""VII-C016""]"
FVII-SCI03-DECL-0026,FVII-SCI03-THM-0026,FoundationsVII.PeerTransport.wellFormed_preserves_provenance,wellFormed_preserves_provenance,theorem,formalization/lean/FoundationsVII/Contact/Transport.lean,160,163,22140e96e20ff0892ee14d5f090d9361ee466068178fb2608857c7b9d0082f60,d3fdb7b3532333918eaa34680c37a338ad461bbd278f4e63c40533406eeb9a67,PENDING_EXTERNAL_LEAN_REPLAY,"[""VII-C016""]"
FVII-SCI03-DECL-0027,FVII-SCI03-THM-0027,FoundationsVII.PeerTransport.wellFormed_preserves_payload_source,wellFormed_preserves_payload_source,theorem,formalization/lean/FoundationsVII/Contact/Transport.lean,164,167,5b58204bb7d4ff7544c7a94e2b63335da62316f655ffdf7e072847d47f175cf7,5b1a39456057ec5db044ea1ddb4ef363355aa03be0248a5040463d9d6140837d,PENDING_EXTERNAL_LEAN_REPLAY,"[""VII-C016""]"
FVII-SCI03-DECL-0028,FVII-SCI03-THM-0028,FoundationsVII.PeerTransport.wellFormed_targets_declared_destination,wellFormed_targets_declared_destination,theorem,formalization/lean/FoundationsVII/Contact/Transport.lean,168,172,67ebd62fa066f9b6f05cc2edfef61a7037f93ddfd8af942f64031a206c45a7c6,eedface231ecd51a665dd70496639511a72c4b25ef31d864ed6f2ded47bfff04,PENDING_EXTERNAL_LEAN_REPLAY,"[""VII-C016""]"
FVII-SCI03-DECL-0029,FVII-SCI03-THM-0029,FoundationsVII.PeerTransport.withoutJoin_is_certified_transport,withoutJoin_is_certified_transport,theorem,formalization/lean/FoundationsVII/Contact/Transport.lean,173,176,d96c385855865193c816c75e923f091ea261b3dce6d58bf8dbefd2b5ebccf470,bf8ea29b9de0b4f58690d2b775e28b3240f227e4c39025503e3a6c318a2888fa,PENDING_EXTERNAL_LEAN_REPLAY,"[""VII-C016""]"
FVII-SCI03-DECL-0030,FVII-SCI03-THM-0030,FoundationsVII.PeerTransport.withoutJoin_does_not_form_composite,withoutJoin_does_not_form_composite,theorem,formalization/lean/FoundationsVII/Contact/Transport.lean,177,208,b5a8225cf6c5c734fb04222f3d99392b43cb348b44f17f9baa3688c8bfc1d0f5,d816b30d495c8d9e05d7d315b011f7db6d9c44a8fa4a2d2b4a1def3258496679,PENDING_EXTERNAL_LEAN_REPLAY,"[""VII-C016""]"
FVII-SCI03-DECL-0031,FVII-SCI03-THM-0031,FoundationsVII.peer_contact_can_transport_without_join,peer_contact_can_transport_without_join,theorem,formalization/lean/FoundationsVII/Contact/Transport.lean,209,213,783ef9101f0879942ef6bbba8d95c41af69d4b3aa4a9c261660b43264be019fe,cba984ec784f9abff4bca07c9dc170a59a132f26f049b4dad9a0ea395d257626,PENDING_EXTERNAL_LEAN_REPLAY,"[""VII-C016""]"
FVII-SCI03-DECL-0032,FVII-SCI03-THM-0032,FoundationsVII.rendezvous_special_case_exists,rendezvous_special_case_exists,theorem,formalization/lean/FoundationsVII/Contact/Transport.lean,214,218,0ef9077bf15d625fef23f3e5bb8dd5c6dabb6d8854a1c7b8190643b35d7b8a2b,7211596dcda0d4d56739c21e1e088f123b9cab887b9272711450d22b0fd5f592,PENDING_EXTERNAL_LEAN_REPLAY,"[""VII-C016""]"
FVII-SCI03-DECL-0033,FVII-SCI03-THM-0033,FoundationsVII.mediation_special_case_exists,mediation_special_case_exists,theorem,formalization/lean/FoundationsVII/Contact/Transport.lean,219,223,09dcc68ab4c04b33c2da6fdf5d71813b02087dc0dd9ff38130601def9c6ef381,2740d50ceb48bad2a6ddc91b6797bf1af954cb55c621a5c3e75dc1e4fefded93,PENDING_EXTERNAL_LEAN_REPLAY,"[""VII-C016""]"
FVII-SCI03-DECL-0034,FVII-SCI03-THM-0034,FoundationsVII.sequential_special_case_exists,sequential_special_case_exists,theorem,formalization/lean/FoundationsVII/Contact/Transport.lean,224,228,46b5ed08977902139dc6b3d5e4359f37148f766fed63a851720a2e88fd351f4d,7bd7dff2804e2651eb6d58890b88886c468c9bf40e80f60ac1965b20d7b12066,PENDING_EXTERNAL_LEAN_REPLAY,"[""VII-C016""]"
FVII-SCI03-DECL-0035,FVII-SCI03-THM-0035,FoundationsVII.shared_carrier_special_case_exists,shared_carrier_special_case_exists,theorem,formalization/lean/FoundationsVII/Contact/Transport.lean,229,233,467acb0dcf187a8299bbdebbd6d79744b666f7e8d4a6de2a1e7696ae710ab00a,5a4adf1661b0b8f74b6c1bda1364bbab84eec7c9ce05eac909b337faccc309ad,PENDING_EXTERNAL_LEAN_REPLAY,"[""VII-C016""]"
FVII-SCI03-DECL-0036,FVII-SCI03-THM-0036,FoundationsVII.shared_budget_special_case_exists,shared_budget_special_case_exists,theorem,formalization/lean/FoundationsVII/Contact/Transport.lean,234,239,20fef9cb0f515624d70885e438df01b3db6aa68076521ac6501adf77ad770925,9ae78010a4994ffa0b27e5addb2dfdb029bc8d80a149e62939fc439836b0f3d1,PENDING_EXTERNAL_LEAN_REPLAY,"[""VII-C016""]"
FVII-SCI03-DECL-0037,FVII-SCI03-THM-0037,FoundationsVII.contact_surface_primitive_scoped_ruling,contact_surface_primitive_scoped_ruling,theorem,formalization/lean/FoundationsVII/Contact/Transport.lean,240,244,b36918cfe716e9762293da02597d2dfa90dcb8311f7fd4d4b2dc6f2f75587dff,64fec3a8190e610d4b130bca0fbfa47cac75d59c108167cedd44e44d3637c347,PENDING_EXTERNAL_LEAN_REPLAY,"[""VII-C016""]"
FVII-SCI03-DECL-0038,FVII-SCI03-DEF-0038,FoundationsVII.JoinCostKind,JoinCostKind,inductive,formalization/lean/FoundationsVII/Join/Budget.lean,12,19,e4e78fb048e2d155aad95ecd682873aaa68a10a1831470d6aaf2757fb110df16,e4e78fb048e2d155aad95ecd682873aaa68a10a1831470d6aaf2757fb110df16,PENDING_EXTERNAL_LEAN_REPLAY,"[""VII-C011""]"
FVII-SCI03-DECL-0039,FVII-SCI03-DEF-0039,FoundationsVII.JoinCostEntry,JoinCostEntry,structure,formalization/lean/FoundationsVII/Join/Budget.lean,20,31,223e558b2b04faf97afa35608ee073940df86d0f6689268da1f38ca7f2709e5b,223e558b2b04faf97afa35608ee073940df86d0f6689268da1f38ca7f2709e5b,PENDING_EXTERNAL_LEAN_REPLAY,"[""VII-C011""]"
FVII-SCI03-DECL-0040,FVII-SCI03-DEF-0040,FoundationsVII.JoinCostEntry.Credited,Credited,def,formalization/lean/FoundationsVII/Join/Budget.lean,32,35,7c19ae59dcef08cc268fcec7c04af7e8f7035ef2fc64d4700922573aaa4b03b5,b4e1cfacc313749ade5961fc97e3d175e0e7ea97dfa4724c374a18a2930e65d9,PENDING_EXTERNAL_LEAN_REPLAY,"[""VII-C011""]"
FVII-SCI03-DECL-0041,FVII-SCI03-DEF-0041,FoundationsVII.JoinCostEntry.PositiveCost,PositiveCost,def,formalization/lean/FoundationsVII/Join/Budget.lean,36,37,d72dcee099f3d437dd2542bc19c372e2fc91d0d4de2ebc3287f7f5d5e535e7c3,55832b1e2d9a65604faa7a52e0a28560904cddea79e5e488403c6dd482a9ea34,PENDING_EXTERNAL_LEAN_REPLAY,"[""VII-C011""]"
FVII-SCI03-DECL-0042,FVII-SCI03-THM-0042,FoundationsVII.JoinCostEntry.paid_entry_is_credited,paid_entry_is_credited,theorem,formalization/lean/FoundationsVII/Join/Budget.lean,38,41,adeaccb8539fa972e6171cdc091a1a73b042f4660d9cde0ea1f18f7e9a91b0d0,71326098049d0f0ae3c64f134b66888257b09393d792d75ca32c6c1d5e84e976,PENDING_EXTERNAL_LEAN_REPLAY,"[""VII-C011""]"
FVII-SCI03-DECL-0043,FVII-SCI03-THM-0043,FoundationsVII.JoinCostEntry.certified_zero_cost_channel_is_credited,certified_zero_cost_channel_is_credited,theorem,formalization/lean/FoundationsVII/Join/Budget.lean,42,46,eb66b2fdd3691b8c90b2194e8fd9a8155268b6a0995212d8c82937484295073e,9b52210f90b95ebfaf7c66fd1c0365eb98ef88c2c3c87239959375f0e0ce5a98,PENDING_EXTERNAL_LEAN_REPLAY,"[""VII-C011""]"
FVII-SCI03-DECL-0044,FVII-SCI03-THM-0044,FoundationsVII.JoinCostEntry.positive_cost_without_payment_or_zero_channel_is_not_credited,positive_cost_without_payment_or_zero_channel_is_not_credited,theorem,formalization/lean/FoundationsVII/Join/Budget.lean,47,60,d1e237a7859dc1b4dd76b787bfd1d90b8ec098b90a6e9776be16c779e77423be,fcd06d5f2c9b00bfedcc60d7c2aa29490795e0bc44d8eec434ea2e0a64a6269b,PENDING_EXTERNAL_LEAN_REPLAY,"[""VII-C011""]"
FVII-SCI03-DECL-0045,FVII-SCI03-THM-0045,FoundationsVII.JoinCostEntry.positive_observer_cost_cannot_be_hidden,positive_observer_cost_cannot_be_hidden,theorem,formalization/lean/FoundationsVII/Join/Budget.lean,61,73,4913c412e0bea6550d1362ae78d065bce1e0c59d273ce5e9c9860de1ce8fb9bd,c137a1490c10a2f39d9381eb583aaf9fbe0a4eefe59176d56e322d7de602d940,PENDING_EXTERNAL_LEAN_REPLAY,"[""VII-C011""]"
FVII-SCI03-DECL-0046,FVII-SCI03-DEF-0046,FoundationsVII.JoinPaymentLedger,JoinPaymentLedger,structure,formalization/lean/FoundationsVII/Join/Budget.lean,74,80,9f510e76a6a3d2d1c808491a66e0325e2e9c04fcd5a7bfb86e10f84afb3ac3b0,9f510e76a6a3d2d1c808491a66e0325e2e9c04fcd5a7bfb86e10f84afb3ac3b0,PENDING_EXTERNAL_LEAN_REPLAY,"[""VII-C011""]"
FVII-SCI03-DECL-0047,FVII-SCI03-DEF-0047,FoundationsVII.JoinPaymentLedger.WellFormed,WellFormed,def,formalization/lean/FoundationsVII/Join/Budget.lean,81,83,f5d6dfe44a8e7a768c71eeca7ebdefed34722d22c6256dfd24276bf814481e6b,957f60b0f3388992c5b5e357b754e73a0a50a81077efa8a7f335b862385878c9,PENDING_EXTERNAL_LEAN_REPLAY,"[""VII-C011""]"
FVII-SCI03-DECL-0048,FVII-SCI03-DEF-0048,FoundationsVII.JoinPaymentLedger.FullyPaid,FullyPaid,def,formalization/lean/FoundationsVII/Join/Budget.lean,84,87,2ee89e298725fdc34105e20a389391702305b598a1777ff7f75fa5d61836d475,8275f70a23625961581e11ab6064127dee2fffae059d1f5eae6b759e5785232f,PENDING_EXTERNAL_LEAN_REPLAY,"[""VII-C011""]"
FVII-SCI03-DECL-0049,FVII-SCI03-DEF-0049,FoundationsVII.JoinPaymentLedger.typedCosts,typedCosts,def,formalization/lean/FoundationsVII/Join/Budget.lean,88,90,c44b36e801a94db87abe89205fc4e80f43c91834707eeb22df0c6888539fe5ce,127605df6984f7c91cd6f6d1272029c6193599072e22bdced3a8270a04db26de,PENDING_EXTERNAL_LEAN_REPLAY,"[""VII-C011""]"
FVII-SCI03-DECL-0050,FVII-SCI03-THM-0050,FoundationsVII.JoinPaymentLedger.fullyPaid_entries_are_credited,fullyPaid_entries_are_credited,theorem,formalization/lean/FoundationsVII/Join/Budget.lean,91,95,53962cda376e8af76a91e30e15b7dae39f58e7c377367c175466807e2ae361ae,cf503ffd27d47cecb5417324c1f7e031dbc44a3b0b08ff9b771021c5f941589e,PENDING_EXTERNAL_LEAN_REPLAY,"[""VII-C011""]"
FVII-SCI03-DECL-0051,FVII-SCI03-THM-0051,FoundationsVII.JoinPaymentLedger.fullyPaid_has_audit,fullyPaid_has_audit,theorem,formalization/lean/FoundationsVII/Join/Budget.lean,96,98,54387a7ce5024d271c0141b94a05a68e289bf088b48b638e5d5b1da46b5f410b,47088c7d165a8a9978de8c2da774f5f2b2efa9af02dbe4f4b76aba4a90ad2bc4,PENDING_EXTERNAL_LEAN_REPLAY,"[""VII-C011""]"
FVII-SCI03-DECL-0052,FVII-SCI03-THM-0052,FoundationsVII.JoinPaymentLedger.typed_cost_projection_preserves_kinds,typed_cost_projection_preserves_kinds,theorem,formalization/lean/FoundationsVII/Join/Budget.lean,99,104,0bd4f58c622c4ab4d49cb9fe5b9131ea8c8dd4d9cbdd34b90b3d62a08f4b25fb,f9c657b70b7d689ab936e1ea2912afee503e3cf9f08994205ae8e552659d8d0b,PENDING_EXTERNAL_LEAN_REPLAY,"[""VII-C011""]"
FVII-SCI03-DECL-0053,FVII-SCI03-DEF-0053,FoundationsVII.LiveJoinCapacity,LiveJoinCapacity,structure,formalization/lean/FoundationsVII/Join/Budget.lean,105,112,72cd3229ca1c0431fd48344954a67a64a298c91c0c85b34e29353173c462447d,72cd3229ca1c0431fd48344954a67a64a298c91c0c85b34e29353173c462447d,PENDING_EXTERNAL_LEAN_REPLAY,"[""VII-C011""]"
FVII-SCI03-DECL-0054,FVII-SCI03-DEF-0054,FoundationsVII.LiveJoinCapacity.Feasible,Feasible,def,formalization/lean/FoundationsVII/Join/Budget.lean,113,116,cd98c69b2be75552bf599f19f69119ee7c87f8cad97a3ec206482fcae89d0f34,80e1b0856f73c26ea3441b27415f1ddd23624928e9f33ee36a41009ab6e26174,PENDING_EXTERNAL_LEAN_REPLAY,"[""VII-C011""]"
FVII-SCI03-DECL-0055,FVII-SCI03-THM-0055,FoundationsVII.LiveJoinCapacity.finite_live_join_bound,finite_live_join_bound,theorem,formalization/lean/FoundationsVII/Join/Budget.lean,117,130,e161dbfe5266a6649325b10797aedb66de1ed6b338a9333f382c9d1211acfe37,d22ee1d747612369e58a811b75ece7b9b7bac985d84ebb910487b9bb8bd313fd,PENDING_EXTERNAL_LEAN_REPLAY,"[""VII-C011""]"
FVII-SCI03-DECL-0056,FVII-SCI03-DEF-0056,FoundationsVII.CategoricalConstructionKind,CategoricalConstructionKind,inductive,formalization/lean/FoundationsVII/Join/Categorical.lean,14,20,033ed66f000f19d3b4798bec1c14b8bb1171665fd6b51024fda447d6db753a31,033ed66f000f19d3b4798bec1c14b8bb1171665fd6b51024fda447d6db753a31,PENDING_EXTERNAL_LEAN_REPLAY,"[""VII-C026""]"
FVII-SCI03-DECL-0057,FVII-SCI03-DEF-0057,FoundationsVII.PackageMorphism,PackageMorphism,structure,formalization/lean/FoundationsVII/Join/Categorical.lean,21,31,93c79443e79f8a69ea30e13ff6e501b2342c38ac710c52ab205cc46711d4c1a1,93c79443e79f8a69ea30e13ff6e501b2342c38ac710c52ab205cc46711d4c1a1,PENDING_EXTERNAL_LEAN_REPLAY,"[""VII-C026""]"
FVII-SCI03-DECL-0058,FVII-SCI03-DEF-0058,FoundationsVII.PackageMorphism.WellFormed,WellFormed,def,formalization/lean/FoundationsVII/Join/Categorical.lean,32,42,8430bb2f19cb34755d39373d2fcfc5a97bfe52cee053eaa6db7cbeb0aad21dd2,c67a155b1fbd20ffa3dd8f5f099a9e8790327b2316f6f7ef27285789ed2aa080,PENDING_EXTERNAL_LEAN_REPLAY,"[""VII-C026""]"
FVII-SCI03-DECL-0059,FVII-SCI03-DEF-0059,FoundationsVII.FinitePackageCategory,FinitePackageCategory,structure,formalization/lean/FoundationsVII/Join/Categorical.lean,43,53,c1ecfdd62a583e936c3625110d3852f7a4941b26c113504fd217e1d976eec13f,c1ecfdd62a583e936c3625110d3852f7a4941b26c113504fd217e1d976eec13f,PENDING_EXTERNAL_LEAN_REPLAY,"[""VII-C026""]"
FVII-SCI03-DECL-0060,FVII-SCI03-DEF-0060,FoundationsVII.FinitePackageCategory.WellFormed,WellFormed,def,formalization/lean/FoundationsVII/Join/Categorical.lean,54,65,a5c792f3d2d929e40ddd2fd06258144adef572322d559a426a30974e00b38416,999ea5e41b0c9bc12438590dbea3ec325356da5c64bfae306b252103c6331aa2,PENDING_EXTERNAL_LEAN_REPLAY,"[""VII-C026""]"
FVII-SCI03-DECL-0061,FVII-SCI03-THM-0061,FoundationsVII.FinitePackageCategory.wellFormed_has_checked_category_laws,wellFormed_has_checked_category_laws,theorem,formalization/lean/FoundationsVII/Join/Categorical.lean,66,75,a4f66e947e39231db6bdae88d26f62a9728a0d7cc33e0c58fc4b50abf64688bb,744ff4c4844dfe9a51fd16837d7de1e9bd6e0b7c14c85a35c939bce006220ba4,PENDING_EXTERNAL_LEAN_REPLAY,"[""VII-C026""]"
FVII-SCI03-DECL-0062,FVII-SCI03-DEF-0062,FoundationsVII.UniversalConstructionCertificate,UniversalConstructionCertificate,structure,formalization/lean/FoundationsVII/Join/Categorical.lean,76,90,0ed6d02ef4be2e86d0500283319c18e3afd53e7af3120b9be0abe370285c57c7,0ed6d02ef4be2e86d0500283319c18e3afd53e7af3120b9be0abe370285c57c7,PENDING_EXTERNAL_LEAN_REPLAY,"[""VII-C026""]"
FVII-SCI03-DECL-0063,FVII-SCI03-DEF-0063,FoundationsVII.UniversalConstructionCertificate.Valid,Valid,def,formalization/lean/FoundationsVII/Join/Categorical.lean,91,104,56a11216a839ec2a24bea42236284bc670415d6dffd31aff07e8cf9c9c584530,c140e83b401727df98783111d3483372f3ca1513b7b2ea9b5749e08e076eb045,PENDING_EXTERNAL_LEAN_REPLAY,"[""VII-C026""]"
FVII-SCI03-DECL-0064,FVII-SCI03-DEF-0064,FoundationsVII.UniversalConstructionCertificate.RepresentsStrictJoin,RepresentsStrictJoin,def,formalization/lean/FoundationsVII/Join/Categorical.lean,105,107,9a800b532151f430c3cbbf9a140b196b6584e12818b5e96f6f2017e9e592a84b,5278c251e4da97f816c4e94fd011acfdf7dee4f8364f77296e80b613bf0f1ea8,PENDING_EXTERNAL_LEAN_REPLAY,"[""VII-C026""]"
FVII-SCI03-DECL-0065,FVII-SCI03-THM-0065,FoundationsVII.UniversalConstructionCertificate.represents_strict_join_iff_valid_and_independently_novel,represents_strict_join_iff_valid_and_independently_novel,theorem,formalization/lean/FoundationsVII/Join/Categorical.lean,108,113,8f7ac57f28f294ada2303f28ecc346abe0bf15935046791d927a22e5feee6473,1043dc377c703e2a17ab7af236915f1e7735103aab50f28775ab4a4ef3c1e4eb,PENDING_EXTERNAL_LEAN_REPLAY,"[""VII-C026""]"
FVII-SCI03-DECL-0066,FVII-SCI03-THM-0066,FoundationsVII.UniversalConstructionCertificate.representation_requires_explicit_universal_property,representation_requires_explicit_universal_property,theorem,formalization/lean/FoundationsVII/Join/Categorical.lean,114,120,87a838abfa444e64ca2fba20b173e57e06ea4265f491e35b96dc23d4d018b288,8db132f030adf73059947e3adcb8a2ccd4baa173aa40b0950de23e2072612eac,PENDING_EXTERNAL_LEAN_REPLAY,"[""VII-C026""]"
FVII-SCI03-DECL-0067,FVII-SCI03-THM-0067,FoundationsVII.UniversalConstructionCertificate.representation_preserves_declared_parents,representation_preserves_declared_parents,theorem,formalization/lean/FoundationsVII/Join/Categorical.lean,121,170,bd7a1b17cf540b0fccd96561d1f7a46f3908a96b8d86cd0572dc6a48bb9fb27f,33bd009a0a289826c9064536ea0ddddc32e1f20725334e66a364c3139a26ce1a,PENDING_EXTERNAL_LEAN_REPLAY,"[""VII-C026""]"
FVII-SCI03-DECL-0068,FVII-SCI03-THM-0068,FoundationsVII.finite_package_category_control_is_well_formed,finite_package_category_control_is_well_formed,theorem,formalization/lean/FoundationsVII/Join/Categorical.lean,171,176,f35d5bc0fa0a9431e94d3f1d75420d81ff36956ea7793307d23c854145cdf965,a4d1702729ce97b380e3079cc82a0aacbe858f7cd12e6ef64257ac2d9e5f20df,PENDING_EXTERNAL_LEAN_REPLAY,"[""VII-C026""]"
FVII-SCI03-DECL-0069,FVII-SCI03-THM-0069,FoundationsVII.mere_product_is_not_strict_join_credit,mere_product_is_not_strict_join_credit,theorem,formalization/lean/FoundationsVII/Join/Categorical.lean,177,187,2d1c6fbe3e44ed4cfcc41a557caa4f19d60d1f10f5eada6c1c50d4ff6f93c317,d0bf1436f6f4cd47c962765636dd61e38e87b103a37dbacdc1c97acbab3c3878,PENDING_EXTERNAL_LEAN_REPLAY,"[""VII-C026""]"
FVII-SCI03-DECL-0070,FVII-SCI03-THM-0070,FoundationsVII.special_case_categorical_representation_is_conditional,special_case_categorical_representation_is_conditional,theorem,formalization/lean/FoundationsVII/Join/Categorical.lean,188,200,8d9e5026ed4355add1ceda016111e4929f6298c648e7a1dcf63b7750cd34051c,6f513ef6556da40a4c8f12db3e1d6ce97f6b91962ac7872b3fab88af2ddefcb0,PENDING_EXTERNAL_LEAN_REPLAY,"[""VII-C026""]"
FVII-SCI03-DECL-0071,FVII-SCI03-THM-0071,FoundationsVII.unconditional_categorical_reduction_countermodel,unconditional_categorical_reduction_countermodel,theorem,formalization/lean/FoundationsVII/Join/Categorical.lean,201,210,6292197e7a6ab6a19a4c28f522a3184b98c59f44e4e195ad51ee9a6f7753f113,a11f0e90855f1d1e1157040327632bbedeb088ac85bf531f285a46c1979e8d6e,PENDING_EXTERNAL_LEAN_REPLAY,"[""VII-C026""]"
FVII-SCI03-DECL-0072,FVII-SCI03-DEF-0072,FoundationsVII.ContactQuantityVector,ContactQuantityVector,structure,formalization/lean/FoundationsVII/Join/Degree.lean,12,21,b6e221a5e83b486b0258032870aea2066822f1b58f66db408520afde767626e8,b6e221a5e83b486b0258032870aea2066822f1b58f66db408520afde767626e8,PENDING_EXTERNAL_LEAN_REPLAY,"[""VII-C031""]"
FVII-SCI03-DECL-0073,FVII-SCI03-DEF-0073,FoundationsVII.ContactQuantityVector.scalarPlain,scalarPlain,def,formalization/lean/FoundationsVII/Join/Degree.lean,22,25,cdddf572870119694d7922fe4d67e41a216eb543ebf6f511218bd547a52c935a,a4d886d149e4e5de9983485f420a325a7e6e7a0ccba5df256a3e8c117193da94,PENDING_EXTERNAL_LEAN_REPLAY,"[""VII-C031""]"
FVII-SCI03-DECL-0074,FVII-SCI03-DEF-0074,FoundationsVII.ContactQuantityVector.scalarNoveltyWeighted,scalarNoveltyWeighted,def,formalization/lean/FoundationsVII/Join/Degree.lean,26,31,c40781b6b43fb3c122c84bacc27e37cd791aa9600f924ec0afbde40ae5bb4334,5af5176eaf9ad660316f2c765cf4835221e170ff3e5ea6901762b4db90148a13,PENDING_EXTERNAL_LEAN_REPLAY,"[""VII-C031""]"
FVII-SCI03-DECL-0075,FVII-SCI03-DEF-0075,FoundationsVII.ContactQuantityTransformation,ContactQuantityTransformation,structure,formalization/lean/FoundationsVII/Join/Degree.lean,32,46,560b207939b0aeabadfc160f62cae7bfa97424f02535b9e857bfdb734ae197c7,560b207939b0aeabadfc160f62cae7bfa97424f02535b9e857bfdb734ae197c7,PENDING_EXTERNAL_LEAN_REPLAY,"[""VII-C031""]"
FVII-SCI03-DECL-0076,FVII-SCI03-DEF-0076,FoundationsVII.ContactQuantityTransformation.Conserved,Conserved,def,formalization/lean/FoundationsVII/Join/Degree.lean,47,55,c994c3e0b6788207c555c2a4126f91c817b6286476ec4d8a0bea98cd27ce794f,5913a6806acc1ef792229bea4ef5e33be11ec3981face7e901b02cedb3575289,PENDING_EXTERNAL_LEAN_REPLAY,"[""VII-C031""]"
FVII-SCI03-DECL-0077,FVII-SCI03-THM-0077,FoundationsVII.ContactQuantityTransformation.exact_certificate_licenses_scoped_conservation,exact_certificate_licenses_scoped_conservation,theorem,formalization/lean/FoundationsVII/Join/Degree.lean,56,107,9ac0b081d5ea56b58127e6809606dcf6751b8af2feb1c0bceeba97e69b2fd5f1,45ced3bb12353a5dfb86b325887105c33ad38fbbf11f3634743797a4eca68583,PENDING_EXTERNAL_LEAN_REPLAY,"[""VII-C031""]"
FVII-SCI03-DECL-0078,FVII-SCI03-THM-0078,FoundationsVII.plausible_contact_quantities_disagree,plausible_contact_quantities_disagree,theorem,formalization/lean/FoundationsVII/Join/Degree.lean,108,114,460ae45ea66e74dc91188b99f4fdc6e55f99ed188189dc5c32c21a9566097682,c92543f8a84ff20ab11f5789e77bd9e5ac727c61f5f64bcfecd53d5c193c8099,PENDING_EXTERNAL_LEAN_REPLAY,"[""VII-C031""]"
FVII-SCI03-DECL-0079,FVII-SCI03-THM-0079,FoundationsVII.omitted_observer_occupancy_invalidates_conservation_credit,omitted_observer_occupancy_invalidates_conservation_credit,theorem,formalization/lean/FoundationsVII/Join/Degree.lean,115,120,db7f48401b8c988267bf2a463d7bfa300eacf9c0095fe600fa9433b681c7fbce,88c7e6de87b23a6df3d3376e41b414b954173ab09b86fb6c7e3354e48722f77d,PENDING_EXTERNAL_LEAN_REPLAY,"[""VII-C031""]"
FVII-SCI03-DECL-0080,FVII-SCI03-THM-0080,FoundationsVII.exact_scoped_contact_conservation_is_available,exact_scoped_contact_conservation_is_available,theorem,formalization/lean/FoundationsVII/Join/Degree.lean,121,127,f28f8bc1b41b5b7de622dedcaae1fc60724e4c94c94157469990e4ffc667b9a7,1d0979c22c87ff0db82e9630c1edbc42ea0db7343c42ca5d332778dfc48db452,PENDING_EXTERNAL_LEAN_REPLAY,"[""VII-C031""]"
FVII-SCI03-DECL-0081,FVII-SCI03-THM-0081,FoundationsVII.no_unqualified_contact_degree_from_bookkeeping_alone,no_unqualified_contact_degree_from_bookkeeping_alone,theorem,formalization/lean/FoundationsVII/Join/Degree.lean,128,133,eb8303797e8b715d5c835f366a148ac2523fcb78856c5dfe319dfc258eaf8def,6f713d942fb7ec4299c392919145f90bdab07d7368350c27608f7dc2cbb8977c,PENDING_EXTERNAL_LEAN_REPLAY,"[""VII-C031""]"
FVII-SCI03-DECL-0082,FVII-SCI03-DEF-0082,FoundationsVII.JoinContactState,JoinContactState,inductive,formalization/lean/FoundationsVII/Join/Entry.lean,12,17,9f34c67eff5ea6dfa404c505e755fb2a70bc4f5c1e31abdc66fea16f2f7cfebc,9f34c67eff5ea6dfa404c505e755fb2a70bc4f5c1e31abdc66fea16f2f7cfebc,PENDING_EXTERNAL_LEAN_REPLAY,"[""VII-C007""]"
FVII-SCI03-DECL-0083,FVII-SCI03-DEF-0083,FoundationsVII.JoinEntryStatus,JoinEntryStatus,inductive,formalization/lean/FoundationsVII/Join/Entry.lean,18,24,1b21707e6c12b35c7d2372366995237670ed6dd44d6f9e6661b41df47a3b45ac,1b21707e6c12b35c7d2372366995237670ed6dd44d6f9e6661b41df47a3b45ac,PENDING_EXTERNAL_LEAN_REPLAY,"[""VII-C007""]"
FVII-SCI03-DECL-0084,FVII-SCI03-DEF-0084,FoundationsVII.JoinEntryRecord,JoinEntryRecord,structure,formalization/lean/FoundationsVII/Join/Entry.lean,25,40,7eee40a0d58c0e7d37739625e293fa58f6503141ceb308a6fdd6197f1cc885c1,7eee40a0d58c0e7d37739625e293fa58f6503141ceb308a6fdd6197f1cc885c1,PENDING_EXTERNAL_LEAN_REPLAY,"[""VII-C007""]"
FVII-SCI03-DECL-0085,FVII-SCI03-DEF-0085,FoundationsVII.JoinEntryRecord.ParentComplete,ParentComplete,def,formalization/lean/FoundationsVII/Join/Entry.lean,41,43,29130944f1bd64f9b6a5d7cf1f405a5827c65014adc09bf8aa599e3149cbbb7d,bdd14ffb2905fc8cf908b56a4942320d03031d0c4f4520359dce86d61a3bf1ad,PENDING_EXTERNAL_LEAN_REPLAY,"[""VII-C007""]"
FVII-SCI03-DECL-0086,FVII-SCI03-DEF-0086,FoundationsVII.JoinEntryRecord.SourceComplete,SourceComplete,def,formalization/lean/FoundationsVII/Join/Entry.lean,44,46,1235007eec1212b31b9b5355e9d00473f0cdee64ccfdd9e12f2968d6c3626319,f52047e0c557d45bc01a0d260594cc9dff590266d30e22c393083b51b79072a3,PENDING_EXTERNAL_LEAN_REPLAY,"[""VII-C007""]"
FVII-SCI03-DECL-0087,FVII-SCI03-DEF-0087,FoundationsVII.JoinEntryRecord.BudgetComplete,BudgetComplete,def,formalization/lean/FoundationsVII/Join/Entry.lean,47,49,f75efa90a1963a0ae128154f220b3712cae692571c8650a89191d81339231a03,2dc00e4918724bd64df696beb09e1899c8b261a1f0110a95f9ad3ddc5503a56c,PENDING_EXTERNAL_LEAN_REPLAY,"[""VII-C007""]"
FVII-SCI03-DECL-0088,FVII-SCI03-DEF-0088,FoundationsVII.JoinEntryRecord.ContactConsistent,ContactConsistent,def,formalization/lean/FoundationsVII/Join/Entry.lean,50,58,a64d02f58ce5ddf9d5da35b1eaaeb4947f91dfcabf1ae7b7ebb0b1689af1e908,44cbc95584a12662901fc15118e7619875b3c5d0186d02d55cd4cb3567d69124,PENDING_EXTERNAL_LEAN_REPLAY,"[""VII-C007""]"
FVII-SCI03-DECL-0089,FVII-SCI03-DEF-0089,FoundationsVII.JoinEntryRecord.WellFormed,WellFormed,def,formalization/lean/FoundationsVII/Join/Entry.lean,59,66,b2ab822a9fa7596c24c7fdae0f82cc0a997f9d97445332b1846fc3e1e30e3547,835f252c855affd75abdaf03e356b4b2a5f35b8762489e9314aaebcb79dba1e2,PENDING_EXTERNAL_LEAN_REPLAY,"[""VII-C007""]"
FVII-SCI03-DECL-0090,FVII-SCI03-DEF-0090,FoundationsVII.JoinEntryRecord.RetrospectivelyVerifiable,RetrospectivelyVerifiable,def,formalization/lean/FoundationsVII/Join/Entry.lean,67,69,84bbbef5840be2cc7480ecb78864045fda270ef138e6db71ad12cee1e3b5483c,f5a12fbd969e9645ac0cd0c08d9e5d1ab8e50a830aeedc93f2160e3d1dd1f32a,PENDING_EXTERNAL_LEAN_REPLAY,"[""VII-C007""]"
FVII-SCI03-DECL-0091,FVII-SCI03-THM-0091,FoundationsVII.JoinEntryRecord.wellFormed_has_two_parents,wellFormed_has_two_parents,theorem,formalization/lean/FoundationsVII/Join/Entry.lean,70,74,f4bdbeb9f2a8691be8d004b92570e8f25cbade66b7237a2d836f5a9f88b837b1,ccbad6a8f52998179abb24bae69df291fa4d51eaa35ebf7332c2195d2e860c7e,PENDING_EXTERNAL_LEAN_REPLAY,"[""VII-C007""]"
FVII-SCI03-DECL-0092,FVII-SCI03-THM-0092,FoundationsVII.JoinEntryRecord.wellFormed_has_typed_contact_surface,wellFormed_has_typed_contact_surface,theorem,formalization/lean/FoundationsVII/Join/Entry.lean,75,79,b113844d3a9256e5951ac0682d787a48c220fa895333b11fc0b728e4a87ccc34,2c3a4946fd41783af9e0de220c69a68dc1c97a9cde7037553222917fe77e6726,PENDING_EXTERNAL_LEAN_REPLAY,"[""VII-C007""]"
FVII-SCI03-DECL-0093,FVII-SCI03-THM-0093,FoundationsVII.JoinEntryRecord.wellFormed_has_source_ledger,wellFormed_has_source_ledger,theorem,formalization/lean/FoundationsVII/Join/Entry.lean,80,84,cd0bb0bd56e56ae00ace0d24c5be5249344320485c821fd14ad8c572354ad94d,0800d8cafc8f6d161ba95121ce47520d03a3ba67613d52de5c0f03c1915d9746,PENDING_EXTERNAL_LEAN_REPLAY,"[""VII-C007""]"
FVII-SCI03-DECL-0094,FVII-SCI03-THM-0094,FoundationsVII.JoinEntryRecord.wellFormed_has_budget_ledger,wellFormed_has_budget_ledger,theorem,formalization/lean/FoundationsVII/Join/Entry.lean,85,89,b9232273d0b9a112d2bbbd7cffc5c114e42206990e8ba03220f0d74c2cb5a302,519953172e061055f11be2466a9dbd131c2c2e50d4a8a493fc4a7f4ca909c8c4,PENDING_EXTERNAL_LEAN_REPLAY,"[""VII-C007""]"
FVII-SCI03-DECL-0095,FVII-SCI03-THM-0095,FoundationsVII.JoinEntryRecord.wellFormed_has_append_only_audit_surface,wellFormed_has_append_only_audit_surface,theorem,formalization/lean/FoundationsVII/Join/Entry.lean,90,94,725df95ad56cf55912c47fa4b8ca477b325f539c18b0a14e899ce54564f7c235,9b1d274df1e99290946d27554e1e0f7e24440cf517b436d9370e736f81f2c15f,PENDING_EXTERNAL_LEAN_REPLAY,"[""VII-C007""]"
FVII-SCI03-DECL-0096,FVII-SCI03-THM-0096,FoundationsVII.JoinEntryRecord.completed_has_witnessed_contact,completed_has_witnessed_contact,theorem,formalization/lean/FoundationsVII/Join/Entry.lean,95,100,033f2a0b7082f4397c46d53314c70d73a953fcc6f4f5f218a6d64b13ef606b14,d8249dfeaadcc2839f9bb1ba1e3a689baf0bd6defc99a4d6c7d466d2e5140e29,PENDING_EXTERNAL_LEAN_REPLAY,"[""VII-C007""]"
FVII-SCI03-DECL-0097,FVII-SCI03-THM-0097,FoundationsVII.JoinEntryRecord.completed_has_no_recorded_obstruction,completed_has_no_recorded_obstruction,theorem,formalization/lean/FoundationsVII/Join/Entry.lean,101,106,c587f8a67940e05b74498b8de241e357092a523e83bf27e4c712008da08c2014,7a5149263edfdfc72f008ba6c6547caea3dbd90947fc8a04bac07b7eae145cc9,PENDING_EXTERNAL_LEAN_REPLAY,"[""VII-C007""]"
FVII-SCI03-DECL-0098,FVII-SCI03-THM-0098,FoundationsVII.JoinEntryRecord.obstructed_has_obstruction,obstructed_has_obstruction,theorem,formalization/lean/FoundationsVII/Join/Entry.lean,107,112,fd93c2b505ee2d1fe78b7049cce88b019abf664e709d1625cd8adb56351ce1ee,b8b79faf3cdc74162fa233f1c67ce98bd15d489d1628a91e8fa15c30f3211ca6,PENDING_EXTERNAL_LEAN_REPLAY,"[""VII-C007""]"
FVII-SCI03-DECL-0099,FVII-SCI03-THM-0099,FoundationsVII.JoinEntryRecord.witnessed_state_has_contact,witnessed_state_has_contact,theorem,formalization/lean/FoundationsVII/Join/Entry.lean,113,119,90b7452b0c3cef432ce43a5b9c525d87b9918351c1cae0c70969107ae6ca2604,5c452a2d0baedfd1dbaa57b628f40040ddabf38af6a55cbcf8cabdad7656d6b9,PENDING_EXTERNAL_LEAN_REPLAY,"[""VII-C007""]"
FVII-SCI03-DECL-0100,FVII-SCI03-THM-0100,FoundationsVII.JoinEntryRecord.pending_ne_completed,pending_ne_completed,theorem,formalization/lean/FoundationsVII/Join/Entry.lean,120,122,ac502b33b5fd5f978337dc6909b8db9ac5fe7aec03c373243f7de0693a499a1d,080d13ab8aac8dd54f122f376a0fe2fc2c15365ef38d1daa56a2ad03bc6e7d13,PENDING_EXTERNAL_LEAN_REPLAY,"[""VII-C007""]"
FVII-SCI03-DECL-0101,FVII-SCI03-THM-0101,FoundationsVII.JoinEntryRecord.failed_ne_completed,failed_ne_completed,theorem,formalization/lean/FoundationsVII/Join/Entry.lean,123,125,1529666f8e778e8aee603137cab12a287f16ec82a30a16cbfd06cd4d82d69b32,62bc507b970acb6ee95367272e500d24cc6c5ba087d3b5f2db11e7c50eb1d5e5,PENDING_EXTERNAL_LEAN_REPLAY,"[""VII-C007""]"
FVII-SCI03-DECL-0102,FVII-SCI03-THM-0102,FoundationsVII.JoinEntryRecord.obstructed_ne_completed,obstructed_ne_completed,theorem,formalization/lean/FoundationsVII/Join/Entry.lean,126,133,0d63c8a25cb693645a7e40eb8ed48bc82dc54db32cfd0d4b0551bf27ce69cd82,8156d038c114fd1ebeb2a5762759ce7e45d4ab03d76b2936d18bf9d32023a77f,PENDING_EXTERNAL_LEAN_REPLAY,"[""VII-C007""]"
FVII-SCI03-DECL-0103,FVII-SCI03-DEF-0103,FoundationsVII.JoinEntryFieldProfile,JoinEntryFieldProfile,structure,formalization/lean/FoundationsVII/Join/Entry.lean,134,150,ad625c05a0693fa5633055c9bdc1e650acea8ed62eb1c0c0c5307ac4b477e0f0,ad625c05a0693fa5633055c9bdc1e650acea8ed62eb1c0c0c5307ac4b477e0f0,PENDING_EXTERNAL_LEAN_REPLAY,"[""VII-C007""]"
FVII-SCI03-DECL-0104,FVII-SCI03-DEF-0104,FoundationsVII.JoinEntryFieldProfile.StronglyComplete,StronglyComplete,def,formalization/lean/FoundationsVII/Join/Entry.lean,151,158,9fe019bca2c31a7defbbcafcea98f1cb23e6015a2b59b7ad2aee7a706b081e5b,6a54955060ab85a92f9a89a943e921b63d506888accc210e64fc11168ead13fb,PENDING_EXTERNAL_LEAN_REPLAY,"[""VII-C007""]"
FVII-SCI03-DECL-0105,FVII-SCI03-DEF-0105,FoundationsVII.JoinEntryFieldProfile.WeaklyAccepted,WeaklyAccepted,def,formalization/lean/FoundationsVII/Join/Entry.lean,159,173,a126b202cc5d7c47c960ef67226d1c28a9fb91e813bdf73ff68e432675487641,c8c6c186d5c7d410063eb42adfd871e323cac02eda340e8647f1d127ff954c28,PENDING_EXTERNAL_LEAN_REPLAY,"[""VII-C007""]"
FVII-SCI03-DECL-0106,FVII-SCI03-THM-0106,FoundationsVII.JoinEntryFieldProfile.weak_status_checker_has_source_false_positive,weak_status_checker_has_source_false_positive,theorem,formalization/lean/FoundationsVII/Join/Entry.lean,174,177,146101c0d1f29c08d3cbef2ecc990b20dc8984cb05b4c21a3ea861d4c7b631d5,31424ea7961e8518c4069c5075e5f07f651c648b4daba40bf2b2f2f453973fe1,PENDING_EXTERNAL_LEAN_REPLAY,"[""VII-C007""]"
FVII-SCI03-DECL-0107,FVII-SCI03-THM-0107,FoundationsVII.JoinEntryFieldProfile.weak_status_checker_has_contact_false_positive,weak_status_checker_has_contact_false_positive,theorem,formalization/lean/FoundationsVII/Join/Entry.lean,178,181,b90be8c4df3972cf93b3eef16b5f46e3a80bf058a99634afaa41e821032e2bce,605cb60cf38bfd2ee36313e5e8f2a18e2d73049e5b41ce7e2d0fa7b530df5ce3,PENDING_EXTERNAL_LEAN_REPLAY,"[""VII-C007""]"
FVII-SCI03-DECL-0108,FVII-SCI03-THM-0108,FoundationsVII.JoinEntryFieldProfile.weak_status_checker_has_budget_false_positive,weak_status_checker_has_budget_false_positive,theorem,formalization/lean/FoundationsVII/Join/Entry.lean,182,188,48226cd042dd7be0aaf8fef9a55a3a27e101dc643a3ae4da76679f336bd9c4ec,78118ff195f435e99801e04a1e8ed2b48bd7626b28e8678afeae5d96728e5222,PENDING_EXTERNAL_LEAN_REPLAY,"[""VII-C007""]"
FVII-SCI03-DECL-0109,FVII-SCI03-DEF-0109,FoundationsVII.ContactNullProfile,ContactNullProfile,structure,formalization/lean/FoundationsVII/Join/NonInteraction.lean,13,23,db0abcde017963b84d0e282f252348bb7aa72a759f6752348e2d522ab5641eeb,db0abcde017963b84d0e282f252348bb7aa72a759f6752348e2d522ab5641eeb,PENDING_EXTERNAL_LEAN_REPLAY,"[""VII-C033""]"
FVII-SCI03-DECL-0110,FVII-SCI03-DEF-0110,FoundationsVII.ContactNullProfile.NoEvidencedContact,NoEvidencedContact,def,formalization/lean/FoundationsVII/Join/NonInteraction.lean,24,26,bca89bc57789e38493dae41ab7d1112b36c4d3dbad5936ffa1f7c754aaf745a3,72738e6622fac70a1202e4d515e4360c7944f792cb5288d052ff10372913de6b,PENDING_EXTERNAL_LEAN_REPLAY,"[""VII-C033""]"
FVII-SCI03-DECL-0111,FVII-SCI03-DEF-0111,FoundationsVII.ContactNullProfile.CertifiedNonInteraction,CertifiedNonInteraction,def,formalization/lean/FoundationsVII/Join/NonInteraction.lean,27,34,e6f1c0fea10ae41691cfa8015b4479c5e24103816adda4671fc99501282e68f3,65ed97d06cf2e4f77a40e84dceca7ccf01ea15c0e9e03a7d82329f5e4b2cf36d,PENDING_EXTERNAL_LEAN_REPLAY,"[""VII-C033""]"
FVII-SCI03-DECL-0112,FVII-SCI03-DEF-0112,FoundationsVII.ContactNullProfile.openNull,openNull,def,formalization/lean/FoundationsVII/Join/NonInteraction.lean,35,42,c055da9b71ec35aa7054222d5e765ab217921b521e21a4d0f140afc3e9628721,b2c4b58f0bfd27cb285d61240d89f73e516d1f042954b19ebd7cdb905f2b61a3,PENDING_EXTERNAL_LEAN_REPLAY,"[""VII-C033""]"
FVII-SCI03-DECL-0113,FVII-SCI03-DEF-0113,FoundationsVII.ContactNullProfile.certifiedNull,certifiedNull,def,formalization/lean/FoundationsVII/Join/NonInteraction.lean,43,50,28a3eef110033a2ed6e5aac12ac8d10ed2b8c6efece8ae3817c23c27ab057442,44ff4fd899361fa04a2cac33c201e1b366296a85da128cf2e35310b6eb2a9877,PENDING_EXTERNAL_LEAN_REPLAY,"[""VII-C033""]"
FVII-SCI03-DECL-0114,FVII-SCI03-THM-0114,FoundationsVII.ContactNullProfile.openNull_has_no_evidenced_contact,openNull_has_no_evidenced_contact,theorem,formalization/lean/FoundationsVII/Join/NonInteraction.lean,51,52,ed0723671338c16f2a9df9aea398a48d72754390b0ea8d937425b748066e2e5a,97e23732cde4a63b266eb52f2912635b4dc67d76f879b0f67a36a350b0984d1d,PENDING_EXTERNAL_LEAN_REPLAY,"[""VII-C033""]"
FVII-SCI03-DECL-0115,FVII-SCI03-THM-0115,FoundationsVII.ContactNullProfile.openNull_is_not_certified,openNull_is_not_certified,theorem,formalization/lean/FoundationsVII/Join/NonInteraction.lean,53,54,c9fdc7d2b61fa5d5ef609928bd2436a52ddb922b8998c0e4f147fe7baa93c238,ee5bf3ac92af286417fd8f393f49c23f8a15261ce468e5a3e1cd82e4cff14b4f,PENDING_EXTERNAL_LEAN_REPLAY,"[""VII-C033""]"
FVII-SCI03-DECL-0116,FVII-SCI03-THM-0116,FoundationsVII.ContactNullProfile.certifiedNull_is_certified,certifiedNull_is_certified,theorem,formalization/lean/FoundationsVII/Join/NonInteraction.lean,55,56,29708c843c58d50b48d1d13d8b4154a9212bb4290d6271e21d99a4779571ce0a,c83e080079a920ba3467c61029ea70416c16077ba9861435040b24d8f0e7df7f,PENDING_EXTERNAL_LEAN_REPLAY,"[""VII-C033""]"
FVII-SCI03-DECL-0117,FVII-SCI03-THM-0117,FoundationsVII.ContactNullProfile.no_evidenced_contact_is_weaker_than_certified_noninteraction,no_evidenced_contact_is_weaker_than_certified_noninteraction,theorem,formalization/lean/FoundationsVII/Join/NonInteraction.lean,57,62,e3883f604da363da47ebdc5a8d3831d8c96c183096dde9aa2c331aa86d1eeb2c,48bb78ff8b2a550d00690628703693597c34ae94de2debca8e32a9a9a1a9b71b,PENDING_EXTERNAL_LEAN_REPLAY,"[""VII-C033""]"
FVII-SCI03-DECL-0118,FVII-SCI03-THM-0118,FoundationsVII.ContactNullProfile.certified_noninteraction_implies_no_evidenced_contact,certified_noninteraction_implies_no_evidenced_contact,theorem,formalization/lean/FoundationsVII/Join/NonInteraction.lean,63,68,3c82b4992b46a7b116043b47ef2c8e66565619ec2ade629f0b7c61bf3358279d,9baddbb6a136e077e55109b9e704e7d06b2426fc8e83af8c383e4ecce8c172d1,PENDING_EXTERNAL_LEAN_REPLAY,"[""VII-C033""]"
FVII-SCI03-DECL-0119,FVII-SCI03-DEF-0119,FoundationsVII.ContactCoverageCertificate,ContactCoverageCertificate,structure,formalization/lean/FoundationsVII/Join/NonInteraction.lean,69,83,8ed88a556a1630d472b8edfcfc2702c75b9a71765ae7fd6af9497b1122c7bbdc,8ed88a556a1630d472b8edfcfc2702c75b9a71765ae7fd6af9497b1122c7bbdc,PENDING_EXTERNAL_LEAN_REPLAY,"[""VII-C033""]"
FVII-SCI03-DECL-0120,FVII-SCI03-DEF-0120,FoundationsVII.ContactCoverageCertificate.Certified,Certified,def,formalization/lean/FoundationsVII/Join/NonInteraction.lean,84,94,32aab5907bd9a5e61ba2a4cfad6a6005a05d4d6223604b78e2af4fb8eb54be29,02d8f7b76df18ed5179ed743798779368dc020657b6ad41665d74e4095fe79b7,PENDING_EXTERNAL_LEAN_REPLAY,"[""VII-C033""]"
FVII-SCI03-DECL-0121,FVII-SCI03-THM-0121,FoundationsVII.ContactCoverageCertificate.certified_has_no_observed_contact,certified_has_no_observed_contact,theorem,formalization/lean/FoundationsVII/Join/NonInteraction.lean,95,99,cf319eb75489311dae26c58dbbaae868821e02d6f51023cee21efdd6f1dd512f,6f9c040bfb3270ce0d6fe02e93c0a3b3698db31b8e9fe3e10a0faf6e4cad4e8e,PENDING_EXTERNAL_LEAN_REPLAY,"[""VII-C033""]"
FVII-SCI03-DECL-0122,FVII-SCI03-THM-0122,FoundationsVII.ContactCoverageCertificate.certified_records_escape_routes,certified_records_escape_routes,theorem,formalization/lean/FoundationsVII/Join/NonInteraction.lean,100,106,b5ce5be521e7a922f81077c232608865725125054389575ea66cc85c40a876df,54c51ad7da0c5d5aed94c76341def2e94a1765c9ae7a59a940df800b603b8815,PENDING_EXTERNAL_LEAN_REPLAY,"[""VII-C033""]"
FVII-SCI03-DECL-0123,FVII-SCI03-DEF-0123,FoundationsVII.DeclaredContactCase,DeclaredContactCase,structure,formalization/lean/FoundationsVII/Join/NonInteraction.lean,107,114,74782b44c7d591ced8953990054b826845bea340b478323911c951cfef3b96d7,74782b44c7d591ced8953990054b826845bea340b478323911c951cfef3b96d7,PENDING_EXTERNAL_LEAN_REPLAY,"[""VII-C033""]"
FVII-SCI03-DECL-0124,FVII-SCI03-DEF-0124,FoundationsVII.DeclaredContactCase.ExhaustedNoContact,ExhaustedNoContact,def,formalization/lean/FoundationsVII/Join/NonInteraction.lean,115,117,480a85e7f5e993001459fd85153bb4dd3a11f74230469cd27eccd133d4ba29e2,861d9c0bdd7d801d103eaf51b332faae2aab1e8a393344804a3e2de29bddd34e,PENDING_EXTERNAL_LEAN_REPLAY,"[""VII-C033""]"
FVII-SCI03-DECL-0125,FVII-SCI03-DEF-0125,FoundationsVII.DeclaredContactCase.CoveredBy,CoveredBy,def,formalization/lean/FoundationsVII/Join/NonInteraction.lean,118,120,62a71ac235e6220fc6d9129a2ea3bfd0f0e3a766d0bf15ee1d4eb7f010c30a8f,d818c58c9bfeb0c0bdb2987d74a663f15b890df655ef97a81cbc168a18ce7d4d,PENDING_EXTERNAL_LEAN_REPLAY,"[""VII-C033""]"
FVII-SCI03-DECL-0126,FVII-SCI03-THM-0126,FoundationsVII.DeclaredContactCase.exhaustive_declared_family_excludes_contact,exhaustive_declared_family_excludes_contact,theorem,formalization/lean/FoundationsVII/Join/NonInteraction.lean,121,129,bdc03fdd8ea060f429036e24104266ed88300703fa3581c8c76aefb9f85801e5,243a34cac52d11bbb8c4f2590ac762ee6eef7e116f5abef85b0b177374562ff3,PENDING_EXTERNAL_LEAN_REPLAY,"[""VII-C033""]"
FVII-SCI03-DECL-0127,FVII-SCI03-THM-0127,FoundationsVII.DeclaredContactCase.outside_family_is_an_explicit_escape,outside_family_is_an_explicit_escape,theorem,formalization/lean/FoundationsVII/Join/NonInteraction.lean,130,136,6fa41f424afeddff0af8bafd80953f1dccb3993b98a68c0f223d0932e11dc3e5,3833789bdfa56bf8c046d39d689fa7b22f788a1530d6b307c55170ad1a08312a,PENDING_EXTERNAL_LEAN_REPLAY,"[""VII-C033""]"
FVII-SCI03-DECL-0128,FVII-SCI03-DEF-0128,FoundationsVII.CompositeClosureWitness,CompositeClosureWitness,structure,formalization/lean/FoundationsVII/Join/Objecthood.lean,16,27,ba56e71df3b2630e0592ad7e5e51f197c5b34499753fae40ddd2ccc8920032f1,ba56e71df3b2630e0592ad7e5e51f197c5b34499753fae40ddd2ccc8920032f1,PENDING_EXTERNAL_LEAN_REPLAY,"[""VII-C009""]"
FVII-SCI03-DECL-0129,FVII-SCI03-DEF-0129,FoundationsVII.CompositeClosureWitness.Objecthood,Objecthood,def,formalization/lean/FoundationsVII/Join/Objecthood.lean,28,30,ecbe6f19b287f177ca9ec29deb00c110652bad6dc9902797e8e0d3ce5f1d34b7,7b349fc284a956ea0f9b4d9cee7179898693f14762a6e509e173ebbf2dbf2241,PENDING_EXTERNAL_LEAN_REPLAY,"[""VII-C009""]"
FVII-SCI03-DECL-0130,FVII-SCI03-DEF-0130,FoundationsVII.CompositeClosureWitness.RetainsLeft,RetainsLeft,def,formalization/lean/FoundationsVII/Join/Objecthood.lean,31,33,afdf58b5ab94bb426cb22332caa392a6f7007bb61283286b8befb27ffea808e5,9d9a061970d6a36468d822ade452838eb58189093fb86f9bc17c7990fe54bf23,PENDING_EXTERNAL_LEAN_REPLAY,"[""VII-C009""]"
FVII-SCI03-DECL-0131,FVII-SCI03-DEF-0131,FoundationsVII.CompositeClosureWitness.RetainsRight,RetainsRight,def,formalization/lean/FoundationsVII/Join/Objecthood.lean,34,36,26adfd3755da3fd059626ab4b4c26c3a837bc870359620fe2e88fd488eca1188,5c1150a5e1d247090f4dbfbe94d63f4324eb8bd9e7ce36f046738473d070cc52,PENDING_EXTERNAL_LEAN_REPLAY,"[""VII-C009""]"
FVII-SCI03-DECL-0132,FVII-SCI03-DEF-0132,FoundationsVII.CompositeClosureWitness.Certified,Certified,def,formalization/lean/FoundationsVII/Join/Objecthood.lean,37,40,c2574abb73c25a870acb643dec7f99741b831a2d622de00c543d19a9fc965cc4,a6b68d7705198bf360448020982515e1f72c7231321eac89298d83a7e510d188,PENDING_EXTERNAL_LEAN_REPLAY,"[""VII-C009""]"
FVII-SCI03-DECL-0133,FVII-SCI03-THM-0133,FoundationsVII.CompositeClosureWitness.objecthood_from_fixed_point,objecthood_from_fixed_point,theorem,formalization/lean/FoundationsVII/Join/Objecthood.lean,41,43,1087e25e73042d40823d55a1e2baaddaa04b08e54793310dd6260521a5ae4135,a083ee1dac3931e824a61e14fda8757252a5c422b2fb40095a5de55c1320e664,PENDING_EXTERNAL_LEAN_REPLAY,"[""VII-C009""]"
FVII-SCI03-DECL-0134,FVII-SCI03-THM-0134,FoundationsVII.CompositeClosureWitness.left_retention_from_embedding,left_retention_from_embedding,theorem,formalization/lean/FoundationsVII/Join/Objecthood.lean,44,46,830158758444c1a295d0867497202159d285edbc0950f147014e0f450b083c91,4c71a83f6e5c74b64ea98f93e411ae9652e41f7c78cdb0bb17ffc001ed81c670,PENDING_EXTERNAL_LEAN_REPLAY,"[""VII-C009""]"
FVII-SCI03-DECL-0135,FVII-SCI03-THM-0135,FoundationsVII.CompositeClosureWitness.right_retention_from_embedding,right_retention_from_embedding,theorem,formalization/lean/FoundationsVII/Join/Objecthood.lean,47,49,9ef257894389459bb4ffd9b5dd469bf3eb52cd9a7fd44ad1eaa1c921c934a42d,91145e7925a41a7024efb5811ec37221c9431103c8246de4dd80ac8ae91f8eff,PENDING_EXTERNAL_LEAN_REPLAY,"[""VII-C009""]"
FVII-SCI03-DECL-0136,FVII-SCI03-THM-0136,FoundationsVII.CompositeClosureWitness.certified_of_proof_carrying_witness,certified_of_proof_carrying_witness,theorem,formalization/lean/FoundationsVII/Join/Objecthood.lean,50,54,2eb8ece99adf971a39cf296c609090959bd6f83af385dd35822ea73d1faffc44,adc88b19d087ea08e17dde6e091edd31926e71e4ac480619726a1e42416e133c,PENDING_EXTERNAL_LEAN_REPLAY,"[""VII-C009""]"
FVII-SCI03-DECL-0137,FVII-SCI03-THM-0137,FoundationsVII.CompositeClosureWitness.certified_has_objecthood,certified_has_objecthood,theorem,formalization/lean/FoundationsVII/Join/Objecthood.lean,55,57,811033e0ff879586e304478e1fdddabb4d18a72c7a3ef1a429045efc8836e7ae,902d225ae9517ec8180a27f46344441d63e9d407b4fa8ec96d711232e4721b11,PENDING_EXTERNAL_LEAN_REPLAY,"[""VII-C009""]"
FVII-SCI03-DECL-0138,FVII-SCI03-THM-0138,FoundationsVII.CompositeClosureWitness.certified_retains_both_parents,certified_retains_both_parents,theorem,formalization/lean/FoundationsVII/Join/Objecthood.lean,58,83,c84473dbd9cb02f1df829aa118ce2bb3451255b162245795c220898bd00e1941,904292ce07322bc2cb30c674a0c3b26fd19f5acc1ce535861461d990f900c6a3,PENDING_EXTERNAL_LEAN_REPLAY,"[""VII-C009""]"
FVII-SCI03-DECL-0139,FVII-SCI03-THM-0139,FoundationsVII.finite_composite_objecthood_control,finite_composite_objecthood_control,theorem,formalization/lean/FoundationsVII/Join/Objecthood.lean,84,89,87d071eda1bfaa224fab22b49b7dbdb9384c636a205e03db22db9ce48773017c,2933a15a8cf99e45b53c3b12654ed999070dc6ab29f6eb96e4ae47a5d4acb12a,PENDING_EXTERNAL_LEAN_REPLAY,"[""VII-C009""]"
FVII-SCI03-DECL-0140,FVII-SCI03-DEF-0140,FoundationsVII.ParentRetentionStatus,ParentRetentionStatus,inductive,formalization/lean/FoundationsVII/Join/Retention.lean,13,18,90086718cbad0c18c12f023a3a8f131e04469eaa20faa0264db3c7579b5e9616,90086718cbad0c18c12f023a3a8f131e04469eaa20faa0264db3c7579b5e9616,PENDING_EXTERNAL_LEAN_REPLAY,"[""VII-C030""]"
FVII-SCI03-DECL-0141,FVII-SCI03-DEF-0141,FoundationsVII.allParentRetentionStatuses,allParentRetentionStatuses,def,formalization/lean/FoundationsVII/Join/Retention.lean,19,21,6ee2d6e8b2aa278edddd9a0a399ffba9e45ce7b61f61ac69a7162006a2a11eb3,1c626c0a2bc25717d6819ab3f9c88495d3d81dfe23406e00b1b1c015bc707235,PENDING_EXTERNAL_LEAN_REPLAY,"[""VII-C030""]"
FVII-SCI03-DECL-0142,FVII-SCI03-THM-0142,FoundationsVII.parentRetentionStatus_mem_all,parentRetentionStatus_mem_all,theorem,formalization/lean/FoundationsVII/Join/Retention.lean,22,25,1abdc99db81856f30b27c1459fe5ef62a8825186d930352a804a5f892c5f987d,6c3153977eb0ced4f78f6c574e41b13cf93ffbc35cedeb004577609648f30d1c,PENDING_EXTERNAL_LEAN_REPLAY,"[""VII-C030""]"
FVII-SCI03-DECL-0143,FVII-SCI03-DEF-0143,FoundationsVII.ParentRetentionMap,ParentRetentionMap,structure,formalization/lean/FoundationsVII/Join/Retention.lean,26,38,40603302b17f5442c1afeafef2d5894aee56734fc65478f29fc9e9b67dfea4ec,40603302b17f5442c1afeafef2d5894aee56734fc65478f29fc9e9b67dfea4ec,PENDING_EXTERNAL_LEAN_REPLAY,"[""VII-C030""]"
FVII-SCI03-DECL-0144,FVII-SCI03-DEF-0144,FoundationsVII.ParentRetentionMap.WellFormed,WellFormed,def,formalization/lean/FoundationsVII/Join/Retention.lean,39,50,43424290b7f109f7287b0de7c53f29b885bb5292ed809303c2409d83020709bc,02f492b3e9d51cb6c2f807e804dab9ffb7f9f66f6d80aeea9db610a15b6893f3,PENDING_EXTERNAL_LEAN_REPLAY,"[""VII-C030""]"
FVII-SCI03-DECL-0145,FVII-SCI03-DEF-0145,FoundationsVII.ParentRetentionMap.FullRetention,FullRetention,def,formalization/lean/FoundationsVII/Join/Retention.lean,51,53,754a048e0844cbf06088b7dc2f2ed1ea3d7bcd76d67b93c58436a338f036b6fa,30d5c0a1f711741d497f5cf0e3fd93ea21057127bd1acaa6ee72e8daeee27135,PENDING_EXTERNAL_LEAN_REPLAY,"[""VII-C030""]"
FVII-SCI03-DECL-0146,FVII-SCI03-THM-0146,FoundationsVII.ParentRetentionMap.full_retention_is_recoverable,full_retention_is_recoverable,theorem,formalization/lean/FoundationsVII/Join/Retention.lean,54,58,cefdb51c1217be946da92e4d3936f683afc6e7e7d8c17e335db6a2cd463bd3b5,4e3431a254db75079e7ad6a4e6e628757fc1cc385777a3bdace3c10cbc066cf2,PENDING_EXTERNAL_LEAN_REPLAY,"[""VII-C030""]"
FVII-SCI03-DECL-0147,FVII-SCI03-THM-0147,FoundationsVII.ParentRetentionMap.erased_parent_is_not_recoverable,erased_parent_is_not_recoverable,theorem,formalization/lean/FoundationsVII/Join/Retention.lean,59,64,7ba49fb5bad14a3af6f8263cb0ed88e179b5c68e92d9ae7484195661c4de0745,07d34184a42422c442bb55421cfe4ddf3c42fa2c0926edd0b13bdbf4eebffaae,PENDING_EXTERNAL_LEAN_REPLAY,"[""VII-C030""]"
FVII-SCI03-DECL-0148,FVII-SCI03-DEF-0148,FoundationsVII.JoinDescentCertificate,JoinDescentCertificate,structure,formalization/lean/FoundationsVII/Join/Retention.lean,65,75,c92067bcbcdf2a713f13bae6e9f9ec5ae2c4e5ab44611e9e64bb73f4f4fe25a8,c92067bcbcdf2a713f13bae6e9f9ec5ae2c4e5ab44611e9e64bb73f4f4fe25a8,PENDING_EXTERNAL_LEAN_REPLAY,"[""VII-C030""]"
FVII-SCI03-DECL-0149,FVII-SCI03-DEF-0149,FoundationsVII.JoinDescentCertificate.Valid,Valid,def,formalization/lean/FoundationsVII/Join/Retention.lean,76,84,81a18e4a11f6886b52a86615983dd860b3b706a910bd6c6aafc80620aade35dc,364f2a762197e45a38259a52f0bcb5f527a8e0b0faae0b2ba5aaec5be02691ba,PENDING_EXTERNAL_LEAN_REPLAY,"[""VII-C030""]"
FVII-SCI03-DECL-0150,FVII-SCI03-THM-0150,FoundationsVII.JoinDescentCertificate.valid_accounts_for_all_parents,valid_accounts_for_all_parents,theorem,formalization/lean/FoundationsVII/Join/Retention.lean,85,89,803a9c1e8761ad75303b011a56cd4cef632fde88b324e5d7b67baec0ab4b937b,60da88b1bc9ed312d2eda641eab0ce47d696bf783fec7ee570356325071c8eef,PENDING_EXTERNAL_LEAN_REPLAY,"[""VII-C030""]"
FVII-SCI03-DECL-0151,FVII-SCI03-DEF-0151,FoundationsVII.RefinementEffect,RefinementEffect,inductive,formalization/lean/FoundationsVII/Join/Retention.lean,90,96,0e2d72cf049037d0e3526aeb5247cdd673d2d59fee8b417a38fe41895098acb4,0e2d72cf049037d0e3526aeb5247cdd673d2d59fee8b417a38fe41895098acb4,PENDING_EXTERNAL_LEAN_REPLAY,"[""VII-C030""]"
FVII-SCI03-DECL-0152,FVII-SCI03-DEF-0152,FoundationsVII.allRefinementEffects,allRefinementEffects,def,formalization/lean/FoundationsVII/Join/Retention.lean,97,99,6c2d72d51bee5ea9c9d21a1fc810300100b88814c826ad6cad6fa86f4abb6561,b2b5e3035b53abaf2ca4bdc7952cb6c2db12aca3ecb2126d5eb1aaf1fb5f7c53,PENDING_EXTERNAL_LEAN_REPLAY,"[""VII-C030""]"
FVII-SCI03-DECL-0153,FVII-SCI03-THM-0153,FoundationsVII.refinementEffect_mem_all,refinementEffect_mem_all,theorem,formalization/lean/FoundationsVII/Join/Retention.lean,100,103,d7ad7583777d137194a87c218eca79237fa6f1cdf4544aff67f5d0fd60b5d3f5,0f468f61d3306aa7a7463baaaacfbfdffc22e2ec5cdbc5647e62cf5ec805b71f,PENDING_EXTERNAL_LEAN_REPLAY,"[""VII-C030""]"
FVII-SCI03-DECL-0154,FVII-SCI03-DEF-0154,FoundationsVII.ParentRefinementRecord,ParentRefinementRecord,structure,formalization/lean/FoundationsVII/Join/Retention.lean,104,115,49c45cb310291fb6af86ccce49e217476f967433b448637d2f7b02c1c3a213b0,49c45cb310291fb6af86ccce49e217476f967433b448637d2f7b02c1c3a213b0,PENDING_EXTERNAL_LEAN_REPLAY,"[""VII-C030""]"
FVII-SCI03-DECL-0155,FVII-SCI03-DEF-0155,FoundationsVII.ParentRefinementRecord.WellFormed,WellFormed,def,formalization/lean/FoundationsVII/Join/Retention.lean,116,202,e1003a50598bc86891051c965e8eb10dc6ed03dcb73f6753ade9f9f46696c151,f6ad15a881ba33d23a200c71fd264c85b3c769ed159f451c20815ecfe7351a51,PENDING_EXTERNAL_LEAN_REPLAY,"[""VII-C030""]"
FVII-SCI03-DECL-0156,FVII-SCI03-THM-0156,FoundationsVII.full_and_partial_retention_are_explicit,full_and_partial_retention_are_explicit,theorem,formalization/lean/FoundationsVII/Join/Retention.lean,203,208,e4e42f44bfd46a10230617f31f9f217ca7360e41d241379059821ac65e9a935e,cda6f25ae3c8e160dc6a9b8df152d544ba7b2d256802872a6bcbe7b47d85ef18,PENDING_EXTERNAL_LEAN_REPLAY,"[""VII-C030""]"
FVII-SCI03-DECL-0157,FVII-SCI03-THM-0157,FoundationsVII.composite_formation_does_not_imply_parent_retention,composite_formation_does_not_imply_parent_retention,theorem,formalization/lean/FoundationsVII/Join/Retention.lean,209,214,b79be537e4e8f7f99925e9a7b873fedefca670d7cc19f37ba0df04c9e2d7b5e5,fb8091ff0a2529e737b2295b65059f39dca7e0a0cf068b2043c99601e0285f03,PENDING_EXTERNAL_LEAN_REPLAY,"[""VII-C030""]"
FVII-SCI03-DECL-0158,FVII-SCI03-THM-0158,FoundationsVII.join_descent_certificate_accounts_for_retained_parents,join_descent_certificate_accounts_for_retained_parents,theorem,formalization/lean/FoundationsVII/Join/Retention.lean,215,220,ee472a4389d84b880ac415261ede720c2fa7c0195c2c0845d7792fadf651a751,6bf6afb8c2603980afb1e808d7d5f91f86bc5813878391bd6d655aebe76b73eb,PENDING_EXTERNAL_LEAN_REPLAY,"[""VII-C030""]"
FVII-SCI03-DECL-0159,FVII-SCI03-THM-0159,FoundationsVII.refinement_effects_have_all_four_controls,refinement_effects_have_all_four_controls,theorem,formalization/lean/FoundationsVII/Join/Retention.lean,221,231,893f4fef198b129a6dd918249074eed45eaf6821d1506718b70f773f6dfd28df,cc12c6d236ae9bb767dcd589d85053626adbc8fedb289384dcc9a8b7af7588f9,PENDING_EXTERNAL_LEAN_REPLAY,"[""VII-C030""]"
FVII-SCI03-DECL-0160,FVII-SCI03-THM-0160,FoundationsVII.refinement_may_preserve_or_destroy_join_evidence,refinement_may_preserve_or_destroy_join_evidence,theorem,formalization/lean/FoundationsVII/Join/Retention.lean,232,239,64abf9ff38a64a5ed2c0d863cb1a7dccce4b02433283b3d703b06af6985a11ad,5cad1e6d6b1e9e8de2b3f7fae9d887c1ccba58748d06c1b2fce76e692160589c,PENDING_EXTERNAL_LEAN_REPLAY,"[""VII-C030""]"
FVII-SCI03-DECL-0161,FVII-SCI03-THM-0161,FoundationsVII.no_unconditional_join_monotonicity_under_refinement,no_unconditional_join_monotonicity_under_refinement,theorem,formalization/lean/FoundationsVII/Join/Retention.lean,240,250,20c9af33056181d69edc310a985f1644fc264f5441857189b91413e948167a37,229f5e18fee6fe65f1c5b539a9c8dd1e416149775ffe5c723671ea3eada9547b,PENDING_EXTERNAL_LEAN_REPLAY,"[""VII-C030""]"
FVII-SCI03-DECL-0162,FVII-SCI03-DEF-0162,FoundationsVII.SourceAncestry,SourceAncestry,structure,formalization/lean/FoundationsVII/Join/Source.lean,12,20,168d3ab26f4c0e04c9d8f7aae3b11aab6b68b361506fbb61e6a02fd856c216f5,168d3ab26f4c0e04c9d8f7aae3b11aab6b68b361506fbb61e6a02fd856c216f5,PENDING_EXTERNAL_LEAN_REPLAY,"[""VII-C010""]"
FVII-SCI03-DECL-0163,FVII-SCI03-DEF-0163,FoundationsVII.SourceAncestry.SameLineage,SameLineage,def,formalization/lean/FoundationsVII/Join/Source.lean,21,23,56811b3b2a27eadcf9ae33f353607210860777861b255fad81122bd033b392c1,3560afc3643eec2bbab45c28a96e045ab95107b0e9b000163901f509ae3f8f57,PENDING_EXTERNAL_LEAN_REPLAY,"[""VII-C010""]"
FVII-SCI03-DECL-0164,FVII-SCI03-DEF-0164,FoundationsVII.SourceAncestry.Independent,Independent,def,formalization/lean/FoundationsVII/Join/Source.lean,24,26,4ee1bd2ac69387c187dfa72c4bdf9bd5ee9cbac1d68e87e8e5c7271ec4a66c80,d6e78c93ab6eabe97dfcf642532ddc255aacf7107d12f359ad7f82769f3e7e39,PENDING_EXTERNAL_LEAN_REPLAY,"[""VII-C010""]"
FVII-SCI03-DECL-0165,FVII-SCI03-THM-0165,FoundationsVII.SourceAncestry.same_lineage_excludes_independence,same_lineage_excludes_independence,theorem,formalization/lean/FoundationsVII/Join/Source.lean,27,31,8ec18b85034338c0f783eb33a9dce9ae9af59c24b904a4ee7f83949832043c09,da1c1f8a823f665206fbc3411b909e5b12c7f7d7ebdaa84f2a3529dea1a9203b,PENDING_EXTERNAL_LEAN_REPLAY,"[""VII-C010""]"
FVII-SCI03-DECL-0166,FVII-SCI03-THM-0166,FoundationsVII.SourceAncestry.independence_excludes_same_lineage,independence_excludes_same_lineage,theorem,formalization/lean/FoundationsVII/Join/Source.lean,32,38,846b8cffbba834997d6e5638603b13e2b4fd3b5b32d57b68e9b121f982509f5a,296653d719edfd2222dfef657e10a7faf3d2f193225b845e7aa6a0669e441ff6,PENDING_EXTERNAL_LEAN_REPLAY,"[""VII-C010""]"
FVII-SCI03-DECL-0167,FVII-SCI03-DEF-0167,FoundationsVII.HonestBridgeRecord,HonestBridgeRecord,structure,formalization/lean/FoundationsVII/Join/Source.lean,39,50,12287a8d37d047c21288dcf52e142f6c865cbbfa255610394665d6e7f22496a6,12287a8d37d047c21288dcf52e142f6c865cbbfa255610394665d6e7f22496a6,PENDING_EXTERNAL_LEAN_REPLAY,"[""VII-C010""]"
FVII-SCI03-DECL-0168,FVII-SCI03-DEF-0168,FoundationsVII.HonestBridgeRecord.Certified,Certified,def,formalization/lean/FoundationsVII/Join/Source.lean,51,58,255a64e341a8393aa44b703c4fd8ff6ce38d3ce1c51feeae1a0aad5f5df6f173,e99ad0bf6dc873db180b621f1a7e1b0e0889cba3eb269a1c51f60495941fd4dc,PENDING_EXTERNAL_LEAN_REPLAY,"[""VII-C010""]"
FVII-SCI03-DECL-0169,FVII-SCI03-THM-0169,FoundationsVII.HonestBridgeRecord.certified_records_bridged_kind,certified_records_bridged_kind,theorem,formalization/lean/FoundationsVII/Join/Source.lean,59,62,e52569d7dec8250c1ca6dff54f5d9e77bc3c96711676c69931b64ff31eaf243b,606e6ff4f6ebe6aef8823cbaefc0e1af071eefd9e73ed660240fe6c5bc0ac45b,PENDING_EXTERNAL_LEAN_REPLAY,"[""VII-C010""]"
FVII-SCI03-DECL-0170,FVII-SCI03-THM-0170,FoundationsVII.HonestBridgeRecord.certified_records_declared_origin,certified_records_declared_origin,theorem,formalization/lean/FoundationsVII/Join/Source.lean,63,67,6db0dc153ba61113359b3afbe5217145e89077cc9a3a1d4605490a1b42bb07dc,6a580497257ac2c24ac0b7fef7e3904ccd0702be440cf7959d2ea663177e8489,PENDING_EXTERNAL_LEAN_REPLAY,"[""VII-C010""]"
FVII-SCI03-DECL-0171,FVII-SCI03-THM-0171,FoundationsVII.HonestBridgeRecord.certified_preserves_kind_metadata,certified_preserves_kind_metadata,theorem,formalization/lean/FoundationsVII/Join/Source.lean,68,73,fcce8205d99940d33d2ae776f1fcdb6c240528e90e393f8da0c63eadc1febdf0,4c02f8966671741d05b7879375d3d800f0cf6f2cec1d76db2fad2a737bb572c4,PENDING_EXTERNAL_LEAN_REPLAY,"[""VII-C010""]"
FVII-SCI03-DECL-0172,FVII-SCI03-DEF-0172,FoundationsVII.SourceIndependenceGate,SourceIndependenceGate,structure,formalization/lean/FoundationsVII/Join/Source.lean,74,83,3fe6c0ffb9963f853f5f798db21801680f5f4ae945befcf98eecec7a13ccdc78,3fe6c0ffb9963f853f5f798db21801680f5f4ae945befcf98eecec7a13ccdc78,PENDING_EXTERNAL_LEAN_REPLAY,"[""VII-C010""]"
FVII-SCI03-DECL-0173,FVII-SCI03-DEF-0173,FoundationsVII.SourceIndependenceGate.Certified,Certified,def,formalization/lean/FoundationsVII/Join/Source.lean,84,88,3159834cd0b35c2eaed9f2ff9d78ffa8e27155b0f575d266a3052662755f96ca,ef4e31d362e485c980221413a217fa13d4a8d3940052fbde7dd8d8ca2ef44951,PENDING_EXTERNAL_LEAN_REPLAY,"[""VII-C010""]"
FVII-SCI03-DECL-0174,FVII-SCI03-DEF-0174,FoundationsVII.SourceIndependenceGate.IndependenceSensitiveCredit,IndependenceSensitiveCredit,def,formalization/lean/FoundationsVII/Join/Source.lean,89,91,325ea59abfa4ba8daad2d7e48a0a0921ec606b071af414e1cce338717ee71459,41c4e269badeef5088e8be3c087ba2cfbfcbd3d5a59cce0722cbfd51b7074287,PENDING_EXTERNAL_LEAN_REPLAY,"[""VII-C010""]"
FVII-SCI03-DECL-0175,FVII-SCI03-THM-0175,FoundationsVII.SourceIndependenceGate.same_lineage_fails_independence_sensitive_credit,same_lineage_fails_independence_sensitive_credit,theorem,formalization/lean/FoundationsVII/Join/Source.lean,92,98,0186a20f03e8fbdff9656f1da7bb30f96e4c3a8f4ba9152dcb077da9b5627461,3a5b66ca0635f337bc5527ab41b08351a603b44af389ce4f6bf1d658798c53c8,PENDING_EXTERNAL_LEAN_REPLAY,"[""VII-C010""]"
FVII-SCI03-DECL-0176,FVII-SCI03-THM-0176,FoundationsVII.SourceIndependenceGate.behavioral_nonfactorization_alone_is_insufficient,behavioral_nonfactorization_alone_is_insufficient,theorem,formalization/lean/FoundationsVII/Join/Source.lean,99,106,82214cefacf18e0814c07daed5c46dddc257afe53f76ffeb5eba626d0c6242e4,c7f83a0bea9f256ae6a55ed8282857f9aa806cbca65bb2f64cd65977b43d3a36,PENDING_EXTERNAL_LEAN_REPLAY,"[""VII-C010""]"
FVII-SCI03-DECL-0177,FVII-SCI03-THM-0177,FoundationsVII.SourceIndependenceGate.certified_gate_separates_source_and_behavior,certified_gate_separates_source_and_behavior,theorem,formalization/lean/FoundationsVII/Join/Source.lean,107,116,a90fbbac76f0712d45110c24a0a8a09d01910dadfd7983d3d8b42247cf1a7988,9a8d3c23dd8aeddd3d0551add344bccf73769dbcbf2b016849e5df74070868da,PENDING_EXTERNAL_LEAN_REPLAY,"[""VII-C010""]"
FVII-SCI03-DECL-0178,FVII-SCI03-DEF-0178,FoundationsVII.JoinStatus,JoinStatus,inductive,formalization/lean/FoundationsVII/Join/Status.lean,13,22,2ac0dd58f1d5a598176c50c4e76afcc36dd3d3557eaed1b263217d26e3ccf882,2ac0dd58f1d5a598176c50c4e76afcc36dd3d3557eaed1b263217d26e3ccf882,PENDING_EXTERNAL_LEAN_REPLAY,"[""VII-C008""]"
FVII-SCI03-DECL-0179,FVII-SCI03-DEF-0179,FoundationsVII.JoinAssessment,JoinAssessment,structure,formalization/lean/FoundationsVII/Join/Status.lean,23,37,a045937e02218a0e7697f5d4d13f1c8c1ccdb94ffd7fb2eb91dea48857985f9d,a045937e02218a0e7697f5d4d13f1c8c1ccdb94ffd7fb2eb91dea48857985f9d,PENDING_EXTERNAL_LEAN_REPLAY,"[""VII-C008""]"
FVII-SCI03-DECL-0180,FVII-SCI03-DEF-0180,FoundationsVII.JoinAssessment.StrictEligible,StrictEligible,def,formalization/lean/FoundationsVII/Join/Status.lean,38,46,124d131560444a04074dcb05af3c84d208a4042615425ebecfdd4a5788d395d6,42c73fae2b7487c78508d0673129430866c44e617b5d4c72cf7ccc37891b1484,PENDING_EXTERNAL_LEAN_REPLAY,"[""VII-C008""]"
FVII-SCI03-DECL-0181,FVII-SCI03-DEF-0181,FoundationsVII.JoinAssessment.strictEligibleB,strictEligibleB,def,formalization/lean/FoundationsVII/Join/Status.lean,47,51,55904171a0ffc9ba1041cc3632a201e3d43777bbea7d0ac9296b6b997a697f37,afc3e3d6ae970d093a63169fca27486072d607df004fd2dc20f57518b15dd676,PENDING_EXTERNAL_LEAN_REPLAY,"[""VII-C008""]"
FVII-SCI03-DECL-0182,FVII-SCI03-DEF-0182,FoundationsVII.JoinAssessment.classify,classify,def,formalization/lean/FoundationsVII/Join/Status.lean,52,60,0436a996f49bfb65028b833a89bb9f644ad128d7f07445a342cc65078f72d801,64c97cac700eed5fc2802cce92c4b783b17bd3a8783f638d0bb05338e4b5be9e,PENDING_EXTERNAL_LEAN_REPLAY,"[""VII-C008""]"
FVII-SCI03-DECL-0183,FVII-SCI03-THM-0183,FoundationsVII.JoinAssessment.strictEligibleB_eq_true_iff,strictEligibleB_eq_true_iff,theorem,formalization/lean/FoundationsVII/Join/Status.lean,61,64,3aaf29eb6354e1806ced888f5c6e5d95d7132603eea701b72398dfdc7e83f59a,b0a1a38b142cdedfc38e49884ff4f83f689699296a703b4956a51a8ee6c13b54,PENDING_EXTERNAL_LEAN_REPLAY,"[""VII-C008""]"
FVII-SCI03-DECL-0184,FVII-SCI03-THM-0184,FoundationsVII.JoinAssessment.strict_status_constructor,strict_status_constructor,theorem,formalization/lean/FoundationsVII/Join/Status.lean,65,72,70ac20aa0f47f10f72902d7c6b829fc4c71c8e43f093a2a0032b744cd457277a,2628ee2a063b4e7e1f3d03d9c70aa4cdca3f18804c36a0e1b8dfe2740456d2bb,PENDING_EXTERNAL_LEAN_REPLAY,"[""VII-C008""]"
FVII-SCI03-DECL-0185,FVII-SCI03-THM-0185,FoundationsVII.JoinAssessment.noninteraction_status_constructor,noninteraction_status_constructor,theorem,formalization/lean/FoundationsVII/Join/Status.lean,73,77,3eedbc187b00f9f5c751f0325d1e9a015f2bd4b4f4c4a56179ce43e509563dc5,0f6f1de17ad936c030bbf951207e18bb66c0f72e6964372167cb7f632a7596e2,PENDING_EXTERNAL_LEAN_REPLAY,"[""VII-C008""]"
FVII-SCI03-DECL-0186,FVII-SCI03-THM-0186,FoundationsVII.JoinAssessment.obstruction_status_constructor,obstruction_status_constructor,theorem,formalization/lean/FoundationsVII/Join/Status.lean,78,83,70174ce5f8a8af570c451672cd0b161399ce6f55d44b60b9ef31d398176ecea4,235f14a345f025ed3ab8b67379f06df50f49ebe16c30b563e3f76e11bbfb2bd8,PENDING_EXTERNAL_LEAN_REPLAY,"[""VII-C008""]"
FVII-SCI03-DECL-0187,FVII-SCI03-DEF-0187,FoundationsVII.JoinAssessment.overlappingAxesExample,overlappingAxesExample,def,formalization/lean/FoundationsVII/Join/Status.lean,84,95,8e52ea40ff265f6501429ad958c3a5947590d9dac3172f1d9585596b0ca967d4,564b79004a5ea2c0491acdd5dea22c3dca58f57874432f89c65acb748d4d4893,PENDING_EXTERNAL_LEAN_REPLAY,"[""VII-C008""]"
FVII-SCI03-DECL-0188,FVII-SCI03-THM-0188,FoundationsVII.JoinAssessment.contact_refinement_and_composite_axes_may_overlap,contact_refinement_and_composite_axes_may_overlap,theorem,formalization/lean/FoundationsVII/Join/Status.lean,96,100,bf9490993024ffac31c002a5f73c3b631bf69dcf624b3065666e8ecd918d499e,eeea36a411ea295141bef8b5ea0e2032d64e6080f81aad5931eb8f60c86eb4bb,PENDING_EXTERNAL_LEAN_REPLAY,"[""VII-C008""]"
FVII-SCI03-DECL-0189,FVII-SCI03-THM-0189,FoundationsVII.JoinAssessment.overlapping_axes_classify_as_lawful_composite,overlapping_axes_classify_as_lawful_composite,theorem,formalization/lean/FoundationsVII/Join/Status.lean,101,103,6b4426752f2abfee352b46e9d726e959870a7234afcfd359e307bbd5d8100878,ab16fd0f9ca8e66488ffa347921c7c5e0888a61a7861eb166270efd28575af3e,PENDING_EXTERNAL_LEAN_REPLAY,"[""VII-C008""]"
FVII-SCI03-DECL-0190,FVII-SCI03-THM-0190,FoundationsVII.JoinAssessment.noContact_ne_contact,noContact_ne_contact,theorem,formalization/lean/FoundationsVII/Join/Status.lean,104,106,cb9f4c2b83a409c0a8d0f0c133c2a6e51f7f071cd5b1c61a52ec6f9b748463c9,4cf3bd938cedb6e32f6893257f45b2180e967d58239e543a12405abd6791f98d,PENDING_EXTERNAL_LEAN_REPLAY,"[""VII-C008""]"
FVII-SCI03-DECL-0191,FVII-SCI03-THM-0191,FoundationsVII.JoinAssessment.contact_ne_strictJoin,contact_ne_strictJoin,theorem,formalization/lean/FoundationsVII/Join/Status.lean,107,109,cac7b2d2853091377ea774500ffa21b58c581a2b6006bf433183821411bf7ce2,88e6f8a469903acb32b07e6088dcb613d6e47e90f03d4a1ae881bc6cda27797f,PENDING_EXTERNAL_LEAN_REPLAY,"[""VII-C008""]"
FVII-SCI03-DECL-0192,FVII-SCI03-THM-0192,FoundationsVII.JoinAssessment.commonRefinement_ne_strictJoin,commonRefinement_ne_strictJoin,theorem,formalization/lean/FoundationsVII/Join/Status.lean,110,112,7838ba74c2371eb6f95288b27f9becbc7fc8cd6f843a5033f3012381c7d1e42b,6da3a5db6e9ea45ad24fa8eec69e56f073ce3a0d07951cc3431ba8220bc14b3f,PENDING_EXTERNAL_LEAN_REPLAY,"[""VII-C008""]"
FVII-SCI03-DECL-0193,FVII-SCI03-THM-0193,FoundationsVII.JoinAssessment.obstructed_ne_certifiedNoninteraction,obstructed_ne_certifiedNoninteraction,theorem,formalization/lean/FoundationsVII/Join/Status.lean,113,118,5b615e2843d47009c9d8eee901cd32fb8bac8494d7708d3f753d0318d50c305d,175bd43cde9466cc665e4fbe1e4db9eb7f7a05e264338e37d6229d6b4e80322b,PENDING_EXTERNAL_LEAN_REPLAY,"[""VII-C008""]"
FVII-SCI03-DECL-0194,FVII-SCI03-DEF-0194,FoundationsVII.AntiProductWitness,AntiProductWitness,structure,formalization/lean/FoundationsVII/Join/Strictness.lean,13,27,76f4d81b3ae9abfd3dfe21eaa4313e649d78b9f76b745d23bbc5dbfa2038e5b5,76f4d81b3ae9abfd3dfe21eaa4313e649d78b9f76b745d23bbc5dbfa2038e5b5,PENDING_EXTERNAL_LEAN_REPLAY,"[""VII-C009""]"
FVII-SCI03-DECL-0195,FVII-SCI03-DEF-0195,FoundationsVII.AntiProductWitness.Valid,Valid,def,formalization/lean/FoundationsVII/Join/Strictness.lean,28,39,cafaa5e58925452b0673e383945790e32834cdfc0e8b2541d7b47435b26221d0,31950bc62358c5748955ca78d8b0acfb2ae2a952f585d8f79862305e1f53d050,PENDING_EXTERNAL_LEAN_REPLAY,"[""VII-C009""]"
FVII-SCI03-DECL-0196,FVII-SCI03-THM-0196,FoundationsVII.AntiProductWitness.valid_is_nonfactorizing,valid_is_nonfactorizing,theorem,formalization/lean/FoundationsVII/Join/Strictness.lean,40,47,991840f232e200454b442d9e4ede95ee4953cbf5df575f0187a2a2139c61a794,4de07e1852c1286c8d8e3d91b4597aeac7d115fd4d8f50b5c860de3353678c67,PENDING_EXTERNAL_LEAN_REPLAY,"[""VII-C009""]"
FVII-SCI03-DECL-0197,FVII-SCI03-THM-0197,FoundationsVII.AntiProductWitness.relabel_only_fails,relabel_only_fails,theorem,formalization/lean/FoundationsVII/Join/Strictness.lean,48,56,0b267804f1c95cdceae53ca454338728fb361c2e13f182db0f0837ae0e3ac35b,78b1e7a4c81c3253db94752a6ed58cd92d5367cfdfc0afca5030924e90c722fd,PENDING_EXTERNAL_LEAN_REPLAY,"[""VII-C009""]"
FVII-SCI03-DECL-0198,FVII-SCI03-THM-0198,FoundationsVII.AntiProductWitness.scheduling_only_fails,scheduling_only_fails,theorem,formalization/lean/FoundationsVII/Join/Strictness.lean,57,65,035080b9951f3cf3ecf67084d4cbd62d2dad46af8e57519103f6e91c8daad725,3906636739f79d79828c71811933a5daf661e048d37a460f51a6dcf56516ab70,PENDING_EXTERNAL_LEAN_REPLAY,"[""VII-C009""]"
FVII-SCI03-DECL-0199,FVII-SCI03-THM-0199,FoundationsVII.AntiProductWitness.coarsening_only_fails,coarsening_only_fails,theorem,formalization/lean/FoundationsVII/Join/Strictness.lean,66,76,0eadd0fbd6146140270e7cbe10cd18561298d1fbc55dfd7e9290ef72708b32d0,1047763ca9fc7f401d2f0f59a2c1515910b4db662b2f302017c9a010bfb8562e,PENDING_EXTERNAL_LEAN_REPLAY,"[""VII-C009""]"
FVII-SCI03-DECL-0200,FVII-SCI03-DEF-0200,FoundationsVII.StrictJoinEvidence,StrictJoinEvidence,structure,formalization/lean/FoundationsVII/Join/Strictness.lean,77,91,a5c8a2e12f80363a4761990dc0bbc4896d8dcf4280125cae94b6011b3ef4b9dd,a5c8a2e12f80363a4761990dc0bbc4896d8dcf4280125cae94b6011b3ef4b9dd,PENDING_EXTERNAL_LEAN_REPLAY,"[""VII-C009""]"
FVII-SCI03-DECL-0201,FVII-SCI03-DEF-0201,FoundationsVII.StrictJoinEvidence.Certified,Certified,def,formalization/lean/FoundationsVII/Join/Strictness.lean,92,101,ee27340d133a31c41a47ff1a4f532dc40cfef791b13ed9871eaf037105d2a1cc,8b0780e34b3c33d73e37e911713d89f9526fe576258a833c1d4408d5bd574067,PENDING_EXTERNAL_LEAN_REPLAY,"[""VII-C009""]"
FVII-SCI03-DECL-0202,FVII-SCI03-THM-0202,FoundationsVII.StrictJoinEvidence.certified_has_objecthood,certified_has_objecthood,theorem,formalization/lean/FoundationsVII/Join/Strictness.lean,102,104,59c428f13c64accbfd648654bb106f585819485fbe8d1d147a6b286ee5cb49c9,78c31e542050fee96ceda9ee34ab736b466e2abffd5ceb853aee19100d98ea82,PENDING_EXTERNAL_LEAN_REPLAY,"[""VII-C009""]"
FVII-SCI03-DECL-0203,FVII-SCI03-THM-0203,FoundationsVII.StrictJoinEvidence.certified_retains_both_parents,certified_retains_both_parents,theorem,formalization/lean/FoundationsVII/Join/Strictness.lean,105,109,93787d6fcc466c55ff647bb64cbf7d92c576eee0fb41c6b057e72c568fa67bf2,1988f3a326f895dc2debc3e44753b952bf5d86ad8f6c7704bb25db8561ef2b2e,PENDING_EXTERNAL_LEAN_REPLAY,"[""VII-C009""]"
FVII-SCI03-DECL-0204,FVII-SCI03-THM-0204,FoundationsVII.StrictJoinEvidence.certified_has_anti_product_novelty,certified_has_anti_product_novelty,theorem,formalization/lean/FoundationsVII/Join/Strictness.lean,110,113,31e674b27fe6722e8dd9f36bb8b9dfda8608a0de8565af71b9ad17dd1d4e71db,e66bf855b9bb6426fcc2fe7274dcc680f65f885bd4434ef03cbf0d9531179b2c,PENDING_EXTERNAL_LEAN_REPLAY,"[""VII-C009""]"
FVII-SCI03-DECL-0205,FVII-SCI03-THM-0205,FoundationsVII.StrictJoinEvidence.certified_has_source_and_budget_gates,certified_has_source_and_budget_gates,theorem,formalization/lean/FoundationsVII/Join/Strictness.lean,114,120,731b37670aaad718f92fda72054e461d49fe8fca96cf6ed2f22064054b3125f0,984e0628f42238cac7678082da8f24253c56054f4e3c1dde1ae5003ca8a88ec7,PENDING_EXTERNAL_LEAN_REPLAY,"[""VII-C009""]"
FVII-SCI03-DECL-0206,FVII-SCI03-THM-0206,FoundationsVII.StrictJoinEvidence.certified_does_not_supply_directionality,certified_does_not_supply_directionality,theorem,formalization/lean/FoundationsVII/Join/Strictness.lean,121,128,f53de94dfe2ffed35a8a4537a5a3dfe1b192d8d0fd9f8592102cc288debbf3bf,1efe814bebb2f1dc422281b1bd25910c613c6033f63691993e1db4fd7801025f,PENDING_EXTERNAL_LEAN_REPLAY,"[""VII-C009""]"
FVII-SCI03-DECL-0207,FVII-SCI03-DEF-0207,FoundationsVII.StrictJoinProfile,StrictJoinProfile,structure,formalization/lean/FoundationsVII/Join/Strictness.lean,129,140,b8c447869b6a663952d7441daeeb71ee06026a85d465de3b5d93391f04f3d6ee,b8c447869b6a663952d7441daeeb71ee06026a85d465de3b5d93391f04f3d6ee,PENDING_EXTERNAL_LEAN_REPLAY,"[""VII-C009""]"
FVII-SCI03-DECL-0208,FVII-SCI03-DEF-0208,FoundationsVII.StrictJoinProfile.Certified,Certified,def,formalization/lean/FoundationsVII/Join/Strictness.lean,141,163,de65cb33db4acd01e28e8792b7a81219df98c07320be41880e7feec5ed8cbbde,370d5b421fea82217b6ae33ad1e07dc25b4a0b3a104e21a95e36d2125a1cf760,PENDING_EXTERNAL_LEAN_REPLAY,"[""VII-C009""]"
FVII-SCI03-DECL-0209,FVII-SCI03-THM-0209,FoundationsVII.StrictJoinProfile.directionless_strict_profile_exists,directionless_strict_profile_exists,theorem,formalization/lean/FoundationsVII/Join/Strictness.lean,164,167,c5d564cb72cfa31ee56337cabb7078397651b9dc3aaa1ce3c5e02faf404214fe,273d10c3a870effa00f9c43b2880e9dc73ef15facb737e1c45076eeeaef98061,PENDING_EXTERNAL_LEAN_REPLAY,"[""VII-C009""]"
FVII-SCI03-DECL-0210,FVII-SCI03-THM-0210,FoundationsVII.StrictJoinProfile.anti_product_does_not_imply_objecthood,anti_product_does_not_imply_objecthood,theorem,formalization/lean/FoundationsVII/Join/Strictness.lean,168,173,1dcbdfe48dafd097962f310c379ab4d1b255874aa4b25145ecbaca4b2f32deef,299eb7a57817ad3310eec514a90e8851c8d1b97a3cbb6ae6a3ee4eacfe1db5db,PENDING_EXTERNAL_LEAN_REPLAY,"[""VII-C009""]"
FVII-SCI03-DECL-0211,FVII-SCI03-THM-0211,FoundationsVII.StrictJoinProfile.strictness_does_not_imply_parent_retention,strictness_does_not_imply_parent_retention,theorem,formalization/lean/FoundationsVII/Join/Strictness.lean,174,182,bb5b90bf66c768088a855732f445a2daa416b35f013299168142239f117a185c,ed999e4e281224050325ec0a2b3483635210f230d8da780fbe657a7f14243ba1,PENDING_EXTERNAL_LEAN_REPLAY,"[""VII-C009""]"
FVII-SCI03-DECL-0212,FVII-SCI03-DEF-0212,FoundationsVII.Models.Finite.Phase3.ContactTransportCase,ContactTransportCase,structure,formalization/lean/FoundationsVII/Models/Finite/Phase3/ContactJoinEnvelope.lean,26,36,e11d90f672741a8d83773c20dfc9b4c1ba31f7f72c089020acd78f4b83cd42d2,e11d90f672741a8d83773c20dfc9b4c1ba31f7f72c089020acd78f4b83cd42d2,PENDING_EXTERNAL_LEAN_REPLAY,"[""VII-C007"",""VII-C016""]"
FVII-SCI03-DECL-0213,FVII-SCI03-DEF-0213,FoundationsVII.Models.Finite.Phase3.contactTransportLaw,contactTransportLaw,def,formalization/lean/FoundationsVII/Models/Finite/Phase3/ContactJoinEnvelope.lean,37,43,03c2c601283445d4e83290ba7d318e3beb97db81bf41d96465ec83bde76ee912,06b99f9063416d201204a504e05c8835a336315ffd606ed27bf3f0bac9462968,PENDING_EXTERNAL_LEAN_REPLAY,"[""VII-C007"",""VII-C016""]"
FVII-SCI03-DECL-0214,FVII-SCI03-DEF-0214,FoundationsVII.Models.Finite.Phase3.allContactTransportCases,allContactTransportCases,def,formalization/lean/FoundationsVII/Models/Finite/Phase3/ContactJoinEnvelope.lean,44,55,8442f6df121fa65cb8c8ae6937264b9d415f75705597437b45dda2ae43995756,1a9c6d3b480e93e233338de6dceb28614fadb7880742c0afd37d0fa0c8771753,PENDING_EXTERNAL_LEAN_REPLAY,[]
FVII-SCI03-DECL-0215,FVII-SCI03-THM-0215,FoundationsVII.Models.Finite.Phase3.contact_transport_raw_cardinality,contact_transport_raw_cardinality,theorem,formalization/lean/FoundationsVII/Models/Finite/Phase3/ContactJoinEnvelope.lean,56,58,0e03dc6cf02d94c8f8e8db6a2005335074c3cdd4d6bb47e22537a07dc420b9c2,a5abe62446f42809871be678706b91892a76084fd7654962f0bdca437a787524,PENDING_EXTERNAL_LEAN_REPLAY,"[""VII-C007"",""VII-C016""]"
FVII-SCI03-DECL-0216,FVII-SCI03-THM-0216,FoundationsVII.Models.Finite.Phase3.contact_transport_accepted_cardinality,contact_transport_accepted_cardinality,theorem,formalization/lean/FoundationsVII/Models/Finite/Phase3/ContactJoinEnvelope.lean,59,61,34ceb972fa761fa79df518e4a2d3085601459814c46d844b0674069a100a2bb6,78a824a8a3debed987ec279d3fcd19e71daebba78aa8c689941258188d109599,PENDING_EXTERNAL_LEAN_REPLAY,"[""VII-C007"",""VII-C016""]"
FVII-SCI03-DECL-0217,FVII-SCI03-THM-0217,FoundationsVII.Models.Finite.Phase3.contact_transport_exhaustive,contact_transport_exhaustive,theorem,formalization/lean/FoundationsVII/Models/Finite/Phase3/ContactJoinEnvelope.lean,62,67,0c74cd100d92a3dd5d5f49c925bf0b6e941058dbf38385449c2d619dca543cdb,037c2ea529b3db6c1604961d0d65f872986676641282c019b6a889752b65950a,PENDING_EXTERNAL_LEAN_REPLAY,"[""VII-C007"",""VII-C016""]"
FVII-SCI03-DECL-0218,FVII-SCI03-DEF-0218,FoundationsVII.Models.Finite.Phase3.JoinStatusCase,JoinStatusCase,structure,formalization/lean/FoundationsVII/Models/Finite/Phase3/ContactJoinEnvelope.lean,68,81,92f5c5cd83377ee70398eeadd277a88dafb7c339f5df059ec5e0ef5dc42c1463,92f5c5cd83377ee70398eeadd277a88dafb7c339f5df059ec5e0ef5dc42c1463,PENDING_EXTERNAL_LEAN_REPLAY,"[""VII-C008""]"
FVII-SCI03-DECL-0219,FVII-SCI03-DEF-0219,FoundationsVII.Models.Finite.Phase3.joinStatusLaw,joinStatusLaw,def,formalization/lean/FoundationsVII/Models/Finite/Phase3/ContactJoinEnvelope.lean,82,93,587f89443c87039805121fa5599bcfcf06d3846b276656cca055bfd521a4f796,d755a1b74b0184bedeb88f1c9308822ea2428d88e4c7587f58ef3eccec692bf1,PENDING_EXTERNAL_LEAN_REPLAY,"[""VII-C008""]"
FVII-SCI03-DECL-0220,FVII-SCI03-DEF-0220,FoundationsVII.Models.Finite.Phase3.allJoinStatusCases,allJoinStatusCases,def,formalization/lean/FoundationsVII/Models/Finite/Phase3/ContactJoinEnvelope.lean,94,109,75a18f8bece8b2f997e75b08d91e358cb28b0afaa3851d0af93a2b96cfaeb610,378dc4758e9247e1b7bedb1a23eb3480a9b4a2ea6b161180a6fab683eb7538fa,PENDING_EXTERNAL_LEAN_REPLAY,[]
FVII-SCI03-DECL-0221,FVII-SCI03-THM-0221,FoundationsVII.Models.Finite.Phase3.join_status_canonical_cardinality,join_status_canonical_cardinality,theorem,formalization/lean/FoundationsVII/Models/Finite/Phase3/ContactJoinEnvelope.lean,110,111,09fad8b5fc5f29abb83856943a9e99851a3887c908790a8eb3328ff3eab0158f,e6ac85109d08c65389f5cc5649c5513e20d75f084389dc897a3d7be2880f856e,PENDING_EXTERNAL_LEAN_REPLAY,"[""VII-C008""]"
FVII-SCI03-DECL-0222,FVII-SCI03-THM-0222,FoundationsVII.Models.Finite.Phase3.join_status_raw_labelled_cardinality,join_status_raw_labelled_cardinality,theorem,formalization/lean/FoundationsVII/Models/Finite/Phase3/ContactJoinEnvelope.lean,112,114,f8525c4abe73a65631a0af18591c047c51bf70a692d6c8e6a18666c5349e45ec,da41715a2a278728b20751debb80a4033cc3f0e2666a6361aa55efc40f1cf86a,PENDING_EXTERNAL_LEAN_REPLAY,"[""VII-C008""]"
FVII-SCI03-DECL-0223,FVII-SCI03-THM-0223,FoundationsVII.Models.Finite.Phase3.join_status_accepted_cardinality,join_status_accepted_cardinality,theorem,formalization/lean/FoundationsVII/Models/Finite/Phase3/ContactJoinEnvelope.lean,115,117,42fc5291e5c9da51f6005357d154343ca1a4d30b3e085eaed6d0d239740cf067,812f5508ca86e4652c248ad7777a959289bceaa77814749bbbcee21244ad78ad,PENDING_EXTERNAL_LEAN_REPLAY,"[""VII-C008""]"
FVII-SCI03-DECL-0224,FVII-SCI03-DEF-0224,FoundationsVII.Models.Finite.Phase3.FiniteJoinStatus,FiniteJoinStatus,inductive,formalization/lean/FoundationsVII/Models/Finite/Phase3/ContactJoinEnvelope.lean,118,127,a4be8cc6c50930def4fdcbde7d6a00d5ed725e226a5de6054e469dccb84fe505,a4be8cc6c50930def4fdcbde7d6a00d5ed725e226a5de6054e469dccb84fe505,PENDING_EXTERNAL_LEAN_REPLAY,"[""VII-C008""]"
FVII-SCI03-DECL-0225,FVII-SCI03-DEF-0225,FoundationsVII.Models.Finite.Phase3.classifyJoinStatus,classifyJoinStatus,def,formalization/lean/FoundationsVII/Models/Finite/Phase3/ContactJoinEnvelope.lean,128,136,970cd3e97c4c7985733d98ce7dad91bc667d78978ac9859b55efba579f27b8cf,698b081091924a34427528d85570eeb79ea01d4ccf4825ef2bb153265fe5ae29,PENDING_EXTERNAL_LEAN_REPLAY,"[""VII-C008""]"
FVII-SCI03-DECL-0226,FVII-SCI03-DEF-0226,FoundationsVII.Models.Finite.Phase3.acceptedJoinStatusCases,acceptedJoinStatusCases,def,formalization/lean/FoundationsVII/Models/Finite/Phase3/ContactJoinEnvelope.lean,137,139,4f9037c0e3f28d60b93248e2fbcf99ca6e3432788aaa611f9f8aa3541db8ac0c,f0fef1eddc105c36912d4eebc364f80a55a85a5e47f9152a591e8b812e31097b,PENDING_EXTERNAL_LEAN_REPLAY,"[""VII-C008""]"
FVII-SCI03-DECL-0227,FVII-SCI03-DEF-0227,FoundationsVII.Models.Finite.Phase3.statusCount,statusCount,def,formalization/lean/FoundationsVII/Models/Finite/Phase3/ContactJoinEnvelope.lean,140,142,267b37b4885edc32818651d62f42c354cddb9b53663d880c541ec34ed7b48529,5c6329c236ad5b20a63d7bcb5dbf73f443b5cdf071bfc155b620434bcf805be0,PENDING_EXTERNAL_LEAN_REPLAY,"[""VII-C008""]"
FVII-SCI03-DECL-0228,FVII-SCI03-THM-0228,FoundationsVII.Models.Finite.Phase3.no_contact_status_count,no_contact_status_count,theorem,formalization/lean/FoundationsVII/Models/Finite/Phase3/ContactJoinEnvelope.lean,143,144,5b2d0e89a7d4256c1f0eb62f7c617f93608025dee39a5839665f73302e437370,46b91655280e2dcb261b5350a285e6872f5d09185000695be169f86b6e195a57,PENDING_EXTERNAL_LEAN_REPLAY,[]
FVII-SCI03-DECL-0229,FVII-SCI03-THM-0229,FoundationsVII.Models.Finite.Phase3.contact_status_count,contact_status_count,theorem,formalization/lean/FoundationsVII/Models/Finite/Phase3/ContactJoinEnvelope.lean,145,146,28e69c8f4111aa526ffa38e1c888935d7a4b31a11767cf2ba51aa6b9894aa88b,b643a95822e24097a8ddcdbb22cb3267debb3ffb742578ba9ad82f3e361b339a,PENDING_EXTERNAL_LEAN_REPLAY,[]
FVII-SCI03-DECL-0230,FVII-SCI03-THM-0230,FoundationsVII.Models.Finite.Phase3.common_refinement_status_count,common_refinement_status_count,theorem,formalization/lean/FoundationsVII/Models/Finite/Phase3/ContactJoinEnvelope.lean,147,148,5e1f626004c8d2e5503817a1d66f5b8c7f0252115c865905a1b4b201df81e268,916c67d3c6d9fa147de14661177dac480c3f23f79ff120b0636bbee169b59116,PENDING_EXTERNAL_LEAN_REPLAY,[]
FVII-SCI03-DECL-0231,FVII-SCI03-THM-0231,FoundationsVII.Models.Finite.Phase3.lawful_composite_status_count,lawful_composite_status_count,theorem,formalization/lean/FoundationsVII/Models/Finite/Phase3/ContactJoinEnvelope.lean,149,150,b6a362b303b5bc0a3e3ffeb098cf87bddd6609e20e9d6863cf1a09daf55328b9,469de3a8d7cfd2fc3908b0aec069bf038f9de1e64faadc1f7a62e182cdc0ff2b,PENDING_EXTERNAL_LEAN_REPLAY,[]
FVII-SCI03-DECL-0232,FVII-SCI03-THM-0232,FoundationsVII.Models.Finite.Phase3.strict_join_status_count,strict_join_status_count,theorem,formalization/lean/FoundationsVII/Models/Finite/Phase3/ContactJoinEnvelope.lean,151,152,2e1f01525a505d27b890cde476a7a77c1ea9e794cfd3243698c58fbef05723a7,74c587046d94536c5084188c98fe9b115121358aeac43b882e6e49288842eea6,PENDING_EXTERNAL_LEAN_REPLAY,"[""VII-C009""]"
FVII-SCI03-DECL-0233,FVII-SCI03-THM-0233,FoundationsVII.Models.Finite.Phase3.obstructed_status_count,obstructed_status_count,theorem,formalization/lean/FoundationsVII/Models/Finite/Phase3/ContactJoinEnvelope.lean,153,154,da020757eed316f71e2e7ad96441a8d59ddb7a029e58ca50e35d16966152383e,be70cb1323bd82e2b700e7596ecdeb911b5a93f64bf2a84368fe7d45736e8d7f,PENDING_EXTERNAL_LEAN_REPLAY,[]
FVII-SCI03-DECL-0234,FVII-SCI03-THM-0234,FoundationsVII.Models.Finite.Phase3.certified_noninteraction_status_count,certified_noninteraction_status_count,theorem,formalization/lean/FoundationsVII/Models/Finite/Phase3/ContactJoinEnvelope.lean,155,157,0794992b244dac2cdecd4147d07cfd61cec35d046530a80cc504d3a50f122c93,9ddd09f210f65745c1fe573210239746f073eea59883c51b8f7c297040fb922b,PENDING_EXTERNAL_LEAN_REPLAY,[]
FVII-SCI03-DECL-0235,FVII-SCI03-THM-0235,FoundationsVII.Models.Finite.Phase3.status_partition_complete,status_partition_complete,theorem,formalization/lean/FoundationsVII/Models/Finite/Phase3/ContactJoinEnvelope.lean,158,165,4428fb474359faa6503f35eccd6363bf569dfe997263d4cb4d473957fa00a4f2,0dd145b7f7b9dea0447dd37eb539abfc6a1521e9aac9f37ef93e71096b96d57a,PENDING_EXTERNAL_LEAN_REPLAY,"[""VII-C008""]"
FVII-SCI03-DECL-0236,FVII-SCI03-DEF-0236,FoundationsVII.Models.Finite.Phase3.StrictnessCase,StrictnessCase,structure,formalization/lean/FoundationsVII/Models/Finite/Phase3/ContactJoinEnvelope.lean,166,184,afa3f2c2e8efd614025b7425d48f7b49e20d8e83766a9bcab4639e1282ad431f,afa3f2c2e8efd614025b7425d48f7b49e20d8e83766a9bcab4639e1282ad431f,PENDING_EXTERNAL_LEAN_REPLAY,"[""VII-C009"",""VII-C035""]"
FVII-SCI03-DECL-0237,FVII-SCI03-DEF-0237,FoundationsVII.Models.Finite.Phase3.strictnessLaw,strictnessLaw,def,formalization/lean/FoundationsVII/Models/Finite/Phase3/ContactJoinEnvelope.lean,185,192,e419a6bcfad729e9c98c24f7a0b81435c3378128a674c61e39683436d7d93c51,88bcae5c28f9274e7f80e9231191bef7470bd5adaf2fc4d20468c413b0376d5b,PENDING_EXTERNAL_LEAN_REPLAY,"[""VII-C009"",""VII-C035""]"
FVII-SCI03-DECL-0238,FVII-SCI03-DEF-0238,FoundationsVII.Models.Finite.Phase3.allStrictnessCases,allStrictnessCases,def,formalization/lean/FoundationsVII/Models/Finite/Phase3/ContactJoinEnvelope.lean,193,214,cf8e0e9c08c8d3a7da8bb2eaf7f4a6ed38a7d9cfdc5a0a116291dccec10c068b,574fc36612a30d1716192af871942fa8eaa71236227b1b70fbe7d405e5efd25b,PENDING_EXTERNAL_LEAN_REPLAY,[]
FVII-SCI03-DECL-0239,FVII-SCI03-THM-0239,FoundationsVII.Models.Finite.Phase3.strictness_canonical_cardinality,strictness_canonical_cardinality,theorem,formalization/lean/FoundationsVII/Models/Finite/Phase3/ContactJoinEnvelope.lean,215,216,ae41b03fa9330eaf940cbebb91311e2b009357a1fd7039829a19eabdf253fdd8,286b428cbba35dca487f1b2353f8d807eac1eef55d0521838e629416d09e591a,PENDING_EXTERNAL_LEAN_REPLAY,"[""VII-C009"",""VII-C035""]"
FVII-SCI03-DECL-0240,FVII-SCI03-THM-0240,FoundationsVII.Models.Finite.Phase3.strictness_raw_labelled_cardinality,strictness_raw_labelled_cardinality,theorem,formalization/lean/FoundationsVII/Models/Finite/Phase3/ContactJoinEnvelope.lean,217,219,2939bb0eef7af0dcc315f9778cc44777d4ca5735709b5b0de5761abd72dc2fa9,38cfc4e5afbf8e5208f0d25349a22e27d48916820e8b9005276dc398c045a8f7,PENDING_EXTERNAL_LEAN_REPLAY,"[""VII-C009"",""VII-C035""]"
FVII-SCI03-DECL-0241,FVII-SCI03-THM-0241,FoundationsVII.Models.Finite.Phase3.strictness_accepted_cardinality,strictness_accepted_cardinality,theorem,formalization/lean/FoundationsVII/Models/Finite/Phase3/ContactJoinEnvelope.lean,220,231,4c148fcda76aabea53827f6cbdedf146d8b70a83d09931e5ea4b3908caa9fe33,44b0bf3317f2e2b0c4f82df28ef7d75223873c69cea815e9a66b961b1740554c,PENDING_EXTERNAL_LEAN_REPLAY,"[""VII-C009"",""VII-C035""]"
FVII-SCI03-DECL-0242,FVII-SCI03-THM-0242,FoundationsVII.Models.Finite.Phase3.directionless_strict_case_exists,directionless_strict_case_exists,theorem,formalization/lean/FoundationsVII/Models/Finite/Phase3/ContactJoinEnvelope.lean,232,241,9befbefc2816f66277d6c9c69d12d6cb39a53af8a8232583e96fc0da2afb5f37,33b70bc0f620df012a7062d23352bfd1dbb660b54bcfc6724853947712c1585f,PENDING_EXTERNAL_LEAN_REPLAY,"[""VII-C009""]"
FVII-SCI03-DECL-0243,FVII-SCI03-DEF-0243,FoundationsVII.Models.Finite.Phase3.SourceLineageCase,SourceLineageCase,structure,formalization/lean/FoundationsVII/Models/Finite/Phase3/ContactJoinEnvelope.lean,242,251,5e996bcc3c8c437754b54f08c77c0da086a52a71019260915d7a22d4bdc1e32c,5e996bcc3c8c437754b54f08c77c0da086a52a71019260915d7a22d4bdc1e32c,PENDING_EXTERNAL_LEAN_REPLAY,"[""VII-C010""]"
FVII-SCI03-DECL-0244,FVII-SCI03-DEF-0244,FoundationsVII.Models.Finite.Phase3.sourceLineageLaw,sourceLineageLaw,def,formalization/lean/FoundationsVII/Models/Finite/Phase3/ContactJoinEnvelope.lean,252,255,4f02caae179da2367678792a1f7bf2e564ae7fe6851fbc14ad02ba0be7de7872,d910f0355ea4ac31af2037cc374f3a4d85b2086d0d99fb7b3cf9644e4f5bd9b3,PENDING_EXTERNAL_LEAN_REPLAY,"[""VII-C010""]"
FVII-SCI03-DECL-0245,FVII-SCI03-DEF-0245,FoundationsVII.Models.Finite.Phase3.allSourceLineageCases,allSourceLineageCases,def,formalization/lean/FoundationsVII/Models/Finite/Phase3/ContactJoinEnvelope.lean,256,266,204ef2e82964f2c6b4745344b75d089c04280338f446874aa93cb3efd8d9c1cc,c9fc04159f65c892be6a3c8b51d142229ec75a37f2669317b2c1190d71bf668b,PENDING_EXTERNAL_LEAN_REPLAY,[]
FVII-SCI03-DECL-0246,FVII-SCI03-THM-0246,FoundationsVII.Models.Finite.Phase3.source_lineage_raw_cardinality,source_lineage_raw_cardinality,theorem,formalization/lean/FoundationsVII/Models/Finite/Phase3/ContactJoinEnvelope.lean,267,268,04adbc2d1b7d3d21c451451e609cc7da3b9266c25ad7e147d49d6ec696158f04,6e7c5bd0ce5f49cce24bdd72dbaefb35b9e3412eb2d91b52ca2770c4b451e676,PENDING_EXTERNAL_LEAN_REPLAY,"[""VII-C010""]"
FVII-SCI03-DECL-0247,FVII-SCI03-THM-0247,FoundationsVII.Models.Finite.Phase3.source_lineage_accepted_cardinality,source_lineage_accepted_cardinality,theorem,formalization/lean/FoundationsVII/Models/Finite/Phase3/ContactJoinEnvelope.lean,269,273,15ea10087db204eb1b7e409ab1feb112f4af96b201bf50db281b505044f23526,69b2b06a12f85f764bc610bd4169127ba362ec724102e372633751ec0d343db2,PENDING_EXTERNAL_LEAN_REPLAY,"[""VII-C010""]"
FVII-SCI03-DECL-0248,FVII-SCI03-DEF-0248,FoundationsVII.Models.Finite.Phase3.PaymentCase,PaymentCase,structure,formalization/lean/FoundationsVII/Models/Finite/Phase3/ContactJoinEnvelope.lean,274,283,db532db1fe4ec5114ed3fdf1e5a9b830d5290902b54a0fd5c114736d941af37e,db532db1fe4ec5114ed3fdf1e5a9b830d5290902b54a0fd5c114736d941af37e,PENDING_EXTERNAL_LEAN_REPLAY,"[""VII-C011"",""VII-C035""]"
FVII-SCI03-DECL-0249,FVII-SCI03-DEF-0249,FoundationsVII.Models.Finite.Phase3.paymentLaw,paymentLaw,def,formalization/lean/FoundationsVII/Models/Finite/Phase3/ContactJoinEnvelope.lean,284,290,28dce16ddd1d55cb953534b4c3782fe7b3274bc1dc072164e12dd8e5ad4ede22,088e9f36e984ca942fe9070d52c75eb92abcd2ace6cde50adb19793017b4175e,PENDING_EXTERNAL_LEAN_REPLAY,"[""VII-C011"",""VII-C035""]"
FVII-SCI03-DECL-0250,FVII-SCI03-DEF-0250,FoundationsVII.Models.Finite.Phase3.allPaymentCases,allPaymentCases,def,formalization/lean/FoundationsVII/Models/Finite/Phase3/ContactJoinEnvelope.lean,291,301,50b9df43adf51735b30be6d2150fcecd55fe016643744b57bfb4be93d0f65dba,5ca1855fe5a391ec0da7ff63eab70ab0d0a2976510ecb04fd0906a16b7e69b98,PENDING_EXTERNAL_LEAN_REPLAY,[]
FVII-SCI03-DECL-0251,FVII-SCI03-THM-0251,FoundationsVII.Models.Finite.Phase3.payment_raw_cardinality,payment_raw_cardinality,theorem,formalization/lean/FoundationsVII/Models/Finite/Phase3/ContactJoinEnvelope.lean,302,303,c8a2adf095333240a2e60c9a316e1c3ed4bfdcc6c5a381a51bc9c0eedb9b3844,de74df66f53107e3659cd3251461726ab09adf466d665174ff5b26c2bea46c77,PENDING_EXTERNAL_LEAN_REPLAY,"[""VII-C011"",""VII-C035""]"
FVII-SCI03-DECL-0252,FVII-SCI03-THM-0252,FoundationsVII.Models.Finite.Phase3.payment_accepted_cardinality,payment_accepted_cardinality,theorem,formalization/lean/FoundationsVII/Models/Finite/Phase3/ContactJoinEnvelope.lean,304,308,6cde77ed41c68346400363e544f91ee074f07d08ac2abb0d380fcd7c7c239845,f6c15ae4156a814bc4e49ccda808fb7ce41268278994dbe0f2f3f398d75aa895,PENDING_EXTERNAL_LEAN_REPLAY,"[""VII-C011"",""VII-C035""]"
FVII-SCI03-DECL-0253,FVII-SCI03-DEF-0253,FoundationsVII.Models.Finite.Phase3.CapacityCase,CapacityCase,structure,formalization/lean/FoundationsVII/Models/Finite/Phase3/ContactJoinEnvelope.lean,309,315,87c2e2159f4f18114eeb3821771bad47f45ed048e290de1c6bd4621ce572a487,87c2e2159f4f18114eeb3821771bad47f45ed048e290de1c6bd4621ce572a487,PENDING_EXTERNAL_LEAN_REPLAY,"[""VII-C011""]"
FVII-SCI03-DECL-0254,FVII-SCI03-DEF-0254,FoundationsVII.Models.Finite.Phase3.capacityActual,capacityActual,def,formalization/lean/FoundationsVII/Models/Finite/Phase3/ContactJoinEnvelope.lean,316,319,9bdd5b9af11b81d1bdefb0001f62ab64285c1ec178776bdc92a2f414fadd30ea,1694c6bdf07be53c6fe02e76ba2e46b30638433a3bae66847b53ee8d50a86802,PENDING_EXTERNAL_LEAN_REPLAY,"[""VII-C011""]"
FVII-SCI03-DECL-0255,FVII-SCI03-DEF-0255,FoundationsVII.Models.Finite.Phase3.capacityLaw,capacityLaw,def,formalization/lean/FoundationsVII/Models/Finite/Phase3/ContactJoinEnvelope.lean,320,322,996819d09e41f7fef2a8652b720502fcfe7d0d2a7418d893d5b4687933985186,62d0e74a6b4c38f2dd10a9024428c4916597be12034abf769b10b14d490b1bbf,PENDING_EXTERNAL_LEAN_REPLAY,"[""VII-C011""]"
FVII-SCI03-DECL-0256,FVII-SCI03-DEF-0256,FoundationsVII.Models.Finite.Phase3.allCapacityCases,allCapacityCases,def,formalization/lean/FoundationsVII/Models/Finite/Phase3/ContactJoinEnvelope.lean,323,329,635bd02be854afe132380e6b53ae3af0323d12a7fcfb0b606dc36118e19554f5,210240882d93a5c517d6e66c77818808cae947a66717c39d78cd427258adac57,PENDING_EXTERNAL_LEAN_REPLAY,[]
FVII-SCI03-DECL-0257,FVII-SCI03-THM-0257,FoundationsVII.Models.Finite.Phase3.capacity_raw_cardinality,capacity_raw_cardinality,theorem,formalization/lean/FoundationsVII/Models/Finite/Phase3/ContactJoinEnvelope.lean,330,331,3bb0e008692ad9db336aa839b6271fe889609335188b1988a2798f7f25569bc1,1ff95a7890acd25dc9f2900340714721065d6141d11aaf2084a9ec7da2acb31d,PENDING_EXTERNAL_LEAN_REPLAY,"[""VII-C011""]"
FVII-SCI03-DECL-0258,FVII-SCI03-THM-0258,FoundationsVII.Models.Finite.Phase3.capacity_accepted_cardinality,capacity_accepted_cardinality,theorem,formalization/lean/FoundationsVII/Models/Finite/Phase3/ContactJoinEnvelope.lean,332,336,118fc5fcaa09887b7b8bd5ef05798b57e26c7df2a92f8ae59062299d744e48f5,3a5b36668ac5b05b846a5c1c4da6a8f4f6ec353f1e37d66ad77293fd08d950b7,PENDING_EXTERNAL_LEAN_REPLAY,"[""VII-C011""]"
FVII-SCI03-DECL-0259,FVII-SCI03-DEF-0259,FoundationsVII.Models.Finite.Phase3.FiniteRetentionStatus,FiniteRetentionStatus,inductive,formalization/lean/FoundationsVII/Models/Finite/Phase3/ContactJoinEnvelope.lean,337,342,6f49b9f3157cc5cc0de7556011e5a108a678604793e52aa07eaee4674501436f,6f49b9f3157cc5cc0de7556011e5a108a678604793e52aa07eaee4674501436f,PENDING_EXTERNAL_LEAN_REPLAY,"[""VII-C030""]"
FVII-SCI03-DECL-0260,FVII-SCI03-DEF-0260,FoundationsVII.Models.Finite.Phase3.FiniteRefinementEffect,FiniteRefinementEffect,inductive,formalization/lean/FoundationsVII/Models/Finite/Phase3/ContactJoinEnvelope.lean,343,355,b2fbb0b8a8aee329c46b6a1db5965b0c95ff5376144a9f478f329b52dd59315a,66ad712ab6e690c1e3fc90f67773deee4ea900cedc0236d7a43485fb2b279125,PENDING_EXTERNAL_LEAN_REPLAY,"[""VII-C030""]"
FVII-SCI03-DECL-0261,FVII-SCI03-DEF-0261,FoundationsVII.Models.Finite.Phase3.retentionRank,retentionRank,def,formalization/lean/FoundationsVII/Models/Finite/Phase3/ContactJoinEnvelope.lean,356,360,5a9a1eb7a2e7cf2a7e6ba4966ca5989686d7c2b96dfdd2292331fa911cef0e8f,5a9a1eb7a2e7cf2a7e6ba4966ca5989686d7c2b96dfdd2292331fa911cef0e8f,PENDING_EXTERNAL_LEAN_REPLAY,"[""VII-C030""]"
FVII-SCI03-DECL-0262,FVII-SCI03-DEF-0262,FoundationsVII.Models.Finite.Phase3.RefinementCase,RefinementCase,structure,formalization/lean/FoundationsVII/Models/Finite/Phase3/ContactJoinEnvelope.lean,361,370,0d1f52ac3aa2af7a3745e9f5bac1bf602e54a932b1037ca7b84637fe7ab3abd0,0d1f52ac3aa2af7a3745e9f5bac1bf602e54a932b1037ca7b84637fe7ab3abd0,PENDING_EXTERNAL_LEAN_REPLAY,"[""VII-C030""]"
FVII-SCI03-DECL-0263,FVII-SCI03-DEF-0263,FoundationsVII.Models.Finite.Phase3.refinementLaw,refinementLaw,def,formalization/lean/FoundationsVII/Models/Finite/Phase3/ContactJoinEnvelope.lean,371,389,c15cec0bad472efc87940d97c3bfb0ea762e9b07d1ce7756187c827d614e9522,7cf8d0dcc1bbcdcf9c9aa179f036d4948862a154793e1b35b11327ed2ccb35db,PENDING_EXTERNAL_LEAN_REPLAY,"[""VII-C030""]"
FVII-SCI03-DECL-0264,FVII-SCI03-DEF-0264,FoundationsVII.Models.Finite.Phase3.allRefinementCases,allRefinementCases,def,formalization/lean/FoundationsVII/Models/Finite/Phase3/ContactJoinEnvelope.lean,390,400,d4925efaedb0efb5af9a320af730fc3d316d3232ee01b7cc481f2a7a3218bfe3,67232f7cbf912b65510558cbe63290c0c77050ef902b8b0969fffdef04c67cdc,PENDING_EXTERNAL_LEAN_REPLAY,[]
FVII-SCI03-DECL-0265,FVII-SCI03-THM-0265,FoundationsVII.Models.Finite.Phase3.refinement_raw_cardinality,refinement_raw_cardinality,theorem,formalization/lean/FoundationsVII/Models/Finite/Phase3/ContactJoinEnvelope.lean,401,402,bb388a6e46c1b8052e28f362f7c24c98077f8ade82080930be35ec5fb8791245,89c86802af0c0f8e97954e51349e7aaa58891f90ff039a7b8da053bf84a1f033,PENDING_EXTERNAL_LEAN_REPLAY,"[""VII-C030""]"
FVII-SCI03-DECL-0266,FVII-SCI03-THM-0266,FoundationsVII.Models.Finite.Phase3.refinement_accepted_cardinality,refinement_accepted_cardinality,theorem,formalization/lean/FoundationsVII/Models/Finite/Phase3/ContactJoinEnvelope.lean,403,407,ab52ec23cbc4498e287d8ca914a5bd1157e53251d0ef188449c44c90b5aee1af,0d7ddab310a5fc9ae71787be72e0b679c0cc9afb516e466793f7ce2cd97c2e59,PENDING_EXTERNAL_LEAN_REPLAY,"[""VII-C030""]"
FVII-SCI03-DECL-0267,FVII-SCI03-DEF-0267,FoundationsVII.Models.Finite.Phase3.FiniteResidualOrigin,FiniteResidualOrigin,inductive,formalization/lean/FoundationsVII/Models/Finite/Phase3/ContactJoinEnvelope.lean,408,417,940ce473e8fe9ea7404923b28c1b945d97ad6aece67485ff88c67381373fa3a1,fc801f2d2ed9fc7fabb4572650e51db78548cbae0085a09f585ff88b781395e8,PENDING_EXTERNAL_LEAN_REPLAY,"[""VII-C019"",""VII-C036""]"
FVII-SCI03-DECL-0268,FVII-SCI03-DEF-0268,FoundationsVII.Models.Finite.Phase3.ResidualCase,ResidualCase,structure,formalization/lean/FoundationsVII/Models/Finite/Phase3/ContactJoinEnvelope.lean,418,426,106bbe54561794f8bf46edb3985c74a9b5fffd0905a09949fad73855ea93aa8a,106bbe54561794f8bf46edb3985c74a9b5fffd0905a09949fad73855ea93aa8a,PENDING_EXTERNAL_LEAN_REPLAY,"[""VII-C019"",""VII-C036""]"
FVII-SCI03-DECL-0269,FVII-SCI03-DEF-0269,FoundationsVII.Models.Finite.Phase3.residualLaw,residualLaw,def,formalization/lean/FoundationsVII/Models/Finite/Phase3/ContactJoinEnvelope.lean,427,441,d283dedb179cc4a1baceae671133a7e21dd47e5bbba9278c03c5857e41e6179c,f330d1af57a05d157c3c02163c5aa73949df78eff9ca9a4e974ab21d37cb2434,PENDING_EXTERNAL_LEAN_REPLAY,"[""VII-C019"",""VII-C036""]"
FVII-SCI03-DECL-0270,FVII-SCI03-DEF-0270,FoundationsVII.Models.Finite.Phase3.allResidualCases,allResidualCases,def,formalization/lean/FoundationsVII/Models/Finite/Phase3/ContactJoinEnvelope.lean,442,450,34f4783194aee5e5a71284e635af9e026d19211e3ce8bce0f104053b5b25d622,6163f71982822c417a535476c1f9a764b89a813d02c5e19f23e8777e84c0b025,PENDING_EXTERNAL_LEAN_REPLAY,[]
FVII-SCI03-DECL-0271,FVII-SCI03-THM-0271,FoundationsVII.Models.Finite.Phase3.residual_raw_cardinality,residual_raw_cardinality,theorem,formalization/lean/FoundationsVII/Models/Finite/Phase3/ContactJoinEnvelope.lean,451,452,82d55d2917b97b34781ce02ad2bc88b7d30b735b9db860ba144fec4ba519a319,b9bea9d4eeaf840d7e9ba5fe8688f7c49f37b9d4a68a052a50cf6889e01c2d0a,PENDING_EXTERNAL_LEAN_REPLAY,"[""VII-C019"",""VII-C036""]"
FVII-SCI03-DECL-0272,FVII-SCI03-THM-0272,FoundationsVII.Models.Finite.Phase3.residual_accepted_cardinality,residual_accepted_cardinality,theorem,formalization/lean/FoundationsVII/Models/Finite/Phase3/ContactJoinEnvelope.lean,453,457,50abe4db9a650ad47599a23d0ca8d12d27ca51d89110625e36c5494c67a6148b,22f0d337dd5319e9fedc2eec5d2f8a0b96216afbaa64a0f0c712ea1594ac6c6a,PENDING_EXTERNAL_LEAN_REPLAY,"[""VII-C019"",""VII-C036""]"
FVII-SCI03-DECL-0273,FVII-SCI03-DEF-0273,FoundationsVII.Models.Finite.Phase3.NoninteractionCase,NoninteractionCase,structure,formalization/lean/FoundationsVII/Models/Finite/Phase3/ContactJoinEnvelope.lean,458,468,7065224936a35ffb00ab218e151d090dfc5e5205459c89ecbe0817c255432219,7065224936a35ffb00ab218e151d090dfc5e5205459c89ecbe0817c255432219,PENDING_EXTERNAL_LEAN_REPLAY,"[""VII-C033""]"
FVII-SCI03-DECL-0274,FVII-SCI03-DEF-0274,FoundationsVII.Models.Finite.Phase3.noninteractionActual,noninteractionActual,def,formalization/lean/FoundationsVII/Models/Finite/Phase3/ContactJoinEnvelope.lean,469,472,25cc00ae7a9afde45639c06c849ab0a388571f78a51e84e498c98eb521eeebac,a93eea2739e942fb0e8f644ebfb9cc992635499503b604cabd685d55be63e6a3,PENDING_EXTERNAL_LEAN_REPLAY,"[""VII-C033""]"
FVII-SCI03-DECL-0275,FVII-SCI03-DEF-0275,FoundationsVII.Models.Finite.Phase3.noninteractionLaw,noninteractionLaw,def,formalization/lean/FoundationsVII/Models/Finite/Phase3/ContactJoinEnvelope.lean,473,475,89faec277ac4cf6fd6371fb4c27489a57fe883f585c3da14fc7d772614d8a586,8024892708b1a4ac7b26df53b49bf7c76b5c5487dff21d73482f7bf7bc9d3537,PENDING_EXTERNAL_LEAN_REPLAY,"[""VII-C033""]"
FVII-SCI03-DECL-0276,FVII-SCI03-DEF-0276,FoundationsVII.Models.Finite.Phase3.allNoninteractionCases,allNoninteractionCases,def,formalization/lean/FoundationsVII/Models/Finite/Phase3/ContactJoinEnvelope.lean,476,487,46951531db7bea27d7ed953a3d89ed3e436557de382c0fcb5256e914686fa8d0,5e267235540d54b6f04f67d3cafb05877a11f1c87e76250daf92503013e7e145,PENDING_EXTERNAL_LEAN_REPLAY,[]
FVII-SCI03-DECL-0277,FVII-SCI03-THM-0277,FoundationsVII.Models.Finite.Phase3.noninteraction_raw_cardinality,noninteraction_raw_cardinality,theorem,formalization/lean/FoundationsVII/Models/Finite/Phase3/ContactJoinEnvelope.lean,488,489,7f5936737d8e5c7e61d229f0386597a884d835447b1d8c68aabb2180544922a0,45607f077f521a13f52074e9ec8e3cf60875fb166c5928e3c7ffb76f63d1f0f0,PENDING_EXTERNAL_LEAN_REPLAY,"[""VII-C033""]"
FVII-SCI03-DECL-0278,FVII-SCI03-THM-0278,FoundationsVII.Models.Finite.Phase3.noninteraction_accepted_cardinality,noninteraction_accepted_cardinality,theorem,formalization/lean/FoundationsVII/Models/Finite/Phase3/ContactJoinEnvelope.lean,490,492,5ff7502560e58b5111c5fadd91d153e7693661bd3145d6d5325854f5409b933f,c70e22b365da9d5b2bf381b23078af29b2a53d07d718014bc495408494a2b43e,PENDING_EXTERNAL_LEAN_REPLAY,"[""VII-C033""]"
FVII-SCI03-DECL-0279,FVII-SCI03-THM-0279,FoundationsVII.Models.Finite.Phase3.exactly_one_certified_noninteraction_profile,exactly_one_certified_noninteraction_profile,theorem,formalization/lean/FoundationsVII/Models/Finite/Phase3/ContactJoinEnvelope.lean,493,498,79249e3b48ebe384bd60c097fa6851aacd48a968b972c8d807e71076107e780d,ba9ecc1d9ea80203695359eff1cec7adb578742b8917771f3f104a1b275b629f,PENDING_EXTERNAL_LEAN_REPLAY,"[""VII-C033""]"
FVII-SCI03-DECL-0280,FVII-SCI03-DEF-0280,FoundationsVII.Models.Finite.Phase3.CategoricalCase,CategoricalCase,structure,formalization/lean/FoundationsVII/Models/Finite/Phase3/ContactJoinEnvelope.lean,499,511,9dd91e80a405b8e53c06a79047001b58f04f32a648682e86909cb551de632b37,9dd91e80a405b8e53c06a79047001b58f04f32a648682e86909cb551de632b37,PENDING_EXTERNAL_LEAN_REPLAY,"[""VII-C026""]"
FVII-SCI03-DECL-0281,FVII-SCI03-DEF-0281,FoundationsVII.Models.Finite.Phase3.anyUniversal,anyUniversal,def,formalization/lean/FoundationsVII/Models/Finite/Phase3/ContactJoinEnvelope.lean,512,514,32b990fe3be2775142aab3d25d8b7ff8c964b7b0370f3e14e8fc26686f32fbb4,d16fb1fe3ee9547177ddcdb978d9d8561c1d587bf3ffe9a34a61798e1d3b266c,PENDING_EXTERNAL_LEAN_REPLAY,[]
FVII-SCI03-DECL-0282,FVII-SCI03-DEF-0282,FoundationsVII.Models.Finite.Phase3.categoricalLaw,categoricalLaw,def,formalization/lean/FoundationsVII/Models/Finite/Phase3/ContactJoinEnvelope.lean,515,523,7002ee1d11d9e3538ab2f9ef7fc27d33dd29213b3627b44d2917be6505976014,3d66300373f0973873c3043fbae8337e6c975a9c727f6e7a04876b7230b8d847,PENDING_EXTERNAL_LEAN_REPLAY,"[""VII-C026""]"
FVII-SCI03-DECL-0283,FVII-SCI03-DEF-0283,FoundationsVII.Models.Finite.Phase3.allCategoricalCases,allCategoricalCases,def,formalization/lean/FoundationsVII/Models/Finite/Phase3/ContactJoinEnvelope.lean,524,538,ee961e35d4f41e4d5fbab1dc67411069e508862449869987581c328e7466bb88,2d166c3cf47a9a97f29611a9650115fb6e628cb1e1468d713f03858e7ad79a93,PENDING_EXTERNAL_LEAN_REPLAY,[]
FVII-SCI03-DECL-0284,FVII-SCI03-THM-0284,FoundationsVII.Models.Finite.Phase3.categorical_raw_cardinality,categorical_raw_cardinality,theorem,formalization/lean/FoundationsVII/Models/Finite/Phase3/ContactJoinEnvelope.lean,539,540,38c8b23b11846b5df6fc9c548b3040277b85bec116375fd0af0fb1c3c0263dbf,e372b04a516e240e2b46d02377521fec0f374b1b980e291438b287ddda4cb5be,PENDING_EXTERNAL_LEAN_REPLAY,"[""VII-C026""]"
FVII-SCI03-DECL-0285,FVII-SCI03-THM-0285,FoundationsVII.Models.Finite.Phase3.categorical_accepted_cardinality,categorical_accepted_cardinality,theorem,formalization/lean/FoundationsVII/Models/Finite/Phase3/ContactJoinEnvelope.lean,541,550,d4fc002ff52575a2f75a7d425807b74a4f6ff5ddaf1c48f9cb0fc95ac76ba8e1,93146e53406473558c691ebd631604721d3cc1d2848b258d976c360e748f5b0e,PENDING_EXTERNAL_LEAN_REPLAY,"[""VII-C026""]"
FVII-SCI03-DECL-0286,FVII-SCI03-THM-0286,FoundationsVII.Models.Finite.Phase3.strict_join_without_listed_universal_construction_exists,strict_join_without_listed_universal_construction_exists,theorem,formalization/lean/FoundationsVII/Models/Finite/Phase3/ContactJoinEnvelope.lean,551,561,2a7670c8b0408fd4443f74b8de546b5276d7339ad9f9102ca3fa8f1d95043661,8986fd71b00d740fa0270abe55ba2eecd4cb15d6cf64be97c93026751c50afe0,PENDING_EXTERNAL_LEAN_REPLAY,"[""VII-C026""]"
FVII-SCI03-DECL-0287,FVII-SCI03-DEF-0287,FoundationsVII.Models.Finite.Phase3.FiniteMeasureKind,FiniteMeasureKind,inductive,formalization/lean/FoundationsVII/Models/Finite/Phase3/ContactJoinEnvelope.lean,562,572,9aad4a5ed7adc71989ddd8d84f5b3d63c5e09d44181bcbf78023582c50511971,71422f1cd51bee54de5aa0d18d73934e281bafe439b01a8a2124f18a6e93677e,PENDING_EXTERNAL_LEAN_REPLAY,"[""VII-C031""]"
FVII-SCI03-DECL-0288,FVII-SCI03-DEF-0288,FoundationsVII.Models.Finite.Phase3.MeasureCase,MeasureCase,structure,formalization/lean/FoundationsVII/Models/Finite/Phase3/ContactJoinEnvelope.lean,573,584,6befacf8bc75976f71da744395afad6b127c838dc5be1a71cc9f0f94334eb773,6befacf8bc75976f71da744395afad6b127c838dc5be1a71cc9f0f94334eb773,PENDING_EXTERNAL_LEAN_REPLAY,"[""VII-C031""]"
FVII-SCI03-DECL-0289,FVII-SCI03-DEF-0289,FoundationsVII.Models.Finite.Phase3.measureComplete,measureComplete,def,formalization/lean/FoundationsVII/Models/Finite/Phase3/ContactJoinEnvelope.lean,585,588,99a1022c52ec65b1a0cab49bec55ffcb6e2f55a4d8483f9b81278cfe8ed9c8fd,6a8ea16956909dbde0acc606357e1296d69563dcf626f111e51200b7f3cec109,PENDING_EXTERNAL_LEAN_REPLAY,"[""VII-C031""]"
FVII-SCI03-DECL-0290,FVII-SCI03-DEF-0290,FoundationsVII.Models.Finite.Phase3.measureLaw,measureLaw,def,formalization/lean/FoundationsVII/Models/Finite/Phase3/ContactJoinEnvelope.lean,589,593,4f8637676cac854f3b55ff817f6d66278239f253ee996dd6a6fe478200013891,d203164c9b90002377007edfa86537678a1bad9c1410a1c49a541a4a608d8bbc,PENDING_EXTERNAL_LEAN_REPLAY,"[""VII-C031""]"
FVII-SCI03-DECL-0291,FVII-SCI03-DEF-0291,FoundationsVII.Models.Finite.Phase3.allMeasureCases,allMeasureCases,def,formalization/lean/FoundationsVII/Models/Finite/Phase3/ContactJoinEnvelope.lean,594,606,1b077362f81c8845a35d3b83f774c258c3d5cda65f5b0d72a62326a7114fbca9,9761f6dc6f80cba58845e66ceaa898eeb748435ed056068e65f2abaa69ccefac,PENDING_EXTERNAL_LEAN_REPLAY,[]
FVII-SCI03-DECL-0292,FVII-SCI03-THM-0292,FoundationsVII.Models.Finite.Phase3.measure_raw_cardinality,measure_raw_cardinality,theorem,formalization/lean/FoundationsVII/Models/Finite/Phase3/ContactJoinEnvelope.lean,607,608,2860aa12069239da62cd21b9453dd4e2d5ada7822f8903e20f51b0385d4ab370,8d3ff04113a3484776dae0b531a758a3392b5c14a04f413f65e8e1583cce3d79,PENDING_EXTERNAL_LEAN_REPLAY,"[""VII-C031""]"
FVII-SCI03-DECL-0293,FVII-SCI03-THM-0293,FoundationsVII.Models.Finite.Phase3.measure_accepted_cardinality,measure_accepted_cardinality,theorem,formalization/lean/FoundationsVII/Models/Finite/Phase3/ContactJoinEnvelope.lean,609,611,f4942e68269200c6324c73231410978e1ab7a49fac5d59384ef75f2f48a64575,16e93be6f24672e37077cb82c1e3b67510ca6cb1325ddc92493d72556aaafc1a,PENDING_EXTERNAL_LEAN_REPLAY,"[""VII-C031""]"
FVII-SCI03-DECL-0294,FVII-SCI03-DEF-0294,FoundationsVII.Models.Finite.Phase3.hasLawfulNonconservation,hasLawfulNonconservation,def,formalization/lean/FoundationsVII/Models/Finite/Phase3/ContactJoinEnvelope.lean,612,616,8e66971c5117a34577910c2892929a6fec3ccd381d91a6a0556a177d0287625d,96b4e48c285c1d6e2159b56302f0b545c3da7ee73d21141dc00de2de490f69be,PENDING_EXTERNAL_LEAN_REPLAY,"[""VII-C031""]"
FVII-SCI03-DECL-0295,FVII-SCI03-THM-0295,FoundationsVII.Models.Finite.Phase3.contacts_nonconservation_control,contacts_nonconservation_control,theorem,formalization/lean/FoundationsVII/Models/Finite/Phase3/ContactJoinEnvelope.lean,617,619,9b43c85872480184959f8ffc533ff58783eed2f6a8aba156508cd4fa81f8dd68,dacfe234093f57a4fde5e52fba698b43eb858be8d1cfbd9a5bdb33bd64e96a62,PENDING_EXTERNAL_LEAN_REPLAY,"[""VII-C031""]"
FVII-SCI03-DECL-0296,FVII-SCI03-THM-0296,FoundationsVII.Models.Finite.Phase3.live_joins_nonconservation_control,live_joins_nonconservation_control,theorem,formalization/lean/FoundationsVII/Models/Finite/Phase3/ContactJoinEnvelope.lean,620,622,9e7f11042e0c88ca332aa4ec43b5360c4d84e990c9d38c7667dfcf454214ac67,a02b32cec56f9a7705b0347ffc5742542ec429fde8f3703f1eb00eae273b5073,PENDING_EXTERNAL_LEAN_REPLAY,"[""VII-C031""]"
FVII-SCI03-DECL-0297,FVII-SCI03-THM-0297,FoundationsVII.Models.Finite.Phase3.paid_cost_nonconservation_control,paid_cost_nonconservation_control,theorem,formalization/lean/FoundationsVII/Models/Finite/Phase3/ContactJoinEnvelope.lean,623,625,dcdc6a41446cc73fbd3bf360a067a0ab3bbf7956d60741333b340e5736bc2465,bb39e0f6554c62834ca7d102a73b7963ddeab6f692c3a23b5f79197e9c4a5f3d,PENDING_EXTERNAL_LEAN_REPLAY,"[""VII-C031""]"
FVII-SCI03-DECL-0298,FVII-SCI03-THM-0298,FoundationsVII.Models.Finite.Phase3.active_residuals_nonconservation_control,active_residuals_nonconservation_control,theorem,formalization/lean/FoundationsVII/Models/Finite/Phase3/ContactJoinEnvelope.lean,626,628,748202f4f3fb44b7ed2fceb290a5e2b42e94fe103cc238cc5064b12d0aca09b2,45214a56f1ef723e8bb39622251fe64ade569eb72b8e97b2eeb28f1bb8d425c3,PENDING_EXTERNAL_LEAN_REPLAY,"[""VII-C031""]"
FVII-SCI03-DECL-0299,FVII-SCI03-THM-0299,FoundationsVII.Models.Finite.Phase3.retained_parents_nonconservation_control,retained_parents_nonconservation_control,theorem,formalization/lean/FoundationsVII/Models/Finite/Phase3/ContactJoinEnvelope.lean,629,632,949ab0c749ad282d400cfe3f2304863158e74d85f47001f949ea76e3d1c39275,05f295c6b7896fe67594dbfd1426ef56baa300524f8b92d012a2526cc94a5583,PENDING_EXTERNAL_LEAN_REPLAY,"[""VII-C031""]"
FVII-SCI03-DECL-0300,FVII-SCI03-DEF-0300,FoundationsVII.Models.Finite.Phase3.Phase3Status,Phase3Status,inductive,formalization/lean/FoundationsVII/Models/Finite/Phase3/ScenarioChecks.lean,11,26,e08fcda7042ccb9e6e8766c272da60caede1b81823e437de842d02e86a513f8d,e08fcda7042ccb9e6e8766c272da60caede1b81823e437de842d02e86a513f8d,PENDING_EXTERNAL_LEAN_REPLAY,"[""VII-C008"",""VII-C033"",""VII-C035""]"
FVII-SCI03-DECL-0301,FVII-SCI03-DEF-0301,FoundationsVII.Models.Finite.Phase3.Phase3Profile,Phase3Profile,structure,formalization/lean/FoundationsVII/Models/Finite/Phase3/ScenarioChecks.lean,27,47,13f77598c2d059006ffa7fd90bd7f347144eeeb0b6b205934a8180f925220dbb,8fa3d94343235bde39eadf10f6de9cf6b791a0545f300074038f063573b367c3,PENDING_EXTERNAL_LEAN_REPLAY,"[""VII-C008"",""VII-C033"",""VII-C035""]"
FVII-SCI03-DECL-0302,FVII-SCI03-DEF-0302,FoundationsVII.Models.Finite.Phase3.classifyPhase3,classifyPhase3,def,formalization/lean/FoundationsVII/Models/Finite/Phase3/ScenarioChecks.lean,48,64,58c25cf5a8e9ddbcae8d03a945cad7a4a00f515e13bc1bf0e7bf0c1628e3b30c,285c1fd2d43720097142d81c6447b171a3ee1e1a880c243c65368cf7222a6ca9,PENDING_EXTERNAL_LEAN_REPLAY,"[""VII-C008"",""VII-C033"",""VII-C035""]"
FVII-SCI03-DECL-0303,FVII-SCI03-DEF-0303,FoundationsVII.Models.Finite.Phase3.Phase3Scenario,Phase3Scenario,structure,formalization/lean/FoundationsVII/Models/Finite/Phase3/ScenarioChecks.lean,65,70,4979b08b68223091b9cff69a193869edcf77d169361271d9810280125050aef1,4979b08b68223091b9cff69a193869edcf77d169361271d9810280125050aef1,PENDING_EXTERNAL_LEAN_REPLAY,"[""VII-C008"",""VII-C033"",""VII-C035""]"
FVII-SCI03-DECL-0304,FVII-SCI03-DEF-0304,FoundationsVII.Models.Finite.Phase3.scenarioPass,scenarioPass,def,formalization/lean/FoundationsVII/Models/Finite/Phase3/ScenarioChecks.lean,71,73,4d56f41049625391660da96cd3aab34fbc572484532f082792986a528ee0308f,3d2dbbe534dd76c0a54744f507b2def1d940b24416090372c3e4095c650592d3,PENDING_EXTERNAL_LEAN_REPLAY,"[""VII-C008"",""VII-C033"",""VII-C035""]"
FVII-SCI03-DECL-0305,FVII-SCI03-DEF-0305,FoundationsVII.Models.Finite.Phase3.phase3Scenarios,phase3Scenarios,def,formalization/lean/FoundationsVII/Models/Finite/Phase3/ScenarioChecks.lean,74,109,fc99b77aa046477a9bfa97f5d815e9451bc5a42c6481a3756794ed3480c8f824,eb27f37a01efaf95b07f0ade8cdebdd985550a14eaeb1d5ec72b2df55ff9b696,PENDING_EXTERNAL_LEAN_REPLAY,"[""VII-C008"",""VII-C033"",""VII-C035""]"
FVII-SCI03-DECL-0306,FVII-SCI03-THM-0306,FoundationsVII.Models.Finite.Phase3.phase3_scenario_count,phase3_scenario_count,theorem,formalization/lean/FoundationsVII/Models/Finite/Phase3/ScenarioChecks.lean,110,111,a5acb2a70ffbf046c959ce3bafb8ba233b997cb64d51d000ea239573f7efe5d5,8b97161fb6cd0b9d4c06c7fe30d1729538049f9c21994dd47c143e54623987f5,PENDING_EXTERNAL_LEAN_REPLAY,"[""VII-C008"",""VII-C033"",""VII-C035""]"
FVII-SCI03-DECL-0307,FVII-SCI03-THM-0307,FoundationsVII.Models.Finite.Phase3.all_phase3_scenarios_pass,all_phase3_scenarios_pass,theorem,formalization/lean/FoundationsVII/Models/Finite/Phase3/ScenarioChecks.lean,112,113,60cc10052f841b5481a080da37711e5c798e2bdd761a5cf98856b9d1661bb4c4,5580ec555ddc1e377bce73ca2f21c01cc759778a42d1c981c9dda965e7240631,PENDING_EXTERNAL_LEAN_REPLAY,"[""VII-C008"",""VII-C033"",""VII-C035""]"
FVII-SCI03-DECL-0308,FVII-SCI03-DEF-0308,FoundationsVII.Models.Finite.Phase3.Phase3CountermodelCheck,Phase3CountermodelCheck,structure,formalization/lean/FoundationsVII/Models/Finite/Phase3/ScenarioChecks.lean,114,118,fd8410d47e21b8b78980001c172b18da53027615262a2f0f4a42de7c01ede957,fd8410d47e21b8b78980001c172b18da53027615262a2f0f4a42de7c01ede957,PENDING_EXTERNAL_LEAN_REPLAY,"[""VII-C008"",""VII-C033"",""VII-C035""]"
FVII-SCI03-DECL-0309,FVII-SCI03-DEF-0309,FoundationsVII.Models.Finite.Phase3.countermodelPass,countermodelPass,def,formalization/lean/FoundationsVII/Models/Finite/Phase3/ScenarioChecks.lean,119,141,46c9e72a68579d0d2bf33662f6201efd97671bd90e5366f83023fb765d9f521f,9797e5b67333619b208ecc25e4b7ccc1bad7085d62ac7756de97f87ed6ade0cb,PENDING_EXTERNAL_LEAN_REPLAY,"[""VII-C008"",""VII-C033"",""VII-C035""]"
FVII-SCI03-DECL-0310,FVII-SCI03-THM-0310,FoundationsVII.Models.Finite.Phase3.phase3_source_control_22_pass,phase3_source_control_22_pass,theorem,formalization/lean/FoundationsVII/Models/Finite/Phase3/ScenarioChecks.lean,142,143,df3b48d3085c8c6949d09a249c029dd0e832b37bfe4c2c3556194c678d837932,e863290ad159edcc05eb6853896f3c417c0f0ab7ea3ec1aaf93ceca2f4a54d52,PENDING_EXTERNAL_LEAN_REPLAY,"[""VII-C008"",""VII-C033"",""VII-C035""]"
FVII-SCI03-DECL-0311,FVII-SCI03-DEF-0311,FoundationsVII.Models.Finite.Phase3.phase3Countermodels,phase3Countermodels,def,formalization/lean/FoundationsVII/Models/Finite/Phase3/ScenarioChecks.lean,144,159,126a1f8edfac0cc694f5510557d10084f10ff29ae67a690ad648e0f25d300dd8,e506275ed108d523b1ac5618d301b0efd43ad7607cc5a2b82808a2560e5079b3,PENDING_EXTERNAL_LEAN_REPLAY,"[""VII-C008"",""VII-C033"",""VII-C035""]"
FVII-SCI03-DECL-0312,FVII-SCI03-THM-0312,FoundationsVII.Models.Finite.Phase3.phase3_countermodel_count,phase3_countermodel_count,theorem,formalization/lean/FoundationsVII/Models/Finite/Phase3/ScenarioChecks.lean,160,161,443fd4d767f653fd9939d842b5c79d2b89d784d96a869ee9358bd640abb7d023,53cd88868ababd9f91aaa923ab9c0f74b51acf21576a6b15380afb7ef828e49f,PENDING_EXTERNAL_LEAN_REPLAY,"[""VII-C008"",""VII-C033"",""VII-C035""]"
FVII-SCI03-DECL-0313,FVII-SCI03-THM-0313,FoundationsVII.Models.Finite.Phase3.all_phase3_countermodels_pass,all_phase3_countermodels_pass,theorem,formalization/lean/FoundationsVII/Models/Finite/Phase3/ScenarioChecks.lean,162,165,58c917e3541f393f51839deab4f69f4d9bd64270cf104bbfded428cb2bd46007,f5019bbb221a15e71b3d508370730c0f063729a4a499a3272617a834e9c01473,PENDING_EXTERNAL_LEAN_REPLAY,"[""VII-C008"",""VII-C033"",""VII-C035""]"
FVII-SCI03-DECL-0314,FVII-SCI03-DEF-0314,FoundationsVII.NoGo.ResemblanceJoinProfile,ResemblanceJoinProfile,structure,formalization/lean/FoundationsVII/NoGo/Join.lean,12,20,2da4b74326de66053db8bd63fbcadc8f847f198e176b993a13c717f7670e62f7,2da4b74326de66053db8bd63fbcadc8f847f198e176b993a13c717f7670e62f7,PENDING_EXTERNAL_LEAN_REPLAY,"[""VII-C010"",""VII-C035""]"
FVII-SCI03-DECL-0315,FVII-SCI03-DEF-0315,FoundationsVII.NoGo.ResemblanceJoinProfile.Eligible,Eligible,def,formalization/lean/FoundationsVII/NoGo/Join.lean,21,25,bec0bb10a794ab4c9e2a55ef05421c9054eac1a5127837268f286a3b5a488526,23eef109700c24ee2ef40ef9e44b2e1b790b11735b8386a06bb8450723cff0f4,PENDING_EXTERNAL_LEAN_REPLAY,"[""VII-C035""]"
FVII-SCI03-DECL-0316,FVII-SCI03-DEF-0316,FoundationsVII.NoGo.ResemblanceJoinProfile.ResemblanceOnly,ResemblanceOnly,def,formalization/lean/FoundationsVII/NoGo/Join.lean,26,32,44ccc93b34506c528379966fc91643f063c9b00c7c7439187c2cb06e6c9ea57c,0ff9b34a8fdcdd616baf4829fbd7a685cf05323069efc55fa098d27e381ddd51,PENDING_EXTERNAL_LEAN_REPLAY,"[""VII-C010"",""VII-C035""]"
FVII-SCI03-DECL-0317,FVII-SCI03-THM-0317,FoundationsVII.NoGo.NGVII_02_no_resemblance_only_independence_join,NGVII_02_no_resemblance_only_independence_join,theorem,formalization/lean/FoundationsVII/NoGo/Join.lean,33,47,3ee5f6d99ab6905c6ac5233bb795bb4c125c7153a6008d47e72574e5650b3769,03ce39e920bf25dab99ef5e0f175b50c7b0333e29b2d16d0f97718bbe93ab7a7,PENDING_EXTERNAL_LEAN_REPLAY,"[""VII-C010"",""VII-C035""]"
FVII-SCI03-DECL-0318,FVII-SCI03-THM-0318,FoundationsVII.NoGo.NGVII_02_escape_witnessed_independent_contact,NGVII_02_escape_witnessed_independent_contact,theorem,formalization/lean/FoundationsVII/NoGo/Join.lean,48,50,5e9236fce57a77eef3e5359a874fd477f09e12566adc955513ff8771fd765009,f831637d51fb55865f7bc0141b4a23c3e968dd060525f1413cbb12c8fa50faa4,PENDING_EXTERNAL_LEAN_REPLAY,"[""VII-C010"",""VII-C035""]"
FVII-SCI03-DECL-0319,FVII-SCI03-DEF-0319,FoundationsVII.NoGo.ContactOnlyJoinProfile,ContactOnlyJoinProfile,structure,formalization/lean/FoundationsVII/NoGo/Join.lean,51,60,e6b4b4009f0d0bdf0a9c35eb1edb194ca7bed55fc10c814a48a675b8eb604baf,e6b4b4009f0d0bdf0a9c35eb1edb194ca7bed55fc10c814a48a675b8eb604baf,PENDING_EXTERNAL_LEAN_REPLAY,"[""VII-C009"",""VII-C035""]"
FVII-SCI03-DECL-0320,FVII-SCI03-DEF-0320,FoundationsVII.NoGo.ContactOnlyJoinProfile.StrictEligible,StrictEligible,def,formalization/lean/FoundationsVII/NoGo/Join.lean,61,67,aeeaa8e996754186d4ad3717c70618b958bbac2aa365573be8cbe28449929123,cf0c414074cd57720cb79e86ea2c3f7a76fb56dcb3d4ec9c4043a2bb853cd840,PENDING_EXTERNAL_LEAN_REPLAY,"[""VII-C035""]"
FVII-SCI03-DECL-0321,FVII-SCI03-DEF-0321,FoundationsVII.NoGo.ContactOnlyJoinProfile.ContactOnly,ContactOnly,def,formalization/lean/FoundationsVII/NoGo/Join.lean,68,75,94e2066f11fa303ecbbf899313f01ff8522527f5f593295ca25049b208ae9d35,35b4b6ada5ca6ae7c33cb2c0ba9d3ea29d8bee9c99405ca304cd10632f9a7269,PENDING_EXTERNAL_LEAN_REPLAY,"[""VII-C009"",""VII-C035""]"
FVII-SCI03-DECL-0322,FVII-SCI03-THM-0322,FoundationsVII.NoGo.NGVII_06_no_join_from_contact_alone,NGVII_06_no_join_from_contact_alone,theorem,formalization/lean/FoundationsVII/NoGo/Join.lean,76,91,6a9352cec4fec864b6d1748086416928ce4e4a736a5f189ab8629b474dc1aa66,64857c697741fc4ec8d0b39da6405a81bdd196709d0f49917d7cfdb763e8d521,PENDING_EXTERNAL_LEAN_REPLAY,"[""VII-C009"",""VII-C035""]"
FVII-SCI03-DECL-0323,FVII-SCI03-THM-0323,FoundationsVII.NoGo.NGVII_06_escape_complete_strict_join_certificate,NGVII_06_escape_complete_strict_join_certificate,theorem,formalization/lean/FoundationsVII/NoGo/Join.lean,92,94,2efc2557680f7ecd8b9c5ed725afd9f52282e22bb877bfa4cf3a0c522e6dc723,995b9687195afd68552ccbb457bf9fcfb08c005b20b305c5c3d980885dc87618,PENDING_EXTERNAL_LEAN_REPLAY,"[""VII-C009"",""VII-C035""]"
FVII-SCI03-DECL-0324,FVII-SCI03-DEF-0324,FoundationsVII.NoGo.ProductJoinProfile,ProductJoinProfile,structure,formalization/lean/FoundationsVII/NoGo/Join.lean,95,103,b8dc2249a6f5824312f565c0b789989fd9bb2d84f48db807d7f8007ca10df8e6,b8dc2249a6f5824312f565c0b789989fd9bb2d84f48db807d7f8007ca10df8e6,PENDING_EXTERNAL_LEAN_REPLAY,"[""VII-C009"",""VII-C035""]"
FVII-SCI03-DECL-0325,FVII-SCI03-DEF-0325,FoundationsVII.NoGo.ProductJoinProfile.StrictEligible,StrictEligible,def,formalization/lean/FoundationsVII/NoGo/Join.lean,104,109,00a532c96d507d60fbcfd264c671ac17a6ee60a2966daf8ee145b2843eb1af5f,0df820069fa163084a73bf63c844321c0f4dbae3ad63a465d0b24836171195d8,PENDING_EXTERNAL_LEAN_REPLAY,"[""VII-C035""]"
FVII-SCI03-DECL-0326,FVII-SCI03-DEF-0326,FoundationsVII.NoGo.ProductJoinProfile.MereProduct,MereProduct,def,formalization/lean/FoundationsVII/NoGo/Join.lean,110,116,24bd36d55d6eea9d01d3215a0f19b3bb19235f7f2178873e092870b441a64b7f,c5613bd9f07ab5625958ca886f5d2941b5c28cec731fc53f8eaed6ae1854d474,PENDING_EXTERNAL_LEAN_REPLAY,"[""VII-C035""]"
FVII-SCI03-DECL-0327,FVII-SCI03-THM-0327,FoundationsVII.NoGo.NGVII_07_no_product_common_refinement_strictness_credit,NGVII_07_no_product_common_refinement_strictness_credit,theorem,formalization/lean/FoundationsVII/NoGo/Join.lean,117,131,8e2bb71c74997476cd66ce40508fd115a9fbaedb63f41a3bff2eccfdfa717fb9,ce62b71af7e7e2d9af4b690ccc1f5ff4e2ba7142ade5409e05108d890a9fa36d,PENDING_EXTERNAL_LEAN_REPLAY,"[""VII-C009"",""VII-C035""]"
FVII-SCI03-DECL-0328,FVII-SCI03-THM-0328,FoundationsVII.NoGo.NGVII_07_escape_anti_product_witness,NGVII_07_escape_anti_product_witness,theorem,formalization/lean/FoundationsVII/NoGo/Join.lean,132,134,3280766ea2f9656816790f1a0358d4adba0e6cefaba37cbfbaf34bf7a8915df5,74f7665de2421947c848159e71812b019c5b9a428c7f3a46df81833783adafb7,PENDING_EXTERNAL_LEAN_REPLAY,"[""VII-C009"",""VII-C035""]"
FVII-SCI03-DECL-0329,FVII-SCI03-DEF-0329,FoundationsVII.NoGo.LineageJoinCredit,LineageJoinCredit,structure,formalization/lean/FoundationsVII/NoGo/Join.lean,135,142,5500028c16ce1c106fb9c4dd5712a34b0dfe1103cde298e7ada3583ca44b6444,5500028c16ce1c106fb9c4dd5712a34b0dfe1103cde298e7ada3583ca44b6444,PENDING_EXTERNAL_LEAN_REPLAY,"[""VII-C010"",""VII-C035""]"
FVII-SCI03-DECL-0330,FVII-SCI03-DEF-0330,FoundationsVII.NoGo.LineageJoinCredit.Eligible,Eligible,def,formalization/lean/FoundationsVII/NoGo/Join.lean,143,146,31cc9423da2486f4f415509b0a0be807eb409b0de7d1d34aff3556c9ee8ea413,e7a1c9e680928fc24465def7c9ec67a71e8aa43c4bf14d4a04dceeef55e0328c,PENDING_EXTERNAL_LEAN_REPLAY,"[""VII-C035""]"
FVII-SCI03-DECL-0331,FVII-SCI03-DEF-0331,FoundationsVII.NoGo.LineageJoinCredit.OneLineage,OneLineage,def,formalization/lean/FoundationsVII/NoGo/Join.lean,147,152,4e2dd26b8bdd2d67a7629a01611425365a4695fb81670c5f9ee013fe73d3a89b,655fd272aca63eb8ce29350b346e83866bd5042983b77137695532a6acc46003,PENDING_EXTERNAL_LEAN_REPLAY,"[""VII-C010"",""VII-C035""]"
FVII-SCI03-DECL-0332,FVII-SCI03-THM-0332,FoundationsVII.NoGo.NGVII_08_no_one_lineage_source_independence_credit,NGVII_08_no_one_lineage_source_independence_credit,theorem,formalization/lean/FoundationsVII/NoGo/Join.lean,153,166,75379e7b0e2446d43c7fc829603217fc2ccd90eaac3324b7b10e3e2b3fcd374a,3f44e850aa05bab05db05144952da28c313137b86aba342214dfd3ba1093b35c,PENDING_EXTERNAL_LEAN_REPLAY,"[""VII-C010"",""VII-C035""]"
FVII-SCI03-DECL-0333,FVII-SCI03-THM-0333,FoundationsVII.NoGo.NGVII_08_escape_disjoint_root_certificate,NGVII_08_escape_disjoint_root_certificate,theorem,formalization/lean/FoundationsVII/NoGo/Join.lean,167,169,75fcbb22d10de3ed7f450d7f315f99f068d92e184b49b2a4883aaaa4af4477db,0a39e4c9487d2eedf3c57d0606c4a049d1eabdf1e63ee1cb3f7c49673cbde8f1,PENDING_EXTERNAL_LEAN_REPLAY,"[""VII-C010"",""VII-C035""]"
FVII-SCI03-DECL-0334,FVII-SCI03-DEF-0334,FoundationsVII.NoGo.PaymentJoinCredit,PaymentJoinCredit,structure,formalization/lean/FoundationsVII/NoGo/Join.lean,170,179,a4e34f4ee3cd49ec8ce832a6b6554798a9db09dc645d6811da11f2c71e053c74,a4e34f4ee3cd49ec8ce832a6b6554798a9db09dc645d6811da11f2c71e053c74,PENDING_EXTERNAL_LEAN_REPLAY,"[""VII-C011"",""VII-C035""]"
FVII-SCI03-DECL-0335,FVII-SCI03-DEF-0335,FoundationsVII.NoGo.PaymentJoinCredit.Eligible,Eligible,def,formalization/lean/FoundationsVII/NoGo/Join.lean,180,186,ad73d6adad81ca0adf80d502ac64d47654f24ca6a0d5cab3c8005339bd3e893d,ad1d2520dcda5836f69848ef4b8586030beff98b3cf82514d28610b9d5f2f77f,PENDING_EXTERNAL_LEAN_REPLAY,"[""VII-C035""]"
FVII-SCI03-DECL-0336,FVII-SCI03-DEF-0336,FoundationsVII.NoGo.PaymentJoinCredit.PositiveUnpaid,PositiveUnpaid,def,formalization/lean/FoundationsVII/NoGo/Join.lean,187,193,1581fb13e69d079024b0dee6ed3196c5ebd658bfc62db677f8ce3bb51d7e82a1,20e4bd3492f60c6732de1eaeec5073f192d949467ce56f7f33d898a1ae4eafd2,PENDING_EXTERNAL_LEAN_REPLAY,"[""VII-C011"",""VII-C035""]"
FVII-SCI03-DECL-0337,FVII-SCI03-THM-0337,FoundationsVII.NoGo.NGVII_09_no_positive_cost_join_credit_without_payment,NGVII_09_no_positive_cost_join_credit_without_payment,theorem,formalization/lean/FoundationsVII/NoGo/Join.lean,194,220,93b8d358388b8ee34380dff5acf76dd2a1b78e69be3e4568258469146eb8ed1f,6ddb47c411bf1537c608066ab15b144f7041e5457369814f8a8a57e1c71fcf6b,PENDING_EXTERNAL_LEAN_REPLAY,"[""VII-C011"",""VII-C035""]"
FVII-SCI03-DECL-0338,FVII-SCI03-THM-0338,FoundationsVII.NoGo.NGVII_09_escape_paid_channel,NGVII_09_escape_paid_channel,theorem,formalization/lean/FoundationsVII/NoGo/Join.lean,221,223,e16c0b3c431febdec19a8150fd054e01b06c00376192c4520c66e4b5aabbb3c0,8b5adc9298aca4c3967159c04d64fdd57aeec649a7449fbf78d7ffdf762e95f9,PENDING_EXTERNAL_LEAN_REPLAY,"[""VII-C011"",""VII-C035""]"
FVII-SCI03-DECL-0339,FVII-SCI03-THM-0339,FoundationsVII.NoGo.NGVII_09_escape_certified_zero_cost_channel,NGVII_09_escape_certified_zero_cost_channel,theorem,formalization/lean/FoundationsVII/NoGo/Join.lean,224,226,b9938bd7dc5f8c844e5a00e7c5cfa79bea7e5dafa565b84e4c31c1a0ea44ce52,0e9e45b3eb3e34883d1b76164d7b8b8c88c714815a1b21024d371f9165dfa416,PENDING_EXTERNAL_LEAN_REPLAY,"[""VII-C011"",""VII-C035""]"
FVII-SCI03-DECL-0340,FVII-SCI03-DEF-0340,FoundationsVII.NoGo.SelfBootstrapJoinProfile,SelfBootstrapJoinProfile,structure,formalization/lean/FoundationsVII/NoGo/Join.lean,227,235,d51e49fab5aad7245c0a75b6d810f7775d2fd9a9690c035cbb1ab7898ea0cf39,d51e49fab5aad7245c0a75b6d810f7775d2fd9a9690c035cbb1ab7898ea0cf39,PENDING_EXTERNAL_LEAN_REPLAY,"[""VII-C035""]"
FVII-SCI03-DECL-0341,FVII-SCI03-DEF-0341,FoundationsVII.NoGo.SelfBootstrapJoinProfile.Lawful,Lawful,def,formalization/lean/FoundationsVII/NoGo/Join.lean,236,255,0958360e9903a2dc1c33d44cedb66a906482709bd50dd0d387cbae1861176ff2,11c773095f3b4e3a3ec53a50f9aec1d3ae19edc254a6e60713b81b17a88f823c,PENDING_EXTERNAL_LEAN_REPLAY,"[""VII-C035""]"
FVII-SCI03-DECL-0342,FVII-SCI03-THM-0342,FoundationsVII.NoGo.no_self_bootstrapping_join_without_seed_or_bridge,no_self_bootstrapping_join_without_seed_or_bridge,theorem,formalization/lean/FoundationsVII/NoGo/Join.lean,256,258,244e7cc2196d3bad3f0ab7c66db5b77b29c9137e2ca989c76ed249530ed1bb0e,f79bfda5d95341ed558c170f343759716731982ba5b71fb3bd14363ce071b8ca,PENDING_EXTERNAL_LEAN_REPLAY,"[""VII-C035""]"
FVII-SCI03-DECL-0343,FVII-SCI03-THM-0343,FoundationsVII.NoGo.self_bootstrap_escape_external_seed,self_bootstrap_escape_external_seed,theorem,formalization/lean/FoundationsVII/NoGo/Join.lean,259,262,ab8b6e003ecc848d82c8a5a91d6ebf9118639ed130d795990d5daec2357b5f9d,f48b7b751d37bc333a102378b8fbea97cdf0428fa419149b65d7acee36dc9cc9,PENDING_EXTERNAL_LEAN_REPLAY,"[""VII-C035""]"
FVII-SCI03-DECL-0344,FVII-SCI03-DEF-0344,FoundationsVII.ResidualKind,ResidualKind,inductive,formalization/lean/FoundationsVII/Residuals/Ledger.lean,12,22,65259bd9e78725a7c04685ddc19bd96951bd450ac05e4b2065d752bc6581c9af,65259bd9e78725a7c04685ddc19bd96951bd450ac05e4b2065d752bc6581c9af,PENDING_EXTERNAL_LEAN_REPLAY,"[""VII-C019"",""VII-C036""]"
FVII-SCI03-DECL-0345,FVII-SCI03-DEF-0345,FoundationsVII.allResidualKinds,allResidualKinds,def,formalization/lean/FoundationsVII/Residuals/Ledger.lean,23,26,a5725f3fadd3dbbddf5d8e32118dd89460b801da0f69a74108336fa5da5a3c83,a553fb3937c73e5b3c1b8e9b8e57ef580edfdcac0adb1e901480c443288eac15,PENDING_EXTERNAL_LEAN_REPLAY,"[""VII-C019"",""VII-C036""]"
FVII-SCI03-DECL-0346,FVII-SCI03-THM-0346,FoundationsVII.residualKind_mem_all,residualKind_mem_all,theorem,formalization/lean/FoundationsVII/Residuals/Ledger.lean,27,29,ec887971d064f99208cffccaa319a400eb11361fa307eb83922f087dd3f28a6b,5087429240c089e6098558f014ff1c1700d95af98778c19339b799b9c7ea3512,PENDING_EXTERNAL_LEAN_REPLAY,"[""VII-C019"",""VII-C036""]"
FVII-SCI03-DECL-0347,FVII-SCI03-DEF-0347,FoundationsVII.ResidualEntry,ResidualEntry,structure,formalization/lean/FoundationsVII/Residuals/Ledger.lean,30,43,dc339d5f51246dba7a685c055b4bfb70e89928392474316052466906af52d3de,dc339d5f51246dba7a685c055b4bfb70e89928392474316052466906af52d3de,PENDING_EXTERNAL_LEAN_REPLAY,"[""VII-C019"",""VII-C036""]"
FVII-SCI03-DECL-0348,FVII-SCI03-DEF-0348,FoundationsVII.ResidualEntry.WellFormed,WellFormed,def,formalization/lean/FoundationsVII/Residuals/Ledger.lean,44,55,d3813cd0b72b59a74638d8d9f68966e9ea8ef48ae658bd3001cc413d08e64191,2ce3a2e60fcb625ee6a3d4b425abfbbeacba5702188858d5c64d63416dd00737,PENDING_EXTERNAL_LEAN_REPLAY,"[""VII-C019"",""VII-C036""]"
FVII-SCI03-DECL-0349,FVII-SCI03-DEF-0349,FoundationsVII.ResidualLedger,ResidualLedger,structure,formalization/lean/FoundationsVII/Residuals/Ledger.lean,56,62,d1e8793c35f4e2619eee6706997d226eb2cfaa2af06360399d52f683076c380f,d1e8793c35f4e2619eee6706997d226eb2cfaa2af06360399d52f683076c380f,PENDING_EXTERNAL_LEAN_REPLAY,"[""VII-C019"",""VII-C036""]"
FVII-SCI03-DECL-0350,FVII-SCI03-DEF-0350,FoundationsVII.ResidualLedger.WellFormed,WellFormed,def,formalization/lean/FoundationsVII/Residuals/Ledger.lean,63,67,d94ff8b81fc18d0b18185cd42cc570abf6d2169938f48f4cac7f9df9b0a8e95f,dd3b6fe9c8d07ad0bc73f0d5d9fb0b55027ddd95e8e5c08457ee7d468ff0d278,PENDING_EXTERNAL_LEAN_REPLAY,"[""VII-C019"",""VII-C036""]"
FVII-SCI03-DECL-0351,FVII-SCI03-DEF-0351,FoundationsVII.ResidualLedger.append,append,def,formalization/lean/FoundationsVII/Residuals/Ledger.lean,68,72,caf8d1ed8d543b2b1cd598fff94058f9a4f48ba1df7dc7bbf9083712916d3cbe,5d8d69fa9da97fb66990ccd8e79984850a4887389194df258bd7174107001b5c,PENDING_EXTERNAL_LEAN_REPLAY,"[""VII-C019"",""VII-C036""]"
FVII-SCI03-DECL-0352,FVII-SCI03-DEF-0352,FoundationsVII.ResidualLedger.Extends,Extends,def,formalization/lean/FoundationsVII/Residuals/Ledger.lean,73,76,c52795f9d39ffb33f4958035c00fbb31d0181b7d372e7afdd39b58017b2383d6,604b23a54a31b85dbf89049bd612815c0587fd2727e2c1f9a6c070f80454c986,PENDING_EXTERNAL_LEAN_REPLAY,"[""VII-C019"",""VII-C036""]"
FVII-SCI03-DECL-0353,FVII-SCI03-THM-0353,FoundationsVII.ResidualLedger.append_extends,append_extends,theorem,formalization/lean/FoundationsVII/Residuals/Ledger.lean,77,80,f59abf6c3cf3017c27b2cde329f64495ef4e020e81cca0c6338d6badd51ed65b,df3c3c41bbfbf310c7d4e0c7b86abfbe4e469041604122fcd1ed5473b852322a,PENDING_EXTERNAL_LEAN_REPLAY,"[""VII-C019"",""VII-C036""]"
FVII-SCI03-DECL-0354,FVII-SCI03-THM-0354,FoundationsVII.ResidualLedger.mem_of_extends,mem_of_extends,theorem,formalization/lean/FoundationsVII/Residuals/Ledger.lean,81,88,2fa9c4105a1b484d452e55c3063f3f13e833b36f803589742d7917eadbcc4128,0584ab2126ce001e6de343feb79b34c8c9b8a3ff96a2d2390cba4faab0d3429c,PENDING_EXTERNAL_LEAN_REPLAY,"[""VII-C019"",""VII-C036""]"
FVII-SCI03-DECL-0355,FVII-SCI03-THM-0355,FoundationsVII.ResidualLedger.no_silent_residual_deletion_under_scope_change,no_silent_residual_deletion_under_scope_change,theorem,formalization/lean/FoundationsVII/Residuals/Ledger.lean,89,95,b35b20860c78987e621aaa0a40d20cbc0bdf695b6fc0727bb8856c6cec1fdee0,c3d15b93f1b3f5115f691823020030298dfab70a0e33af9f40e09df1b001a4d5,PENDING_EXTERNAL_LEAN_REPLAY,"[""VII-C019"",""VII-C036""]"
FVII-SCI03-DECL-0356,FVII-SCI03-DEF-0356,FoundationsVII.CrossTermNeedle,CrossTermNeedle,structure,formalization/lean/FoundationsVII/Residuals/Ledger.lean,96,105,7b391fbf7c5dbaa97fa91f64341351df5180b36cc15d0860c6f50762f981aad9,7b391fbf7c5dbaa97fa91f64341351df5180b36cc15d0860c6f50762f981aad9,PENDING_EXTERNAL_LEAN_REPLAY,"[""VII-C019"",""VII-C036""]"
FVII-SCI03-DECL-0357,FVII-SCI03-DEF-0357,FoundationsVII.CrossTermNeedle.Valid,Valid,def,formalization/lean/FoundationsVII/Residuals/Ledger.lean,106,115,974f9d1c3a15e8f1331602fc5b78bec32144184f2cdcfd593e991d87e49fdcae,930910db9adcf36129ba0200df70309f2536d166ab5c1044e9028eb310363863,PENDING_EXTERNAL_LEAN_REPLAY,"[""VII-C019"",""VII-C036""]"
FVII-SCI03-DECL-0358,FVII-SCI03-DEF-0358,FoundationsVII.ResidualTransition,ResidualTransition,structure,formalization/lean/FoundationsVII/Residuals/Ledger.lean,116,127,6ed8073cfa376de4007ef72a1a62aad7384d5e2be679a152d3f4a240ae466583,6ed8073cfa376de4007ef72a1a62aad7384d5e2be679a152d3f4a240ae466583,PENDING_EXTERNAL_LEAN_REPLAY,"[""VII-C019"",""VII-C036""]"
FVII-SCI03-DECL-0359,FVII-SCI03-DEF-0359,FoundationsVII.ResidualTransition.WellFormed,WellFormed,def,formalization/lean/FoundationsVII/Residuals/Ledger.lean,128,198,8ea33d9abe9b60e41d487260f9fbf49f020a93ebe27b9bf11d9acc0351c9851b,da9c83b49444f12b47daa5f0ddd7872f27fde03a3d053cc2f1d5a046af1ab065,PENDING_EXTERNAL_LEAN_REPLAY,"[""VII-C019"",""VII-C036""]"
FVII-SCI03-DECL-0360,FVII-SCI03-THM-0360,FoundationsVII.constructive_join_created_cross_term_needle,constructive_join_created_cross_term_needle,theorem,formalization/lean/FoundationsVII/Residuals/Ledger.lean,199,201,c76b9357cb6f829efb2228d0c4162d8998ae42e1553247dc261e81f16c6f41e1,c455c3cc6ffdd323eb3f28ca93827e27e9d9cad66cfd33b0b87154b5e4b137c6,PENDING_EXTERNAL_LEAN_REPLAY,"[""VII-C019"",""VII-C036""]"
FVII-SCI03-DECL-0361,FVII-SCI03-THM-0361,FoundationsVII.relabeling_does_not_count_as_new_cross_term,relabeling_does_not_count_as_new_cross_term,theorem,formalization/lean/FoundationsVII/Residuals/Ledger.lean,202,204,068cce3375c96a4597614de5664b25c8da342e0866e682d30396772529884b3d,e9123bb34aa86fd1cd78e8fcb073ae90f6a03fa02e34631243cb4427df6be885,PENDING_EXTERNAL_LEAN_REPLAY,"[""VII-C019"",""VII-C036""]"
FVII-SCI03-DECL-0362,FVII-SCI03-THM-0362,FoundationsVII.join_can_dissolve_and_create_residuals_simultaneously,join_can_dissolve_and_create_residuals_simultaneously,theorem,formalization/lean/FoundationsVII/Residuals/Ledger.lean,205,213,e6b5ee64aea9b069721846bf75ab8ffbe33bfbc7e0b114be783d4b1ca78d63d0,3a737d17bd0a0024cbfb377fd98bf0a652c425dea94db5d9729e09d0ffc13903,PENDING_EXTERNAL_LEAN_REPLAY,"[""VII-C019"",""VII-C036""]"
FVII-SCI03-DECL-0363,FVII-SCI03-THM-0363,FoundationsVII.joining_is_not_monotonically_obstruction_reducing,joining_is_not_monotonically_obstruction_reducing,theorem,formalization/lean/FoundationsVII/Residuals/Ledger.lean,214,223,e03ac2b07e76fa2692171d1bc1e54232d9a1bd074be342a6855eb71c13cdf6e4,90beaf8e779f3989651535ee92ab4071f83ee12a6457822606d97a97ecb13a01,PENDING_EXTERNAL_LEAN_REPLAY,"[""VII-C019"",""VII-C036""]"
