layer,module,file,line,kind,declared_name,namespace,fully_qualified_name
FOUNDATIONS_V,SixBirdsFoundationsV.Definitional.CarriedRecord,formalization/foundations_v_scaffold/lean/SixBirdsFoundationsV/Definitional/CarriedRecord.lean,100,theorem,carriedSource_committed_state,SixBirdsFoundationsV,SixBirdsFoundationsV.carriedSource_committed_state
FOUNDATIONS_V,SixBirdsFoundationsV.Definitional.CarriedRecord,formalization/foundations_v_scaffold/lean/SixBirdsFoundationsV/Definitional/CarriedRecord.lean,104,theorem,carriedSource_audited_cell_records,SixBirdsFoundationsV,SixBirdsFoundationsV.carriedSource_audited_cell_records
FOUNDATIONS_V,SixBirdsFoundationsV.Definitional.CarriedRecord,formalization/foundations_v_scaffold/lean/SixBirdsFoundationsV/Definitional/CarriedRecord.lean,108,theorem,carriedSource_allowed_tag,SixBirdsFoundationsV,SixBirdsFoundationsV.carriedSource_allowed_tag
FOUNDATIONS_V,SixBirdsFoundationsV.Definitional.CarriedRecord,formalization/foundations_v_scaffold/lean/SixBirdsFoundationsV/Definitional/CarriedRecord.lean,115,theorem,not_carriedSource_fallback,SixBirdsFoundationsV,SixBirdsFoundationsV.not_carriedSource_fallback
FOUNDATIONS_V,SixBirdsFoundationsV.Definitional.CarriedRecord,formalization/foundations_v_scaffold/lean/SixBirdsFoundationsV/Definitional/CarriedRecord.lean,122,theorem,not_carriedSource_independent_pair_witness,SixBirdsFoundationsV,SixBirdsFoundationsV.not_carriedSource_independent_pair_witness
FOUNDATIONS_V,SixBirdsFoundationsV.Definitional.CarriedRecord,formalization/foundations_v_scaffold/lean/SixBirdsFoundationsV/Definitional/CarriedRecord.lean,131,theorem,not_carriedSource_simulation_trace,SixBirdsFoundationsV,SixBirdsFoundationsV.not_carriedSource_simulation_trace
FOUNDATIONS_V,SixBirdsFoundationsV.Definitional.CarriedRecord,formalization/foundations_v_scaffold/lean/SixBirdsFoundationsV/Definitional/CarriedRecord.lean,139,theorem,not_carriedSource_ablation_record,SixBirdsFoundationsV,SixBirdsFoundationsV.not_carriedSource_ablation_record
FOUNDATIONS_V,SixBirdsFoundationsV.Definitional.CarriedRecord,formalization/foundations_v_scaffold/lean/SixBirdsFoundationsV/Definitional/CarriedRecord.lean,147,theorem,not_carriedSource_unknown,SixBirdsFoundationsV,SixBirdsFoundationsV.not_carriedSource_unknown
FOUNDATIONS_V,SixBirdsFoundationsV.Definitional.CarriedRecord,formalization/foundations_v_scaffold/lean/SixBirdsFoundationsV/Definitional/CarriedRecord.lean,154,theorem,not_carriedSource_contradictory,SixBirdsFoundationsV,SixBirdsFoundationsV.not_carriedSource_contradictory
FOUNDATIONS_V,SixBirdsFoundationsV.Definitional.CarriedRecord,formalization/foundations_v_scaffold/lean/SixBirdsFoundationsV/Definitional/CarriedRecord.lean,167,theorem,ownKernelTraceTo_step_in_scope,SixBirdsFoundationsV,SixBirdsFoundationsV.ownKernelTraceTo_step_in_scope
FOUNDATIONS_V,SixBirdsFoundationsV.Definitional.CarriedRecord,formalization/foundations_v_scaffold/lean/SixBirdsFoundationsV/Definitional/CarriedRecord.lean,177,theorem,ownKernelTraceTo_suppK,SixBirdsFoundationsV,SixBirdsFoundationsV.ownKernelTraceTo_suppK
FOUNDATIONS_V,SixBirdsFoundationsV.Definitional.CarriedRecord,formalization/foundations_v_scaffold/lean/SixBirdsFoundationsV/Definitional/CarriedRecord.lean,187,theorem,not_ownKernelTraceTo_of_step_not_in_scope,SixBirdsFoundationsV,SixBirdsFoundationsV.not_ownKernelTraceTo_of_step_not_in_scope
FOUNDATIONS_V,SixBirdsFoundationsV.Definitional.CarriedRecord,formalization/foundations_v_scaffold/lean/SixBirdsFoundationsV/Definitional/CarriedRecord.lean,198,theorem,not_carriedRecord_of_step_not_in_scope,SixBirdsFoundationsV,SixBirdsFoundationsV.not_carriedRecord_of_step_not_in_scope
FOUNDATIONS_V,SixBirdsFoundationsV.Definitional.CarriedRecord,formalization/foundations_v_scaffold/lean/SixBirdsFoundationsV/Definitional/CarriedRecord.lean,265,theorem,not_carriedInstrument_of_incomplete_inventory,SixBirdsFoundationsV,SixBirdsFoundationsV.not_carriedInstrument_of_incomplete_inventory
FOUNDATIONS_V,SixBirdsFoundationsV.Definitional.CarriedRecord,formalization/foundations_v_scaffold/lean/SixBirdsFoundationsV/Definitional/CarriedRecord.lean,277,theorem,not_carriedInstrument_empty_without_complete_inventory,SixBirdsFoundationsV,SixBirdsFoundationsV.not_carriedInstrument_empty_without_complete_inventory
FOUNDATIONS_V,SixBirdsFoundationsV.Definitional.ClosedLoopScope,formalization/foundations_v_scaffold/lean/SixBirdsFoundationsV/Definitional/ClosedLoopScope.lean,128,theorem,closedLoopScope_complete,SixBirdsFoundationsV,SixBirdsFoundationsV.closedLoopScope_complete
FOUNDATIONS_V,SixBirdsFoundationsV.Definitional.ClosedLoopScope,formalization/foundations_v_scaffold/lean/SixBirdsFoundationsV/Definitional/ClosedLoopScope.lean,146,theorem,closedLoopScope_entry_carried,SixBirdsFoundationsV,SixBirdsFoundationsV.closedLoopScope_entry_carried
FOUNDATIONS_V,SixBirdsFoundationsV.Definitional.ClosedLoopScope,formalization/foundations_v_scaffold/lean/SixBirdsFoundationsV/Definitional/ClosedLoopScope.lean,166,theorem,carriedRecordAt_carriedSource,SixBirdsFoundationsV,SixBirdsFoundationsV.carriedRecordAt_carriedSource
FOUNDATIONS_V,SixBirdsFoundationsV.Definitional.ClosedLoopScope,formalization/foundations_v_scaffold/lean/SixBirdsFoundationsV/Definitional/ClosedLoopScope.lean,180,theorem,not_carriedRecordAt_of_source_fallback,SixBirdsFoundationsV,SixBirdsFoundationsV.not_carriedRecordAt_of_source_fallback
FOUNDATIONS_V,SixBirdsFoundationsV.Definitional.ClosedLoopScope,formalization/foundations_v_scaffold/lean/SixBirdsFoundationsV/Definitional/ClosedLoopScope.lean,196,theorem,not_carriedRecordAt_of_source_unknown,SixBirdsFoundationsV,SixBirdsFoundationsV.not_carriedRecordAt_of_source_unknown
FOUNDATIONS_V,SixBirdsFoundationsV.Definitional.ClosedLoopScope,formalization/foundations_v_scaffold/lean/SixBirdsFoundationsV/Definitional/ClosedLoopScope.lean,212,theorem,not_carriedRecordAt_of_source_contradictory,SixBirdsFoundationsV,SixBirdsFoundationsV.not_carriedRecordAt_of_source_contradictory
FOUNDATIONS_V,SixBirdsFoundationsV.Definitional.ClosedLoopScope,formalization/foundations_v_scaffold/lean/SixBirdsFoundationsV/Definitional/ClosedLoopScope.lean,228,theorem,not_carriedRecordAt_of_generatedByS_false,SixBirdsFoundationsV,SixBirdsFoundationsV.not_carriedRecordAt_of_generatedByS_false
FOUNDATIONS_V,SixBirdsFoundationsV.Definitional.ClosedLoopScope,formalization/foundations_v_scaffold/lean/SixBirdsFoundationsV/Definitional/ClosedLoopScope.lean,243,theorem,not_carriedRecordAt_of_inScope_false,SixBirdsFoundationsV,SixBirdsFoundationsV.not_carriedRecordAt_of_inScope_false
FOUNDATIONS_V,SixBirdsFoundationsV.Definitional.ClosedLoopScope,formalization/foundations_v_scaffold/lean/SixBirdsFoundationsV/Definitional/ClosedLoopScope.lean,258,theorem,not_repairTypedAuditEntryCarried_of_source_fallback,SixBirdsFoundationsV,SixBirdsFoundationsV.not_repairTypedAuditEntryCarried_of_source_fallback
FOUNDATIONS_V,SixBirdsFoundationsV.Definitional.ClosedLoopScope,formalization/foundations_v_scaffold/lean/SixBirdsFoundationsV/Definitional/ClosedLoopScope.lean,277,theorem,not_repairTypedAuditEntryCarried_of_source_unknown,SixBirdsFoundationsV,SixBirdsFoundationsV.not_repairTypedAuditEntryCarried_of_source_unknown
FOUNDATIONS_V,SixBirdsFoundationsV.Definitional.ClosedLoopScope,formalization/foundations_v_scaffold/lean/SixBirdsFoundationsV/Definitional/ClosedLoopScope.lean,296,theorem,not_repairTypedAuditEntryCarried_of_source_contradictory,SixBirdsFoundationsV,SixBirdsFoundationsV.not_repairTypedAuditEntryCarried_of_source_contradictory
FOUNDATIONS_V,SixBirdsFoundationsV.Definitional.ClosedLoopScope,formalization/foundations_v_scaffold/lean/SixBirdsFoundationsV/Definitional/ClosedLoopScope.lean,315,theorem,not_repairTypedAuditEntryCarried_of_source_independent_pair_witness,SixBirdsFoundationsV,SixBirdsFoundationsV.not_repairTypedAuditEntryCarried_of_source_independent_pair_witness
FOUNDATIONS_V,SixBirdsFoundationsV.Definitional.ClosedLoopScope,formalization/foundations_v_scaffold/lean/SixBirdsFoundationsV/Definitional/ClosedLoopScope.lean,356,theorem,not_repairTypedAuditEntryCarried_of_source_simulation_trace,SixBirdsFoundationsV,SixBirdsFoundationsV.not_repairTypedAuditEntryCarried_of_source_simulation_trace
FOUNDATIONS_V,SixBirdsFoundationsV.Definitional.ClosedLoopScope,formalization/foundations_v_scaffold/lean/SixBirdsFoundationsV/Definitional/ClosedLoopScope.lean,396,theorem,not_repairTypedAuditEntryCarried_of_source_ablation_record,SixBirdsFoundationsV,SixBirdsFoundationsV.not_repairTypedAuditEntryCarried_of_source_ablation_record
FOUNDATIONS_V,SixBirdsFoundationsV.Definitional.ClosedLoopScope,formalization/foundations_v_scaffold/lean/SixBirdsFoundationsV/Definitional/ClosedLoopScope.lean,436,theorem,not_repairTypedAuditEntryCarried_of_generatedByS_false,SixBirdsFoundationsV,SixBirdsFoundationsV.not_repairTypedAuditEntryCarried_of_generatedByS_false
FOUNDATIONS_V,SixBirdsFoundationsV.Definitional.ClosedLoopScope,formalization/foundations_v_scaffold/lean/SixBirdsFoundationsV/Definitional/ClosedLoopScope.lean,455,theorem,not_repairTypedAuditEntryCarried_of_inScope_false,SixBirdsFoundationsV,SixBirdsFoundationsV.not_repairTypedAuditEntryCarried_of_inScope_false
FOUNDATIONS_V,SixBirdsFoundationsV.Definitional.ClosedLoopScope,formalization/foundations_v_scaffold/lean/SixBirdsFoundationsV/Definitional/ClosedLoopScope.lean,474,theorem,not_closedLoopScope_of_listed_source_fallback,SixBirdsFoundationsV,SixBirdsFoundationsV.not_closedLoopScope_of_listed_source_fallback
FOUNDATIONS_V,SixBirdsFoundationsV.Definitional.ClosedLoopScope,formalization/foundations_v_scaffold/lean/SixBirdsFoundationsV/Definitional/ClosedLoopScope.lean,496,theorem,not_closedLoopScope_of_listed_source_unknown,SixBirdsFoundationsV,SixBirdsFoundationsV.not_closedLoopScope_of_listed_source_unknown
FOUNDATIONS_V,SixBirdsFoundationsV.Definitional.ClosedLoopScope,formalization/foundations_v_scaffold/lean/SixBirdsFoundationsV/Definitional/ClosedLoopScope.lean,518,theorem,not_closedLoopScope_of_listed_source_contradictory,SixBirdsFoundationsV,SixBirdsFoundationsV.not_closedLoopScope_of_listed_source_contradictory
FOUNDATIONS_V,SixBirdsFoundationsV.Definitional.ClosedLoopScope,formalization/foundations_v_scaffold/lean/SixBirdsFoundationsV/Definitional/ClosedLoopScope.lean,540,theorem,not_closedLoopScope_of_listed_generatedByS_false,SixBirdsFoundationsV,SixBirdsFoundationsV.not_closedLoopScope_of_listed_generatedByS_false
FOUNDATIONS_V,SixBirdsFoundationsV.Definitional.ClosedLoopScope,formalization/foundations_v_scaffold/lean/SixBirdsFoundationsV/Definitional/ClosedLoopScope.lean,562,theorem,not_closedLoopScope_of_listed_inScope_false,SixBirdsFoundationsV,SixBirdsFoundationsV.not_closedLoopScope_of_listed_inScope_false
FOUNDATIONS_V,SixBirdsFoundationsV.Definitional.ClosedLoopScope,formalization/foundations_v_scaffold/lean/SixBirdsFoundationsV/Definitional/ClosedLoopScope.lean,584,theorem,fallback_entry_cannot_borrow_carriedness,SixBirdsFoundationsV,SixBirdsFoundationsV.fallback_entry_cannot_borrow_carriedness
FOUNDATIONS_V,SixBirdsFoundationsV.Definitional.ESystem,formalization/foundations_v_scaffold/lean/SixBirdsFoundationsV/Definitional/ESystem.lean,211,theorem,repairSort_ne_p6,SixBirdsFoundationsV,SixBirdsFoundationsV.repairSort_ne_p6
FOUNDATIONS_V,SixBirdsFoundationsV.Definitional.ESystem,formalization/foundations_v_scaffold/lean/SixBirdsFoundationsV/Definitional/ESystem.lean,215,theorem,no_repairSort_p6,SixBirdsFoundationsV,SixBirdsFoundationsV.no_repairSort_p6
FOUNDATIONS_V,SixBirdsFoundationsV.Definitional.ESystem,formalization/foundations_v_scaffold/lean/SixBirdsFoundationsV/Definitional/ESystem.lean,219,theorem,carriedLedger_has_complete_inventory,SixBirdsFoundationsV,SixBirdsFoundationsV.carriedLedger_has_complete_inventory
FOUNDATIONS_V,SixBirdsFoundationsV.Definitional.ESystem,formalization/foundations_v_scaffold/lean/SixBirdsFoundationsV/Definitional/ESystem.lean,228,theorem,no_carriedLedger_with_false_inventory,SixBirdsFoundationsV,SixBirdsFoundationsV.no_carriedLedger_with_false_inventory
FOUNDATIONS_V,SixBirdsFoundationsV.Definitional.ESystem,formalization/foundations_v_scaffold/lean/SixBirdsFoundationsV/Definitional/ESystem.lean,239,theorem,carriedRecordEvidence_uses_policy,SixBirdsFoundationsV,SixBirdsFoundationsV.carriedRecordEvidence_uses_policy
FOUNDATIONS_V,SixBirdsFoundationsV.Definitional.ESystem,formalization/foundations_v_scaffold/lean/SixBirdsFoundationsV/Definitional/ESystem.lean,249,theorem,hasCarriedRecordEvidence_uses_policy,SixBirdsFoundationsV,SixBirdsFoundationsV.hasCarriedRecordEvidence_uses_policy
FOUNDATIONS_V,SixBirdsFoundationsV.Definitional.ESystem,formalization/foundations_v_scaffold/lean/SixBirdsFoundationsV/Definitional/ESystem.lean,265,theorem,not_hasCarriedRecordEvidence_without_policy_witness,SixBirdsFoundationsV,SixBirdsFoundationsV.not_hasCarriedRecordEvidence_without_policy_witness
FOUNDATIONS_V,SixBirdsFoundationsV.Definitional.ESystem,formalization/foundations_v_scaffold/lean/SixBirdsFoundationsV/Definitional/ESystem.lean,283,theorem,carriedLedger_entry_uses_policy,SixBirdsFoundationsV,SixBirdsFoundationsV.carriedLedger_entry_uses_policy
FOUNDATIONS_V,SixBirdsFoundationsV.Definitional.ESystem,formalization/foundations_v_scaffold/lean/SixBirdsFoundationsV/Definitional/ESystem.lean,293,theorem,repairMove_record_uses_policy,SixBirdsFoundationsV,SixBirdsFoundationsV.repairMove_record_uses_policy
FOUNDATIONS_V,SixBirdsFoundationsV.Definitional.ESystem,formalization/foundations_v_scaffold/lean/SixBirdsFoundationsV/Definitional/ESystem.lean,303,theorem,activeCarriedInstrument_has_carried_instrument,SixBirdsFoundationsV,SixBirdsFoundationsV.activeCarriedInstrument_has_carried_instrument
FOUNDATIONS_V,SixBirdsFoundationsV.Definitional.ESystem,formalization/foundations_v_scaffold/lean/SixBirdsFoundationsV/Definitional/ESystem.lean,319,theorem,lawfulRepairStep_requires_detection,SixBirdsFoundationsV,SixBirdsFoundationsV.lawfulRepairStep_requires_detection
FOUNDATIONS_V,SixBirdsFoundationsV.Definitional.ESystem,formalization/foundations_v_scaffold/lean/SixBirdsFoundationsV/Definitional/ESystem.lean,346,theorem,lawfulRepairStep_requires_gate,SixBirdsFoundationsV,SixBirdsFoundationsV.lawfulRepairStep_requires_gate
FOUNDATIONS_V,SixBirdsFoundationsV.Definitional.ESystem,formalization/foundations_v_scaffold/lean/SixBirdsFoundationsV/Definitional/ESystem.lean,373,theorem,lawfulRepairStep_requires_kernel_transition,SixBirdsFoundationsV,SixBirdsFoundationsV.lawfulRepairStep_requires_kernel_transition
FOUNDATIONS_V,SixBirdsFoundationsV.Definitional.ESystem,formalization/foundations_v_scaffold/lean/SixBirdsFoundationsV/Definitional/ESystem.lean,400,theorem,lawfulRepairStep_requires_reaudit,SixBirdsFoundationsV,SixBirdsFoundationsV.lawfulRepairStep_requires_reaudit
FOUNDATIONS_V,SixBirdsFoundationsV.Definitional.ESystem,formalization/foundations_v_scaffold/lean/SixBirdsFoundationsV/Definitional/ESystem.lean,427,theorem,not_lawfulRepairStep_without_detection,SixBirdsFoundationsV,SixBirdsFoundationsV.not_lawfulRepairStep_without_detection
FOUNDATIONS_V,SixBirdsFoundationsV.Definitional.ESystem,formalization/foundations_v_scaffold/lean/SixBirdsFoundationsV/Definitional/ESystem.lean,453,theorem,not_lawfulRepairStep_without_gate,SixBirdsFoundationsV,SixBirdsFoundationsV.not_lawfulRepairStep_without_gate
FOUNDATIONS_V,SixBirdsFoundationsV.Definitional.ESystem,formalization/foundations_v_scaffold/lean/SixBirdsFoundationsV/Definitional/ESystem.lean,479,theorem,not_lawfulRepairStep_without_kernel_transition,SixBirdsFoundationsV,SixBirdsFoundationsV.not_lawfulRepairStep_without_kernel_transition
FOUNDATIONS_V,SixBirdsFoundationsV.Definitional.ESystem,formalization/foundations_v_scaffold/lean/SixBirdsFoundationsV/Definitional/ESystem.lean,505,theorem,not_lawfulRepairStep_without_reaudit,SixBirdsFoundationsV,SixBirdsFoundationsV.not_lawfulRepairStep_without_reaudit
FOUNDATIONS_V,SixBirdsFoundationsV.Definitional.PredictiveSurplus,formalization/foundations_v_scaffold/lean/SixBirdsFoundationsV/Definitional/PredictiveSurplus.lean,36,theorem,predictiveSurplus_identical,SixBirdsFoundationsV,SixBirdsFoundationsV.predictiveSurplus_identical
FOUNDATIONS_V,SixBirdsFoundationsV.Definitional.PredictiveSurplus,formalization/foundations_v_scaffold/lean/SixBirdsFoundationsV/Definitional/PredictiveSurplus.lean,42,theorem,predictiveSurplus_profile_identical,SixBirdsFoundationsV,SixBirdsFoundationsV.predictiveSurplus_profile_identical
FOUNDATIONS_V,SixBirdsFoundationsV.Definitional.PredictiveSurplus,formalization/foundations_v_scaffold/lean/SixBirdsFoundationsV/Definitional/PredictiveSurplus.lean,48,theorem,predictiveSurplus_exact_baseline,SixBirdsFoundationsV,SixBirdsFoundationsV.predictiveSurplus_exact_baseline
FOUNDATIONS_V,SixBirdsFoundationsV.Definitional.PredictiveSurplus,formalization/foundations_v_scaffold/lean/SixBirdsFoundationsV/Definitional/PredictiveSurplus.lean,58,theorem,predictiveSurplusValue_nonnegative_iff,SixBirdsFoundationsV,SixBirdsFoundationsV.predictiveSurplusValue_nonnegative_iff
FOUNDATIONS_V,SixBirdsFoundationsV.Definitional.PredictiveSurplus,formalization/foundations_v_scaffold/lean/SixBirdsFoundationsV/Definitional/PredictiveSurplus.lean,72,theorem,predictiveSurplusValue_identical,SixBirdsFoundationsV,SixBirdsFoundationsV.predictiveSurplusValue_identical
FOUNDATIONS_V,SixBirdsFoundationsV.Definitional.PredictiveSurplus,formalization/foundations_v_scaffold/lean/SixBirdsFoundationsV/Definitional/PredictiveSurplus.lean,78,theorem,predictiveSurplusValue_exact_baseline,SixBirdsFoundationsV,SixBirdsFoundationsV.predictiveSurplusValue_exact_baseline
FOUNDATIONS_V,SixBirdsFoundationsV.Definitional.PredictiveSurplus,formalization/foundations_v_scaffold/lean/SixBirdsFoundationsV/Definitional/PredictiveSurplus.lean,96,theorem,predictiveSurplusXi_nonnegative_of_psd,SixBirdsFoundationsV,SixBirdsFoundationsV.predictiveSurplusXi_nonnegative_of_psd
FOUNDATIONS_V,SixBirdsFoundationsV.Definitional.PredictiveSurplus,formalization/foundations_v_scaffold/lean/SixBirdsFoundationsV/Definitional/PredictiveSurplus.lean,103,theorem,predictiveSurplusXi_chain_rule_monotone,SixBirdsFoundationsV,SixBirdsFoundationsV.predictiveSurplusXi_chain_rule_monotone
FOUNDATIONS_V,SixBirdsFoundationsV.Definitional.PredictiveSurplus,formalization/foundations_v_scaffold/lean/SixBirdsFoundationsV/Definitional/PredictiveSurplus.lean,136,theorem,predictiveSurplusXi_same_family_saturation,SixBirdsFoundationsV,SixBirdsFoundationsV.predictiveSurplusXi_same_family_saturation
FOUNDATIONS_V,SixBirdsFoundationsV.Definitional.ProbeEconomy,formalization/foundations_v_scaffold/lean/SixBirdsFoundationsV/Definitional/ProbeEconomy.lean,228,theorem,lawfulAcquisition_requires_acquisitionStrict,SixBirdsFoundationsV,SixBirdsFoundationsV.lawfulAcquisition_requires_acquisitionStrict
FOUNDATIONS_V,SixBirdsFoundationsV.Definitional.ProbeEconomy,formalization/foundations_v_scaffold/lean/SixBirdsFoundationsV/Definitional/ProbeEconomy.lean,249,theorem,not_lawfulAcquisition_of_sameFamilySaturated,SixBirdsFoundationsV,SixBirdsFoundationsV.not_lawfulAcquisition_of_sameFamilySaturated
FOUNDATIONS_V,SixBirdsFoundationsV.Definitional.ProbeEconomy,formalization/foundations_v_scaffold/lean/SixBirdsFoundationsV/Definitional/ProbeEconomy.lean,270,theorem,lawfulAllocation_support_eq,SixBirdsFoundationsV,SixBirdsFoundationsV.lawfulAllocation_support_eq
FOUNDATIONS_V,SixBirdsFoundationsV.Definitional.ProbeEconomy,formalization/foundations_v_scaffold/lean/SixBirdsFoundationsV/Definitional/ProbeEconomy.lean,290,theorem,lawfulAllocation_no_new_active_probe,SixBirdsFoundationsV,SixBirdsFoundationsV.lawfulAllocation_no_new_active_probe
FOUNDATIONS_V,SixBirdsFoundationsV.Definitional.ProbeEconomy,formalization/foundations_v_scaffold/lean/SixBirdsFoundationsV/Definitional/ProbeEconomy.lean,313,theorem,lawfulRetirement_requires_active,SixBirdsFoundationsV,SixBirdsFoundationsV.lawfulRetirement_requires_active
FOUNDATIONS_V,SixBirdsFoundationsV.Definitional.ProbeEconomy,formalization/foundations_v_scaffold/lean/SixBirdsFoundationsV/Definitional/ProbeEconomy.lean,333,theorem,lawfulRetirement_probe_absent_after,SixBirdsFoundationsV,SixBirdsFoundationsV.lawfulRetirement_probe_absent_after
FOUNDATIONS_V,SixBirdsFoundationsV.Definitional.ProbeEconomy,formalization/foundations_v_scaffold/lean/SixBirdsFoundationsV/Definitional/ProbeEconomy.lean,374,theorem,xi_sameFamilySaturated_of_sameFamilySaturation,SixBirdsFoundationsV,SixBirdsFoundationsV.xi_sameFamilySaturated_of_sameFamilySaturation
FOUNDATIONS_V,SixBirdsFoundationsV.Definitional.ProbeEconomy,formalization/foundations_v_scaffold/lean/SixBirdsFoundationsV/Definitional/ProbeEconomy.lean,395,theorem,xi_sameFamilySaturated_not_acquisitionStrict,SixBirdsFoundationsV,SixBirdsFoundationsV.xi_sameFamilySaturated_not_acquisitionStrict
FOUNDATIONS_V,SixBirdsFoundationsV.Definitional.RepairJoin,formalization/foundations_v_scaffold/lean/SixBirdsFoundationsV/Definitional/RepairJoin.lean,23,theorem,join_refines_left,SixBirdsFoundationsV,SixBirdsFoundationsV.join_refines_left
FOUNDATIONS_V,SixBirdsFoundationsV.Definitional.RepairJoin,formalization/foundations_v_scaffold/lean/SixBirdsFoundationsV/Definitional/RepairJoin.lean,29,theorem,join_refines_right,SixBirdsFoundationsV,SixBirdsFoundationsV.join_refines_right
FOUNDATIONS_V,SixBirdsFoundationsV.Definitional.RepairJoin,formalization/foundations_v_scaffold/lean/SixBirdsFoundationsV/Definitional/RepairJoin.lean,35,theorem,vee_greatest_lower_bound,SixBirdsFoundationsV,SixBirdsFoundationsV.vee_greatest_lower_bound
FOUNDATIONS_V,SixBirdsFoundationsV.Definitional.RepairJoin,formalization/foundations_v_scaffold/lean/SixBirdsFoundationsV/Definitional/RepairJoin.lean,42,theorem,join_well_defined,SixBirdsFoundationsV,SixBirdsFoundationsV.join_well_defined
FOUNDATIONS_V,SixBirdsFoundationsV.Definitional.RepairJoin,formalization/foundations_v_scaffold/lean/SixBirdsFoundationsV/Definitional/RepairJoin.lean,57,theorem,join_idem,SixBirdsFoundationsV,SixBirdsFoundationsV.join_idem
FOUNDATIONS_V,SixBirdsFoundationsV.Definitional.RepairJoin,formalization/foundations_v_scaffold/lean/SixBirdsFoundationsV/Definitional/RepairJoin.lean,66,theorem,join_comm,SixBirdsFoundationsV,SixBirdsFoundationsV.join_comm
FOUNDATIONS_V,SixBirdsFoundationsV.Definitional.RepairJoin,formalization/foundations_v_scaffold/lean/SixBirdsFoundationsV/Definitional/RepairJoin.lean,75,theorem,join_assoc,SixBirdsFoundationsV,SixBirdsFoundationsV.join_assoc
FOUNDATIONS_V,SixBirdsFoundationsV.Laws.E10CognitiveDemarcation,formalization/foundations_v_scaffold/lean/SixBirdsFoundationsV/Laws/E10CognitiveDemarcation.lean,1771,theorem,E10_CognitiveDemarcation,SixBirdsFoundationsV,SixBirdsFoundationsV.E10_CognitiveDemarcation
FOUNDATIONS_V,SixBirdsFoundationsV.Laws.E10CognitiveDemarcation,formalization/foundations_v_scaffold/lean/SixBirdsFoundationsV/Laws/E10CognitiveDemarcation.lean,1963,theorem,E10_ScheduleTrapExcludesLowerPriority,SixBirdsFoundationsV,SixBirdsFoundationsV.E10_ScheduleTrapExcludesLowerPriority
FOUNDATIONS_V,SixBirdsFoundationsV.Laws.E10CognitiveDemarcation,formalization/foundations_v_scaffold/lean/SixBirdsFoundationsV/Laws/E10CognitiveDemarcation.lean,2012,theorem,E10_DecodableCorrelate,SixBirdsFoundationsV,SixBirdsFoundationsV.E10_DecodableCorrelate
FOUNDATIONS_V,SixBirdsFoundationsV.Laws.E10CognitiveDemarcation,formalization/foundations_v_scaffold/lean/SixBirdsFoundationsV/Laws/E10CognitiveDemarcation.lean,2027,theorem,E10_ScheduleTrapNull,SixBirdsFoundationsV,SixBirdsFoundationsV.E10_ScheduleTrapNull
FOUNDATIONS_V,SixBirdsFoundationsV.Laws.E10CognitiveDemarcation,formalization/foundations_v_scaffold/lean/SixBirdsFoundationsV/Laws/E10CognitiveDemarcation.lean,2042,theorem,E10_1_Intention,SixBirdsFoundationsV,SixBirdsFoundationsV.E10_1_Intention
FOUNDATIONS_V,SixBirdsFoundationsV.Laws.E10CognitiveDemarcation,formalization/foundations_v_scaffold/lean/SixBirdsFoundationsV/Laws/E10CognitiveDemarcation.lean,2155,theorem,E10_1_PostHocIntentionExcludesLowerPriority,SixBirdsFoundationsV,SixBirdsFoundationsV.E10_1_PostHocIntentionExcludesLowerPriority
FOUNDATIONS_V,SixBirdsFoundationsV.Laws.E10CognitiveDemarcation,formalization/foundations_v_scaffold/lean/SixBirdsFoundationsV/Laws/E10CognitiveDemarcation.lean,2186,theorem,E10_1_PostHocIntentionFalsifier,SixBirdsFoundationsV,SixBirdsFoundationsV.E10_1_PostHocIntentionFalsifier
FOUNDATIONS_V,SixBirdsFoundationsV.Laws.E10CognitiveDemarcation,formalization/foundations_v_scaffold/lean/SixBirdsFoundationsV/Laws/E10CognitiveDemarcation.lean,2201,theorem,E10_2_Goal,SixBirdsFoundationsV,SixBirdsFoundationsV.E10_2_Goal
FOUNDATIONS_V,SixBirdsFoundationsV.Laws.E10CognitiveDemarcation,formalization/foundations_v_scaffold/lean/SixBirdsFoundationsV/Laws/E10CognitiveDemarcation.lean,2291,theorem,E10_2_RewardProxyOnlyExcludesLowerPriority,SixBirdsFoundationsV,SixBirdsFoundationsV.E10_2_RewardProxyOnlyExcludesLowerPriority
FOUNDATIONS_V,SixBirdsFoundationsV.Laws.E10CognitiveDemarcation,formalization/foundations_v_scaffold/lean/SixBirdsFoundationsV/Laws/E10CognitiveDemarcation.lean,2314,theorem,E10_2_RewardProxyNotGoal,SixBirdsFoundationsV,SixBirdsFoundationsV.E10_2_RewardProxyNotGoal
FOUNDATIONS_V,SixBirdsFoundationsV.Laws.E11InstitutionalRewrite,formalization/foundations_v_scaffold/lean/SixBirdsFoundationsV/Laws/E11InstitutionalRewrite.lean,811,theorem,E11_StackActivity,SixBirdsFoundationsV,SixBirdsFoundationsV.E11_StackActivity
FOUNDATIONS_V,SixBirdsFoundationsV.Laws.E11InstitutionalRewrite,formalization/foundations_v_scaffold/lean/SixBirdsFoundationsV/Laws/E11InstitutionalRewrite.lean,853,theorem,E11_Constitutive,SixBirdsFoundationsV,SixBirdsFoundationsV.E11_Constitutive
FOUNDATIONS_V,SixBirdsFoundationsV.Laws.E11InstitutionalRewrite,formalization/foundations_v_scaffold/lean/SixBirdsFoundationsV/Laws/E11InstitutionalRewrite.lean,900,theorem,E11_ConditioningOnly,SixBirdsFoundationsV,SixBirdsFoundationsV.E11_ConditioningOnly
FOUNDATIONS_V,SixBirdsFoundationsV.Laws.E11InstitutionalRewrite,formalization/foundations_v_scaffold/lean/SixBirdsFoundationsV/Laws/E11InstitutionalRewrite.lean,941,theorem,E11_WashoutInert,SixBirdsFoundationsV,SixBirdsFoundationsV.E11_WashoutInert
FOUNDATIONS_V,SixBirdsFoundationsV.Laws.E11InstitutionalRewrite,formalization/foundations_v_scaffold/lean/SixBirdsFoundationsV/Laws/E11InstitutionalRewrite.lean,966,theorem,E11_NCTDObstruction,SixBirdsFoundationsV,SixBirdsFoundationsV.E11_NCTDObstruction
FOUNDATIONS_V,SixBirdsFoundationsV.Laws.E11InstitutionalRewrite,formalization/foundations_v_scaffold/lean/SixBirdsFoundationsV/Laws/E11InstitutionalRewrite.lean,973,theorem,E11_StatusPartition,SixBirdsFoundationsV,SixBirdsFoundationsV.E11_StatusPartition
FOUNDATIONS_V,SixBirdsFoundationsV.Laws.E12Individuation,formalization/foundations_v_scaffold/lean/SixBirdsFoundationsV/Laws/E12Individuation.lean,711,theorem,E12_Individuation,SixBirdsFoundationsV,SixBirdsFoundationsV.E12_Individuation
FOUNDATIONS_V,SixBirdsFoundationsV.Laws.E12Individuation,formalization/foundations_v_scaffold/lean/SixBirdsFoundationsV/Laws/E12Individuation.lean,787,theorem,E12_StatusPartition,SixBirdsFoundationsV,SixBirdsFoundationsV.E12_StatusPartition
FOUNDATIONS_V,SixBirdsFoundationsV.Laws.E13RepairTransport,formalization/foundations_v_scaffold/lean/SixBirdsFoundationsV/Laws/E13RepairTransport.lean,1760,theorem,E13_Communication,SixBirdsFoundationsV,SixBirdsFoundationsV.E13_Communication
FOUNDATIONS_V,SixBirdsFoundationsV.Laws.E13RepairTransport,formalization/foundations_v_scaffold/lean/SixBirdsFoundationsV/Laws/E13RepairTransport.lean,1773,theorem,E13_TeachingCapacity,SixBirdsFoundationsV,SixBirdsFoundationsV.E13_TeachingCapacity
FOUNDATIONS_V,SixBirdsFoundationsV.Laws.E13RepairTransport,formalization/foundations_v_scaffold/lean/SixBirdsFoundationsV/Laws/E13RepairTransport.lean,1786,theorem,E13_CoercionNull,SixBirdsFoundationsV,SixBirdsFoundationsV.E13_CoercionNull
FOUNDATIONS_V,SixBirdsFoundationsV.Laws.E13RepairTransport,formalization/foundations_v_scaffold/lean/SixBirdsFoundationsV/Laws/E13RepairTransport.lean,1799,theorem,E13_SymbolicRepair,SixBirdsFoundationsV,SixBirdsFoundationsV.E13_SymbolicRepair
FOUNDATIONS_V,SixBirdsFoundationsV.Laws.E13RepairTransport,formalization/foundations_v_scaffold/lean/SixBirdsFoundationsV/Laws/E13RepairTransport.lean,1812,theorem,E13_StatusPartition,SixBirdsFoundationsV,SixBirdsFoundationsV.E13_StatusPartition
FOUNDATIONS_V,SixBirdsFoundationsV.Laws.E13RepairTransport,formalization/foundations_v_scaffold/lean/SixBirdsFoundationsV/Laws/E13RepairTransport.lean,1992,theorem,E13_CoercionNullExcludesLowerPriority,SixBirdsFoundationsV,SixBirdsFoundationsV.E13_CoercionNullExcludesLowerPriority
FOUNDATIONS_V,SixBirdsFoundationsV.Laws.E14Reconsolidation,formalization/foundations_v_scaffold/lean/SixBirdsFoundationsV/Laws/E14Reconsolidation.lean,1767,theorem,E14_ReconsolidationStatus,SixBirdsFoundationsV,SixBirdsFoundationsV.E14_ReconsolidationStatus
FOUNDATIONS_V,SixBirdsFoundationsV.Laws.E14Reconsolidation,formalization/foundations_v_scaffold/lean/SixBirdsFoundationsV/Laws/E14Reconsolidation.lean,2051,theorem,E14_LawfulConflictTrichotomy,SixBirdsFoundationsV,SixBirdsFoundationsV.E14_LawfulConflictTrichotomy
FOUNDATIONS_V,SixBirdsFoundationsV.Laws.E14Reconsolidation,formalization/foundations_v_scaffold/lean/SixBirdsFoundationsV/Laws/E14Reconsolidation.lean,2105,theorem,E14_OutcomeCollisionExcludesLawful,SixBirdsFoundationsV,SixBirdsFoundationsV.E14_OutcomeCollisionExcludesLawful
FOUNDATIONS_V,SixBirdsFoundationsV.Laws.E14Reconsolidation,formalization/foundations_v_scaffold/lean/SixBirdsFoundationsV/Laws/E14Reconsolidation.lean,2217,theorem,E14_RecordRepair,SixBirdsFoundationsV,SixBirdsFoundationsV.E14_RecordRepair
FOUNDATIONS_V,SixBirdsFoundationsV.Laws.E14Reconsolidation,formalization/foundations_v_scaffold/lean/SixBirdsFoundationsV/Laws/E14Reconsolidation.lean,2238,theorem,E14_RecordCoarsening,SixBirdsFoundationsV,SixBirdsFoundationsV.E14_RecordCoarsening
FOUNDATIONS_V,SixBirdsFoundationsV.Laws.E14Reconsolidation,formalization/foundations_v_scaffold/lean/SixBirdsFoundationsV/Laws/E14Reconsolidation.lean,2259,theorem,E14_StatusedUnresolvedChargedToLambda,SixBirdsFoundationsV,SixBirdsFoundationsV.E14_StatusedUnresolvedChargedToLambda
FOUNDATIONS_V,SixBirdsFoundationsV.Laws.E14Reconsolidation,formalization/foundations_v_scaffold/lean/SixBirdsFoundationsV/Laws/E14Reconsolidation.lean,2280,theorem,E14_SilentRewriteFalsifier,SixBirdsFoundationsV,SixBirdsFoundationsV.E14_SilentRewriteFalsifier
FOUNDATIONS_V,SixBirdsFoundationsV.Laws.E14Reconsolidation,formalization/foundations_v_scaffold/lean/SixBirdsFoundationsV/Laws/E14Reconsolidation.lean,2322,theorem,E14_RetrievalWithoutTransportControl,SixBirdsFoundationsV,SixBirdsFoundationsV.E14_RetrievalWithoutTransportControl
FOUNDATIONS_V,SixBirdsFoundationsV.Laws.E14Reconsolidation,formalization/foundations_v_scaffold/lean/SixBirdsFoundationsV/Laws/E14Reconsolidation.lean,2365,theorem,E14_LaunderedProvenanceDefect,SixBirdsFoundationsV,SixBirdsFoundationsV.E14_LaunderedProvenanceDefect
FOUNDATIONS_V,SixBirdsFoundationsV.Laws.E15OfflineReclosure,formalization/foundations_v_scaffold/lean/SixBirdsFoundationsV/Laws/E15OfflineReclosure.lean,2043,theorem,E15_OfflineReclosureStatus,SixBirdsFoundationsV,SixBirdsFoundationsV.E15_OfflineReclosureStatus
FOUNDATIONS_V,SixBirdsFoundationsV.Laws.E15OfflineReclosure,formalization/foundations_v_scaffold/lean/SixBirdsFoundationsV/Laws/E15OfflineReclosure.lean,2135,theorem,E15_DeficitAlternation,SixBirdsFoundationsV,SixBirdsFoundationsV.E15_DeficitAlternation
FOUNDATIONS_V,SixBirdsFoundationsV.Laws.E15OfflineReclosure,formalization/foundations_v_scaffold/lean/SixBirdsFoundationsV/Laws/E15OfflineReclosure.lean,2160,theorem,E15_OfflineCapacityExactlyFreed,SixBirdsFoundationsV,SixBirdsFoundationsV.E15_OfflineCapacityExactlyFreed
FOUNDATIONS_V,SixBirdsFoundationsV.Laws.E15OfflineReclosure,formalization/foundations_v_scaffold/lean/SixBirdsFoundationsV/Laws/E15OfflineReclosure.lean,2182,theorem,E15_OnlineSufficientNoOfflineRequired,SixBirdsFoundationsV,SixBirdsFoundationsV.E15_OnlineSufficientNoOfflineRequired
FOUNDATIONS_V,SixBirdsFoundationsV.Laws.E15OfflineReclosure,formalization/foundations_v_scaffold/lean/SixBirdsFoundationsV/Laws/E15OfflineReclosure.lean,2216,theorem,E15_OfflinePermittedOutsideDeficit,SixBirdsFoundationsV,SixBirdsFoundationsV.E15_OfflinePermittedOutsideDeficit
FOUNDATIONS_V,SixBirdsFoundationsV.Laws.E15OfflineReclosure,formalization/foundations_v_scaffold/lean/SixBirdsFoundationsV/Laws/E15OfflineReclosure.lean,2241,theorem,E15_SkippedOfflineCascade,SixBirdsFoundationsV,SixBirdsFoundationsV.E15_SkippedOfflineCascade
FOUNDATIONS_V,SixBirdsFoundationsV.Laws.E15OfflineReclosure,formalization/foundations_v_scaffold/lean/SixBirdsFoundationsV/Laws/E15OfflineReclosure.lean,2266,theorem,E15_DecorativeOfflineFalsifier,SixBirdsFoundationsV,SixBirdsFoundationsV.E15_DecorativeOfflineFalsifier
FOUNDATIONS_V,SixBirdsFoundationsV.Laws.E15OfflineReclosure,formalization/foundations_v_scaffold/lean/SixBirdsFoundationsV/Laws/E15OfflineReclosure.lean,2300,theorem,E15_DutyCycleMismatchFalsifier,SixBirdsFoundationsV,SixBirdsFoundationsV.E15_DutyCycleMismatchFalsifier
FOUNDATIONS_V,SixBirdsFoundationsV.Laws.E15OfflineReclosure,formalization/foundations_v_scaffold/lean/SixBirdsFoundationsV/Laws/E15OfflineReclosure.lean,2334,theorem,E15_DeficitOnlineFalsifiesNecessity,SixBirdsFoundationsV,SixBirdsFoundationsV.E15_DeficitOnlineFalsifiesNecessity
FOUNDATIONS_V,SixBirdsFoundationsV.Laws.E15OfflineReclosure,formalization/foundations_v_scaffold/lean/SixBirdsFoundationsV/Laws/E15OfflineReclosure.lean,2369,theorem,E15_DeficitCounterexampleExcludesLowerPriority,SixBirdsFoundationsV,SixBirdsFoundationsV.E15_DeficitCounterexampleExcludesLowerPriority
FOUNDATIONS_V,SixBirdsFoundationsV.Laws.E15OfflineReclosure,formalization/foundations_v_scaffold/lean/SixBirdsFoundationsV/Laws/E15OfflineReclosure.lean,2456,theorem,E15_OffInventoryFlowCannotCertifyOffline,SixBirdsFoundationsV,SixBirdsFoundationsV.E15_OffInventoryFlowCannotCertifyOffline
FOUNDATIONS_V,SixBirdsFoundationsV.Laws.E16Adaptability,formalization/foundations_v_scaffold/lean/SixBirdsFoundationsV/Laws/E16Adaptability.lean,457,theorem,E16_SwappedRouteTrialPopulationRejected,SixBirdsFoundationsV,SixBirdsFoundationsV.E16_SwappedRouteTrialPopulationRejected
FOUNDATIONS_V,SixBirdsFoundationsV.Laws.E16Adaptability,formalization/foundations_v_scaffold/lean/SixBirdsFoundationsV/Laws/E16Adaptability.lean,1379,theorem,E16_FlatSecondArmUsesClaimLinkedPair,SixBirdsFoundationsV,SixBirdsFoundationsV.E16_FlatSecondArmUsesClaimLinkedPair
FOUNDATIONS_V,SixBirdsFoundationsV.Laws.E16Adaptability,formalization/foundations_v_scaffold/lean/SixBirdsFoundationsV/Laws/E16Adaptability.lean,1406,theorem,E16_UnrelatedEqualPairCannotReplaceClaimDifference,SixBirdsFoundationsV,SixBirdsFoundationsV.E16_UnrelatedEqualPairCannotReplaceClaimDifference
FOUNDATIONS_V,SixBirdsFoundationsV.Laws.E16Adaptability,formalization/foundations_v_scaffold/lean/SixBirdsFoundationsV/Laws/E16Adaptability.lean,2126,theorem,E16_AdaptabilityStatus,SixBirdsFoundationsV,SixBirdsFoundationsV.E16_AdaptabilityStatus
FOUNDATIONS_V,SixBirdsFoundationsV.Laws.E16Adaptability,formalization/foundations_v_scaffold/lean/SixBirdsFoundationsV/Laws/E16Adaptability.lean,2235,theorem,E16_CoherentAdaptability,SixBirdsFoundationsV,SixBirdsFoundationsV.E16_CoherentAdaptability
FOUNDATIONS_V,SixBirdsFoundationsV.Laws.E16Adaptability,formalization/foundations_v_scaffold/lean/SixBirdsFoundationsV/Laws/E16Adaptability.lean,2251,theorem,E16_CurrentAuditBlindness,SixBirdsFoundationsV,SixBirdsFoundationsV.E16_CurrentAuditBlindness
FOUNDATIONS_V,SixBirdsFoundationsV.Laws.E16Adaptability,formalization/foundations_v_scaffold/lean/SixBirdsFoundationsV/Laws/E16Adaptability.lean,2272,theorem,E16_RouteManufacturesRepairCapacity,SixBirdsFoundationsV,SixBirdsFoundationsV.E16_RouteManufacturesRepairCapacity
FOUNDATIONS_V,SixBirdsFoundationsV.Laws.E16Adaptability,formalization/foundations_v_scaffold/lean/SixBirdsFoundationsV/Laws/E16Adaptability.lean,2288,theorem,E16_ArtifactNotAdaptability,SixBirdsFoundationsV,SixBirdsFoundationsV.E16_ArtifactNotAdaptability
FOUNDATIONS_V,SixBirdsFoundationsV.Laws.E16Adaptability,formalization/foundations_v_scaffold/lean/SixBirdsFoundationsV/Laws/E16Adaptability.lean,2302,theorem,E16_FlatNoAdaptability,SixBirdsFoundationsV,SixBirdsFoundationsV.E16_FlatNoAdaptability
FOUNDATIONS_V,SixBirdsFoundationsV.Laws.E16Adaptability,formalization/foundations_v_scaffold/lean/SixBirdsFoundationsV/Laws/E16Adaptability.lean,2316,theorem,E16_FlattenableNotAdaptability,SixBirdsFoundationsV,SixBirdsFoundationsV.E16_FlattenableNotAdaptability
FOUNDATIONS_V,SixBirdsFoundationsV.Laws.E16Adaptability,formalization/foundations_v_scaffold/lean/SixBirdsFoundationsV/Laws/E16Adaptability.lean,2331,theorem,E16_CurrentizableIsLegibleSlack,SixBirdsFoundationsV,SixBirdsFoundationsV.E16_CurrentizableIsLegibleSlack
FOUNDATIONS_V,SixBirdsFoundationsV.Laws.E16Adaptability,formalization/foundations_v_scaffold/lean/SixBirdsFoundationsV/Laws/E16Adaptability.lean,2359,theorem,E16_DissipativeNotAdaptability,SixBirdsFoundationsV,SixBirdsFoundationsV.E16_DissipativeNotAdaptability
FOUNDATIONS_V,SixBirdsFoundationsV.Laws.E16Adaptability,formalization/foundations_v_scaffold/lean/SixBirdsFoundationsV/Laws/E16Adaptability.lean,2374,theorem,E16_BoundedPerturbationFailureRejected,SixBirdsFoundationsV,SixBirdsFoundationsV.E16_BoundedPerturbationFailureRejected
FOUNDATIONS_V,SixBirdsFoundationsV.Laws.E16Adaptability,formalization/foundations_v_scaffold/lean/SixBirdsFoundationsV/Laws/E16Adaptability.lean,2421,theorem,E16_SupportConfoundExcludesLowerPriority,SixBirdsFoundationsV,SixBirdsFoundationsV.E16_SupportConfoundExcludesLowerPriority
FOUNDATIONS_V,SixBirdsFoundationsV.Laws.E16Adaptability,formalization/foundations_v_scaffold/lean/SixBirdsFoundationsV/Laws/E16Adaptability.lean,2481,theorem,E16_LoopAsymmetryAnchor,SixBirdsFoundationsV,SixBirdsFoundationsV.E16_LoopAsymmetryAnchor
FOUNDATIONS_V,SixBirdsFoundationsV.Laws.E1Internalization,formalization/foundations_v_scaffold/lean/SixBirdsFoundationsV/Laws/E1Internalization.lean,1164,theorem,E1_StatusPartition,SixBirdsFoundationsV,SixBirdsFoundationsV.E1_StatusPartition
FOUNDATIONS_V,SixBirdsFoundationsV.Laws.E1Internalization,formalization/foundations_v_scaffold/lean/SixBirdsFoundationsV/Laws/E1Internalization.lean,1525,theorem,E1_Internalization,SixBirdsFoundationsV,SixBirdsFoundationsV.E1_Internalization
FOUNDATIONS_V,SixBirdsFoundationsV.Laws.E1Internalization,formalization/foundations_v_scaffold/lean/SixBirdsFoundationsV/Laws/E1Internalization.lean,1753,theorem,E1_StrictSelfExtension,SixBirdsFoundationsV,SixBirdsFoundationsV.E1_StrictSelfExtension
FOUNDATIONS_V,SixBirdsFoundationsV.Laws.E1Internalization,formalization/foundations_v_scaffold/lean/SixBirdsFoundationsV/Laws/E1Internalization.lean,1770,theorem,E1_NoGeneratorDichotomy,SixBirdsFoundationsV,SixBirdsFoundationsV.E1_NoGeneratorDichotomy
FOUNDATIONS_V,SixBirdsFoundationsV.Laws.E2BoundedReflexivity,formalization/foundations_v_scaffold/lean/SixBirdsFoundationsV/Laws/E2BoundedReflexivity.lean,831,theorem,E2_SelfSoundnessObstruction,SixBirdsFoundationsV,SixBirdsFoundationsV.E2_SelfSoundnessObstruction
FOUNDATIONS_V,SixBirdsFoundationsV.Laws.E2BoundedReflexivity,formalization/foundations_v_scaffold/lean/SixBirdsFoundationsV/Laws/E2BoundedReflexivity.lean,876,theorem,E2_ForcedStratification,SixBirdsFoundationsV,SixBirdsFoundationsV.E2_ForcedStratification
FOUNDATIONS_V,SixBirdsFoundationsV.Laws.E2BoundedReflexivity,formalization/foundations_v_scaffold/lean/SixBirdsFoundationsV/Laws/E2BoundedReflexivity.lean,951,theorem,list_length_le_of_nodup_subset,SixBirdsFoundationsV,SixBirdsFoundationsV.list_length_le_of_nodup_subset
FOUNDATIONS_V,SixBirdsFoundationsV.Laws.E2BoundedReflexivity,formalization/foundations_v_scaffold/lean/SixBirdsFoundationsV/Laws/E2BoundedReflexivity.lean,1046,theorem,TowerSlotFootprint_eq_records_length,SixBirdsFoundationsV,SixBirdsFoundationsV.TowerSlotFootprint_eq_records_length
FOUNDATIONS_V,SixBirdsFoundationsV.Laws.E2BoundedReflexivity,formalization/foundations_v_scaffold/lean/SixBirdsFoundationsV/Laws/E2BoundedReflexivity.lean,1071,theorem,mem_TowerRecordListForSlots,SixBirdsFoundationsV,SixBirdsFoundationsV.mem_TowerRecordListForSlots
FOUNDATIONS_V,SixBirdsFoundationsV.Laws.E2BoundedReflexivity,formalization/foundations_v_scaffold/lean/SixBirdsFoundationsV/Laws/E2BoundedReflexivity.lean,1105,theorem,TowerRecordListForSlots_subset_carrier,SixBirdsFoundationsV,SixBirdsFoundationsV.TowerRecordListForSlots_subset_carrier
FOUNDATIONS_V,SixBirdsFoundationsV.Laws.E2BoundedReflexivity,formalization/foundations_v_scaffold/lean/SixBirdsFoundationsV/Laws/E2BoundedReflexivity.lean,1128,theorem,TowerRecordListForSlots_nodup,SixBirdsFoundationsV,SixBirdsFoundationsV.TowerRecordListForSlots_nodup
FOUNDATIONS_V,SixBirdsFoundationsV.Laws.E2BoundedReflexivity,formalization/foundations_v_scaffold/lean/SixBirdsFoundationsV/Laws/E2BoundedReflexivity.lean,1186,theorem,foldl_add_eq_init_add_ListNatSumBy,SixBirdsFoundationsV,SixBirdsFoundationsV.foldl_add_eq_init_add_ListNatSumBy
FOUNDATIONS_V,SixBirdsFoundationsV.Laws.E2BoundedReflexivity,formalization/foundations_v_scaffold/lean/SixBirdsFoundationsV/Laws/E2BoundedReflexivity.lean,1201,theorem,foldl_add_zero_eq_ListNatSumBy,SixBirdsFoundationsV,SixBirdsFoundationsV.foldl_add_zero_eq_ListNatSumBy
FOUNDATIONS_V,SixBirdsFoundationsV.Laws.E2BoundedReflexivity,formalization/foundations_v_scaffold/lean/SixBirdsFoundationsV/Laws/E2BoundedReflexivity.lean,1222,theorem,TowerRecordListForSlots_length_eq_footprint,SixBirdsFoundationsV,SixBirdsFoundationsV.TowerRecordListForSlots_length_eq_footprint
FOUNDATIONS_V,SixBirdsFoundationsV.Laws.E2BoundedReflexivity,formalization/foundations_v_scaffold/lean/SixBirdsFoundationsV/Laws/E2BoundedReflexivity.lean,1244,theorem,TowerFootprint_eq_slotFootprint_foldl,SixBirdsFoundationsV,SixBirdsFoundationsV.TowerFootprint_eq_slotFootprint_foldl
FOUNDATIONS_V,SixBirdsFoundationsV.Laws.E2BoundedReflexivity,formalization/foundations_v_scaffold/lean/SixBirdsFoundationsV/Laws/E2BoundedReflexivity.lean,1306,theorem,TowerFootprint_eq_TowerFootprintForSlots_range,SixBirdsFoundationsV,SixBirdsFoundationsV.TowerFootprint_eq_TowerFootprintForSlots_range
FOUNDATIONS_V,SixBirdsFoundationsV.Laws.E2BoundedReflexivity,formalization/foundations_v_scaffold/lean/SixBirdsFoundationsV/Laws/E2BoundedReflexivity.lean,1325,theorem,E2_CapacityBound,SixBirdsFoundationsV,SixBirdsFoundationsV.E2_CapacityBound
FOUNDATIONS_V,SixBirdsFoundationsV.Laws.E2BoundedReflexivity,formalization/foundations_v_scaffold/lean/SixBirdsFoundationsV/Laws/E2BoundedReflexivity.lean,1373,theorem,E2_StatusPartition,SixBirdsFoundationsV,SixBirdsFoundationsV.E2_StatusPartition
FOUNDATIONS_V,SixBirdsFoundationsV.Laws.E3SelfMaintainingReclosure,formalization/foundations_v_scaffold/lean/SixBirdsFoundationsV/Laws/E3SelfMaintainingReclosure.lean,2275,theorem,E3_TwoLevelFixedPoint,SixBirdsFoundationsV,SixBirdsFoundationsV.E3_TwoLevelFixedPoint
FOUNDATIONS_V,SixBirdsFoundationsV.Laws.E3SelfMaintainingReclosure,formalization/foundations_v_scaffold/lean/SixBirdsFoundationsV/Laws/E3SelfMaintainingReclosure.lean,2418,theorem,E3_StatusPartition,SixBirdsFoundationsV,SixBirdsFoundationsV.E3_StatusPartition
FOUNDATIONS_V,SixBirdsFoundationsV.Laws.E3SelfMaintainingReclosure,formalization/foundations_v_scaffold/lean/SixBirdsFoundationsV/Laws/E3SelfMaintainingReclosure.lean,2795,theorem,E3_RegressStoppedByE2,SixBirdsFoundationsV,SixBirdsFoundationsV.E3_RegressStoppedByE2
FOUNDATIONS_V,SixBirdsFoundationsV.Laws.E3SelfMaintainingReclosure,formalization/foundations_v_scaffold/lean/SixBirdsFoundationsV/Laws/E3SelfMaintainingReclosure.lean,2963,theorem,E3_AblationSeparation,SixBirdsFoundationsV,SixBirdsFoundationsV.E3_AblationSeparation
FOUNDATIONS_V,SixBirdsFoundationsV.Laws.E4RepairCompilation,formalization/foundations_v_scaffold/lean/SixBirdsFoundationsV/Laws/E4RepairCompilation.lean,190,theorem,compilationLawful_requiredCoreGatesPass,SixBirdsFoundationsV,SixBirdsFoundationsV.compilationLawful_requiredCoreGatesPass
FOUNDATIONS_V,SixBirdsFoundationsV.Laws.E4RepairCompilation,formalization/foundations_v_scaffold/lean/SixBirdsFoundationsV/Laws/E4RepairCompilation.lean,774,theorem,E4_Compilation,SixBirdsFoundationsV,SixBirdsFoundationsV.E4_Compilation
FOUNDATIONS_V,SixBirdsFoundationsV.Laws.E4RepairCompilation,formalization/foundations_v_scaffold/lean/SixBirdsFoundationsV/Laws/E4RepairCompilation.lean,816,theorem,E4_Brittleness,SixBirdsFoundationsV,SixBirdsFoundationsV.E4_Brittleness
FOUNDATIONS_V,SixBirdsFoundationsV.Laws.E4RepairCompilation,formalization/foundations_v_scaffold/lean/SixBirdsFoundationsV/Laws/E4RepairCompilation.lean,843,theorem,E4_StatusPartition,SixBirdsFoundationsV,SixBirdsFoundationsV.E4_StatusPartition
FOUNDATIONS_V,SixBirdsFoundationsV.Laws.E5ReclosureCollapse,formalization/foundations_v_scaffold/lean/SixBirdsFoundationsV/Laws/E5ReclosureCollapse.lean,2034,theorem,E5_CollapseFalsifier,SixBirdsFoundationsV,SixBirdsFoundationsV.E5_CollapseFalsifier
FOUNDATIONS_V,SixBirdsFoundationsV.Laws.E5ReclosureCollapse,formalization/foundations_v_scaffold/lean/SixBirdsFoundationsV/Laws/E5ReclosureCollapse.lean,2041,theorem,E5_ReclosureCollapse,SixBirdsFoundationsV,SixBirdsFoundationsV.E5_ReclosureCollapse
FOUNDATIONS_V,SixBirdsFoundationsV.Laws.E5ReclosureCollapse,formalization/foundations_v_scaffold/lean/SixBirdsFoundationsV/Laws/E5ReclosureCollapse.lean,2618,theorem,E5_RevivedExcludesLowerPriority,SixBirdsFoundationsV,SixBirdsFoundationsV.E5_RevivedExcludesLowerPriority
FOUNDATIONS_V,SixBirdsFoundationsV.Laws.E5ReclosureCollapse,formalization/foundations_v_scaffold/lean/SixBirdsFoundationsV/Laws/E5ReclosureCollapse.lean,2720,theorem,E5_IrreversibleCollapse,SixBirdsFoundationsV,SixBirdsFoundationsV.E5_IrreversibleCollapse
FOUNDATIONS_V,SixBirdsFoundationsV.Laws.E5ReclosureCollapse,formalization/foundations_v_scaffold/lean/SixBirdsFoundationsV/Laws/E5ReclosureCollapse.lean,2794,theorem,E5_SubsidyWithdrawalReclassification,SixBirdsFoundationsV,SixBirdsFoundationsV.E5_SubsidyWithdrawalReclassification
FOUNDATIONS_V,SixBirdsFoundationsV.Laws.E6E9PricedAccess,formalization/foundations_v_scaffold/lean/SixBirdsFoundationsV/Laws/E6E9PricedAccess.lean,265,theorem,E6_AttentionKKT,SixBirdsFoundationsV,SixBirdsFoundationsV.E6_AttentionKKT
FOUNDATIONS_V,SixBirdsFoundationsV.Laws.E6E9PricedAccess,formalization/foundations_v_scaffold/lean/SixBirdsFoundationsV/Laws/E6E9PricedAccess.lean,372,theorem,E6_SlackCollapse,SixBirdsFoundationsV,SixBirdsFoundationsV.E6_SlackCollapse
FOUNDATIONS_V,SixBirdsFoundationsV.Laws.E6E9PricedAccess,formalization/foundations_v_scaffold/lean/SixBirdsFoundationsV/Laws/E6E9PricedAccess.lean,414,theorem,E9_SameFamilyStrictness,SixBirdsFoundationsV,SixBirdsFoundationsV.E9_SameFamilyStrictness
FOUNDATIONS_V,SixBirdsFoundationsV.Laws.E6E9PricedAccess,formalization/foundations_v_scaffold/lean/SixBirdsFoundationsV/Laws/E6E9PricedAccess.lean,440,theorem,exists_max_ratio,SixBirdsFoundationsV,SixBirdsFoundationsV.exists_max_ratio
FOUNDATIONS_V,SixBirdsFoundationsV.Laws.E6E9PricedAccess,formalization/foundations_v_scaffold/lean/SixBirdsFoundationsV/Laws/E6E9PricedAccess.lean,479,theorem,E9_CuriosityArgmax,SixBirdsFoundationsV,SixBirdsFoundationsV.E9_CuriosityArgmax
FOUNDATIONS_V,SixBirdsFoundationsV.Laws.E6E9PricedAccess,formalization/foundations_v_scaffold/lean/SixBirdsFoundationsV/Laws/E6E9PricedAccess.lean,587,theorem,E6_E9_AccessArbitration,SixBirdsFoundationsV,SixBirdsFoundationsV.E6_E9_AccessArbitration
FOUNDATIONS_V,SixBirdsFoundationsV.Laws.E6E9PricedAccess,formalization/foundations_v_scaffold/lean/SixBirdsFoundationsV/Laws/E6E9PricedAccess.lean,620,theorem,E6_E9_AccessArbitration_epsilon,SixBirdsFoundationsV,SixBirdsFoundationsV.E6_E9_AccessArbitration_epsilon
FOUNDATIONS_V,SixBirdsFoundationsV.Laws.E6E9PricedAccess,formalization/foundations_v_scaffold/lean/SixBirdsFoundationsV/Laws/E6E9PricedAccess.lean,661,theorem,selected_access_move_ratio_bound,SixBirdsFoundationsV,SixBirdsFoundationsV.selected_access_move_ratio_bound
FOUNDATIONS_V,SixBirdsFoundationsV.Laws.E6E9PricedAccess,formalization/foundations_v_scaffold/lean/SixBirdsFoundationsV/Laws/E6E9PricedAccess.lean,695,theorem,selected_access_move_ratio_bound_epsilon,SixBirdsFoundationsV,SixBirdsFoundationsV.selected_access_move_ratio_bound_epsilon
FOUNDATIONS_V,SixBirdsFoundationsV.Laws.E7Alarm,formalization/foundations_v_scaffold/lean/SixBirdsFoundationsV/Laws/E7Alarm.lean,653,theorem,E7_AlarmTrichotomy,SixBirdsFoundationsV,SixBirdsFoundationsV.E7_AlarmTrichotomy
FOUNDATIONS_V,SixBirdsFoundationsV.Laws.E7Alarm,formalization/foundations_v_scaffold/lean/SixBirdsFoundationsV/Laws/E7Alarm.lean,949,theorem,E7_PreemptionSignature,SixBirdsFoundationsV,SixBirdsFoundationsV.E7_PreemptionSignature
FOUNDATIONS_V,SixBirdsFoundationsV.Laws.E8ControlPrice,formalization/foundations_v_scaffold/lean/SixBirdsFoundationsV/Laws/E8ControlPrice.lean,637,theorem,BudgetInflationAudit.lineageMustMatchClassifiedMove,SixBirdsFoundationsV,SixBirdsFoundationsV.BudgetInflationAudit.lineageMustMatchClassifiedMove
FOUNDATIONS_V,SixBirdsFoundationsV.Laws.E8ControlPrice,formalization/foundations_v_scaffold/lean/SixBirdsFoundationsV/Laws/E8ControlPrice.lean,1608,theorem,E8_ControlPrice,SixBirdsFoundationsV,SixBirdsFoundationsV.E8_ControlPrice
FOUNDATIONS_V,SixBirdsFoundationsV.Laws.E8ControlPrice,formalization/foundations_v_scaffold/lean/SixBirdsFoundationsV/Laws/E8ControlPrice.lean,2007,theorem,E8_ComponentShadowPrice,SixBirdsFoundationsV,SixBirdsFoundationsV.E8_ComponentShadowPrice
FOUNDATIONS_V,SixBirdsFoundationsV.Laws.E8ControlPrice,formalization/foundations_v_scaffold/lean/SixBirdsFoundationsV/Laws/E8ControlPrice.lean,2037,theorem,E8_CompressedSummaryLawfulness,SixBirdsFoundationsV,SixBirdsFoundationsV.E8_CompressedSummaryLawfulness
FOUNDATIONS_V,SixBirdsFoundationsV.Laws.E8ControlPrice,formalization/foundations_v_scaffold/lean/SixBirdsFoundationsV/Laws/E8ControlPrice.lean,2050,theorem,E8_1_AuditCapture,SixBirdsFoundationsV,SixBirdsFoundationsV.E8_1_AuditCapture
FOUNDATIONS_V,SixBirdsFoundationsV.Laws.E8ControlPrice,formalization/foundations_v_scaffold/lean/SixBirdsFoundationsV/Laws/E8ControlPrice.lean,2341,theorem,E8_1_CaptureFalsifier,SixBirdsFoundationsV,SixBirdsFoundationsV.E8_1_CaptureFalsifier
FOUNDATIONS_V,SixBirdsFoundationsV.Laws.E8ControlPrice,formalization/foundations_v_scaffold/lean/SixBirdsFoundationsV/Laws/E8ControlPrice.lean,2365,theorem,E8_1_MetaAuditBoundedByE2,SixBirdsFoundationsV,SixBirdsFoundationsV.E8_1_MetaAuditBoundedByE2
HOLONOMY_SUPPORT,HolonomyMemory.Asymmetry,formalization/foundations_v_scaffold/lean/vendor/foundations/holonomy-memory/HolonomyMemory/Asymmetry.lean,17,theorem,predictiveToCurrent_eq_of_currentLoopTrivial,HolonomyMemory,HolonomyMemory.predictiveToCurrent_eq_of_currentLoopTrivial
HOLONOMY_SUPPORT,HolonomyMemory.Asymmetry,formalization/foundations_v_scaffold/lean/vendor/foundations/holonomy-memory/HolonomyMemory/Asymmetry.lean,28,theorem,loopAsymmetry_exhibits_movedPredictive_fixedCurrent,HolonomyMemory,HolonomyMemory.loopAsymmetry_exhibits_movedPredictive_fixedCurrent
HOLONOMY_SUPPORT,HolonomyMemory.Asymmetry,formalization/foundations_v_scaffold/lean/vendor/foundations/holonomy-memory/HolonomyMemory/Asymmetry.lean,41,theorem,loopAsymmetry_exhibits_movedPredictive_currentFixed,HolonomyMemory,HolonomyMemory.loopAsymmetry_exhibits_movedPredictive_currentFixed
HOLONOMY_SUPPORT,HolonomyMemory.Equivalences,formalization/foundations_v_scaffold/lean/vendor/foundations/holonomy-memory/HolonomyMemory/Equivalences.lean,11,theorem,currentEventEquiv_refl,HolonomyMemory,HolonomyMemory.currentEventEquiv_refl
HOLONOMY_SUPPORT,HolonomyMemory.Equivalences,formalization/foundations_v_scaffold/lean/vendor/foundations/holonomy-memory/HolonomyMemory/Equivalences.lean,18,theorem,currentEventEquiv_symm,HolonomyMemory,HolonomyMemory.currentEventEquiv_symm
HOLONOMY_SUPPORT,HolonomyMemory.Equivalences,formalization/foundations_v_scaffold/lean/vendor/foundations/holonomy-memory/HolonomyMemory/Equivalences.lean,26,theorem,currentEventEquiv_trans,HolonomyMemory,HolonomyMemory.currentEventEquiv_trans
HOLONOMY_SUPPORT,HolonomyMemory.Equivalences,formalization/foundations_v_scaffold/lean/vendor/foundations/holonomy-memory/HolonomyMemory/Equivalences.lean,43,theorem,futurePredictiveEquiv_refl,HolonomyMemory,HolonomyMemory.futurePredictiveEquiv_refl
HOLONOMY_SUPPORT,HolonomyMemory.Equivalences,formalization/foundations_v_scaffold/lean/vendor/foundations/holonomy-memory/HolonomyMemory/Equivalences.lean,50,theorem,futurePredictiveEquiv_symm,HolonomyMemory,HolonomyMemory.futurePredictiveEquiv_symm
HOLONOMY_SUPPORT,HolonomyMemory.Equivalences,formalization/foundations_v_scaffold/lean/vendor/foundations/holonomy-memory/HolonomyMemory/Equivalences.lean,58,theorem,futurePredictiveEquiv_trans,HolonomyMemory,HolonomyMemory.futurePredictiveEquiv_trans
HOLONOMY_SUPPORT,HolonomyMemory.Equivalences,formalization/foundations_v_scaffold/lean/vendor/foundations/holonomy-memory/HolonomyMemory/Equivalences.lean,67,theorem,futurePredictiveEquiv_implies_currentEventEquiv,HolonomyMemory,HolonomyMemory.futurePredictiveEquiv_implies_currentEventEquiv
HOLONOMY_SUPPORT,HolonomyMemory.Equivalences,formalization/foundations_v_scaffold/lean/vendor/foundations/holonomy-memory/HolonomyMemory/Equivalences.lean,84,theorem,flatAt_iff_currentEquiv_pushStable,HolonomyMemory,HolonomyMemory.flatAt_iff_currentEquiv_pushStable
HOLONOMY_SUPPORT,HolonomyMemory.Instances,formalization/foundations_v_scaffold/lean/vendor/foundations/holonomy-memory/HolonomyMemory/Instances.lean,71,theorem,wheel_strictRefinement,HolonomyMemory.Wheel,HolonomyMemory.Wheel.wheel_strictRefinement
HOLONOMY_SUPPORT,HolonomyMemory.Instances,formalization/foundations_v_scaffold/lean/vendor/foundations/holonomy-memory/HolonomyMemory/Instances.lean,74,theorem,wheel_distinctPredictive_sameCurrent,HolonomyMemory.Wheel,HolonomyMemory.Wheel.wheel_distinctPredictive_sameCurrent
HOLONOMY_SUPPORT,HolonomyMemory.Instances,formalization/foundations_v_scaffold/lean/vendor/foundations/holonomy-memory/HolonomyMemory/Instances.lean,82,theorem,wheel_witnessFromStrict,HolonomyMemory.Wheel,HolonomyMemory.Wheel.wheel_witnessFromStrict
HOLONOMY_SUPPORT,HolonomyMemory.Instances,formalization/foundations_v_scaffold/lean/vendor/foundations/holonomy-memory/HolonomyMemory/Instances.lean,85,theorem,wheel_strictRefinement_iff_witness,HolonomyMemory.Wheel,HolonomyMemory.Wheel.wheel_strictRefinement_iff_witness
HOLONOMY_SUPPORT,HolonomyMemory.Instances,formalization/foundations_v_scaffold/lean/vendor/foundations/holonomy-memory/HolonomyMemory/Instances.lean,89,theorem,wheel_currentLoopTrivial,HolonomyMemory.Wheel,HolonomyMemory.Wheel.wheel_currentLoopTrivial
HOLONOMY_SUPPORT,HolonomyMemory.Instances,formalization/foundations_v_scaffold/lean/vendor/foundations/holonomy-memory/HolonomyMemory/Instances.lean,94,theorem,wheel_predictiveLoopNontrivial,HolonomyMemory.Wheel,HolonomyMemory.Wheel.wheel_predictiveLoopNontrivial
HOLONOMY_SUPPORT,HolonomyMemory.Instances,formalization/foundations_v_scaffold/lean/vendor/foundations/holonomy-memory/HolonomyMemory/Instances.lean,108,theorem,wheel_loopAsymmetry,HolonomyMemory.Wheel,HolonomyMemory.Wheel.wheel_loopAsymmetry
HOLONOMY_SUPPORT,HolonomyMemory.Instances,formalization/foundations_v_scaffold/lean/vendor/foundations/holonomy-memory/HolonomyMemory/Instances.lean,112,theorem,wheel_movedPredictive_fixedCurrent,HolonomyMemory.Wheel,HolonomyMemory.Wheel.wheel_movedPredictive_fixedCurrent
HOLONOMY_SUPPORT,HolonomyMemory.Instances,formalization/foundations_v_scaffold/lean/vendor/foundations/holonomy-memory/HolonomyMemory/Instances.lean,119,theorem,wheel_movedPredictive_currentFixed,HolonomyMemory.Wheel,HolonomyMemory.Wheel.wheel_movedPredictive_currentFixed
HOLONOMY_SUPPORT,HolonomyMemory.Loops,formalization/foundations_v_scaffold/lean/vendor/foundations/holonomy-memory/HolonomyMemory/Loops.lean,15,theorem,predictiveLoopAction_mk,HolonomyMemory,HolonomyMemory.predictiveLoopAction_mk
HOLONOMY_SUPPORT,HolonomyMemory.Sufficiency,formalization/foundations_v_scaffold/lean/vendor/foundations/holonomy-memory/HolonomyMemory/Sufficiency.lean,29,theorem,predictiveQuotient_futureSufficient,HolonomyMemory,HolonomyMemory.predictiveQuotient_futureSufficient
HOLONOMY_SUPPORT,HolonomyMemory.Sufficiency,formalization/foundations_v_scaffold/lean/vendor/foundations/holonomy-memory/HolonomyMemory/Sufficiency.lean,41,theorem,futureSufficient_stateEq_implies_futurePredictiveEquiv,HolonomyMemory,HolonomyMemory.futureSufficient_stateEq_implies_futurePredictiveEquiv
HOLONOMY_SUPPORT,HolonomyMemory.Sufficiency,formalization/foundations_v_scaffold/lean/vendor/foundations/holonomy-memory/HolonomyMemory/Sufficiency.lean,71,theorem,reachableStateRepresentative_state_eq,HolonomyMemory,HolonomyMemory.reachableStateRepresentative_state_eq
HOLONOMY_SUPPORT,HolonomyMemory.Sufficiency,formalization/foundations_v_scaffold/lean/vendor/foundations/holonomy-memory/HolonomyMemory/Sufficiency.lean,86,theorem,reachableStateToPredictiveQuotient_commutes,HolonomyMemory,HolonomyMemory.reachableStateToPredictiveQuotient_commutes
HOLONOMY_SUPPORT,HolonomyMemory.Sufficiency,formalization/foundations_v_scaffold/lean/vendor/foundations/holonomy-memory/HolonomyMemory/Sufficiency.lean,98,theorem,futureSufficient_factorsThroughPredictiveQuotient_onReachable,HolonomyMemory,HolonomyMemory.futureSufficient_factorsThroughPredictiveQuotient_onReachable
HOLONOMY_SUPPORT,HolonomyMemory.Sufficiency,formalization/foundations_v_scaffold/lean/vendor/foundations/holonomy-memory/HolonomyMemory/Sufficiency.lean,109,theorem,futureSufficient_factorization_unique_onReachable,HolonomyMemory,HolonomyMemory.futureSufficient_factorization_unique_onReachable
HOLONOMY_SUPPORT,HolonomyMemory.Sufficiency,formalization/foundations_v_scaffold/lean/vendor/foundations/holonomy-memory/HolonomyMemory/Sufficiency.lean,126,theorem,reachableStateToPredictiveQuotient_unique,HolonomyMemory,HolonomyMemory.reachableStateToPredictiveQuotient_unique
HOLONOMY_SUPPORT,HolonomyMemory.Transport,formalization/foundations_v_scaffold/lean/vendor/foundations/holonomy-memory/HolonomyMemory/Transport.lean,25,theorem,futurePredictiveEquiv_push,HolonomyMemory,HolonomyMemory.futurePredictiveEquiv_push
HOLONOMY_SUPPORT,HolonomyMemory.Transport,formalization/foundations_v_scaffold/lean/vendor/foundations/holonomy-memory/HolonomyMemory/Transport.lean,45,theorem,predictiveTransport_mk,HolonomyMemory,HolonomyMemory.predictiveTransport_mk
HOLONOMY_SUPPORT,HolonomyMemory.Transport,formalization/foundations_v_scaffold/lean/vendor/foundations/holonomy-memory/HolonomyMemory/Transport.lean,63,theorem,predictiveToCurrent_mk,HolonomyMemory,HolonomyMemory.predictiveToCurrent_mk
HOLONOMY_SUPPORT,HolonomyMemory.Transport,formalization/foundations_v_scaffold/lean/vendor/foundations/holonomy-memory/HolonomyMemory/Transport.lean,83,theorem,predictiveToCurrent_after_predictiveTransport,HolonomyMemory,HolonomyMemory.predictiveToCurrent_after_predictiveTransport
HOLONOMY_SUPPORT,HolonomyMemory.Witnesses,formalization/foundations_v_scaffold/lean/vendor/foundations/holonomy-memory/HolonomyMemory/Witnesses.lean,17,theorem,PredictiveWitness.distinct_predictive_classes_same_current_class,HolonomyMemory,HolonomyMemory.PredictiveWitness.distinct_predictive_classes_same_current_class
HOLONOMY_SUPPORT,HolonomyMemory.Witnesses,formalization/foundations_v_scaffold/lean/vendor/foundations/holonomy-memory/HolonomyMemory/Witnesses.lean,31,theorem,PredictiveWitness.induces_strictRefinement,HolonomyMemory,HolonomyMemory.PredictiveWitness.induces_strictRefinement
HOLONOMY_SUPPORT,HolonomyMemory.Witnesses,formalization/foundations_v_scaffold/lean/vendor/foundations/holonomy-memory/HolonomyMemory/Witnesses.lean,42,theorem,strictRefinement_implies_predictiveWitness,HolonomyMemory,HolonomyMemory.strictRefinement_implies_predictiveWitness
HOLONOMY_SUPPORT,HolonomyMemory.Witnesses,formalization/foundations_v_scaffold/lean/vendor/foundations/holonomy-memory/HolonomyMemory/Witnesses.lean,59,theorem,strictRefinement_iff_nonempty_predictiveWitness,HolonomyMemory,HolonomyMemory.strictRefinement_iff_nonempty_predictiveWitness
XI_SUPPORT,Main.CriticalPair,formalization/foundations_v_scaffold/lean/vendor/foundations/xi/Main/CriticalPair.lean,54,theorem,strictExtensionContraction,SixBirdsMetaMath.Main.CriticalPair,SixBirdsMetaMath.Main.CriticalPair.strictExtensionContraction
XI_SUPPORT,Main.LegalQuotient,formalization/foundations_v_scaffold/lean/vendor/foundations/xi/Main/LegalQuotient.lean,40,theorem,sumFin_zero,SixBirdsMetaMath.Main.LegalQuotient,SixBirdsMetaMath.Main.LegalQuotient.sumFin_zero
XI_SUPPORT,Main.LegalQuotient,formalization/foundations_v_scaffold/lean/vendor/foundations/xi/Main/LegalQuotient.lean,48,theorem,sumFin_add,SixBirdsMetaMath.Main.LegalQuotient,SixBirdsMetaMath.Main.LegalQuotient.sumFin_add
XI_SUPPORT,Main.LegalQuotient,formalization/foundations_v_scaffold/lean/vendor/foundations/xi/Main/LegalQuotient.lean,59,theorem,sumFin_mul_left,SixBirdsMetaMath.Main.LegalQuotient,SixBirdsMetaMath.Main.LegalQuotient.sumFin_mul_left
XI_SUPPORT,Main.LegalQuotient,formalization/foundations_v_scaffold/lean/vendor/foundations/xi/Main/LegalQuotient.lean,68,theorem,sumFin_mul_right,SixBirdsMetaMath.Main.LegalQuotient,SixBirdsMetaMath.Main.LegalQuotient.sumFin_mul_right
XI_SUPPORT,Main.LegalQuotient,formalization/foundations_v_scaffold/lean/vendor/foundations/xi/Main/LegalQuotient.lean,77,theorem,sumFin_comm,SixBirdsMetaMath.Main.LegalQuotient,SixBirdsMetaMath.Main.LegalQuotient.sumFin_comm
XI_SUPPORT,Main.LegalQuotient,formalization/foundations_v_scaffold/lean/vendor/foundations/xi/Main/LegalQuotient.lean,97,theorem,sumFin_eq_single,SixBirdsMetaMath.Main.LegalQuotient,SixBirdsMetaMath.Main.LegalQuotient.sumFin_eq_single
XI_SUPPORT,Main.LegalQuotient,formalization/foundations_v_scaffold/lean/vendor/foundations/xi/Main/LegalQuotient.lean,146,theorem,rat_neg_neg,SixBirdsMetaMath.Main.LegalQuotient,SixBirdsMetaMath.Main.LegalQuotient.rat_neg_neg
XI_SUPPORT,Main.LegalQuotient,formalization/foundations_v_scaffold/lean/vendor/foundations/xi/Main/LegalQuotient.lean,152,theorem,rat_mul_self_nonneg,SixBirdsMetaMath.Main.LegalQuotient,SixBirdsMetaMath.Main.LegalQuotient.rat_mul_self_nonneg
XI_SUPPORT,Main.LegalQuotient,formalization/foundations_v_scaffold/lean/vendor/foundations/xi/Main/LegalQuotient.lean,166,theorem,rat_mul_mono_nonneg,SixBirdsMetaMath.Main.LegalQuotient,SixBirdsMetaMath.Main.LegalQuotient.rat_mul_mono_nonneg
XI_SUPPORT,Main.LegalQuotient,formalization/foundations_v_scaffold/lean/vendor/foundations/xi/Main/LegalQuotient.lean,171,theorem,rat_add_le_add,SixBirdsMetaMath.Main.LegalQuotient,SixBirdsMetaMath.Main.LegalQuotient.rat_add_le_add
XI_SUPPORT,Main.LegalQuotient,formalization/foundations_v_scaffold/lean/vendor/foundations/xi/Main/LegalQuotient.lean,181,theorem,rat_add_eq_zero_left_of_nonneg,SixBirdsMetaMath.Main.LegalQuotient,SixBirdsMetaMath.Main.LegalQuotient.rat_add_eq_zero_left_of_nonneg
XI_SUPPORT,Main.LegalQuotient,formalization/foundations_v_scaffold/lean/vendor/foundations/xi/Main/LegalQuotient.lean,195,theorem,rat_add_eq_zero_right_of_nonneg,SixBirdsMetaMath.Main.LegalQuotient,SixBirdsMetaMath.Main.LegalQuotient.rat_add_eq_zero_right_of_nonneg
XI_SUPPORT,Main.LegalQuotient,formalization/foundations_v_scaffold/lean/vendor/foundations/xi/Main/LegalQuotient.lean,202,theorem,rat_neg_nonneg_of_nonpos,SixBirdsMetaMath.Main.LegalQuotient,SixBirdsMetaMath.Main.LegalQuotient.rat_neg_nonneg_of_nonpos
XI_SUPPORT,Main.LegalQuotient,formalization/foundations_v_scaffold/lean/vendor/foundations/xi/Main/LegalQuotient.lean,210,theorem,rat_neg_nonpos_of_nonneg,SixBirdsMetaMath.Main.LegalQuotient,SixBirdsMetaMath.Main.LegalQuotient.rat_neg_nonpos_of_nonneg
XI_SUPPORT,Main.LegalQuotient,formalization/foundations_v_scaffold/lean/vendor/foundations/xi/Main/LegalQuotient.lean,218,theorem,sumFin_nonneg,SixBirdsMetaMath.Main.LegalQuotient,SixBirdsMetaMath.Main.LegalQuotient.sumFin_nonneg
XI_SUPPORT,Main.LegalQuotient,formalization/foundations_v_scaffold/lean/vendor/foundations/xi/Main/LegalQuotient.lean,231,theorem,sumFin_mono,SixBirdsMetaMath.Main.LegalQuotient,SixBirdsMetaMath.Main.LegalQuotient.sumFin_mono
XI_SUPPORT,Main.LegalQuotient,formalization/foundations_v_scaffold/lean/vendor/foundations/xi/Main/LegalQuotient.lean,248,theorem,sumFin_eq_zero_of_nonneg,SixBirdsMetaMath.Main.LegalQuotient,SixBirdsMetaMath.Main.LegalQuotient.sumFin_eq_zero_of_nonneg
XI_SUPPORT,Main.LegalQuotient,formalization/foundations_v_scaffold/lean/vendor/foundations/xi/Main/LegalQuotient.lean,304,theorem,matVec_matMul,SixBirdsMetaMath.Main.LegalQuotient,SixBirdsMetaMath.Main.LegalQuotient.matVec_matMul
XI_SUPPORT,Main.LegalQuotient,formalization/foundations_v_scaffold/lean/vendor/foundations/xi/Main/LegalQuotient.lean,346,theorem,traceMat_zeroMat,SixBirdsMetaMath.Main.LegalQuotient,SixBirdsMetaMath.Main.LegalQuotient.traceMat_zeroMat
XI_SUPPORT,Main.LegalQuotient,formalization/foundations_v_scaffold/lean/vendor/foundations/xi/Main/LegalQuotient.lean,363,theorem,matAdd_zero_right,SixBirdsMetaMath.Main.LegalQuotient,SixBirdsMetaMath.Main.LegalQuotient.matAdd_zero_right
XI_SUPPORT,Main.LegalQuotient,formalization/foundations_v_scaffold/lean/vendor/foundations/xi/Main/LegalQuotient.lean,370,theorem,matScale_one,SixBirdsMetaMath.Main.LegalQuotient,SixBirdsMetaMath.Main.LegalQuotient.matScale_one
XI_SUPPORT,Main.LegalQuotient,formalization/foundations_v_scaffold/lean/vendor/foundations/xi/Main/LegalQuotient.lean,377,theorem,matVec_zeroMat,SixBirdsMetaMath.Main.LegalQuotient,SixBirdsMetaMath.Main.LegalQuotient.matVec_zeroMat
XI_SUPPORT,Main.LegalQuotient,formalization/foundations_v_scaffold/lean/vendor/foundations/xi/Main/LegalQuotient.lean,388,theorem,matVec_zero_input,SixBirdsMetaMath.Main.LegalQuotient,SixBirdsMetaMath.Main.LegalQuotient.matVec_zero_input
XI_SUPPORT,Main.LegalQuotient,formalization/foundations_v_scaffold/lean/vendor/foundations/xi/Main/LegalQuotient.lean,399,theorem,matVec_add,SixBirdsMetaMath.Main.LegalQuotient,SixBirdsMetaMath.Main.LegalQuotient.matVec_add
XI_SUPPORT,Main.LegalQuotient,formalization/foundations_v_scaffold/lean/vendor/foundations/xi/Main/LegalQuotient.lean,412,theorem,matVec_scale,SixBirdsMetaMath.Main.LegalQuotient,SixBirdsMetaMath.Main.LegalQuotient.matVec_scale
XI_SUPPORT,Main.LegalQuotient,formalization/foundations_v_scaffold/lean/vendor/foundations/xi/Main/LegalQuotient.lean,425,theorem,sumFin_sub,SixBirdsMetaMath.Main.LegalQuotient,SixBirdsMetaMath.Main.LegalQuotient.sumFin_sub
XI_SUPPORT,Main.LegalQuotient,formalization/foundations_v_scaffold/lean/vendor/foundations/xi/Main/LegalQuotient.lean,436,theorem,traceMat_sub,SixBirdsMetaMath.Main.LegalQuotient,SixBirdsMetaMath.Main.LegalQuotient.traceMat_sub
XI_SUPPORT,Main.LegalQuotient,formalization/foundations_v_scaffold/lean/vendor/foundations/xi/Main/LegalQuotient.lean,442,theorem,traceMat_add,SixBirdsMetaMath.Main.LegalQuotient,SixBirdsMetaMath.Main.LegalQuotient.traceMat_add
XI_SUPPORT,Main.LegalQuotient,formalization/foundations_v_scaffold/lean/vendor/foundations/xi/Main/LegalQuotient.lean,448,theorem,traceMat_scale,SixBirdsMetaMath.Main.LegalQuotient,SixBirdsMetaMath.Main.LegalQuotient.traceMat_scale
XI_SUPPORT,Main.LegalQuotient,formalization/foundations_v_scaffold/lean/vendor/foundations/xi/Main/LegalQuotient.lean,454,theorem,matVec_sub,SixBirdsMetaMath.Main.LegalQuotient,SixBirdsMetaMath.Main.LegalQuotient.matVec_sub
XI_SUPPORT,Main.LegalQuotient,formalization/foundations_v_scaffold/lean/vendor/foundations/xi/Main/LegalQuotient.lean,467,theorem,matMul_assoc,SixBirdsMetaMath.Main.LegalQuotient,SixBirdsMetaMath.Main.LegalQuotient.matMul_assoc
XI_SUPPORT,Main.LegalQuotient,formalization/foundations_v_scaffold/lean/vendor/foundations/xi/Main/LegalQuotient.lean,494,theorem,matMul_identity_right,SixBirdsMetaMath.Main.LegalQuotient,SixBirdsMetaMath.Main.LegalQuotient.matMul_identity_right
XI_SUPPORT,Main.LegalQuotient,formalization/foundations_v_scaffold/lean/vendor/foundations/xi/Main/LegalQuotient.lean,504,theorem,matMul_sub_right,SixBirdsMetaMath.Main.LegalQuotient,SixBirdsMetaMath.Main.LegalQuotient.matMul_sub_right
XI_SUPPORT,Main.LegalQuotient,formalization/foundations_v_scaffold/lean/vendor/foundations/xi/Main/LegalQuotient.lean,518,theorem,matMul_sub_left,SixBirdsMetaMath.Main.LegalQuotient,SixBirdsMetaMath.Main.LegalQuotient.matMul_sub_left
XI_SUPPORT,Main.LegalQuotient,formalization/foundations_v_scaffold/lean/vendor/foundations/xi/Main/LegalQuotient.lean,532,theorem,matMul_zero_left,SixBirdsMetaMath.Main.LegalQuotient,SixBirdsMetaMath.Main.LegalQuotient.matMul_zero_left
XI_SUPPORT,Main.LegalQuotient,formalization/foundations_v_scaffold/lean/vendor/foundations/xi/Main/LegalQuotient.lean,543,theorem,matMul_zero_right,SixBirdsMetaMath.Main.LegalQuotient,SixBirdsMetaMath.Main.LegalQuotient.matMul_zero_right
XI_SUPPORT,Main.LegalQuotient,formalization/foundations_v_scaffold/lean/vendor/foundations/xi/Main/LegalQuotient.lean,554,theorem,transpose_matMul,SixBirdsMetaMath.Main.LegalQuotient,SixBirdsMetaMath.Main.LegalQuotient.transpose_matMul
XI_SUPPORT,Main.LegalQuotient,formalization/foundations_v_scaffold/lean/vendor/foundations/xi/Main/LegalQuotient.lean,563,theorem,transpose_transpose,SixBirdsMetaMath.Main.LegalQuotient,SixBirdsMetaMath.Main.LegalQuotient.transpose_transpose
XI_SUPPORT,Main.LegalQuotient,formalization/foundations_v_scaffold/lean/vendor/foundations/xi/Main/LegalQuotient.lean,569,theorem,matAdd_sub_cancel,SixBirdsMetaMath.Main.LegalQuotient,SixBirdsMetaMath.Main.LegalQuotient.matAdd_sub_cancel
XI_SUPPORT,Main.LegalQuotient,formalization/foundations_v_scaffold/lean/vendor/foundations/xi/Main/LegalQuotient.lean,576,theorem,matVec_identity,SixBirdsMetaMath.Main.LegalQuotient,SixBirdsMetaMath.Main.LegalQuotient.matVec_identity
XI_SUPPORT,Main.LegalQuotient,formalization/foundations_v_scaffold/lean/vendor/foundations/xi/Main/LegalQuotient.lean,591,theorem,dot_add_right,SixBirdsMetaMath.Main.LegalQuotient,SixBirdsMetaMath.Main.LegalQuotient.dot_add_right
XI_SUPPORT,Main.LegalQuotient,formalization/foundations_v_scaffold/lean/vendor/foundations/xi/Main/LegalQuotient.lean,603,theorem,dot_sub_right,SixBirdsMetaMath.Main.LegalQuotient,SixBirdsMetaMath.Main.LegalQuotient.dot_sub_right
XI_SUPPORT,Main.LegalQuotient,formalization/foundations_v_scaffold/lean/vendor/foundations/xi/Main/LegalQuotient.lean,615,theorem,dot_scale_right,SixBirdsMetaMath.Main.LegalQuotient,SixBirdsMetaMath.Main.LegalQuotient.dot_scale_right
XI_SUPPORT,Main.LegalQuotient,formalization/foundations_v_scaffold/lean/vendor/foundations/xi/Main/LegalQuotient.lean,627,theorem,dot_self_nonneg,SixBirdsMetaMath.Main.LegalQuotient,SixBirdsMetaMath.Main.LegalQuotient.dot_self_nonneg
XI_SUPPORT,Main.LegalQuotient,formalization/foundations_v_scaffold/lean/vendor/foundations/xi/Main/LegalQuotient.lean,632,theorem,dot_self_eq_zero,SixBirdsMetaMath.Main.LegalQuotient,SixBirdsMetaMath.Main.LegalQuotient.dot_self_eq_zero
XI_SUPPORT,Main.LegalQuotient,formalization/foundations_v_scaffold/lean/vendor/foundations/xi/Main/LegalQuotient.lean,657,theorem,dot_matVec_transpose,SixBirdsMetaMath.Main.LegalQuotient,SixBirdsMetaMath.Main.LegalQuotient.dot_matVec_transpose
XI_SUPPORT,Main.LegalQuotient,formalization/foundations_v_scaffold/lean/vendor/foundations/xi/Main/LegalQuotient.lean,686,theorem,matVec_standardBasis,SixBirdsMetaMath.Main.LegalQuotient,SixBirdsMetaMath.Main.LegalQuotient.matVec_standardBasis
XI_SUPPORT,Main.LegalQuotient,formalization/foundations_v_scaffold/lean/vendor/foundations/xi/Main/LegalQuotient.lean,698,theorem,quad_standardBasis,SixBirdsMetaMath.Main.LegalQuotient,SixBirdsMetaMath.Main.LegalQuotient.quad_standardBasis
XI_SUPPORT,Main.LegalQuotient,formalization/foundations_v_scaffold/lean/vendor/foundations/xi/Main/LegalQuotient.lean,711,theorem,quad_add,SixBirdsMetaMath.Main.LegalQuotient,SixBirdsMetaMath.Main.LegalQuotient.quad_add
XI_SUPPORT,Main.LegalQuotient,formalization/foundations_v_scaffold/lean/vendor/foundations/xi/Main/LegalQuotient.lean,718,theorem,quad_scale,SixBirdsMetaMath.Main.LegalQuotient,SixBirdsMetaMath.Main.LegalQuotient.quad_scale
XI_SUPPORT,Main.LegalQuotient,formalization/foundations_v_scaffold/lean/vendor/foundations/xi/Main/LegalQuotient.lean,725,theorem,quad_conjugate,SixBirdsMetaMath.Main.LegalQuotient,SixBirdsMetaMath.Main.LegalQuotient.quad_conjugate
XI_SUPPORT,Main.LegalQuotient,formalization/foundations_v_scaffold/lean/vendor/foundations/xi/Main/LegalQuotient.lean,738,theorem,quad_sub_neg,SixBirdsMetaMath.Main.LegalQuotient,SixBirdsMetaMath.Main.LegalQuotient.quad_sub_neg
XI_SUPPORT,Main.LegalQuotient,formalization/foundations_v_scaffold/lean/vendor/foundations/xi/Main/LegalQuotient.lean,753,theorem,posSemidef_zero,SixBirdsMetaMath.Main.LegalQuotient,SixBirdsMetaMath.Main.LegalQuotient.posSemidef_zero
XI_SUPPORT,Main.LegalQuotient,formalization/foundations_v_scaffold/lean/vendor/foundations/xi/Main/LegalQuotient.lean,766,theorem,posSemidef_add,SixBirdsMetaMath.Main.LegalQuotient,SixBirdsMetaMath.Main.LegalQuotient.posSemidef_add
XI_SUPPORT,Main.LegalQuotient,formalization/foundations_v_scaffold/lean/vendor/foundations/xi/Main/LegalQuotient.lean,774,theorem,posSemidef_scale_nonneg,SixBirdsMetaMath.Main.LegalQuotient,SixBirdsMetaMath.Main.LegalQuotient.posSemidef_scale_nonneg
XI_SUPPORT,Main.LegalQuotient,formalization/foundations_v_scaffold/lean/vendor/foundations/xi/Main/LegalQuotient.lean,781,theorem,posSemidef_conjugate,SixBirdsMetaMath.Main.LegalQuotient,SixBirdsMetaMath.Main.LegalQuotient.posSemidef_conjugate
XI_SUPPORT,Main.LegalQuotient,formalization/foundations_v_scaffold/lean/vendor/foundations/xi/Main/LegalQuotient.lean,789,theorem,psd_trace_nonneg,SixBirdsMetaMath.Main.LegalQuotient,SixBirdsMetaMath.Main.LegalQuotient.psd_trace_nonneg
XI_SUPPORT,Main.LegalQuotient,formalization/foundations_v_scaffold/lean/vendor/foundations/xi/Main/LegalQuotient.lean,812,theorem,transpose_diagonalPseudoInverse,SixBirdsMetaMath.Main.LegalQuotient,SixBirdsMetaMath.Main.LegalQuotient.transpose_diagonalPseudoInverse
XI_SUPPORT,Main.LegalQuotient,formalization/foundations_v_scaffold/lean/vendor/foundations/xi/Main/LegalQuotient.lean,823,theorem,rat_pos_ne_zero,SixBirdsMetaMath.Main.LegalQuotient,SixBirdsMetaMath.Main.LegalQuotient.rat_pos_ne_zero
XI_SUPPORT,Main.LegalQuotient,formalization/foundations_v_scaffold/lean/vendor/foundations/xi/Main/LegalQuotient.lean,827,theorem,diagonalPseudoInverse_strictPositiveDiagonal_inverse,SixBirdsMetaMath.Main.LegalQuotient,SixBirdsMetaMath.Main.LegalQuotient.diagonalPseudoInverse_strictPositiveDiagonal_inverse
XI_SUPPORT,Main.LegalQuotient,formalization/foundations_v_scaffold/lean/vendor/foundations/xi/Main/LegalQuotient.lean,892,theorem,auditOptimalEnergy_eq_currencyQuad,SixBirdsMetaMath.Main.LegalQuotient,SixBirdsMetaMath.Main.LegalQuotient.auditOptimalEnergy_eq_currencyQuad
XI_SUPPORT,Main.LegalQuotient,formalization/foundations_v_scaffold/lean/vendor/foundations/xi/Main/LegalQuotient.lean,971,theorem,matSub_self_eq_zero,SixBirdsMetaMath.Main.LegalQuotient,SixBirdsMetaMath.Main.LegalQuotient.matSub_self_eq_zero
XI_SUPPORT,Main.LegalQuotient,formalization/foundations_v_scaffold/lean/vendor/foundations/xi/Main/LegalQuotient.lean,978,theorem,matSub_zero_right,SixBirdsMetaMath.Main.LegalQuotient,SixBirdsMetaMath.Main.LegalQuotient.matSub_zero_right
XI_SUPPORT,Main.LegalQuotient,formalization/foundations_v_scaffold/lean/vendor/foundations/xi/Main/LegalQuotient.lean,985,theorem,matSub_self_matSub,SixBirdsMetaMath.Main.LegalQuotient,SixBirdsMetaMath.Main.LegalQuotient.matSub_self_matSub
XI_SUPPORT,Main.LegalQuotient,formalization/foundations_v_scaffold/lean/vendor/foundations/xi/Main/LegalQuotient.lean,992,theorem,matSub_add_matSub,SixBirdsMetaMath.Main.LegalQuotient,SixBirdsMetaMath.Main.LegalQuotient.matSub_add_matSub
XI_SUPPORT,Main.LegalQuotient,formalization/foundations_v_scaffold/lean/vendor/foundations/xi/Main/LegalQuotient.lean,999,theorem,matSub_matAdd_matAdd,SixBirdsMetaMath.Main.LegalQuotient,SixBirdsMetaMath.Main.LegalQuotient.matSub_matAdd_matAdd
XI_SUPPORT,Main.LegalQuotient,formalization/foundations_v_scaffold/lean/vendor/foundations/xi/Main/LegalQuotient.lean,1006,theorem,matSub_scale,SixBirdsMetaMath.Main.LegalQuotient,SixBirdsMetaMath.Main.LegalQuotient.matSub_scale
XI_SUPPORT,Main.LegalQuotient,formalization/foundations_v_scaffold/lean/vendor/foundations/xi/Main/LegalQuotient.lean,1013,theorem,matSub_matMul_conjugate,SixBirdsMetaMath.Main.LegalQuotient,SixBirdsMetaMath.Main.LegalQuotient.matSub_matMul_conjugate
XI_SUPPORT,Main.LegalQuotient,formalization/foundations_v_scaffold/lean/vendor/foundations/xi/Main/LegalQuotient.lean,1024,theorem,loewnerLE_iff_psd_sub,SixBirdsMetaMath.Main.LegalQuotient,SixBirdsMetaMath.Main.LegalQuotient.loewnerLE_iff_psd_sub
XI_SUPPORT,Main.LegalQuotient,formalization/foundations_v_scaffold/lean/vendor/foundations/xi/Main/LegalQuotient.lean,1047,theorem,loewnerLE_refl,SixBirdsMetaMath.Main.LegalQuotient,SixBirdsMetaMath.Main.LegalQuotient.loewnerLE_refl
XI_SUPPORT,Main.LegalQuotient,formalization/foundations_v_scaffold/lean/vendor/foundations/xi/Main/LegalQuotient.lean,1053,theorem,loewnerLE_trans,SixBirdsMetaMath.Main.LegalQuotient,SixBirdsMetaMath.Main.LegalQuotient.loewnerLE_trans
XI_SUPPORT,Main.LegalQuotient,formalization/foundations_v_scaffold/lean/vendor/foundations/xi/Main/LegalQuotient.lean,1062,theorem,loewnerLE_add_mono,SixBirdsMetaMath.Main.LegalQuotient,SixBirdsMetaMath.Main.LegalQuotient.loewnerLE_add_mono
XI_SUPPORT,Main.LegalQuotient,formalization/foundations_v_scaffold/lean/vendor/foundations/xi/Main/LegalQuotient.lean,1072,theorem,loewnerLE_scale_nonneg,SixBirdsMetaMath.Main.LegalQuotient,SixBirdsMetaMath.Main.LegalQuotient.loewnerLE_scale_nonneg
XI_SUPPORT,Main.LegalQuotient,formalization/foundations_v_scaffold/lean/vendor/foundations/xi/Main/LegalQuotient.lean,1080,theorem,loewnerLE_conjugate,SixBirdsMetaMath.Main.LegalQuotient,SixBirdsMetaMath.Main.LegalQuotient.loewnerLE_conjugate
XI_SUPPORT,Main.LegalQuotient,formalization/foundations_v_scaffold/lean/vendor/foundations/xi/Main/LegalQuotient.lean,1089,theorem,loewnerLE_matSub_self,SixBirdsMetaMath.Main.LegalQuotient,SixBirdsMetaMath.Main.LegalQuotient.loewnerLE_matSub_self
XI_SUPPORT,Main.LegalQuotient,formalization/foundations_v_scaffold/lean/vendor/foundations/xi/Main/LegalQuotient.lean,1097,theorem,loewnerLE_self_matAdd,SixBirdsMetaMath.Main.LegalQuotient,SixBirdsMetaMath.Main.LegalQuotient.loewnerLE_self_matAdd
XI_SUPPORT,Main.LegalQuotient,formalization/foundations_v_scaffold/lean/vendor/foundations/xi/Main/LegalQuotient.lean,1108,theorem,matSub_scaled_add,SixBirdsMetaMath.Main.LegalQuotient,SixBirdsMetaMath.Main.LegalQuotient.matSub_scaled_add
XI_SUPPORT,Main.LegalQuotient,formalization/foundations_v_scaffold/lean/vendor/foundations/xi/Main/LegalQuotient.lean,1121,theorem,loewnerLE_scaled_add,SixBirdsMetaMath.Main.LegalQuotient,SixBirdsMetaMath.Main.LegalQuotient.loewnerLE_scaled_add
XI_SUPPORT,Main.LegalQuotient,formalization/foundations_v_scaffold/lean/vendor/foundations/xi/Main/LegalQuotient.lean,1136,theorem,loewnerLE_traceMat_mono,SixBirdsMetaMath.Main.LegalQuotient,SixBirdsMetaMath.Main.LegalQuotient.loewnerLE_traceMat_mono
XI_SUPPORT,Main.LegalQuotient,formalization/foundations_v_scaffold/lean/vendor/foundations/xi/Main/LegalQuotient.lean,1156,theorem,probeFamilyCurrency,SixBirdsMetaMath.Main.LegalQuotient,SixBirdsMetaMath.Main.LegalQuotient.probeFamilyCurrency
XI_SUPPORT,Main.LegalQuotient,formalization/foundations_v_scaffold/lean/vendor/foundations/xi/Main/LegalQuotient.lean,1231,theorem,minimumSpendDuality,SixBirdsMetaMath.Main.LegalQuotient,SixBirdsMetaMath.Main.LegalQuotient.minimumSpendDuality
XI_SUPPORT,Main.XiInterface,formalization/foundations_v_scaffold/lean/vendor/foundations/xi/Main/XiInterface.lean,30,theorem,adequacyInterface,SixBirdsMetaMath.Main.XiInterface,SixBirdsMetaMath.Main.XiInterface.adequacyInterface
XI_SUPPORT,Xi.Currency,formalization/foundations_v_scaffold/lean/vendor/foundations/xi/Xi/Currency.lean,38,theorem,xiMinimumSpendDuality,SixBirdsMetaMath.Xi.Currency,SixBirdsMetaMath.Xi.Currency.xiMinimumSpendDuality
XI_SUPPORT,Xi.DataProcessing,formalization/foundations_v_scaffold/lean/vendor/foundations/xi/Xi/DataProcessing.lean,20,theorem,blockCurrencyDD_post,SixBirdsMetaMath.Xi.DataProcessing,SixBirdsMetaMath.Xi.DataProcessing.blockCurrencyDD_post
XI_SUPPORT,Xi.DataProcessing,formalization/foundations_v_scaffold/lean/vendor/foundations/xi/Xi/DataProcessing.lean,52,theorem,blockCurrencyDL_post,SixBirdsMetaMath.Xi.DataProcessing,SixBirdsMetaMath.Xi.DataProcessing.blockCurrencyDL_post
XI_SUPPORT,Xi.DataProcessing,formalization/foundations_v_scaffold/lean/vendor/foundations/xi/Xi/DataProcessing.lean,65,theorem,blockCurrencyLD_post,SixBirdsMetaMath.Xi.DataProcessing,SixBirdsMetaMath.Xi.DataProcessing.blockCurrencyLD_post
XI_SUPPORT,Xi.DataProcessing,formalization/foundations_v_scaffold/lean/vendor/foundations/xi/Xi/DataProcessing.lean,81,theorem,schurTerm_post,SixBirdsMetaMath.Xi.DataProcessing,SixBirdsMetaMath.Xi.DataProcessing.schurTerm_post
XI_SUPPORT,Xi.DataProcessing,formalization/foundations_v_scaffold/lean/vendor/foundations/xi/Xi/DataProcessing.lean,121,theorem,dissolvingPostProcessing,SixBirdsMetaMath.Xi.DataProcessing,SixBirdsMetaMath.Xi.DataProcessing.dissolvingPostProcessing
XI_SUPPORT,Xi.DataProcessing,formalization/foundations_v_scaffold/lean/vendor/foundations/xi/Xi/DataProcessing.lean,152,theorem,blockCurrencyDL_compose_native,SixBirdsMetaMath.Xi.DataProcessing,SixBirdsMetaMath.Xi.DataProcessing.blockCurrencyDL_compose_native
XI_SUPPORT,Xi.DataProcessing,formalization/foundations_v_scaffold/lean/vendor/foundations/xi/Xi/DataProcessing.lean,168,theorem,blockCurrencyLD_compose_native,SixBirdsMetaMath.Xi.DataProcessing,SixBirdsMetaMath.Xi.DataProcessing.blockCurrencyLD_compose_native
XI_SUPPORT,Xi.DataProcessing,formalization/foundations_v_scaffold/lean/vendor/foundations/xi/Xi/DataProcessing.lean,181,theorem,blockCurrencyLL_compose_native,SixBirdsMetaMath.Xi.DataProcessing,SixBirdsMetaMath.Xi.DataProcessing.blockCurrencyLL_compose_native
XI_SUPPORT,Xi.DataProcessing,formalization/foundations_v_scaffold/lean/vendor/foundations/xi/Xi/DataProcessing.lean,213,theorem,matSub_matSub_same_left,SixBirdsMetaMath.Xi.DataProcessing,SixBirdsMetaMath.Xi.DataProcessing.matSub_matSub_same_left
XI_SUPPORT,Xi.DataProcessing,formalization/foundations_v_scaffold/lean/vendor/foundations/xi/Xi/DataProcessing.lean,220,theorem,matMul_matMul_matSub,SixBirdsMetaMath.Xi.DataProcessing,SixBirdsMetaMath.Xi.DataProcessing.matMul_matMul_matSub
XI_SUPPORT,Xi.DataProcessing,formalization/foundations_v_scaffold/lean/vendor/foundations/xi/Xi/DataProcessing.lean,232,theorem,nativeCoarsening_schur_coarse,SixBirdsMetaMath.Xi.DataProcessing,SixBirdsMetaMath.Xi.DataProcessing.nativeCoarsening_schur_coarse
XI_SUPPORT,Xi.DataProcessing,formalization/foundations_v_scaffold/lean/vendor/foundations/xi/Xi/DataProcessing.lean,273,theorem,nativeCoarsening,SixBirdsMetaMath.Xi.DataProcessing,SixBirdsMetaMath.Xi.DataProcessing.nativeCoarsening
XI_SUPPORT,Xi.DataProcessing,formalization/foundations_v_scaffold/lean/vendor/foundations/xi/Xi/DataProcessing.lean,332,theorem,exactReducingBridge,SixBirdsMetaMath.Xi.DataProcessing,SixBirdsMetaMath.Xi.DataProcessing.exactReducingBridge
XI_SUPPORT,Xi.DataProcessing,formalization/foundations_v_scaffold/lean/vendor/foundations/xi/Xi/DataProcessing.lean,385,theorem,defectiveBridge,SixBirdsMetaMath.Xi.DataProcessing,SixBirdsMetaMath.Xi.DataProcessing.defectiveBridge
XI_SUPPORT,Xi.Obstruction,formalization/foundations_v_scaffold/lean/vendor/foundations/xi/Xi/Obstruction.lean,27,theorem,blindSpotWitness,SixBirdsMetaMath.Xi.Obstruction,SixBirdsMetaMath.Xi.Obstruction.blindSpotWitness
XI_SUPPORT,Xi.OptimalResidual,formalization/foundations_v_scaffold/lean/vendor/foundations/xi/Xi/OptimalResidual.lean,42,theorem,optimalResidualIdentity,SixBirdsMetaMath.Xi.OptimalResidual,SixBirdsMetaMath.Xi.OptimalResidual.optimalResidualIdentity
XI_SUPPORT,Xi.OptimalResidual,formalization/foundations_v_scaffold/lean/vendor/foundations/xi/Xi/OptimalResidual.lean,74,theorem,exactAdequacy,SixBirdsMetaMath.Xi.OptimalResidual,SixBirdsMetaMath.Xi.OptimalResidual.exactAdequacy
XI_SUPPORT,Xi.Projection,formalization/foundations_v_scaffold/lean/vendor/foundations/xi/Xi/Projection.lean,25,theorem,projectionIdentity,SixBirdsMetaMath.Xi.Projection,SixBirdsMetaMath.Xi.Projection.projectionIdentity
XI_SUPPORT,Xi.Promotion,formalization/foundations_v_scaffold/lean/vendor/foundations/xi/Xi/Promotion.lean,24,theorem,adequacyPromotion,SixBirdsMetaMath.Xi.Promotion,SixBirdsMetaMath.Xi.Promotion.adequacyPromotion
XI_SUPPORT,Xi.StrictExtension,formalization/foundations_v_scaffold/lean/vendor/foundations/xi/Xi/StrictExtension.lean,25,theorem,chainRule,SixBirdsMetaMath.Xi.StrictExtension,SixBirdsMetaMath.Xi.StrictExtension.chainRule
XI_SUPPORT,Xi.StrictExtension,formalization/foundations_v_scaffold/lean/vendor/foundations/xi/Xi/StrictExtension.lean,51,theorem,sameFamilySaturation,SixBirdsMetaMath.Xi.StrictExtension,SixBirdsMetaMath.Xi.StrictExtension.sameFamilySaturation
FOUNDATIONS_V,SixBirdsFoundationsVI.Laws.G10LossfulPersistence,formalization/foundations_vi_scaffold/lean/SixBirdsFoundationsVI/Laws/G10LossfulPersistence.lean,57,theorem,boundary_persistence,SixBirdsFoundationsVI.Laws.G10LossfulPersistence,SixBirdsFoundationsVI.Laws.G10LossfulPersistence.boundary_persistence
FOUNDATIONS_V,SixBirdsFoundationsVI.Laws.G10LossfulPersistence,formalization/foundations_vi_scaffold/lean/SixBirdsFoundationsVI/Laws/G10LossfulPersistence.lean,119,theorem,checksum_lossful,SixBirdsFoundationsVI.Laws.G10LossfulPersistence,SixBirdsFoundationsVI.Laws.G10LossfulPersistence.checksum_lossful
FOUNDATIONS_V,SixBirdsFoundationsVI.Laws.G10LossfulPersistence,formalization/foundations_vi_scaffold/lean/SixBirdsFoundationsVI/Laws/G10LossfulPersistence.lean,130,theorem,checksum_protect,SixBirdsFoundationsVI.Laws.G10LossfulPersistence,SixBirdsFoundationsVI.Laws.G10LossfulPersistence.checksum_protect
FOUNDATIONS_V,SixBirdsFoundationsVI.Laws.G10LossfulPersistence,formalization/foundations_vi_scaffold/lean/SixBirdsFoundationsVI/Laws/G10LossfulPersistence.lean,142,theorem,checksum_regen,SixBirdsFoundationsVI.Laws.G10LossfulPersistence,SixBirdsFoundationsVI.Laws.G10LossfulPersistence.checksum_regen
FOUNDATIONS_V,SixBirdsFoundationsVI.Laws.G10LossfulPersistence,formalization/foundations_vi_scaffold/lean/SixBirdsFoundationsVI/Laws/G10LossfulPersistence.lean,155,theorem,checksum_boundary_persistence,SixBirdsFoundationsVI.Laws.G10LossfulPersistence,SixBirdsFoundationsVI.Laws.G10LossfulPersistence.checksum_boundary_persistence
FOUNDATIONS_V,SixBirdsFoundationsVI.Laws.G11GlobalAntiSymmetry,formalization/foundations_vi_scaffold/lean/SixBirdsFoundationsVI/Laws/G11GlobalAntiSymmetry.lean,89,theorem,admissible_configurations_exist,SixBirdsFoundationsVI.Laws.G11GlobalAntiSymmetry,SixBirdsFoundationsVI.Laws.G11GlobalAntiSymmetry.admissible_configurations_exist
FOUNDATIONS_V,SixBirdsFoundationsVI.Laws.G11GlobalAntiSymmetry,formalization/foundations_vi_scaffold/lean/SixBirdsFoundationsVI/Laws/G11GlobalAntiSymmetry.lean,103,theorem,hierarchy_forces_aperiodic,SixBirdsFoundationsVI.Laws.G11GlobalAntiSymmetry,SixBirdsFoundationsVI.Laws.G11GlobalAntiSymmetry.hierarchy_forces_aperiodic
FOUNDATIONS_V,SixBirdsFoundationsVI.Laws.G11GlobalAntiSymmetry,formalization/foundations_vi_scaffold/lean/SixBirdsFoundationsVI/Laws/G11GlobalAntiSymmetry.lean,121,theorem,g11_global_anti_symmetry,SixBirdsFoundationsVI.Laws.G11GlobalAntiSymmetry,SixBirdsFoundationsVI.Laws.G11GlobalAntiSymmetry.g11_global_anti_symmetry
FOUNDATIONS_V,SixBirdsFoundationsVI.Laws.G12FiniteWitnessRadiation,formalization/foundations_vi_scaffold/lean/SixBirdsFoundationsVI/Laws/G12FiniteWitnessRadiation.lean,44,theorem,no_global_k_coloring,SixBirdsFoundationsVI.Laws.G12FiniteWitnessRadiation,SixBirdsFoundationsVI.Laws.G12FiniteWitnessRadiation.no_global_k_coloring
FOUNDATIONS_V,SixBirdsFoundationsVI.Laws.G12FiniteWitnessRadiation,formalization/foundations_vi_scaffold/lean/SixBirdsFoundationsVI/Laws/G12FiniteWitnessRadiation.lean,71,theorem,image_mem_map,SixBirdsFoundationsVI.Laws.G12FiniteWitnessRadiation,SixBirdsFoundationsVI.Laws.G12FiniteWitnessRadiation.image_mem_map
FOUNDATIONS_V,SixBirdsFoundationsVI.Laws.G12FiniteWitnessRadiation,formalization/foundations_vi_scaffold/lean/SixBirdsFoundationsVI/Laws/G12FiniteWitnessRadiation.lean,92,theorem,orbit_radiation,SixBirdsFoundationsVI.Laws.G12FiniteWitnessRadiation,SixBirdsFoundationsVI.Laws.G12FiniteWitnessRadiation.orbit_radiation
FOUNDATIONS_V,SixBirdsFoundationsVI.Laws.G12FiniteWitnessRadiation,formalization/foundations_vi_scaffold/lean/SixBirdsFoundationsVI/Laws/G12FiniteWitnessRadiation.lean,126,theorem,finite_witness_iff_no_global_coloring,SixBirdsFoundationsVI.Laws.G12FiniteWitnessRadiation,SixBirdsFoundationsVI.Laws.G12FiniteWitnessRadiation.finite_witness_iff_no_global_coloring
FOUNDATIONS_V,SixBirdsFoundationsVI.Laws.G13ThinOrbitSaturation,formalization/foundations_vi_scaffold/lean/SixBirdsFoundationsVI/Laws/G13ThinOrbitSaturation.lean,54,theorem,relative_density_theorem,SixBirdsFoundationsVI.Laws.G13ThinOrbitSaturation,SixBirdsFoundationsVI.Laws.G13ThinOrbitSaturation.relative_density_theorem
FOUNDATIONS_V,SixBirdsFoundationsVI.Laws.G13ThinOrbitSaturation,formalization/foundations_vi_scaffold/lean/SixBirdsFoundationsVI/Laws/G13ThinOrbitSaturation.lean,103,theorem,reciprocity_compatibility_observation,SixBirdsFoundationsVI.Laws.G13ThinOrbitSaturation,SixBirdsFoundationsVI.Laws.G13ThinOrbitSaturation.reciprocity_compatibility_observation
FOUNDATIONS_V,SixBirdsFoundationsVI.Laws.G1HiddenAmortizedSolvency,formalization/foundations_vi_scaffold/lean/SixBirdsFoundationsVI/Laws/G1HiddenAmortizedSolvency.lean,69,theorem,part_a_reduction,SixBirdsFoundationsVI.Laws.G1HiddenAmortizedSolvency,SixBirdsFoundationsVI.Laws.G1HiddenAmortizedSolvency.part_a_reduction
FOUNDATIONS_V,SixBirdsFoundationsVI.Laws.G1HiddenAmortizedSolvency,formalization/foundations_vi_scaffold/lean/SixBirdsFoundationsVI/Laws/G1HiddenAmortizedSolvency.lean,127,theorem,part_b_discharge,SixBirdsFoundationsVI.Laws.G1HiddenAmortizedSolvency,SixBirdsFoundationsVI.Laws.G1HiddenAmortizedSolvency.part_b_discharge
FOUNDATIONS_V,SixBirdsFoundationsVI.Laws.G2TransfiniteEscrow,formalization/foundations_vi_scaffold/lean/SixBirdsFoundationsVI/Laws/G2TransfiniteEscrow.lean,51,theorem,no_descending_chain_from_acc,SixBirdsFoundationsVI.Laws.G2TransfiniteEscrow,SixBirdsFoundationsVI.Laws.G2TransfiniteEscrow.no_descending_chain_from_acc
FOUNDATIONS_V,SixBirdsFoundationsVI.Laws.G2TransfiniteEscrow,formalization/foundations_vi_scaffold/lean/SixBirdsFoundationsVI/Laws/G2TransfiniteEscrow.lean,71,theorem,wellFounded_no_descending_chain,SixBirdsFoundationsVI.Laws.G2TransfiniteEscrow,SixBirdsFoundationsVI.Laws.G2TransfiniteEscrow.wellFounded_no_descending_chain
FOUNDATIONS_V,SixBirdsFoundationsVI.Laws.G2TransfiniteEscrow,formalization/foundations_vi_scaffold/lean/SixBirdsFoundationsVI/Laws/G2TransfiniteEscrow.lean,85,theorem,no_infinite_nonterminal_run,SixBirdsFoundationsVI.Laws.G2TransfiniteEscrow,SixBirdsFoundationsVI.Laws.G2TransfiniteEscrow.no_infinite_nonterminal_run
FOUNDATIONS_V,SixBirdsFoundationsVI.Laws.G2TransfiniteEscrow,formalization/foundations_vi_scaffold/lean/SixBirdsFoundationsVI/Laws/G2TransfiniteEscrow.lean,110,theorem,not_nonterminal_of_stage_coherence,SixBirdsFoundationsVI.Laws.G2TransfiniteEscrow,SixBirdsFoundationsVI.Laws.G2TransfiniteEscrow.not_nonterminal_of_stage_coherence
FOUNDATIONS_V,SixBirdsFoundationsVI.Laws.G3AmortizedCurrency,formalization/foundations_vi_scaffold/lean/SixBirdsFoundationsVI/Laws/G3AmortizedCurrency.lean,114,theorem,telescoping_identity,SixBirdsFoundationsVI.Laws.G3AmortizedCurrency,SixBirdsFoundationsVI.Laws.G3AmortizedCurrency.telescoping_identity
FOUNDATIONS_V,SixBirdsFoundationsVI.Laws.G3AmortizedCurrency,formalization/foundations_vi_scaffold/lean/SixBirdsFoundationsVI/Laws/G3AmortizedCurrency.lean,133,theorem,telescoping_bound,SixBirdsFoundationsVI.Laws.G3AmortizedCurrency,SixBirdsFoundationsVI.Laws.G3AmortizedCurrency.telescoping_bound
FOUNDATIONS_V,SixBirdsFoundationsVI.Laws.G3AmortizedCurrency,formalization/foundations_vi_scaffold/lean/SixBirdsFoundationsVI/Laws/G3AmortizedCurrency.lean,146,theorem,amortized_sum_le_scale,SixBirdsFoundationsVI.Laws.G3AmortizedCurrency,SixBirdsFoundationsVI.Laws.G3AmortizedCurrency.amortized_sum_le_scale
FOUNDATIONS_V,SixBirdsFoundationsVI.Laws.G3AmortizedCurrency,formalization/foundations_vi_scaffold/lean/SixBirdsFoundationsVI/Laws/G3AmortizedCurrency.lean,172,theorem,uniform_actual_cost_bound,SixBirdsFoundationsVI.Laws.G3AmortizedCurrency,SixBirdsFoundationsVI.Laws.G3AmortizedCurrency.uniform_actual_cost_bound
FOUNDATIONS_V,SixBirdsFoundationsVI.Laws.G4MovingCoverExhaustion,formalization/foundations_vi_scaffold/lean/SixBirdsFoundationsVI/Laws/G4MovingCoverExhaustion.lean,41,theorem,positive_schema,SixBirdsFoundationsVI.Laws.G4MovingCoverExhaustion,SixBirdsFoundationsVI.Laws.G4MovingCoverExhaustion.positive_schema
FOUNDATIONS_V,SixBirdsFoundationsVI.Laws.G4MovingCoverExhaustion,formalization/foundations_vi_scaffold/lean/SixBirdsFoundationsVI/Laws/G4MovingCoverExhaustion.lean,68,theorem,conditional_biconditional,SixBirdsFoundationsVI.Laws.G4MovingCoverExhaustion,SixBirdsFoundationsVI.Laws.G4MovingCoverExhaustion.conditional_biconditional
FOUNDATIONS_V,SixBirdsFoundationsVI.Laws.G4MovingCoverExhaustion,formalization/foundations_vi_scaffold/lean/SixBirdsFoundationsVI/Laws/G4MovingCoverExhaustion.lean,97,theorem,fixed_package_no_go,SixBirdsFoundationsVI.Laws.G4MovingCoverExhaustion,SixBirdsFoundationsVI.Laws.G4MovingCoverExhaustion.fixed_package_no_go
FOUNDATIONS_V,SixBirdsFoundationsVI.Laws.G5CarryHorizonConfinement,formalization/foundations_vi_scaffold/lean/SixBirdsFoundationsVI/Laws/G5CarryHorizonConfinement.lean,42,theorem,no_fixed_depth_future_sufficient,SixBirdsFoundationsVI.Laws.G5CarryHorizonConfinement,SixBirdsFoundationsVI.Laws.G5CarryHorizonConfinement.no_fixed_depth_future_sufficient
FOUNDATIONS_V,SixBirdsFoundationsVI.Laws.G5CarryHorizonConfinement,formalization/foundations_vi_scaffold/lean/SixBirdsFoundationsVI/Laws/G5CarryHorizonConfinement.lean,53,theorem,no_future_sufficient_depth,SixBirdsFoundationsVI.Laws.G5CarryHorizonConfinement,SixBirdsFoundationsVI.Laws.G5CarryHorizonConfinement.no_future_sufficient_depth
FOUNDATIONS_V,SixBirdsFoundationsVI.Laws.G5CarryHorizonConfinement,formalization/foundations_vi_scaffold/lean/SixBirdsFoundationsVI/Laws/G5CarryHorizonConfinement.lean,79,theorem,iterate_add,SixBirdsFoundationsVI.Laws.G5CarryHorizonConfinement,SixBirdsFoundationsVI.Laws.G5CarryHorizonConfinement.iterate_add
FOUNDATIONS_V,SixBirdsFoundationsVI.Laws.G5CarryHorizonConfinement,formalization/foundations_vi_scaffold/lean/SixBirdsFoundationsVI/Laws/G5CarryHorizonConfinement.lean,118,theorem,closed_pattern_persists,SixBirdsFoundationsVI.Laws.G5CarryHorizonConfinement,SixBirdsFoundationsVI.Laws.G5CarryHorizonConfinement.closed_pattern_persists
FOUNDATIONS_V,SixBirdsFoundationsVI.Laws.G5CarryHorizonConfinement,formalization/foundations_vi_scaffold/lean/SixBirdsFoundationsVI/Laws/G5CarryHorizonConfinement.lean,138,theorem,closed_pattern_confinement,SixBirdsFoundationsVI.Laws.G5CarryHorizonConfinement,SixBirdsFoundationsVI.Laws.G5CarryHorizonConfinement.closed_pattern_confinement
FOUNDATIONS_V,SixBirdsFoundationsVI.Laws.G6EndogenousNeedleGeneration,formalization/foundations_vi_scaffold/lean/SixBirdsFoundationsVI/Laws/G6EndogenousNeedleGeneration.lean,32,theorem,covering_schema,SixBirdsFoundationsVI.Laws.G6EndogenousNeedleGeneration,SixBirdsFoundationsVI.Laws.G6EndogenousNeedleGeneration.covering_schema
FOUNDATIONS_V,SixBirdsFoundationsVI.Laws.G6EndogenousNeedleGeneration,formalization/foundations_vi_scaffold/lean/SixBirdsFoundationsVI/Laws/G6EndogenousNeedleGeneration.lean,73,theorem,hole_forming_schema,SixBirdsFoundationsVI.Laws.G6EndogenousNeedleGeneration,SixBirdsFoundationsVI.Laws.G6EndogenousNeedleGeneration.hole_forming_schema
FOUNDATIONS_V,SixBirdsFoundationsVI.Laws.G7AdversarialMobilityConfinement,formalization/foundations_vi_scaffold/lean/SixBirdsFoundationsVI/Laws/G7AdversarialMobilityConfinement.lean,71,theorem,escape_never_stuck,SixBirdsFoundationsVI.Laws.G7AdversarialMobilityConfinement,SixBirdsFoundationsVI.Laws.G7AdversarialMobilityConfinement.escape_never_stuck
FOUNDATIONS_V,SixBirdsFoundationsVI.Laws.G7AdversarialMobilityConfinement,formalization/foundations_vi_scaffold/lean/SixBirdsFoundationsVI/Laws/G7AdversarialMobilityConfinement.lean,143,theorem,play_succ_from_initial,SixBirdsFoundationsVI.Laws.G7AdversarialMobilityConfinement,SixBirdsFoundationsVI.Laws.G7AdversarialMobilityConfinement.play_succ_from_initial
FOUNDATIONS_V,SixBirdsFoundationsVI.Laws.G7AdversarialMobilityConfinement,formalization/foundations_vi_scaffold/lean/SixBirdsFoundationsVI/Laws/G7AdversarialMobilityConfinement.lean,179,theorem,confinement_forces_trap_with_fuel,SixBirdsFoundationsVI.Laws.G7AdversarialMobilityConfinement,SixBirdsFoundationsVI.Laws.G7AdversarialMobilityConfinement.confinement_forces_trap_with_fuel
FOUNDATIONS_V,SixBirdsFoundationsVI.Laws.G7AdversarialMobilityConfinement,formalization/foundations_vi_scaffold/lean/SixBirdsFoundationsVI/Laws/G7AdversarialMobilityConfinement.lean,222,theorem,confinement_forces_trap,SixBirdsFoundationsVI.Laws.G7AdversarialMobilityConfinement,SixBirdsFoundationsVI.Laws.G7AdversarialMobilityConfinement.confinement_forces_trap
FOUNDATIONS_V,SixBirdsFoundationsVI.Laws.G7AdversarialMobilityConfinement,formalization/foundations_vi_scaffold/lean/SixBirdsFoundationsVI/Laws/G7AdversarialMobilityConfinement.lean,242,theorem,no_infinite_nat_descent,SixBirdsFoundationsVI.Laws.G7AdversarialMobilityConfinement,SixBirdsFoundationsVI.Laws.G7AdversarialMobilityConfinement.no_infinite_nat_descent
FOUNDATIONS_V,SixBirdsFoundationsVI.Laws.G7AdversarialMobilityConfinement,formalization/foundations_vi_scaffold/lean/SixBirdsFoundationsVI/Laws/G7AdversarialMobilityConfinement.lean,269,theorem,escape_confinement_mutually_exclusive,SixBirdsFoundationsVI.Laws.G7AdversarialMobilityConfinement,SixBirdsFoundationsVI.Laws.G7AdversarialMobilityConfinement.escape_confinement_mutually_exclusive
FOUNDATIONS_V,SixBirdsFoundationsVI.Laws.G8OdometerAbelianization,formalization/foundations_vi_scaffold/lean/SixBirdsFoundationsVI/Laws/G8OdometerAbelianization.lean,186,theorem,stable_legal_run_empty,SixBirdsFoundationsVI.Laws.G8OdometerAbelianization,SixBirdsFoundationsVI.Laws.G8OdometerAbelianization.stable_legal_run_empty
FOUNDATIONS_V,SixBirdsFoundationsVI.Laws.G8OdometerAbelianization,formalization/foundations_vi_scaffold/lean/SixBirdsFoundationsVI/Laws/G8OdometerAbelianization.lean,199,theorem,runCounter_cons_congr,SixBirdsFoundationsVI.Laws.G8OdometerAbelianization,SixBirdsFoundationsVI.Laws.G8OdometerAbelianization.runCounter_cons_congr
FOUNDATIONS_V,SixBirdsFoundationsVI.Laws.G8OdometerAbelianization,formalization/foundations_vi_scaffold/lean/SixBirdsFoundationsVI/Laws/G8OdometerAbelianization.lean,214,theorem,extract_first_move,SixBirdsFoundationsVI.Laws.G8OdometerAbelianization,SixBirdsFoundationsVI.Laws.G8OdometerAbelianization.extract_first_move
FOUNDATIONS_V,SixBirdsFoundationsVI.Laws.G8OdometerAbelianization,formalization/foundations_vi_scaffold/lean/SixBirdsFoundationsVI/Laws/G8OdometerAbelianization.lean,248,theorem,partA_order_independent_and_odometer,SixBirdsFoundationsVI.Laws.G8OdometerAbelianization,SixBirdsFoundationsVI.Laws.G8OdometerAbelianization.partA_order_independent_and_odometer
FOUNDATIONS_V,SixBirdsFoundationsVI.Laws.G8OdometerAbelianization,formalization/foundations_vi_scaffold/lean/SixBirdsFoundationsVI/Laws/G8OdometerAbelianization.lean,279,theorem,order_independent_stabilization,SixBirdsFoundationsVI.Laws.G8OdometerAbelianization,SixBirdsFoundationsVI.Laws.G8OdometerAbelianization.order_independent_stabilization
FOUNDATIONS_V,SixBirdsFoundationsVI.Laws.G8OdometerAbelianization,formalization/foundations_vi_scaffold/lean/SixBirdsFoundationsVI/Laws/G8OdometerAbelianization.lean,295,theorem,odometer_invariance,SixBirdsFoundationsVI.Laws.G8OdometerAbelianization,SixBirdsFoundationsVI.Laws.G8OdometerAbelianization.odometer_invariance
FOUNDATIONS_V,SixBirdsFoundationsVI.Laws.G8OdometerAbelianization,formalization/foundations_vi_scaffold/lean/SixBirdsFoundationsVI/Laws/G8OdometerAbelianization.lean,314,theorem,legalRun_snoc,SixBirdsFoundationsVI.Laws.G8OdometerAbelianization,SixBirdsFoundationsVI.Laws.G8OdometerAbelianization.legalRun_snoc
FOUNDATIONS_V,SixBirdsFoundationsVI.Laws.G8OdometerAbelianization,formalization/foundations_vi_scaffold/lean/SixBirdsFoundationsVI/Laws/G8OdometerAbelianization.lean,329,theorem,runCounter_append_single,SixBirdsFoundationsVI.Laws.G8OdometerAbelianization,SixBirdsFoundationsVI.Laws.G8OdometerAbelianization.runCounter_append_single
FOUNDATIONS_V,SixBirdsFoundationsVI.Laws.G8OdometerAbelianization,formalization/foundations_vi_scaffold/lean/SixBirdsFoundationsVI/Laws/G8OdometerAbelianization.lean,345,theorem,prefixBounded_snoc,SixBirdsFoundationsVI.Laws.G8OdometerAbelianization,SixBirdsFoundationsVI.Laws.G8OdometerAbelianization.prefixBounded_snoc
FOUNDATIONS_V,SixBirdsFoundationsVI.Laws.G8OdometerAbelianization,formalization/foundations_vi_scaffold/lean/SixBirdsFoundationsVI/Laws/G8OdometerAbelianization.lean,368,theorem,legalRun_counts_bounded_from_prefix,SixBirdsFoundationsVI.Laws.G8OdometerAbelianization,SixBirdsFoundationsVI.Laws.G8OdometerAbelianization.legalRun_counts_bounded_from_prefix
FOUNDATIONS_V,SixBirdsFoundationsVI.Laws.G8OdometerAbelianization,formalization/foundations_vi_scaffold/lean/SixBirdsFoundationsVI/Laws/G8OdometerAbelianization.lean,414,theorem,least_action,SixBirdsFoundationsVI.Laws.G8OdometerAbelianization,SixBirdsFoundationsVI.Laws.G8OdometerAbelianization.least_action
FOUNDATIONS_V,SixBirdsFoundationsVI.Laws.G8OdometerAbelianization,formalization/foundations_vi_scaffold/lean/SixBirdsFoundationsVI/Laws/G8OdometerAbelianization.lean,493,theorem,caseB_not_abelian,SixBirdsFoundationsVI.Laws.G8OdometerAbelianization,SixBirdsFoundationsVI.Laws.G8OdometerAbelianization.caseB_not_abelian
FOUNDATIONS_V,SixBirdsFoundationsVI.Laws.G8OdometerAbelianization,formalization/foundations_vi_scaffold/lean/SixBirdsFoundationsVI/Laws/G8OdometerAbelianization.lean,502,theorem,caseB_stable_N,SixBirdsFoundationsVI.Laws.G8OdometerAbelianization,SixBirdsFoundationsVI.Laws.G8OdometerAbelianization.caseB_stable_N
FOUNDATIONS_V,SixBirdsFoundationsVI.Laws.G8OdometerAbelianization,formalization/foundations_vi_scaffold/lean/SixBirdsFoundationsVI/Laws/G8OdometerAbelianization.lean,509,theorem,caseB_no_legal_N,SixBirdsFoundationsVI.Laws.G8OdometerAbelianization,SixBirdsFoundationsVI.Laws.G8OdometerAbelianization.caseB_no_legal_N
FOUNDATIONS_V,SixBirdsFoundationsVI.Laws.G8OdometerAbelianization,formalization/foundations_vi_scaffold/lean/SixBirdsFoundationsVI/Laws/G8OdometerAbelianization.lean,517,theorem,caseB_stable_run_from_N,SixBirdsFoundationsVI.Laws.G8OdometerAbelianization,SixBirdsFoundationsVI.Laws.G8OdometerAbelianization.caseB_stable_run_from_N
FOUNDATIONS_V,SixBirdsFoundationsVI.Laws.G8OdometerAbelianization,formalization/foundations_vi_scaffold/lean/SixBirdsFoundationsVI/Laws/G8OdometerAbelianization.lean,530,theorem,caseB_after_A_move_ends_N,SixBirdsFoundationsVI.Laws.G8OdometerAbelianization,SixBirdsFoundationsVI.Laws.G8OdometerAbelianization.caseB_after_A_move_ends_N
FOUNDATIONS_V,SixBirdsFoundationsVI.Laws.G8OdometerAbelianization,formalization/foundations_vi_scaffold/lean/SixBirdsFoundationsVI/Laws/G8OdometerAbelianization.lean,549,theorem,caseB_stable_run_from_A,SixBirdsFoundationsVI.Laws.G8OdometerAbelianization,SixBirdsFoundationsVI.Laws.G8OdometerAbelianization.caseB_stable_run_from_A
FOUNDATIONS_V,SixBirdsFoundationsVI.Laws.G8OdometerAbelianization,formalization/foundations_vi_scaffold/lean/SixBirdsFoundationsVI/Laws/G8OdometerAbelianization.lean,562,theorem,caseB_after_B_move_ends_N,SixBirdsFoundationsVI.Laws.G8OdometerAbelianization,SixBirdsFoundationsVI.Laws.G8OdometerAbelianization.caseB_after_B_move_ends_N
FOUNDATIONS_V,SixBirdsFoundationsVI.Laws.G8OdometerAbelianization,formalization/foundations_vi_scaffold/lean/SixBirdsFoundationsVI/Laws/G8OdometerAbelianization.lean,580,theorem,caseB_stable_run_from_B,SixBirdsFoundationsVI.Laws.G8OdometerAbelianization,SixBirdsFoundationsVI.Laws.G8OdometerAbelianization.caseB_stable_run_from_B
FOUNDATIONS_V,SixBirdsFoundationsVI.Laws.G8OdometerAbelianization,formalization/foundations_vi_scaffold/lean/SixBirdsFoundationsVI/Laws/G8OdometerAbelianization.lean,594,theorem,caseB_after_S_move_ends_N,SixBirdsFoundationsVI.Laws.G8OdometerAbelianization,SixBirdsFoundationsVI.Laws.G8OdometerAbelianization.caseB_after_S_move_ends_N
FOUNDATIONS_V,SixBirdsFoundationsVI.Laws.G8OdometerAbelianization,formalization/foundations_vi_scaffold/lean/SixBirdsFoundationsVI/Laws/G8OdometerAbelianization.lean,612,theorem,caseB_stable_run_from_S_ends_N,SixBirdsFoundationsVI.Laws.G8OdometerAbelianization,SixBirdsFoundationsVI.Laws.G8OdometerAbelianization.caseB_stable_run_from_S_ends_N
FOUNDATIONS_V,SixBirdsFoundationsVI.Laws.G8OdometerAbelianization,formalization/foundations_vi_scaffold/lean/SixBirdsFoundationsVI/Laws/G8OdometerAbelianization.lean,627,theorem,caseB_terminates_from_N,SixBirdsFoundationsVI.Laws.G8OdometerAbelianization,SixBirdsFoundationsVI.Laws.G8OdometerAbelianization.caseB_terminates_from_N
FOUNDATIONS_V,SixBirdsFoundationsVI.Laws.G8OdometerAbelianization,formalization/foundations_vi_scaffold/lean/SixBirdsFoundationsVI/Laws/G8OdometerAbelianization.lean,640,theorem,caseB_terminates_from_A,SixBirdsFoundationsVI.Laws.G8OdometerAbelianization,SixBirdsFoundationsVI.Laws.G8OdometerAbelianization.caseB_terminates_from_A
FOUNDATIONS_V,SixBirdsFoundationsVI.Laws.G8OdometerAbelianization,formalization/foundations_vi_scaffold/lean/SixBirdsFoundationsVI/Laws/G8OdometerAbelianization.lean,660,theorem,caseB_terminates_from_B,SixBirdsFoundationsVI.Laws.G8OdometerAbelianization,SixBirdsFoundationsVI.Laws.G8OdometerAbelianization.caseB_terminates_from_B
FOUNDATIONS_V,SixBirdsFoundationsVI.Laws.G8OdometerAbelianization,formalization/foundations_vi_scaffold/lean/SixBirdsFoundationsVI/Laws/G8OdometerAbelianization.lean,680,theorem,caseB_terminates_from_S,SixBirdsFoundationsVI.Laws.G8OdometerAbelianization,SixBirdsFoundationsVI.Laws.G8OdometerAbelianization.caseB_terminates_from_S
FOUNDATIONS_V,SixBirdsFoundationsVI.Laws.G8OdometerAbelianization,formalization/foundations_vi_scaffold/lean/SixBirdsFoundationsVI/Laws/G8OdometerAbelianization.lean,700,theorem,caseB_run_rp,SixBirdsFoundationsVI.Laws.G8OdometerAbelianization,SixBirdsFoundationsVI.Laws.G8OdometerAbelianization.caseB_run_rp
FOUNDATIONS_V,SixBirdsFoundationsVI.Laws.G8OdometerAbelianization,formalization/foundations_vi_scaffold/lean/SixBirdsFoundationsVI/Laws/G8OdometerAbelianization.lean,712,theorem,caseB_run_rt,SixBirdsFoundationsVI.Laws.G8OdometerAbelianization,SixBirdsFoundationsVI.Laws.G8OdometerAbelianization.caseB_run_rt
FOUNDATIONS_V,SixBirdsFoundationsVI.Laws.G8OdometerAbelianization,formalization/foundations_vi_scaffold/lean/SixBirdsFoundationsVI/Laws/G8OdometerAbelianization.lean,724,theorem,caseB_run_sq,SixBirdsFoundationsVI.Laws.G8OdometerAbelianization,SixBirdsFoundationsVI.Laws.G8OdometerAbelianization.caseB_run_sq
FOUNDATIONS_V,SixBirdsFoundationsVI.Laws.G8OdometerAbelianization,formalization/foundations_vi_scaffold/lean/SixBirdsFoundationsVI/Laws/G8OdometerAbelianization.lean,737,theorem,caseB_confluent_runs_share_final,SixBirdsFoundationsVI.Laws.G8OdometerAbelianization,SixBirdsFoundationsVI.Laws.G8OdometerAbelianization.caseB_confluent_runs_share_final
FOUNDATIONS_V,SixBirdsFoundationsVI.Laws.G8OdometerAbelianization,formalization/foundations_vi_scaffold/lean/SixBirdsFoundationsVI/Laws/G8OdometerAbelianization.lean,752,theorem,caseB_counter_rp_s_zero,SixBirdsFoundationsVI.Laws.G8OdometerAbelianization,SixBirdsFoundationsVI.Laws.G8OdometerAbelianization.caseB_counter_rp_s_zero
FOUNDATIONS_V,SixBirdsFoundationsVI.Laws.G8OdometerAbelianization,formalization/foundations_vi_scaffold/lean/SixBirdsFoundationsVI/Laws/G8OdometerAbelianization.lean,759,theorem,caseB_counter_sq_s_one,SixBirdsFoundationsVI.Laws.G8OdometerAbelianization,SixBirdsFoundationsVI.Laws.G8OdometerAbelianization.caseB_counter_sq_s_one
FOUNDATIONS_V,SixBirdsFoundationsVI.Laws.G8OdometerAbelianization,formalization/foundations_vi_scaffold/lean/SixBirdsFoundationsVI/Laws/G8OdometerAbelianization.lean,767,theorem,caseB_route_dependent_counter,SixBirdsFoundationsVI.Laws.G8OdometerAbelianization,SixBirdsFoundationsVI.Laws.G8OdometerAbelianization.caseB_route_dependent_counter
FOUNDATIONS_V,SixBirdsFoundationsVI.Laws.G8OdometerAbelianization,formalization/foundations_vi_scaffold/lean/SixBirdsFoundationsVI/Laws/G8OdometerAbelianization.lean,815,theorem,caseD_stable_A,SixBirdsFoundationsVI.Laws.G8OdometerAbelianization,SixBirdsFoundationsVI.Laws.G8OdometerAbelianization.caseD_stable_A
FOUNDATIONS_V,SixBirdsFoundationsVI.Laws.G8OdometerAbelianization,formalization/foundations_vi_scaffold/lean/SixBirdsFoundationsVI/Laws/G8OdometerAbelianization.lean,822,theorem,caseD_stable_B,SixBirdsFoundationsVI.Laws.G8OdometerAbelianization,SixBirdsFoundationsVI.Laws.G8OdometerAbelianization.caseD_stable_B
FOUNDATIONS_V,SixBirdsFoundationsVI.Laws.G8OdometerAbelianization,formalization/foundations_vi_scaffold/lean/SixBirdsFoundationsVI/Laws/G8OdometerAbelianization.lean,830,theorem,caseD_terminates_from_S,SixBirdsFoundationsVI.Laws.G8OdometerAbelianization,SixBirdsFoundationsVI.Laws.G8OdometerAbelianization.caseD_terminates_from_S
FOUNDATIONS_V,SixBirdsFoundationsVI.Laws.G8OdometerAbelianization,formalization/foundations_vi_scaffold/lean/SixBirdsFoundationsVI/Laws/G8OdometerAbelianization.lean,859,theorem,caseD_run_r,SixBirdsFoundationsVI.Laws.G8OdometerAbelianization,SixBirdsFoundationsVI.Laws.G8OdometerAbelianization.caseD_run_r
FOUNDATIONS_V,SixBirdsFoundationsVI.Laws.G8OdometerAbelianization,formalization/foundations_vi_scaffold/lean/SixBirdsFoundationsVI/Laws/G8OdometerAbelianization.lean,868,theorem,caseD_run_s,SixBirdsFoundationsVI.Laws.G8OdometerAbelianization,SixBirdsFoundationsVI.Laws.G8OdometerAbelianization.caseD_run_s
FOUNDATIONS_V,SixBirdsFoundationsVI.Laws.G8OdometerAbelianization,formalization/foundations_vi_scaffold/lean/SixBirdsFoundationsVI/Laws/G8OdometerAbelianization.lean,877,theorem,caseD_final_states_distinct,SixBirdsFoundationsVI.Laws.G8OdometerAbelianization,SixBirdsFoundationsVI.Laws.G8OdometerAbelianization.caseD_final_states_distinct
FOUNDATIONS_V,SixBirdsFoundationsVI.Laws.G8OdometerAbelianization,formalization/foundations_vi_scaffold/lean/SixBirdsFoundationsVI/Laws/G8OdometerAbelianization.lean,884,theorem,caseD_nonconfluent_witness,SixBirdsFoundationsVI.Laws.G8OdometerAbelianization,SixBirdsFoundationsVI.Laws.G8OdometerAbelianization.caseD_nonconfluent_witness
FOUNDATIONS_V,SixBirdsFoundationsVI.Laws.G9DefectEvacuationTransport,formalization/foundations_vi_scaffold/lean/SixBirdsFoundationsVI/Laws/G9DefectEvacuationTransport.lean,41,theorem,census_bound_from_start,SixBirdsFoundationsVI.Laws.G9DefectEvacuationTransport,SixBirdsFoundationsVI.Laws.G9DefectEvacuationTransport.census_bound_from_start
FOUNDATIONS_V,SixBirdsFoundationsVI.Laws.G9DefectEvacuationTransport,formalization/foundations_vi_scaffold/lean/SixBirdsFoundationsVI/Laws/G9DefectEvacuationTransport.lean,64,theorem,census_tail_bound,SixBirdsFoundationsVI.Laws.G9DefectEvacuationTransport,SixBirdsFoundationsVI.Laws.G9DefectEvacuationTransport.census_tail_bound
FOUNDATIONS_V,SixBirdsFoundationsVI.Laws.G9DefectEvacuationTransport,formalization/foundations_vi_scaffold/lean/SixBirdsFoundationsVI/Laws/G9DefectEvacuationTransport.lean,80,theorem,census_excludes_unbounded_creation,SixBirdsFoundationsVI.Laws.G9DefectEvacuationTransport,SixBirdsFoundationsVI.Laws.G9DefectEvacuationTransport.census_excludes_unbounded_creation
FOUNDATIONS_V,SixBirdsFoundationsVI.Laws.G9DefectEvacuationTransport,formalization/foundations_vi_scaffold/lean/SixBirdsFoundationsVI/Laws/G9DefectEvacuationTransport.lean,122,theorem,certified_transport_regime_of_assigned_nonzero,SixBirdsFoundationsVI.Laws.G9DefectEvacuationTransport,SixBirdsFoundationsVI.Laws.G9DefectEvacuationTransport.certified_transport_regime_of_assigned_nonzero
UNCLASSIFIED,SixBirds.Admissibility,formalization/foundations_vi_scaffold/lean/vendor/foundations/six-birds-foundations-ii/lean/full/SixBirds/Admissibility.lean,72,theorem,honest_bookkeeping_admissibility,SixBirds,SixBirds.honest_bookkeeping_admissibility
UNCLASSIFIED,SixBirds.Admissibility,formalization/foundations_vi_scaffold/lean/vendor/foundations/six-birds-foundations-ii/lean/full/SixBirds/Admissibility.lean,77,theorem,typed_non_collapse,SixBirds,SixBirds.typed_non_collapse
UNCLASSIFIED,SixBirds.Admissibility,formalization/foundations_vi_scaffold/lean/vendor/foundations/six-birds-foundations-ii/lean/full/SixBirds/Admissibility.lean,82,theorem,level_profile,SixBirds,SixBirds.level_profile
UNCLASSIFIED,SixBirds.Admissibility,formalization/foundations_vi_scaffold/lean/vendor/foundations/six-birds-foundations-ii/lean/full/SixBirds/Admissibility.lean,89,theorem,forgetting_lifts,SixBirds,SixBirds.forgetting_lifts
UNCLASSIFIED,SixBirds.Admissibility,formalization/foundations_vi_scaffold/lean/vendor/foundations/six-birds-foundations-ii/lean/full/SixBirds/Admissibility.lean,95,theorem,activation_thresholds,SixBirds,SixBirds.activation_thresholds
UNCLASSIFIED,SixBirds.Admissibility,formalization/foundations_vi_scaffold/lean/vendor/foundations/six-birds-foundations-ii/lean/full/SixBirds/Admissibility.lean,102,theorem,visibility,SixBirds,SixBirds.visibility
UNCLASSIFIED,SixBirds.Admissibility,formalization/foundations_vi_scaffold/lean/vendor/foundations/six-birds-foundations-ii/lean/full/SixBirds/Admissibility.lean,108,theorem,empirical_bridge,SixBirds,SixBirds.empirical_bridge
UNCLASSIFIED,SixBirds.Admissibility,formalization/foundations_vi_scaffold/lean/vendor/foundations/six-birds-foundations-ii/lean/full/SixBirds/Admissibility.lean,115,theorem,nonclaim_closure,SixBirds,SixBirds.nonclaim_closure
UNCLASSIFIED,SixBirds.Decomposition,formalization/foundations_vi_scaffold/lean/vendor/foundations/six-birds-foundations-ii/lean/full/SixBirds/Decomposition.lean,40,theorem,defaultDecomposition_wellFormed,SixBirds,SixBirds.defaultDecomposition_wellFormed
UNCLASSIFIED,SixBirds.Decomposition,formalization/foundations_vi_scaffold/lean/vendor/foundations/six-birds-foundations-ii/lean/full/SixBirds/Decomposition.lean,53,theorem,witness_role_kind_present,SixBirds,SixBirds.witness_role_kind_present
UNCLASSIFIED,SixBirds.Decomposition,formalization/foundations_vi_scaffold/lean/vendor/foundations/six-birds-foundations-ii/lean/full/SixBirds/Decomposition.lean,79,theorem,decomposition_existence,SixBirds,SixBirds.decomposition_existence
UNCLASSIFIED,SixBirds.Decomposition,formalization/foundations_vi_scaffold/lean/vendor/foundations/six-birds-foundations-ii/lean/full/SixBirds/Decomposition.lean,84,theorem,six_channel_exactness,SixBirds,SixBirds.six_channel_exactness
UNCLASSIFIED,SixBirds.Decomposition,formalization/foundations_vi_scaffold/lean/vendor/foundations/six-birds-foundations-ii/lean/full/SixBirds/Decomposition.lean,92,theorem,channel_vs_activation,SixBirds,SixBirds.channel_vs_activation
UNCLASSIFIED,SixBirds.Decomposition,formalization/foundations_vi_scaffold/lean/vendor/foundations/six-birds-foundations-ii/lean/full/SixBirds/Decomposition.lean,99,theorem,inactive_statuses_are_not_active,SixBirds,SixBirds.inactive_statuses_are_not_active
UNCLASSIFIED,SixBirds.Decomposition,formalization/foundations_vi_scaffold/lean/vendor/foundations/six-birds-foundations-ii/lean/full/SixBirds/Decomposition.lean,116,theorem,non_uniqueness,SixBirds,SixBirds.non_uniqueness
UNCLASSIFIED,SixBirds.FATCD,formalization/foundations_vi_scaffold/lean/vendor/foundations/six-birds-foundations-ii/lean/full/SixBirds/FATCD.lean,164,theorem,outsideDomain_is_covered,SixBirds,SixBirds.outsideDomain_is_covered
UNCLASSIFIED,SixBirds.FATCD,formalization/foundations_vi_scaffold/lean/vendor/foundations/six-birds-foundations-ii/lean/full/SixBirds/FATCD.lean,211,theorem,roleRaw_finite,SixBirds,SixBirds.roleRaw_finite
UNCLASSIFIED,SixBirds.FATCD,formalization/foundations_vi_scaffold/lean/vendor/foundations/six-birds-foundations-ii/lean/full/SixBirds/FATCD.lean,227,theorem,baseAnnotations_finite,SixBirds,SixBirds.baseAnnotations_finite
UNCLASSIFIED,SixBirds.FATCD,formalization/foundations_vi_scaffold/lean/vendor/foundations/six-birds-foundations-ii/lean/full/SixBirds/FATCD.lean,233,theorem,roleRaw_ids_cover_refs,SixBirds,SixBirds.roleRaw_ids_cover_refs
UNCLASSIFIED,SixBirds.FATCD,formalization/foundations_vi_scaffold/lean/vendor/foundations/six-birds-foundations-ii/lean/full/SixBirds/FATCD.lean,250,theorem,baseAnnotations_targets_closed,SixBirds,SixBirds.baseAnnotations_targets_closed
UNCLASSIFIED,SixBirds.FATCD,formalization/foundations_vi_scaffold/lean/vendor/foundations/six-birds-foundations-ii/lean/full/SixBirds/FATCD.lean,264,theorem,witnessDescription_finite,SixBirds,SixBirds.witnessDescription_finite
UNCLASSIFIED,SixBirds.FATCD,formalization/foundations_vi_scaffold/lean/vendor/foundations/six-birds-foundations-ii/lean/full/SixBirds/FATCD.lean,268,theorem,witnessDescription_closed,SixBirds,SixBirds.witnessDescription_closed
UNCLASSIFIED,SixBirds.FATCD,formalization/foundations_vi_scaffold/lean/vendor/foundations/six-birds-foundations-ii/lean/full/SixBirds/FATCD.lean,272,theorem,witnessDescription_audited,SixBirds,SixBirds.witnessDescription_audited
UNCLASSIFIED,SixBirds.FATCD,formalization/foundations_vi_scaffold/lean/vendor/foundations/six-birds-foundations-ii/lean/full/SixBirds/FATCD.lean,290,theorem,emptyDescription_finite,SixBirds,SixBirds.emptyDescription_finite
UNCLASSIFIED,SixBirds.FATCD,formalization/foundations_vi_scaffold/lean/vendor/foundations/six-birds-foundations-ii/lean/full/SixBirds/FATCD.lean,300,theorem,emptyDescription_closed,SixBirds,SixBirds.emptyDescription_closed
UNCLASSIFIED,SixBirds.FATCD,formalization/foundations_vi_scaffold/lean/vendor/foundations/six-birds-foundations-ii/lean/full/SixBirds/FATCD.lean,314,theorem,emptyDescription_audited,SixBirds,SixBirds.emptyDescription_audited
UNCLASSIFIED,SixBirds.FATCD,formalization/foundations_vi_scaffold/lean/vendor/foundations/six-birds-foundations-ii/lean/full/SixBirds/FATCD.lean,327,theorem,threshold_mem,SixBirds,SixBirds.threshold_mem
UNCLASSIFIED,SixBirds.FATCD,formalization/foundations_vi_scaffold/lean/vendor/foundations/six-birds-foundations-ii/lean/full/SixBirds/FATCD.lean,331,theorem,witness_mem,SixBirds,SixBirds.witness_mem
UNCLASSIFIED,SixBirds.FATCD,formalization/foundations_vi_scaffold/lean/vendor/foundations/six-birds-foundations-ii/lean/full/SixBirds/FATCD.lean,335,theorem,first_role_raw_mem,SixBirds,SixBirds.first_role_raw_mem
UNCLASSIFIED,SixBirds.FATCD,formalization/foundations_vi_scaffold/lean/vendor/foundations/six-birds-foundations-ii/lean/full/SixBirds/FATCD.lean,339,theorem,threshold_targets_cluster,SixBirds,SixBirds.threshold_targets_cluster
UNCLASSIFIED,SixBirds.FATCD,formalization/foundations_vi_scaffold/lean/vendor/foundations/six-birds-foundations-ii/lean/full/SixBirds/FATCD.lean,343,theorem,roleRaw_aligned,SixBirds,SixBirds.roleRaw_aligned
UNCLASSIFIED,SixBirds.FATCD,formalization/foundations_vi_scaffold/lean/vendor/foundations/six-birds-foundations-ii/lean/full/SixBirds/FATCD.lean,353,theorem,roleRaw_cluster_from_description,SixBirds,SixBirds.roleRaw_cluster_from_description
UNCLASSIFIED,SixBirds.FATCD,formalization/foundations_vi_scaffold/lean/vendor/foundations/six-birds-foundations-ii/lean/full/SixBirds/FATCD.lean,396,theorem,generic_transition_not_p3,SixBirds,SixBirds.generic_transition_not_p3
UNCLASSIFIED,SixBirds.FATCD,formalization/foundations_vi_scaffold/lean/vendor/foundations/six-birds-foundations-ii/lean/full/SixBirds/FATCD.lean,405,theorem,generic_path_not_p5,SixBirds,SixBirds.generic_path_not_p5
UNCLASSIFIED,SixBirds.FATCD,formalization/foundations_vi_scaffold/lean/vendor/foundations/six-birds-foundations-ii/lean/full/SixBirds/FATCD.lean,414,theorem,generic_semantics_not_p1,SixBirds,SixBirds.generic_semantics_not_p1
UNCLASSIFIED,SixBirds.FATCD,formalization/foundations_vi_scaffold/lean/vendor/foundations/six-birds-foundations-ii/lean/full/SixBirds/FATCD.lean,423,theorem,non_circularity,SixBirds,SixBirds.non_circularity
UNCLASSIFIED,SixBirds.FATCD,formalization/foundations_vi_scaffold/lean/vendor/foundations/six-birds-foundations-ii/lean/full/SixBirds/FATCD.lean,429,theorem,non_overbreadth,SixBirds,SixBirds.non_overbreadth
UNCLASSIFIED,SixBirds.IntegratedStress,formalization/foundations_vi_scaffold/lean/vendor/foundations/six-birds-foundations-ii/lean/full/SixBirds/IntegratedStress.lean,32,theorem,dependency_stress,SixBirds,SixBirds.dependency_stress
UNCLASSIFIED,SixBirds.IntegratedStress,formalization/foundations_vi_scaffold/lean/vendor/foundations/six-birds-foundations-ii/lean/full/SixBirds/IntegratedStress.lean,35,theorem,circularity_stress,SixBirds,SixBirds.circularity_stress
UNCLASSIFIED,SixBirds.IntegratedStress,formalization/foundations_vi_scaffold/lean/vendor/foundations/six-birds-foundations-ii/lean/full/SixBirds/IntegratedStress.lean,38,theorem,channel_activation_stress,SixBirds,SixBirds.channel_activation_stress
UNCLASSIFIED,SixBirds.IntegratedStress,formalization/foundations_vi_scaffold/lean/vendor/foundations/six-birds-foundations-ii/lean/full/SixBirds/IntegratedStress.lean,41,theorem,role_alignment_stress,SixBirds,SixBirds.role_alignment_stress
UNCLASSIFIED,SixBirds.IntegratedStress,formalization/foundations_vi_scaffold/lean/vendor/foundations/six-birds-foundations-ii/lean/full/SixBirds/IntegratedStress.lean,44,theorem,residual_stress,SixBirds,SixBirds.residual_stress
UNCLASSIFIED,SixBirds.IntegratedStress,formalization/foundations_vi_scaffold/lean/vendor/foundations/six-birds-foundations-ii/lean/full/SixBirds/IntegratedStress.lean,47,theorem,overclaim_stress,SixBirds,SixBirds.overclaim_stress
UNCLASSIFIED,SixBirds.IntegratedStress,formalization/foundations_vi_scaffold/lean/vendor/foundations/six-birds-foundations-ii/lean/full/SixBirds/IntegratedStress.lean,51,theorem,integrated_stress,SixBirds,SixBirds.integrated_stress
UNCLASSIFIED,SixBirds.LowerBounds,formalization/foundations_vi_scaffold/lean/vendor/foundations/six-birds-foundations-ii/lean/full/SixBirds/LowerBounds.lean,27,theorem,six_role_lower_bounds,SixBirds,SixBirds.six_role_lower_bounds
UNCLASSIFIED,SixBirds.LowerBounds,formalization/foundations_vi_scaffold/lean/vendor/foundations/six-birds-foundations-ii/lean/full/SixBirds/LowerBounds.lean,34,theorem,p1_witness,SixBirds,SixBirds.p1_witness
UNCLASSIFIED,SixBirds.LowerBounds,formalization/foundations_vi_scaffold/lean/vendor/foundations/six-birds-foundations-ii/lean/full/SixBirds/LowerBounds.lean,38,theorem,p2_witness,SixBirds,SixBirds.p2_witness
UNCLASSIFIED,SixBirds.LowerBounds,formalization/foundations_vi_scaffold/lean/vendor/foundations/six-birds-foundations-ii/lean/full/SixBirds/LowerBounds.lean,42,theorem,p3_witness,SixBirds,SixBirds.p3_witness
UNCLASSIFIED,SixBirds.LowerBounds,formalization/foundations_vi_scaffold/lean/vendor/foundations/six-birds-foundations-ii/lean/full/SixBirds/LowerBounds.lean,46,theorem,p4_witness,SixBirds,SixBirds.p4_witness
UNCLASSIFIED,SixBirds.LowerBounds,formalization/foundations_vi_scaffold/lean/vendor/foundations/six-birds-foundations-ii/lean/full/SixBirds/LowerBounds.lean,50,theorem,p5_witness,SixBirds,SixBirds.p5_witness
UNCLASSIFIED,SixBirds.LowerBounds,formalization/foundations_vi_scaffold/lean/vendor/foundations/six-birds-foundations-ii/lean/full/SixBirds/LowerBounds.lean,54,theorem,p6_witness,SixBirds,SixBirds.p6_witness
UNCLASSIFIED,SixBirds.Roles,formalization/foundations_vi_scaffold/lean/vendor/foundations/six-birds-foundations-ii/lean/full/SixBirds/Roles.lean,15,theorem,primitiveRoles_length,SixBirds,SixBirds.primitiveRoles_length
UNCLASSIFIED,SixBirds.Roles,formalization/foundations_vi_scaffold/lean/vendor/foundations/six-birds-foundations-ii/lean/full/SixBirds/Roles.lean,73,theorem,boundary_distinctions,SixBirds,SixBirds.boundary_distinctions
UNCLASSIFIED,SixBirds.ScopedExactSix,formalization/foundations_vi_scaffold/lean/vendor/foundations/six-birds-foundations-ii/lean/full/SixBirds/ScopedExactSix.lean,11,theorem,scoped_exact_six,SixBirds,SixBirds.scoped_exact_six
UNCLASSIFIED,SixBirds.SemanticTests,formalization/foundations_vi_scaffold/lean/vendor/foundations/six-birds-foundations-ii/lean/full/SixBirds/SemanticTests.lean,9,theorem,malformed_finite_rejected,SixBirds,SixBirds.malformed_finite_rejected
UNCLASSIFIED,SixBirds.SemanticTests,formalization/foundations_vi_scaffold/lean/vendor/foundations/six-birds-foundations-ii/lean/full/SixBirds/SemanticTests.lean,19,theorem,malformed_closure_rejected,SixBirds,SixBirds.malformed_closure_rejected
UNCLASSIFIED,SixBirds.SemanticTests,formalization/foundations_vi_scaffold/lean/vendor/foundations/six-birds-foundations-ii/lean/full/SixBirds/SemanticTests.lean,29,theorem,malformed_audit_rejected,SixBirds,SixBirds.malformed_audit_rejected
UNCLASSIFIED,SixBirds.SemanticTests,formalization/foundations_vi_scaffold/lean/vendor/foundations/six-birds-foundations-ii/lean/full/SixBirds/SemanticTests.lean,36,theorem,p1_witness_semantic,SixBirds,SixBirds.p1_witness_semantic
UNCLASSIFIED,SixBirds.SemanticTests,formalization/foundations_vi_scaffold/lean/vendor/foundations/six-birds-foundations-ii/lean/full/SixBirds/SemanticTests.lean,40,theorem,p2_witness_semantic,SixBirds,SixBirds.p2_witness_semantic
UNCLASSIFIED,SixBirds.SemanticTests,formalization/foundations_vi_scaffold/lean/vendor/foundations/six-birds-foundations-ii/lean/full/SixBirds/SemanticTests.lean,44,theorem,p3_witness_semantic,SixBirds,SixBirds.p3_witness_semantic
UNCLASSIFIED,SixBirds.SemanticTests,formalization/foundations_vi_scaffold/lean/vendor/foundations/six-birds-foundations-ii/lean/full/SixBirds/SemanticTests.lean,48,theorem,p4_witness_semantic,SixBirds,SixBirds.p4_witness_semantic
UNCLASSIFIED,SixBirds.SemanticTests,formalization/foundations_vi_scaffold/lean/vendor/foundations/six-birds-foundations-ii/lean/full/SixBirds/SemanticTests.lean,52,theorem,p5_witness_semantic,SixBirds,SixBirds.p5_witness_semantic
UNCLASSIFIED,SixBirds.SemanticTests,formalization/foundations_vi_scaffold/lean/vendor/foundations/six-birds-foundations-ii/lean/full/SixBirds/SemanticTests.lean,56,theorem,p6_witness_semantic,SixBirds,SixBirds.p6_witness_semantic
UNCLASSIFIED,SixBirds.SemanticTests,formalization/foundations_vi_scaffold/lean/vendor/foundations/six-birds-foundations-ii/lean/full/SixBirds/SemanticTests.lean,60,theorem,generic_transition_not_p3_semantic,SixBirds,SixBirds.generic_transition_not_p3_semantic
UNCLASSIFIED,SixBirds.SemanticTests,formalization/foundations_vi_scaffold/lean/vendor/foundations/six-birds-foundations-ii/lean/full/SixBirds/SemanticTests.lean,63,theorem,generic_path_not_p5_semantic,SixBirds,SixBirds.generic_path_not_p5_semantic
UNCLASSIFIED,SixBirds.SemanticTests,formalization/foundations_vi_scaffold/lean/vendor/foundations/six-birds-foundations-ii/lean/full/SixBirds/SemanticTests.lean,66,theorem,generic_semantics_not_p1_semantic,SixBirds,SixBirds.generic_semantics_not_p1_semantic
UNCLASSIFIED,SixBirds.SemanticTests,formalization/foundations_vi_scaffold/lean/vendor/foundations/six-birds-foundations-ii/lean/full/SixBirds/SemanticTests.lean,69,theorem,unresolved_not_covered,SixBirds,SixBirds.unresolved_not_covered
UNCLASSIFIED,SixBirds.SemanticTests,formalization/foundations_vi_scaffold/lean/vendor/foundations/six-birds-foundations-ii/lean/full/SixBirds/SemanticTests.lean,74,theorem,genuine_seventh_not_covered,SixBirds,SixBirds.genuine_seventh_not_covered
UNCLASSIFIED,SixBirds.SemanticTests,formalization/foundations_vi_scaffold/lean/vendor/foundations/six-birds-foundations-ii/lean/full/SixBirds/SemanticTests.lean,79,theorem,probability_not_default_outside,SixBirds,SixBirds.probability_not_default_outside
UNCLASSIFIED,SixBirds.SemanticTests,formalization/foundations_vi_scaffold/lean/vendor/foundations/six-birds-foundations-ii/lean/full/SixBirds/SemanticTests.lean,84,theorem,inactive_statuses_semantic,SixBirds,SixBirds.inactive_statuses_semantic
UNCLASSIFIED,SixBirds.UpperBound,formalization/foundations_vi_scaffold/lean/vendor/foundations/six-birds-foundations-ii/lean/full/SixBirds/UpperBound.lean,34,theorem,classifyResidual_covered,SixBirds,SixBirds.classifyResidual_covered
UNCLASSIFIED,SixBirds.UpperBound,formalization/foundations_vi_scaffold/lean/vendor/foundations/six-birds-foundations-ii/lean/full/SixBirds/UpperBound.lean,40,theorem,alignment_rules,SixBirds,SixBirds.alignment_rules
UNCLASSIFIED,SixBirds.UpperBound,formalization/foundations_vi_scaffold/lean/vendor/foundations/six-birds-foundations-ii/lean/full/SixBirds/UpperBound.lean,46,theorem,probability_closure,SixBirds,SixBirds.probability_closure
UNCLASSIFIED,SixBirds.UpperBound,formalization/foundations_vi_scaffold/lean/vendor/foundations/six-birds-foundations-ii/lean/full/SixBirds/UpperBound.lean,51,theorem,causality_closure,SixBirds,SixBirds.causality_closure
UNCLASSIFIED,SixBirds.UpperBound,formalization/foundations_vi_scaffold/lean/vendor/foundations/six-birds-foundations-ii/lean/full/SixBirds/UpperBound.lean,56,theorem,agency_closure,SixBirds,SixBirds.agency_closure
UNCLASSIFIED,SixBirds.UpperBound,formalization/foundations_vi_scaffold/lean/vendor/foundations/six-birds-foundations-ii/lean/full/SixBirds/UpperBound.lean,61,theorem,upper_bound_classification,SixBirds,SixBirds.upper_bound_classification
UNCLASSIFIED,SixBirds.UpperBound,formalization/foundations_vi_scaffold/lean/vendor/foundations/six-birds-foundations-ii/lean/full/SixBirds/UpperBound.lean,66,theorem,unresolved_and_genuine_seventh_empty,SixBirds,SixBirds.unresolved_and_genuine_seventh_empty
FOUNDATIONS_III,SixBirdsIII.AbstractInterpretation,formalization/foundations_vi_scaffold/lean/vendor/foundations/six-birds-foundations-iii/lean/full/SixBirdsIII/AbstractInterpretation.lean,46,theorem,ai_closure_as_packaging,SixBirdsIII,SixBirdsIII.ai_closure_as_packaging
FOUNDATIONS_III,SixBirdsIII.AbstractInterpretation,formalization/foundations_vi_scaffold/lean/vendor/foundations/six-birds-foundations-iii/lean/full/SixBirdsIII/AbstractInterpretation.lean,71,theorem,ai_descent_as_sound_transformer,SixBirdsIII,SixBirdsIII.ai_descent_as_sound_transformer
FOUNDATIONS_III,SixBirdsIII.AbstractInterpretation,formalization/foundations_vi_scaffold/lean/vendor/foundations/six-birds-foundations-iii/lean/full/SixBirdsIII/AbstractInterpretation.lean,89,theorem,ai_representability_as_fixedness,SixBirdsIII,SixBirdsIII.ai_representability_as_fixedness
FOUNDATIONS_III,SixBirdsIII.AbstractInterpretation,formalization/foundations_vi_scaffold/lean/vendor/foundations/six-birds-foundations-iii/lean/full/SixBirdsIII/AbstractInterpretation.lean,123,theorem,ai_model_family,SixBirdsIII,SixBirdsIII.ai_model_family
FOUNDATIONS_III,SixBirdsIII.Basic,formalization/foundations_vi_scaffold/lean/vendor/foundations/six-birds-foundations-iii/lean/full/SixBirdsIII/Basic.lean,15,theorem,primitiveLabels_length,SixBirdsIII,SixBirdsIII.primitiveLabels_length
FOUNDATIONS_III,SixBirdsIII.Basic,formalization/foundations_vi_scaffold/lean/vendor/foundations/six-birds-foundations-iii/lean/full/SixBirdsIII/Basic.lean,26,theorem,levels_length,SixBirdsIII,SixBirdsIII.levels_length
FOUNDATIONS_III,SixBirdsIII.Basic,formalization/foundations_vi_scaffold/lean/vendor/foundations/six-birds-foundations-iii/lean/full/SixBirdsIII/Basic.lean,43,theorem,hosts_length,SixBirdsIII,SixBirdsIII.hosts_length
FOUNDATIONS_III,SixBirdsIII.Completion,formalization/foundations_vi_scaffold/lean/vendor/foundations/six-birds-foundations-iii/lean/full/SixBirdsIII/Completion.lean,7,theorem,idempotent_saturation,SixBirdsIII,SixBirdsIII.idempotent_saturation
FOUNDATIONS_III,SixBirdsIII.CompletionExamples,formalization/foundations_vi_scaffold/lean/vendor/foundations/six-birds-foundations-iii/lean/full/SixBirdsIII/CompletionExamples.lean,24,theorem,addBIfA_idempotent,SixBirdsIII,SixBirdsIII.addBIfA_idempotent
FOUNDATIONS_III,SixBirdsIII.CompletionExamples,formalization/foundations_vi_scaffold/lean/vendor/foundations/six-birds-foundations-iii/lean/full/SixBirdsIII/CompletionExamples.lean,30,theorem,addCIfB_idempotent,SixBirdsIII,SixBirdsIII.addCIfB_idempotent
FOUNDATIONS_III,SixBirdsIII.CompletionExamples,formalization/foundations_vi_scaffold/lean/vendor/foundations/six-birds-foundations-iii/lean/full/SixBirdsIII/CompletionExamples.lean,36,theorem,addBIfA_addCIfB_noncommute,SixBirdsIII,SixBirdsIII.addBIfA_addCIfB_noncommute
FOUNDATIONS_III,SixBirdsIII.CompletionExamples,formalization/foundations_vi_scaffold/lean/vendor/foundations/six-birds-foundations-iii/lean/full/SixBirdsIII/CompletionExamples.lean,40,theorem,noncommuting_completions,SixBirdsIII,SixBirdsIII.noncommuting_completions
FOUNDATIONS_III,SixBirdsIII.CompletionExamples,formalization/foundations_vi_scaffold/lean/vendor/foundations/six-birds-foundations-iii/lean/full/SixBirdsIII/CompletionExamples.lean,57,theorem,completion_pasting_defect,SixBirdsIII,SixBirdsIII.completion_pasting_defect
FOUNDATIONS_III,SixBirdsIII.CompletionExamples,formalization/foundations_vi_scaffold/lean/vendor/foundations/six-birds-foundations-iii/lean/full/SixBirdsIII/CompletionExamples.lean,68,theorem,completion_example_has_pasting_defect,SixBirdsIII,SixBirdsIII.completion_example_has_pasting_defect
FOUNDATIONS_III,SixBirdsIII.CoreInteraction,formalization/foundations_vi_scaffold/lean/vendor/foundations/six-birds-foundations-iii/lean/full/SixBirdsIII/CoreInteraction.lean,85,theorem,typed_non_collapse,SixBirdsIII,SixBirdsIII.typed_non_collapse
FOUNDATIONS_III,SixBirdsIII.CoreInteraction,formalization/foundations_vi_scaffold/lean/vendor/foundations/six-birds-foundations-iii/lean/full/SixBirdsIII/CoreInteraction.lean,95,theorem,cell_well_formedness_decidable,SixBirdsIII,SixBirdsIII.cell_well_formedness_decidable
FOUNDATIONS_III,SixBirdsIII.CoreInteraction,formalization/foundations_vi_scaffold/lean/vendor/foundations/six-birds-foundations-iii/lean/full/SixBirdsIII/CoreInteraction.lean,103,theorem,covered_cell_unique_status,SixBirdsIII,SixBirdsIII.covered_cell_unique_status
FOUNDATIONS_III,SixBirdsIII.CoreInteraction,formalization/foundations_vi_scaffold/lean/vendor/foundations/six-birds-foundations-iii/lean/full/SixBirdsIII/CoreInteraction.lean,114,theorem,active_role_channel_not_cell_action,SixBirdsIII,SixBirdsIII.active_role_channel_not_cell_action
FOUNDATIONS_III,SixBirdsIII.CoreInteraction,formalization/foundations_vi_scaffold/lean/vendor/foundations/six-birds-foundations-iii/lean/full/SixBirdsIII/CoreInteraction.lean,121,theorem,cell_action_not_pair_real,SixBirdsIII,SixBirdsIII.cell_action_not_pair_real
FOUNDATIONS_III,SixBirdsIII.CoreInteraction,formalization/foundations_vi_scaffold/lean/vendor/foundations/six-birds-foundations-iii/lean/full/SixBirdsIII/CoreInteraction.lean,128,theorem,strict_promotion_not_cell_action,SixBirdsIII,SixBirdsIII.strict_promotion_not_cell_action
FOUNDATIONS_III,SixBirdsIII.CoreInteraction,formalization/foundations_vi_scaffold/lean/vendor/foundations/six-birds-foundations-iii/lean/full/SixBirdsIII/CoreInteraction.lean,135,theorem,status_family_separation,SixBirdsIII,SixBirdsIII.status_family_separation
FOUNDATIONS_III,SixBirdsIII.Defects,formalization/foundations_vi_scaffold/lean/vendor/foundations/six-birds-foundations-iii/lean/full/SixBirdsIII/Defects.lean,9,theorem,descent_defect_empty_iff_descends,SixBirdsIII,SixBirdsIII.descent_defect_empty_iff_descends
FOUNDATIONS_III,SixBirdsIII.Defects,formalization/foundations_vi_scaffold/lean/vendor/foundations/six-birds-foundations-iii/lean/full/SixBirdsIII/Defects.lean,19,theorem,descent_defect_equivalence,SixBirdsIII,SixBirdsIII.descent_defect_equivalence
FOUNDATIONS_III,SixBirdsIII.Defects,formalization/foundations_vi_scaffold/lean/vendor/foundations/six-birds-foundations-iii/lean/full/SixBirdsIII/Defects.lean,31,theorem,factorization_defect_equivalence,SixBirdsIII,SixBirdsIII.factorization_defect_equivalence
FOUNDATIONS_III,SixBirdsIII.Definability,formalization/foundations_vi_scaffold/lean/vendor/foundations/six-birds-foundations-iii/lean/full/SixBirdsIII/Definability.lean,15,theorem,fixedInterfaceEncode_injective,SixBirdsIII,SixBirdsIII.fixedInterfaceEncode_injective
FOUNDATIONS_III,SixBirdsIII.Definability,formalization/foundations_vi_scaffold/lean/vendor/foundations/six-birds-foundations-iii/lean/full/SixBirdsIII/Definability.lean,32,theorem,fixedInterfaceEncode_surjective,SixBirdsIII,SixBirdsIII.fixedInterfaceEncode_surjective
FOUNDATIONS_III,SixBirdsIII.Definability,formalization/foundations_vi_scaffold/lean/vendor/foundations/six-birds-foundations-iii/lean/full/SixBirdsIII/Definability.lean,42,theorem,fixed_interface_definability_bound,SixBirdsIII,SixBirdsIII.fixed_interface_definability_bound
FOUNDATIONS_III,SixBirdsIII.FiniteMaps,formalization/foundations_vi_scaffold/lean/vendor/foundations/six-birds-foundations-iii/lean/full/SixBirdsIII/FiniteMaps.lean,15,theorem,descent_through_quotient,SixBirdsIII,SixBirdsIII.descent_through_quotient
FOUNDATIONS_III,SixBirdsIII.FiniteProbability,formalization/foundations_vi_scaffold/lean/vendor/foundations/six-birds-foundations-iii/lean/full/SixBirdsIII/FiniteProbability.lean,33,theorem,finite_markov_closure_deficit,SixBirdsIII,SixBirdsIII.finite_markov_closure_deficit
FOUNDATIONS_III,SixBirdsIII.GraphCohomology,formalization/foundations_vi_scaffold/lean/vendor/foundations/six-birds-foundations-iii/lean/full/SixBirdsIII/GraphCohomology.lean,52,theorem,nonzero_affinity_equivalence,SixBirdsIII,SixBirdsIII.nonzero_affinity_equivalence
FOUNDATIONS_III,SixBirdsIII.GraphCohomology,formalization/foundations_vi_scaffold/lean/vendor/foundations/six-birds-foundations-iii/lean/full/SixBirdsIII/GraphCohomology.lean,60,theorem,exact_form_null_drive,SixBirdsIII,SixBirdsIII.exact_form_null_drive
FOUNDATIONS_III,SixBirdsIII.GraphCohomology,formalization/foundations_vi_scaffold/lean/vendor/foundations/six-birds-foundations-iii/lean/full/SixBirdsIII/GraphCohomology.lean,68,theorem,forest_no_drive,SixBirdsIII,SixBirdsIII.forest_no_drive
FOUNDATIONS_III,SixBirdsIII.GraphCohomology,formalization/foundations_vi_scaffold/lean/vendor/foundations/six-birds-foundations-iii/lean/full/SixBirdsIII/GraphCohomology.lean,85,theorem,gating_affinity_suppression,SixBirdsIII,SixBirdsIII.gating_affinity_suppression
FOUNDATIONS_III,SixBirdsIII.GraphCohomology,formalization/foundations_vi_scaffold/lean/vendor/foundations/six-birds-foundations-iii/lean/full/SixBirdsIII/GraphCohomology.lean,94,theorem,gating_drive_certificate_absent_with_record,SixBirdsIII,SixBirdsIII.gating_drive_certificate_absent_with_record
FOUNDATIONS_III,SixBirdsIII.HighStructure,formalization/foundations_vi_scaffold/lean/vendor/foundations/six-birds-foundations-iii/lean/full/SixBirdsIII/HighStructure.lean,17,theorem,descent_square_recovery,SixBirdsIII,SixBirdsIII.descent_square_recovery
FOUNDATIONS_III,SixBirdsIII.HighStructure,formalization/foundations_vi_scaffold/lean/vendor/foundations/six-birds-foundations-iii/lean/full/SixBirdsIII/HighStructure.lean,33,theorem,completion_pasting_recovery,SixBirdsIII,SixBirdsIII.completion_pasting_recovery
FOUNDATIONS_III,SixBirdsIII.HighStructure,formalization/foundations_vi_scaffold/lean/vendor/foundations/six-birds-foundations-iii/lean/full/SixBirdsIII/HighStructure.lean,49,theorem,strict_extension_as_no_filler,SixBirdsIII,SixBirdsIII.strict_extension_as_no_filler
FOUNDATIONS_III,SixBirdsIII.InstrumentClaims,formalization/foundations_vi_scaffold/lean/vendor/foundations/six-birds-foundations-iii/lean/full/SixBirdsIII/InstrumentClaims.lean,32,theorem,no_overreading_suppression,SixBirdsIII,SixBirdsIII.no_overreading_suppression
FOUNDATIONS_III,SixBirdsIII.InstrumentClaims,formalization/foundations_vi_scaffold/lean/vendor/foundations/six-birds-foundations-iii/lean/full/SixBirdsIII/InstrumentClaims.lean,63,theorem,same_level_self_audit_failure,SixBirdsIII,SixBirdsIII.same_level_self_audit_failure
FOUNDATIONS_III,SixBirdsIII.Mech0,formalization/foundations_vi_scaffold/lean/vendor/foundations/six-birds-foundations-iii/lean/full/SixBirdsIII/Mech0.lean,18,theorem,no_total_algebra,SixBirdsIII,SixBirdsIII.no_total_algebra
FOUNDATIONS_III,SixBirdsIII.Mech0,formalization/foundations_vi_scaffold/lean/vendor/foundations/six-birds-foundations-iii/lean/full/SixBirdsIII/Mech0.lean,34,theorem,no_total_decoder,SixBirdsIII,SixBirdsIII.no_total_decoder
FOUNDATIONS_III,SixBirdsIII.MechanizationFeasibility,formalization/foundations_vi_scaffold/lean/vendor/foundations/six-birds-foundations-iii/lean/full/SixBirdsIII/MechanizationFeasibility.lean,34,theorem,mechanization_target_feasibility,SixBirdsIII,SixBirdsIII.mechanization_target_feasibility
FOUNDATIONS_III,SixBirdsIII.ModelRealizations,formalization/foundations_vi_scaffold/lean/vendor/foundations/six-birds-foundations-iii/lean/full/SixBirdsIII/ModelRealizations.lean,46,theorem,pica_model_realization,SixBirdsIII,SixBirdsIII.pica_model_realization
FOUNDATIONS_III,SixBirdsIII.ModelRealizations,formalization/foundations_vi_scaffold/lean/vendor/foundations/six-birds-foundations-iii/lean/full/SixBirdsIII/ModelRealizations.lean,66,theorem,cantor_strict_bridge_realization,SixBirdsIII,SixBirdsIII.cantor_strict_bridge_realization
FOUNDATIONS_III,SixBirdsIII.Promotion,formalization/foundations_vi_scaffold/lean/vendor/foundations/six-birds-foundations-iii/lean/full/SixBirdsIII/Promotion.lean,65,theorem,promotion_gate_soundness,SixBirdsIII,SixBirdsIII.promotion_gate_soundness
FOUNDATIONS_III,SixBirdsIII.Promotion,formalization/foundations_vi_scaffold/lean/vendor/foundations/six-birds-foundations-iii/lean/full/SixBirdsIII/Promotion.lean,78,theorem,strict_promotion_nonfactorization,SixBirdsIII,SixBirdsIII.strict_promotion_nonfactorization
FOUNDATIONS_III,SixBirdsIII.Promotion,formalization/foundations_vi_scaffold/lean/vendor/foundations/six-birds-foundations-iii/lean/full/SixBirdsIII/Promotion.lean,96,theorem,nonstrict_promotion_factorization,SixBirdsIII,SixBirdsIII.nonstrict_promotion_factorization
FOUNDATIONS_III,SixBirdsIII.Promotion,formalization/foundations_vi_scaffold/lean/vendor/foundations/six-birds-foundations-iii/lean/full/SixBirdsIII/Promotion.lean,144,theorem,toy22_factorization_defect,SixBirdsIII,SixBirdsIII.toy22_factorization_defect
FOUNDATIONS_III,SixBirdsIII.Promotion,formalization/foundations_vi_scaffold/lean/vendor/foundations/six-birds-foundations-iii/lean/full/SixBirdsIII/Promotion.lean,162,theorem,toy22_bridge_strict,SixBirdsIII,SixBirdsIII.toy22_bridge_strict
FOUNDATIONS_III,SixBirdsIII.Promotion,formalization/foundations_vi_scaffold/lean/vendor/foundations/six-birds-foundations-iii/lean/full/SixBirdsIII/Promotion.lean,167,theorem,toy22_strict_bridge,SixBirdsIII,SixBirdsIII.toy22_strict_bridge
FOUNDATIONS_III,SixBirdsIII.RotatingAudit,formalization/foundations_vi_scaffold/lean/vendor/foundations/six-birds-foundations-iii/lean/full/SixBirdsIII/RotatingAudit.lean,39,theorem,finite_rotating_audit,SixBirdsIII,SixBirdsIII.finite_rotating_audit
FOUNDATIONS_III,SixBirdsIII.SemanticTests,formalization/foundations_vi_scaffold/lean/vendor/foundations/six-birds-foundations-iii/lean/full/SixBirdsIII/SemanticTests.lean,17,theorem,action_ne_blocked,SixBirdsIII,SixBirdsIII.action_ne_blocked
FOUNDATIONS_III,SixBirdsIII.SemanticTests,formalization/foundations_vi_scaffold/lean/vendor/foundations/six-birds-foundations-iii/lean/full/SixBirdsIII/SemanticTests.lean,21,theorem,accepted_ne_failed_audit,SixBirdsIII,SixBirdsIII.accepted_ne_failed_audit
FOUNDATIONS_III,SixBirdsIII.SemanticTests,formalization/foundations_vi_scaffold/lean/vendor/foundations/six-birds-foundations-iii/lean/full/SixBirdsIII/SemanticTests.lean,25,theorem,malformed_directed_cell_rejected,SixBirdsIII,SixBirdsIII.malformed_directed_cell_rejected
FOUNDATIONS_III,SixBirdsIII.SemanticTests,formalization/foundations_vi_scaffold/lean/vendor/foundations/six-birds-foundations-iii/lean/full/SixBirdsIII/SemanticTests.lean,30,theorem,audited_directed_cell_well_formed,SixBirdsIII,SixBirdsIII.audited_directed_cell_well_formed
FOUNDATIONS_III,SixBirdsIII.SemanticTests,formalization/foundations_vi_scaffold/lean/vendor/foundations/six-birds-foundations-iii/lean/full/SixBirdsIII/SemanticTests.lean,34,theorem,primitive_label_count_six,SixBirdsIII,SixBirdsIII.primitive_label_count_six
FOUNDATIONS_III,SixBirdsIII.SemanticTests,formalization/foundations_vi_scaffold/lean/vendor/foundations/six-birds-foundations-iii/lean/full/SixBirdsIII/SemanticTests.lean,36,theorem,malformed_missing_witness_rejected,SixBirdsIII,SixBirdsIII.malformed_missing_witness_rejected
FOUNDATIONS_III,SixBirdsIII.SemanticTests,formalization/foundations_vi_scaffold/lean/vendor/foundations/six-birds-foundations-iii/lean/full/SixBirdsIII/SemanticTests.lean,41,theorem,classifier_outside_scope_priority,SixBirdsIII,SixBirdsIII.classifier_outside_scope_priority
FOUNDATIONS_III,SixBirdsIII.SemanticTests,formalization/foundations_vi_scaffold/lean/vendor/foundations/six-birds-foundations-iii/lean/full/SixBirdsIII/SemanticTests.lean,45,theorem,classifier_blocked_before_action,SixBirdsIII,SixBirdsIII.classifier_blocked_before_action
FOUNDATIONS_III,SixBirdsIII.SemanticTests,formalization/foundations_vi_scaffold/lean/vendor/foundations/six-birds-foundations-iii/lean/full/SixBirdsIII/SemanticTests.lean,49,theorem,classifier_default_action,SixBirdsIII,SixBirdsIII.classifier_default_action
FOUNDATIONS_III,SixBirdsIII.SemanticTests,formalization/foundations_vi_scaffold/lean/vendor/foundations/six-birds-foundations-iii/lean/full/SixBirdsIII/SemanticTests.lean,53,theorem,active_role_counterexample_not_action,SixBirdsIII,SixBirdsIII.active_role_counterexample_not_action
FOUNDATIONS_III,SixBirdsIII.SemanticTests,formalization/foundations_vi_scaffold/lean/vendor/foundations/six-birds-foundations-iii/lean/full/SixBirdsIII/SemanticTests.lean,59,theorem,cell_action_pair_blocked_counterexample,SixBirdsIII,SixBirdsIII.cell_action_pair_blocked_counterexample
FOUNDATIONS_III,SixBirdsIII.SemanticTests,formalization/foundations_vi_scaffold/lean/vendor/foundations/six-birds-foundations-iii/lean/full/SixBirdsIII/SemanticTests.lean,96,theorem,zero_descent_defect_allows_descent,SixBirdsIII,SixBirdsIII.zero_descent_defect_allows_descent
FOUNDATIONS_III,SixBirdsIII.SemanticTests,formalization/foundations_vi_scaffold/lean/vendor/foundations/six-birds-foundations-iii/lean/full/SixBirdsIII/SemanticTests.lean,103,theorem,descent_defect_blocks_descent,SixBirdsIII,SixBirdsIII.descent_defect_blocks_descent
FOUNDATIONS_III,SixBirdsIII.SemanticTests,formalization/foundations_vi_scaffold/lean/vendor/foundations/six-birds-foundations-iii/lean/full/SixBirdsIII/SemanticTests.lean,107,theorem,completion_example_idempotent_left,SixBirdsIII,SixBirdsIII.completion_example_idempotent_left
FOUNDATIONS_III,SixBirdsIII.SemanticTests,formalization/foundations_vi_scaffold/lean/vendor/foundations/six-birds-foundations-iii/lean/full/SixBirdsIII/SemanticTests.lean,111,theorem,completion_example_idempotent_right,SixBirdsIII,SixBirdsIII.completion_example_idempotent_right
FOUNDATIONS_III,SixBirdsIII.SemanticTests,formalization/foundations_vi_scaffold/lean/vendor/foundations/six-birds-foundations-iii/lean/full/SixBirdsIII/SemanticTests.lean,115,theorem,completion_example_defect_observable,SixBirdsIII,SixBirdsIII.completion_example_defect_observable
FOUNDATIONS_III,SixBirdsIII.SemanticTests,formalization/foundations_vi_scaffold/lean/vendor/foundations/six-birds-foundations-iii/lean/full/SixBirdsIII/SemanticTests.lean,119,theorem,factorization_mismatch_witness,SixBirdsIII,SixBirdsIII.factorization_mismatch_witness
FOUNDATIONS_III,SixBirdsIII.SemanticTests,formalization/foundations_vi_scaffold/lean/vendor/foundations/six-birds-foundations-iii/lean/full/SixBirdsIII/SemanticTests.lean,123,theorem,factorization_mismatch_blocks_factorization,SixBirdsIII,SixBirdsIII.factorization_mismatch_blocks_factorization
FOUNDATIONS_III,SixBirdsIII.SemanticTests,formalization/foundations_vi_scaffold/lean/vendor/foundations/six-birds-foundations-iii/lean/full/SixBirdsIII/SemanticTests.lean,128,theorem,tiny_fixed_interface_encoding_injective,SixBirdsIII,SixBirdsIII.tiny_fixed_interface_encoding_injective
FOUNDATIONS_III,SixBirdsIII.SemanticTests,formalization/foundations_vi_scaffold/lean/vendor/foundations/six-birds-foundations-iii/lean/full/SixBirdsIII/SemanticTests.lean,170,theorem,toy_probability_loss_equals_cmi,SixBirdsIII,SixBirdsIII.toy_probability_loss_equals_cmi
FOUNDATIONS_III,SixBirdsIII.SemanticTests,formalization/foundations_vi_scaffold/lean/vendor/foundations/six-birds-foundations-iii/lean/full/SixBirdsIII/SemanticTests.lean,175,theorem,toy_probability_conditional_kernel_minimizes,SixBirdsIII,SixBirdsIII.toy_probability_conditional_kernel_minimizes
FOUNDATIONS_III,SixBirdsIII.SemanticTests,formalization/foundations_vi_scaffold/lean/vendor/foundations/six-birds-foundations-iii/lean/full/SixBirdsIII/SemanticTests.lean,217,theorem,forest_toy_no_cycle_drive,SixBirdsIII,SixBirdsIII.forest_toy_no_cycle_drive
FOUNDATIONS_III,SixBirdsIII.SemanticTests,formalization/foundations_vi_scaffold/lean/vendor/foundations/six-birds-foundations-iii/lean/full/SixBirdsIII/SemanticTests.lean,254,theorem,loop_toy_has_cycle_drive,SixBirdsIII,SixBirdsIII.loop_toy_has_cycle_drive
FOUNDATIONS_III,SixBirdsIII.SemanticTests,formalization/foundations_vi_scaffold/lean/vendor/foundations/six-birds-foundations-iii/lean/full/SixBirdsIII/SemanticTests.lean,260,theorem,loop_toy_has_cohomological_drive,SixBirdsIII,SixBirdsIII.loop_toy_has_cohomological_drive
FOUNDATIONS_III,SixBirdsIII.SemanticTests,formalization/foundations_vi_scaffold/lean/vendor/foundations/six-birds-foundations-iii/lean/full/SixBirdsIII/SemanticTests.lean,265,theorem,exact_toy_null_drive,SixBirdsIII,SixBirdsIII.exact_toy_null_drive
FOUNDATIONS_III,SixBirdsIII.SemanticTests,formalization/foundations_vi_scaffold/lean/vendor/foundations/six-birds-foundations-iii/lean/full/SixBirdsIII/SemanticTests.lean,283,theorem,toy_forest_gate_suppresses_drive,SixBirdsIII,SixBirdsIII.toy_forest_gate_suppresses_drive
FOUNDATIONS_III,SixBirdsIII.SemanticTests,formalization/foundations_vi_scaffold/lean/vendor/foundations/six-birds-foundations-iii/lean/full/SixBirdsIII/SemanticTests.lean,289,theorem,toy22_promotion_is_strict,SixBirdsIII,SixBirdsIII.toy22_promotion_is_strict
FOUNDATIONS_III,SixBirdsIII.SemanticTests,formalization/foundations_vi_scaffold/lean/vendor/foundations/six-birds-foundations-iii/lean/full/SixBirdsIII/SemanticTests.lean,293,theorem,toy22_promotion_has_factorization_defect,SixBirdsIII,SixBirdsIII.toy22_promotion_has_factorization_defect
FOUNDATIONS_III,SixBirdsIII.SemanticTests,formalization/foundations_vi_scaffold/lean/vendor/foundations/six-birds-foundations-iii/lean/full/SixBirdsIII/SemanticTests.lean,304,theorem,failed_audit_promotion_not_accepted,SixBirdsIII,SixBirdsIII.failed_audit_promotion_not_accepted
FOUNDATIONS_III,SixBirdsIII.SemanticTests,formalization/foundations_vi_scaffold/lean/vendor/foundations/six-birds-foundations-iii/lean/full/SixBirdsIII/SemanticTests.lean,310,theorem,suppressed_unbridged_claim_blocked,SixBirdsIII,SixBirdsIII.suppressed_unbridged_claim_blocked
FOUNDATIONS_III,SixBirdsIII.SemanticTests,formalization/foundations_vi_scaffold/lean/vendor/foundations/six-birds-foundations-iii/lean/full/SixBirdsIII/SemanticTests.lean,314,theorem,accepted_visible_claim_has_no_overread,SixBirdsIII,SixBirdsIII.accepted_visible_claim_has_no_overread
FOUNDATIONS_III,SixBirdsIII.SemanticTests,formalization/foundations_vi_scaffold/lean/vendor/foundations/six-birds-foundations-iii/lean/full/SixBirdsIII/SemanticTests.lean,319,theorem,outside_claim_priority_over_blocked,SixBirdsIII,SixBirdsIII.outside_claim_priority_over_blocked
FOUNDATIONS_III,SixBirdsIII.SemanticTests,formalization/foundations_vi_scaffold/lean/vendor/foundations/six-birds-foundations-iii/lean/full/SixBirdsIII/SemanticTests.lean,323,theorem,circular_self_audit_is_undefined,SixBirdsIII,SixBirdsIII.circular_self_audit_is_undefined
FOUNDATIONS_III,SixBirdsIII.SemanticTests,formalization/foundations_vi_scaffold/lean/vendor/foundations/six-birds-foundations-iii/lean/full/SixBirdsIII/SemanticTests.lean,328,theorem,outside_scope_self_audit_is_outside,SixBirdsIII,SixBirdsIII.outside_scope_self_audit_is_outside
FOUNDATIONS_III,SixBirdsIII.SemanticTests,formalization/foundations_vi_scaffold/lean/vendor/foundations/six-birds-foundations-iii/lean/full/SixBirdsIII/SemanticTests.lean,333,theorem,same_level_self_audit_not_accepted,SixBirdsIII,SixBirdsIII.same_level_self_audit_not_accepted
FOUNDATIONS_III,SixBirdsIII.SemanticTests,formalization/foundations_vi_scaffold/lean/vendor/foundations/six-birds-foundations-iii/lean/full/SixBirdsIII/SemanticTests.lean,337,theorem,toy_rotating_audit_extension_nonfinal,SixBirdsIII,SixBirdsIII.toy_rotating_audit_extension_nonfinal
FOUNDATIONS_III,SixBirdsIII.SemanticTests,formalization/foundations_vi_scaffold/lean/vendor/foundations/six-birds-foundations-iii/lean/full/SixBirdsIII/SemanticTests.lean,371,theorem,toy_ai_closure_operator,SixBirdsIII,SixBirdsIII.toy_ai_closure_operator
FOUNDATIONS_III,SixBirdsIII.SemanticTests,formalization/foundations_vi_scaffold/lean/vendor/foundations/six-birds-foundations-iii/lean/full/SixBirdsIII/SemanticTests.lean,375,theorem,toy_ai_soundness_equivalence,SixBirdsIII,SixBirdsIII.toy_ai_soundness_equivalence
FOUNDATIONS_III,SixBirdsIII.SemanticTests,formalization/foundations_vi_scaffold/lean/vendor/foundations/six-birds-foundations-iii/lean/full/SixBirdsIII/SemanticTests.lean,379,theorem,toy_ai_representability_fixedness,SixBirdsIII,SixBirdsIII.toy_ai_representability_fixedness
FOUNDATIONS_III,SixBirdsIII.SemanticTests,formalization/foundations_vi_scaffold/lean/vendor/foundations/six-birds-foundations-iii/lean/full/SixBirdsIII/SemanticTests.lean,397,theorem,toy_ai_model_family_realizes_fragment,SixBirdsIII,SixBirdsIII.toy_ai_model_family_realizes_fragment
FOUNDATIONS_III,SixBirdsIII.SemanticTests,formalization/foundations_vi_scaffold/lean/vendor/foundations/six-birds-foundations-iii/lean/full/SixBirdsIII/SemanticTests.lean,401,theorem,tiny_descent_square_recovers_descent,SixBirdsIII,SixBirdsIII.tiny_descent_square_recovers_descent
FOUNDATIONS_III,SixBirdsIII.SemanticTests,formalization/foundations_vi_scaffold/lean/vendor/foundations/six-birds-foundations-iii/lean/full/SixBirdsIII/SemanticTests.lean,407,theorem,toy_completion_square_obstructed,SixBirdsIII,SixBirdsIII.toy_completion_square_obstructed
FOUNDATIONS_III,SixBirdsIII.SemanticTests,formalization/foundations_vi_scaffold/lean/vendor/foundations/six-birds-foundations-iii/lean/full/SixBirdsIII/SemanticTests.lean,411,theorem,toy22_no_exact_filler,SixBirdsIII,SixBirdsIII.toy22_no_exact_filler
FOUNDATIONS_III,SixBirdsIII.SemanticTests,formalization/foundations_vi_scaffold/lean/vendor/foundations/six-birds-foundations-iii/lean/full/SixBirdsIII/SemanticTests.lean,416,theorem,toy_pica_realizes_fragment,SixBirdsIII,SixBirdsIII.toy_pica_realizes_fragment
FOUNDATIONS_III,SixBirdsIII.SemanticTests,formalization/foundations_vi_scaffold/lean/vendor/foundations/six-birds-foundations-iii/lean/full/SixBirdsIII/SemanticTests.lean,420,theorem,bad_pica_raw_override_rejected,SixBirdsIII,SixBirdsIII.bad_pica_raw_override_rejected
FOUNDATIONS_III,SixBirdsIII.SemanticTests,formalization/foundations_vi_scaffold/lean/vendor/foundations/six-birds-foundations-iii/lean/full/SixBirdsIII/SemanticTests.lean,425,theorem,toy_pica_model_realization_exists,SixBirdsIII,SixBirdsIII.toy_pica_model_realization_exists
FOUNDATIONS_III,SixBirdsIII.SemanticTests,formalization/foundations_vi_scaffold/lean/vendor/foundations/six-birds-foundations-iii/lean/full/SixBirdsIII/SemanticTests.lean,431,theorem,toy_cantor_bridge_is_strict,SixBirdsIII,SixBirdsIII.toy_cantor_bridge_is_strict
FOUNDATIONS_III,SixBirdsIII.SemanticTests,formalization/foundations_vi_scaffold/lean/vendor/foundations/six-birds-foundations-iii/lean/full/SixBirdsIII/SemanticTests.lean,435,theorem,toy_cantor_model_realization_exists,SixBirdsIII,SixBirdsIII.toy_cantor_model_realization_exists
FOUNDATIONS_III,SixBirdsIII.SemanticTests,formalization/foundations_vi_scaffold/lean/vendor/foundations/six-birds-foundations-iii/lean/full/SixBirdsIII/SemanticTests.lean,444,theorem,final_mechanization_record_feasible,SixBirdsIII,SixBirdsIII.final_mechanization_record_feasible
FOUNDATIONS_III,SixBirdsIII.Strictness,formalization/foundations_vi_scaffold/lean/vendor/foundations/six-birds-foundations-iii/lean/full/SixBirdsIII/Strictness.lean,11,theorem,strict_extension_nonfactorization,SixBirdsIII,SixBirdsIII.strict_extension_nonfactorization
FOUNDATIONS_III,SixBirdsIII.TopDownChannel,formalization/foundations_vi_scaffold/lean/vendor/foundations/six-birds-foundations-iii/lean/full/SixBirdsIII/TopDownChannel.lean,99,theorem,top_down_channel_implies_struct_down,SixBirdsIII,SixBirdsIII.top_down_channel_implies_struct_down
FOUNDATIONS_III,SixBirdsIII.TopDownChannel,formalization/foundations_vi_scaffold/lean/vendor/foundations/six-birds-foundations-iii/lean/full/SixBirdsIII/TopDownChannel.lean,106,theorem,top_down_channel_gate_soundness,SixBirdsIII,SixBirdsIII.top_down_channel_gate_soundness
FOUNDATIONS_III,SixBirdsIII.TopDownChannel,formalization/foundations_vi_scaffold/lean/vendor/foundations/six-birds-foundations-iii/lean/full/SixBirdsIII/TopDownChannel.lean,115,theorem,structural_downward_influence_not_top_down_channel,SixBirdsIII,SixBirdsIII.structural_downward_influence_not_top_down_channel
UNCLASSIFIED,SixBirdsMetaMath.FoundationsIV.Access.Adequacy,formalization/foundations_vi_scaffold/lean/vendor/foundations/six-birds-meta-math/lean/SixBirdsMetaMath/FoundationsIV/Access/Adequacy.lean,136,theorem,no_overread_iff_all_suppressed_bridged,SixBirdsMetaMath.FoundationsIV.Access.Adequacy,SixBirdsMetaMath.FoundationsIV.Access.Adequacy.no_overread_iff_all_suppressed_bridged
UNCLASSIFIED,SixBirdsMetaMath.FoundationsIV.Access.Adequacy,formalization/foundations_vi_scaffold/lean/vendor/foundations/six-birds-meta-math/lean/SixBirdsMetaMath/FoundationsIV/Access/Adequacy.lean,148,theorem,accepted_claim_no_overread,SixBirdsMetaMath.FoundationsIV.Access.Adequacy,SixBirdsMetaMath.FoundationsIV.Access.Adequacy.accepted_claim_no_overread
UNCLASSIFIED,SixBirdsMetaMath.FoundationsIV.Access.Adequacy,formalization/foundations_vi_scaffold/lean/vendor/foundations/six-birds-meta-math/lean/SixBirdsMetaMath/FoundationsIV/Access/Adequacy.lean,161,theorem,overread_subset_visibility,SixBirdsMetaMath.FoundationsIV.Access.Adequacy,SixBirdsMetaMath.FoundationsIV.Access.Adequacy.overread_subset_visibility
UNCLASSIFIED,SixBirdsMetaMath.FoundationsIV.Access.Adequacy,formalization/foundations_vi_scaffold/lean/vendor/foundations/six-birds-meta-math/lean/SixBirdsMetaMath/FoundationsIV/Access/Adequacy.lean,168,theorem,semantic_no_overread_iff_current_visible,SixBirdsMetaMath.FoundationsIV.Access.Adequacy,SixBirdsMetaMath.FoundationsIV.Access.Adequacy.semantic_no_overread_iff_current_visible
UNCLASSIFIED,SixBirdsMetaMath.FoundationsIV.Access.Adequacy,formalization/foundations_vi_scaffold/lean/vendor/foundations/six-birds-meta-math/lean/SixBirdsMetaMath/FoundationsIV/Access/Adequacy.lean,175,theorem,exact_current_claim_iff_semantic_no_overread,SixBirdsMetaMath.FoundationsIV.Access.Adequacy,SixBirdsMetaMath.FoundationsIV.Access.Adequacy.exact_current_claim_iff_semantic_no_overread
UNCLASSIFIED,SixBirdsMetaMath.FoundationsIV.Access.Adequacy,formalization/foundations_vi_scaffold/lean/vendor/foundations/six-birds-meta-math/lean/SixBirdsMetaMath/FoundationsIV/Access/Adequacy.lean,189,theorem,exact_adequacy_iff_no_blind_spot,SixBirdsMetaMath.FoundationsIV.Access.Adequacy,SixBirdsMetaMath.FoundationsIV.Access.Adequacy.exact_adequacy_iff_no_blind_spot
UNCLASSIFIED,SixBirdsMetaMath.FoundationsIV.Access.Adequacy,formalization/foundations_vi_scaffold/lean/vendor/foundations/six-birds-meta-math/lean/SixBirdsMetaMath/FoundationsIV/Access/Adequacy.lean,204,theorem,lawful_support_iff_no_unpriced_blind_spot,SixBirdsMetaMath.FoundationsIV.Access.Adequacy,SixBirdsMetaMath.FoundationsIV.Access.Adequacy.lawful_support_iff_no_unpriced_blind_spot
UNCLASSIFIED,SixBirdsMetaMath.FoundationsIV.Access.Adequacy,formalization/foundations_vi_scaffold/lean/vendor/foundations/six-birds-meta-math/lean/SixBirdsMetaMath/FoundationsIV/Access/Adequacy.lean,236,theorem,adequacy_no_overread,SixBirdsMetaMath.FoundationsIV.Access.Adequacy,SixBirdsMetaMath.FoundationsIV.Access.Adequacy.adequacy_no_overread
UNCLASSIFIED,SixBirdsMetaMath.FoundationsIV.Access.HiddennessNormalForm,formalization/foundations_vi_scaffold/lean/vendor/foundations/six-birds-meta-math/lean/SixBirdsMetaMath/FoundationsIV/Access/HiddennessNormalForm.lean,89,theorem,hiddenness_normal_form,SixBirdsMetaMath.FoundationsIV.Access.HiddennessNormalForm,SixBirdsMetaMath.FoundationsIV.Access.HiddennessNormalForm.hiddenness_normal_form
UNCLASSIFIED,SixBirdsMetaMath.FoundationsIV.Access.NoFreeDistinction,formalization/foundations_vi_scaffold/lean/vendor/foundations/six-birds-meta-math/lean/SixBirdsMetaMath/FoundationsIV/Access/NoFreeDistinction.lean,102,theorem,has_distinction_split_iff_not_empty,SixBirdsMetaMath.FoundationsIV.Access.NoFreeDistinction,SixBirdsMetaMath.FoundationsIV.Access.NoFreeDistinction.has_distinction_split_iff_not_empty
UNCLASSIFIED,SixBirdsMetaMath.FoundationsIV.Access.NoFreeDistinction,formalization/foundations_vi_scaffold/lean/vendor/foundations/six-birds-meta-math/lean/SixBirdsMetaMath/FoundationsIV/Access/NoFreeDistinction.lean,119,theorem,distinction_definable_iff_no_split,SixBirdsMetaMath.FoundationsIV.Access.NoFreeDistinction,SixBirdsMetaMath.FoundationsIV.Access.NoFreeDistinction.distinction_definable_iff_no_split
UNCLASSIFIED,SixBirdsMetaMath.FoundationsIV.Access.NoFreeDistinction,formalization/foundations_vi_scaffold/lean/vendor/foundations/six-birds-meta-math/lean/SixBirdsMetaMath/FoundationsIV/Access/NoFreeDistinction.lean,134,theorem,financed_refinement_retains_access,SixBirdsMetaMath.FoundationsIV.Access.NoFreeDistinction,SixBirdsMetaMath.FoundationsIV.Access.NoFreeDistinction.financed_refinement_retains_access
UNCLASSIFIED,SixBirdsMetaMath.FoundationsIV.Access.NoFreeDistinction,formalization/foundations_vi_scaffold/lean/vendor/foundations/six-birds-meta-math/lean/SixBirdsMetaMath/FoundationsIV/Access/NoFreeDistinction.lean,142,theorem,financed_refinement_carries_distinction,SixBirdsMetaMath.FoundationsIV.Access.NoFreeDistinction,SixBirdsMetaMath.FoundationsIV.Access.NoFreeDistinction.financed_refinement_carries_distinction
UNCLASSIFIED,SixBirdsMetaMath.FoundationsIV.Access.NoFreeDistinction,formalization/foundations_vi_scaffold/lean/vendor/foundations/six-birds-meta-math/lean/SixBirdsMetaMath/FoundationsIV/Access/NoFreeDistinction.lean,151,theorem,financed_refinement_strict_of_split,SixBirdsMetaMath.FoundationsIV.Access.NoFreeDistinction,SixBirdsMetaMath.FoundationsIV.Access.NoFreeDistinction.financed_refinement_strict_of_split
UNCLASSIFIED,SixBirdsMetaMath.FoundationsIV.Access.NoFreeDistinction,formalization/foundations_vi_scaffold/lean/vendor/foundations/six-birds-meta-math/lean/SixBirdsMetaMath/FoundationsIV/Access/NoFreeDistinction.lean,164,theorem,financed_refinement_minimal,SixBirdsMetaMath.FoundationsIV.Access.NoFreeDistinction,SixBirdsMetaMath.FoundationsIV.Access.NoFreeDistinction.financed_refinement_minimal
UNCLASSIFIED,SixBirdsMetaMath.FoundationsIV.Access.NoFreeDistinction,formalization/foundations_vi_scaffold/lean/vendor/foundations/six-birds-meta-math/lean/SixBirdsMetaMath/FoundationsIV/Access/NoFreeDistinction.lean,176,theorem,no_free_outcome_iff_no_unpaid,SixBirdsMetaMath.FoundationsIV.Access.NoFreeDistinction,SixBirdsMetaMath.FoundationsIV.Access.NoFreeDistinction.no_free_outcome_iff_no_unpaid
UNCLASSIFIED,SixBirdsMetaMath.FoundationsIV.Access.NoFreeDistinction,formalization/foundations_vi_scaffold/lean/vendor/foundations/six-birds-meta-math/lean/SixBirdsMetaMath/FoundationsIV/Access/NoFreeDistinction.lean,203,theorem,no_free_distinction,SixBirdsMetaMath.FoundationsIV.Access.NoFreeDistinction,SixBirdsMetaMath.FoundationsIV.Access.NoFreeDistinction.no_free_distinction
UNCLASSIFIED,SixBirdsMetaMath.FoundationsIV.Access.Quotientality,formalization/foundations_vi_scaffold/lean/vendor/foundations/six-birds-meta-math/lean/SixBirdsMetaMath/FoundationsIV/Access/Quotientality.lean,40,theorem,qI_eq_iff_accessKernel,SixBirdsMetaMath.FoundationsIV.Access.Quotientality,SixBirdsMetaMath.FoundationsIV.Access.Quotientality.qI_eq_iff_accessKernel
UNCLASSIFIED,SixBirdsMetaMath.FoundationsIV.Access.Quotientality,formalization/foundations_vi_scaffold/lean/vendor/foundations/six-birds-meta-math/lean/SixBirdsMetaMath/FoundationsIV/Access/Quotientality.lean,50,theorem,qI_surjective,SixBirdsMetaMath.FoundationsIV.Access.Quotientality,SixBirdsMetaMath.FoundationsIV.Access.Quotientality.qI_surjective
UNCLASSIFIED,SixBirdsMetaMath.FoundationsIV.Access.Quotientality,formalization/foundations_vi_scaffold/lean/vendor/foundations/six-birds-meta-math/lean/SixBirdsMetaMath/FoundationsIV/Access/Quotientality.lean,114,theorem,observable_factorization,SixBirdsMetaMath.FoundationsIV.Access.Quotientality,SixBirdsMetaMath.FoundationsIV.Access.Quotientality.observable_factorization
UNCLASSIFIED,SixBirdsMetaMath.FoundationsIV.Access.Quotientality,formalization/foundations_vi_scaffold/lean/vendor/foundations/six-birds-meta-math/lean/SixBirdsMetaMath/FoundationsIV/Access/Quotientality.lean,132,theorem,qI_is_coarsest,SixBirdsMetaMath.FoundationsIV.Access.Quotientality,SixBirdsMetaMath.FoundationsIV.Access.Quotientality.qI_is_coarsest
UNCLASSIFIED,SixBirdsMetaMath.FoundationsIV.Access.Quotientality,formalization/foundations_vi_scaffold/lean/vendor/foundations/six-birds-meta-math/lean/SixBirdsMetaMath/FoundationsIV/Access/Quotientality.lean,154,theorem,qI_exact_comparison,SixBirdsMetaMath.FoundationsIV.Access.Quotientality,SixBirdsMetaMath.FoundationsIV.Access.Quotientality.qI_exact_comparison
UNCLASSIFIED,SixBirdsMetaMath.FoundationsIV.Access.Quotientality,formalization/foundations_vi_scaffold/lean/vendor/foundations/six-birds-meta-math/lean/SixBirdsMetaMath/FoundationsIV/Access/Quotientality.lean,196,theorem,no_visible_loss_iff_no_visible_loss_pair,SixBirdsMetaMath.FoundationsIV.Access.Quotientality,SixBirdsMetaMath.FoundationsIV.Access.Quotientality.no_visible_loss_iff_no_visible_loss_pair
UNCLASSIFIED,SixBirdsMetaMath.FoundationsIV.Access.Quotientality,formalization/foundations_vi_scaffold/lean/vendor/foundations/six-birds-meta-math/lean/SixBirdsMetaMath/FoundationsIV/Access/Quotientality.lean,208,theorem,no_ghost_iff_no_ghost_pair,SixBirdsMetaMath.FoundationsIV.Access.Quotientality,SixBirdsMetaMath.FoundationsIV.Access.Quotientality.no_ghost_iff_no_ghost_pair
UNCLASSIFIED,SixBirdsMetaMath.FoundationsIV.Access.Quotientality,formalization/foundations_vi_scaffold/lean/vendor/foundations/six-birds-meta-math/lean/SixBirdsMetaMath/FoundationsIV/Access/Quotientality.lean,220,theorem,common_access_refinement_no_visible_loss,SixBirdsMetaMath.FoundationsIV.Access.Quotientality,SixBirdsMetaMath.FoundationsIV.Access.Quotientality.common_access_refinement_no_visible_loss
UNCLASSIFIED,SixBirdsMetaMath.FoundationsIV.Access.Quotientality,formalization/foundations_vi_scaffold/lean/vendor/foundations/six-birds-meta-math/lean/SixBirdsMetaMath/FoundationsIV/Access/Quotientality.lean,227,theorem,access_status_partition,SixBirdsMetaMath.FoundationsIV.Access.Quotientality,SixBirdsMetaMath.FoundationsIV.Access.Quotientality.access_status_partition
UNCLASSIFIED,SixBirdsMetaMath.FoundationsIV.Access.Quotientality,formalization/foundations_vi_scaffold/lean/vendor/foundations/six-birds-meta-math/lean/SixBirdsMetaMath/FoundationsIV/Access/Quotientality.lean,281,theorem,quotientality,SixBirdsMetaMath.FoundationsIV.Access.Quotientality,SixBirdsMetaMath.FoundationsIV.Access.Quotientality.quotientality
UNCLASSIFIED,SixBirdsMetaMath.FoundationsIV.SelfReferenceLimits.CommonSourceNonlocal,formalization/foundations_vi_scaffold/lean/vendor/foundations/six-birds-meta-math/lean/SixBirdsMetaMath/FoundationsIV/SelfReferenceLimits/CommonSourceNonlocal.lean,227,theorem,common_source_factorization_iff_no_obstruction,SixBirdsMetaMath.FoundationsIV.SelfReferenceLimits.CommonSourceNonlocal,SixBirdsMetaMath.FoundationsIV.SelfReferenceLimits.CommonSourceNonlocal.common_source_factorization_iff_no_obstruction
UNCLASSIFIED,SixBirdsMetaMath.FoundationsIV.SelfReferenceLimits.CommonSourceNonlocal,formalization/foundations_vi_scaffold/lean/vendor/foundations/six-birds-meta-math/lean/SixBirdsMetaMath/FoundationsIV/SelfReferenceLimits/CommonSourceNonlocal.lean,240,theorem,separate_common_source_responses_factor,SixBirdsMetaMath.FoundationsIV.SelfReferenceLimits.CommonSourceNonlocal,SixBirdsMetaMath.FoundationsIV.SelfReferenceLimits.CommonSourceNonlocal.separate_common_source_responses_factor
UNCLASSIFIED,SixBirdsMetaMath.FoundationsIV.SelfReferenceLimits.CommonSourceNonlocal,formalization/foundations_vi_scaffold/lean/vendor/foundations/six-birds-meta-math/lean/SixBirdsMetaMath/FoundationsIV/SelfReferenceLimits/CommonSourceNonlocal.lean,253,theorem,common_source_explanation_iff,SixBirdsMetaMath.FoundationsIV.SelfReferenceLimits.CommonSourceNonlocal,SixBirdsMetaMath.FoundationsIV.SelfReferenceLimits.CommonSourceNonlocal.common_source_explanation_iff
UNCLASSIFIED,SixBirdsMetaMath.FoundationsIV.SelfReferenceLimits.CommonSourceNonlocal,formalization/foundations_vi_scaffold/lean/vendor/foundations/six-birds-meta-math/lean/SixBirdsMetaMath/FoundationsIV/SelfReferenceLimits/CommonSourceNonlocal.lean,272,theorem,interface_mediated_iff_no_obstruction,SixBirdsMetaMath.FoundationsIV.SelfReferenceLimits.CommonSourceNonlocal,SixBirdsMetaMath.FoundationsIV.SelfReferenceLimits.CommonSourceNonlocal.interface_mediated_iff_no_obstruction
UNCLASSIFIED,SixBirdsMetaMath.FoundationsIV.SelfReferenceLimits.CommonSourceNonlocal,formalization/foundations_vi_scaffold/lean/vendor/foundations/six-birds-meta-math/lean/SixBirdsMetaMath/FoundationsIV/SelfReferenceLimits/CommonSourceNonlocal.lean,287,theorem,direct_route_explanation_iff_no_obstruction,SixBirdsMetaMath.FoundationsIV.SelfReferenceLimits.CommonSourceNonlocal,SixBirdsMetaMath.FoundationsIV.SelfReferenceLimits.CommonSourceNonlocal.direct_route_explanation_iff_no_obstruction
UNCLASSIFIED,SixBirdsMetaMath.FoundationsIV.SelfReferenceLimits.CommonSourceNonlocal,formalization/foundations_vi_scaffold/lean/vendor/foundations/six-birds-meta-math/lean/SixBirdsMetaMath/FoundationsIV/SelfReferenceLimits/CommonSourceNonlocal.lean,310,theorem,accepted_correlation_explanation_iff,SixBirdsMetaMath.FoundationsIV.SelfReferenceLimits.CommonSourceNonlocal,SixBirdsMetaMath.FoundationsIV.SelfReferenceLimits.CommonSourceNonlocal.accepted_correlation_explanation_iff
UNCLASSIFIED,SixBirdsMetaMath.FoundationsIV.SelfReferenceLimits.CommonSourceNonlocal,formalization/foundations_vi_scaffold/lean/vendor/foundations/six-birds-meta-math/lean/SixBirdsMetaMath/FoundationsIV/SelfReferenceLimits/CommonSourceNonlocal.lean,322,theorem,correlation_residual_iff,SixBirdsMetaMath.FoundationsIV.SelfReferenceLimits.CommonSourceNonlocal,SixBirdsMetaMath.FoundationsIV.SelfReferenceLimits.CommonSourceNonlocal.correlation_residual_iff
UNCLASSIFIED,SixBirdsMetaMath.FoundationsIV.SelfReferenceLimits.CommonSourceNonlocal,formalization/foundations_vi_scaffold/lean/vendor/foundations/six-birds-meta-math/lean/SixBirdsMetaMath/FoundationsIV/SelfReferenceLimits/CommonSourceNonlocal.lean,334,theorem,nonlocal_correlation_residual_iff,SixBirdsMetaMath.FoundationsIV.SelfReferenceLimits.CommonSourceNonlocal,SixBirdsMetaMath.FoundationsIV.SelfReferenceLimits.CommonSourceNonlocal.nonlocal_correlation_residual_iff
UNCLASSIFIED,SixBirdsMetaMath.FoundationsIV.SelfReferenceLimits.CommonSourceNonlocal,formalization/foundations_vi_scaffold/lean/vendor/foundations/six-birds-meta-math/lean/SixBirdsMetaMath/FoundationsIV/SelfReferenceLimits/CommonSourceNonlocal.lean,355,theorem,common_source_nonlocal_correlation,SixBirdsMetaMath.FoundationsIV.SelfReferenceLimits.CommonSourceNonlocal,SixBirdsMetaMath.FoundationsIV.SelfReferenceLimits.CommonSourceNonlocal.common_source_nonlocal_correlation
UNCLASSIFIED,SixBirdsMetaMath.FoundationsIV.SelfReferenceLimits.InformationLoss,formalization/foundations_vi_scaffold/lean/vendor/foundations/six-birds-meta-math/lean/SixBirdsMetaMath/FoundationsIV/SelfReferenceLimits/InformationLoss.lean,184,theorem,recoverable_iff_no_loss_obstruction,SixBirdsMetaMath.FoundationsIV.SelfReferenceLimits.InformationLoss,SixBirdsMetaMath.FoundationsIV.SelfReferenceLimits.InformationLoss.recoverable_iff_no_loss_obstruction
UNCLASSIFIED,SixBirdsMetaMath.FoundationsIV.SelfReferenceLimits.InformationLoss,formalization/foundations_vi_scaffold/lean/vendor/foundations/six-birds-meta-math/lean/SixBirdsMetaMath/FoundationsIV/SelfReferenceLimits/InformationLoss.lean,195,theorem,recoverable_iff_factorization,SixBirdsMetaMath.FoundationsIV.SelfReferenceLimits.InformationLoss,SixBirdsMetaMath.FoundationsIV.SelfReferenceLimits.InformationLoss.recoverable_iff_factorization
UNCLASSIFIED,SixBirdsMetaMath.FoundationsIV.SelfReferenceLimits.InformationLoss,formalization/foundations_vi_scaffold/lean/vendor/foundations/six-birds-meta-math/lean/SixBirdsMetaMath/FoundationsIV/SelfReferenceLimits/InformationLoss.lean,211,theorem,information_lost_iff_not_recoverable,SixBirdsMetaMath.FoundationsIV.SelfReferenceLimits.InformationLoss,SixBirdsMetaMath.FoundationsIV.SelfReferenceLimits.InformationLoss.information_lost_iff_not_recoverable
UNCLASSIFIED,SixBirdsMetaMath.FoundationsIV.SelfReferenceLimits.InformationLoss,formalization/foundations_vi_scaffold/lean/vendor/foundations/six-birds-meta-math/lean/SixBirdsMetaMath/FoundationsIV/SelfReferenceLimits/InformationLoss.lean,233,theorem,forward_transport_iff_no_split,SixBirdsMetaMath.FoundationsIV.SelfReferenceLimits.InformationLoss,SixBirdsMetaMath.FoundationsIV.SelfReferenceLimits.InformationLoss.forward_transport_iff_no_split
UNCLASSIFIED,SixBirdsMetaMath.FoundationsIV.SelfReferenceLimits.InformationLoss,formalization/foundations_vi_scaffold/lean/vendor/foundations/six-birds-meta-math/lean/SixBirdsMetaMath/FoundationsIV/SelfReferenceLimits/InformationLoss.lean,243,theorem,source_recoverable_iff_no_merge,SixBirdsMetaMath.FoundationsIV.SelfReferenceLimits.InformationLoss,SixBirdsMetaMath.FoundationsIV.SelfReferenceLimits.InformationLoss.source_recoverable_iff_no_merge
UNCLASSIFIED,SixBirdsMetaMath.FoundationsIV.SelfReferenceLimits.InformationLoss,formalization/foundations_vi_scaffold/lean/vendor/foundations/six-birds-meta-math/lean/SixBirdsMetaMath/FoundationsIV/SelfReferenceLimits/InformationLoss.lean,253,theorem,reversible_preservation_iff_no_split_and_no_merge,SixBirdsMetaMath.FoundationsIV.SelfReferenceLimits.InformationLoss,SixBirdsMetaMath.FoundationsIV.SelfReferenceLimits.InformationLoss.reversible_preservation_iff_no_split_and_no_merge
UNCLASSIFIED,SixBirdsMetaMath.FoundationsIV.SelfReferenceLimits.InformationLoss,formalization/foundations_vi_scaffold/lean/vendor/foundations/six-birds-meta-math/lean/SixBirdsMetaMath/FoundationsIV/SelfReferenceLimits/InformationLoss.lean,275,theorem,target_family_recoverable_iff_no_loss,SixBirdsMetaMath.FoundationsIV.SelfReferenceLimits.InformationLoss,SixBirdsMetaMath.FoundationsIV.SelfReferenceLimits.InformationLoss.target_family_recoverable_iff_no_loss
UNCLASSIFIED,SixBirdsMetaMath.FoundationsIV.SelfReferenceLimits.InformationLoss,formalization/foundations_vi_scaffold/lean/vendor/foundations/six-birds-meta-math/lean/SixBirdsMetaMath/FoundationsIV/SelfReferenceLimits/InformationLoss.lean,285,theorem,recovery_repair_refines_later_signature,SixBirdsMetaMath.FoundationsIV.SelfReferenceLimits.InformationLoss,SixBirdsMetaMath.FoundationsIV.SelfReferenceLimits.InformationLoss.recovery_repair_refines_later_signature
UNCLASSIFIED,SixBirdsMetaMath.FoundationsIV.SelfReferenceLimits.InformationLoss,formalization/foundations_vi_scaffold/lean/vendor/foundations/six-birds-meta-math/lean/SixBirdsMetaMath/FoundationsIV/SelfReferenceLimits/InformationLoss.lean,294,theorem,recovery_repair_recovers,SixBirdsMetaMath.FoundationsIV.SelfReferenceLimits.InformationLoss,SixBirdsMetaMath.FoundationsIV.SelfReferenceLimits.InformationLoss.recovery_repair_recovers
UNCLASSIFIED,SixBirdsMetaMath.FoundationsIV.SelfReferenceLimits.InformationLoss,formalization/foundations_vi_scaffold/lean/vendor/foundations/six-birds-meta-math/lean/SixBirdsMetaMath/FoundationsIV/SelfReferenceLimits/InformationLoss.lean,309,theorem,information_loss_normal_form,SixBirdsMetaMath.FoundationsIV.SelfReferenceLimits.InformationLoss,SixBirdsMetaMath.FoundationsIV.SelfReferenceLimits.InformationLoss.information_loss_normal_form
UNCLASSIFIED,SixBirdsMetaMath.FoundationsIV.Stability.NoNeedles,formalization/foundations_vi_scaffold/lean/vendor/foundations/six-birds-meta-math/lean/SixBirdsMetaMath/FoundationsIV/Stability/NoNeedles.lean,27,theorem,no_needles_stability,SixBirdsMetaMath.FoundationsIV.Stability.NoNeedles,SixBirdsMetaMath.FoundationsIV.Stability.NoNeedles.no_needles_stability
UNCLASSIFIED,SixBirdsMetaMath.FoundationsIV.Stability.SufficiencyClosure,formalization/foundations_vi_scaffold/lean/vendor/foundations/six-birds-meta-math/lean/SixBirdsMetaMath/FoundationsIV/Stability/SufficiencyClosure.lean,77,theorem,package_closed_iff_no_sufficiency_split,SixBirdsMetaMath.FoundationsIV.Stability.SufficiencyClosure,SixBirdsMetaMath.FoundationsIV.Stability.SufficiencyClosure.package_closed_iff_no_sufficiency_split
UNCLASSIFIED,SixBirdsMetaMath.FoundationsIV.Stability.SufficiencyClosure,formalization/foundations_vi_scaffold/lean/vendor/foundations/six-birds-meta-math/lean/SixBirdsMetaMath/FoundationsIV/Stability/SufficiencyClosure.lean,89,theorem,future_determines_current_iff_no_redundancy_split,SixBirdsMetaMath.FoundationsIV.Stability.SufficiencyClosure,SixBirdsMetaMath.FoundationsIV.Stability.SufficiencyClosure.future_determines_current_iff_no_redundancy_split
UNCLASSIFIED,SixBirdsMetaMath.FoundationsIV.Stability.SufficiencyClosure,formalization/foundations_vi_scaffold/lean/vendor/foundations/six-birds-meta-math/lean/SixBirdsMetaMath/FoundationsIV/Stability/SufficiencyClosure.lean,102,theorem,current_memory_repair_closed,SixBirdsMetaMath.FoundationsIV.Stability.SufficiencyClosure,SixBirdsMetaMath.FoundationsIV.Stability.SufficiencyClosure.current_memory_repair_closed
UNCLASSIFIED,SixBirdsMetaMath.FoundationsIV.Stability.SufficiencyClosure,formalization/foundations_vi_scaffold/lean/vendor/foundations/six-birds-meta-math/lean/SixBirdsMetaMath/FoundationsIV/Stability/SufficiencyClosure.lean,109,theorem,current_memory_repair_factors,SixBirdsMetaMath.FoundationsIV.Stability.SufficiencyClosure,SixBirdsMetaMath.FoundationsIV.Stability.SufficiencyClosure.current_memory_repair_factors
UNCLASSIFIED,SixBirdsMetaMath.FoundationsIV.Stability.SufficiencyClosure,formalization/foundations_vi_scaffold/lean/vendor/foundations/six-birds-meta-math/lean/SixBirdsMetaMath/FoundationsIV/Stability/SufficiencyClosure.lean,117,theorem,sufficiency_status_partition,SixBirdsMetaMath.FoundationsIV.Stability.SufficiencyClosure,SixBirdsMetaMath.FoundationsIV.Stability.SufficiencyClosure.sufficiency_status_partition
UNCLASSIFIED,SixBirdsMetaMath.FoundationsIV.Stability.SufficiencyClosure,formalization/foundations_vi_scaffold/lean/vendor/foundations/six-birds-meta-math/lean/SixBirdsMetaMath/FoundationsIV/Stability/SufficiencyClosure.lean,175,theorem,sufficiency_closure,SixBirdsMetaMath.FoundationsIV.Stability.SufficiencyClosure,SixBirdsMetaMath.FoundationsIV.Stability.SufficiencyClosure.sufficiency_closure
UNCLASSIFIED,SixBirdsMetaMath.FoundationsIV.StatusRecordsCoherence.ConservationAsOrbitDescent,formalization/foundations_vi_scaffold/lean/vendor/foundations/six-birds-meta-math/lean/SixBirdsMetaMath/FoundationsIV/StatusRecordsCoherence/ConservationAsOrbitDescent.lean,155,theorem,conserved_iff_no_conservation_obstruction,SixBirdsMetaMath.FoundationsIV.StatusRecordsCoherence.ConservationAsOrbitDescent,SixBirdsMetaMath.FoundationsIV.StatusRecordsCoherence.ConservationAsOrbitDescent.conserved_iff_no_conservation_obstruction
UNCLASSIFIED,SixBirdsMetaMath.FoundationsIV.StatusRecordsCoherence.ConservationAsOrbitDescent,formalization/foundations_vi_scaffold/lean/vendor/foundations/six-birds-meta-math/lean/SixBirdsMetaMath/FoundationsIV/StatusRecordsCoherence/ConservationAsOrbitDescent.lean,168,theorem,conserved_iff_orbit_readout_descends,SixBirdsMetaMath.FoundationsIV.StatusRecordsCoherence.ConservationAsOrbitDescent,SixBirdsMetaMath.FoundationsIV.StatusRecordsCoherence.ConservationAsOrbitDescent.conserved_iff_orbit_readout_descends
UNCLASSIFIED,SixBirdsMetaMath.FoundationsIV.StatusRecordsCoherence.ConservationAsOrbitDescent,formalization/foundations_vi_scaffold/lean/vendor/foundations/six-birds-meta-math/lean/SixBirdsMetaMath/FoundationsIV/StatusRecordsCoherence/ConservationAsOrbitDescent.lean,191,theorem,orbit_readout_descends_iff_no_split,SixBirdsMetaMath.FoundationsIV.StatusRecordsCoherence.ConservationAsOrbitDescent,SixBirdsMetaMath.FoundationsIV.StatusRecordsCoherence.ConservationAsOrbitDescent.orbit_readout_descends_iff_no_split
UNCLASSIFIED,SixBirdsMetaMath.FoundationsIV.StatusRecordsCoherence.ConservationAsOrbitDescent,formalization/foundations_vi_scaffold/lean/vendor/foundations/six-birds-meta-math/lean/SixBirdsMetaMath/FoundationsIV/StatusRecordsCoherence/ConservationAsOrbitDescent.lean,198,theorem,route_descends_iff_no_route_obstruction,SixBirdsMetaMath.FoundationsIV.StatusRecordsCoherence.ConservationAsOrbitDescent,SixBirdsMetaMath.FoundationsIV.StatusRecordsCoherence.ConservationAsOrbitDescent.route_descends_iff_no_route_obstruction
UNCLASSIFIED,SixBirdsMetaMath.FoundationsIV.StatusRecordsCoherence.ConservationAsOrbitDescent,formalization/foundations_vi_scaffold/lean/vendor/foundations/six-birds-meta-math/lean/SixBirdsMetaMath/FoundationsIV/StatusRecordsCoherence/ConservationAsOrbitDescent.lean,205,theorem,layer_visible_conserved_iff_composite,SixBirdsMetaMath.FoundationsIV.StatusRecordsCoherence.ConservationAsOrbitDescent,SixBirdsMetaMath.FoundationsIV.StatusRecordsCoherence.ConservationAsOrbitDescent.layer_visible_conserved_iff_composite
UNCLASSIFIED,SixBirdsMetaMath.FoundationsIV.StatusRecordsCoherence.ConservationAsOrbitDescent,formalization/foundations_vi_scaffold/lean/vendor/foundations/six-birds-meta-math/lean/SixBirdsMetaMath/FoundationsIV/StatusRecordsCoherence/ConservationAsOrbitDescent.lean,225,theorem,orbit_separating_iff_no_separation_obstruction,SixBirdsMetaMath.FoundationsIV.StatusRecordsCoherence.ConservationAsOrbitDescent,SixBirdsMetaMath.FoundationsIV.StatusRecordsCoherence.ConservationAsOrbitDescent.orbit_separating_iff_no_separation_obstruction
UNCLASSIFIED,SixBirdsMetaMath.FoundationsIV.StatusRecordsCoherence.ConservationAsOrbitDescent,formalization/foundations_vi_scaffold/lean/vendor/foundations/six-birds-meta-math/lean/SixBirdsMetaMath/FoundationsIV/StatusRecordsCoherence/ConservationAsOrbitDescent.lean,237,theorem,complete_invariant_iff_conserved_and_no_separation,SixBirdsMetaMath.FoundationsIV.StatusRecordsCoherence.ConservationAsOrbitDescent,SixBirdsMetaMath.FoundationsIV.StatusRecordsCoherence.ConservationAsOrbitDescent.complete_invariant_iff_conserved_and_no_separation
UNCLASSIFIED,SixBirdsMetaMath.FoundationsIV.StatusRecordsCoherence.ConservationAsOrbitDescent,formalization/foundations_vi_scaffold/lean/vendor/foundations/six-birds-meta-math/lean/SixBirdsMetaMath/FoundationsIV/StatusRecordsCoherence/ConservationAsOrbitDescent.lean,253,theorem,route_generator_invariant_iff_no_obstruction,SixBirdsMetaMath.FoundationsIV.StatusRecordsCoherence.ConservationAsOrbitDescent,SixBirdsMetaMath.FoundationsIV.StatusRecordsCoherence.ConservationAsOrbitDescent.route_generator_invariant_iff_no_obstruction
UNCLASSIFIED,SixBirdsMetaMath.FoundationsIV.StatusRecordsCoherence.ConservationAsOrbitDescent,formalization/foundations_vi_scaffold/lean/vendor/foundations/six-birds-meta-math/lean/SixBirdsMetaMath/FoundationsIV/StatusRecordsCoherence/ConservationAsOrbitDescent.lean,271,theorem,conservation_as_orbit_descent,SixBirdsMetaMath.FoundationsIV.StatusRecordsCoherence.ConservationAsOrbitDescent,SixBirdsMetaMath.FoundationsIV.StatusRecordsCoherence.ConservationAsOrbitDescent.conservation_as_orbit_descent
UNCLASSIFIED,SixBirdsMetaMath.FoundationsIV.StatusRecordsCoherence.ObjectPersistence,formalization/foundations_vi_scaffold/lean/vendor/foundations/six-birds-meta-math/lean/SixBirdsMetaMath/FoundationsIV/StatusRecordsCoherence/ObjectPersistence.lean,203,theorem,persists_iff_no_obstruction,SixBirdsMetaMath.FoundationsIV.StatusRecordsCoherence.ObjectPersistence,SixBirdsMetaMath.FoundationsIV.StatusRecordsCoherence.ObjectPersistence.persists_iff_no_obstruction
UNCLASSIFIED,SixBirdsMetaMath.FoundationsIV.StatusRecordsCoherence.ObjectPersistence,formalization/foundations_vi_scaffold/lean/vendor/foundations/six-birds-meta-math/lean/SixBirdsMetaMath/FoundationsIV/StatusRecordsCoherence/ObjectPersistence.lean,209,theorem,split_empty_iff_persists,SixBirdsMetaMath.FoundationsIV.StatusRecordsCoherence.ObjectPersistence,SixBirdsMetaMath.FoundationsIV.StatusRecordsCoherence.ObjectPersistence.split_empty_iff_persists
UNCLASSIFIED,SixBirdsMetaMath.FoundationsIV.StatusRecordsCoherence.ObjectPersistence,formalization/foundations_vi_scaffold/lean/vendor/foundations/six-birds-meta-math/lean/SixBirdsMetaMath/FoundationsIV/StatusRecordsCoherence/ObjectPersistence.lean,215,theorem,viable_persistence_iff_no_dissolution,SixBirdsMetaMath.FoundationsIV.StatusRecordsCoherence.ObjectPersistence,SixBirdsMetaMath.FoundationsIV.StatusRecordsCoherence.ObjectPersistence.viable_persistence_iff_no_dissolution
UNCLASSIFIED,SixBirdsMetaMath.FoundationsIV.StatusRecordsCoherence.ObjectPersistence,formalization/foundations_vi_scaffold/lean/vendor/foundations/six-birds-meta-math/lean/SixBirdsMetaMath/FoundationsIV/StatusRecordsCoherence/ObjectPersistence.lean,225,theorem,relation_persistence_quotient_surjective,SixBirdsMetaMath.FoundationsIV.StatusRecordsCoherence.ObjectPersistence,SixBirdsMetaMath.FoundationsIV.StatusRecordsCoherence.ObjectPersistence.relation_persistence_quotient_surjective
UNCLASSIFIED,SixBirdsMetaMath.FoundationsIV.StatusRecordsCoherence.ObjectPersistence,formalization/foundations_vi_scaffold/lean/vendor/foundations/six-birds-meta-math/lean/SixBirdsMetaMath/FoundationsIV/StatusRecordsCoherence/ObjectPersistence.lean,237,theorem,relation_persistence_iff_no_obstruction,SixBirdsMetaMath.FoundationsIV.StatusRecordsCoherence.ObjectPersistence,SixBirdsMetaMath.FoundationsIV.StatusRecordsCoherence.ObjectPersistence.relation_persistence_iff_no_obstruction
UNCLASSIFIED,SixBirdsMetaMath.FoundationsIV.StatusRecordsCoherence.ObjectPersistence,formalization/foundations_vi_scaffold/lean/vendor/foundations/six-birds-meta-math/lean/SixBirdsMetaMath/FoundationsIV/StatusRecordsCoherence/ObjectPersistence.lean,247,theorem,identity_holonomy_iff_no_defect,SixBirdsMetaMath.FoundationsIV.StatusRecordsCoherence.ObjectPersistence,SixBirdsMetaMath.FoundationsIV.StatusRecordsCoherence.ObjectPersistence.identity_holonomy_iff_no_defect
UNCLASSIFIED,SixBirdsMetaMath.FoundationsIV.StatusRecordsCoherence.ObjectPersistence,formalization/foundations_vi_scaffold/lean/vendor/foundations/six-birds-meta-math/lean/SixBirdsMetaMath/FoundationsIV/StatusRecordsCoherence/ObjectPersistence.lean,258,theorem,persistence_extension_retains_old,SixBirdsMetaMath.FoundationsIV.StatusRecordsCoherence.ObjectPersistence,SixBirdsMetaMath.FoundationsIV.StatusRecordsCoherence.ObjectPersistence.persistence_extension_retains_old
UNCLASSIFIED,SixBirdsMetaMath.FoundationsIV.StatusRecordsCoherence.ObjectPersistence,formalization/foundations_vi_scaffold/lean/vendor/foundations/six-birds-meta-math/lean/SixBirdsMetaMath/FoundationsIV/StatusRecordsCoherence/ObjectPersistence.lean,266,theorem,persistence_extension_carries_later,SixBirdsMetaMath.FoundationsIV.StatusRecordsCoherence.ObjectPersistence,SixBirdsMetaMath.FoundationsIV.StatusRecordsCoherence.ObjectPersistence.persistence_extension_carries_later
UNCLASSIFIED,SixBirdsMetaMath.FoundationsIV.StatusRecordsCoherence.ObjectPersistence,formalization/foundations_vi_scaffold/lean/vendor/foundations/six-birds-meta-math/lean/SixBirdsMetaMath/FoundationsIV/StatusRecordsCoherence/ObjectPersistence.lean,274,theorem,persistence_comparison_status_partition,SixBirdsMetaMath.FoundationsIV.StatusRecordsCoherence.ObjectPersistence,SixBirdsMetaMath.FoundationsIV.StatusRecordsCoherence.ObjectPersistence.persistence_comparison_status_partition
UNCLASSIFIED,SixBirdsMetaMath.FoundationsIV.StatusRecordsCoherence.ObjectPersistence,formalization/foundations_vi_scaffold/lean/vendor/foundations/six-birds-meta-math/lean/SixBirdsMetaMath/FoundationsIV/StatusRecordsCoherence/ObjectPersistence.lean,317,theorem,object_persistence,SixBirdsMetaMath.FoundationsIV.StatusRecordsCoherence.ObjectPersistence,SixBirdsMetaMath.FoundationsIV.StatusRecordsCoherence.ObjectPersistence.object_persistence
UNCLASSIFIED,SixBirdsMetaMath.FoundationsIV.Symmetry.Anomaly,formalization/foundations_vi_scaffold/lean/vendor/foundations/six-birds-meta-math/lean/SixBirdsMetaMath/FoundationsIV/Symmetry/Anomaly.lean,189,theorem,symmetry_descends_iff_no_obstruction,SixBirdsMetaMath.FoundationsIV.Symmetry.Anomaly,SixBirdsMetaMath.FoundationsIV.Symmetry.Anomaly.symmetry_descends_iff_no_obstruction
UNCLASSIFIED,SixBirdsMetaMath.FoundationsIV.Symmetry.Anomaly,formalization/foundations_vi_scaffold/lean/vendor/foundations/six-birds-meta-math/lean/SixBirdsMetaMath/FoundationsIV/Symmetry/Anomaly.lean,212,theorem,domain_descends_iff_no_obstruction,SixBirdsMetaMath.FoundationsIV.Symmetry.Anomaly,SixBirdsMetaMath.FoundationsIV.Symmetry.Anomaly.domain_descends_iff_no_obstruction
UNCLASSIFIED,SixBirdsMetaMath.FoundationsIV.Symmetry.Anomaly,formalization/foundations_vi_scaffold/lean/vendor/foundations/six-birds-meta-math/lean/SixBirdsMetaMath/FoundationsIV/Symmetry/Anomaly.lean,235,theorem,group_law_iff_no_obstruction,SixBirdsMetaMath.FoundationsIV.Symmetry.Anomaly,SixBirdsMetaMath.FoundationsIV.Symmetry.Anomaly.group_law_iff_no_obstruction
UNCLASSIFIED,SixBirdsMetaMath.FoundationsIV.Symmetry.Anomaly,formalization/foundations_vi_scaffold/lean/vendor/foundations/six-birds-meta-math/lean/SixBirdsMetaMath/FoundationsIV/Symmetry/Anomaly.lean,246,theorem,readout_preserved_iff_no_obstruction,SixBirdsMetaMath.FoundationsIV.Symmetry.Anomaly,SixBirdsMetaMath.FoundationsIV.Symmetry.Anomaly.readout_preserved_iff_no_obstruction
UNCLASSIFIED,SixBirdsMetaMath.FoundationsIV.Symmetry.Anomaly,formalization/foundations_vi_scaffold/lean/vendor/foundations/six-birds-meta-math/lean/SixBirdsMetaMath/FoundationsIV/Symmetry/Anomaly.lean,258,theorem,audit_preserved_iff_no_obstruction,SixBirdsMetaMath.FoundationsIV.Symmetry.Anomaly,SixBirdsMetaMath.FoundationsIV.Symmetry.Anomaly.audit_preserved_iff_no_obstruction
UNCLASSIFIED,SixBirdsMetaMath.FoundationsIV.Symmetry.Anomaly,formalization/foundations_vi_scaffold/lean/vendor/foundations/six-birds-meta-math/lean/SixBirdsMetaMath/FoundationsIV/Symmetry/Anomaly.lean,272,theorem,local_symmetry_globalizes_iff_image,SixBirdsMetaMath.FoundationsIV.Symmetry.Anomaly,SixBirdsMetaMath.FoundationsIV.Symmetry.Anomaly.local_symmetry_globalizes_iff_image
UNCLASSIFIED,SixBirdsMetaMath.FoundationsIV.Symmetry.Anomaly,formalization/foundations_vi_scaffold/lean/vendor/foundations/six-birds-meta-math/lean/SixBirdsMetaMath/FoundationsIV/Symmetry/Anomaly.lean,279,theorem,lawful_layer_symmetry_iff_gates,SixBirdsMetaMath.FoundationsIV.Symmetry.Anomaly,SixBirdsMetaMath.FoundationsIV.Symmetry.Anomaly.lawful_layer_symmetry_iff_gates
UNCLASSIFIED,SixBirdsMetaMath.FoundationsIV.Symmetry.Anomaly,formalization/foundations_vi_scaffold/lean/vendor/foundations/six-birds-meta-math/lean/SixBirdsMetaMath/FoundationsIV/Symmetry/Anomaly.lean,288,theorem,anomaly_iff_failed_gate,SixBirdsMetaMath.FoundationsIV.Symmetry.Anomaly,SixBirdsMetaMath.FoundationsIV.Symmetry.Anomaly.anomaly_iff_failed_gate
UNCLASSIFIED,SixBirdsMetaMath.FoundationsIV.Symmetry.Anomaly,formalization/foundations_vi_scaffold/lean/vendor/foundations/six-birds-meta-math/lean/SixBirdsMetaMath/FoundationsIV/Symmetry/Anomaly.lean,301,theorem,anomaly_symmetry_obstruction,SixBirdsMetaMath.FoundationsIV.Symmetry.Anomaly,SixBirdsMetaMath.FoundationsIV.Symmetry.Anomaly.anomaly_symmetry_obstruction
UNCLASSIFIED,SixBirdsMetaMath.FoundationsIV.Transport.DescentRepair,formalization/foundations_vi_scaffold/lean/vendor/foundations/six-birds-meta-math/lean/SixBirdsMetaMath/FoundationsIV/Transport/DescentRepair.lean,83,theorem,source_repair_refines,SixBirdsMetaMath.FoundationsIV.Transport.DescentRepair,SixBirdsMetaMath.FoundationsIV.Transport.DescentRepair.source_repair_refines
UNCLASSIFIED,SixBirdsMetaMath.FoundationsIV.Transport.DescentRepair,formalization/foundations_vi_scaffold/lean/vendor/foundations/six-birds-meta-math/lean/SixBirdsMetaMath/FoundationsIV/Transport/DescentRepair.lean,91,theorem,source_repair_descends,SixBirdsMetaMath.FoundationsIV.Transport.DescentRepair,SixBirdsMetaMath.FoundationsIV.Transport.DescentRepair.source_repair_descends
UNCLASSIFIED,SixBirdsMetaMath.FoundationsIV.Transport.DescentRepair,formalization/foundations_vi_scaffold/lean/vendor/foundations/six-birds-meta-math/lean/SixBirdsMetaMath/FoundationsIV/Transport/DescentRepair.lean,99,theorem,source_repair_closes_obstruction,SixBirdsMetaMath.FoundationsIV.Transport.DescentRepair,SixBirdsMetaMath.FoundationsIV.Transport.DescentRepair.source_repair_closes_obstruction
UNCLASSIFIED,SixBirdsMetaMath.FoundationsIV.Transport.DescentRepair,formalization/foundations_vi_scaffold/lean/vendor/foundations/six-birds-meta-math/lean/SixBirdsMetaMath/FoundationsIV/Transport/DescentRepair.lean,108,theorem,target_repair_coarsens,SixBirdsMetaMath.FoundationsIV.Transport.DescentRepair,SixBirdsMetaMath.FoundationsIV.Transport.DescentRepair.target_repair_coarsens
UNCLASSIFIED,SixBirdsMetaMath.FoundationsIV.Transport.DescentRepair,formalization/foundations_vi_scaffold/lean/vendor/foundations/six-birds-meta-math/lean/SixBirdsMetaMath/FoundationsIV/Transport/DescentRepair.lean,117,theorem,target_repair_descends,SixBirdsMetaMath.FoundationsIV.Transport.DescentRepair,SixBirdsMetaMath.FoundationsIV.Transport.DescentRepair.target_repair_descends
UNCLASSIFIED,SixBirdsMetaMath.FoundationsIV.Transport.DescentRepair,formalization/foundations_vi_scaffold/lean/vendor/foundations/six-birds-meta-math/lean/SixBirdsMetaMath/FoundationsIV/Transport/DescentRepair.lean,134,theorem,target_repair_closes_obstruction,SixBirdsMetaMath.FoundationsIV.Transport.DescentRepair,SixBirdsMetaMath.FoundationsIV.Transport.DescentRepair.target_repair_closes_obstruction
UNCLASSIFIED,SixBirdsMetaMath.FoundationsIV.Transport.DescentRepair,formalization/foundations_vi_scaffold/lean/vendor/foundations/six-birds-meta-math/lean/SixBirdsMetaMath/FoundationsIV/Transport/DescentRepair.lean,145,theorem,target_repair_universal,SixBirdsMetaMath.FoundationsIV.Transport.DescentRepair,SixBirdsMetaMath.FoundationsIV.Transport.DescentRepair.target_repair_universal
UNCLASSIFIED,SixBirdsMetaMath.FoundationsIV.Transport.DescentRepair,formalization/foundations_vi_scaffold/lean/vendor/foundations/six-birds-meta-math/lean/SixBirdsMetaMath/FoundationsIV/Transport/DescentRepair.lean,171,theorem,terminal_target_coarsening_coarsens,SixBirdsMetaMath.FoundationsIV.Transport.DescentRepair,SixBirdsMetaMath.FoundationsIV.Transport.DescentRepair.terminal_target_coarsening_coarsens
UNCLASSIFIED,SixBirdsMetaMath.FoundationsIV.Transport.DescentRepair,formalization/foundations_vi_scaffold/lean/vendor/foundations/six-birds-meta-math/lean/SixBirdsMetaMath/FoundationsIV/Transport/DescentRepair.lean,178,theorem,terminal_target_coarsening_factors_through_repair,SixBirdsMetaMath.FoundationsIV.Transport.DescentRepair,SixBirdsMetaMath.FoundationsIV.Transport.DescentRepair.terminal_target_coarsening_factors_through_repair
UNCLASSIFIED,SixBirdsMetaMath.FoundationsIV.Transport.DescentRepair,formalization/foundations_vi_scaffold/lean/vendor/foundations/six-birds-meta-math/lean/SixBirdsMetaMath/FoundationsIV/Transport/DescentRepair.lean,193,theorem,descent_repair_normal_form,SixBirdsMetaMath.FoundationsIV.Transport.DescentRepair,SixBirdsMetaMath.FoundationsIV.Transport.DescentRepair.descent_repair_normal_form
UNCLASSIFIED,SixBirdsMetaMath.FoundationsIV.Transport.DescentRepair,formalization/foundations_vi_scaffold/lean/vendor/foundations/six-birds-meta-math/lean/SixBirdsMetaMath/FoundationsIV/Transport/DescentRepair.lean,225,theorem,target_repair_universal_of_closes_obstruction,SixBirdsMetaMath.FoundationsIV.Transport.DescentRepair,SixBirdsMetaMath.FoundationsIV.Transport.DescentRepair.target_repair_universal_of_closes_obstruction
UNCLASSIFIED,SixBirdsMetaMath.FoundationsIV.Transport.HolonomyMemoryRepair,formalization/foundations_vi_scaffold/lean/vendor/foundations/six-birds-meta-math/lean/SixBirdsMetaMath/FoundationsIV/Transport/HolonomyMemoryRepair.lean,49,theorem,hidden_residue_gives_predictive_repair,SixBirdsMetaMath.FoundationsIV.Transport.HolonomyMemoryRepair,SixBirdsMetaMath.FoundationsIV.Transport.HolonomyMemoryRepair.hidden_residue_gives_predictive_repair
UNCLASSIFIED,SixBirdsMetaMath.FoundationsIV.Transport.HolonomyMemoryRepair,formalization/foundations_vi_scaffold/lean/vendor/foundations/six-birds-meta-math/lean/SixBirdsMetaMath/FoundationsIV/Transport/HolonomyMemoryRepair.lean,59,theorem,predictive_repair_gives_hidden_residue,SixBirdsMetaMath.FoundationsIV.Transport.HolonomyMemoryRepair,SixBirdsMetaMath.FoundationsIV.Transport.HolonomyMemoryRepair.predictive_repair_gives_hidden_residue
UNCLASSIFIED,SixBirdsMetaMath.FoundationsIV.Transport.HolonomyMemoryRepair,formalization/foundations_vi_scaffold/lean/vendor/foundations/six-birds-meta-math/lean/SixBirdsMetaMath/FoundationsIV/Transport/HolonomyMemoryRepair.lean,74,theorem,holonomy_memory_repair_normal_form,SixBirdsMetaMath.FoundationsIV.Transport.HolonomyMemoryRepair,SixBirdsMetaMath.FoundationsIV.Transport.HolonomyMemoryRepair.holonomy_memory_repair_normal_form
UNCLASSIFIED,SixBirdsMetaMath.FoundationsIV.Transport.LocalGlobalObstruction,formalization/foundations_vi_scaffold/lean/vendor/foundations/six-birds-meta-math/lean/SixBirdsMetaMath/FoundationsIV/Transport/LocalGlobalObstruction.lean,65,theorem,multiple_preimages_in_image,SixBirdsMetaMath.FoundationsIV.Transport.LocalGlobalObstruction,SixBirdsMetaMath.FoundationsIV.Transport.LocalGlobalObstruction.multiple_preimages_in_image
UNCLASSIFIED,SixBirdsMetaMath.FoundationsIV.Transport.LocalGlobalObstruction,formalization/foundations_vi_scaffold/lean/vendor/foundations/six-birds-meta-math/lean/SixBirdsMetaMath/FoundationsIV/Transport/LocalGlobalObstruction.lean,73,theorem,unique_preimage_in_image,SixBirdsMetaMath.FoundationsIV.Transport.LocalGlobalObstruction,SixBirdsMetaMath.FoundationsIV.Transport.LocalGlobalObstruction.unique_preimage_in_image
UNCLASSIFIED,SixBirdsMetaMath.FoundationsIV.Transport.LocalGlobalObstruction,formalization/foundations_vi_scaffold/lean/vendor/foundations/six-birds-meta-math/lean/SixBirdsMetaMath/FoundationsIV/Transport/LocalGlobalObstruction.lean,81,theorem,multiple_preimages_not_unique,SixBirdsMetaMath.FoundationsIV.Transport.LocalGlobalObstruction,SixBirdsMetaMath.FoundationsIV.Transport.LocalGlobalObstruction.multiple_preimages_not_unique
UNCLASSIFIED,SixBirdsMetaMath.FoundationsIV.Transport.LocalGlobalObstruction,formalization/foundations_vi_scaffold/lean/vendor/foundations/six-birds-meta-math/lean/SixBirdsMetaMath/FoundationsIV/Transport/LocalGlobalObstruction.lean,97,theorem,local_global_obstruction_normal_form,SixBirdsMetaMath.FoundationsIV.Transport.LocalGlobalObstruction,SixBirdsMetaMath.FoundationsIV.Transport.LocalGlobalObstruction.local_global_obstruction_normal_form
UNCLASSIFIED,SixBirdsMetaMath.Main.LayerDissolving,formalization/foundations_vi_scaffold/lean/vendor/foundations/six-birds-meta-math/lean/SixBirdsMetaMath/Main/LayerDissolving.lean,20,theorem,layerDissolvingMaster,SixBirdsMetaMath.Main.LayerDissolving,SixBirdsMetaMath.Main.LayerDissolving.layerDissolvingMaster
UNCLASSIFIED,SixBirdsMetaMath.Main.LegalQuotient,formalization/foundations_vi_scaffold/lean/vendor/foundations/six-birds-meta-math/lean/SixBirdsMetaMath/Main/LegalQuotient.lean,31,theorem,sumFin_zero,SixBirdsMetaMath.Main.LegalQuotient,SixBirdsMetaMath.Main.LegalQuotient.sumFin_zero
UNCLASSIFIED,SixBirdsMetaMath.Main.LegalQuotient,formalization/foundations_vi_scaffold/lean/vendor/foundations/six-birds-meta-math/lean/SixBirdsMetaMath/Main/LegalQuotient.lean,39,theorem,sumFin_add,SixBirdsMetaMath.Main.LegalQuotient,SixBirdsMetaMath.Main.LegalQuotient.sumFin_add
UNCLASSIFIED,SixBirdsMetaMath.Main.LegalQuotient,formalization/foundations_vi_scaffold/lean/vendor/foundations/six-birds-meta-math/lean/SixBirdsMetaMath/Main/LegalQuotient.lean,50,theorem,sumFin_mul_left,SixBirdsMetaMath.Main.LegalQuotient,SixBirdsMetaMath.Main.LegalQuotient.sumFin_mul_left
UNCLASSIFIED,SixBirdsMetaMath.Main.LegalQuotient,formalization/foundations_vi_scaffold/lean/vendor/foundations/six-birds-meta-math/lean/SixBirdsMetaMath/Main/LegalQuotient.lean,59,theorem,sumFin_mul_right,SixBirdsMetaMath.Main.LegalQuotient,SixBirdsMetaMath.Main.LegalQuotient.sumFin_mul_right
UNCLASSIFIED,SixBirdsMetaMath.Main.LegalQuotient,formalization/foundations_vi_scaffold/lean/vendor/foundations/six-birds-meta-math/lean/SixBirdsMetaMath/Main/LegalQuotient.lean,68,theorem,sumFin_comm,SixBirdsMetaMath.Main.LegalQuotient,SixBirdsMetaMath.Main.LegalQuotient.sumFin_comm
UNCLASSIFIED,SixBirdsMetaMath.Main.LegalQuotient,formalization/foundations_vi_scaffold/lean/vendor/foundations/six-birds-meta-math/lean/SixBirdsMetaMath/Main/LegalQuotient.lean,88,theorem,sumFin_eq_single,SixBirdsMetaMath.Main.LegalQuotient,SixBirdsMetaMath.Main.LegalQuotient.sumFin_eq_single
UNCLASSIFIED,SixBirdsMetaMath.Main.LegalQuotient,formalization/foundations_vi_scaffold/lean/vendor/foundations/six-birds-meta-math/lean/SixBirdsMetaMath/Main/LegalQuotient.lean,137,theorem,rat_neg_neg,SixBirdsMetaMath.Main.LegalQuotient,SixBirdsMetaMath.Main.LegalQuotient.rat_neg_neg
UNCLASSIFIED,SixBirdsMetaMath.Main.LegalQuotient,formalization/foundations_vi_scaffold/lean/vendor/foundations/six-birds-meta-math/lean/SixBirdsMetaMath/Main/LegalQuotient.lean,143,theorem,rat_mul_self_nonneg,SixBirdsMetaMath.Main.LegalQuotient,SixBirdsMetaMath.Main.LegalQuotient.rat_mul_self_nonneg
UNCLASSIFIED,SixBirdsMetaMath.Main.LegalQuotient,formalization/foundations_vi_scaffold/lean/vendor/foundations/six-birds-meta-math/lean/SixBirdsMetaMath/Main/LegalQuotient.lean,157,theorem,rat_mul_mono_nonneg,SixBirdsMetaMath.Main.LegalQuotient,SixBirdsMetaMath.Main.LegalQuotient.rat_mul_mono_nonneg
UNCLASSIFIED,SixBirdsMetaMath.Main.LegalQuotient,formalization/foundations_vi_scaffold/lean/vendor/foundations/six-birds-meta-math/lean/SixBirdsMetaMath/Main/LegalQuotient.lean,162,theorem,rat_add_le_add,SixBirdsMetaMath.Main.LegalQuotient,SixBirdsMetaMath.Main.LegalQuotient.rat_add_le_add
UNCLASSIFIED,SixBirdsMetaMath.Main.LegalQuotient,formalization/foundations_vi_scaffold/lean/vendor/foundations/six-birds-meta-math/lean/SixBirdsMetaMath/Main/LegalQuotient.lean,172,theorem,rat_add_eq_zero_left_of_nonneg,SixBirdsMetaMath.Main.LegalQuotient,SixBirdsMetaMath.Main.LegalQuotient.rat_add_eq_zero_left_of_nonneg
UNCLASSIFIED,SixBirdsMetaMath.Main.LegalQuotient,formalization/foundations_vi_scaffold/lean/vendor/foundations/six-birds-meta-math/lean/SixBirdsMetaMath/Main/LegalQuotient.lean,186,theorem,rat_add_eq_zero_right_of_nonneg,SixBirdsMetaMath.Main.LegalQuotient,SixBirdsMetaMath.Main.LegalQuotient.rat_add_eq_zero_right_of_nonneg
UNCLASSIFIED,SixBirdsMetaMath.Main.LegalQuotient,formalization/foundations_vi_scaffold/lean/vendor/foundations/six-birds-meta-math/lean/SixBirdsMetaMath/Main/LegalQuotient.lean,193,theorem,rat_neg_nonneg_of_nonpos,SixBirdsMetaMath.Main.LegalQuotient,SixBirdsMetaMath.Main.LegalQuotient.rat_neg_nonneg_of_nonpos
UNCLASSIFIED,SixBirdsMetaMath.Main.LegalQuotient,formalization/foundations_vi_scaffold/lean/vendor/foundations/six-birds-meta-math/lean/SixBirdsMetaMath/Main/LegalQuotient.lean,201,theorem,rat_neg_nonpos_of_nonneg,SixBirdsMetaMath.Main.LegalQuotient,SixBirdsMetaMath.Main.LegalQuotient.rat_neg_nonpos_of_nonneg
UNCLASSIFIED,SixBirdsMetaMath.Main.LegalQuotient,formalization/foundations_vi_scaffold/lean/vendor/foundations/six-birds-meta-math/lean/SixBirdsMetaMath/Main/LegalQuotient.lean,209,theorem,sumFin_nonneg,SixBirdsMetaMath.Main.LegalQuotient,SixBirdsMetaMath.Main.LegalQuotient.sumFin_nonneg
UNCLASSIFIED,SixBirdsMetaMath.Main.LegalQuotient,formalization/foundations_vi_scaffold/lean/vendor/foundations/six-birds-meta-math/lean/SixBirdsMetaMath/Main/LegalQuotient.lean,222,theorem,sumFin_mono,SixBirdsMetaMath.Main.LegalQuotient,SixBirdsMetaMath.Main.LegalQuotient.sumFin_mono
UNCLASSIFIED,SixBirdsMetaMath.Main.LegalQuotient,formalization/foundations_vi_scaffold/lean/vendor/foundations/six-birds-meta-math/lean/SixBirdsMetaMath/Main/LegalQuotient.lean,239,theorem,sumFin_eq_zero_of_nonneg,SixBirdsMetaMath.Main.LegalQuotient,SixBirdsMetaMath.Main.LegalQuotient.sumFin_eq_zero_of_nonneg
UNCLASSIFIED,SixBirdsMetaMath.Main.LegalQuotient,formalization/foundations_vi_scaffold/lean/vendor/foundations/six-birds-meta-math/lean/SixBirdsMetaMath/Main/LegalQuotient.lean,295,theorem,matVec_matMul,SixBirdsMetaMath.Main.LegalQuotient,SixBirdsMetaMath.Main.LegalQuotient.matVec_matMul
UNCLASSIFIED,SixBirdsMetaMath.Main.LegalQuotient,formalization/foundations_vi_scaffold/lean/vendor/foundations/six-birds-meta-math/lean/SixBirdsMetaMath/Main/LegalQuotient.lean,337,theorem,traceMat_zeroMat,SixBirdsMetaMath.Main.LegalQuotient,SixBirdsMetaMath.Main.LegalQuotient.traceMat_zeroMat
UNCLASSIFIED,SixBirdsMetaMath.Main.LegalQuotient,formalization/foundations_vi_scaffold/lean/vendor/foundations/six-birds-meta-math/lean/SixBirdsMetaMath/Main/LegalQuotient.lean,354,theorem,matAdd_zero_right,SixBirdsMetaMath.Main.LegalQuotient,SixBirdsMetaMath.Main.LegalQuotient.matAdd_zero_right
UNCLASSIFIED,SixBirdsMetaMath.Main.LegalQuotient,formalization/foundations_vi_scaffold/lean/vendor/foundations/six-birds-meta-math/lean/SixBirdsMetaMath/Main/LegalQuotient.lean,361,theorem,matScale_one,SixBirdsMetaMath.Main.LegalQuotient,SixBirdsMetaMath.Main.LegalQuotient.matScale_one
UNCLASSIFIED,SixBirdsMetaMath.Main.LegalQuotient,formalization/foundations_vi_scaffold/lean/vendor/foundations/six-birds-meta-math/lean/SixBirdsMetaMath/Main/LegalQuotient.lean,368,theorem,matVec_zeroMat,SixBirdsMetaMath.Main.LegalQuotient,SixBirdsMetaMath.Main.LegalQuotient.matVec_zeroMat
UNCLASSIFIED,SixBirdsMetaMath.Main.LegalQuotient,formalization/foundations_vi_scaffold/lean/vendor/foundations/six-birds-meta-math/lean/SixBirdsMetaMath/Main/LegalQuotient.lean,379,theorem,matVec_zero_input,SixBirdsMetaMath.Main.LegalQuotient,SixBirdsMetaMath.Main.LegalQuotient.matVec_zero_input
UNCLASSIFIED,SixBirdsMetaMath.Main.LegalQuotient,formalization/foundations_vi_scaffold/lean/vendor/foundations/six-birds-meta-math/lean/SixBirdsMetaMath/Main/LegalQuotient.lean,390,theorem,matVec_add,SixBirdsMetaMath.Main.LegalQuotient,SixBirdsMetaMath.Main.LegalQuotient.matVec_add
UNCLASSIFIED,SixBirdsMetaMath.Main.LegalQuotient,formalization/foundations_vi_scaffold/lean/vendor/foundations/six-birds-meta-math/lean/SixBirdsMetaMath/Main/LegalQuotient.lean,403,theorem,matVec_scale,SixBirdsMetaMath.Main.LegalQuotient,SixBirdsMetaMath.Main.LegalQuotient.matVec_scale
UNCLASSIFIED,SixBirdsMetaMath.Main.LegalQuotient,formalization/foundations_vi_scaffold/lean/vendor/foundations/six-birds-meta-math/lean/SixBirdsMetaMath/Main/LegalQuotient.lean,416,theorem,sumFin_sub,SixBirdsMetaMath.Main.LegalQuotient,SixBirdsMetaMath.Main.LegalQuotient.sumFin_sub
UNCLASSIFIED,SixBirdsMetaMath.Main.LegalQuotient,formalization/foundations_vi_scaffold/lean/vendor/foundations/six-birds-meta-math/lean/SixBirdsMetaMath/Main/LegalQuotient.lean,427,theorem,traceMat_sub,SixBirdsMetaMath.Main.LegalQuotient,SixBirdsMetaMath.Main.LegalQuotient.traceMat_sub
UNCLASSIFIED,SixBirdsMetaMath.Main.LegalQuotient,formalization/foundations_vi_scaffold/lean/vendor/foundations/six-birds-meta-math/lean/SixBirdsMetaMath/Main/LegalQuotient.lean,433,theorem,traceMat_add,SixBirdsMetaMath.Main.LegalQuotient,SixBirdsMetaMath.Main.LegalQuotient.traceMat_add
UNCLASSIFIED,SixBirdsMetaMath.Main.LegalQuotient,formalization/foundations_vi_scaffold/lean/vendor/foundations/six-birds-meta-math/lean/SixBirdsMetaMath/Main/LegalQuotient.lean,439,theorem,traceMat_scale,SixBirdsMetaMath.Main.LegalQuotient,SixBirdsMetaMath.Main.LegalQuotient.traceMat_scale
UNCLASSIFIED,SixBirdsMetaMath.Main.LegalQuotient,formalization/foundations_vi_scaffold/lean/vendor/foundations/six-birds-meta-math/lean/SixBirdsMetaMath/Main/LegalQuotient.lean,445,theorem,matVec_sub,SixBirdsMetaMath.Main.LegalQuotient,SixBirdsMetaMath.Main.LegalQuotient.matVec_sub
UNCLASSIFIED,SixBirdsMetaMath.Main.LegalQuotient,formalization/foundations_vi_scaffold/lean/vendor/foundations/six-birds-meta-math/lean/SixBirdsMetaMath/Main/LegalQuotient.lean,458,theorem,matMul_assoc,SixBirdsMetaMath.Main.LegalQuotient,SixBirdsMetaMath.Main.LegalQuotient.matMul_assoc
UNCLASSIFIED,SixBirdsMetaMath.Main.LegalQuotient,formalization/foundations_vi_scaffold/lean/vendor/foundations/six-birds-meta-math/lean/SixBirdsMetaMath/Main/LegalQuotient.lean,485,theorem,matMul_identity_right,SixBirdsMetaMath.Main.LegalQuotient,SixBirdsMetaMath.Main.LegalQuotient.matMul_identity_right
UNCLASSIFIED,SixBirdsMetaMath.Main.LegalQuotient,formalization/foundations_vi_scaffold/lean/vendor/foundations/six-birds-meta-math/lean/SixBirdsMetaMath/Main/LegalQuotient.lean,495,theorem,matMul_sub_right,SixBirdsMetaMath.Main.LegalQuotient,SixBirdsMetaMath.Main.LegalQuotient.matMul_sub_right
UNCLASSIFIED,SixBirdsMetaMath.Main.LegalQuotient,formalization/foundations_vi_scaffold/lean/vendor/foundations/six-birds-meta-math/lean/SixBirdsMetaMath/Main/LegalQuotient.lean,509,theorem,matMul_sub_left,SixBirdsMetaMath.Main.LegalQuotient,SixBirdsMetaMath.Main.LegalQuotient.matMul_sub_left
UNCLASSIFIED,SixBirdsMetaMath.Main.LegalQuotient,formalization/foundations_vi_scaffold/lean/vendor/foundations/six-birds-meta-math/lean/SixBirdsMetaMath/Main/LegalQuotient.lean,523,theorem,matMul_zero_left,SixBirdsMetaMath.Main.LegalQuotient,SixBirdsMetaMath.Main.LegalQuotient.matMul_zero_left
UNCLASSIFIED,SixBirdsMetaMath.Main.LegalQuotient,formalization/foundations_vi_scaffold/lean/vendor/foundations/six-birds-meta-math/lean/SixBirdsMetaMath/Main/LegalQuotient.lean,534,theorem,matMul_zero_right,SixBirdsMetaMath.Main.LegalQuotient,SixBirdsMetaMath.Main.LegalQuotient.matMul_zero_right
UNCLASSIFIED,SixBirdsMetaMath.Main.LegalQuotient,formalization/foundations_vi_scaffold/lean/vendor/foundations/six-birds-meta-math/lean/SixBirdsMetaMath/Main/LegalQuotient.lean,545,theorem,transpose_matMul,SixBirdsMetaMath.Main.LegalQuotient,SixBirdsMetaMath.Main.LegalQuotient.transpose_matMul
UNCLASSIFIED,SixBirdsMetaMath.Main.LegalQuotient,formalization/foundations_vi_scaffold/lean/vendor/foundations/six-birds-meta-math/lean/SixBirdsMetaMath/Main/LegalQuotient.lean,554,theorem,transpose_transpose,SixBirdsMetaMath.Main.LegalQuotient,SixBirdsMetaMath.Main.LegalQuotient.transpose_transpose
UNCLASSIFIED,SixBirdsMetaMath.Main.LegalQuotient,formalization/foundations_vi_scaffold/lean/vendor/foundations/six-birds-meta-math/lean/SixBirdsMetaMath/Main/LegalQuotient.lean,560,theorem,matAdd_sub_cancel,SixBirdsMetaMath.Main.LegalQuotient,SixBirdsMetaMath.Main.LegalQuotient.matAdd_sub_cancel
UNCLASSIFIED,SixBirdsMetaMath.Main.LegalQuotient,formalization/foundations_vi_scaffold/lean/vendor/foundations/six-birds-meta-math/lean/SixBirdsMetaMath/Main/LegalQuotient.lean,567,theorem,matVec_identity,SixBirdsMetaMath.Main.LegalQuotient,SixBirdsMetaMath.Main.LegalQuotient.matVec_identity
UNCLASSIFIED,SixBirdsMetaMath.Main.LegalQuotient,formalization/foundations_vi_scaffold/lean/vendor/foundations/six-birds-meta-math/lean/SixBirdsMetaMath/Main/LegalQuotient.lean,582,theorem,dot_add_right,SixBirdsMetaMath.Main.LegalQuotient,SixBirdsMetaMath.Main.LegalQuotient.dot_add_right
UNCLASSIFIED,SixBirdsMetaMath.Main.LegalQuotient,formalization/foundations_vi_scaffold/lean/vendor/foundations/six-birds-meta-math/lean/SixBirdsMetaMath/Main/LegalQuotient.lean,594,theorem,dot_sub_right,SixBirdsMetaMath.Main.LegalQuotient,SixBirdsMetaMath.Main.LegalQuotient.dot_sub_right
UNCLASSIFIED,SixBirdsMetaMath.Main.LegalQuotient,formalization/foundations_vi_scaffold/lean/vendor/foundations/six-birds-meta-math/lean/SixBirdsMetaMath/Main/LegalQuotient.lean,606,theorem,dot_scale_right,SixBirdsMetaMath.Main.LegalQuotient,SixBirdsMetaMath.Main.LegalQuotient.dot_scale_right
UNCLASSIFIED,SixBirdsMetaMath.Main.LegalQuotient,formalization/foundations_vi_scaffold/lean/vendor/foundations/six-birds-meta-math/lean/SixBirdsMetaMath/Main/LegalQuotient.lean,618,theorem,dot_self_nonneg,SixBirdsMetaMath.Main.LegalQuotient,SixBirdsMetaMath.Main.LegalQuotient.dot_self_nonneg
UNCLASSIFIED,SixBirdsMetaMath.Main.LegalQuotient,formalization/foundations_vi_scaffold/lean/vendor/foundations/six-birds-meta-math/lean/SixBirdsMetaMath/Main/LegalQuotient.lean,623,theorem,dot_self_eq_zero,SixBirdsMetaMath.Main.LegalQuotient,SixBirdsMetaMath.Main.LegalQuotient.dot_self_eq_zero
UNCLASSIFIED,SixBirdsMetaMath.Main.LegalQuotient,formalization/foundations_vi_scaffold/lean/vendor/foundations/six-birds-meta-math/lean/SixBirdsMetaMath/Main/LegalQuotient.lean,648,theorem,dot_matVec_transpose,SixBirdsMetaMath.Main.LegalQuotient,SixBirdsMetaMath.Main.LegalQuotient.dot_matVec_transpose
UNCLASSIFIED,SixBirdsMetaMath.Main.LegalQuotient,formalization/foundations_vi_scaffold/lean/vendor/foundations/six-birds-meta-math/lean/SixBirdsMetaMath/Main/LegalQuotient.lean,677,theorem,matVec_standardBasis,SixBirdsMetaMath.Main.LegalQuotient,SixBirdsMetaMath.Main.LegalQuotient.matVec_standardBasis
UNCLASSIFIED,SixBirdsMetaMath.Main.LegalQuotient,formalization/foundations_vi_scaffold/lean/vendor/foundations/six-birds-meta-math/lean/SixBirdsMetaMath/Main/LegalQuotient.lean,689,theorem,quad_standardBasis,SixBirdsMetaMath.Main.LegalQuotient,SixBirdsMetaMath.Main.LegalQuotient.quad_standardBasis
UNCLASSIFIED,SixBirdsMetaMath.Main.LegalQuotient,formalization/foundations_vi_scaffold/lean/vendor/foundations/six-birds-meta-math/lean/SixBirdsMetaMath/Main/LegalQuotient.lean,702,theorem,quad_add,SixBirdsMetaMath.Main.LegalQuotient,SixBirdsMetaMath.Main.LegalQuotient.quad_add
UNCLASSIFIED,SixBirdsMetaMath.Main.LegalQuotient,formalization/foundations_vi_scaffold/lean/vendor/foundations/six-birds-meta-math/lean/SixBirdsMetaMath/Main/LegalQuotient.lean,709,theorem,quad_scale,SixBirdsMetaMath.Main.LegalQuotient,SixBirdsMetaMath.Main.LegalQuotient.quad_scale
UNCLASSIFIED,SixBirdsMetaMath.Main.LegalQuotient,formalization/foundations_vi_scaffold/lean/vendor/foundations/six-birds-meta-math/lean/SixBirdsMetaMath/Main/LegalQuotient.lean,716,theorem,quad_conjugate,SixBirdsMetaMath.Main.LegalQuotient,SixBirdsMetaMath.Main.LegalQuotient.quad_conjugate
UNCLASSIFIED,SixBirdsMetaMath.Main.LegalQuotient,formalization/foundations_vi_scaffold/lean/vendor/foundations/six-birds-meta-math/lean/SixBirdsMetaMath/Main/LegalQuotient.lean,729,theorem,quad_sub_neg,SixBirdsMetaMath.Main.LegalQuotient,SixBirdsMetaMath.Main.LegalQuotient.quad_sub_neg
UNCLASSIFIED,SixBirdsMetaMath.Main.LegalQuotient,formalization/foundations_vi_scaffold/lean/vendor/foundations/six-birds-meta-math/lean/SixBirdsMetaMath/Main/LegalQuotient.lean,744,theorem,posSemidef_zero,SixBirdsMetaMath.Main.LegalQuotient,SixBirdsMetaMath.Main.LegalQuotient.posSemidef_zero
UNCLASSIFIED,SixBirdsMetaMath.Main.LegalQuotient,formalization/foundations_vi_scaffold/lean/vendor/foundations/six-birds-meta-math/lean/SixBirdsMetaMath/Main/LegalQuotient.lean,757,theorem,posSemidef_add,SixBirdsMetaMath.Main.LegalQuotient,SixBirdsMetaMath.Main.LegalQuotient.posSemidef_add
UNCLASSIFIED,SixBirdsMetaMath.Main.LegalQuotient,formalization/foundations_vi_scaffold/lean/vendor/foundations/six-birds-meta-math/lean/SixBirdsMetaMath/Main/LegalQuotient.lean,765,theorem,posSemidef_scale_nonneg,SixBirdsMetaMath.Main.LegalQuotient,SixBirdsMetaMath.Main.LegalQuotient.posSemidef_scale_nonneg
UNCLASSIFIED,SixBirdsMetaMath.Main.LegalQuotient,formalization/foundations_vi_scaffold/lean/vendor/foundations/six-birds-meta-math/lean/SixBirdsMetaMath/Main/LegalQuotient.lean,772,theorem,posSemidef_conjugate,SixBirdsMetaMath.Main.LegalQuotient,SixBirdsMetaMath.Main.LegalQuotient.posSemidef_conjugate
UNCLASSIFIED,SixBirdsMetaMath.Main.LegalQuotient,formalization/foundations_vi_scaffold/lean/vendor/foundations/six-birds-meta-math/lean/SixBirdsMetaMath/Main/LegalQuotient.lean,780,theorem,psd_trace_nonneg,SixBirdsMetaMath.Main.LegalQuotient,SixBirdsMetaMath.Main.LegalQuotient.psd_trace_nonneg
UNCLASSIFIED,SixBirdsMetaMath.Main.LegalQuotient,formalization/foundations_vi_scaffold/lean/vendor/foundations/six-birds-meta-math/lean/SixBirdsMetaMath/Main/LegalQuotient.lean,803,theorem,transpose_diagonalPseudoInverse,SixBirdsMetaMath.Main.LegalQuotient,SixBirdsMetaMath.Main.LegalQuotient.transpose_diagonalPseudoInverse
UNCLASSIFIED,SixBirdsMetaMath.Main.LegalQuotient,formalization/foundations_vi_scaffold/lean/vendor/foundations/six-birds-meta-math/lean/SixBirdsMetaMath/Main/LegalQuotient.lean,814,theorem,rat_pos_ne_zero,SixBirdsMetaMath.Main.LegalQuotient,SixBirdsMetaMath.Main.LegalQuotient.rat_pos_ne_zero
UNCLASSIFIED,SixBirdsMetaMath.Main.LegalQuotient,formalization/foundations_vi_scaffold/lean/vendor/foundations/six-birds-meta-math/lean/SixBirdsMetaMath/Main/LegalQuotient.lean,818,theorem,diagonalPseudoInverse_strictPositiveDiagonal_inverse,SixBirdsMetaMath.Main.LegalQuotient,SixBirdsMetaMath.Main.LegalQuotient.diagonalPseudoInverse_strictPositiveDiagonal_inverse
UNCLASSIFIED,SixBirdsMetaMath.Main.LegalQuotient,formalization/foundations_vi_scaffold/lean/vendor/foundations/six-birds-meta-math/lean/SixBirdsMetaMath/Main/LegalQuotient.lean,883,theorem,auditOptimalEnergy_eq_currencyQuad,SixBirdsMetaMath.Main.LegalQuotient,SixBirdsMetaMath.Main.LegalQuotient.auditOptimalEnergy_eq_currencyQuad
UNCLASSIFIED,SixBirdsMetaMath.Main.LegalQuotient,formalization/foundations_vi_scaffold/lean/vendor/foundations/six-birds-meta-math/lean/SixBirdsMetaMath/Main/LegalQuotient.lean,962,theorem,matSub_self_eq_zero,SixBirdsMetaMath.Main.LegalQuotient,SixBirdsMetaMath.Main.LegalQuotient.matSub_self_eq_zero
UNCLASSIFIED,SixBirdsMetaMath.Main.LegalQuotient,formalization/foundations_vi_scaffold/lean/vendor/foundations/six-birds-meta-math/lean/SixBirdsMetaMath/Main/LegalQuotient.lean,969,theorem,matSub_zero_right,SixBirdsMetaMath.Main.LegalQuotient,SixBirdsMetaMath.Main.LegalQuotient.matSub_zero_right
UNCLASSIFIED,SixBirdsMetaMath.Main.LegalQuotient,formalization/foundations_vi_scaffold/lean/vendor/foundations/six-birds-meta-math/lean/SixBirdsMetaMath/Main/LegalQuotient.lean,976,theorem,matSub_self_matSub,SixBirdsMetaMath.Main.LegalQuotient,SixBirdsMetaMath.Main.LegalQuotient.matSub_self_matSub
UNCLASSIFIED,SixBirdsMetaMath.Main.LegalQuotient,formalization/foundations_vi_scaffold/lean/vendor/foundations/six-birds-meta-math/lean/SixBirdsMetaMath/Main/LegalQuotient.lean,983,theorem,matSub_add_matSub,SixBirdsMetaMath.Main.LegalQuotient,SixBirdsMetaMath.Main.LegalQuotient.matSub_add_matSub
UNCLASSIFIED,SixBirdsMetaMath.Main.LegalQuotient,formalization/foundations_vi_scaffold/lean/vendor/foundations/six-birds-meta-math/lean/SixBirdsMetaMath/Main/LegalQuotient.lean,990,theorem,matSub_matAdd_matAdd,SixBirdsMetaMath.Main.LegalQuotient,SixBirdsMetaMath.Main.LegalQuotient.matSub_matAdd_matAdd
UNCLASSIFIED,SixBirdsMetaMath.Main.LegalQuotient,formalization/foundations_vi_scaffold/lean/vendor/foundations/six-birds-meta-math/lean/SixBirdsMetaMath/Main/LegalQuotient.lean,997,theorem,matSub_scale,SixBirdsMetaMath.Main.LegalQuotient,SixBirdsMetaMath.Main.LegalQuotient.matSub_scale
UNCLASSIFIED,SixBirdsMetaMath.Main.LegalQuotient,formalization/foundations_vi_scaffold/lean/vendor/foundations/six-birds-meta-math/lean/SixBirdsMetaMath/Main/LegalQuotient.lean,1004,theorem,matSub_matMul_conjugate,SixBirdsMetaMath.Main.LegalQuotient,SixBirdsMetaMath.Main.LegalQuotient.matSub_matMul_conjugate
UNCLASSIFIED,SixBirdsMetaMath.Main.LegalQuotient,formalization/foundations_vi_scaffold/lean/vendor/foundations/six-birds-meta-math/lean/SixBirdsMetaMath/Main/LegalQuotient.lean,1015,theorem,loewnerLE_iff_psd_sub,SixBirdsMetaMath.Main.LegalQuotient,SixBirdsMetaMath.Main.LegalQuotient.loewnerLE_iff_psd_sub
UNCLASSIFIED,SixBirdsMetaMath.Main.LegalQuotient,formalization/foundations_vi_scaffold/lean/vendor/foundations/six-birds-meta-math/lean/SixBirdsMetaMath/Main/LegalQuotient.lean,1038,theorem,loewnerLE_refl,SixBirdsMetaMath.Main.LegalQuotient,SixBirdsMetaMath.Main.LegalQuotient.loewnerLE_refl
UNCLASSIFIED,SixBirdsMetaMath.Main.LegalQuotient,formalization/foundations_vi_scaffold/lean/vendor/foundations/six-birds-meta-math/lean/SixBirdsMetaMath/Main/LegalQuotient.lean,1044,theorem,loewnerLE_trans,SixBirdsMetaMath.Main.LegalQuotient,SixBirdsMetaMath.Main.LegalQuotient.loewnerLE_trans
UNCLASSIFIED,SixBirdsMetaMath.Main.LegalQuotient,formalization/foundations_vi_scaffold/lean/vendor/foundations/six-birds-meta-math/lean/SixBirdsMetaMath/Main/LegalQuotient.lean,1053,theorem,loewnerLE_add_mono,SixBirdsMetaMath.Main.LegalQuotient,SixBirdsMetaMath.Main.LegalQuotient.loewnerLE_add_mono
UNCLASSIFIED,SixBirdsMetaMath.Main.LegalQuotient,formalization/foundations_vi_scaffold/lean/vendor/foundations/six-birds-meta-math/lean/SixBirdsMetaMath/Main/LegalQuotient.lean,1063,theorem,loewnerLE_scale_nonneg,SixBirdsMetaMath.Main.LegalQuotient,SixBirdsMetaMath.Main.LegalQuotient.loewnerLE_scale_nonneg
UNCLASSIFIED,SixBirdsMetaMath.Main.LegalQuotient,formalization/foundations_vi_scaffold/lean/vendor/foundations/six-birds-meta-math/lean/SixBirdsMetaMath/Main/LegalQuotient.lean,1071,theorem,loewnerLE_conjugate,SixBirdsMetaMath.Main.LegalQuotient,SixBirdsMetaMath.Main.LegalQuotient.loewnerLE_conjugate
UNCLASSIFIED,SixBirdsMetaMath.Main.LegalQuotient,formalization/foundations_vi_scaffold/lean/vendor/foundations/six-birds-meta-math/lean/SixBirdsMetaMath/Main/LegalQuotient.lean,1080,theorem,loewnerLE_matSub_self,SixBirdsMetaMath.Main.LegalQuotient,SixBirdsMetaMath.Main.LegalQuotient.loewnerLE_matSub_self
UNCLASSIFIED,SixBirdsMetaMath.Main.LegalQuotient,formalization/foundations_vi_scaffold/lean/vendor/foundations/six-birds-meta-math/lean/SixBirdsMetaMath/Main/LegalQuotient.lean,1088,theorem,loewnerLE_self_matAdd,SixBirdsMetaMath.Main.LegalQuotient,SixBirdsMetaMath.Main.LegalQuotient.loewnerLE_self_matAdd
UNCLASSIFIED,SixBirdsMetaMath.Main.LegalQuotient,formalization/foundations_vi_scaffold/lean/vendor/foundations/six-birds-meta-math/lean/SixBirdsMetaMath/Main/LegalQuotient.lean,1099,theorem,matSub_scaled_add,SixBirdsMetaMath.Main.LegalQuotient,SixBirdsMetaMath.Main.LegalQuotient.matSub_scaled_add
UNCLASSIFIED,SixBirdsMetaMath.Main.LegalQuotient,formalization/foundations_vi_scaffold/lean/vendor/foundations/six-birds-meta-math/lean/SixBirdsMetaMath/Main/LegalQuotient.lean,1112,theorem,loewnerLE_scaled_add,SixBirdsMetaMath.Main.LegalQuotient,SixBirdsMetaMath.Main.LegalQuotient.loewnerLE_scaled_add
UNCLASSIFIED,SixBirdsMetaMath.Main.LegalQuotient,formalization/foundations_vi_scaffold/lean/vendor/foundations/six-birds-meta-math/lean/SixBirdsMetaMath/Main/LegalQuotient.lean,1127,theorem,loewnerLE_traceMat_mono,SixBirdsMetaMath.Main.LegalQuotient,SixBirdsMetaMath.Main.LegalQuotient.loewnerLE_traceMat_mono
UNCLASSIFIED,SixBirdsMetaMath.Main.LegalQuotient,formalization/foundations_vi_scaffold/lean/vendor/foundations/six-birds-meta-math/lean/SixBirdsMetaMath/Main/LegalQuotient.lean,1147,theorem,probeFamilyCurrency,SixBirdsMetaMath.Main.LegalQuotient,SixBirdsMetaMath.Main.LegalQuotient.probeFamilyCurrency
UNCLASSIFIED,SixBirdsMetaMath.Main.LegalQuotient,formalization/foundations_vi_scaffold/lean/vendor/foundations/six-birds-meta-math/lean/SixBirdsMetaMath/Main/LegalQuotient.lean,1222,theorem,minimumSpendDuality,SixBirdsMetaMath.Main.LegalQuotient,SixBirdsMetaMath.Main.LegalQuotient.minimumSpendDuality
UNCLASSIFIED,SixBirdsMetaMath.Main.XiInterface,formalization/foundations_vi_scaffold/lean/vendor/foundations/six-birds-meta-math/lean/SixBirdsMetaMath/Main/XiInterface.lean,30,theorem,adequacyInterface,SixBirdsMetaMath.Main.XiInterface,SixBirdsMetaMath.Main.XiInterface.adequacyInterface
UNCLASSIFIED,SixBirdsMetaMath.Terminology,formalization/foundations_vi_scaffold/lean/vendor/foundations/six-birds-meta-math/lean/SixBirdsMetaMath/Terminology.lean,22,theorem,F2TypedNonCollapse,SixBirdsMetaMath,SixBirdsMetaMath.F2TypedNonCollapse
UNCLASSIFIED,ClosureLadder.Basic,formalization/foundations_vi_scaffold/lean/vendor/foundations/six-birds-theory/formal/ClosureLadder/Basic.lean,34,theorem,isClosed_iff,ClosureOp,ClosureOp.isClosed_iff
UNCLASSIFIED,ClosureLadder.Basic,formalization/foundations_vi_scaffold/lean/vendor/foundations/six-birds-theory/formal/ClosureLadder/Basic.lean,38,theorem,isClosed_of_le,ClosureOp,ClosureOp.isClosed_of_le
UNCLASSIFIED,ClosureLadder.Basic,formalization/foundations_vi_scaffold/lean/vendor/foundations/six-birds-theory/formal/ClosureLadder/Basic.lean,42,theorem,closure_isClosed,ClosureOp,ClosureOp.closure_isClosed
UNCLASSIFIED,ClosureLadder.Basic,formalization/foundations_vi_scaffold/lean/vendor/foundations/six-birds-theory/formal/ClosureLadder/Basic.lean,46,theorem,closure_idempotent,ClosureOp,ClosureOp.closure_idempotent
UNCLASSIFIED,ClosureLadder.Basic,formalization/foundations_vi_scaffold/lean/vendor/foundations/six-birds-theory/formal/ClosureLadder/Basic.lean,50,theorem,closure_iterate_succ,ClosureOp,ClosureOp.closure_iterate_succ
UNCLASSIFIED,ClosureLadder.Basic,formalization/foundations_vi_scaffold/lean/vendor/foundations/six-birds-theory/formal/ClosureLadder/Basic.lean,63,theorem,closure_iterate_ge_one,ClosureOp,ClosureOp.closure_iterate_ge_one
UNCLASSIFIED,ClosureLadder.Basic,formalization/foundations_vi_scaffold/lean/vendor/foundations/six-birds-theory/formal/ClosureLadder/Basic.lean,74,theorem,closure_isClosed,,closure_isClosed
UNCLASSIFIED,ClosureLadder.Basic,formalization/foundations_vi_scaffold/lean/vendor/foundations/six-birds-theory/formal/ClosureLadder/Basic.lean,78,theorem,closure_idempotent,,closure_idempotent
UNCLASSIFIED,ClosureLadder.Basic,formalization/foundations_vi_scaffold/lean/vendor/foundations/six-birds-theory/formal/ClosureLadder/Basic.lean,82,theorem,closure_iterate_succ,,closure_iterate_succ
UNCLASSIFIED,ClosureLadder.Basic,formalization/foundations_vi_scaffold/lean/vendor/foundations/six-birds-theory/formal/ClosureLadder/Basic.lean,86,theorem,closure_iterate_ge_one,,closure_iterate_ge_one
UNCLASSIFIED,ClosureLadder.Basic,formalization/foundations_vi_scaffold/lean/vendor/foundations/six-birds-theory/formal/ClosureLadder/Basic.lean,98,theorem,ladder_mono,,ladder_mono
UNCLASSIFIED,ClosureLadder.Basic,formalization/foundations_vi_scaffold/lean/vendor/foundations/six-birds-theory/formal/ClosureLadder/Basic.lean,102,theorem,closed_sets_antitone_in_ladder,,closed_sets_antitone_in_ladder
UNCLASSIFIED,ClosureLadder.IdempotentEndo,formalization/foundations_vi_scaffold/lean/vendor/foundations/six-birds-theory/formal/ClosureLadder/IdempotentEndo.lean,24,theorem,incl_retract,ClosureLadder.IdempotentEndo,ClosureLadder.IdempotentEndo.incl_retract
UNCLASSIFIED,ClosureLadder.IdempotentEndo,formalization/foundations_vi_scaffold/lean/vendor/foundations/six-birds-theory/formal/ClosureLadder/IdempotentEndo.lean,26,theorem,retract_incl,ClosureLadder.IdempotentEndo,ClosureLadder.IdempotentEndo.retract_incl
UNCLASSIFIED,ClosureLadder.MetaPackaging,formalization/foundations_vi_scaffold/lean/vendor/foundations/six-birds-theory/formal/ClosureLadder/MetaPackaging.lean,20,theorem,repack_idempotent,ClosureLadder.MetaPackaging,ClosureLadder.MetaPackaging.repack_idempotent
UNCLASSIFIED,ClosureLadder.MetaPackaging,formalization/foundations_vi_scaffold/lean/vendor/foundations/six-birds-theory/formal/ClosureLadder/MetaPackaging.lean,24,theorem,repack_pack_eq_pack,ClosureLadder.MetaPackaging,ClosureLadder.MetaPackaging.repack_pack_eq_pack
UNCLASSIFIED,ClosureLadder.Packaging,formalization/foundations_vi_scaffold/lean/vendor/foundations/six-birds-theory/formal/ClosureLadder/Packaging.lean,15,theorem,incl_reflect_eq,ClosureOp,ClosureOp.incl_reflect_eq
UNCLASSIFIED,ClosureLadder.Packaging,formalization/foundations_vi_scaffold/lean/vendor/foundations/six-birds-theory/formal/ClosureLadder/Packaging.lean,19,theorem,reflect_incl_eq,ClosureOp,ClosureOp.reflect_incl_eq
