name,law_id,lean_kind,manifest_kind,module,file,line,upstream_manifest_status,source_file,trust_base_tag
SixBirdsFoundationsV.FineSourceTag,D3,inductive,definition,SixBirdsFoundationsV.Definitional.CarriedRecord,formalization/foundations_v_scaffold/lean/SixBirdsFoundationsV/Definitional/CarriedRecord.lean,15,UPSTREAM_MANIFEST_MATCH,formalization/notes/examples/D3.md,none
SixBirdsFoundationsV.CarriedSource,D3,def,definition,SixBirdsFoundationsV.Definitional.CarriedRecord,formalization/foundations_v_scaffold/lean/SixBirdsFoundationsV/Definitional/CarriedRecord.lean,26,UPSTREAM_MANIFEST_MATCH,formalization/notes/examples/D3.md,none
SixBirdsFoundationsV.IsCarrierCoordinate,D3,def,definition,SixBirdsFoundationsV.Definitional.CarriedRecord,formalization/foundations_v_scaffold/lean/SixBirdsFoundationsV/Definitional/CarriedRecord.lean,32,UPSTREAM_MANIFEST_MATCH,formalization/notes/examples/D3.md,none
SixBirdsFoundationsV.OwnKernelTraceTo,D3,def,definition,SixBirdsFoundationsV.Definitional.CarriedRecord,formalization/foundations_v_scaffold/lean/SixBirdsFoundationsV/Definitional/CarriedRecord.lean,36,UPSTREAM_MANIFEST_MATCH,formalization/notes/examples/D3.md,none
SixBirdsFoundationsV.ExistsDeclaredTrajectory,D3,def,definition,SixBirdsFoundationsV.Definitional.CarriedRecord,formalization/foundations_v_scaffold/lean/SixBirdsFoundationsV/Definitional/CarriedRecord.lean,46,UPSTREAM_MANIFEST_MATCH,formalization/notes/examples/D3.md,none
SixBirdsFoundationsV.CarriedRecord,D3,def,definition,SixBirdsFoundationsV.Definitional.CarriedRecord,formalization/foundations_v_scaffold/lean/SixBirdsFoundationsV/Definitional/CarriedRecord.lean,54,UPSTREAM_MANIFEST_MATCH,formalization/notes/examples/D3.md,none
SixBirdsFoundationsV.CheckRuleRecord,D3,structure,definition,SixBirdsFoundationsV.Definitional.CarriedRecord,formalization/foundations_v_scaffold/lean/SixBirdsFoundationsV/Definitional/CarriedRecord.lean,67,UPSTREAM_MANIFEST_MATCH,formalization/notes/examples/D3.md,none
SixBirdsFoundationsV.AllRecords,D3,def,definition,SixBirdsFoundationsV.Definitional.CarriedRecord,formalization/foundations_v_scaffold/lean/SixBirdsFoundationsV/Definitional/CarriedRecord.lean,72,UPSTREAM_MANIFEST_MATCH,formalization/notes/examples/D3.md,none
SixBirdsFoundationsV.CarriedInstrument,D3,def,definition,SixBirdsFoundationsV.Definitional.CarriedRecord,formalization/foundations_v_scaffold/lean/SixBirdsFoundationsV/Definitional/CarriedRecord.lean,89,UPSTREAM_MANIFEST_MATCH,formalization/notes/examples/D3.md,none
SixBirdsFoundationsV.carriedSource_committed_state,D3,theorem,theorem,SixBirdsFoundationsV.Definitional.CarriedRecord,formalization/foundations_v_scaffold/lean/SixBirdsFoundationsV/Definitional/CarriedRecord.lean,100,UPSTREAM_MANIFEST_MATCH,formalization/notes/examples/D3.md,none
SixBirdsFoundationsV.carriedSource_audited_cell_records,D3,theorem,theorem,SixBirdsFoundationsV.Definitional.CarriedRecord,formalization/foundations_v_scaffold/lean/SixBirdsFoundationsV/Definitional/CarriedRecord.lean,104,UPSTREAM_MANIFEST_MATCH,formalization/notes/examples/D3.md,none
SixBirdsFoundationsV.carriedSource_allowed_tag,D3,theorem,theorem,SixBirdsFoundationsV.Definitional.CarriedRecord,formalization/foundations_v_scaffold/lean/SixBirdsFoundationsV/Definitional/CarriedRecord.lean,108,UPSTREAM_MANIFEST_MATCH,formalization/notes/examples/D3.md,none
SixBirdsFoundationsV.not_carriedSource_fallback,D3,theorem,theorem,SixBirdsFoundationsV.Definitional.CarriedRecord,formalization/foundations_v_scaffold/lean/SixBirdsFoundationsV/Definitional/CarriedRecord.lean,115,UPSTREAM_MANIFEST_MATCH,formalization/notes/examples/D3.md,none
SixBirdsFoundationsV.not_carriedSource_independent_pair_witness,D3,theorem,theorem,SixBirdsFoundationsV.Definitional.CarriedRecord,formalization/foundations_v_scaffold/lean/SixBirdsFoundationsV/Definitional/CarriedRecord.lean,122,UPSTREAM_MANIFEST_MATCH,formalization/notes/examples/D3.md,none
SixBirdsFoundationsV.not_carriedSource_simulation_trace,D3,theorem,theorem,SixBirdsFoundationsV.Definitional.CarriedRecord,formalization/foundations_v_scaffold/lean/SixBirdsFoundationsV/Definitional/CarriedRecord.lean,131,UPSTREAM_MANIFEST_MATCH,formalization/notes/examples/D3.md,none
SixBirdsFoundationsV.not_carriedSource_ablation_record,D3,theorem,theorem,SixBirdsFoundationsV.Definitional.CarriedRecord,formalization/foundations_v_scaffold/lean/SixBirdsFoundationsV/Definitional/CarriedRecord.lean,139,UPSTREAM_MANIFEST_MATCH,formalization/notes/examples/D3.md,none
SixBirdsFoundationsV.not_carriedSource_unknown,D3,theorem,theorem,SixBirdsFoundationsV.Definitional.CarriedRecord,formalization/foundations_v_scaffold/lean/SixBirdsFoundationsV/Definitional/CarriedRecord.lean,147,UPSTREAM_MANIFEST_MATCH,formalization/notes/examples/D3.md,none
SixBirdsFoundationsV.not_carriedSource_contradictory,D3,theorem,theorem,SixBirdsFoundationsV.Definitional.CarriedRecord,formalization/foundations_v_scaffold/lean/SixBirdsFoundationsV/Definitional/CarriedRecord.lean,154,UPSTREAM_MANIFEST_MATCH,formalization/notes/examples/D3.md,none
SixBirdsFoundationsV.carriedSource_decidable,D3,def,definition,SixBirdsFoundationsV.Definitional.CarriedRecord,formalization/foundations_v_scaffold/lean/SixBirdsFoundationsV/Definitional/CarriedRecord.lean,161,UPSTREAM_MANIFEST_MATCH,formalization/notes/examples/D3.md,none
SixBirdsFoundationsV.ownKernelTraceTo_step_in_scope,D3,theorem,theorem,SixBirdsFoundationsV.Definitional.CarriedRecord,formalization/foundations_v_scaffold/lean/SixBirdsFoundationsV/Definitional/CarriedRecord.lean,167,UPSTREAM_MANIFEST_MATCH,formalization/notes/examples/D3.md,none
SixBirdsFoundationsV.ownKernelTraceTo_suppK,D3,theorem,theorem,SixBirdsFoundationsV.Definitional.CarriedRecord,formalization/foundations_v_scaffold/lean/SixBirdsFoundationsV/Definitional/CarriedRecord.lean,177,UPSTREAM_MANIFEST_MATCH,formalization/notes/examples/D3.md,none
SixBirdsFoundationsV.not_ownKernelTraceTo_of_step_not_in_scope,D3,theorem,theorem,SixBirdsFoundationsV.Definitional.CarriedRecord,formalization/foundations_v_scaffold/lean/SixBirdsFoundationsV/Definitional/CarriedRecord.lean,187,UPSTREAM_MANIFEST_MATCH,formalization/notes/examples/D3.md,none
SixBirdsFoundationsV.not_carriedRecord_of_step_not_in_scope,D3,theorem,theorem,SixBirdsFoundationsV.Definitional.CarriedRecord,formalization/foundations_v_scaffold/lean/SixBirdsFoundationsV/Definitional/CarriedRecord.lean,198,UPSTREAM_MANIFEST_MATCH,formalization/notes/examples/D3.md,none
SixBirdsFoundationsV.ownKernelTraceTo_decidable_of_inputs,D3,def,definition,SixBirdsFoundationsV.Definitional.CarriedRecord,formalization/foundations_v_scaffold/lean/SixBirdsFoundationsV/Definitional/CarriedRecord.lean,214,UPSTREAM_MANIFEST_MATCH,formalization/notes/examples/D3.md,none
SixBirdsFoundationsV.carriedRecord_decidable_of_inputs,D3,def,definition,SixBirdsFoundationsV.Definitional.CarriedRecord,formalization/foundations_v_scaffold/lean/SixBirdsFoundationsV/Definitional/CarriedRecord.lean,228,UPSTREAM_MANIFEST_MATCH,formalization/notes/examples/D3.md,none
SixBirdsFoundationsV.carriedInstrument_decidable_of_inputs,D3,def,definition,SixBirdsFoundationsV.Definitional.CarriedRecord,formalization/foundations_v_scaffold/lean/SixBirdsFoundationsV/Definitional/CarriedRecord.lean,247,UPSTREAM_MANIFEST_MATCH,formalization/notes/examples/D3.md,none
SixBirdsFoundationsV.not_carriedInstrument_of_incomplete_inventory,D3,theorem,theorem,SixBirdsFoundationsV.Definitional.CarriedRecord,formalization/foundations_v_scaffold/lean/SixBirdsFoundationsV/Definitional/CarriedRecord.lean,265,UPSTREAM_MANIFEST_MATCH,formalization/notes/examples/D3.md,none
SixBirdsFoundationsV.not_carriedInstrument_empty_without_complete_inventory,D3,theorem,theorem,SixBirdsFoundationsV.Definitional.CarriedRecord,formalization/foundations_v_scaffold/lean/SixBirdsFoundationsV/Definitional/CarriedRecord.lean,277,UPSTREAM_MANIFEST_MATCH,formalization/notes/examples/D3.md,none
SixBirdsFoundationsV.RepairEntryClass,D5,structure,definition,SixBirdsFoundationsV.Definitional.ClosedLoopScope,formalization/foundations_v_scaffold/lean/SixBirdsFoundationsV/Definitional/ClosedLoopScope.lean,13,UPSTREAM_MANIFEST_MATCH,formalization/notes/examples/D5.md,none
SixBirdsFoundationsV.RepairTypedAuditEntry,D5,inductive,definition,SixBirdsFoundationsV.Definitional.ClosedLoopScope,formalization/foundations_v_scaffold/lean/SixBirdsFoundationsV/Definitional/ClosedLoopScope.lean,20,UPSTREAM_MANIFEST_MATCH,formalization/notes/examples/D5.md,none
SixBirdsFoundationsV.RepairTypedAuditEntry.entryClass,D5,def,definition,SixBirdsFoundationsV.Definitional.ClosedLoopScope,formalization/foundations_v_scaffold/lean/SixBirdsFoundationsV/Definitional/ClosedLoopScope.lean,27,UPSTREAM_MANIFEST_MATCH,formalization/notes/examples/D5.md,none
SixBirdsFoundationsV.SameRepairRecordValue,D5,inductive,definition,SixBirdsFoundationsV.Definitional.ClosedLoopScope,formalization/foundations_v_scaffold/lean/SixBirdsFoundationsV/Definitional/ClosedLoopScope.lean,35,UPSTREAM_MANIFEST_MATCH,formalization/notes/examples/D5.md,none
SixBirdsFoundationsV.RepairTypedAuditEntryCarried,D5,def,definition,SixBirdsFoundationsV.Definitional.ClosedLoopScope,formalization/foundations_v_scaffold/lean/SixBirdsFoundationsV/Definitional/ClosedLoopScope.lean,58,UPSTREAM_MANIFEST_MATCH,formalization/notes/examples/D5.md,none
SixBirdsFoundationsV.ChallengeEpisode,D5,structure,definition,SixBirdsFoundationsV.Definitional.ClosedLoopScope,formalization/foundations_v_scaffold/lean/SixBirdsFoundationsV/Definitional/ClosedLoopScope.lean,77,UPSTREAM_MANIFEST_MATCH,formalization/notes/examples/D5.md,none
SixBirdsFoundationsV.ChallengeHistory,D5,structure,definition,SixBirdsFoundationsV.Definitional.ClosedLoopScope,formalization/foundations_v_scaffold/lean/SixBirdsFoundationsV/Definitional/ClosedLoopScope.lean,88,UPSTREAM_MANIFEST_MATCH,formalization/notes/examples/D5.md,none
SixBirdsFoundationsV.ClosedLoopScope,D5,def,definition,SixBirdsFoundationsV.Definitional.ClosedLoopScope,formalization/foundations_v_scaffold/lean/SixBirdsFoundationsV/Definitional/ClosedLoopScope.lean,109,UPSTREAM_MANIFEST_MATCH,formalization/notes/examples/D5.md,none
SixBirdsFoundationsV.closedLoopScope_complete,D5,theorem,theorem,SixBirdsFoundationsV.Definitional.ClosedLoopScope,formalization/foundations_v_scaffold/lean/SixBirdsFoundationsV/Definitional/ClosedLoopScope.lean,128,UPSTREAM_MANIFEST_MATCH,formalization/notes/examples/D5.md,none
SixBirdsFoundationsV.closedLoopScope_entry_carried,D5,theorem,theorem,SixBirdsFoundationsV.Definitional.ClosedLoopScope,formalization/foundations_v_scaffold/lean/SixBirdsFoundationsV/Definitional/ClosedLoopScope.lean,146,UPSTREAM_MANIFEST_MATCH,formalization/notes/examples/D5.md,none
SixBirdsFoundationsV.carriedRecordAt_carriedSource,D5,theorem,theorem,SixBirdsFoundationsV.Definitional.ClosedLoopScope,formalization/foundations_v_scaffold/lean/SixBirdsFoundationsV/Definitional/ClosedLoopScope.lean,166,UPSTREAM_MANIFEST_MATCH,formalization/notes/examples/D5.md,none
SixBirdsFoundationsV.not_carriedRecordAt_of_source_fallback,D5,theorem,theorem,SixBirdsFoundationsV.Definitional.ClosedLoopScope,formalization/foundations_v_scaffold/lean/SixBirdsFoundationsV/Definitional/ClosedLoopScope.lean,180,UPSTREAM_MANIFEST_MATCH,formalization/notes/examples/D5.md,none
SixBirdsFoundationsV.not_carriedRecordAt_of_source_unknown,D5,theorem,theorem,SixBirdsFoundationsV.Definitional.ClosedLoopScope,formalization/foundations_v_scaffold/lean/SixBirdsFoundationsV/Definitional/ClosedLoopScope.lean,196,UPSTREAM_MANIFEST_MATCH,formalization/notes/examples/D5.md,none
SixBirdsFoundationsV.not_carriedRecordAt_of_source_contradictory,D5,theorem,theorem,SixBirdsFoundationsV.Definitional.ClosedLoopScope,formalization/foundations_v_scaffold/lean/SixBirdsFoundationsV/Definitional/ClosedLoopScope.lean,212,UPSTREAM_MANIFEST_MATCH,formalization/notes/examples/D5.md,none
SixBirdsFoundationsV.not_carriedRecordAt_of_generatedByS_false,D5,theorem,theorem,SixBirdsFoundationsV.Definitional.ClosedLoopScope,formalization/foundations_v_scaffold/lean/SixBirdsFoundationsV/Definitional/ClosedLoopScope.lean,228,UPSTREAM_MANIFEST_MATCH,formalization/notes/examples/D5.md,none
SixBirdsFoundationsV.not_carriedRecordAt_of_inScope_false,D5,theorem,theorem,SixBirdsFoundationsV.Definitional.ClosedLoopScope,formalization/foundations_v_scaffold/lean/SixBirdsFoundationsV/Definitional/ClosedLoopScope.lean,243,UPSTREAM_MANIFEST_MATCH,formalization/notes/examples/D5.md,none
SixBirdsFoundationsV.not_repairTypedAuditEntryCarried_of_source_fallback,D5,theorem,theorem,SixBirdsFoundationsV.Definitional.ClosedLoopScope,formalization/foundations_v_scaffold/lean/SixBirdsFoundationsV/Definitional/ClosedLoopScope.lean,258,UPSTREAM_MANIFEST_MATCH,formalization/notes/examples/D5.md,none
SixBirdsFoundationsV.not_repairTypedAuditEntryCarried_of_source_unknown,D5,theorem,theorem,SixBirdsFoundationsV.Definitional.ClosedLoopScope,formalization/foundations_v_scaffold/lean/SixBirdsFoundationsV/Definitional/ClosedLoopScope.lean,277,UPSTREAM_MANIFEST_MATCH,formalization/notes/examples/D5.md,none
SixBirdsFoundationsV.not_repairTypedAuditEntryCarried_of_source_contradictory,D5,theorem,theorem,SixBirdsFoundationsV.Definitional.ClosedLoopScope,formalization/foundations_v_scaffold/lean/SixBirdsFoundationsV/Definitional/ClosedLoopScope.lean,296,UPSTREAM_MANIFEST_MATCH,formalization/notes/examples/D5.md,none
SixBirdsFoundationsV.not_repairTypedAuditEntryCarried_of_source_independent_pair_witness,D5,theorem,theorem,SixBirdsFoundationsV.Definitional.ClosedLoopScope,formalization/foundations_v_scaffold/lean/SixBirdsFoundationsV/Definitional/ClosedLoopScope.lean,315,UPSTREAM_MANIFEST_MATCH,formalization/notes/examples/D5.md,none
SixBirdsFoundationsV.not_repairTypedAuditEntryCarried_of_source_simulation_trace,D5,theorem,theorem,SixBirdsFoundationsV.Definitional.ClosedLoopScope,formalization/foundations_v_scaffold/lean/SixBirdsFoundationsV/Definitional/ClosedLoopScope.lean,356,UPSTREAM_MANIFEST_MATCH,formalization/notes/examples/D5.md,none
SixBirdsFoundationsV.not_repairTypedAuditEntryCarried_of_source_ablation_record,D5,theorem,theorem,SixBirdsFoundationsV.Definitional.ClosedLoopScope,formalization/foundations_v_scaffold/lean/SixBirdsFoundationsV/Definitional/ClosedLoopScope.lean,396,UPSTREAM_MANIFEST_MATCH,formalization/notes/examples/D5.md,none
SixBirdsFoundationsV.not_repairTypedAuditEntryCarried_of_generatedByS_false,D5,theorem,theorem,SixBirdsFoundationsV.Definitional.ClosedLoopScope,formalization/foundations_v_scaffold/lean/SixBirdsFoundationsV/Definitional/ClosedLoopScope.lean,436,UPSTREAM_MANIFEST_MATCH,formalization/notes/examples/D5.md,none
SixBirdsFoundationsV.not_repairTypedAuditEntryCarried_of_inScope_false,D5,theorem,theorem,SixBirdsFoundationsV.Definitional.ClosedLoopScope,formalization/foundations_v_scaffold/lean/SixBirdsFoundationsV/Definitional/ClosedLoopScope.lean,455,UPSTREAM_MANIFEST_MATCH,formalization/notes/examples/D5.md,none
SixBirdsFoundationsV.not_closedLoopScope_of_listed_source_fallback,D5,theorem,theorem,SixBirdsFoundationsV.Definitional.ClosedLoopScope,formalization/foundations_v_scaffold/lean/SixBirdsFoundationsV/Definitional/ClosedLoopScope.lean,474,UPSTREAM_MANIFEST_MATCH,formalization/notes/examples/D5.md,none
SixBirdsFoundationsV.not_closedLoopScope_of_listed_source_unknown,D5,theorem,theorem,SixBirdsFoundationsV.Definitional.ClosedLoopScope,formalization/foundations_v_scaffold/lean/SixBirdsFoundationsV/Definitional/ClosedLoopScope.lean,496,UPSTREAM_MANIFEST_MATCH,formalization/notes/examples/D5.md,none
SixBirdsFoundationsV.not_closedLoopScope_of_listed_source_contradictory,D5,theorem,theorem,SixBirdsFoundationsV.Definitional.ClosedLoopScope,formalization/foundations_v_scaffold/lean/SixBirdsFoundationsV/Definitional/ClosedLoopScope.lean,518,UPSTREAM_MANIFEST_MATCH,formalization/notes/examples/D5.md,none
SixBirdsFoundationsV.not_closedLoopScope_of_listed_generatedByS_false,D5,theorem,theorem,SixBirdsFoundationsV.Definitional.ClosedLoopScope,formalization/foundations_v_scaffold/lean/SixBirdsFoundationsV/Definitional/ClosedLoopScope.lean,540,UPSTREAM_MANIFEST_MATCH,formalization/notes/examples/D5.md,none
SixBirdsFoundationsV.not_closedLoopScope_of_listed_inScope_false,D5,theorem,theorem,SixBirdsFoundationsV.Definitional.ClosedLoopScope,formalization/foundations_v_scaffold/lean/SixBirdsFoundationsV/Definitional/ClosedLoopScope.lean,562,UPSTREAM_MANIFEST_MATCH,formalization/notes/examples/D5.md,none
SixBirdsFoundationsV.fallback_entry_cannot_borrow_carriedness,D5,theorem,theorem,SixBirdsFoundationsV.Definitional.ClosedLoopScope,formalization/foundations_v_scaffold/lean/SixBirdsFoundationsV/Definitional/ClosedLoopScope.lean,584,UPSTREAM_MANIFEST_MATCH,formalization/notes/examples/D5.md,none
SixBirdsFoundationsV.RepairSort,D4,def,definition,SixBirdsFoundationsV.Definitional.ESystem,formalization/foundations_v_scaffold/lean/SixBirdsFoundationsV/Definitional/ESystem.lean,13,UPSTREAM_MANIFEST_MATCH,formalization/notes/examples/D4.md,none
SixBirdsFoundationsV.TheoryPackage,D4,structure,definition,SixBirdsFoundationsV.Definitional.ESystem,formalization/foundations_v_scaffold/lean/SixBirdsFoundationsV/Definitional/ESystem.lean,16,UPSTREAM_MANIFEST_MATCH,formalization/notes/examples/D4.md,none
SixBirdsFoundationsV.CarriedRecordPolicy,D4,structure,definition,SixBirdsFoundationsV.Definitional.ESystem,formalization/foundations_v_scaffold/lean/SixBirdsFoundationsV/Definitional/ESystem.lean,32,UPSTREAM_MANIFEST_MATCH,formalization/notes/examples/D4.md,none
SixBirdsFoundationsV.CarriedRecordAt,D4,def,definition,SixBirdsFoundationsV.Definitional.ESystem,formalization/foundations_v_scaffold/lean/SixBirdsFoundationsV/Definitional/ESystem.lean,40,UPSTREAM_MANIFEST_MATCH,formalization/notes/examples/D4.md,none
SixBirdsFoundationsV.CarriedRecordEvidence,D4,structure,definition,SixBirdsFoundationsV.Definitional.ESystem,formalization/foundations_v_scaffold/lean/SixBirdsFoundationsV/Definitional/ESystem.lean,52,UPSTREAM_MANIFEST_MATCH,formalization/notes/examples/D4.md,none
SixBirdsFoundationsV.HasCarriedRecordEvidence,D4,def,definition,SixBirdsFoundationsV.Definitional.ESystem,formalization/foundations_v_scaffold/lean/SixBirdsFoundationsV/Definitional/ESystem.lean,64,UPSTREAM_MANIFEST_MATCH,formalization/notes/examples/D4.md,none
SixBirdsFoundationsV.CarriedLedger,D4,structure,definition,SixBirdsFoundationsV.Definitional.ESystem,formalization/foundations_v_scaffold/lean/SixBirdsFoundationsV/Definitional/ESystem.lean,72,UPSTREAM_MANIFEST_MATCH,formalization/notes/examples/D4.md,none
SixBirdsFoundationsV.RepairMove,D4,structure,definition,SixBirdsFoundationsV.Definitional.ESystem,formalization/foundations_v_scaffold/lean/SixBirdsFoundationsV/Definitional/ESystem.lean,85,UPSTREAM_MANIFEST_MATCH,formalization/notes/examples/D4.md,none
SixBirdsFoundationsV.ActiveCarriedInstrument,D4,structure,definition,SixBirdsFoundationsV.Definitional.ESystem,formalization/foundations_v_scaffold/lean/SixBirdsFoundationsV/Definitional/ESystem.lean,97,UPSTREAM_MANIFEST_MATCH,formalization/notes/examples/D4.md,none
SixBirdsFoundationsV.LawfulRepairStep,D4,structure,definition,SixBirdsFoundationsV.Definitional.ESystem,formalization/foundations_v_scaffold/lean/SixBirdsFoundationsV/Definitional/ESystem.lean,123,UPSTREAM_MANIFEST_MATCH,formalization/notes/examples/D4.md,none
SixBirdsFoundationsV.RepairGeneratorStep,D4,def,definition,SixBirdsFoundationsV.Definitional.ESystem,formalization/foundations_v_scaffold/lean/SixBirdsFoundationsV/Definitional/ESystem.lean,152,UPSTREAM_MANIFEST_MATCH,formalization/notes/examples/D4.md,none
SixBirdsFoundationsV.ESystem,D4,structure,definition,SixBirdsFoundationsV.Definitional.ESystem,formalization/foundations_v_scaffold/lean/SixBirdsFoundationsV/Definitional/ESystem.lean,177,UPSTREAM_MANIFEST_MATCH,formalization/notes/examples/D4.md,none
SixBirdsFoundationsV.ESystem.RepairStep,D4,def,definition,SixBirdsFoundationsV.Definitional.ESystem,formalization/foundations_v_scaffold/lean/SixBirdsFoundationsV/Definitional/ESystem.lean,198,UPSTREAM_MANIFEST_MATCH,formalization/notes/examples/D4.md,none
SixBirdsFoundationsV.repairSort_ne_p6,D4,theorem,theorem,SixBirdsFoundationsV.Definitional.ESystem,formalization/foundations_v_scaffold/lean/SixBirdsFoundationsV/Definitional/ESystem.lean,211,UPSTREAM_MANIFEST_MATCH,formalization/notes/examples/D4.md,none
SixBirdsFoundationsV.no_repairSort_p6,D4,theorem,theorem,SixBirdsFoundationsV.Definitional.ESystem,formalization/foundations_v_scaffold/lean/SixBirdsFoundationsV/Definitional/ESystem.lean,215,UPSTREAM_MANIFEST_MATCH,formalization/notes/examples/D4.md,none
SixBirdsFoundationsV.carriedLedger_has_complete_inventory,D4,theorem,theorem,SixBirdsFoundationsV.Definitional.ESystem,formalization/foundations_v_scaffold/lean/SixBirdsFoundationsV/Definitional/ESystem.lean,219,UPSTREAM_MANIFEST_MATCH,formalization/notes/examples/D4.md,none
SixBirdsFoundationsV.no_carriedLedger_with_false_inventory,D4,theorem,theorem,SixBirdsFoundationsV.Definitional.ESystem,formalization/foundations_v_scaffold/lean/SixBirdsFoundationsV/Definitional/ESystem.lean,228,UPSTREAM_MANIFEST_MATCH,formalization/notes/examples/D4.md,none
SixBirdsFoundationsV.carriedRecordEvidence_uses_policy,D4,theorem,theorem,SixBirdsFoundationsV.Definitional.ESystem,formalization/foundations_v_scaffold/lean/SixBirdsFoundationsV/Definitional/ESystem.lean,239,UPSTREAM_MANIFEST_MATCH,formalization/notes/examples/D4.md,none
SixBirdsFoundationsV.hasCarriedRecordEvidence_uses_policy,D4,theorem,theorem,SixBirdsFoundationsV.Definitional.ESystem,formalization/foundations_v_scaffold/lean/SixBirdsFoundationsV/Definitional/ESystem.lean,249,UPSTREAM_MANIFEST_MATCH,formalization/notes/examples/D4.md,none
SixBirdsFoundationsV.not_hasCarriedRecordEvidence_without_policy_witness,D4,theorem,theorem,SixBirdsFoundationsV.Definitional.ESystem,formalization/foundations_v_scaffold/lean/SixBirdsFoundationsV/Definitional/ESystem.lean,265,UPSTREAM_MANIFEST_MATCH,formalization/notes/examples/D4.md,none
SixBirdsFoundationsV.carriedLedger_entry_uses_policy,D4,theorem,theorem,SixBirdsFoundationsV.Definitional.ESystem,formalization/foundations_v_scaffold/lean/SixBirdsFoundationsV/Definitional/ESystem.lean,283,UPSTREAM_MANIFEST_MATCH,formalization/notes/examples/D4.md,none
SixBirdsFoundationsV.repairMove_record_uses_policy,D4,theorem,theorem,SixBirdsFoundationsV.Definitional.ESystem,formalization/foundations_v_scaffold/lean/SixBirdsFoundationsV/Definitional/ESystem.lean,293,UPSTREAM_MANIFEST_MATCH,formalization/notes/examples/D4.md,none
SixBirdsFoundationsV.activeCarriedInstrument_has_carried_instrument,D4,theorem,theorem,SixBirdsFoundationsV.Definitional.ESystem,formalization/foundations_v_scaffold/lean/SixBirdsFoundationsV/Definitional/ESystem.lean,303,UPSTREAM_MANIFEST_MATCH,formalization/notes/examples/D4.md,none
SixBirdsFoundationsV.lawfulRepairStep_requires_detection,D4,theorem,theorem,SixBirdsFoundationsV.Definitional.ESystem,formalization/foundations_v_scaffold/lean/SixBirdsFoundationsV/Definitional/ESystem.lean,319,UPSTREAM_MANIFEST_MATCH,formalization/notes/examples/D4.md,none
SixBirdsFoundationsV.lawfulRepairStep_requires_gate,D4,theorem,theorem,SixBirdsFoundationsV.Definitional.ESystem,formalization/foundations_v_scaffold/lean/SixBirdsFoundationsV/Definitional/ESystem.lean,346,UPSTREAM_MANIFEST_MATCH,formalization/notes/examples/D4.md,none
SixBirdsFoundationsV.lawfulRepairStep_requires_kernel_transition,D4,theorem,theorem,SixBirdsFoundationsV.Definitional.ESystem,formalization/foundations_v_scaffold/lean/SixBirdsFoundationsV/Definitional/ESystem.lean,373,UPSTREAM_MANIFEST_MATCH,formalization/notes/examples/D4.md,none
SixBirdsFoundationsV.lawfulRepairStep_requires_reaudit,D4,theorem,theorem,SixBirdsFoundationsV.Definitional.ESystem,formalization/foundations_v_scaffold/lean/SixBirdsFoundationsV/Definitional/ESystem.lean,400,UPSTREAM_MANIFEST_MATCH,formalization/notes/examples/D4.md,none
SixBirdsFoundationsV.not_lawfulRepairStep_without_detection,D4,theorem,theorem,SixBirdsFoundationsV.Definitional.ESystem,formalization/foundations_v_scaffold/lean/SixBirdsFoundationsV/Definitional/ESystem.lean,427,UPSTREAM_MANIFEST_MATCH,formalization/notes/examples/D4.md,none
SixBirdsFoundationsV.not_lawfulRepairStep_without_gate,D4,theorem,theorem,SixBirdsFoundationsV.Definitional.ESystem,formalization/foundations_v_scaffold/lean/SixBirdsFoundationsV/Definitional/ESystem.lean,453,UPSTREAM_MANIFEST_MATCH,formalization/notes/examples/D4.md,none
SixBirdsFoundationsV.not_lawfulRepairStep_without_kernel_transition,D4,theorem,theorem,SixBirdsFoundationsV.Definitional.ESystem,formalization/foundations_v_scaffold/lean/SixBirdsFoundationsV/Definitional/ESystem.lean,479,UPSTREAM_MANIFEST_MATCH,formalization/notes/examples/D4.md,none
SixBirdsFoundationsV.not_lawfulRepairStep_without_reaudit,D4,theorem,theorem,SixBirdsFoundationsV.Definitional.ESystem,formalization/foundations_v_scaffold/lean/SixBirdsFoundationsV/Definitional/ESystem.lean,505,UPSTREAM_MANIFEST_MATCH,formalization/notes/examples/D4.md,none
SixBirdsFoundationsV.closureDeficit,D2,def,definition,SixBirdsFoundationsV.Definitional.PredictiveSurplus,formalization/foundations_v_scaffold/lean/SixBirdsFoundationsV/Definitional/PredictiveSurplus.lean,20,UPSTREAM_MANIFEST_MATCH,formalization/notes/examples/D2.md,none
SixBirdsFoundationsV.PredictiveSurplusNonnegative,D2,structure,definition,SixBirdsFoundationsV.Definitional.PredictiveSurplus,formalization/foundations_v_scaffold/lean/SixBirdsFoundationsV/Definitional/PredictiveSurplus.lean,24,UPSTREAM_MANIFEST_MATCH,formalization/notes/examples/D2.md,none
SixBirdsFoundationsV.predictiveSurplusNonnegativeForProfiles,D2,def,definition,SixBirdsFoundationsV.Definitional.PredictiveSurplus,formalization/foundations_v_scaffold/lean/SixBirdsFoundationsV/Definitional/PredictiveSurplus.lean,28,UPSTREAM_MANIFEST_MATCH,formalization/notes/examples/D2.md,none
SixBirdsFoundationsV.predictiveSurplus_identical,D2,theorem,theorem,SixBirdsFoundationsV.Definitional.PredictiveSurplus,formalization/foundations_v_scaffold/lean/SixBirdsFoundationsV/Definitional/PredictiveSurplus.lean,36,UPSTREAM_MANIFEST_MATCH,formalization/notes/examples/D2.md,none
SixBirdsFoundationsV.predictiveSurplus_profile_identical,D2,theorem,theorem,SixBirdsFoundationsV.Definitional.PredictiveSurplus,formalization/foundations_v_scaffold/lean/SixBirdsFoundationsV/Definitional/PredictiveSurplus.lean,42,UPSTREAM_MANIFEST_MATCH,formalization/notes/examples/D2.md,none
SixBirdsFoundationsV.predictiveSurplus_exact_baseline,D2,theorem,theorem,SixBirdsFoundationsV.Definitional.PredictiveSurplus,formalization/foundations_v_scaffold/lean/SixBirdsFoundationsV/Definitional/PredictiveSurplus.lean,48,UPSTREAM_MANIFEST_MATCH,formalization/notes/examples/D2.md,none
SixBirdsFoundationsV.predictiveSurplusValue,D2,def,definition,SixBirdsFoundationsV.Definitional.PredictiveSurplus,formalization/foundations_v_scaffold/lean/SixBirdsFoundationsV/Definitional/PredictiveSurplus.lean,55,UPSTREAM_MANIFEST_MATCH,formalization/notes/examples/D2.md,none
SixBirdsFoundationsV.predictiveSurplusValue_nonnegative_iff,D2,theorem,theorem,SixBirdsFoundationsV.Definitional.PredictiveSurplus,formalization/foundations_v_scaffold/lean/SixBirdsFoundationsV/Definitional/PredictiveSurplus.lean,58,UPSTREAM_MANIFEST_MATCH,formalization/notes/examples/D2.md,none
SixBirdsFoundationsV.predictiveSurplusValue_identical,D2,theorem,theorem,SixBirdsFoundationsV.Definitional.PredictiveSurplus,formalization/foundations_v_scaffold/lean/SixBirdsFoundationsV/Definitional/PredictiveSurplus.lean,72,UPSTREAM_MANIFEST_MATCH,formalization/notes/examples/D2.md,none
SixBirdsFoundationsV.predictiveSurplusValue_exact_baseline,D2,theorem,theorem,SixBirdsFoundationsV.Definitional.PredictiveSurplus,formalization/foundations_v_scaffold/lean/SixBirdsFoundationsV/Definitional/PredictiveSurplus.lean,78,UPSTREAM_MANIFEST_MATCH,formalization/notes/examples/D2.md,none
SixBirdsFoundationsV.predictiveSurplusXi,D2,def,definition,SixBirdsFoundationsV.Definitional.PredictiveSurplus,formalization/foundations_v_scaffold/lean/SixBirdsFoundationsV/Definitional/PredictiveSurplus.lean,91,UPSTREAM_MANIFEST_MATCH,formalization/notes/examples/D2.md,none
SixBirdsFoundationsV.predictiveSurplusXi_nonnegative_of_psd,D2,theorem,theorem,SixBirdsFoundationsV.Definitional.PredictiveSurplus,formalization/foundations_v_scaffold/lean/SixBirdsFoundationsV/Definitional/PredictiveSurplus.lean,96,UPSTREAM_MANIFEST_MATCH,formalization/notes/examples/D2.md,none
SixBirdsFoundationsV.predictiveSurplusXi_chain_rule_monotone,D2,theorem,theorem,SixBirdsFoundationsV.Definitional.PredictiveSurplus,formalization/foundations_v_scaffold/lean/SixBirdsFoundationsV/Definitional/PredictiveSurplus.lean,103,UPSTREAM_MANIFEST_MATCH,formalization/notes/examples/D2.md,none
SixBirdsFoundationsV.predictiveSurplusXi_same_family_saturation,D2,theorem,theorem,SixBirdsFoundationsV.Definitional.PredictiveSurplus,formalization/foundations_v_scaffold/lean/SixBirdsFoundationsV/Definitional/PredictiveSurplus.lean,136,UPSTREAM_MANIFEST_MATCH,formalization/notes/examples/D2.md,none
SixBirdsFoundationsV.ProbeCatalog,D6,structure,definition,SixBirdsFoundationsV.Definitional.ProbeEconomy,formalization/foundations_v_scaffold/lean/SixBirdsFoundationsV/Definitional/ProbeEconomy.lean,20,UPSTREAM_MANIFEST_MATCH,formalization/notes/examples/D6.md,none
SixBirdsFoundationsV.ActiveFamily,D6,structure,definition,SixBirdsFoundationsV.Definitional.ProbeEconomy,formalization/foundations_v_scaffold/lean/SixBirdsFoundationsV/Definitional/ProbeEconomy.lean,25,UPSTREAM_MANIFEST_MATCH,formalization/notes/examples/D6.md,none
SixBirdsFoundationsV.SameFamilySaturated,D6,def,definition,SixBirdsFoundationsV.Definitional.ProbeEconomy,formalization/foundations_v_scaffold/lean/SixBirdsFoundationsV/Definitional/ProbeEconomy.lean,30,UPSTREAM_MANIFEST_MATCH,formalization/notes/examples/D6.md,none
SixBirdsFoundationsV.AcquisitionStrict,D6,def,definition,SixBirdsFoundationsV.Definitional.ProbeEconomy,formalization/foundations_v_scaffold/lean/SixBirdsFoundationsV/Definitional/ProbeEconomy.lean,34,UPSTREAM_MANIFEST_MATCH,formalization/notes/examples/D6.md,none
SixBirdsFoundationsV.ProbeMove,D6,inductive,definition,SixBirdsFoundationsV.Definitional.ProbeEconomy,formalization/foundations_v_scaffold/lean/SixBirdsFoundationsV/Definitional/ProbeEconomy.lean,38,UPSTREAM_MANIFEST_MATCH,formalization/notes/examples/D6.md,none
SixBirdsFoundationsV.ProbeEconomy,D6,structure,definition,SixBirdsFoundationsV.Definitional.ProbeEconomy,formalization/foundations_v_scaffold/lean/SixBirdsFoundationsV/Definitional/ProbeEconomy.lean,45,UPSTREAM_MANIFEST_MATCH,formalization/notes/examples/D6.md,none
SixBirdsFoundationsV.ActiveFamilyCarriedAt,D6,def,definition,SixBirdsFoundationsV.Definitional.ProbeEconomy,formalization/foundations_v_scaffold/lean/SixBirdsFoundationsV/Definitional/ProbeEconomy.lean,63,UPSTREAM_MANIFEST_MATCH,formalization/notes/examples/D6.md,none
SixBirdsFoundationsV.ActiveSupportInCatalog,D6,def,definition,SixBirdsFoundationsV.Definitional.ProbeEconomy,formalization/foundations_v_scaffold/lean/SixBirdsFoundationsV/Definitional/ProbeEconomy.lean,77,UPSTREAM_MANIFEST_MATCH,formalization/notes/examples/D6.md,none
SixBirdsFoundationsV.LawfulActiveFamilyAt,D6,def,definition,SixBirdsFoundationsV.Definitional.ProbeEconomy,formalization/foundations_v_scaffold/lean/SixBirdsFoundationsV/Definitional/ProbeEconomy.lean,90,UPSTREAM_MANIFEST_MATCH,formalization/notes/examples/D6.md,none
SixBirdsFoundationsV.SupportAddsProbe,D6,def,definition,SixBirdsFoundationsV.Definitional.ProbeEconomy,formalization/foundations_v_scaffold/lean/SixBirdsFoundationsV/Definitional/ProbeEconomy.lean,105,UPSTREAM_MANIFEST_MATCH,formalization/notes/examples/D6.md,none
SixBirdsFoundationsV.SupportRemovesProbe,D6,def,definition,SixBirdsFoundationsV.Definitional.ProbeEconomy,formalization/foundations_v_scaffold/lean/SixBirdsFoundationsV/Definitional/ProbeEconomy.lean,111,UPSTREAM_MANIFEST_MATCH,formalization/notes/examples/D6.md,none
SixBirdsFoundationsV.LawfulAllocation,D6,structure,definition,SixBirdsFoundationsV.Definitional.ProbeEconomy,formalization/foundations_v_scaffold/lean/SixBirdsFoundationsV/Definitional/ProbeEconomy.lean,117,UPSTREAM_MANIFEST_MATCH,formalization/notes/examples/D6.md,none
SixBirdsFoundationsV.LawfulAcquisition,D6,structure,definition,SixBirdsFoundationsV.Definitional.ProbeEconomy,formalization/foundations_v_scaffold/lean/SixBirdsFoundationsV/Definitional/ProbeEconomy.lean,157,UPSTREAM_MANIFEST_MATCH,formalization/notes/examples/D6.md,none
SixBirdsFoundationsV.LawfulRetirement,D6,structure,definition,SixBirdsFoundationsV.Definitional.ProbeEconomy,formalization/foundations_v_scaffold/lean/SixBirdsFoundationsV/Definitional/ProbeEconomy.lean,198,UPSTREAM_MANIFEST_MATCH,formalization/notes/examples/D6.md,none
SixBirdsFoundationsV.lawfulAcquisition_requires_acquisitionStrict,D6,theorem,theorem,SixBirdsFoundationsV.Definitional.ProbeEconomy,formalization/foundations_v_scaffold/lean/SixBirdsFoundationsV/Definitional/ProbeEconomy.lean,228,UPSTREAM_MANIFEST_MATCH,formalization/notes/examples/D6.md,none
SixBirdsFoundationsV.not_lawfulAcquisition_of_sameFamilySaturated,D6,theorem,theorem,SixBirdsFoundationsV.Definitional.ProbeEconomy,formalization/foundations_v_scaffold/lean/SixBirdsFoundationsV/Definitional/ProbeEconomy.lean,249,UPSTREAM_MANIFEST_MATCH,formalization/notes/examples/D6.md,none
SixBirdsFoundationsV.lawfulAllocation_support_eq,D6,theorem,theorem,SixBirdsFoundationsV.Definitional.ProbeEconomy,formalization/foundations_v_scaffold/lean/SixBirdsFoundationsV/Definitional/ProbeEconomy.lean,270,UPSTREAM_MANIFEST_MATCH,formalization/notes/examples/D6.md,none
SixBirdsFoundationsV.lawfulAllocation_no_new_active_probe,D6,theorem,theorem,SixBirdsFoundationsV.Definitional.ProbeEconomy,formalization/foundations_v_scaffold/lean/SixBirdsFoundationsV/Definitional/ProbeEconomy.lean,290,UPSTREAM_MANIFEST_MATCH,formalization/notes/examples/D6.md,none
SixBirdsFoundationsV.lawfulRetirement_requires_active,D6,theorem,theorem,SixBirdsFoundationsV.Definitional.ProbeEconomy,formalization/foundations_v_scaffold/lean/SixBirdsFoundationsV/Definitional/ProbeEconomy.lean,313,UPSTREAM_MANIFEST_MATCH,formalization/notes/examples/D6.md,none
SixBirdsFoundationsV.lawfulRetirement_probe_absent_after,D6,theorem,theorem,SixBirdsFoundationsV.Definitional.ProbeEconomy,formalization/foundations_v_scaffold/lean/SixBirdsFoundationsV/Definitional/ProbeEconomy.lean,333,UPSTREAM_MANIFEST_MATCH,formalization/notes/examples/D6.md,none
SixBirdsFoundationsV.XiSameFamilySaturated,D6,def,definition,SixBirdsFoundationsV.Definitional.ProbeEconomy,formalization/foundations_v_scaffold/lean/SixBirdsFoundationsV/Definitional/ProbeEconomy.lean,357,UPSTREAM_MANIFEST_MATCH,formalization/notes/examples/D6.md,none
SixBirdsFoundationsV.xi_sameFamilySaturated_of_sameFamilySaturation,D6,theorem,theorem,SixBirdsFoundationsV.Definitional.ProbeEconomy,formalization/foundations_v_scaffold/lean/SixBirdsFoundationsV/Definitional/ProbeEconomy.lean,374,UPSTREAM_MANIFEST_MATCH,formalization/notes/examples/D6.md,none
SixBirdsFoundationsV.xi_sameFamilySaturated_not_acquisitionStrict,D6,theorem,theorem,SixBirdsFoundationsV.Definitional.ProbeEconomy,formalization/foundations_v_scaffold/lean/SixBirdsFoundationsV/Definitional/ProbeEconomy.lean,395,UPSTREAM_MANIFEST_MATCH,formalization/notes/examples/D6.md,none
SixBirdsFoundationsV.Refines,D1,def,definition,SixBirdsFoundationsV.Definitional.RepairJoin,formalization/foundations_v_scaffold/lean/SixBirdsFoundationsV/Definitional/RepairJoin.lean,13,UPSTREAM_MANIFEST_MATCH,formalization/notes/examples/D1.md,none
SixBirdsFoundationsV.FiberEquiv,D1,def,definition,SixBirdsFoundationsV.Definitional.RepairJoin,formalization/foundations_v_scaffold/lean/SixBirdsFoundationsV/Definitional/RepairJoin.lean,16,UPSTREAM_MANIFEST_MATCH,formalization/notes/examples/D1.md,none
SixBirdsFoundationsV.repairJoin,D1,def,definition,SixBirdsFoundationsV.Definitional.RepairJoin,formalization/foundations_v_scaffold/lean/SixBirdsFoundationsV/Definitional/RepairJoin.lean,19,UPSTREAM_MANIFEST_MATCH,formalization/notes/examples/D1.md,none
SixBirdsFoundationsV.join_refines_left,D1,theorem,theorem,SixBirdsFoundationsV.Definitional.RepairJoin,formalization/foundations_v_scaffold/lean/SixBirdsFoundationsV/Definitional/RepairJoin.lean,23,UPSTREAM_MANIFEST_MATCH,formalization/notes/examples/D1.md,none
SixBirdsFoundationsV.join_refines_right,D1,theorem,theorem,SixBirdsFoundationsV.Definitional.RepairJoin,formalization/foundations_v_scaffold/lean/SixBirdsFoundationsV/Definitional/RepairJoin.lean,29,UPSTREAM_MANIFEST_MATCH,formalization/notes/examples/D1.md,none
SixBirdsFoundationsV.vee_greatest_lower_bound,D1,theorem,theorem,SixBirdsFoundationsV.Definitional.RepairJoin,formalization/foundations_v_scaffold/lean/SixBirdsFoundationsV/Definitional/RepairJoin.lean,35,UPSTREAM_MANIFEST_MATCH,formalization/notes/examples/D1.md,none
SixBirdsFoundationsV.join_well_defined,D1,theorem,theorem,SixBirdsFoundationsV.Definitional.RepairJoin,formalization/foundations_v_scaffold/lean/SixBirdsFoundationsV/Definitional/RepairJoin.lean,42,UPSTREAM_MANIFEST_MATCH,formalization/notes/examples/D1.md,none
SixBirdsFoundationsV.join_idem,D1,theorem,theorem,SixBirdsFoundationsV.Definitional.RepairJoin,formalization/foundations_v_scaffold/lean/SixBirdsFoundationsV/Definitional/RepairJoin.lean,57,UPSTREAM_MANIFEST_MATCH,formalization/notes/examples/D1.md,none
SixBirdsFoundationsV.join_comm,D1,theorem,theorem,SixBirdsFoundationsV.Definitional.RepairJoin,formalization/foundations_v_scaffold/lean/SixBirdsFoundationsV/Definitional/RepairJoin.lean,66,UPSTREAM_MANIFEST_MATCH,formalization/notes/examples/D1.md,none
SixBirdsFoundationsV.join_assoc,D1,theorem,theorem,SixBirdsFoundationsV.Definitional.RepairJoin,formalization/foundations_v_scaffold/lean/SixBirdsFoundationsV/Definitional/RepairJoin.lean,75,UPSTREAM_MANIFEST_MATCH,formalization/notes/examples/D1.md,none
SixBirdsFoundationsV.CognitiveChallengeClass,E10,structure,definition,SixBirdsFoundationsV.Laws.E10CognitiveDemarcation,formalization/foundations_v_scaffold/lean/SixBirdsFoundationsV/Laws/E10CognitiveDemarcation.lean,28,UPSTREAM_MANIFEST_MATCH,formalization/notes/examples/E10.md,none
SixBirdsFoundationsV.AccessActionKind,E10,inductive,definition,SixBirdsFoundationsV.Laws.E10CognitiveDemarcation,formalization/foundations_v_scaffold/lean/SixBirdsFoundationsV/Laws/E10CognitiveDemarcation.lean,32,UPSTREAM_MANIFEST_MATCH,formalization/notes/examples/E10.md,none
SixBirdsFoundationsV.CognitivePackageRecord,E10,structure,definition,SixBirdsFoundationsV.Laws.E10CognitiveDemarcation,formalization/foundations_v_scaffold/lean/SixBirdsFoundationsV/Laws/E10CognitiveDemarcation.lean,37,UPSTREAM_MANIFEST_MATCH,formalization/notes/examples/E10.md,none
SixBirdsFoundationsV.PackageFormationRecord,E10,structure,definition,SixBirdsFoundationsV.Laws.E10CognitiveDemarcation,formalization/foundations_v_scaffold/lean/SixBirdsFoundationsV/Laws/E10CognitiveDemarcation.lean,43,UPSTREAM_MANIFEST_MATCH,formalization/notes/examples/E10.md,none
SixBirdsFoundationsV.PackageInvocationRecord,E10,structure,definition,SixBirdsFoundationsV.Laws.E10CognitiveDemarcation,formalization/foundations_v_scaffold/lean/SixBirdsFoundationsV/Laws/E10CognitiveDemarcation.lean,49,UPSTREAM_MANIFEST_MATCH,formalization/notes/examples/E10.md,none
SixBirdsFoundationsV.PackageQuotientRecord,E10,structure,definition,SixBirdsFoundationsV.Laws.E10CognitiveDemarcation,formalization/foundations_v_scaffold/lean/SixBirdsFoundationsV/Laws/E10CognitiveDemarcation.lean,56,UPSTREAM_MANIFEST_MATCH,formalization/notes/examples/E10.md,none
SixBirdsFoundationsV.DescentWitnessRecord,E10,structure,definition,SixBirdsFoundationsV.Laws.E10CognitiveDemarcation,formalization/foundations_v_scaffold/lean/SixBirdsFoundationsV/Laws/E10CognitiveDemarcation.lean,61,UPSTREAM_MANIFEST_MATCH,formalization/notes/examples/E10.md,none
SixBirdsFoundationsV.KernelSupportRecord,E10,structure,definition,SixBirdsFoundationsV.Laws.E10CognitiveDemarcation,formalization/foundations_v_scaffold/lean/SixBirdsFoundationsV/Laws/E10CognitiveDemarcation.lean,68,UPSTREAM_MANIFEST_MATCH,formalization/notes/examples/E10.md,none
SixBirdsFoundationsV.PackageInterventionRecord,E10,structure,definition,SixBirdsFoundationsV.Laws.E10CognitiveDemarcation,formalization/foundations_v_scaffold/lean/SixBirdsFoundationsV/Laws/E10CognitiveDemarcation.lean,76,UPSTREAM_MANIFEST_MATCH,formalization/notes/examples/E10.md,none
SixBirdsFoundationsV.MatchedControlRecord,E10,structure,definition,SixBirdsFoundationsV.Laws.E10CognitiveDemarcation,formalization/foundations_v_scaffold/lean/SixBirdsFoundationsV/Laws/E10CognitiveDemarcation.lean,83,UPSTREAM_MANIFEST_MATCH,formalization/notes/examples/E10.md,none
SixBirdsFoundationsV.DecodabilityReadoutRecord,E10,structure,definition,SixBirdsFoundationsV.Laws.E10CognitiveDemarcation,formalization/foundations_v_scaffold/lean/SixBirdsFoundationsV/Laws/E10CognitiveDemarcation.lean,90,UPSTREAM_MANIFEST_MATCH,formalization/notes/examples/E10.md,none
SixBirdsFoundationsV.ExogenousScheduleRecord,E10,structure,definition,SixBirdsFoundationsV.Laws.E10CognitiveDemarcation,formalization/foundations_v_scaffold/lean/SixBirdsFoundationsV/Laws/E10CognitiveDemarcation.lean,96,UPSTREAM_MANIFEST_MATCH,formalization/notes/examples/E10.md,none
SixBirdsFoundationsV.StructuralPathRecord,E10,structure,definition,SixBirdsFoundationsV.Laws.E10CognitiveDemarcation,formalization/foundations_v_scaffold/lean/SixBirdsFoundationsV/Laws/E10CognitiveDemarcation.lean,102,UPSTREAM_MANIFEST_MATCH,formalization/notes/examples/E10.md,none
SixBirdsFoundationsV.TargetClassRecord,E10,structure,definition,SixBirdsFoundationsV.Laws.E10CognitiveDemarcation,formalization/foundations_v_scaffold/lean/SixBirdsFoundationsV/Laws/E10CognitiveDemarcation.lean,109,UPSTREAM_MANIFEST_MATCH,formalization/notes/examples/E10.md,none
SixBirdsFoundationsV.ActionSupportRestrictionRecord,E10,structure,definition,SixBirdsFoundationsV.Laws.E10CognitiveDemarcation,formalization/foundations_v_scaffold/lean/SixBirdsFoundationsV/Laws/E10CognitiveDemarcation.lean,114,UPSTREAM_MANIFEST_MATCH,formalization/notes/examples/E10.md,none
SixBirdsFoundationsV.FutureProbeRecord,E10,structure,definition,SixBirdsFoundationsV.Laws.E10CognitiveDemarcation,formalization/foundations_v_scaffold/lean/SixBirdsFoundationsV/Laws/E10CognitiveDemarcation.lean,124,UPSTREAM_MANIFEST_MATCH,formalization/notes/examples/E10.md,none
SixBirdsFoundationsV.TargetQuotientRecord,E10,structure,definition,SixBirdsFoundationsV.Laws.E10CognitiveDemarcation,formalization/foundations_v_scaffold/lean/SixBirdsFoundationsV/Laws/E10CognitiveDemarcation.lean,130,UPSTREAM_MANIFEST_MATCH,formalization/notes/examples/E10.md,none
SixBirdsFoundationsV.RouteSubstitutionRecord,E10,structure,definition,SixBirdsFoundationsV.Laws.E10CognitiveDemarcation,formalization/foundations_v_scaffold/lean/SixBirdsFoundationsV/Laws/E10CognitiveDemarcation.lean,137,UPSTREAM_MANIFEST_MATCH,formalization/notes/examples/E10.md,none
SixBirdsFoundationsV.RouteEvaluationRecord,E10,structure,definition,SixBirdsFoundationsV.Laws.E10CognitiveDemarcation,formalization/foundations_v_scaffold/lean/SixBirdsFoundationsV/Laws/E10CognitiveDemarcation.lean,143,UPSTREAM_MANIFEST_MATCH,formalization/notes/examples/E10.md,none
SixBirdsFoundationsV.RewardProxyRecord,E10,structure,definition,SixBirdsFoundationsV.Laws.E10CognitiveDemarcation,formalization/foundations_v_scaffold/lean/SixBirdsFoundationsV/Laws/E10CognitiveDemarcation.lean,151,UPSTREAM_MANIFEST_MATCH,formalization/notes/examples/E10.md,none
SixBirdsFoundationsV.CognitiveDemarcationClassifierContext,E10,structure,definition,SixBirdsFoundationsV.Laws.E10CognitiveDemarcation,formalization/foundations_v_scaffold/lean/SixBirdsFoundationsV/Laws/E10CognitiveDemarcation.lean,157,UPSTREAM_MANIFEST_MATCH,formalization/notes/examples/E10.md,none
SixBirdsFoundationsV.PackageCarriedProvenance,E10,structure,definition,SixBirdsFoundationsV.Laws.E10CognitiveDemarcation,formalization/foundations_v_scaffold/lean/SixBirdsFoundationsV/Laws/E10CognitiveDemarcation.lean,194,UPSTREAM_MANIFEST_MATCH,formalization/notes/examples/E10.md,none
SixBirdsFoundationsV.CompletePackageProvenanceInventory,E10,structure,definition,SixBirdsFoundationsV.Laws.E10CognitiveDemarcation,formalization/foundations_v_scaffold/lean/SixBirdsFoundationsV/Laws/E10CognitiveDemarcation.lean,223,UPSTREAM_MANIFEST_MATCH,formalization/notes/examples/E10.md,none
SixBirdsFoundationsV.NoCarriedPackageProvenanceFor,E10,def,definition,SixBirdsFoundationsV.Laws.E10CognitiveDemarcation,formalization/foundations_v_scaffold/lean/SixBirdsFoundationsV/Laws/E10CognitiveDemarcation.lean,237,UPSTREAM_MANIFEST_MATCH,formalization/notes/examples/E10.md,none
SixBirdsFoundationsV.PackageRepairDescent,E10,structure,definition,SixBirdsFoundationsV.Laws.E10CognitiveDemarcation,formalization/foundations_v_scaffold/lean/SixBirdsFoundationsV/Laws/E10CognitiveDemarcation.lean,247,UPSTREAM_MANIFEST_MATCH,formalization/notes/examples/E10.md,none
SixBirdsFoundationsV.CompletePackageRepairInventory,E10,structure,definition,SixBirdsFoundationsV.Laws.E10CognitiveDemarcation,formalization/foundations_v_scaffold/lean/SixBirdsFoundationsV/Laws/E10CognitiveDemarcation.lean,264,UPSTREAM_MANIFEST_MATCH,formalization/notes/examples/E10.md,none
SixBirdsFoundationsV.NoPackageRepairDescentFor,E10,def,definition,SixBirdsFoundationsV.Laws.E10CognitiveDemarcation,formalization/foundations_v_scaffold/lean/SixBirdsFoundationsV/Laws/E10CognitiveDemarcation.lean,273,UPSTREAM_MANIFEST_MATCH,formalization/notes/examples/E10.md,none
SixBirdsFoundationsV.TopDownKernelGateCertified,E10,structure,definition,SixBirdsFoundationsV.Laws.E10CognitiveDemarcation,formalization/foundations_v_scaffold/lean/SixBirdsFoundationsV/Laws/E10CognitiveDemarcation.lean,281,UPSTREAM_MANIFEST_MATCH,formalization/notes/examples/E10.md,none
SixBirdsFoundationsV.CompleteKernelGateInventory,E10,structure,definition,SixBirdsFoundationsV.Laws.E10CognitiveDemarcation,formalization/foundations_v_scaffold/lean/SixBirdsFoundationsV/Laws/E10CognitiveDemarcation.lean,363,UPSTREAM_MANIFEST_MATCH,formalization/notes/examples/E10.md,none
SixBirdsFoundationsV.NoAcceptedTopDownGateFor,E10,def,definition,SixBirdsFoundationsV.Laws.E10CognitiveDemarcation,formalization/foundations_v_scaffold/lean/SixBirdsFoundationsV/Laws/E10CognitiveDemarcation.lean,382,UPSTREAM_MANIFEST_MATCH,formalization/notes/examples/E10.md,none
SixBirdsFoundationsV.StructuralPathOnlyWitness,E10,structure,definition,SixBirdsFoundationsV.Laws.E10CognitiveDemarcation,formalization/foundations_v_scaffold/lean/SixBirdsFoundationsV/Laws/E10CognitiveDemarcation.lean,399,UPSTREAM_MANIFEST_MATCH,formalization/notes/examples/E10.md,none
SixBirdsFoundationsV.ScheduleTrapWitness,E10,structure,definition,SixBirdsFoundationsV.Laws.E10CognitiveDemarcation,formalization/foundations_v_scaffold/lean/SixBirdsFoundationsV/Laws/E10CognitiveDemarcation.lean,419,UPSTREAM_MANIFEST_MATCH,formalization/notes/examples/E10.md,none
SixBirdsFoundationsV.DecodableCorrelateEvidence,E10,structure,definition,SixBirdsFoundationsV.Laws.E10CognitiveDemarcation,formalization/foundations_v_scaffold/lean/SixBirdsFoundationsV/Laws/E10CognitiveDemarcation.lean,440,UPSTREAM_MANIFEST_MATCH,formalization/notes/examples/E10.md,none
SixBirdsFoundationsV.ScaffoldingEvidence,E10,structure,definition,SixBirdsFoundationsV.Laws.E10CognitiveDemarcation,formalization/foundations_v_scaffold/lean/SixBirdsFoundationsV/Laws/E10CognitiveDemarcation.lean,454,UPSTREAM_MANIFEST_MATCH,formalization/notes/examples/E10.md,none
SixBirdsFoundationsV.CognitivePackageEvidence,E10,structure,definition,SixBirdsFoundationsV.Laws.E10CognitiveDemarcation,formalization/foundations_v_scaffold/lean/SixBirdsFoundationsV/Laws/E10CognitiveDemarcation.lean,468,UPSTREAM_MANIFEST_MATCH,formalization/notes/examples/E10.md,none
SixBirdsFoundationsV.RepairWithoutGateDefect,E10,structure,definition,SixBirdsFoundationsV.Laws.E10CognitiveDemarcation,formalization/foundations_v_scaffold/lean/SixBirdsFoundationsV/Laws/E10CognitiveDemarcation.lean,490,UPSTREAM_MANIFEST_MATCH,formalization/notes/examples/E10.md,none
SixBirdsFoundationsV.GateWithoutRepairDefect,E10,structure,definition,SixBirdsFoundationsV.Laws.E10CognitiveDemarcation,formalization/foundations_v_scaffold/lean/SixBirdsFoundationsV/Laws/E10CognitiveDemarcation.lean,501,UPSTREAM_MANIFEST_MATCH,formalization/notes/examples/E10.md,none
SixBirdsFoundationsV.SupportRestrictionInAdvance,E10,structure,definition,SixBirdsFoundationsV.Laws.E10CognitiveDemarcation,formalization/foundations_v_scaffold/lean/SixBirdsFoundationsV/Laws/E10CognitiveDemarcation.lean,512,UPSTREAM_MANIFEST_MATCH,formalization/notes/examples/E10.md,none
SixBirdsFoundationsV.TargetCoherenceUnderFutureProbes,E10,structure,definition,SixBirdsFoundationsV.Laws.E10CognitiveDemarcation,formalization/foundations_v_scaffold/lean/SixBirdsFoundationsV/Laws/E10CognitiveDemarcation.lean,549,UPSTREAM_MANIFEST_MATCH,formalization/notes/examples/E10.md,none
SixBirdsFoundationsV.IntentionEvidence,E10,structure,definition,SixBirdsFoundationsV.Laws.E10CognitiveDemarcation,formalization/foundations_v_scaffold/lean/SixBirdsFoundationsV/Laws/E10CognitiveDemarcation.lean,571,UPSTREAM_MANIFEST_MATCH,formalization/notes/examples/E10.md,none
SixBirdsFoundationsV.PostHocIntentionWitness,E10,structure,definition,SixBirdsFoundationsV.Laws.E10CognitiveDemarcation,formalization/foundations_v_scaffold/lean/SixBirdsFoundationsV/Laws/E10CognitiveDemarcation.lean,607,UPSTREAM_MANIFEST_MATCH,formalization/notes/examples/E10.md,none
SixBirdsFoundationsV.ApproximateSupportRestrictionDefect,E10,structure,definition,SixBirdsFoundationsV.Laws.E10CognitiveDemarcation,formalization/foundations_v_scaffold/lean/SixBirdsFoundationsV/Laws/E10CognitiveDemarcation.lean,626,UPSTREAM_MANIFEST_MATCH,formalization/notes/examples/E10.md,none
SixBirdsFoundationsV.TargetIncoherentRestrictionDefect,E10,structure,definition,SixBirdsFoundationsV.Laws.E10CognitiveDemarcation,formalization/foundations_v_scaffold/lean/SixBirdsFoundationsV/Laws/E10CognitiveDemarcation.lean,647,UPSTREAM_MANIFEST_MATCH,formalization/notes/examples/E10.md,none
SixBirdsFoundationsV.GoalTargetSelection,E10,structure,definition,SixBirdsFoundationsV.Laws.E10CognitiveDemarcation,formalization/foundations_v_scaffold/lean/SixBirdsFoundationsV/Laws/E10CognitiveDemarcation.lean,675,UPSTREAM_MANIFEST_MATCH,formalization/notes/examples/E10.md,none
SixBirdsFoundationsV.RouteSubstitutionEvaluation,E10,structure,definition,SixBirdsFoundationsV.Laws.E10CognitiveDemarcation,formalization/foundations_v_scaffold/lean/SixBirdsFoundationsV/Laws/E10CognitiveDemarcation.lean,690,UPSTREAM_MANIFEST_MATCH,formalization/notes/examples/E10.md,none
SixBirdsFoundationsV.RouteSubstitutionPersistenceCertified,E10,structure,definition,SixBirdsFoundationsV.Laws.E10CognitiveDemarcation,formalization/foundations_v_scaffold/lean/SixBirdsFoundationsV/Laws/E10CognitiveDemarcation.lean,720,UPSTREAM_MANIFEST_MATCH,formalization/notes/examples/E10.md,none
SixBirdsFoundationsV.CompleteRoutePersistenceInventory,E10,structure,definition,SixBirdsFoundationsV.Laws.E10CognitiveDemarcation,formalization/foundations_v_scaffold/lean/SixBirdsFoundationsV/Laws/E10CognitiveDemarcation.lean,756,UPSTREAM_MANIFEST_MATCH,formalization/notes/examples/E10.md,none
SixBirdsFoundationsV.NoRoutePersistenceFor,E10,def,definition,SixBirdsFoundationsV.Laws.E10CognitiveDemarcation,formalization/foundations_v_scaffold/lean/SixBirdsFoundationsV/Laws/E10CognitiveDemarcation.lean,772,UPSTREAM_MANIFEST_MATCH,formalization/notes/examples/E10.md,none
SixBirdsFoundationsV.GoalEvidence,E10,structure,definition,SixBirdsFoundationsV.Laws.E10CognitiveDemarcation,formalization/foundations_v_scaffold/lean/SixBirdsFoundationsV/Laws/E10CognitiveDemarcation.lean,786,UPSTREAM_MANIFEST_MATCH,formalization/notes/examples/E10.md,none
SixBirdsFoundationsV.RewardProxyOnlyWitness,E10,structure,definition,SixBirdsFoundationsV.Laws.E10CognitiveDemarcation,formalization/foundations_v_scaffold/lean/SixBirdsFoundationsV/Laws/E10CognitiveDemarcation.lean,816,UPSTREAM_MANIFEST_MATCH,formalization/notes/examples/E10.md,none
SixBirdsFoundationsV.RouteUnstableWitness,E10,structure,definition,SixBirdsFoundationsV.Laws.E10CognitiveDemarcation,formalization/foundations_v_scaffold/lean/SixBirdsFoundationsV/Laws/E10CognitiveDemarcation.lean,842,UPSTREAM_MANIFEST_MATCH,formalization/notes/examples/E10.md,none
SixBirdsFoundationsV.CognitiveStatus,E10,inductive,definition,SixBirdsFoundationsV.Laws.E10CognitiveDemarcation,formalization/foundations_v_scaffold/lean/SixBirdsFoundationsV/Laws/E10CognitiveDemarcation.lean,892,UPSTREAM_MANIFEST_MATCH,formalization/notes/examples/E10.md,none
SixBirdsFoundationsV.CognitiveStatusRecord,E10,structure,definition,SixBirdsFoundationsV.Laws.E10CognitiveDemarcation,formalization/foundations_v_scaffold/lean/SixBirdsFoundationsV/Laws/E10CognitiveDemarcation.lean,903,UPSTREAM_MANIFEST_MATCH,formalization/notes/examples/E10.md,none
SixBirdsFoundationsV.CognitiveClaimRef,E10,inductive,definition,SixBirdsFoundationsV.Laws.E10CognitiveDemarcation,formalization/foundations_v_scaffold/lean/SixBirdsFoundationsV/Laws/E10CognitiveDemarcation.lean,917,UPSTREAM_MANIFEST_MATCH,formalization/notes/examples/E10.md,none
SixBirdsFoundationsV.IntentionStatus,E10,inductive,definition,SixBirdsFoundationsV.Laws.E10CognitiveDemarcation,formalization/foundations_v_scaffold/lean/SixBirdsFoundationsV/Laws/E10CognitiveDemarcation.lean,922,UPSTREAM_MANIFEST_MATCH,formalization/notes/examples/E10.md,none
SixBirdsFoundationsV.IntentionStatusRecord,E10,structure,definition,SixBirdsFoundationsV.Laws.E10CognitiveDemarcation,formalization/foundations_v_scaffold/lean/SixBirdsFoundationsV/Laws/E10CognitiveDemarcation.lean,930,UPSTREAM_MANIFEST_MATCH,formalization/notes/examples/E10.md,none
SixBirdsFoundationsV.IntentionClaimRef,E10,inductive,definition,SixBirdsFoundationsV.Laws.E10CognitiveDemarcation,formalization/foundations_v_scaffold/lean/SixBirdsFoundationsV/Laws/E10CognitiveDemarcation.lean,939,UPSTREAM_MANIFEST_MATCH,formalization/notes/examples/E10.md,none
SixBirdsFoundationsV.GoalStatus,E10,inductive,definition,SixBirdsFoundationsV.Laws.E10CognitiveDemarcation,formalization/foundations_v_scaffold/lean/SixBirdsFoundationsV/Laws/E10CognitiveDemarcation.lean,943,UPSTREAM_MANIFEST_MATCH,formalization/notes/examples/E10.md,none
SixBirdsFoundationsV.GoalStatusRecord,E10,structure,definition,SixBirdsFoundationsV.Laws.E10CognitiveDemarcation,formalization/foundations_v_scaffold/lean/SixBirdsFoundationsV/Laws/E10CognitiveDemarcation.lean,950,UPSTREAM_MANIFEST_MATCH,formalization/notes/examples/E10.md,none
SixBirdsFoundationsV.GoalClaimRef,E10,inductive,definition,SixBirdsFoundationsV.Laws.E10CognitiveDemarcation,formalization/foundations_v_scaffold/lean/SixBirdsFoundationsV/Laws/E10CognitiveDemarcation.lean,960,UPSTREAM_MANIFEST_MATCH,formalization/notes/examples/E10.md,none
SixBirdsFoundationsV.CognitiveEvidencePolicies,E10,structure,definition,SixBirdsFoundationsV.Laws.E10CognitiveDemarcation,formalization/foundations_v_scaffold/lean/SixBirdsFoundationsV/Laws/E10CognitiveDemarcation.lean,964,UPSTREAM_MANIFEST_MATCH,formalization/notes/examples/E10.md,none
SixBirdsFoundationsV.CognitiveStatusRecordMatchesClaim,E10,def,definition,SixBirdsFoundationsV.Laws.E10CognitiveDemarcation,formalization/foundations_v_scaffold/lean/SixBirdsFoundationsV/Laws/E10CognitiveDemarcation.lean,984,UPSTREAM_MANIFEST_MATCH,formalization/notes/examples/E10.md,none
SixBirdsFoundationsV.CognitiveStatusOccurrenceFor,E10,def,definition,SixBirdsFoundationsV.Laws.E10CognitiveDemarcation,formalization/foundations_v_scaffold/lean/SixBirdsFoundationsV/Laws/E10CognitiveDemarcation.lean,992,UPSTREAM_MANIFEST_MATCH,formalization/notes/examples/E10.md,none
SixBirdsFoundationsV.IntentionStatusRecordMatchesClaim,E10,def,definition,SixBirdsFoundationsV.Laws.E10CognitiveDemarcation,formalization/foundations_v_scaffold/lean/SixBirdsFoundationsV/Laws/E10CognitiveDemarcation.lean,1003,UPSTREAM_MANIFEST_MATCH,formalization/notes/examples/E10.md,none
SixBirdsFoundationsV.IntentionStatusOccurrenceFor,E10,def,definition,SixBirdsFoundationsV.Laws.E10CognitiveDemarcation,formalization/foundations_v_scaffold/lean/SixBirdsFoundationsV/Laws/E10CognitiveDemarcation.lean,1010,UPSTREAM_MANIFEST_MATCH,formalization/notes/examples/E10.md,none
SixBirdsFoundationsV.GoalStatusRecordMatchesClaim,E10,def,definition,SixBirdsFoundationsV.Laws.E10CognitiveDemarcation,formalization/foundations_v_scaffold/lean/SixBirdsFoundationsV/Laws/E10CognitiveDemarcation.lean,1021,UPSTREAM_MANIFEST_MATCH,formalization/notes/examples/E10.md,none
SixBirdsFoundationsV.GoalStatusOccurrenceFor,E10,def,definition,SixBirdsFoundationsV.Laws.E10CognitiveDemarcation,formalization/foundations_v_scaffold/lean/SixBirdsFoundationsV/Laws/E10CognitiveDemarcation.lean,1028,UPSTREAM_MANIFEST_MATCH,formalization/notes/examples/E10.md,none
SixBirdsFoundationsV.ScheduleTrapEvidenceFor,E10,def,definition,SixBirdsFoundationsV.Laws.E10CognitiveDemarcation,formalization/foundations_v_scaffold/lean/SixBirdsFoundationsV/Laws/E10CognitiveDemarcation.lean,1039,UPSTREAM_MANIFEST_MATCH,formalization/notes/examples/E10.md,none
SixBirdsFoundationsV.ScaffoldingEvidenceFor,E10,def,definition,SixBirdsFoundationsV.Laws.E10CognitiveDemarcation,formalization/foundations_v_scaffold/lean/SixBirdsFoundationsV/Laws/E10CognitiveDemarcation.lean,1052,UPSTREAM_MANIFEST_MATCH,formalization/notes/examples/E10.md,none
SixBirdsFoundationsV.StructuralPathOnlyEvidenceFor,E10,def,definition,SixBirdsFoundationsV.Laws.E10CognitiveDemarcation,formalization/foundations_v_scaffold/lean/SixBirdsFoundationsV/Laws/E10CognitiveDemarcation.lean,1066,UPSTREAM_MANIFEST_MATCH,formalization/notes/examples/E10.md,none
SixBirdsFoundationsV.DecodableCorrelateEvidenceFor,E10,def,definition,SixBirdsFoundationsV.Laws.E10CognitiveDemarcation,formalization/foundations_v_scaffold/lean/SixBirdsFoundationsV/Laws/E10CognitiveDemarcation.lean,1073,UPSTREAM_MANIFEST_MATCH,formalization/notes/examples/E10.md,none
SixBirdsFoundationsV.RepairWithoutGateEvidenceFor,E10,def,definition,SixBirdsFoundationsV.Laws.E10CognitiveDemarcation,formalization/foundations_v_scaffold/lean/SixBirdsFoundationsV/Laws/E10CognitiveDemarcation.lean,1087,UPSTREAM_MANIFEST_MATCH,formalization/notes/examples/E10.md,none
SixBirdsFoundationsV.GateWithoutRepairEvidenceFor,E10,def,definition,SixBirdsFoundationsV.Laws.E10CognitiveDemarcation,formalization/foundations_v_scaffold/lean/SixBirdsFoundationsV/Laws/E10CognitiveDemarcation.lean,1101,UPSTREAM_MANIFEST_MATCH,formalization/notes/examples/E10.md,none
SixBirdsFoundationsV.CognitiveEvidenceFor,E10,def,definition,SixBirdsFoundationsV.Laws.E10CognitiveDemarcation,formalization/foundations_v_scaffold/lean/SixBirdsFoundationsV/Laws/E10CognitiveDemarcation.lean,1112,UPSTREAM_MANIFEST_MATCH,formalization/notes/examples/E10.md,none
SixBirdsFoundationsV.PostHocIntentionEvidenceFor,E10,def,definition,SixBirdsFoundationsV.Laws.E10CognitiveDemarcation,formalization/foundations_v_scaffold/lean/SixBirdsFoundationsV/Laws/E10CognitiveDemarcation.lean,1125,UPSTREAM_MANIFEST_MATCH,formalization/notes/examples/E10.md,none
SixBirdsFoundationsV.ApproximateSupportDefectEvidenceFor,E10,def,definition,SixBirdsFoundationsV.Laws.E10CognitiveDemarcation,formalization/foundations_v_scaffold/lean/SixBirdsFoundationsV/Laws/E10CognitiveDemarcation.lean,1135,UPSTREAM_MANIFEST_MATCH,formalization/notes/examples/E10.md,none
SixBirdsFoundationsV.TargetIncoherentRestrictionEvidenceFor,E10,def,definition,SixBirdsFoundationsV.Laws.E10CognitiveDemarcation,formalization/foundations_v_scaffold/lean/SixBirdsFoundationsV/Laws/E10CognitiveDemarcation.lean,1145,UPSTREAM_MANIFEST_MATCH,formalization/notes/examples/E10.md,none
SixBirdsFoundationsV.IntentionEvidenceFor,E10,def,definition,SixBirdsFoundationsV.Laws.E10CognitiveDemarcation,formalization/foundations_v_scaffold/lean/SixBirdsFoundationsV/Laws/E10CognitiveDemarcation.lean,1155,UPSTREAM_MANIFEST_MATCH,formalization/notes/examples/E10.md,none
SixBirdsFoundationsV.RewardProxyOnlyEvidenceFor,E10,def,definition,SixBirdsFoundationsV.Laws.E10CognitiveDemarcation,formalization/foundations_v_scaffold/lean/SixBirdsFoundationsV/Laws/E10CognitiveDemarcation.lean,1169,UPSTREAM_MANIFEST_MATCH,formalization/notes/examples/E10.md,none
SixBirdsFoundationsV.RouteUnstableEvidenceFor,E10,def,definition,SixBirdsFoundationsV.Laws.E10CognitiveDemarcation,formalization/foundations_v_scaffold/lean/SixBirdsFoundationsV/Laws/E10CognitiveDemarcation.lean,1188,UPSTREAM_MANIFEST_MATCH,formalization/notes/examples/E10.md,none
SixBirdsFoundationsV.GoalEvidenceFor,E10,def,definition,SixBirdsFoundationsV.Laws.E10CognitiveDemarcation,formalization/foundations_v_scaffold/lean/SixBirdsFoundationsV/Laws/E10CognitiveDemarcation.lean,1199,UPSTREAM_MANIFEST_MATCH,formalization/notes/examples/E10.md,none
SixBirdsFoundationsV.ScheduleTrapCase,E10,def,definition,SixBirdsFoundationsV.Laws.E10CognitiveDemarcation,formalization/foundations_v_scaffold/lean/SixBirdsFoundationsV/Laws/E10CognitiveDemarcation.lean,1213,UPSTREAM_MANIFEST_MATCH,formalization/notes/examples/E10.md,none
SixBirdsFoundationsV.ScaffoldingCase,E10,def,definition,SixBirdsFoundationsV.Laws.E10CognitiveDemarcation,formalization/foundations_v_scaffold/lean/SixBirdsFoundationsV/Laws/E10CognitiveDemarcation.lean,1232,UPSTREAM_MANIFEST_MATCH,formalization/notes/examples/E10.md,none
SixBirdsFoundationsV.StructuralPathOnlyCase,E10,def,definition,SixBirdsFoundationsV.Laws.E10CognitiveDemarcation,formalization/foundations_v_scaffold/lean/SixBirdsFoundationsV/Laws/E10CognitiveDemarcation.lean,1253,UPSTREAM_MANIFEST_MATCH,formalization/notes/examples/E10.md,none
SixBirdsFoundationsV.DecodableCorrelateCase,E10,def,definition,SixBirdsFoundationsV.Laws.E10CognitiveDemarcation,formalization/foundations_v_scaffold/lean/SixBirdsFoundationsV/Laws/E10CognitiveDemarcation.lean,1267,UPSTREAM_MANIFEST_MATCH,formalization/notes/examples/E10.md,none
SixBirdsFoundationsV.RepairWithoutGateCase,E10,def,definition,SixBirdsFoundationsV.Laws.E10CognitiveDemarcation,formalization/foundations_v_scaffold/lean/SixBirdsFoundationsV/Laws/E10CognitiveDemarcation.lean,1287,UPSTREAM_MANIFEST_MATCH,formalization/notes/examples/E10.md,none
SixBirdsFoundationsV.GateWithoutRepairCase,E10,def,definition,SixBirdsFoundationsV.Laws.E10CognitiveDemarcation,formalization/foundations_v_scaffold/lean/SixBirdsFoundationsV/Laws/E10CognitiveDemarcation.lean,1308,UPSTREAM_MANIFEST_MATCH,formalization/notes/examples/E10.md,none
SixBirdsFoundationsV.CognitiveCase,E10,def,definition,SixBirdsFoundationsV.Laws.E10CognitiveDemarcation,formalization/foundations_v_scaffold/lean/SixBirdsFoundationsV/Laws/E10CognitiveDemarcation.lean,1333,UPSTREAM_MANIFEST_MATCH,formalization/notes/examples/E10.md,none
SixBirdsFoundationsV.NonCognitiveCase,E10,def,definition,SixBirdsFoundationsV.Laws.E10CognitiveDemarcation,formalization/foundations_v_scaffold/lean/SixBirdsFoundationsV/Laws/E10CognitiveDemarcation.lean,1358,UPSTREAM_MANIFEST_MATCH,formalization/notes/examples/E10.md,none
SixBirdsFoundationsV.ScheduleTrapHolds,E10,def,definition,SixBirdsFoundationsV.Laws.E10CognitiveDemarcation,formalization/foundations_v_scaffold/lean/SixBirdsFoundationsV/Laws/E10CognitiveDemarcation.lean,1373,UPSTREAM_MANIFEST_MATCH,formalization/notes/examples/E10.md,none
SixBirdsFoundationsV.ScaffoldingHolds,E10,def,definition,SixBirdsFoundationsV.Laws.E10CognitiveDemarcation,formalization/foundations_v_scaffold/lean/SixBirdsFoundationsV/Laws/E10CognitiveDemarcation.lean,1382,UPSTREAM_MANIFEST_MATCH,formalization/notes/examples/E10.md,none
SixBirdsFoundationsV.StructuralPathOnlyHolds,E10,def,definition,SixBirdsFoundationsV.Laws.E10CognitiveDemarcation,formalization/foundations_v_scaffold/lean/SixBirdsFoundationsV/Laws/E10CognitiveDemarcation.lean,1391,UPSTREAM_MANIFEST_MATCH,formalization/notes/examples/E10.md,none
SixBirdsFoundationsV.DecodableCorrelateHolds,E10,def,definition,SixBirdsFoundationsV.Laws.E10CognitiveDemarcation,formalization/foundations_v_scaffold/lean/SixBirdsFoundationsV/Laws/E10CognitiveDemarcation.lean,1400,UPSTREAM_MANIFEST_MATCH,formalization/notes/examples/E10.md,none
SixBirdsFoundationsV.RepairWithoutGateHolds,E10,def,definition,SixBirdsFoundationsV.Laws.E10CognitiveDemarcation,formalization/foundations_v_scaffold/lean/SixBirdsFoundationsV/Laws/E10CognitiveDemarcation.lean,1409,UPSTREAM_MANIFEST_MATCH,formalization/notes/examples/E10.md,none
SixBirdsFoundationsV.GateWithoutRepairHolds,E10,def,definition,SixBirdsFoundationsV.Laws.E10CognitiveDemarcation,formalization/foundations_v_scaffold/lean/SixBirdsFoundationsV/Laws/E10CognitiveDemarcation.lean,1418,UPSTREAM_MANIFEST_MATCH,formalization/notes/examples/E10.md,none
SixBirdsFoundationsV.CognitiveHolds,E10,def,definition,SixBirdsFoundationsV.Laws.E10CognitiveDemarcation,formalization/foundations_v_scaffold/lean/SixBirdsFoundationsV/Laws/E10CognitiveDemarcation.lean,1427,UPSTREAM_MANIFEST_MATCH,formalization/notes/examples/E10.md,none
SixBirdsFoundationsV.NonCognitiveHolds,E10,def,definition,SixBirdsFoundationsV.Laws.E10CognitiveDemarcation,formalization/foundations_v_scaffold/lean/SixBirdsFoundationsV/Laws/E10CognitiveDemarcation.lean,1436,UPSTREAM_MANIFEST_MATCH,formalization/notes/examples/E10.md,none
SixBirdsFoundationsV.CompleteCognitiveStatus,E10,structure,definition,SixBirdsFoundationsV.Laws.E10CognitiveDemarcation,formalization/foundations_v_scaffold/lean/SixBirdsFoundationsV/Laws/E10CognitiveDemarcation.lean,1445,UPSTREAM_MANIFEST_MATCH,formalization/notes/examples/E10.md,none
SixBirdsFoundationsV.PostHocIntentionCase,E10,def,definition,SixBirdsFoundationsV.Laws.E10CognitiveDemarcation,formalization/foundations_v_scaffold/lean/SixBirdsFoundationsV/Laws/E10CognitiveDemarcation.lean,1465,UPSTREAM_MANIFEST_MATCH,formalization/notes/examples/E10.md,none
SixBirdsFoundationsV.ApproximateSupportDefectCase,E10,def,definition,SixBirdsFoundationsV.Laws.E10CognitiveDemarcation,formalization/foundations_v_scaffold/lean/SixBirdsFoundationsV/Laws/E10CognitiveDemarcation.lean,1478,UPSTREAM_MANIFEST_MATCH,formalization/notes/examples/E10.md,none
SixBirdsFoundationsV.TargetIncoherentRestrictionCase,E10,def,definition,SixBirdsFoundationsV.Laws.E10CognitiveDemarcation,formalization/foundations_v_scaffold/lean/SixBirdsFoundationsV/Laws/E10CognitiveDemarcation.lean,1492,UPSTREAM_MANIFEST_MATCH,formalization/notes/examples/E10.md,none
SixBirdsFoundationsV.IntentionCase,E10,def,definition,SixBirdsFoundationsV.Laws.E10CognitiveDemarcation,formalization/foundations_v_scaffold/lean/SixBirdsFoundationsV/Laws/E10CognitiveDemarcation.lean,1508,UPSTREAM_MANIFEST_MATCH,formalization/notes/examples/E10.md,none
SixBirdsFoundationsV.NotIntentionCase,E10,def,definition,SixBirdsFoundationsV.Laws.E10CognitiveDemarcation,formalization/foundations_v_scaffold/lean/SixBirdsFoundationsV/Laws/E10CognitiveDemarcation.lean,1532,UPSTREAM_MANIFEST_MATCH,formalization/notes/examples/E10.md,none
SixBirdsFoundationsV.PostHocIntentionHolds,E10,def,definition,SixBirdsFoundationsV.Laws.E10CognitiveDemarcation,formalization/foundations_v_scaffold/lean/SixBirdsFoundationsV/Laws/E10CognitiveDemarcation.lean,1544,UPSTREAM_MANIFEST_MATCH,formalization/notes/examples/E10.md,none
SixBirdsFoundationsV.ApproximateSupportDefectHolds,E10,def,definition,SixBirdsFoundationsV.Laws.E10CognitiveDemarcation,formalization/foundations_v_scaffold/lean/SixBirdsFoundationsV/Laws/E10CognitiveDemarcation.lean,1553,UPSTREAM_MANIFEST_MATCH,formalization/notes/examples/E10.md,none
SixBirdsFoundationsV.TargetIncoherentRestrictionHolds,E10,def,definition,SixBirdsFoundationsV.Laws.E10CognitiveDemarcation,formalization/foundations_v_scaffold/lean/SixBirdsFoundationsV/Laws/E10CognitiveDemarcation.lean,1562,UPSTREAM_MANIFEST_MATCH,formalization/notes/examples/E10.md,none
SixBirdsFoundationsV.IntentionHolds,E10,def,definition,SixBirdsFoundationsV.Laws.E10CognitiveDemarcation,formalization/foundations_v_scaffold/lean/SixBirdsFoundationsV/Laws/E10CognitiveDemarcation.lean,1571,UPSTREAM_MANIFEST_MATCH,formalization/notes/examples/E10.md,none
SixBirdsFoundationsV.NotIntentionHolds,E10,def,definition,SixBirdsFoundationsV.Laws.E10CognitiveDemarcation,formalization/foundations_v_scaffold/lean/SixBirdsFoundationsV/Laws/E10CognitiveDemarcation.lean,1580,UPSTREAM_MANIFEST_MATCH,formalization/notes/examples/E10.md,none
SixBirdsFoundationsV.CompleteIntentionStatus,E10,structure,definition,SixBirdsFoundationsV.Laws.E10CognitiveDemarcation,formalization/foundations_v_scaffold/lean/SixBirdsFoundationsV/Laws/E10CognitiveDemarcation.lean,1589,UPSTREAM_MANIFEST_MATCH,formalization/notes/examples/E10.md,none
SixBirdsFoundationsV.RewardProxyOnlyCase,E10,def,definition,SixBirdsFoundationsV.Laws.E10CognitiveDemarcation,formalization/foundations_v_scaffold/lean/SixBirdsFoundationsV/Laws/E10CognitiveDemarcation.lean,1606,UPSTREAM_MANIFEST_MATCH,formalization/notes/examples/E10.md,none
SixBirdsFoundationsV.RouteUnstableCase,E10,def,definition,SixBirdsFoundationsV.Laws.E10CognitiveDemarcation,formalization/foundations_v_scaffold/lean/SixBirdsFoundationsV/Laws/E10CognitiveDemarcation.lean,1629,UPSTREAM_MANIFEST_MATCH,formalization/notes/examples/E10.md,none
SixBirdsFoundationsV.GoalCase,E10,def,definition,SixBirdsFoundationsV.Laws.E10CognitiveDemarcation,formalization/foundations_v_scaffold/lean/SixBirdsFoundationsV/Laws/E10CognitiveDemarcation.lean,1646,UPSTREAM_MANIFEST_MATCH,formalization/notes/examples/E10.md,none
SixBirdsFoundationsV.NotGoalCase,E10,def,definition,SixBirdsFoundationsV.Laws.E10CognitiveDemarcation,formalization/foundations_v_scaffold/lean/SixBirdsFoundationsV/Laws/E10CognitiveDemarcation.lean,1668,UPSTREAM_MANIFEST_MATCH,formalization/notes/examples/E10.md,none
SixBirdsFoundationsV.RewardProxyOnlyHolds,E10,def,definition,SixBirdsFoundationsV.Laws.E10CognitiveDemarcation,formalization/foundations_v_scaffold/lean/SixBirdsFoundationsV/Laws/E10CognitiveDemarcation.lean,1679,UPSTREAM_MANIFEST_MATCH,formalization/notes/examples/E10.md,none
SixBirdsFoundationsV.RouteUnstableHolds,E10,def,definition,SixBirdsFoundationsV.Laws.E10CognitiveDemarcation,formalization/foundations_v_scaffold/lean/SixBirdsFoundationsV/Laws/E10CognitiveDemarcation.lean,1688,UPSTREAM_MANIFEST_MATCH,formalization/notes/examples/E10.md,none
SixBirdsFoundationsV.GoalHolds,E10,def,definition,SixBirdsFoundationsV.Laws.E10CognitiveDemarcation,formalization/foundations_v_scaffold/lean/SixBirdsFoundationsV/Laws/E10CognitiveDemarcation.lean,1697,UPSTREAM_MANIFEST_MATCH,formalization/notes/examples/E10.md,none
SixBirdsFoundationsV.NotGoalHolds,E10,def,definition,SixBirdsFoundationsV.Laws.E10CognitiveDemarcation,formalization/foundations_v_scaffold/lean/SixBirdsFoundationsV/Laws/E10CognitiveDemarcation.lean,1706,UPSTREAM_MANIFEST_MATCH,formalization/notes/examples/E10.md,none
SixBirdsFoundationsV.CompleteGoalStatus,E10,structure,definition,SixBirdsFoundationsV.Laws.E10CognitiveDemarcation,formalization/foundations_v_scaffold/lean/SixBirdsFoundationsV/Laws/E10CognitiveDemarcation.lean,1715,UPSTREAM_MANIFEST_MATCH,formalization/notes/examples/E10.md,none
SixBirdsFoundationsV.E10.ExactlyOne,E10,def,definition,SixBirdsFoundationsV.Laws.E10CognitiveDemarcation,formalization/foundations_v_scaffold/lean/SixBirdsFoundationsV/Laws/E10CognitiveDemarcation.lean,1746,UPSTREAM_MANIFEST_MATCH,formalization/notes/examples/E10.md,none
SixBirdsFoundationsV.E10_CognitiveDemarcation,E10,theorem,theorem,SixBirdsFoundationsV.Laws.E10CognitiveDemarcation,formalization/foundations_v_scaffold/lean/SixBirdsFoundationsV/Laws/E10CognitiveDemarcation.lean,1771,UPSTREAM_MANIFEST_MATCH,formalization/notes/examples/E10.md,none
SixBirdsFoundationsV.E10_ScheduleTrapExcludesLowerPriority,E10,theorem,theorem,SixBirdsFoundationsV.Laws.E10CognitiveDemarcation,formalization/foundations_v_scaffold/lean/SixBirdsFoundationsV/Laws/E10CognitiveDemarcation.lean,1963,UPSTREAM_MANIFEST_MATCH,formalization/notes/examples/E10.md,none
SixBirdsFoundationsV.E10_DecodableCorrelate,E10,theorem,theorem,SixBirdsFoundationsV.Laws.E10CognitiveDemarcation,formalization/foundations_v_scaffold/lean/SixBirdsFoundationsV/Laws/E10CognitiveDemarcation.lean,2012,UPSTREAM_MANIFEST_MATCH,formalization/notes/examples/E10.md,none
SixBirdsFoundationsV.E10_ScheduleTrapNull,E10,theorem,theorem,SixBirdsFoundationsV.Laws.E10CognitiveDemarcation,formalization/foundations_v_scaffold/lean/SixBirdsFoundationsV/Laws/E10CognitiveDemarcation.lean,2027,UPSTREAM_MANIFEST_MATCH,formalization/notes/examples/E10.md,none
SixBirdsFoundationsV.E10_1_Intention,E10,theorem,theorem,SixBirdsFoundationsV.Laws.E10CognitiveDemarcation,formalization/foundations_v_scaffold/lean/SixBirdsFoundationsV/Laws/E10CognitiveDemarcation.lean,2042,UPSTREAM_MANIFEST_MATCH,formalization/notes/examples/E10.md,none
SixBirdsFoundationsV.E10_1_PostHocIntentionExcludesLowerPriority,E10,theorem,theorem,SixBirdsFoundationsV.Laws.E10CognitiveDemarcation,formalization/foundations_v_scaffold/lean/SixBirdsFoundationsV/Laws/E10CognitiveDemarcation.lean,2155,UPSTREAM_MANIFEST_MATCH,formalization/notes/examples/E10.md,none
SixBirdsFoundationsV.E10_1_PostHocIntentionFalsifier,E10,theorem,theorem,SixBirdsFoundationsV.Laws.E10CognitiveDemarcation,formalization/foundations_v_scaffold/lean/SixBirdsFoundationsV/Laws/E10CognitiveDemarcation.lean,2186,UPSTREAM_MANIFEST_MATCH,formalization/notes/examples/E10.md,none
SixBirdsFoundationsV.E10_2_Goal,E10,theorem,theorem,SixBirdsFoundationsV.Laws.E10CognitiveDemarcation,formalization/foundations_v_scaffold/lean/SixBirdsFoundationsV/Laws/E10CognitiveDemarcation.lean,2201,UPSTREAM_MANIFEST_MATCH,formalization/notes/examples/E10.md,none
SixBirdsFoundationsV.E10_2_RewardProxyOnlyExcludesLowerPriority,E10,theorem,theorem,SixBirdsFoundationsV.Laws.E10CognitiveDemarcation,formalization/foundations_v_scaffold/lean/SixBirdsFoundationsV/Laws/E10CognitiveDemarcation.lean,2291,UPSTREAM_MANIFEST_MATCH,formalization/notes/examples/E10.md,none
SixBirdsFoundationsV.E10_2_RewardProxyNotGoal,E10,theorem,theorem,SixBirdsFoundationsV.Laws.E10CognitiveDemarcation,formalization/foundations_v_scaffold/lean/SixBirdsFoundationsV/Laws/E10CognitiveDemarcation.lean,2314,UPSTREAM_MANIFEST_MATCH,formalization/notes/examples/E10.md,none
SixBirdsFoundationsV.InstitutionLabelRecord,E11,structure,definition,SixBirdsFoundationsV.Laws.E11InstitutionalRewrite,formalization/foundations_v_scaffold/lean/SixBirdsFoundationsV/Laws/E11InstitutionalRewrite.lean,16,UPSTREAM_MANIFEST_MATCH,formalization/notes/examples/E11.md,none
SixBirdsFoundationsV.InstitutionInterventionRecord,E11,structure,definition,SixBirdsFoundationsV.Laws.E11InstitutionalRewrite,formalization/foundations_v_scaffold/lean/SixBirdsFoundationsV/Laws/E11InstitutionalRewrite.lean,20,UPSTREAM_MANIFEST_MATCH,formalization/notes/examples/E11.md,none
SixBirdsFoundationsV.MatchedComparisonRecord,E11,structure,definition,SixBirdsFoundationsV.Laws.E11InstitutionalRewrite,formalization/foundations_v_scaffold/lean/SixBirdsFoundationsV/Laws/E11InstitutionalRewrite.lean,24,UPSTREAM_MANIFEST_MATCH,formalization/notes/examples/E11.md,none
SixBirdsFoundationsV.InstitutionalEffectRecord,E11,structure,definition,SixBirdsFoundationsV.Laws.E11InstitutionalRewrite,formalization/foundations_v_scaffold/lean/SixBirdsFoundationsV/Laws/E11InstitutionalRewrite.lean,28,UPSTREAM_MANIFEST_MATCH,formalization/notes/examples/E11.md,none
SixBirdsFoundationsV.ParameterEffectRecord,E11,structure,definition,SixBirdsFoundationsV.Laws.E11InstitutionalRewrite,formalization/foundations_v_scaffold/lean/SixBirdsFoundationsV/Laws/E11InstitutionalRewrite.lean,32,UPSTREAM_MANIFEST_MATCH,formalization/notes/examples/E11.md,none
SixBirdsFoundationsV.CompiledRewriteRecord,E11,structure,definition,SixBirdsFoundationsV.Laws.E11InstitutionalRewrite,formalization/foundations_v_scaffold/lean/SixBirdsFoundationsV/Laws/E11InstitutionalRewrite.lean,36,UPSTREAM_MANIFEST_MATCH,formalization/notes/examples/E11.md,none
SixBirdsFoundationsV.InstitutionalLabel,E11,structure,definition,SixBirdsFoundationsV.Laws.E11InstitutionalRewrite,formalization/foundations_v_scaffold/lean/SixBirdsFoundationsV/Laws/E11InstitutionalRewrite.lean,40,UPSTREAM_MANIFEST_MATCH,formalization/notes/examples/E11.md,none
SixBirdsFoundationsV.LowerContextRecord,E11,structure,definition,SixBirdsFoundationsV.Laws.E11InstitutionalRewrite,formalization/foundations_v_scaffold/lean/SixBirdsFoundationsV/Laws/E11InstitutionalRewrite.lean,44,UPSTREAM_MANIFEST_MATCH,formalization/notes/examples/E11.md,none
SixBirdsFoundationsV.UncontrolledDifferenceRecord,E11,structure,definition,SixBirdsFoundationsV.Laws.E11InstitutionalRewrite,formalization/foundations_v_scaffold/lean/SixBirdsFoundationsV/Laws/E11InstitutionalRewrite.lean,48,UPSTREAM_MANIFEST_MATCH,formalization/notes/examples/E11.md,none
SixBirdsFoundationsV.LowerClosureSignature,E11,structure,definition,SixBirdsFoundationsV.Laws.E11InstitutionalRewrite,formalization/foundations_v_scaffold/lean/SixBirdsFoundationsV/Laws/E11InstitutionalRewrite.lean,52,UPSTREAM_MANIFEST_MATCH,formalization/notes/examples/E11.md,none
SixBirdsFoundationsV.LowerClosureDifferenceRecord,E11,structure,definition,SixBirdsFoundationsV.Laws.E11InstitutionalRewrite,formalization/foundations_v_scaffold/lean/SixBirdsFoundationsV/Laws/E11InstitutionalRewrite.lean,56,UPSTREAM_MANIFEST_MATCH,formalization/notes/examples/E11.md,none
SixBirdsFoundationsV.InstitutionalOutcomeReadout,E11,structure,definition,SixBirdsFoundationsV.Laws.E11InstitutionalRewrite,formalization/foundations_v_scaffold/lean/SixBirdsFoundationsV/Laws/E11InstitutionalRewrite.lean,60,UPSTREAM_MANIFEST_MATCH,formalization/notes/examples/E11.md,none
SixBirdsFoundationsV.InstitutionalIntervention,E11,structure,definition,SixBirdsFoundationsV.Laws.E11InstitutionalRewrite,formalization/foundations_v_scaffold/lean/SixBirdsFoundationsV/Laws/E11InstitutionalRewrite.lean,64,UPSTREAM_MANIFEST_MATCH,formalization/notes/examples/E11.md,none
SixBirdsFoundationsV.InstitutionalInterventionOccurrenceFor,E11,def,definition,SixBirdsFoundationsV.Laws.E11InstitutionalRewrite,formalization/foundations_v_scaffold/lean/SixBirdsFoundationsV/Laws/E11InstitutionalRewrite.lean,83,UPSTREAM_MANIFEST_MATCH,formalization/notes/examples/E11.md,none
SixBirdsFoundationsV.DistinctInstitutionalInterventions,E11,def,definition,SixBirdsFoundationsV.Laws.E11InstitutionalRewrite,formalization/foundations_v_scaffold/lean/SixBirdsFoundationsV/Laws/E11InstitutionalRewrite.lean,110,UPSTREAM_MANIFEST_MATCH,formalization/notes/examples/E11.md,none
SixBirdsFoundationsV.MatchedInstitutionalComparison,E11,structure,definition,SixBirdsFoundationsV.Laws.E11InstitutionalRewrite,formalization/foundations_v_scaffold/lean/SixBirdsFoundationsV/Laws/E11InstitutionalRewrite.lean,123,UPSTREAM_MANIFEST_MATCH,formalization/notes/examples/E11.md,none
SixBirdsFoundationsV.MatchedControlsComparison,E11,def,definition,SixBirdsFoundationsV.Laws.E11InstitutionalRewrite,formalization/foundations_v_scaffold/lean/SixBirdsFoundationsV/Laws/E11InstitutionalRewrite.lean,140,UPSTREAM_MANIFEST_MATCH,formalization/notes/examples/E11.md,none
SixBirdsFoundationsV.StaticInstitutionalLabels,E11,structure,definition,SixBirdsFoundationsV.Laws.E11InstitutionalRewrite,formalization/foundations_v_scaffold/lean/SixBirdsFoundationsV/Laws/E11InstitutionalRewrite.lean,172,UPSTREAM_MANIFEST_MATCH,formalization/notes/examples/E11.md,none
SixBirdsFoundationsV.BaseIndependentBehavior,E11,structure,definition,SixBirdsFoundationsV.Laws.E11InstitutionalRewrite,formalization/foundations_v_scaffold/lean/SixBirdsFoundationsV/Laws/E11InstitutionalRewrite.lean,186,UPSTREAM_MANIFEST_MATCH,formalization/notes/examples/E11.md,none
SixBirdsFoundationsV.StrictInstitutionalRefinement,E11,structure,definition,SixBirdsFoundationsV.Laws.E11InstitutionalRewrite,formalization/foundations_v_scaffold/lean/SixBirdsFoundationsV/Laws/E11InstitutionalRewrite.lean,200,UPSTREAM_MANIFEST_MATCH,formalization/notes/examples/E11.md,none
SixBirdsFoundationsV.LowerKernelSupportComparator,E11,structure,definition,SixBirdsFoundationsV.Laws.E11InstitutionalRewrite,formalization/foundations_v_scaffold/lean/SixBirdsFoundationsV/Laws/E11InstitutionalRewrite.lean,211,UPSTREAM_MANIFEST_MATCH,formalization/notes/examples/E11.md,none
SixBirdsFoundationsV.KernelSupportDiffers,E11,def,definition,SixBirdsFoundationsV.Laws.E11InstitutionalRewrite,formalization/foundations_v_scaffold/lean/SixBirdsFoundationsV/Laws/E11InstitutionalRewrite.lean,226,UPSTREAM_MANIFEST_MATCH,formalization/notes/examples/E11.md,none
SixBirdsFoundationsV.LowerClosureComparator,E11,structure,definition,SixBirdsFoundationsV.Laws.E11InstitutionalRewrite,formalization/foundations_v_scaffold/lean/SixBirdsFoundationsV/Laws/E11InstitutionalRewrite.lean,241,UPSTREAM_MANIFEST_MATCH,formalization/notes/examples/E11.md,none
SixBirdsFoundationsV.ClosureDiffers,E11,def,definition,SixBirdsFoundationsV.Laws.E11InstitutionalRewrite,formalization/foundations_v_scaffold/lean/SixBirdsFoundationsV/Laws/E11InstitutionalRewrite.lean,254,UPSTREAM_MANIFEST_MATCH,formalization/notes/examples/E11.md,none
SixBirdsFoundationsV.LowerParameterComparator,E11,structure,definition,SixBirdsFoundationsV.Laws.E11InstitutionalRewrite,formalization/foundations_v_scaffold/lean/SixBirdsFoundationsV/Laws/E11InstitutionalRewrite.lean,268,UPSTREAM_MANIFEST_MATCH,formalization/notes/examples/E11.md,none
SixBirdsFoundationsV.ParameterConditioningOnly,E11,def,definition,SixBirdsFoundationsV.Laws.E11InstitutionalRewrite,formalization/foundations_v_scaffold/lean/SixBirdsFoundationsV/Laws/E11InstitutionalRewrite.lean,286,UPSTREAM_MANIFEST_MATCH,formalization/notes/examples/E11.md,none
SixBirdsFoundationsV.TopDownChannelRecordCarriedAt,E11,def,definition,SixBirdsFoundationsV.Laws.E11InstitutionalRewrite,formalization/foundations_v_scaffold/lean/SixBirdsFoundationsV/Laws/E11InstitutionalRewrite.lean,305,UPSTREAM_MANIFEST_MATCH,formalization/notes/examples/E11.md,none
SixBirdsFoundationsV.InstitutionalStructuralEffect,E11,structure,definition,SixBirdsFoundationsV.Laws.E11InstitutionalRewrite,formalization/foundations_v_scaffold/lean/SixBirdsFoundationsV/Laws/E11InstitutionalRewrite.lean,322,UPSTREAM_MANIFEST_MATCH,formalization/notes/examples/E11.md,none
SixBirdsFoundationsV.InstitutionalParameterEffect,E11,structure,definition,SixBirdsFoundationsV.Laws.E11InstitutionalRewrite,formalization/foundations_v_scaffold/lean/SixBirdsFoundationsV/Laws/E11InstitutionalRewrite.lean,338,UPSTREAM_MANIFEST_MATCH,formalization/notes/examples/E11.md,none
SixBirdsFoundationsV.ReproducesClaimedEffect,E11,def,definition,SixBirdsFoundationsV.Laws.E11InstitutionalRewrite,formalization/foundations_v_scaffold/lean/SixBirdsFoundationsV/Laws/E11InstitutionalRewrite.lean,343,UPSTREAM_MANIFEST_MATCH,formalization/notes/examples/E11.md,none
SixBirdsFoundationsV.StructuralEffectFor,E11,def,definition,SixBirdsFoundationsV.Laws.E11InstitutionalRewrite,formalization/foundations_v_scaffold/lean/SixBirdsFoundationsV/Laws/E11InstitutionalRewrite.lean,356,UPSTREAM_MANIFEST_MATCH,formalization/notes/examples/E11.md,none
SixBirdsFoundationsV.Delta_stack,E11,def,definition,SixBirdsFoundationsV.Laws.E11InstitutionalRewrite,formalization/foundations_v_scaffold/lean/SixBirdsFoundationsV/Laws/E11InstitutionalRewrite.lean,399,UPSTREAM_MANIFEST_MATCH,formalization/notes/examples/E11.md,none
SixBirdsFoundationsV.DeltaStackEmptyFor,E11,def,definition,SixBirdsFoundationsV.Laws.E11InstitutionalRewrite,formalization/foundations_v_scaffold/lean/SixBirdsFoundationsV/Laws/E11InstitutionalRewrite.lean,435,UPSTREAM_MANIFEST_MATCH,formalization/notes/examples/E11.md,none
SixBirdsFoundationsV.E4CompiledInstitutionalRewrite,E11,structure,definition,SixBirdsFoundationsV.Laws.E11InstitutionalRewrite,formalization/foundations_v_scaffold/lean/SixBirdsFoundationsV/Laws/E11InstitutionalRewrite.lean,465,UPSTREAM_MANIFEST_MATCH,formalization/notes/examples/E11.md,none
SixBirdsFoundationsV.InstitutionalRewriteStatus,E11,inductive,definition,SixBirdsFoundationsV.Laws.E11InstitutionalRewrite,formalization/foundations_v_scaffold/lean/SixBirdsFoundationsV/Laws/E11InstitutionalRewrite.lean,483,UPSTREAM_MANIFEST_MATCH,formalization/notes/examples/E11.md,none
SixBirdsFoundationsV.InstitutionalRewriteStatusRecord,E11,structure,definition,SixBirdsFoundationsV.Laws.E11InstitutionalRewrite,formalization/foundations_v_scaffold/lean/SixBirdsFoundationsV/Laws/E11InstitutionalRewrite.lean,490,UPSTREAM_MANIFEST_MATCH,formalization/notes/examples/E11.md,none
SixBirdsFoundationsV.InstitutionalRewriteStatusOccurrenceFor,E11,def,definition,SixBirdsFoundationsV.Laws.E11InstitutionalRewrite,formalization/foundations_v_scaffold/lean/SixBirdsFoundationsV/Laws/E11InstitutionalRewrite.lean,532,UPSTREAM_MANIFEST_MATCH,formalization/notes/examples/E11.md,none
SixBirdsFoundationsV.WashoutNull,E11,def,definition,SixBirdsFoundationsV.Laws.E11InstitutionalRewrite,formalization/foundations_v_scaffold/lean/SixBirdsFoundationsV/Laws/E11InstitutionalRewrite.lean,547,UPSTREAM_MANIFEST_MATCH,formalization/notes/examples/E11.md,none
SixBirdsFoundationsV.NCTDControl,E11,def,definition,SixBirdsFoundationsV.Laws.E11InstitutionalRewrite,formalization/foundations_v_scaffold/lean/SixBirdsFoundationsV/Laws/E11InstitutionalRewrite.lean,560,UPSTREAM_MANIFEST_MATCH,formalization/notes/examples/E11.md,none
SixBirdsFoundationsV.InertEvidence,E11,def,definition,SixBirdsFoundationsV.Laws.E11InstitutionalRewrite,formalization/foundations_v_scaffold/lean/SixBirdsFoundationsV/Laws/E11InstitutionalRewrite.lean,566,UPSTREAM_MANIFEST_MATCH,formalization/notes/examples/E11.md,none
SixBirdsFoundationsV.ConditioningEvidence,E11,def,definition,SixBirdsFoundationsV.Laws.E11InstitutionalRewrite,formalization/foundations_v_scaffold/lean/SixBirdsFoundationsV/Laws/E11InstitutionalRewrite.lean,582,UPSTREAM_MANIFEST_MATCH,formalization/notes/examples/E11.md,none
SixBirdsFoundationsV.ConstitutiveEvidence,E11,def,definition,SixBirdsFoundationsV.Laws.E11InstitutionalRewrite,formalization/foundations_v_scaffold/lean/SixBirdsFoundationsV/Laws/E11InstitutionalRewrite.lean,599,UPSTREAM_MANIFEST_MATCH,formalization/notes/examples/E11.md,none
SixBirdsFoundationsV.ConstitutiveEvidenceExistsFor,E11,def,definition,SixBirdsFoundationsV.Laws.E11InstitutionalRewrite,formalization/foundations_v_scaffold/lean/SixBirdsFoundationsV/Laws/E11InstitutionalRewrite.lean,617,UPSTREAM_MANIFEST_MATCH,formalization/notes/examples/E11.md,none
SixBirdsFoundationsV.StackActiveEvidence,E11,def,definition,SixBirdsFoundationsV.Laws.E11InstitutionalRewrite,formalization/foundations_v_scaffold/lean/SixBirdsFoundationsV/Laws/E11InstitutionalRewrite.lean,628,UPSTREAM_MANIFEST_MATCH,formalization/notes/examples/E11.md,none
SixBirdsFoundationsV.InertCase,E11,def,definition,SixBirdsFoundationsV.Laws.E11InstitutionalRewrite,formalization/foundations_v_scaffold/lean/SixBirdsFoundationsV/Laws/E11InstitutionalRewrite.lean,643,UPSTREAM_MANIFEST_MATCH,formalization/notes/examples/E11.md,none
SixBirdsFoundationsV.ConditioningCase,E11,def,definition,SixBirdsFoundationsV.Laws.E11InstitutionalRewrite,formalization/foundations_v_scaffold/lean/SixBirdsFoundationsV/Laws/E11InstitutionalRewrite.lean,659,UPSTREAM_MANIFEST_MATCH,formalization/notes/examples/E11.md,none
SixBirdsFoundationsV.StackActiveCase,E11,def,definition,SixBirdsFoundationsV.Laws.E11InstitutionalRewrite,formalization/foundations_v_scaffold/lean/SixBirdsFoundationsV/Laws/E11InstitutionalRewrite.lean,676,UPSTREAM_MANIFEST_MATCH,formalization/notes/examples/E11.md,none
SixBirdsFoundationsV.ConstitutiveCase,E11,def,definition,SixBirdsFoundationsV.Laws.E11InstitutionalRewrite,formalization/foundations_v_scaffold/lean/SixBirdsFoundationsV/Laws/E11InstitutionalRewrite.lean,694,UPSTREAM_MANIFEST_MATCH,formalization/notes/examples/E11.md,none
SixBirdsFoundationsV.InertHolds,E11,def,definition,SixBirdsFoundationsV.Laws.E11InstitutionalRewrite,formalization/foundations_v_scaffold/lean/SixBirdsFoundationsV/Laws/E11InstitutionalRewrite.lean,715,UPSTREAM_MANIFEST_MATCH,formalization/notes/examples/E11.md,none
SixBirdsFoundationsV.ConditioningHolds,E11,def,definition,SixBirdsFoundationsV.Laws.E11InstitutionalRewrite,formalization/foundations_v_scaffold/lean/SixBirdsFoundationsV/Laws/E11InstitutionalRewrite.lean,723,UPSTREAM_MANIFEST_MATCH,formalization/notes/examples/E11.md,none
SixBirdsFoundationsV.StackActiveHolds,E11,def,definition,SixBirdsFoundationsV.Laws.E11InstitutionalRewrite,formalization/foundations_v_scaffold/lean/SixBirdsFoundationsV/Laws/E11InstitutionalRewrite.lean,731,UPSTREAM_MANIFEST_MATCH,formalization/notes/examples/E11.md,none
SixBirdsFoundationsV.ConstitutiveHolds,E11,def,definition,SixBirdsFoundationsV.Laws.E11InstitutionalRewrite,formalization/foundations_v_scaffold/lean/SixBirdsFoundationsV/Laws/E11InstitutionalRewrite.lean,739,UPSTREAM_MANIFEST_MATCH,formalization/notes/examples/E11.md,none
SixBirdsFoundationsV.CompleteInstitutionalRewriteStatus,E11,def,definition,SixBirdsFoundationsV.Laws.E11InstitutionalRewrite,formalization/foundations_v_scaffold/lean/SixBirdsFoundationsV/Laws/E11InstitutionalRewrite.lean,747,UPSTREAM_MANIFEST_MATCH,formalization/notes/examples/E11.md,none
SixBirdsFoundationsV.E11_StackActivity,E11,theorem,theorem,SixBirdsFoundationsV.Laws.E11InstitutionalRewrite,formalization/foundations_v_scaffold/lean/SixBirdsFoundationsV/Laws/E11InstitutionalRewrite.lean,811,UPSTREAM_MANIFEST_MATCH,formalization/notes/examples/E11.md,none
SixBirdsFoundationsV.E11_Constitutive,E11,theorem,theorem,SixBirdsFoundationsV.Laws.E11InstitutionalRewrite,formalization/foundations_v_scaffold/lean/SixBirdsFoundationsV/Laws/E11InstitutionalRewrite.lean,853,UPSTREAM_MANIFEST_MATCH,formalization/notes/examples/E11.md,none
SixBirdsFoundationsV.E11_ConditioningOnly,E11,theorem,theorem,SixBirdsFoundationsV.Laws.E11InstitutionalRewrite,formalization/foundations_v_scaffold/lean/SixBirdsFoundationsV/Laws/E11InstitutionalRewrite.lean,900,UPSTREAM_MANIFEST_MATCH,formalization/notes/examples/E11.md,none
SixBirdsFoundationsV.E11_WashoutInert,E11,theorem,theorem,SixBirdsFoundationsV.Laws.E11InstitutionalRewrite,formalization/foundations_v_scaffold/lean/SixBirdsFoundationsV/Laws/E11InstitutionalRewrite.lean,941,UPSTREAM_MANIFEST_MATCH,formalization/notes/examples/E11.md,none
SixBirdsFoundationsV.E11_NCTDObstruction,E11,theorem,theorem,SixBirdsFoundationsV.Laws.E11InstitutionalRewrite,formalization/foundations_v_scaffold/lean/SixBirdsFoundationsV/Laws/E11InstitutionalRewrite.lean,966,UPSTREAM_MANIFEST_MATCH,formalization/notes/examples/E11.md,none
SixBirdsFoundationsV.E11_StatusPartition,E11,theorem,theorem,SixBirdsFoundationsV.Laws.E11InstitutionalRewrite,formalization/foundations_v_scaffold/lean/SixBirdsFoundationsV/Laws/E11InstitutionalRewrite.lean,973,UPSTREAM_MANIFEST_MATCH,formalization/notes/examples/E11.md,none
SixBirdsFoundationsV.Subcarrier,E12,def,definition,SixBirdsFoundationsV.Laws.E12Individuation,formalization/foundations_v_scaffold/lean/SixBirdsFoundationsV/Laws/E12Individuation.lean,20,UPSTREAM_MANIFEST_MATCH,formalization/notes/examples/E12.md,none
SixBirdsFoundationsV.Candidates,E12,structure,definition,SixBirdsFoundationsV.Laws.E12Individuation,formalization/foundations_v_scaffold/lean/SixBirdsFoundationsV/Laws/E12Individuation.lean,32,UPSTREAM_MANIFEST_MATCH,formalization/notes/examples/E12.md,none
SixBirdsFoundationsV.GeneratedByActivityIn,E12,structure,definition,SixBirdsFoundationsV.Laws.E12Individuation,formalization/foundations_v_scaffold/lean/SixBirdsFoundationsV/Laws/E12Individuation.lean,45,UPSTREAM_MANIFEST_MATCH,formalization/notes/examples/E12.md,none
SixBirdsFoundationsV.EntryClosedOn,E12,def,definition,SixBirdsFoundationsV.Laws.E12Individuation,formalization/foundations_v_scaffold/lean/SixBirdsFoundationsV/Laws/E12Individuation.lean,56,UPSTREAM_MANIFEST_MATCH,formalization/notes/examples/E12.md,none
SixBirdsFoundationsV.RecordClosedOn,E12,def,definition,SixBirdsFoundationsV.Laws.E12Individuation,formalization/foundations_v_scaffold/lean/SixBirdsFoundationsV/Laws/E12Individuation.lean,72,UPSTREAM_MANIFEST_MATCH,formalization/notes/examples/E12.md,none
SixBirdsFoundationsV.RepairAttributedTo,E12,structure,definition,SixBirdsFoundationsV.Laws.E12Individuation,formalization/foundations_v_scaffold/lean/SixBirdsFoundationsV/Laws/E12Individuation.lean,88,UPSTREAM_MANIFEST_MATCH,formalization/notes/examples/E12.md,none
SixBirdsFoundationsV.RepairClosedOn,E12,def,definition,SixBirdsFoundationsV.Laws.E12Individuation,formalization/foundations_v_scaffold/lean/SixBirdsFoundationsV/Laws/E12Individuation.lean,120,UPSTREAM_MANIFEST_MATCH,formalization/notes/examples/E12.md,none
SixBirdsFoundationsV.AttributedToI,E12,def,definition,SixBirdsFoundationsV.Laws.E12Individuation,formalization/foundations_v_scaffold/lean/SixBirdsFoundationsV/Laws/E12Individuation.lean,134,UPSTREAM_MANIFEST_MATCH,formalization/notes/examples/E12.md,none
SixBirdsFoundationsV.BudgetClosedOn,E12,def,definition,SixBirdsFoundationsV.Laws.E12Individuation,formalization/foundations_v_scaffold/lean/SixBirdsFoundationsV/Laws/E12Individuation.lean,165,UPSTREAM_MANIFEST_MATCH,formalization/notes/examples/E12.md,none
SixBirdsFoundationsV.InterfaceState,E12,structure,definition,SixBirdsFoundationsV.Laws.E12Individuation,formalization/foundations_v_scaffold/lean/SixBirdsFoundationsV/Laws/E12Individuation.lean,190,UPSTREAM_MANIFEST_MATCH,formalization/notes/examples/E12.md,none
SixBirdsFoundationsV.BoundaryQuotient,E12,structure,definition,SixBirdsFoundationsV.Laws.E12Individuation,formalization/foundations_v_scaffold/lean/SixBirdsFoundationsV/Laws/E12Individuation.lean,197,UPSTREAM_MANIFEST_MATCH,formalization/notes/examples/E12.md,none
SixBirdsFoundationsV.DeclaredViabilityProbes,E12,structure,definition,SixBirdsFoundationsV.Laws.E12Individuation,formalization/foundations_v_scaffold/lean/SixBirdsFoundationsV/Laws/E12Individuation.lean,205,UPSTREAM_MANIFEST_MATCH,formalization/notes/examples/E12.md,none
SixBirdsFoundationsV.InstitutionalBoundaryCandidate,E12,structure,definition,SixBirdsFoundationsV.Laws.E12Individuation,formalization/foundations_v_scaffold/lean/SixBirdsFoundationsV/Laws/E12Individuation.lean,214,UPSTREAM_MANIFEST_MATCH,formalization/notes/examples/E12.md,none
SixBirdsFoundationsV.SufficiencyClosureCertified,E12,structure,definition,SixBirdsFoundationsV.Laws.E12Individuation,formalization/foundations_v_scaffold/lean/SixBirdsFoundationsV/Laws/E12Individuation.lean,225,UPSTREAM_MANIFEST_MATCH,formalization/notes/examples/E12.md,none
SixBirdsFoundationsV.CoarsestQuotientCertified,E12,structure,definition,SixBirdsFoundationsV.Laws.E12Individuation,formalization/foundations_v_scaffold/lean/SixBirdsFoundationsV/Laws/E12Individuation.lean,237,UPSTREAM_MANIFEST_MATCH,formalization/notes/examples/E12.md,none
SixBirdsFoundationsV.ViabilitySufficientBoundary,E12,def,definition,SixBirdsFoundationsV.Laws.E12Individuation,formalization/foundations_v_scaffold/lean/SixBirdsFoundationsV/Laws/E12Individuation.lean,252,UPSTREAM_MANIFEST_MATCH,formalization/notes/examples/E12.md,none
SixBirdsFoundationsV.BoundaryApparatusFor,E12,structure,definition,SixBirdsFoundationsV.Laws.E12Individuation,formalization/foundations_v_scaffold/lean/SixBirdsFoundationsV/Laws/E12Individuation.lean,269,UPSTREAM_MANIFEST_MATCH,formalization/notes/examples/E12.md,none
SixBirdsFoundationsV.SelfMaintainedBoundary,E12,def,definition,SixBirdsFoundationsV.Laws.E12Individuation,formalization/foundations_v_scaffold/lean/SixBirdsFoundationsV/Laws/E12Individuation.lean,282,UPSTREAM_MANIFEST_MATCH,formalization/notes/examples/E12.md,none
SixBirdsFoundationsV.Individuates,E12,def,definition,SixBirdsFoundationsV.Laws.E12Individuation,formalization/foundations_v_scaffold/lean/SixBirdsFoundationsV/Laws/E12Individuation.lean,312,UPSTREAM_MANIFEST_MATCH,formalization/notes/examples/E12.md,none
SixBirdsFoundationsV.MaximalIndividuating,E12,def,definition,SixBirdsFoundationsV.Laws.E12Individuation,formalization/foundations_v_scaffold/lean/SixBirdsFoundationsV/Laws/E12Individuation.lean,353,UPSTREAM_MANIFEST_MATCH,formalization/notes/examples/E12.md,none
SixBirdsFoundationsV.OverlapsAnotherMaximal,E12,def,definition,SixBirdsFoundationsV.Laws.E12Individuation,formalization/foundations_v_scaffold/lean/SixBirdsFoundationsV/Laws/E12Individuation.lean,429,UPSTREAM_MANIFEST_MATCH,formalization/notes/examples/E12.md,none
SixBirdsFoundationsV.FederatedEvidence,E12,def,definition,SixBirdsFoundationsV.Laws.E12Individuation,formalization/foundations_v_scaffold/lean/SixBirdsFoundationsV/Laws/E12Individuation.lean,441,UPSTREAM_MANIFEST_MATCH,formalization/notes/examples/E12.md,none
SixBirdsFoundationsV.IndividuationStatus,E12,inductive,definition,SixBirdsFoundationsV.Laws.E12Individuation,formalization/foundations_v_scaffold/lean/SixBirdsFoundationsV/Laws/E12Individuation.lean,463,UPSTREAM_MANIFEST_MATCH,formalization/notes/examples/E12.md,none
SixBirdsFoundationsV.IntegratedCase,E12,def,definition,SixBirdsFoundationsV.Laws.E12Individuation,formalization/foundations_v_scaffold/lean/SixBirdsFoundationsV/Laws/E12Individuation.lean,472,UPSTREAM_MANIFEST_MATCH,formalization/notes/examples/E12.md,none
SixBirdsFoundationsV.FederatedCase,E12,def,definition,SixBirdsFoundationsV.Laws.E12Individuation,formalization/foundations_v_scaffold/lean/SixBirdsFoundationsV/Laws/E12Individuation.lean,481,UPSTREAM_MANIFEST_MATCH,formalization/notes/examples/E12.md,none
SixBirdsFoundationsV.SubsidiaryCase,E12,def,definition,SixBirdsFoundationsV.Laws.E12Individuation,formalization/foundations_v_scaffold/lean/SixBirdsFoundationsV/Laws/E12Individuation.lean,489,UPSTREAM_MANIFEST_MATCH,formalization/notes/examples/E12.md,none
SixBirdsFoundationsV.PlatformDependentCase,E12,def,definition,SixBirdsFoundationsV.Laws.E12Individuation,formalization/foundations_v_scaffold/lean/SixBirdsFoundationsV/Laws/E12Individuation.lean,505,UPSTREAM_MANIFEST_MATCH,formalization/notes/examples/E12.md,none
SixBirdsFoundationsV.ShadowCase,E12,def,definition,SixBirdsFoundationsV.Laws.E12Individuation,formalization/foundations_v_scaffold/lean/SixBirdsFoundationsV/Laws/E12Individuation.lean,526,UPSTREAM_MANIFEST_MATCH,formalization/notes/examples/E12.md,none
SixBirdsFoundationsV.NonIndividuatedCase,E12,def,definition,SixBirdsFoundationsV.Laws.E12Individuation,formalization/foundations_v_scaffold/lean/SixBirdsFoundationsV/Laws/E12Individuation.lean,543,UPSTREAM_MANIFEST_MATCH,formalization/notes/examples/E12.md,none
SixBirdsFoundationsV.IndividuationStatusRecord,E12,structure,definition,SixBirdsFoundationsV.Laws.E12Individuation,formalization/foundations_v_scaffold/lean/SixBirdsFoundationsV/Laws/E12Individuation.lean,560,UPSTREAM_MANIFEST_MATCH,formalization/notes/examples/E12.md,none
SixBirdsFoundationsV.IndividuationStatusOccurrenceFor,E12,def,definition,SixBirdsFoundationsV.Laws.E12Individuation,formalization/foundations_v_scaffold/lean/SixBirdsFoundationsV/Laws/E12Individuation.lean,573,UPSTREAM_MANIFEST_MATCH,formalization/notes/examples/E12.md,none
SixBirdsFoundationsV.IntegratedHolds,E12,def,definition,SixBirdsFoundationsV.Laws.E12Individuation,formalization/foundations_v_scaffold/lean/SixBirdsFoundationsV/Laws/E12Individuation.lean,587,UPSTREAM_MANIFEST_MATCH,formalization/notes/examples/E12.md,none
SixBirdsFoundationsV.FederatedHolds,E12,def,definition,SixBirdsFoundationsV.Laws.E12Individuation,formalization/foundations_v_scaffold/lean/SixBirdsFoundationsV/Laws/E12Individuation.lean,595,UPSTREAM_MANIFEST_MATCH,formalization/notes/examples/E12.md,none
SixBirdsFoundationsV.SubsidiaryHolds,E12,def,definition,SixBirdsFoundationsV.Laws.E12Individuation,formalization/foundations_v_scaffold/lean/SixBirdsFoundationsV/Laws/E12Individuation.lean,603,UPSTREAM_MANIFEST_MATCH,formalization/notes/examples/E12.md,none
SixBirdsFoundationsV.PlatformDependentHolds,E12,def,definition,SixBirdsFoundationsV.Laws.E12Individuation,formalization/foundations_v_scaffold/lean/SixBirdsFoundationsV/Laws/E12Individuation.lean,611,UPSTREAM_MANIFEST_MATCH,formalization/notes/examples/E12.md,none
SixBirdsFoundationsV.ShadowHolds,E12,def,definition,SixBirdsFoundationsV.Laws.E12Individuation,formalization/foundations_v_scaffold/lean/SixBirdsFoundationsV/Laws/E12Individuation.lean,619,UPSTREAM_MANIFEST_MATCH,formalization/notes/examples/E12.md,none
SixBirdsFoundationsV.NonIndividuatedHolds,E12,def,definition,SixBirdsFoundationsV.Laws.E12Individuation,formalization/foundations_v_scaffold/lean/SixBirdsFoundationsV/Laws/E12Individuation.lean,627,UPSTREAM_MANIFEST_MATCH,formalization/notes/examples/E12.md,none
SixBirdsFoundationsV.CompleteIndividuationStatus,E12,def,definition,SixBirdsFoundationsV.Laws.E12Individuation,formalization/foundations_v_scaffold/lean/SixBirdsFoundationsV/Laws/E12Individuation.lean,635,UPSTREAM_MANIFEST_MATCH,formalization/notes/examples/E12.md,none
SixBirdsFoundationsV.E12_Individuation,E12,theorem,theorem,SixBirdsFoundationsV.Laws.E12Individuation,formalization/foundations_v_scaffold/lean/SixBirdsFoundationsV/Laws/E12Individuation.lean,711,UPSTREAM_MANIFEST_MATCH,formalization/notes/examples/E12.md,none
SixBirdsFoundationsV.E12_StatusPartition,E12,theorem,theorem,SixBirdsFoundationsV.Laws.E12Individuation,formalization/foundations_v_scaffold/lean/SixBirdsFoundationsV/Laws/E12Individuation.lean,787,UPSTREAM_MANIFEST_MATCH,formalization/notes/examples/E12.md,none
SixBirdsFoundationsV.TransportClaimKind,E13,inductive,definition,SixBirdsFoundationsV.Laws.E13RepairTransport,formalization/foundations_v_scaffold/lean/SixBirdsFoundationsV/Laws/E13RepairTransport.lean,38,UPSTREAM_MANIFEST_MATCH,formalization/notes/examples/E13.md,none
SixBirdsFoundationsV.CarrierName,E13,structure,definition,SixBirdsFoundationsV.Laws.E13RepairTransport,formalization/foundations_v_scaffold/lean/SixBirdsFoundationsV/Laws/E13RepairTransport.lean,44,UPSTREAM_MANIFEST_MATCH,formalization/notes/examples/E13.md,none
SixBirdsFoundationsV.ChallengeClassRecord,E13,structure,definition,SixBirdsFoundationsV.Laws.E13RepairTransport,formalization/foundations_v_scaffold/lean/SixBirdsFoundationsV/Laws/E13RepairTransport.lean,48,UPSTREAM_MANIFEST_MATCH,formalization/notes/examples/E13.md,none
SixBirdsFoundationsV.RepairRoleRecord,E13,structure,definition,SixBirdsFoundationsV.Laws.E13RepairTransport,formalization/foundations_v_scaffold/lean/SixBirdsFoundationsV/Laws/E13RepairTransport.lean,53,UPSTREAM_MANIFEST_MATCH,formalization/notes/examples/E13.md,none
SixBirdsFoundationsV.TransportTokenRecord,E13,structure,definition,SixBirdsFoundationsV.Laws.E13RepairTransport,formalization/foundations_v_scaffold/lean/SixBirdsFoundationsV/Laws/E13RepairTransport.lean,59,UPSTREAM_MANIFEST_MATCH,formalization/notes/examples/E13.md,none
SixBirdsFoundationsV.SourceRepairPackageRecord,E13,structure,definition,SixBirdsFoundationsV.Laws.E13RepairTransport,formalization/foundations_v_scaffold/lean/SixBirdsFoundationsV/Laws/E13RepairTransport.lean,67,UPSTREAM_MANIFEST_MATCH,formalization/notes/examples/E13.md,none
SixBirdsFoundationsV.TargetRepairRecord,E13,structure,definition,SixBirdsFoundationsV.Laws.E13RepairTransport,formalization/foundations_v_scaffold/lean/SixBirdsFoundationsV/Laws/E13RepairTransport.lean,74,UPSTREAM_MANIFEST_MATCH,formalization/notes/examples/E13.md,none
SixBirdsFoundationsV.BridgeChannelRecord,E13,structure,definition,SixBirdsFoundationsV.Laws.E13RepairTransport,formalization/foundations_v_scaffold/lean/SixBirdsFoundationsV/Laws/E13RepairTransport.lean,82,UPSTREAM_MANIFEST_MATCH,formalization/notes/examples/E13.md,none
SixBirdsFoundationsV.BridgeDefectRecord,E13,structure,definition,SixBirdsFoundationsV.Laws.E13RepairTransport,formalization/foundations_v_scaffold/lean/SixBirdsFoundationsV/Laws/E13RepairTransport.lean,86,UPSTREAM_MANIFEST_MATCH,formalization/notes/examples/E13.md,none
SixBirdsFoundationsV.InterCarrierBridgeRecord,E13,structure,definition,SixBirdsFoundationsV.Laws.E13RepairTransport,formalization/foundations_v_scaffold/lean/SixBirdsFoundationsV/Laws/E13RepairTransport.lean,92,UPSTREAM_MANIFEST_MATCH,formalization/notes/examples/E13.md,none
SixBirdsFoundationsV.TaxonomyRecord,E13,structure,definition,SixBirdsFoundationsV.Laws.E13RepairTransport,formalization/foundations_v_scaffold/lean/SixBirdsFoundationsV/Laws/E13RepairTransport.lean,99,UPSTREAM_MANIFEST_MATCH,formalization/notes/examples/E13.md,none
SixBirdsFoundationsV.InterfaceAccessRecordA,E13,structure,definition,SixBirdsFoundationsV.Laws.E13RepairTransport,formalization/foundations_v_scaffold/lean/SixBirdsFoundationsV/Laws/E13RepairTransport.lean,103,UPSTREAM_MANIFEST_MATCH,formalization/notes/examples/E13.md,none
SixBirdsFoundationsV.InterfaceAccessRecordB,E13,structure,definition,SixBirdsFoundationsV.Laws.E13RepairTransport,formalization/foundations_v_scaffold/lean/SixBirdsFoundationsV/Laws/E13RepairTransport.lean,108,UPSTREAM_MANIFEST_MATCH,formalization/notes/examples/E13.md,none
SixBirdsFoundationsV.ProbeScheduleRecord,E13,structure,definition,SixBirdsFoundationsV.Laws.E13RepairTransport,formalization/foundations_v_scaffold/lean/SixBirdsFoundationsV/Laws/E13RepairTransport.lean,113,UPSTREAM_MANIFEST_MATCH,formalization/notes/examples/E13.md,none
SixBirdsFoundationsV.ForceScheduleRecord,E13,structure,definition,SixBirdsFoundationsV.Laws.E13RepairTransport,formalization/foundations_v_scaffold/lean/SixBirdsFoundationsV/Laws/E13RepairTransport.lean,117,UPSTREAM_MANIFEST_MATCH,formalization/notes/examples/E13.md,none
SixBirdsFoundationsV.FreeResponseOpportunityRecord,E13,structure,definition,SixBirdsFoundationsV.Laws.E13RepairTransport,formalization/foundations_v_scaffold/lean/SixBirdsFoundationsV/Laws/E13RepairTransport.lean,121,UPSTREAM_MANIFEST_MATCH,formalization/notes/examples/E13.md,none
SixBirdsFoundationsV.FreeResponseCensusRecord,E13,structure,definition,SixBirdsFoundationsV.Laws.E13RepairTransport,formalization/foundations_v_scaffold/lean/SixBirdsFoundationsV/Laws/E13RepairTransport.lean,125,UPSTREAM_MANIFEST_MATCH,formalization/notes/examples/E13.md,none
SixBirdsFoundationsV.ContextReadoutRecord,E13,structure,definition,SixBirdsFoundationsV.Laws.E13RepairTransport,formalization/foundations_v_scaffold/lean/SixBirdsFoundationsV/Laws/E13RepairTransport.lean,129,UPSTREAM_MANIFEST_MATCH,formalization/notes/examples/E13.md,none
SixBirdsFoundationsV.TransportContextRecord,E13,structure,definition,SixBirdsFoundationsV.Laws.E13RepairTransport,formalization/foundations_v_scaffold/lean/SixBirdsFoundationsV/Laws/E13RepairTransport.lean,133,UPSTREAM_MANIFEST_MATCH,formalization/notes/examples/E13.md,none
SixBirdsFoundationsV.ContextFamilyRecord,E13,structure,definition,SixBirdsFoundationsV.Laws.E13RepairTransport,formalization/foundations_v_scaffold/lean/SixBirdsFoundationsV/Laws/E13RepairTransport.lean,139,UPSTREAM_MANIFEST_MATCH,formalization/notes/examples/E13.md,none
SixBirdsFoundationsV.BRoleStateRecord,E13,structure,definition,SixBirdsFoundationsV.Laws.E13RepairTransport,formalization/foundations_v_scaffold/lean/SixBirdsFoundationsV/Laws/E13RepairTransport.lean,143,UPSTREAM_MANIFEST_MATCH,formalization/notes/examples/E13.md,none
SixBirdsFoundationsV.BridgeDischargeComparator,E13,structure,definition,SixBirdsFoundationsV.Laws.E13RepairTransport,formalization/foundations_v_scaffold/lean/SixBirdsFoundationsV/Laws/E13RepairTransport.lean,149,UPSTREAM_MANIFEST_MATCH,formalization/notes/examples/E13.md,none
SixBirdsFoundationsV.BridgeDischargeCertificate,E13,structure,definition,SixBirdsFoundationsV.Laws.E13RepairTransport,formalization/foundations_v_scaffold/lean/SixBirdsFoundationsV/Laws/E13RepairTransport.lean,155,UPSTREAM_MANIFEST_MATCH,formalization/notes/examples/E13.md,none
SixBirdsFoundationsV.BridgeDefectsPaid,E13,structure,definition,SixBirdsFoundationsV.Laws.E13RepairTransport,formalization/foundations_v_scaffold/lean/SixBirdsFoundationsV/Laws/E13RepairTransport.lean,168,UPSTREAM_MANIFEST_MATCH,formalization/notes/examples/E13.md,none
SixBirdsFoundationsV.InterCarrierBridge,E13,structure,definition,SixBirdsFoundationsV.Laws.E13RepairTransport,formalization/foundations_v_scaffold/lean/SixBirdsFoundationsV/Laws/E13RepairTransport.lean,195,UPSTREAM_MANIFEST_MATCH,formalization/notes/examples/E13.md,none
SixBirdsFoundationsV.DeclaredTransportTaxonomy,E13,structure,definition,SixBirdsFoundationsV.Laws.E13RepairTransport,formalization/foundations_v_scaffold/lean/SixBirdsFoundationsV/Laws/E13RepairTransport.lean,219,UPSTREAM_MANIFEST_MATCH,formalization/notes/examples/E13.md,none
SixBirdsFoundationsV.SameTransportChallengeClass,E13,structure,definition,SixBirdsFoundationsV.Laws.E13RepairTransport,formalization/foundations_v_scaffold/lean/SixBirdsFoundationsV/Laws/E13RepairTransport.lean,231,UPSTREAM_MANIFEST_MATCH,formalization/notes/examples/E13.md,none
SixBirdsFoundationsV.InterfaceMediationCertified,E13,structure,definition,SixBirdsFoundationsV.Laws.E13RepairTransport,formalization/foundations_v_scaffold/lean/SixBirdsFoundationsV/Laws/E13RepairTransport.lean,240,UPSTREAM_MANIFEST_MATCH,formalization/notes/examples/E13.md,none
SixBirdsFoundationsV.ReceiverQuotientInstallCertified,E13,structure,definition,SixBirdsFoundationsV.Laws.E13RepairTransport,formalization/foundations_v_scaffold/lean/SixBirdsFoundationsV/Laws/E13RepairTransport.lean,272,UPSTREAM_MANIFEST_MATCH,formalization/notes/examples/E13.md,none
SixBirdsFoundationsV.TransportDeltaReduction,E13,structure,definition,SixBirdsFoundationsV.Laws.E13RepairTransport,formalization/foundations_v_scaffold/lean/SixBirdsFoundationsV/Laws/E13RepairTransport.lean,279,UPSTREAM_MANIFEST_MATCH,formalization/notes/examples/E13.md,none
SixBirdsFoundationsV.InducedBRepair,E13,structure,definition,SixBirdsFoundationsV.Laws.E13RepairTransport,formalization/foundations_v_scaffold/lean/SixBirdsFoundationsV/Laws/E13RepairTransport.lean,296,UPSTREAM_MANIFEST_MATCH,formalization/notes/examples/E13.md,none
SixBirdsFoundationsV.RoleTransportComparator,E13,structure,definition,SixBirdsFoundationsV.Laws.E13RepairTransport,formalization/foundations_v_scaffold/lean/SixBirdsFoundationsV/Laws/E13RepairTransport.lean,340,UPSTREAM_MANIFEST_MATCH,formalization/notes/examples/E13.md,none
SixBirdsFoundationsV.RolePreservingTransportCertified,E13,structure,definition,SixBirdsFoundationsV.Laws.E13RepairTransport,formalization/foundations_v_scaffold/lean/SixBirdsFoundationsV/Laws/E13RepairTransport.lean,345,UPSTREAM_MANIFEST_MATCH,formalization/notes/examples/E13.md,none
SixBirdsFoundationsV.RoleActivationComparator,E13,structure,definition,SixBirdsFoundationsV.Laws.E13RepairTransport,formalization/foundations_v_scaffold/lean/SixBirdsFoundationsV/Laws/E13RepairTransport.lean,357,UPSTREAM_MANIFEST_MATCH,formalization/notes/examples/E13.md,none
SixBirdsFoundationsV.ResponseMode,E13,inductive,definition,SixBirdsFoundationsV.Laws.E13RepairTransport,formalization/foundations_v_scaffold/lean/SixBirdsFoundationsV/Laws/E13RepairTransport.lean,363,UPSTREAM_MANIFEST_MATCH,formalization/notes/examples/E13.md,none
SixBirdsFoundationsV.ForceOpportunityComparator,E13,structure,definition,SixBirdsFoundationsV.Laws.E13RepairTransport,formalization/foundations_v_scaffold/lean/SixBirdsFoundationsV/Laws/E13RepairTransport.lean,370,UPSTREAM_MANIFEST_MATCH,formalization/notes/examples/E13.md,none
SixBirdsFoundationsV.RepairTransportClassifierContext,E13,structure,definition,SixBirdsFoundationsV.Laws.E13RepairTransport,formalization/foundations_v_scaffold/lean/SixBirdsFoundationsV/Laws/E13RepairTransport.lean,375,UPSTREAM_MANIFEST_MATCH,formalization/notes/examples/E13.md,none
SixBirdsFoundationsV.CommunicationTransportEvidence,E13,structure,definition,SixBirdsFoundationsV.Laws.E13RepairTransport,formalization/foundations_v_scaffold/lean/SixBirdsFoundationsV/Laws/E13RepairTransport.lean,388,UPSTREAM_MANIFEST_MATCH,formalization/notes/examples/E13.md,none
SixBirdsFoundationsV.DifferentClassInfluenceEvidence,E13,structure,definition,SixBirdsFoundationsV.Laws.E13RepairTransport,formalization/foundations_v_scaffold/lean/SixBirdsFoundationsV/Laws/E13RepairTransport.lean,441,UPSTREAM_MANIFEST_MATCH,formalization/notes/examples/E13.md,none
SixBirdsFoundationsV.AAbsenceProbeSchedule,E13,structure,definition,SixBirdsFoundationsV.Laws.E13RepairTransport,formalization/foundations_v_scaffold/lean/SixBirdsFoundationsV/Laws/E13RepairTransport.lean,506,UPSTREAM_MANIFEST_MATCH,formalization/notes/examples/E13.md,none
SixBirdsFoundationsV.BCommittedRepairInAAbsence,E13,structure,definition,SixBirdsFoundationsV.Laws.E13RepairTransport,formalization/foundations_v_scaffold/lean/SixBirdsFoundationsV/Laws/E13RepairTransport.lean,524,UPSTREAM_MANIFEST_MATCH,formalization/notes/examples/E13.md,none
SixBirdsFoundationsV.TeachingCapacityEvidence,E13,structure,definition,SixBirdsFoundationsV.Laws.E13RepairTransport,formalization/foundations_v_scaffold/lean/SixBirdsFoundationsV/Laws/E13RepairTransport.lean,556,UPSTREAM_MANIFEST_MATCH,formalization/notes/examples/E13.md,none
SixBirdsFoundationsV.InteractionForcingRecord,E13,structure,definition,SixBirdsFoundationsV.Laws.E13RepairTransport,formalization/foundations_v_scaffold/lean/SixBirdsFoundationsV/Laws/E13RepairTransport.lean,609,UPSTREAM_MANIFEST_MATCH,formalization/notes/examples/E13.md,none
SixBirdsFoundationsV.FreeResponseOpportunityCensus,E13,structure,definition,SixBirdsFoundationsV.Laws.E13RepairTransport,formalization/foundations_v_scaffold/lean/SixBirdsFoundationsV/Laws/E13RepairTransport.lean,616,UPSTREAM_MANIFEST_MATCH,formalization/notes/examples/E13.md,none
SixBirdsFoundationsV.FullyForcedInteraction,E13,structure,definition,SixBirdsFoundationsV.Laws.E13RepairTransport,formalization/foundations_v_scaffold/lean/SixBirdsFoundationsV/Laws/E13RepairTransport.lean,630,UPSTREAM_MANIFEST_MATCH,formalization/notes/examples/E13.md,none
SixBirdsFoundationsV.CoercionNullCertified,E13,structure,definition,SixBirdsFoundationsV.Laws.E13RepairTransport,formalization/foundations_v_scaffold/lean/SixBirdsFoundationsV/Laws/E13RepairTransport.lean,651,UPSTREAM_MANIFEST_MATCH,formalization/notes/examples/E13.md,none
SixBirdsFoundationsV.ScaffoldedOrPrimedInteraction,E13,structure,definition,SixBirdsFoundationsV.Laws.E13RepairTransport,formalization/foundations_v_scaffold/lean/SixBirdsFoundationsV/Laws/E13RepairTransport.lean,684,UPSTREAM_MANIFEST_MATCH,formalization/notes/examples/E13.md,none
SixBirdsFoundationsV.ScaffoldingOrPrimingWitness,E13,structure,definition,SixBirdsFoundationsV.Laws.E13RepairTransport,formalization/foundations_v_scaffold/lean/SixBirdsFoundationsV/Laws/E13RepairTransport.lean,704,UPSTREAM_MANIFEST_MATCH,formalization/notes/examples/E13.md,none
SixBirdsFoundationsV.DeclaredTransportContextFamily,E13,structure,definition,SixBirdsFoundationsV.Laws.E13RepairTransport,formalization/foundations_v_scaffold/lean/SixBirdsFoundationsV/Laws/E13RepairTransport.lean,749,UPSTREAM_MANIFEST_MATCH,formalization/notes/examples/E13.md,none
SixBirdsFoundationsV.ContextualRepairReactivation,E13,structure,definition,SixBirdsFoundationsV.Laws.E13RepairTransport,formalization/foundations_v_scaffold/lean/SixBirdsFoundationsV/Laws/E13RepairTransport.lean,761,UPSTREAM_MANIFEST_MATCH,formalization/notes/examples/E13.md,none
SixBirdsFoundationsV.CurrentStructureAlreadyCarriesRole,E13,structure,definition,SixBirdsFoundationsV.Laws.E13RepairTransport,formalization/foundations_v_scaffold/lean/SixBirdsFoundationsV/Laws/E13RepairTransport.lean,837,UPSTREAM_MANIFEST_MATCH,formalization/notes/examples/E13.md,none
SixBirdsFoundationsV.SymbolSaturationStrict,E13,structure,definition,SixBirdsFoundationsV.Laws.E13RepairTransport,formalization/foundations_v_scaffold/lean/SixBirdsFoundationsV/Laws/E13RepairTransport.lean,867,UPSTREAM_MANIFEST_MATCH,formalization/notes/examples/E13.md,none
SixBirdsFoundationsV.SymbolicRepairEvidence,E13,structure,definition,SixBirdsFoundationsV.Laws.E13RepairTransport,formalization/foundations_v_scaffold/lean/SixBirdsFoundationsV/Laws/E13RepairTransport.lean,910,UPSTREAM_MANIFEST_MATCH,formalization/notes/examples/E13.md,none
SixBirdsFoundationsV.RepairTransportStatus,E13,inductive,definition,SixBirdsFoundationsV.Laws.E13RepairTransport,formalization/foundations_v_scaffold/lean/SixBirdsFoundationsV/Laws/E13RepairTransport.lean,992,UPSTREAM_MANIFEST_MATCH,formalization/notes/examples/E13.md,none
SixBirdsFoundationsV.TransportClaimRef,E13,inductive,definition,SixBirdsFoundationsV.Laws.E13RepairTransport,formalization/foundations_v_scaffold/lean/SixBirdsFoundationsV/Laws/E13RepairTransport.lean,1002,UPSTREAM_MANIFEST_MATCH,formalization/notes/examples/E13.md,none
SixBirdsFoundationsV.RepairTransportStatusRecord,E13,structure,definition,SixBirdsFoundationsV.Laws.E13RepairTransport,formalization/foundations_v_scaffold/lean/SixBirdsFoundationsV/Laws/E13RepairTransport.lean,1016,UPSTREAM_MANIFEST_MATCH,formalization/notes/examples/E13.md,none
SixBirdsFoundationsV.TransportStatusRecordMatchesClaim,E13,def,definition,SixBirdsFoundationsV.Laws.E13RepairTransport,formalization/foundations_v_scaffold/lean/SixBirdsFoundationsV/Laws/E13RepairTransport.lean,1036,UPSTREAM_MANIFEST_MATCH,formalization/notes/examples/E13.md,none
SixBirdsFoundationsV.RepairTransportEvidencePolicies,E13,structure,definition,SixBirdsFoundationsV.Laws.E13RepairTransport,formalization/foundations_v_scaffold/lean/SixBirdsFoundationsV/Laws/E13RepairTransport.lean,1067,UPSTREAM_MANIFEST_MATCH,formalization/notes/examples/E13.md,none
SixBirdsFoundationsV.RepairTransportStatusOccurrenceFor,E13,def,definition,SixBirdsFoundationsV.Laws.E13RepairTransport,formalization/foundations_v_scaffold/lean/SixBirdsFoundationsV/Laws/E13RepairTransport.lean,1085,UPSTREAM_MANIFEST_MATCH,formalization/notes/examples/E13.md,none
SixBirdsFoundationsV.TransportClaimAllowsScaffoldOrPrime,E13,def,definition,SixBirdsFoundationsV.Laws.E13RepairTransport,formalization/foundations_v_scaffold/lean/SixBirdsFoundationsV/Laws/E13RepairTransport.lean,1096,UPSTREAM_MANIFEST_MATCH,formalization/notes/examples/E13.md,none
SixBirdsFoundationsV.CoercionNullEvidenceFor,E13,def,definition,SixBirdsFoundationsV.Laws.E13RepairTransport,formalization/foundations_v_scaffold/lean/SixBirdsFoundationsV/Laws/E13RepairTransport.lean,1102,UPSTREAM_MANIFEST_MATCH,formalization/notes/examples/E13.md,none
SixBirdsFoundationsV.SymbolicEvidenceFor,E13,def,definition,SixBirdsFoundationsV.Laws.E13RepairTransport,formalization/foundations_v_scaffold/lean/SixBirdsFoundationsV/Laws/E13RepairTransport.lean,1129,UPSTREAM_MANIFEST_MATCH,formalization/notes/examples/E13.md,none
SixBirdsFoundationsV.TaughtEvidenceFor,E13,def,definition,SixBirdsFoundationsV.Laws.E13RepairTransport,formalization/foundations_v_scaffold/lean/SixBirdsFoundationsV/Laws/E13RepairTransport.lean,1157,UPSTREAM_MANIFEST_MATCH,formalization/notes/examples/E13.md,none
SixBirdsFoundationsV.CommunicatedEvidenceFor,E13,def,definition,SixBirdsFoundationsV.Laws.E13RepairTransport,formalization/foundations_v_scaffold/lean/SixBirdsFoundationsV/Laws/E13RepairTransport.lean,1199,UPSTREAM_MANIFEST_MATCH,formalization/notes/examples/E13.md,none
SixBirdsFoundationsV.ScaffoldedOrPrimedEvidenceFor,E13,def,definition,SixBirdsFoundationsV.Laws.E13RepairTransport,formalization/foundations_v_scaffold/lean/SixBirdsFoundationsV/Laws/E13RepairTransport.lean,1224,UPSTREAM_MANIFEST_MATCH,formalization/notes/examples/E13.md,none
SixBirdsFoundationsV.InfluenceOnlyEvidenceFor,E13,def,definition,SixBirdsFoundationsV.Laws.E13RepairTransport,formalization/foundations_v_scaffold/lean/SixBirdsFoundationsV/Laws/E13RepairTransport.lean,1249,UPSTREAM_MANIFEST_MATCH,formalization/notes/examples/E13.md,none
SixBirdsFoundationsV.CoercionNullCase,E13,def,definition,SixBirdsFoundationsV.Laws.E13RepairTransport,formalization/foundations_v_scaffold/lean/SixBirdsFoundationsV/Laws/E13RepairTransport.lean,1273,UPSTREAM_MANIFEST_MATCH,formalization/notes/examples/E13.md,none
SixBirdsFoundationsV.SymbolicCase,E13,def,definition,SixBirdsFoundationsV.Laws.E13RepairTransport,formalization/foundations_v_scaffold/lean/SixBirdsFoundationsV/Laws/E13RepairTransport.lean,1294,UPSTREAM_MANIFEST_MATCH,formalization/notes/examples/E13.md,none
SixBirdsFoundationsV.TaughtCase,E13,def,definition,SixBirdsFoundationsV.Laws.E13RepairTransport,formalization/foundations_v_scaffold/lean/SixBirdsFoundationsV/Laws/E13RepairTransport.lean,1327,UPSTREAM_MANIFEST_MATCH,formalization/notes/examples/E13.md,none
SixBirdsFoundationsV.CommunicatedCase,E13,def,definition,SixBirdsFoundationsV.Laws.E13RepairTransport,formalization/foundations_v_scaffold/lean/SixBirdsFoundationsV/Laws/E13RepairTransport.lean,1377,UPSTREAM_MANIFEST_MATCH,formalization/notes/examples/E13.md,none
SixBirdsFoundationsV.ScaffoldedOrPrimedCase,E13,def,definition,SixBirdsFoundationsV.Laws.E13RepairTransport,formalization/foundations_v_scaffold/lean/SixBirdsFoundationsV/Laws/E13RepairTransport.lean,1405,UPSTREAM_MANIFEST_MATCH,formalization/notes/examples/E13.md,none
SixBirdsFoundationsV.InfluenceOnlyCase,E13,def,definition,SixBirdsFoundationsV.Laws.E13RepairTransport,formalization/foundations_v_scaffold/lean/SixBirdsFoundationsV/Laws/E13RepairTransport.lean,1434,UPSTREAM_MANIFEST_MATCH,formalization/notes/examples/E13.md,none
SixBirdsFoundationsV.TransportRejectedCase,E13,def,definition,SixBirdsFoundationsV.Laws.E13RepairTransport,formalization/foundations_v_scaffold/lean/SixBirdsFoundationsV/Laws/E13RepairTransport.lean,1463,UPSTREAM_MANIFEST_MATCH,formalization/notes/examples/E13.md,none
SixBirdsFoundationsV.CoercionNullHolds,E13,def,definition,SixBirdsFoundationsV.Laws.E13RepairTransport,formalization/foundations_v_scaffold/lean/SixBirdsFoundationsV/Laws/E13RepairTransport.lean,1478,UPSTREAM_MANIFEST_MATCH,formalization/notes/examples/E13.md,none
SixBirdsFoundationsV.SymbolicHolds,E13,def,definition,SixBirdsFoundationsV.Laws.E13RepairTransport,formalization/foundations_v_scaffold/lean/SixBirdsFoundationsV/Laws/E13RepairTransport.lean,1488,UPSTREAM_MANIFEST_MATCH,formalization/notes/examples/E13.md,none
SixBirdsFoundationsV.TaughtHolds,E13,def,definition,SixBirdsFoundationsV.Laws.E13RepairTransport,formalization/foundations_v_scaffold/lean/SixBirdsFoundationsV/Laws/E13RepairTransport.lean,1498,UPSTREAM_MANIFEST_MATCH,formalization/notes/examples/E13.md,none
SixBirdsFoundationsV.CommunicatedHolds,E13,def,definition,SixBirdsFoundationsV.Laws.E13RepairTransport,formalization/foundations_v_scaffold/lean/SixBirdsFoundationsV/Laws/E13RepairTransport.lean,1508,UPSTREAM_MANIFEST_MATCH,formalization/notes/examples/E13.md,none
SixBirdsFoundationsV.ScaffoldedOrPrimedHolds,E13,def,definition,SixBirdsFoundationsV.Laws.E13RepairTransport,formalization/foundations_v_scaffold/lean/SixBirdsFoundationsV/Laws/E13RepairTransport.lean,1518,UPSTREAM_MANIFEST_MATCH,formalization/notes/examples/E13.md,none
SixBirdsFoundationsV.InfluenceOnlyHolds,E13,def,definition,SixBirdsFoundationsV.Laws.E13RepairTransport,formalization/foundations_v_scaffold/lean/SixBirdsFoundationsV/Laws/E13RepairTransport.lean,1528,UPSTREAM_MANIFEST_MATCH,formalization/notes/examples/E13.md,none
SixBirdsFoundationsV.TransportRejectedHolds,E13,def,definition,SixBirdsFoundationsV.Laws.E13RepairTransport,formalization/foundations_v_scaffold/lean/SixBirdsFoundationsV/Laws/E13RepairTransport.lean,1538,UPSTREAM_MANIFEST_MATCH,formalization/notes/examples/E13.md,none
SixBirdsFoundationsV.CompleteRepairTransportStatus,E13,structure,definition,SixBirdsFoundationsV.Laws.E13RepairTransport,formalization/foundations_v_scaffold/lean/SixBirdsFoundationsV/Laws/E13RepairTransport.lean,1548,UPSTREAM_MANIFEST_MATCH,formalization/notes/examples/E13.md,none
SixBirdsFoundationsV.SameClassFalsifier,E13,structure,definition,SixBirdsFoundationsV.Laws.E13RepairTransport,formalization/foundations_v_scaffold/lean/SixBirdsFoundationsV/Laws/E13RepairTransport.lean,1568,UPSTREAM_MANIFEST_MATCH,formalization/notes/examples/E13.md,none
SixBirdsFoundationsV.CoercionNullFalsifier,E13,structure,definition,SixBirdsFoundationsV.Laws.E13RepairTransport,formalization/foundations_v_scaffold/lean/SixBirdsFoundationsV/Laws/E13RepairTransport.lean,1593,UPSTREAM_MANIFEST_MATCH,formalization/notes/examples/E13.md,none
SixBirdsFoundationsV.ScaffoldingFalsifier,E13,structure,definition,SixBirdsFoundationsV.Laws.E13RepairTransport,formalization/foundations_v_scaffold/lean/SixBirdsFoundationsV/Laws/E13RepairTransport.lean,1619,UPSTREAM_MANIFEST_MATCH,formalization/notes/examples/E13.md,none
SixBirdsFoundationsV.SymbolInstabilityFalsifier,E13,structure,definition,SixBirdsFoundationsV.Laws.E13RepairTransport,formalization/foundations_v_scaffold/lean/SixBirdsFoundationsV/Laws/E13RepairTransport.lean,1644,UPSTREAM_MANIFEST_MATCH,formalization/notes/examples/E13.md,none
SixBirdsFoundationsV.RoleDriftFalsifier,E13,structure,definition,SixBirdsFoundationsV.Laws.E13RepairTransport,formalization/foundations_v_scaffold/lean/SixBirdsFoundationsV/Laws/E13RepairTransport.lean,1672,UPSTREAM_MANIFEST_MATCH,formalization/notes/examples/E13.md,none
SixBirdsFoundationsV.UnpaidBridgeFalsifier,E13,structure,definition,SixBirdsFoundationsV.Laws.E13RepairTransport,formalization/foundations_v_scaffold/lean/SixBirdsFoundationsV/Laws/E13RepairTransport.lean,1710,UPSTREAM_MANIFEST_MATCH,formalization/notes/examples/E13.md,none
SixBirdsFoundationsV.ExactlyOne,E13,def,definition,SixBirdsFoundationsV.Laws.E13RepairTransport,formalization/foundations_v_scaffold/lean/SixBirdsFoundationsV/Laws/E13RepairTransport.lean,1749,UPSTREAM_MANIFEST_MATCH,formalization/notes/examples/E13.md,none
SixBirdsFoundationsV.E13_Communication,E13,theorem,theorem,SixBirdsFoundationsV.Laws.E13RepairTransport,formalization/foundations_v_scaffold/lean/SixBirdsFoundationsV/Laws/E13RepairTransport.lean,1760,UPSTREAM_MANIFEST_MATCH,formalization/notes/examples/E13.md,none
SixBirdsFoundationsV.E13_TeachingCapacity,E13,theorem,theorem,SixBirdsFoundationsV.Laws.E13RepairTransport,formalization/foundations_v_scaffold/lean/SixBirdsFoundationsV/Laws/E13RepairTransport.lean,1773,UPSTREAM_MANIFEST_MATCH,formalization/notes/examples/E13.md,none
SixBirdsFoundationsV.E13_CoercionNull,E13,theorem,theorem,SixBirdsFoundationsV.Laws.E13RepairTransport,formalization/foundations_v_scaffold/lean/SixBirdsFoundationsV/Laws/E13RepairTransport.lean,1786,UPSTREAM_MANIFEST_MATCH,formalization/notes/examples/E13.md,none
SixBirdsFoundationsV.E13_SymbolicRepair,E13,theorem,theorem,SixBirdsFoundationsV.Laws.E13RepairTransport,formalization/foundations_v_scaffold/lean/SixBirdsFoundationsV/Laws/E13RepairTransport.lean,1799,UPSTREAM_MANIFEST_MATCH,formalization/notes/examples/E13.md,none
SixBirdsFoundationsV.E13_StatusPartition,E13,theorem,theorem,SixBirdsFoundationsV.Laws.E13RepairTransport,formalization/foundations_v_scaffold/lean/SixBirdsFoundationsV/Laws/E13RepairTransport.lean,1812,UPSTREAM_MANIFEST_MATCH,formalization/notes/examples/E13.md,none
SixBirdsFoundationsV.E13_CoercionNullExcludesLowerPriority,E13,theorem,theorem,SixBirdsFoundationsV.Laws.E13RepairTransport,formalization/foundations_v_scaffold/lean/SixBirdsFoundationsV/Laws/E13RepairTransport.lean,1992,UPSTREAM_MANIFEST_MATCH,formalization/notes/examples/E13.md,none
SixBirdsFoundationsV.MemoryClaimRecord,E14,structure,definition,SixBirdsFoundationsV.Laws.E14Reconsolidation,formalization/foundations_v_scaffold/lean/SixBirdsFoundationsV/Laws/E14Reconsolidation.lean,33,UPSTREAM_MANIFEST_MATCH,formalization/notes/examples/E14.md,none
SixBirdsFoundationsV.RetrievalContextRecord,E14,structure,definition,SixBirdsFoundationsV.Laws.E14Reconsolidation,formalization/foundations_v_scaffold/lean/SixBirdsFoundationsV/Laws/E14Reconsolidation.lean,39,UPSTREAM_MANIFEST_MATCH,formalization/notes/examples/E14.md,none
SixBirdsFoundationsV.DeclaredRetrievalContextFamily,E14,structure,definition,SixBirdsFoundationsV.Laws.E14Reconsolidation,formalization/foundations_v_scaffold/lean/SixBirdsFoundationsV/Laws/E14Reconsolidation.lean,43,UPSTREAM_MANIFEST_MATCH,formalization/notes/examples/E14.md,none
SixBirdsFoundationsV.CarriedMemoryRecord,E14,structure,definition,SixBirdsFoundationsV.Laws.E14Reconsolidation,formalization/foundations_v_scaffold/lean/SixBirdsFoundationsV/Laws/E14Reconsolidation.lean,49,UPSTREAM_MANIFEST_MATCH,formalization/notes/examples/E14.md,none
SixBirdsFoundationsV.MemoryRecordFormationRecord,E14,structure,definition,SixBirdsFoundationsV.Laws.E14Reconsolidation,formalization/foundations_v_scaffold/lean/SixBirdsFoundationsV/Laws/E14Reconsolidation.lean,57,UPSTREAM_MANIFEST_MATCH,formalization/notes/examples/E14.md,none
SixBirdsFoundationsV.RetrievalTransportRecord,E14,structure,definition,SixBirdsFoundationsV.Laws.E14Reconsolidation,formalization/foundations_v_scaffold/lean/SixBirdsFoundationsV/Laws/E14Reconsolidation.lean,63,UPSTREAM_MANIFEST_MATCH,formalization/notes/examples/E14.md,none
SixBirdsFoundationsV.RetrievalConflictRecord,E14,structure,definition,SixBirdsFoundationsV.Laws.E14Reconsolidation,formalization/foundations_v_scaffold/lean/SixBirdsFoundationsV/Laws/E14Reconsolidation.lean,73,UPSTREAM_MANIFEST_MATCH,formalization/notes/examples/E14.md,none
SixBirdsFoundationsV.RecordMutationKind,E14,inductive,definition,SixBirdsFoundationsV.Laws.E14Reconsolidation,formalization/foundations_v_scaffold/lean/SixBirdsFoundationsV/Laws/E14Reconsolidation.lean,82,UPSTREAM_MANIFEST_MATCH,formalization/notes/examples/E14.md,none
SixBirdsFoundationsV.RecordRepairPackage,E14,structure,definition,SixBirdsFoundationsV.Laws.E14Reconsolidation,formalization/foundations_v_scaffold/lean/SixBirdsFoundationsV/Laws/E14Reconsolidation.lean,87,UPSTREAM_MANIFEST_MATCH,formalization/notes/examples/E14.md,none
SixBirdsFoundationsV.RecordMutationRecord,E14,structure,definition,SixBirdsFoundationsV.Laws.E14Reconsolidation,formalization/foundations_v_scaffold/lean/SixBirdsFoundationsV/Laws/E14Reconsolidation.lean,92,UPSTREAM_MANIFEST_MATCH,formalization/notes/examples/E14.md,none
SixBirdsFoundationsV.RecordQuotientRecord,E14,structure,definition,SixBirdsFoundationsV.Laws.E14Reconsolidation,formalization/foundations_v_scaffold/lean/SixBirdsFoundationsV/Laws/E14Reconsolidation.lean,101,UPSTREAM_MANIFEST_MATCH,formalization/notes/examples/E14.md,none
SixBirdsFoundationsV.DistinctionSupportAuditRecord,E14,structure,definition,SixBirdsFoundationsV.Laws.E14Reconsolidation,formalization/foundations_v_scaffold/lean/SixBirdsFoundationsV/Laws/E14Reconsolidation.lean,105,UPSTREAM_MANIFEST_MATCH,formalization/notes/examples/E14.md,none
SixBirdsFoundationsV.MutationProvenanceRecord,E14,structure,definition,SixBirdsFoundationsV.Laws.E14Reconsolidation,formalization/foundations_v_scaffold/lean/SixBirdsFoundationsV/Laws/E14Reconsolidation.lean,113,UPSTREAM_MANIFEST_MATCH,formalization/notes/examples/E14.md,none
SixBirdsFoundationsV.ProvenanceAuditRecord,E14,structure,definition,SixBirdsFoundationsV.Laws.E14Reconsolidation,formalization/foundations_v_scaffold/lean/SixBirdsFoundationsV/Laws/E14Reconsolidation.lean,120,UPSTREAM_MANIFEST_MATCH,formalization/notes/examples/E14.md,none
SixBirdsFoundationsV.ReconsolidationResidualRecord,E14,structure,definition,SixBirdsFoundationsV.Laws.E14Reconsolidation,formalization/foundations_v_scaffold/lean/SixBirdsFoundationsV/Laws/E14Reconsolidation.lean,127,UPSTREAM_MANIFEST_MATCH,formalization/notes/examples/E14.md,none
SixBirdsFoundationsV.ReconsolidationDisposition,E14,inductive,definition,SixBirdsFoundationsV.Laws.E14Reconsolidation,formalization/foundations_v_scaffold/lean/SixBirdsFoundationsV/Laws/E14Reconsolidation.lean,135,UPSTREAM_MANIFEST_MATCH,formalization/notes/examples/E14.md,none
SixBirdsFoundationsV.ReconsolidationDispositionRecord,E14,structure,definition,SixBirdsFoundationsV.Laws.E14Reconsolidation,formalization/foundations_v_scaffold/lean/SixBirdsFoundationsV/Laws/E14Reconsolidation.lean,141,UPSTREAM_MANIFEST_MATCH,formalization/notes/examples/E14.md,none
SixBirdsFoundationsV.ReconsolidationClassifierContext,E14,structure,definition,SixBirdsFoundationsV.Laws.E14Reconsolidation,formalization/foundations_v_scaffold/lean/SixBirdsFoundationsV/Laws/E14Reconsolidation.lean,155,UPSTREAM_MANIFEST_MATCH,formalization/notes/examples/E14.md,none
SixBirdsFoundationsV.ReconsolidationEvidencePolicies,E14,structure,definition,SixBirdsFoundationsV.Laws.E14Reconsolidation,formalization/foundations_v_scaffold/lean/SixBirdsFoundationsV/Laws/E14Reconsolidation.lean,194,UPSTREAM_MANIFEST_MATCH,formalization/notes/examples/E14.md,none
SixBirdsFoundationsV.F20CarriedMemoryRecord,E14,structure,definition,SixBirdsFoundationsV.Laws.E14Reconsolidation,formalization/foundations_v_scaffold/lean/SixBirdsFoundationsV/Laws/E14Reconsolidation.lean,241,UPSTREAM_MANIFEST_MATCH,formalization/notes/examples/E14.md,none
SixBirdsFoundationsV.DeclaredRetrievalTransport,E14,structure,definition,SixBirdsFoundationsV.Laws.E14Reconsolidation,formalization/foundations_v_scaffold/lean/SixBirdsFoundationsV/Laws/E14Reconsolidation.lean,269,UPSTREAM_MANIFEST_MATCH,formalization/notes/examples/E14.md,none
SixBirdsFoundationsV.CompleteRetrievalTransportInventory,E14,structure,definition,SixBirdsFoundationsV.Laws.E14Reconsolidation,formalization/foundations_v_scaffold/lean/SixBirdsFoundationsV/Laws/E14Reconsolidation.lean,301,UPSTREAM_MANIFEST_MATCH,formalization/notes/examples/E14.md,none
SixBirdsFoundationsV.ContextDependentRetrieval,E14,structure,definition,SixBirdsFoundationsV.Laws.E14Reconsolidation,formalization/foundations_v_scaffold/lean/SixBirdsFoundationsV/Laws/E14Reconsolidation.lean,339,UPSTREAM_MANIFEST_MATCH,formalization/notes/examples/E14.md,none
SixBirdsFoundationsV.RetrievalWithoutTransportEvidence,E14,structure,definition,SixBirdsFoundationsV.Laws.E14Reconsolidation,formalization/foundations_v_scaffold/lean/SixBirdsFoundationsV/Laws/E14Reconsolidation.lean,358,UPSTREAM_MANIFEST_MATCH,formalization/notes/examples/E14.md,none
SixBirdsFoundationsV.RetrievalConflictEvidence,E14,structure,definition,SixBirdsFoundationsV.Laws.E14Reconsolidation,formalization/foundations_v_scaffold/lean/SixBirdsFoundationsV/Laws/E14Reconsolidation.lean,377,UPSTREAM_MANIFEST_MATCH,formalization/notes/examples/E14.md,none
SixBirdsFoundationsV.ReconsolidationTrigger,E14,structure,definition,SixBirdsFoundationsV.Laws.E14Reconsolidation,formalization/foundations_v_scaffold/lean/SixBirdsFoundationsV/Laws/E14Reconsolidation.lean,404,UPSTREAM_MANIFEST_MATCH,formalization/notes/examples/E14.md,none
SixBirdsFoundationsV.CompleteReconsolidationDispositionInventory,E14,structure,definition,SixBirdsFoundationsV.Laws.E14Reconsolidation,formalization/foundations_v_scaffold/lean/SixBirdsFoundationsV/Laws/E14Reconsolidation.lean,419,UPSTREAM_MANIFEST_MATCH,formalization/notes/examples/E14.md,none
SixBirdsFoundationsV.F9ReconsolidationCoverageCertified,E14,structure,definition,SixBirdsFoundationsV.Laws.E14Reconsolidation,formalization/foundations_v_scaffold/lean/SixBirdsFoundationsV/Laws/E14Reconsolidation.lean,453,UPSTREAM_MANIFEST_MATCH,formalization/notes/examples/E14.md,none
SixBirdsFoundationsV.NoF9DispositionFor,E14,def,definition,SixBirdsFoundationsV.Laws.E14Reconsolidation,formalization/foundations_v_scaffold/lean/SixBirdsFoundationsV/Laws/E14Reconsolidation.lean,467,UPSTREAM_MANIFEST_MATCH,formalization/notes/examples/E14.md,none
SixBirdsFoundationsV.RecordRepairEvidence,E14,structure,definition,SixBirdsFoundationsV.Laws.E14Reconsolidation,formalization/foundations_v_scaffold/lean/SixBirdsFoundationsV/Laws/E14Reconsolidation.lean,478,UPSTREAM_MANIFEST_MATCH,formalization/notes/examples/E14.md,none
SixBirdsFoundationsV.RecordCoarseningEvidence,E14,structure,definition,SixBirdsFoundationsV.Laws.E14Reconsolidation,formalization/foundations_v_scaffold/lean/SixBirdsFoundationsV/Laws/E14Reconsolidation.lean,538,UPSTREAM_MANIFEST_MATCH,formalization/notes/examples/E14.md,none
SixBirdsFoundationsV.StatusedUnresolvedEvidence,E14,structure,definition,SixBirdsFoundationsV.Laws.E14Reconsolidation,formalization/foundations_v_scaffold/lean/SixBirdsFoundationsV/Laws/E14Reconsolidation.lean,624,UPSTREAM_MANIFEST_MATCH,formalization/notes/examples/E14.md,none
SixBirdsFoundationsV.CompleteReconsolidationOutcomeInventory,E14,structure,definition,SixBirdsFoundationsV.Laws.E14Reconsolidation,formalization/foundations_v_scaffold/lean/SixBirdsFoundationsV/Laws/E14Reconsolidation.lean,668,UPSTREAM_MANIFEST_MATCH,formalization/notes/examples/E14.md,none
SixBirdsFoundationsV.NoReconsolidationOutcomeFor,E14,def,definition,SixBirdsFoundationsV.Laws.E14Reconsolidation,formalization/foundations_v_scaffold/lean/SixBirdsFoundationsV/Laws/E14Reconsolidation.lean,716,UPSTREAM_MANIFEST_MATCH,formalization/notes/examples/E14.md,none
SixBirdsFoundationsV.DispositionRealizedByInventory,E14,def,definition,SixBirdsFoundationsV.Laws.E14Reconsolidation,formalization/foundations_v_scaffold/lean/SixBirdsFoundationsV/Laws/E14Reconsolidation.lean,730,UPSTREAM_MANIFEST_MATCH,formalization/notes/examples/E14.md,none
SixBirdsFoundationsV.UnrealizedDispositionEvidence,E14,structure,definition,SixBirdsFoundationsV.Laws.E14Reconsolidation,formalization/foundations_v_scaffold/lean/SixBirdsFoundationsV/Laws/E14Reconsolidation.lean,762,UPSTREAM_MANIFEST_MATCH,formalization/notes/examples/E14.md,none
SixBirdsFoundationsV.ReconsolidationOutcomeCollision,E14,structure,definition,SixBirdsFoundationsV.Laws.E14Reconsolidation,formalization/foundations_v_scaffold/lean/SixBirdsFoundationsV/Laws/E14Reconsolidation.lean,780,UPSTREAM_MANIFEST_MATCH,formalization/notes/examples/E14.md,none
SixBirdsFoundationsV.CompleteMutationProvenanceInventory,E14,structure,definition,SixBirdsFoundationsV.Laws.E14Reconsolidation,formalization/foundations_v_scaffold/lean/SixBirdsFoundationsV/Laws/E14Reconsolidation.lean,802,UPSTREAM_MANIFEST_MATCH,formalization/notes/examples/E14.md,none
SixBirdsFoundationsV.NoMutationProvenanceFor,E14,def,definition,SixBirdsFoundationsV.Laws.E14Reconsolidation,formalization/foundations_v_scaffold/lean/SixBirdsFoundationsV/Laws/E14Reconsolidation.lean,823,UPSTREAM_MANIFEST_MATCH,formalization/notes/examples/E14.md,none
SixBirdsFoundationsV.SilentRewriteEvidence,E14,structure,definition,SixBirdsFoundationsV.Laws.E14Reconsolidation,formalization/foundations_v_scaffold/lean/SixBirdsFoundationsV/Laws/E14Reconsolidation.lean,833,UPSTREAM_MANIFEST_MATCH,formalization/notes/examples/E14.md,none
SixBirdsFoundationsV.LaunderedProvenanceDefect,E14,structure,definition,SixBirdsFoundationsV.Laws.E14Reconsolidation,formalization/foundations_v_scaffold/lean/SixBirdsFoundationsV/Laws/E14Reconsolidation.lean,873,UPSTREAM_MANIFEST_MATCH,formalization/notes/examples/E14.md,none
SixBirdsFoundationsV.UnstatusedConflictEvidence,E14,structure,definition,SixBirdsFoundationsV.Laws.E14Reconsolidation,formalization/foundations_v_scaffold/lean/SixBirdsFoundationsV/Laws/E14Reconsolidation.lean,922,UPSTREAM_MANIFEST_MATCH,formalization/notes/examples/E14.md,none
SixBirdsFoundationsV.ReconsolidationStatus,E14,inductive,definition,SixBirdsFoundationsV.Laws.E14Reconsolidation,formalization/foundations_v_scaffold/lean/SixBirdsFoundationsV/Laws/E14Reconsolidation.lean,952,UPSTREAM_MANIFEST_MATCH,formalization/notes/examples/E14.md,none
SixBirdsFoundationsV.ReconsolidationClaimRef,E14,structure,definition,SixBirdsFoundationsV.Laws.E14Reconsolidation,formalization/foundations_v_scaffold/lean/SixBirdsFoundationsV/Laws/E14Reconsolidation.lean,964,UPSTREAM_MANIFEST_MATCH,formalization/notes/examples/E14.md,none
SixBirdsFoundationsV.ReconsolidationStatusRecord,E14,structure,definition,SixBirdsFoundationsV.Laws.E14Reconsolidation,formalization/foundations_v_scaffold/lean/SixBirdsFoundationsV/Laws/E14Reconsolidation.lean,978,UPSTREAM_MANIFEST_MATCH,formalization/notes/examples/E14.md,none
SixBirdsFoundationsV.ReconsolidationStatusRecordMatchesClaim,E14,def,definition,SixBirdsFoundationsV.Laws.E14Reconsolidation,formalization/foundations_v_scaffold/lean/SixBirdsFoundationsV/Laws/E14Reconsolidation.lean,1005,UPSTREAM_MANIFEST_MATCH,formalization/notes/examples/E14.md,none
SixBirdsFoundationsV.ReconsolidationStatusOccurrenceFor,E14,def,definition,SixBirdsFoundationsV.Laws.E14Reconsolidation,formalization/foundations_v_scaffold/lean/SixBirdsFoundationsV/Laws/E14Reconsolidation.lean,1019,UPSTREAM_MANIFEST_MATCH,formalization/notes/examples/E14.md,none
SixBirdsFoundationsV.ProvenanceDefectEvidenceFor,E14,def,definition,SixBirdsFoundationsV.Laws.E14Reconsolidation,formalization/foundations_v_scaffold/lean/SixBirdsFoundationsV/Laws/E14Reconsolidation.lean,1034,UPSTREAM_MANIFEST_MATCH,formalization/notes/examples/E14.md,none
SixBirdsFoundationsV.SilentRewriteEvidenceFor,E14,def,definition,SixBirdsFoundationsV.Laws.E14Reconsolidation,formalization/foundations_v_scaffold/lean/SixBirdsFoundationsV/Laws/E14Reconsolidation.lean,1047,UPSTREAM_MANIFEST_MATCH,formalization/notes/examples/E14.md,none
SixBirdsFoundationsV.OrdinaryReadEvidenceFor,E14,def,definition,SixBirdsFoundationsV.Laws.E14Reconsolidation,formalization/foundations_v_scaffold/lean/SixBirdsFoundationsV/Laws/E14Reconsolidation.lean,1066,UPSTREAM_MANIFEST_MATCH,formalization/notes/examples/E14.md,none
SixBirdsFoundationsV.OutcomeCollisionEvidenceFor,E14,def,definition,SixBirdsFoundationsV.Laws.E14Reconsolidation,formalization/foundations_v_scaffold/lean/SixBirdsFoundationsV/Laws/E14Reconsolidation.lean,1079,UPSTREAM_MANIFEST_MATCH,formalization/notes/examples/E14.md,none
SixBirdsFoundationsV.UnrealizedDispositionEvidenceFor,E14,def,definition,SixBirdsFoundationsV.Laws.E14Reconsolidation,formalization/foundations_v_scaffold/lean/SixBirdsFoundationsV/Laws/E14Reconsolidation.lean,1092,UPSTREAM_MANIFEST_MATCH,formalization/notes/examples/E14.md,none
SixBirdsFoundationsV.RecordRepairEvidenceFor,E14,def,definition,SixBirdsFoundationsV.Laws.E14Reconsolidation,formalization/foundations_v_scaffold/lean/SixBirdsFoundationsV/Laws/E14Reconsolidation.lean,1112,UPSTREAM_MANIFEST_MATCH,formalization/notes/examples/E14.md,none
SixBirdsFoundationsV.RecordCoarseningEvidenceFor,E14,def,definition,SixBirdsFoundationsV.Laws.E14Reconsolidation,formalization/foundations_v_scaffold/lean/SixBirdsFoundationsV/Laws/E14Reconsolidation.lean,1135,UPSTREAM_MANIFEST_MATCH,formalization/notes/examples/E14.md,none
SixBirdsFoundationsV.StatusedUnresolvedEvidenceFor,E14,def,definition,SixBirdsFoundationsV.Laws.E14Reconsolidation,formalization/foundations_v_scaffold/lean/SixBirdsFoundationsV/Laws/E14Reconsolidation.lean,1158,UPSTREAM_MANIFEST_MATCH,formalization/notes/examples/E14.md,none
SixBirdsFoundationsV.UnstatusedConflictEvidenceFor,E14,def,definition,SixBirdsFoundationsV.Laws.E14Reconsolidation,formalization/foundations_v_scaffold/lean/SixBirdsFoundationsV/Laws/E14Reconsolidation.lean,1181,UPSTREAM_MANIFEST_MATCH,formalization/notes/examples/E14.md,none
SixBirdsFoundationsV.ProvenanceDefectCase,E14,def,definition,SixBirdsFoundationsV.Laws.E14Reconsolidation,formalization/foundations_v_scaffold/lean/SixBirdsFoundationsV/Laws/E14Reconsolidation.lean,1197,UPSTREAM_MANIFEST_MATCH,formalization/notes/examples/E14.md,none
SixBirdsFoundationsV.SilentRewriteCase,E14,def,definition,SixBirdsFoundationsV.Laws.E14Reconsolidation,formalization/foundations_v_scaffold/lean/SixBirdsFoundationsV/Laws/E14Reconsolidation.lean,1220,UPSTREAM_MANIFEST_MATCH,formalization/notes/examples/E14.md,none
SixBirdsFoundationsV.OrdinaryReadCase,E14,def,definition,SixBirdsFoundationsV.Laws.E14Reconsolidation,formalization/foundations_v_scaffold/lean/SixBirdsFoundationsV/Laws/E14Reconsolidation.lean,1251,UPSTREAM_MANIFEST_MATCH,formalization/notes/examples/E14.md,none
SixBirdsFoundationsV.OutcomeCollisionCase,E14,def,definition,SixBirdsFoundationsV.Laws.E14Reconsolidation,formalization/foundations_v_scaffold/lean/SixBirdsFoundationsV/Laws/E14Reconsolidation.lean,1275,UPSTREAM_MANIFEST_MATCH,formalization/notes/examples/E14.md,none
SixBirdsFoundationsV.UnrealizedDispositionCase,E14,def,definition,SixBirdsFoundationsV.Laws.E14Reconsolidation,formalization/foundations_v_scaffold/lean/SixBirdsFoundationsV/Laws/E14Reconsolidation.lean,1300,UPSTREAM_MANIFEST_MATCH,formalization/notes/examples/E14.md,none
SixBirdsFoundationsV.RecordRepairedCase,E14,def,definition,SixBirdsFoundationsV.Laws.E14Reconsolidation,formalization/foundations_v_scaffold/lean/SixBirdsFoundationsV/Laws/E14Reconsolidation.lean,1336,UPSTREAM_MANIFEST_MATCH,formalization/notes/examples/E14.md,none
SixBirdsFoundationsV.RecordCoarsenedCase,E14,def,definition,SixBirdsFoundationsV.Laws.E14Reconsolidation,formalization/foundations_v_scaffold/lean/SixBirdsFoundationsV/Laws/E14Reconsolidation.lean,1376,UPSTREAM_MANIFEST_MATCH,formalization/notes/examples/E14.md,none
SixBirdsFoundationsV.StatusedUnresolvedCase,E14,def,definition,SixBirdsFoundationsV.Laws.E14Reconsolidation,formalization/foundations_v_scaffold/lean/SixBirdsFoundationsV/Laws/E14Reconsolidation.lean,1417,UPSTREAM_MANIFEST_MATCH,formalization/notes/examples/E14.md,none
SixBirdsFoundationsV.UnstatusedConflictCase,E14,def,definition,SixBirdsFoundationsV.Laws.E14Reconsolidation,formalization/foundations_v_scaffold/lean/SixBirdsFoundationsV/Laws/E14Reconsolidation.lean,1459,UPSTREAM_MANIFEST_MATCH,formalization/notes/examples/E14.md,none
SixBirdsFoundationsV.ProvenanceDefectHolds,E14,def,definition,SixBirdsFoundationsV.Laws.E14Reconsolidation,formalization/foundations_v_scaffold/lean/SixBirdsFoundationsV/Laws/E14Reconsolidation.lean,1493,UPSTREAM_MANIFEST_MATCH,formalization/notes/examples/E14.md,none
SixBirdsFoundationsV.SilentRewriteHolds,E14,def,definition,SixBirdsFoundationsV.Laws.E14Reconsolidation,formalization/foundations_v_scaffold/lean/SixBirdsFoundationsV/Laws/E14Reconsolidation.lean,1510,UPSTREAM_MANIFEST_MATCH,formalization/notes/examples/E14.md,none
SixBirdsFoundationsV.OrdinaryReadHolds,E14,def,definition,SixBirdsFoundationsV.Laws.E14Reconsolidation,formalization/foundations_v_scaffold/lean/SixBirdsFoundationsV/Laws/E14Reconsolidation.lean,1527,UPSTREAM_MANIFEST_MATCH,formalization/notes/examples/E14.md,none
SixBirdsFoundationsV.OutcomeCollisionHolds,E14,def,definition,SixBirdsFoundationsV.Laws.E14Reconsolidation,formalization/foundations_v_scaffold/lean/SixBirdsFoundationsV/Laws/E14Reconsolidation.lean,1544,UPSTREAM_MANIFEST_MATCH,formalization/notes/examples/E14.md,none
SixBirdsFoundationsV.UnrealizedDispositionHolds,E14,def,definition,SixBirdsFoundationsV.Laws.E14Reconsolidation,formalization/foundations_v_scaffold/lean/SixBirdsFoundationsV/Laws/E14Reconsolidation.lean,1561,UPSTREAM_MANIFEST_MATCH,formalization/notes/examples/E14.md,none
SixBirdsFoundationsV.RecordRepairedHolds,E14,def,definition,SixBirdsFoundationsV.Laws.E14Reconsolidation,formalization/foundations_v_scaffold/lean/SixBirdsFoundationsV/Laws/E14Reconsolidation.lean,1578,UPSTREAM_MANIFEST_MATCH,formalization/notes/examples/E14.md,none
SixBirdsFoundationsV.RecordCoarsenedHolds,E14,def,definition,SixBirdsFoundationsV.Laws.E14Reconsolidation,formalization/foundations_v_scaffold/lean/SixBirdsFoundationsV/Laws/E14Reconsolidation.lean,1595,UPSTREAM_MANIFEST_MATCH,formalization/notes/examples/E14.md,none
SixBirdsFoundationsV.StatusedUnresolvedHolds,E14,def,definition,SixBirdsFoundationsV.Laws.E14Reconsolidation,formalization/foundations_v_scaffold/lean/SixBirdsFoundationsV/Laws/E14Reconsolidation.lean,1612,UPSTREAM_MANIFEST_MATCH,formalization/notes/examples/E14.md,none
SixBirdsFoundationsV.UnstatusedConflictHolds,E14,def,definition,SixBirdsFoundationsV.Laws.E14Reconsolidation,formalization/foundations_v_scaffold/lean/SixBirdsFoundationsV/Laws/E14Reconsolidation.lean,1629,UPSTREAM_MANIFEST_MATCH,formalization/notes/examples/E14.md,none
SixBirdsFoundationsV.CompleteReconsolidationStatus,E14,structure,definition,SixBirdsFoundationsV.Laws.E14Reconsolidation,formalization/foundations_v_scaffold/lean/SixBirdsFoundationsV/Laws/E14Reconsolidation.lean,1646,UPSTREAM_MANIFEST_MATCH,formalization/notes/examples/E14.md,none
SixBirdsFoundationsV.SilentRewriteFalsifier,E14,structure,definition,SixBirdsFoundationsV.Laws.E14Reconsolidation,formalization/foundations_v_scaffold/lean/SixBirdsFoundationsV/Laws/E14Reconsolidation.lean,1678,UPSTREAM_MANIFEST_MATCH,formalization/notes/examples/E14.md,none
SixBirdsFoundationsV.RetrievalWithoutTransportFalsifier,E14,structure,definition,SixBirdsFoundationsV.Laws.E14Reconsolidation,formalization/foundations_v_scaffold/lean/SixBirdsFoundationsV/Laws/E14Reconsolidation.lean,1700,UPSTREAM_MANIFEST_MATCH,formalization/notes/examples/E14.md,none
SixBirdsFoundationsV.LaunderedProvenanceFalsifier,E14,structure,definition,SixBirdsFoundationsV.Laws.E14Reconsolidation,formalization/foundations_v_scaffold/lean/SixBirdsFoundationsV/Laws/E14Reconsolidation.lean,1713,UPSTREAM_MANIFEST_MATCH,formalization/notes/examples/E14.md,none
SixBirdsFoundationsV.E14.ExactlyOne,E14,def,definition,SixBirdsFoundationsV.Laws.E14Reconsolidation,formalization/foundations_v_scaffold/lean/SixBirdsFoundationsV/Laws/E14Reconsolidation.lean,1733,UPSTREAM_MANIFEST_MATCH,formalization/notes/examples/E14.md,none
SixBirdsFoundationsV.E14_ReconsolidationStatus,E14,theorem,theorem,SixBirdsFoundationsV.Laws.E14Reconsolidation,formalization/foundations_v_scaffold/lean/SixBirdsFoundationsV/Laws/E14Reconsolidation.lean,1767,UPSTREAM_MANIFEST_MATCH,formalization/notes/examples/E14.md,none
SixBirdsFoundationsV.E14_LawfulConflictTrichotomy,E14,theorem,theorem,SixBirdsFoundationsV.Laws.E14Reconsolidation,formalization/foundations_v_scaffold/lean/SixBirdsFoundationsV/Laws/E14Reconsolidation.lean,2051,UPSTREAM_MANIFEST_MATCH,formalization/notes/examples/E14.md,none
SixBirdsFoundationsV.E14_OutcomeCollisionExcludesLawful,E14,theorem,theorem,SixBirdsFoundationsV.Laws.E14Reconsolidation,formalization/foundations_v_scaffold/lean/SixBirdsFoundationsV/Laws/E14Reconsolidation.lean,2105,UPSTREAM_MANIFEST_MATCH,formalization/notes/examples/E14.md,none
SixBirdsFoundationsV.E14_RecordRepair,E14,theorem,theorem,SixBirdsFoundationsV.Laws.E14Reconsolidation,formalization/foundations_v_scaffold/lean/SixBirdsFoundationsV/Laws/E14Reconsolidation.lean,2217,UPSTREAM_MANIFEST_MATCH,formalization/notes/examples/E14.md,none
SixBirdsFoundationsV.E14_RecordCoarsening,E14,theorem,theorem,SixBirdsFoundationsV.Laws.E14Reconsolidation,formalization/foundations_v_scaffold/lean/SixBirdsFoundationsV/Laws/E14Reconsolidation.lean,2238,UPSTREAM_MANIFEST_MATCH,formalization/notes/examples/E14.md,none
SixBirdsFoundationsV.E14_StatusedUnresolvedChargedToLambda,E14,theorem,theorem,SixBirdsFoundationsV.Laws.E14Reconsolidation,formalization/foundations_v_scaffold/lean/SixBirdsFoundationsV/Laws/E14Reconsolidation.lean,2259,UPSTREAM_MANIFEST_MATCH,formalization/notes/examples/E14.md,none
SixBirdsFoundationsV.E14_SilentRewriteFalsifier,E14,theorem,theorem,SixBirdsFoundationsV.Laws.E14Reconsolidation,formalization/foundations_v_scaffold/lean/SixBirdsFoundationsV/Laws/E14Reconsolidation.lean,2280,UPSTREAM_MANIFEST_MATCH,formalization/notes/examples/E14.md,none
SixBirdsFoundationsV.E14_RetrievalWithoutTransportControl,E14,theorem,theorem,SixBirdsFoundationsV.Laws.E14Reconsolidation,formalization/foundations_v_scaffold/lean/SixBirdsFoundationsV/Laws/E14Reconsolidation.lean,2322,UPSTREAM_MANIFEST_MATCH,formalization/notes/examples/E14.md,none
SixBirdsFoundationsV.E14_LaunderedProvenanceDefect,E14,theorem,theorem,SixBirdsFoundationsV.Laws.E14Reconsolidation,formalization/foundations_v_scaffold/lean/SixBirdsFoundationsV/Laws/E14Reconsolidation.lean,2365,UPSTREAM_MANIFEST_MATCH,formalization/notes/examples/E14.md,none
SixBirdsFoundationsV.ClosureDebtHorizonRecord,E15,structure,definition,SixBirdsFoundationsV.Laws.E15OfflineReclosure,formalization/foundations_v_scaffold/lean/SixBirdsFoundationsV/Laws/E15OfflineReclosure.lean,42,UPSTREAM_MANIFEST_MATCH,formalization/notes/examples/E15.md,none
SixBirdsFoundationsV.ClosureDebtScopeRecord,E15,structure,definition,SixBirdsFoundationsV.Laws.E15OfflineReclosure,formalization/foundations_v_scaffold/lean/SixBirdsFoundationsV/Laws/E15OfflineReclosure.lean,49,UPSTREAM_MANIFEST_MATCH,formalization/notes/examples/E15.md,none
SixBirdsFoundationsV.ClosureDebtComponentKind,E15,inductive,definition,SixBirdsFoundationsV.Laws.E15OfflineReclosure,formalization/foundations_v_scaffold/lean/SixBirdsFoundationsV/Laws/E15OfflineReclosure.lean,54,UPSTREAM_MANIFEST_MATCH,formalization/notes/examples/E15.md,none
SixBirdsFoundationsV.RouteResidueDebtRecord,E15,structure,definition,SixBirdsFoundationsV.Laws.E15OfflineReclosure,formalization/foundations_v_scaffold/lean/SixBirdsFoundationsV/Laws/E15OfflineReclosure.lean,60,UPSTREAM_MANIFEST_MATCH,formalization/notes/examples/E15.md,none
SixBirdsFoundationsV.XiResidualValuationPolicyRecord,E15,structure,definition,SixBirdsFoundationsV.Laws.E15OfflineReclosure,formalization/foundations_v_scaffold/lean/SixBirdsFoundationsV/Laws/E15OfflineReclosure.lean,67,UPSTREAM_MANIFEST_MATCH,formalization/notes/examples/E15.md,none
SixBirdsFoundationsV.XiAdequacyResidualDebtRecord,E15,structure,definition,SixBirdsFoundationsV.Laws.E15OfflineReclosure,formalization/foundations_v_scaffold/lean/SixBirdsFoundationsV/Laws/E15OfflineReclosure.lean,72,UPSTREAM_MANIFEST_MATCH,formalization/notes/examples/E15.md,none
SixBirdsFoundationsV.E14ResidualRegistrationRecord,E15,structure,definition,SixBirdsFoundationsV.Laws.E15OfflineReclosure,formalization/foundations_v_scaffold/lean/SixBirdsFoundationsV/Laws/E15OfflineReclosure.lean,85,UPSTREAM_MANIFEST_MATCH,formalization/notes/examples/E15.md,none
SixBirdsFoundationsV.SharedBudgetAllocationRecord,E15,structure,definition,SixBirdsFoundationsV.Laws.E15OfflineReclosure,formalization/foundations_v_scaffold/lean/SixBirdsFoundationsV/Laws/E15OfflineReclosure.lean,93,UPSTREAM_MANIFEST_MATCH,formalization/notes/examples/E15.md,none
SixBirdsFoundationsV.OperatingMode,E15,inductive,definition,SixBirdsFoundationsV.Laws.E15OfflineReclosure,formalization/foundations_v_scaffold/lean/SixBirdsFoundationsV/Laws/E15OfflineReclosure.lean,102,UPSTREAM_MANIFEST_MATCH,formalization/notes/examples/E15.md,none
SixBirdsFoundationsV.OperatingPhaseRecord,E15,structure,definition,SixBirdsFoundationsV.Laws.E15OfflineReclosure,formalization/foundations_v_scaffold/lean/SixBirdsFoundationsV/Laws/E15OfflineReclosure.lean,107,UPSTREAM_MANIFEST_MATCH,formalization/notes/examples/E15.md,none
SixBirdsFoundationsV.ExchangeGateRecord,E15,structure,definition,SixBirdsFoundationsV.Laws.E15OfflineReclosure,formalization/foundations_v_scaffold/lean/SixBirdsFoundationsV/Laws/E15OfflineReclosure.lean,116,UPSTREAM_MANIFEST_MATCH,formalization/notes/examples/E15.md,none
SixBirdsFoundationsV.ExternalExchangeRecord,E15,structure,definition,SixBirdsFoundationsV.Laws.E15OfflineReclosure,formalization/foundations_v_scaffold/lean/SixBirdsFoundationsV/Laws/E15OfflineReclosure.lean,133,UPSTREAM_MANIFEST_MATCH,formalization/notes/examples/E15.md,none
SixBirdsFoundationsV.DutyCycleToleranceRecord,E15,structure,definition,SixBirdsFoundationsV.Laws.E15OfflineReclosure,formalization/foundations_v_scaffold/lean/SixBirdsFoundationsV/Laws/E15OfflineReclosure.lean,139,UPSTREAM_MANIFEST_MATCH,formalization/notes/examples/E15.md,none
SixBirdsFoundationsV.OfflineRecurrenceBoundRecord,E15,structure,definition,SixBirdsFoundationsV.Laws.E15OfflineReclosure,formalization/foundations_v_scaffold/lean/SixBirdsFoundationsV/Laws/E15OfflineReclosure.lean,146,UPSTREAM_MANIFEST_MATCH,formalization/notes/examples/E15.md,none
SixBirdsFoundationsV.DebtBoundRecord,E15,structure,definition,SixBirdsFoundationsV.Laws.E15OfflineReclosure,formalization/foundations_v_scaffold/lean/SixBirdsFoundationsV/Laws/E15OfflineReclosure.lean,153,UPSTREAM_MANIFEST_MATCH,formalization/notes/examples/E15.md,none
SixBirdsFoundationsV.E7AlarmCascadeObservation,E15,structure,definition,SixBirdsFoundationsV.Laws.E15OfflineReclosure,formalization/foundations_v_scaffold/lean/SixBirdsFoundationsV/Laws/E15OfflineReclosure.lean,159,UPSTREAM_MANIFEST_MATCH,formalization/notes/examples/E15.md,none
SixBirdsFoundationsV.E5StressCascadeObservation,E15,structure,definition,SixBirdsFoundationsV.Laws.E15OfflineReclosure,formalization/foundations_v_scaffold/lean/SixBirdsFoundationsV/Laws/E15OfflineReclosure.lean,167,UPSTREAM_MANIFEST_MATCH,formalization/notes/examples/E15.md,none
SixBirdsFoundationsV.ConsecutiveIn,E15,def,definition,SixBirdsFoundationsV.Laws.E15OfflineReclosure,formalization/foundations_v_scaffold/lean/SixBirdsFoundationsV/Laws/E15OfflineReclosure.lean,174,UPSTREAM_MANIFEST_MATCH,formalization/notes/examples/E15.md,none
SixBirdsFoundationsV.DeclaredOperatingSchedule,E15,structure,definition,SixBirdsFoundationsV.Laws.E15OfflineReclosure,formalization/foundations_v_scaffold/lean/SixBirdsFoundationsV/Laws/E15OfflineReclosure.lean,179,UPSTREAM_MANIFEST_MATCH,formalization/notes/examples/E15.md,none
SixBirdsFoundationsV.ClosureDebtEntryRecord,E15,inductive,definition,SixBirdsFoundationsV.Laws.E15OfflineReclosure,formalization/foundations_v_scaffold/lean/SixBirdsFoundationsV/Laws/E15OfflineReclosure.lean,193,UPSTREAM_MANIFEST_MATCH,formalization/notes/examples/E15.md,none
SixBirdsFoundationsV.ClosureDebtSnapshotRecord,E15,structure,definition,SixBirdsFoundationsV.Laws.E15OfflineReclosure,formalization/foundations_v_scaffold/lean/SixBirdsFoundationsV/Laws/E15OfflineReclosure.lean,209,UPSTREAM_MANIFEST_MATCH,formalization/notes/examples/E15.md,none
SixBirdsFoundationsV.DebtDischargeRecord,E15,structure,definition,SixBirdsFoundationsV.Laws.E15OfflineReclosure,formalization/foundations_v_scaffold/lean/SixBirdsFoundationsV/Laws/E15OfflineReclosure.lean,222,UPSTREAM_MANIFEST_MATCH,formalization/notes/examples/E15.md,none
SixBirdsFoundationsV.ClosureDebtFlowRecord,E15,structure,definition,SixBirdsFoundationsV.Laws.E15OfflineReclosure,formalization/foundations_v_scaffold/lean/SixBirdsFoundationsV/Laws/E15OfflineReclosure.lean,235,UPSTREAM_MANIFEST_MATCH,formalization/notes/examples/E15.md,none
SixBirdsFoundationsV.OfflineReclosureClassifierContext,E15,structure,definition,SixBirdsFoundationsV.Laws.E15OfflineReclosure,formalization/foundations_v_scaffold/lean/SixBirdsFoundationsV/Laws/E15OfflineReclosure.lean,255,UPSTREAM_MANIFEST_MATCH,formalization/notes/examples/E15.md,none
SixBirdsFoundationsV.OfflineReclosureEvidencePolicies,E15,structure,definition,SixBirdsFoundationsV.Laws.E15OfflineReclosure,formalization/foundations_v_scaffold/lean/SixBirdsFoundationsV/Laws/E15OfflineReclosure.lean,285,UPSTREAM_MANIFEST_MATCH,formalization/notes/examples/E15.md,none
SixBirdsFoundationsV.E15Carried,E15,def,definition,SixBirdsFoundationsV.Laws.E15OfflineReclosure,formalization/foundations_v_scaffold/lean/SixBirdsFoundationsV/Laws/E15OfflineReclosure.lean,336,UPSTREAM_MANIFEST_MATCH,formalization/notes/examples/E15.md,none
SixBirdsFoundationsV.P2ExternalExchangeGateEvidence,E15,structure,definition,SixBirdsFoundationsV.Laws.E15OfflineReclosure,formalization/foundations_v_scaffold/lean/SixBirdsFoundationsV/Laws/E15OfflineReclosure.lean,351,UPSTREAM_MANIFEST_MATCH,formalization/notes/examples/E15.md,none
SixBirdsFoundationsV.E14ResidualDebtItem,E15,structure,definition,SixBirdsFoundationsV.Laws.E15OfflineReclosure,formalization/foundations_v_scaffold/lean/SixBirdsFoundationsV/Laws/E15OfflineReclosure.lean,369,UPSTREAM_MANIFEST_MATCH,formalization/notes/examples/E15.md,none
SixBirdsFoundationsV.E14ResidualDebtItem.amount,E15,def,definition,SixBirdsFoundationsV.Laws.E15OfflineReclosure,formalization/foundations_v_scaffold/lean/SixBirdsFoundationsV/Laws/E15OfflineReclosure.lean,426,UPSTREAM_MANIFEST_MATCH,formalization/notes/examples/E15.md,none
SixBirdsFoundationsV.E14ResidualDebtItem.ledgerEntry,E15,def,definition,SixBirdsFoundationsV.Laws.E15OfflineReclosure,formalization/foundations_v_scaffold/lean/SixBirdsFoundationsV/Laws/E15OfflineReclosure.lean,441,UPSTREAM_MANIFEST_MATCH,formalization/notes/examples/E15.md,none
SixBirdsFoundationsV.F3RouteResidueDebtItem,E15,structure,definition,SixBirdsFoundationsV.Laws.E15OfflineReclosure,formalization/foundations_v_scaffold/lean/SixBirdsFoundationsV/Laws/E15OfflineReclosure.lean,458,UPSTREAM_MANIFEST_MATCH,formalization/notes/examples/E15.md,none
SixBirdsFoundationsV.XiAdequacyResidualDebtItem,E15,structure,definition,SixBirdsFoundationsV.Laws.E15OfflineReclosure,formalization/foundations_v_scaffold/lean/SixBirdsFoundationsV/Laws/E15OfflineReclosure.lean,480,UPSTREAM_MANIFEST_MATCH,formalization/notes/examples/E15.md,none
SixBirdsFoundationsV.ClosureDebtEntryRecord.amount,E15,def,definition,SixBirdsFoundationsV.Laws.E15OfflineReclosure,formalization/foundations_v_scaffold/lean/SixBirdsFoundationsV/Laws/E15OfflineReclosure.lean,514,UPSTREAM_MANIFEST_MATCH,formalization/notes/examples/E15.md,none
SixBirdsFoundationsV.ClosureDebtEntryRecord.key,E15,def,definition,SixBirdsFoundationsV.Laws.E15OfflineReclosure,formalization/foundations_v_scaffold/lean/SixBirdsFoundationsV/Laws/E15OfflineReclosure.lean,521,UPSTREAM_MANIFEST_MATCH,formalization/notes/examples/E15.md,none
SixBirdsFoundationsV.ClosureDebtEntryRecord.ledgerEntry,E15,def,definition,SixBirdsFoundationsV.Laws.E15OfflineReclosure,formalization/foundations_v_scaffold/lean/SixBirdsFoundationsV/Laws/E15OfflineReclosure.lean,530,UPSTREAM_MANIFEST_MATCH,formalization/notes/examples/E15.md,none
SixBirdsFoundationsV.CompleteClosureDebtInventory,E15,structure,definition,SixBirdsFoundationsV.Laws.E15OfflineReclosure,formalization/foundations_v_scaffold/lean/SixBirdsFoundationsV/Laws/E15OfflineReclosure.lean,539,UPSTREAM_MANIFEST_MATCH,formalization/notes/examples/E15.md,none
SixBirdsFoundationsV.ClosureDebt,E15,def,definition,SixBirdsFoundationsV.Laws.E15OfflineReclosure,formalization/foundations_v_scaffold/lean/SixBirdsFoundationsV/Laws/E15OfflineReclosure.lean,583,UPSTREAM_MANIFEST_MATCH,formalization/notes/examples/E15.md,none
SixBirdsFoundationsV.CompleteClosureDebtSnapshot,E15,structure,definition,SixBirdsFoundationsV.Laws.E15OfflineReclosure,formalization/foundations_v_scaffold/lean/SixBirdsFoundationsV/Laws/E15OfflineReclosure.lean,589,UPSTREAM_MANIFEST_MATCH,formalization/notes/examples/E15.md,none
SixBirdsFoundationsV.AccruedDebt,E15,def,definition,SixBirdsFoundationsV.Laws.E15OfflineReclosure,formalization/foundations_v_scaffold/lean/SixBirdsFoundationsV/Laws/E15OfflineReclosure.lean,613,UPSTREAM_MANIFEST_MATCH,formalization/notes/examples/E15.md,none
SixBirdsFoundationsV.DischargedDebt,E15,def,definition,SixBirdsFoundationsV.Laws.E15OfflineReclosure,formalization/foundations_v_scaffold/lean/SixBirdsFoundationsV/Laws/E15OfflineReclosure.lean,619,UPSTREAM_MANIFEST_MATCH,formalization/notes/examples/E15.md,none
SixBirdsFoundationsV.PhaseDuration,E15,def,definition,SixBirdsFoundationsV.Laws.E15OfflineReclosure,formalization/foundations_v_scaffold/lean/SixBirdsFoundationsV/Laws/E15OfflineReclosure.lean,625,UPSTREAM_MANIFEST_MATCH,formalization/notes/examples/E15.md,none
SixBirdsFoundationsV.ClosureDebtAccrualRate,E15,def,definition,SixBirdsFoundationsV.Laws.E15OfflineReclosure,formalization/foundations_v_scaffold/lean/SixBirdsFoundationsV/Laws/E15OfflineReclosure.lean,628,UPSTREAM_MANIFEST_MATCH,formalization/notes/examples/E15.md,none
SixBirdsFoundationsV.ClosureDebtDischargeRate,E15,def,definition,SixBirdsFoundationsV.Laws.E15OfflineReclosure,formalization/foundations_v_scaffold/lean/SixBirdsFoundationsV/Laws/E15OfflineReclosure.lean,634,UPSTREAM_MANIFEST_MATCH,formalization/notes/examples/E15.md,none
SixBirdsFoundationsV.CompleteClosureDebtFlow,E15,structure,definition,SixBirdsFoundationsV.Laws.E15OfflineReclosure,formalization/foundations_v_scaffold/lean/SixBirdsFoundationsV/Laws/E15OfflineReclosure.lean,640,UPSTREAM_MANIFEST_MATCH,formalization/notes/examples/E15.md,none
SixBirdsFoundationsV.DerivedOfflineBudgetGeometry,E15,structure,definition,SixBirdsFoundationsV.Laws.E15OfflineReclosure,formalization/foundations_v_scaffold/lean/SixBirdsFoundationsV/Laws/E15OfflineReclosure.lean,691,UPSTREAM_MANIFEST_MATCH,formalization/notes/examples/E15.md,none
SixBirdsFoundationsV.kappaOn,E15,def,definition,SixBirdsFoundationsV.Laws.E15OfflineReclosure,formalization/foundations_v_scaffold/lean/SixBirdsFoundationsV/Laws/E15OfflineReclosure.lean,722,UPSTREAM_MANIFEST_MATCH,formalization/notes/examples/E15.md,none
SixBirdsFoundationsV.freedAllocation,E15,def,definition,SixBirdsFoundationsV.Laws.E15OfflineReclosure,formalization/foundations_v_scaffold/lean/SixBirdsFoundationsV/Laws/E15OfflineReclosure.lean,727,UPSTREAM_MANIFEST_MATCH,formalization/notes/examples/E15.md,none
SixBirdsFoundationsV.kappaOff,E15,def,definition,SixBirdsFoundationsV.Laws.E15OfflineReclosure,formalization/foundations_v_scaffold/lean/SixBirdsFoundationsV/Laws/E15OfflineReclosure.lean,732,UPSTREAM_MANIFEST_MATCH,formalization/notes/examples/E15.md,none
SixBirdsFoundationsV.CompletePhaseFlowInventory,E15,structure,definition,SixBirdsFoundationsV.Laws.E15OfflineReclosure,formalization/foundations_v_scaffold/lean/SixBirdsFoundationsV/Laws/E15OfflineReclosure.lean,737,UPSTREAM_MANIFEST_MATCH,formalization/notes/examples/E15.md,none
SixBirdsFoundationsV.EligibleExternalExchange,E15,structure,definition,SixBirdsFoundationsV.Laws.E15OfflineReclosure,formalization/foundations_v_scaffold/lean/SixBirdsFoundationsV/Laws/E15OfflineReclosure.lean,764,UPSTREAM_MANIFEST_MATCH,formalization/notes/examples/E15.md,none
SixBirdsFoundationsV.CompleteExternalExchangeInventory,E15,structure,definition,SixBirdsFoundationsV.Laws.E15OfflineReclosure,formalization/foundations_v_scaffold/lean/SixBirdsFoundationsV/Laws/E15OfflineReclosure.lean,777,UPSTREAM_MANIFEST_MATCH,formalization/notes/examples/E15.md,none
SixBirdsFoundationsV.ExchangeInPhase,E15,def,definition,SixBirdsFoundationsV.Laws.E15OfflineReclosure,formalization/foundations_v_scaffold/lean/SixBirdsFoundationsV/Laws/E15OfflineReclosure.lean,796,UPSTREAM_MANIFEST_MATCH,formalization/notes/examples/E15.md,none
SixBirdsFoundationsV.TotalDuration,E15,def,definition,SixBirdsFoundationsV.Laws.E15OfflineReclosure,formalization/foundations_v_scaffold/lean/SixBirdsFoundationsV/Laws/E15OfflineReclosure.lean,808,UPSTREAM_MANIFEST_MATCH,formalization/notes/examples/E15.md,none
SixBirdsFoundationsV.OfflineDuration,E15,def,definition,SixBirdsFoundationsV.Laws.E15OfflineReclosure,formalization/foundations_v_scaffold/lean/SixBirdsFoundationsV/Laws/E15OfflineReclosure.lean,811,UPSTREAM_MANIFEST_MATCH,formalization/notes/examples/E15.md,none
SixBirdsFoundationsV.ObservedOfflineDuty,E15,def,definition,SixBirdsFoundationsV.Laws.E15OfflineReclosure,formalization/foundations_v_scaffold/lean/SixBirdsFoundationsV/Laws/E15OfflineReclosure.lean,816,UPSTREAM_MANIFEST_MATCH,formalization/notes/examples/E15.md,none
SixBirdsFoundationsV.PredictedOfflineDuty,E15,def,definition,SixBirdsFoundationsV.Laws.E15OfflineReclosure,formalization/foundations_v_scaffold/lean/SixBirdsFoundationsV/Laws/E15OfflineReclosure.lean,820,UPSTREAM_MANIFEST_MATCH,formalization/notes/examples/E15.md,none
SixBirdsFoundationsV.RatAbs,E15,def,definition,SixBirdsFoundationsV.Laws.E15OfflineReclosure,formalization/foundations_v_scaffold/lean/SixBirdsFoundationsV/Laws/E15OfflineReclosure.lean,826,UPSTREAM_MANIFEST_MATCH,formalization/notes/examples/E15.md,none
SixBirdsFoundationsV.PersistentDeficitEvidence,E15,structure,definition,SixBirdsFoundationsV.Laws.E15OfflineReclosure,formalization/foundations_v_scaffold/lean/SixBirdsFoundationsV/Laws/E15OfflineReclosure.lean,829,UPSTREAM_MANIFEST_MATCH,formalization/notes/examples/E15.md,none
SixBirdsFoundationsV.GenuineOfflinePhaseEvidence,E15,structure,definition,SixBirdsFoundationsV.Laws.E15OfflineReclosure,formalization/foundations_v_scaffold/lean/SixBirdsFoundationsV/Laws/E15OfflineReclosure.lean,864,UPSTREAM_MANIFEST_MATCH,formalization/notes/examples/E15.md,none
SixBirdsFoundationsV.AlternatingOfflineSubstrate,E15,structure,definition,SixBirdsFoundationsV.Laws.E15OfflineReclosure,formalization/foundations_v_scaffold/lean/SixBirdsFoundationsV/Laws/E15OfflineReclosure.lean,909,UPSTREAM_MANIFEST_MATCH,formalization/notes/examples/E15.md,none
SixBirdsFoundationsV.DutyCyclePredictionEvidence,E15,structure,definition,SixBirdsFoundationsV.Laws.E15OfflineReclosure,formalization/foundations_v_scaffold/lean/SixBirdsFoundationsV/Laws/E15OfflineReclosure.lean,965,UPSTREAM_MANIFEST_MATCH,formalization/notes/examples/E15.md,none
SixBirdsFoundationsV.OnlineSufficientEvidence,E15,structure,definition,SixBirdsFoundationsV.Laws.E15OfflineReclosure,formalization/foundations_v_scaffold/lean/SixBirdsFoundationsV/Laws/E15OfflineReclosure.lean,993,UPSTREAM_MANIFEST_MATCH,formalization/notes/examples/E15.md,none
SixBirdsFoundationsV.OptionalOfflineOutsideDeficitEvidence,E15,structure,definition,SixBirdsFoundationsV.Laws.E15OfflineReclosure,formalization/foundations_v_scaffold/lean/SixBirdsFoundationsV/Laws/E15OfflineReclosure.lean,1030,UPSTREAM_MANIFEST_MATCH,formalization/notes/examples/E15.md,none
SixBirdsFoundationsV.DeficitOnlineBoundedCounterexample,E15,structure,definition,SixBirdsFoundationsV.Laws.E15OfflineReclosure,formalization/foundations_v_scaffold/lean/SixBirdsFoundationsV/Laws/E15OfflineReclosure.lean,1075,UPSTREAM_MANIFEST_MATCH,formalization/notes/examples/E15.md,none
SixBirdsFoundationsV.DecorativeOfflineEvidence,E15,structure,definition,SixBirdsFoundationsV.Laws.E15OfflineReclosure,formalization/foundations_v_scaffold/lean/SixBirdsFoundationsV/Laws/E15OfflineReclosure.lean,1121,UPSTREAM_MANIFEST_MATCH,formalization/notes/examples/E15.md,none
SixBirdsFoundationsV.DutyCycleMismatchEvidence,E15,structure,definition,SixBirdsFoundationsV.Laws.E15OfflineReclosure,formalization/foundations_v_scaffold/lean/SixBirdsFoundationsV/Laws/E15OfflineReclosure.lean,1164,UPSTREAM_MANIFEST_MATCH,formalization/notes/examples/E15.md,none
SixBirdsFoundationsV.SkippedOfflineCascadeEvidence,E15,structure,definition,SixBirdsFoundationsV.Laws.E15OfflineReclosure,formalization/foundations_v_scaffold/lean/SixBirdsFoundationsV/Laws/E15OfflineReclosure.lean,1192,UPSTREAM_MANIFEST_MATCH,formalization/notes/examples/E15.md,none
SixBirdsFoundationsV.OfflineReclosureStatus,E15,inductive,definition,SixBirdsFoundationsV.Laws.E15OfflineReclosure,formalization/foundations_v_scaffold/lean/SixBirdsFoundationsV/Laws/E15OfflineReclosure.lean,1260,UPSTREAM_MANIFEST_MATCH,formalization/notes/examples/E15.md,none
SixBirdsFoundationsV.OfflineReclosureClaimRef,E15,structure,definition,SixBirdsFoundationsV.Laws.E15OfflineReclosure,formalization/foundations_v_scaffold/lean/SixBirdsFoundationsV/Laws/E15OfflineReclosure.lean,1271,UPSTREAM_MANIFEST_MATCH,formalization/notes/examples/E15.md,none
SixBirdsFoundationsV.OfflineReclosureStatusRecord,E15,structure,definition,SixBirdsFoundationsV.Laws.E15OfflineReclosure,formalization/foundations_v_scaffold/lean/SixBirdsFoundationsV/Laws/E15OfflineReclosure.lean,1298,UPSTREAM_MANIFEST_MATCH,formalization/notes/examples/E15.md,none
SixBirdsFoundationsV.OfflineReclosureStatusRecordMatchesClaim,E15,def,definition,SixBirdsFoundationsV.Laws.E15OfflineReclosure,formalization/foundations_v_scaffold/lean/SixBirdsFoundationsV/Laws/E15OfflineReclosure.lean,1310,UPSTREAM_MANIFEST_MATCH,formalization/notes/examples/E15.md,none
SixBirdsFoundationsV.OfflineReclosureStatusOccurrenceFor,E15,def,definition,SixBirdsFoundationsV.Laws.E15OfflineReclosure,formalization/foundations_v_scaffold/lean/SixBirdsFoundationsV/Laws/E15OfflineReclosure.lean,1322,UPSTREAM_MANIFEST_MATCH,formalization/notes/examples/E15.md,none
SixBirdsFoundationsV.DeficitOnlineCounterexampleEvidenceFor,E15,def,definition,SixBirdsFoundationsV.Laws.E15OfflineReclosure,formalization/foundations_v_scaffold/lean/SixBirdsFoundationsV/Laws/E15OfflineReclosure.lean,1336,UPSTREAM_MANIFEST_MATCH,formalization/notes/examples/E15.md,none
SixBirdsFoundationsV.DecorativeOfflineEvidenceFor,E15,def,definition,SixBirdsFoundationsV.Laws.E15OfflineReclosure,formalization/foundations_v_scaffold/lean/SixBirdsFoundationsV/Laws/E15OfflineReclosure.lean,1357,UPSTREAM_MANIFEST_MATCH,formalization/notes/examples/E15.md,none
SixBirdsFoundationsV.DutyCycleMismatchEvidenceFor,E15,def,definition,SixBirdsFoundationsV.Laws.E15OfflineReclosure,formalization/foundations_v_scaffold/lean/SixBirdsFoundationsV/Laws/E15OfflineReclosure.lean,1381,UPSTREAM_MANIFEST_MATCH,formalization/notes/examples/E15.md,none
SixBirdsFoundationsV.SkippedOfflineCascadeEvidenceFor,E15,def,definition,SixBirdsFoundationsV.Laws.E15OfflineReclosure,formalization/foundations_v_scaffold/lean/SixBirdsFoundationsV/Laws/E15OfflineReclosure.lean,1402,UPSTREAM_MANIFEST_MATCH,formalization/notes/examples/E15.md,none
SixBirdsFoundationsV.AlternationRequiredEvidenceFor,E15,def,definition,SixBirdsFoundationsV.Laws.E15OfflineReclosure,formalization/foundations_v_scaffold/lean/SixBirdsFoundationsV/Laws/E15OfflineReclosure.lean,1421,UPSTREAM_MANIFEST_MATCH,formalization/notes/examples/E15.md,none
SixBirdsFoundationsV.OnlineSufficientEvidenceFor,E15,def,definition,SixBirdsFoundationsV.Laws.E15OfflineReclosure,formalization/foundations_v_scaffold/lean/SixBirdsFoundationsV/Laws/E15OfflineReclosure.lean,1442,UPSTREAM_MANIFEST_MATCH,formalization/notes/examples/E15.md,none
SixBirdsFoundationsV.OfflineOptionalEvidenceFor,E15,def,definition,SixBirdsFoundationsV.Laws.E15OfflineReclosure,formalization/foundations_v_scaffold/lean/SixBirdsFoundationsV/Laws/E15OfflineReclosure.lean,1461,UPSTREAM_MANIFEST_MATCH,formalization/notes/examples/E15.md,none
SixBirdsFoundationsV.DeficitOnlineCounterexampleCase,E15,def,definition,SixBirdsFoundationsV.Laws.E15OfflineReclosure,formalization/foundations_v_scaffold/lean/SixBirdsFoundationsV/Laws/E15OfflineReclosure.lean,1481,UPSTREAM_MANIFEST_MATCH,formalization/notes/examples/E15.md,none
SixBirdsFoundationsV.DecorativeOfflineCase,E15,def,definition,SixBirdsFoundationsV.Laws.E15OfflineReclosure,formalization/foundations_v_scaffold/lean/SixBirdsFoundationsV/Laws/E15OfflineReclosure.lean,1507,UPSTREAM_MANIFEST_MATCH,formalization/notes/examples/E15.md,none
SixBirdsFoundationsV.DutyCycleMismatchCase,E15,def,definition,SixBirdsFoundationsV.Laws.E15OfflineReclosure,formalization/foundations_v_scaffold/lean/SixBirdsFoundationsV/Laws/E15OfflineReclosure.lean,1539,UPSTREAM_MANIFEST_MATCH,formalization/notes/examples/E15.md,none
SixBirdsFoundationsV.SkippedOfflineCascadeCase,E15,def,definition,SixBirdsFoundationsV.Laws.E15OfflineReclosure,formalization/foundations_v_scaffold/lean/SixBirdsFoundationsV/Laws/E15OfflineReclosure.lean,1569,UPSTREAM_MANIFEST_MATCH,formalization/notes/examples/E15.md,none
SixBirdsFoundationsV.AlternationRequiredCase,E15,def,definition,SixBirdsFoundationsV.Laws.E15OfflineReclosure,formalization/foundations_v_scaffold/lean/SixBirdsFoundationsV/Laws/E15OfflineReclosure.lean,1601,UPSTREAM_MANIFEST_MATCH,formalization/notes/examples/E15.md,none
SixBirdsFoundationsV.OnlineSufficientCase,E15,def,definition,SixBirdsFoundationsV.Laws.E15OfflineReclosure,formalization/foundations_v_scaffold/lean/SixBirdsFoundationsV/Laws/E15OfflineReclosure.lean,1635,UPSTREAM_MANIFEST_MATCH,formalization/notes/examples/E15.md,none
SixBirdsFoundationsV.OfflineOptionalCase,E15,def,definition,SixBirdsFoundationsV.Laws.E15OfflineReclosure,formalization/foundations_v_scaffold/lean/SixBirdsFoundationsV/Laws/E15OfflineReclosure.lean,1669,UPSTREAM_MANIFEST_MATCH,formalization/notes/examples/E15.md,none
SixBirdsFoundationsV.OfflineReclosureRejectedCase,E15,def,definition,SixBirdsFoundationsV.Laws.E15OfflineReclosure,formalization/foundations_v_scaffold/lean/SixBirdsFoundationsV/Laws/E15OfflineReclosure.lean,1706,UPSTREAM_MANIFEST_MATCH,formalization/notes/examples/E15.md,none
SixBirdsFoundationsV.DeficitOnlineCounterexampleHolds,E15,def,definition,SixBirdsFoundationsV.Laws.E15OfflineReclosure,formalization/foundations_v_scaffold/lean/SixBirdsFoundationsV/Laws/E15OfflineReclosure.lean,1739,UPSTREAM_MANIFEST_MATCH,formalization/notes/examples/E15.md,none
SixBirdsFoundationsV.DecorativeOfflineHolds,E15,def,definition,SixBirdsFoundationsV.Laws.E15OfflineReclosure,formalization/foundations_v_scaffold/lean/SixBirdsFoundationsV/Laws/E15OfflineReclosure.lean,1760,UPSTREAM_MANIFEST_MATCH,formalization/notes/examples/E15.md,none
SixBirdsFoundationsV.DutyCycleMismatchHolds,E15,def,definition,SixBirdsFoundationsV.Laws.E15OfflineReclosure,formalization/foundations_v_scaffold/lean/SixBirdsFoundationsV/Laws/E15OfflineReclosure.lean,1781,UPSTREAM_MANIFEST_MATCH,formalization/notes/examples/E15.md,none
SixBirdsFoundationsV.SkippedOfflineCascadeHolds,E15,def,definition,SixBirdsFoundationsV.Laws.E15OfflineReclosure,formalization/foundations_v_scaffold/lean/SixBirdsFoundationsV/Laws/E15OfflineReclosure.lean,1802,UPSTREAM_MANIFEST_MATCH,formalization/notes/examples/E15.md,none
SixBirdsFoundationsV.AlternationRequiredHolds,E15,def,definition,SixBirdsFoundationsV.Laws.E15OfflineReclosure,formalization/foundations_v_scaffold/lean/SixBirdsFoundationsV/Laws/E15OfflineReclosure.lean,1823,UPSTREAM_MANIFEST_MATCH,formalization/notes/examples/E15.md,none
SixBirdsFoundationsV.OnlineSufficientHolds,E15,def,definition,SixBirdsFoundationsV.Laws.E15OfflineReclosure,formalization/foundations_v_scaffold/lean/SixBirdsFoundationsV/Laws/E15OfflineReclosure.lean,1844,UPSTREAM_MANIFEST_MATCH,formalization/notes/examples/E15.md,none
SixBirdsFoundationsV.OfflineOptionalHolds,E15,def,definition,SixBirdsFoundationsV.Laws.E15OfflineReclosure,formalization/foundations_v_scaffold/lean/SixBirdsFoundationsV/Laws/E15OfflineReclosure.lean,1865,UPSTREAM_MANIFEST_MATCH,formalization/notes/examples/E15.md,none
SixBirdsFoundationsV.OfflineReclosureRejectedHolds,E15,def,definition,SixBirdsFoundationsV.Laws.E15OfflineReclosure,formalization/foundations_v_scaffold/lean/SixBirdsFoundationsV/Laws/E15OfflineReclosure.lean,1886,UPSTREAM_MANIFEST_MATCH,formalization/notes/examples/E15.md,none
SixBirdsFoundationsV.CompleteOfflineReclosureStatus,E15,structure,definition,SixBirdsFoundationsV.Laws.E15OfflineReclosure,formalization/foundations_v_scaffold/lean/SixBirdsFoundationsV/Laws/E15OfflineReclosure.lean,1907,UPSTREAM_MANIFEST_MATCH,formalization/notes/examples/E15.md,none
SixBirdsFoundationsV.DeficitNecessityFalsifier,E15,structure,definition,SixBirdsFoundationsV.Laws.E15OfflineReclosure,formalization/foundations_v_scaffold/lean/SixBirdsFoundationsV/Laws/E15OfflineReclosure.lean,1945,UPSTREAM_MANIFEST_MATCH,formalization/notes/examples/E15.md,none
SixBirdsFoundationsV.DecorativeOfflineFalsifier,E15,structure,definition,SixBirdsFoundationsV.Laws.E15OfflineReclosure,formalization/foundations_v_scaffold/lean/SixBirdsFoundationsV/Laws/E15OfflineReclosure.lean,1966,UPSTREAM_MANIFEST_MATCH,formalization/notes/examples/E15.md,none
SixBirdsFoundationsV.DutyCycleFalsifier,E15,structure,definition,SixBirdsFoundationsV.Laws.E15OfflineReclosure,formalization/foundations_v_scaffold/lean/SixBirdsFoundationsV/Laws/E15OfflineReclosure.lean,1986,UPSTREAM_MANIFEST_MATCH,formalization/notes/examples/E15.md,none
SixBirdsFoundationsV.E15.ExactlyOne,E15,def,definition,SixBirdsFoundationsV.Laws.E15OfflineReclosure,formalization/foundations_v_scaffold/lean/SixBirdsFoundationsV/Laws/E15OfflineReclosure.lean,2010,UPSTREAM_MANIFEST_MATCH,formalization/notes/examples/E15.md,none
SixBirdsFoundationsV.E15_OfflineReclosureStatus,E15,theorem,theorem,SixBirdsFoundationsV.Laws.E15OfflineReclosure,formalization/foundations_v_scaffold/lean/SixBirdsFoundationsV/Laws/E15OfflineReclosure.lean,2043,UPSTREAM_MANIFEST_MATCH,formalization/notes/examples/E15.md,none
SixBirdsFoundationsV.E15_DeficitAlternation,E15,theorem,theorem,SixBirdsFoundationsV.Laws.E15OfflineReclosure,formalization/foundations_v_scaffold/lean/SixBirdsFoundationsV/Laws/E15OfflineReclosure.lean,2135,UPSTREAM_MANIFEST_MATCH,formalization/notes/examples/E15.md,none
SixBirdsFoundationsV.E15_OfflineCapacityExactlyFreed,E15,theorem,theorem,SixBirdsFoundationsV.Laws.E15OfflineReclosure,formalization/foundations_v_scaffold/lean/SixBirdsFoundationsV/Laws/E15OfflineReclosure.lean,2160,UPSTREAM_MANIFEST_MATCH,formalization/notes/examples/E15.md,none
SixBirdsFoundationsV.E15_OnlineSufficientNoOfflineRequired,E15,theorem,theorem,SixBirdsFoundationsV.Laws.E15OfflineReclosure,formalization/foundations_v_scaffold/lean/SixBirdsFoundationsV/Laws/E15OfflineReclosure.lean,2182,UPSTREAM_MANIFEST_MATCH,formalization/notes/examples/E15.md,none
SixBirdsFoundationsV.E15_OfflinePermittedOutsideDeficit,E15,theorem,theorem,SixBirdsFoundationsV.Laws.E15OfflineReclosure,formalization/foundations_v_scaffold/lean/SixBirdsFoundationsV/Laws/E15OfflineReclosure.lean,2216,UPSTREAM_MANIFEST_MATCH,formalization/notes/examples/E15.md,none
SixBirdsFoundationsV.E15_SkippedOfflineCascade,E15,theorem,theorem,SixBirdsFoundationsV.Laws.E15OfflineReclosure,formalization/foundations_v_scaffold/lean/SixBirdsFoundationsV/Laws/E15OfflineReclosure.lean,2241,UPSTREAM_MANIFEST_MATCH,formalization/notes/examples/E15.md,none
SixBirdsFoundationsV.E15_DecorativeOfflineFalsifier,E15,theorem,theorem,SixBirdsFoundationsV.Laws.E15OfflineReclosure,formalization/foundations_v_scaffold/lean/SixBirdsFoundationsV/Laws/E15OfflineReclosure.lean,2266,UPSTREAM_MANIFEST_MATCH,formalization/notes/examples/E15.md,none
SixBirdsFoundationsV.E15_DutyCycleMismatchFalsifier,E15,theorem,theorem,SixBirdsFoundationsV.Laws.E15OfflineReclosure,formalization/foundations_v_scaffold/lean/SixBirdsFoundationsV/Laws/E15OfflineReclosure.lean,2300,UPSTREAM_MANIFEST_MATCH,formalization/notes/examples/E15.md,none
SixBirdsFoundationsV.E15_DeficitOnlineFalsifiesNecessity,E15,theorem,theorem,SixBirdsFoundationsV.Laws.E15OfflineReclosure,formalization/foundations_v_scaffold/lean/SixBirdsFoundationsV/Laws/E15OfflineReclosure.lean,2334,UPSTREAM_MANIFEST_MATCH,formalization/notes/examples/E15.md,none
SixBirdsFoundationsV.E15_DeficitCounterexampleExcludesLowerPriority,E15,theorem,theorem,SixBirdsFoundationsV.Laws.E15OfflineReclosure,formalization/foundations_v_scaffold/lean/SixBirdsFoundationsV/Laws/E15OfflineReclosure.lean,2369,UPSTREAM_MANIFEST_MATCH,formalization/notes/examples/E15.md,none
SixBirdsFoundationsV.E15_OffInventoryFlowCannotCertifyOffline,E15,theorem,theorem,SixBirdsFoundationsV.Laws.E15OfflineReclosure,formalization/foundations_v_scaffold/lean/SixBirdsFoundationsV/Laws/E15OfflineReclosure.lean,2456,UPSTREAM_MANIFEST_MATCH,formalization/notes/examples/E15.md,none
SixBirdsFoundationsV.E16Carried,E16,def,definition,SixBirdsFoundationsV.Laws.E16Adaptability,formalization/foundations_v_scaffold/lean/SixBirdsFoundationsV/Laws/E16Adaptability.lean,37,VII_E16_MANIFEST_COMPLETION,formalization/foundations_v_scaffold/lean/SixBirdsFoundationsV/Laws/E16Adaptability.lean,none
SixBirdsFoundationsV.DeclaredComparisonBaseRecord,E16,structure,definition,SixBirdsFoundationsV.Laws.E16Adaptability,formalization/foundations_v_scaffold/lean/SixBirdsFoundationsV/Laws/E16Adaptability.lean,47,VII_E16_MANIFEST_COMPLETION,formalization/foundations_v_scaffold/lean/SixBirdsFoundationsV/Laws/E16Adaptability.lean,none
SixBirdsFoundationsV.DeclaredRouteTransportPackage,E16,structure,definition,SixBirdsFoundationsV.Laws.E16Adaptability,formalization/foundations_v_scaffold/lean/SixBirdsFoundationsV/Laws/E16Adaptability.lean,53,VII_E16_MANIFEST_COMPLETION,formalization/foundations_v_scaffold/lean/SixBirdsFoundationsV/Laws/E16Adaptability.lean,none
SixBirdsFoundationsV.RoutePairRecord,E16,structure,definition,SixBirdsFoundationsV.Laws.E16Adaptability,formalization/foundations_v_scaffold/lean/SixBirdsFoundationsV/Laws/E16Adaptability.lean,58,VII_E16_MANIFEST_COMPLETION,formalization/foundations_v_scaffold/lean/SixBirdsFoundationsV/Laws/E16Adaptability.lean,none
SixBirdsFoundationsV.CarriedRoutePair,E16,structure,definition,SixBirdsFoundationsV.Laws.E16Adaptability,formalization/foundations_v_scaffold/lean/SixBirdsFoundationsV/Laws/E16Adaptability.lean,74,VII_E16_MANIFEST_COMPLETION,formalization/foundations_v_scaffold/lean/SixBirdsFoundationsV/Laws/E16Adaptability.lean,none
SixBirdsFoundationsV.SameCurrentRouteEndpoints,E16,structure,definition,SixBirdsFoundationsV.Laws.E16Adaptability,formalization/foundations_v_scaffold/lean/SixBirdsFoundationsV/Laws/E16Adaptability.lean,89,VII_E16_MANIFEST_COMPLETION,formalization/foundations_v_scaffold/lean/SixBirdsFoundationsV/Laws/E16Adaptability.lean,none
SixBirdsFoundationsV.RoutePredictiveWitness,E16,structure,definition,SixBirdsFoundationsV.Laws.E16Adaptability,formalization/foundations_v_scaffold/lean/SixBirdsFoundationsV/Laws/E16Adaptability.lean,101,VII_E16_MANIFEST_COMPLETION,formalization/foundations_v_scaffold/lean/SixBirdsFoundationsV/Laws/E16Adaptability.lean,none
SixBirdsFoundationsV.LoopAnchoredRouteAsymmetry,E16,structure,definition,SixBirdsFoundationsV.Laws.E16Adaptability,formalization/foundations_v_scaffold/lean/SixBirdsFoundationsV/Laws/E16Adaptability.lean,109,VII_E16_MANIFEST_COMPLETION,formalization/foundations_v_scaffold/lean/SixBirdsFoundationsV/Laws/E16Adaptability.lean,none
SixBirdsFoundationsV.HeldOutChallengeFamily,E16,structure,definition,SixBirdsFoundationsV.Laws.E16Adaptability,formalization/foundations_v_scaffold/lean/SixBirdsFoundationsV/Laws/E16Adaptability.lean,122,VII_E16_MANIFEST_COMPLETION,formalization/foundations_v_scaffold/lean/SixBirdsFoundationsV/Laws/E16Adaptability.lean,none
SixBirdsFoundationsV.RepairCapacityProtocolRecord,E16,structure,definition,SixBirdsFoundationsV.Laws.E16Adaptability,formalization/foundations_v_scaffold/lean/SixBirdsFoundationsV/Laws/E16Adaptability.lean,129,VII_E16_MANIFEST_COMPLETION,formalization/foundations_v_scaffold/lean/SixBirdsFoundationsV/Laws/E16Adaptability.lean,none
SixBirdsFoundationsV.RepairDischargeProbabilityRecord,E16,structure,definition,SixBirdsFoundationsV.Laws.E16Adaptability,formalization/foundations_v_scaffold/lean/SixBirdsFoundationsV/Laws/E16Adaptability.lean,134,VII_E16_MANIFEST_COMPLETION,formalization/foundations_v_scaffold/lean/SixBirdsFoundationsV/Laws/E16Adaptability.lean,none
SixBirdsFoundationsV.RepairDischargeTrialRecord,E16,structure,definition,SixBirdsFoundationsV.Laws.E16Adaptability,formalization/foundations_v_scaffold/lean/SixBirdsFoundationsV/Laws/E16Adaptability.lean,145,VII_E16_MANIFEST_COMPLETION,formalization/foundations_v_scaffold/lean/SixBirdsFoundationsV/Laws/E16Adaptability.lean,none
SixBirdsFoundationsV.TrialEligibleForRouteEndpoint,E16,abbrev,definition,SixBirdsFoundationsV.Laws.E16Adaptability,formalization/foundations_v_scaffold/lean/SixBirdsFoundationsV/Laws/E16Adaptability.lean,163,VII_E16_MANIFEST_COMPLETION,formalization/foundations_v_scaffold/lean/SixBirdsFoundationsV/Laws/E16Adaptability.lean,none
SixBirdsFoundationsV.CompleteRepairDischargeTrialInventory,E16,structure,definition,SixBirdsFoundationsV.Laws.E16Adaptability,formalization/foundations_v_scaffold/lean/SixBirdsFoundationsV/Laws/E16Adaptability.lean,170,VII_E16_MANIFEST_COMPLETION,formalization/foundations_v_scaffold/lean/SixBirdsFoundationsV/Laws/E16Adaptability.lean,none
SixBirdsFoundationsV.RouteRepairCapacityDistribution,E16,structure,definition,SixBirdsFoundationsV.Laws.E16Adaptability,formalization/foundations_v_scaffold/lean/SixBirdsFoundationsV/Laws/E16Adaptability.lean,190,VII_E16_MANIFEST_COMPLETION,formalization/foundations_v_scaffold/lean/SixBirdsFoundationsV/Laws/E16Adaptability.lean,none
SixBirdsFoundationsV.EndpointRepairCapacityDistribution,E16,structure,definition,SixBirdsFoundationsV.Laws.E16Adaptability,formalization/foundations_v_scaffold/lean/SixBirdsFoundationsV/Laws/E16Adaptability.lean,223,VII_E16_MANIFEST_COMPLETION,formalization/foundations_v_scaffold/lean/SixBirdsFoundationsV/Laws/E16Adaptability.lean,none
SixBirdsFoundationsV.AdaptabilityCoreContext,E16,structure,definition,SixBirdsFoundationsV.Laws.E16Adaptability,formalization/foundations_v_scaffold/lean/SixBirdsFoundationsV/Laws/E16Adaptability.lean,257,VII_E16_MANIFEST_COMPLETION,formalization/foundations_v_scaffold/lean/SixBirdsFoundationsV/Laws/E16Adaptability.lean,none
SixBirdsFoundationsV.eligibleTrials,E16,def,definition,SixBirdsFoundationsV.Laws.E16Adaptability,formalization/foundations_v_scaffold/lean/SixBirdsFoundationsV/Laws/E16Adaptability.lean,301,VII_E16_MANIFEST_COMPLETION,formalization/foundations_v_scaffold/lean/SixBirdsFoundationsV/Laws/E16Adaptability.lean,none
SixBirdsFoundationsV.successfulEligibleTrials,E16,def,definition,SixBirdsFoundationsV.Laws.E16Adaptability,formalization/foundations_v_scaffold/lean/SixBirdsFoundationsV/Laws/E16Adaptability.lean,311,VII_E16_MANIFEST_COMPLETION,formalization/foundations_v_scaffold/lean/SixBirdsFoundationsV/Laws/E16Adaptability.lean,none
SixBirdsFoundationsV.eligibleTrialCount,E16,def,definition,SixBirdsFoundationsV.Laws.E16Adaptability,formalization/foundations_v_scaffold/lean/SixBirdsFoundationsV/Laws/E16Adaptability.lean,321,VII_E16_MANIFEST_COMPLETION,formalization/foundations_v_scaffold/lean/SixBirdsFoundationsV/Laws/E16Adaptability.lean,none
SixBirdsFoundationsV.successfulEligibleCount,E16,def,definition,SixBirdsFoundationsV.Laws.E16Adaptability,formalization/foundations_v_scaffold/lean/SixBirdsFoundationsV/Laws/E16Adaptability.lean,328,VII_E16_MANIFEST_COMPLETION,formalization/foundations_v_scaffold/lean/SixBirdsFoundationsV/Laws/E16Adaptability.lean,none
SixBirdsFoundationsV.endpointEligibleTrials,E16,def,definition,SixBirdsFoundationsV.Laws.E16Adaptability,formalization/foundations_v_scaffold/lean/SixBirdsFoundationsV/Laws/E16Adaptability.lean,335,VII_E16_MANIFEST_COMPLETION,formalization/foundations_v_scaffold/lean/SixBirdsFoundationsV/Laws/E16Adaptability.lean,none
SixBirdsFoundationsV.endpointSuccessfulEligibleTrials,E16,def,definition,SixBirdsFoundationsV.Laws.E16Adaptability,formalization/foundations_v_scaffold/lean/SixBirdsFoundationsV/Laws/E16Adaptability.lean,345,VII_E16_MANIFEST_COMPLETION,formalization/foundations_v_scaffold/lean/SixBirdsFoundationsV/Laws/E16Adaptability.lean,none
SixBirdsFoundationsV.endpointEligibleTrialCount,E16,def,definition,SixBirdsFoundationsV.Laws.E16Adaptability,formalization/foundations_v_scaffold/lean/SixBirdsFoundationsV/Laws/E16Adaptability.lean,355,VII_E16_MANIFEST_COMPLETION,formalization/foundations_v_scaffold/lean/SixBirdsFoundationsV/Laws/E16Adaptability.lean,none
SixBirdsFoundationsV.endpointSuccessfulEligibleCount,E16,def,definition,SixBirdsFoundationsV.Laws.E16Adaptability,formalization/foundations_v_scaffold/lean/SixBirdsFoundationsV/Laws/E16Adaptability.lean,362,VII_E16_MANIFEST_COMPLETION,formalization/foundations_v_scaffold/lean/SixBirdsFoundationsV/Laws/E16Adaptability.lean,none
SixBirdsFoundationsV.CompleteRouteRepairCapacityDistribution,E16,structure,definition,SixBirdsFoundationsV.Laws.E16Adaptability,formalization/foundations_v_scaffold/lean/SixBirdsFoundationsV/Laws/E16Adaptability.lean,369,VII_E16_MANIFEST_COMPLETION,formalization/foundations_v_scaffold/lean/SixBirdsFoundationsV/Laws/E16Adaptability.lean,none
SixBirdsFoundationsV.CompleteEndpointRepairCapacityDistribution,E16,structure,definition,SixBirdsFoundationsV.Laws.E16Adaptability,formalization/foundations_v_scaffold/lean/SixBirdsFoundationsV/Laws/E16Adaptability.lean,413,VII_E16_MANIFEST_COMPLETION,formalization/foundations_v_scaffold/lean/SixBirdsFoundationsV/Laws/E16Adaptability.lean,none
SixBirdsFoundationsV.E16_SwappedRouteTrialPopulationRejected,E16,theorem,theorem,SixBirdsFoundationsV.Laws.E16Adaptability,formalization/foundations_v_scaffold/lean/SixBirdsFoundationsV/Laws/E16Adaptability.lean,457,VII_E16_MANIFEST_COMPLETION,formalization/foundations_v_scaffold/lean/SixBirdsFoundationsV/Laws/E16Adaptability.lean,none
SixBirdsFoundationsV.RepairCapacityDistributionPair,E16,structure,definition,SixBirdsFoundationsV.Laws.E16Adaptability,formalization/foundations_v_scaffold/lean/SixBirdsFoundationsV/Laws/E16Adaptability.lean,472,VII_E16_MANIFEST_COMPLETION,formalization/foundations_v_scaffold/lean/SixBirdsFoundationsV/Laws/E16Adaptability.lean,none
SixBirdsFoundationsV.DeclaredRepairCapacityDifference,E16,structure,definition,SixBirdsFoundationsV.Laws.E16Adaptability,formalization/foundations_v_scaffold/lean/SixBirdsFoundationsV/Laws/E16Adaptability.lean,495,VII_E16_MANIFEST_COMPLETION,formalization/foundations_v_scaffold/lean/SixBirdsFoundationsV/Laws/E16Adaptability.lean,none
SixBirdsFoundationsV.NoDeclaredRepairCapacityDifference,E16,structure,definition,SixBirdsFoundationsV.Laws.E16Adaptability,formalization/foundations_v_scaffold/lean/SixBirdsFoundationsV/Laws/E16Adaptability.lean,538,VII_E16_MANIFEST_COMPLETION,formalization/foundations_v_scaffold/lean/SixBirdsFoundationsV/Laws/E16Adaptability.lean,none
SixBirdsFoundationsV.RouteResidueReconciliationBridgeRecord,E16,structure,definition,SixBirdsFoundationsV.Laws.E16Adaptability,formalization/foundations_v_scaffold/lean/SixBirdsFoundationsV/Laws/E16Adaptability.lean,564,VII_E16_MANIFEST_COMPLETION,formalization/foundations_v_scaffold/lean/SixBirdsFoundationsV/Laws/E16Adaptability.lean,none
SixBirdsFoundationsV.AdaptabilityClaimRef,E16,structure,definition,SixBirdsFoundationsV.Laws.E16Adaptability,formalization/foundations_v_scaffold/lean/SixBirdsFoundationsV/Laws/E16Adaptability.lean,583,VII_E16_MANIFEST_COMPLETION,formalization/foundations_v_scaffold/lean/SixBirdsFoundationsV/Laws/E16Adaptability.lean,none
SixBirdsFoundationsV.ProtocolCounterpartRecord,E16,structure,definition,SixBirdsFoundationsV.Laws.E16Adaptability,formalization/foundations_v_scaffold/lean/SixBirdsFoundationsV/Laws/E16Adaptability.lean,598,VII_E16_MANIFEST_COMPLETION,formalization/foundations_v_scaffold/lean/SixBirdsFoundationsV/Laws/E16Adaptability.lean,none
SixBirdsFoundationsV.CompletionCounterpartRecord,E16,structure,definition,SixBirdsFoundationsV.Laws.E16Adaptability,formalization/foundations_v_scaffold/lean/SixBirdsFoundationsV/Laws/E16Adaptability.lean,616,VII_E16_MANIFEST_COMPLETION,formalization/foundations_v_scaffold/lean/SixBirdsFoundationsV/Laws/E16Adaptability.lean,none
SixBirdsFoundationsV.RefinementCounterpartRecord,E16,structure,definition,SixBirdsFoundationsV.Laws.E16Adaptability,formalization/foundations_v_scaffold/lean/SixBirdsFoundationsV/Laws/E16Adaptability.lean,630,VII_E16_MANIFEST_COMPLETION,formalization/foundations_v_scaffold/lean/SixBirdsFoundationsV/Laws/E16Adaptability.lean,none
SixBirdsFoundationsV.ContinuedRepairCapacityDifference,E16,structure,definition,SixBirdsFoundationsV.Laws.E16Adaptability,formalization/foundations_v_scaffold/lean/SixBirdsFoundationsV/Laws/E16Adaptability.lean,645,VII_E16_MANIFEST_COMPLETION,formalization/foundations_v_scaffold/lean/SixBirdsFoundationsV/Laws/E16Adaptability.lean,none
SixBirdsFoundationsV.ContinuationControlRecord,E16,structure,definition,SixBirdsFoundationsV.Laws.E16Adaptability,formalization/foundations_v_scaffold/lean/SixBirdsFoundationsV/Laws/E16Adaptability.lean,699,VII_E16_MANIFEST_COMPLETION,formalization/foundations_v_scaffold/lean/SixBirdsFoundationsV/Laws/E16Adaptability.lean,none
SixBirdsFoundationsV.DeclaredPerturbationBoundRecord,E16,structure,definition,SixBirdsFoundationsV.Laws.E16Adaptability,formalization/foundations_v_scaffold/lean/SixBirdsFoundationsV/Laws/E16Adaptability.lean,724,VII_E16_MANIFEST_COMPLETION,formalization/foundations_v_scaffold/lean/SixBirdsFoundationsV/Laws/E16Adaptability.lean,none
SixBirdsFoundationsV.PerturbationTrialRecord,E16,structure,definition,SixBirdsFoundationsV.Laws.E16Adaptability,formalization/foundations_v_scaffold/lean/SixBirdsFoundationsV/Laws/E16Adaptability.lean,731,VII_E16_MANIFEST_COMPLETION,formalization/foundations_v_scaffold/lean/SixBirdsFoundationsV/Laws/E16Adaptability.lean,none
SixBirdsFoundationsV.AdaptabilityClassifierContext,E16,structure,definition,SixBirdsFoundationsV.Laws.E16Adaptability,formalization/foundations_v_scaffold/lean/SixBirdsFoundationsV/Laws/E16Adaptability.lean,744,VII_E16_MANIFEST_COMPLETION,formalization/foundations_v_scaffold/lean/SixBirdsFoundationsV/Laws/E16Adaptability.lean,none
SixBirdsFoundationsV.EligibleProtocolCounterpart,E16,def,definition,SixBirdsFoundationsV.Laws.E16Adaptability,formalization/foundations_v_scaffold/lean/SixBirdsFoundationsV/Laws/E16Adaptability.lean,786,VII_E16_MANIFEST_COMPLETION,formalization/foundations_v_scaffold/lean/SixBirdsFoundationsV/Laws/E16Adaptability.lean,none
SixBirdsFoundationsV.EligibleCompletionCounterpart,E16,def,definition,SixBirdsFoundationsV.Laws.E16Adaptability,formalization/foundations_v_scaffold/lean/SixBirdsFoundationsV/Laws/E16Adaptability.lean,795,VII_E16_MANIFEST_COMPLETION,formalization/foundations_v_scaffold/lean/SixBirdsFoundationsV/Laws/E16Adaptability.lean,none
SixBirdsFoundationsV.EligibleRefinementCounterpart,E16,def,definition,SixBirdsFoundationsV.Laws.E16Adaptability,formalization/foundations_v_scaffold/lean/SixBirdsFoundationsV/Laws/E16Adaptability.lean,804,VII_E16_MANIFEST_COMPLETION,formalization/foundations_v_scaffold/lean/SixBirdsFoundationsV/Laws/E16Adaptability.lean,none
SixBirdsFoundationsV.EligibleContinuationControl,E16,def,definition,SixBirdsFoundationsV.Laws.E16Adaptability,formalization/foundations_v_scaffold/lean/SixBirdsFoundationsV/Laws/E16Adaptability.lean,813,VII_E16_MANIFEST_COMPLETION,formalization/foundations_v_scaffold/lean/SixBirdsFoundationsV/Laws/E16Adaptability.lean,none
SixBirdsFoundationsV.CompleteProtocolCounterpartInventory,E16,structure,definition,SixBirdsFoundationsV.Laws.E16Adaptability,formalization/foundations_v_scaffold/lean/SixBirdsFoundationsV/Laws/E16Adaptability.lean,826,VII_E16_MANIFEST_COMPLETION,formalization/foundations_v_scaffold/lean/SixBirdsFoundationsV/Laws/E16Adaptability.lean,none
SixBirdsFoundationsV.CompleteCompletionCounterpartInventory,E16,structure,definition,SixBirdsFoundationsV.Laws.E16Adaptability,formalization/foundations_v_scaffold/lean/SixBirdsFoundationsV/Laws/E16Adaptability.lean,847,VII_E16_MANIFEST_COMPLETION,formalization/foundations_v_scaffold/lean/SixBirdsFoundationsV/Laws/E16Adaptability.lean,none
SixBirdsFoundationsV.CompleteRefinementCounterpartInventory,E16,structure,definition,SixBirdsFoundationsV.Laws.E16Adaptability,formalization/foundations_v_scaffold/lean/SixBirdsFoundationsV/Laws/E16Adaptability.lean,868,VII_E16_MANIFEST_COMPLETION,formalization/foundations_v_scaffold/lean/SixBirdsFoundationsV/Laws/E16Adaptability.lean,none
SixBirdsFoundationsV.CompleteContinuationControlInventory,E16,structure,definition,SixBirdsFoundationsV.Laws.E16Adaptability,formalization/foundations_v_scaffold/lean/SixBirdsFoundationsV/Laws/E16Adaptability.lean,889,VII_E16_MANIFEST_COMPLETION,formalization/foundations_v_scaffold/lean/SixBirdsFoundationsV/Laws/E16Adaptability.lean,none
SixBirdsFoundationsV.CompletePerturbationTrialInventory,E16,structure,definition,SixBirdsFoundationsV.Laws.E16Adaptability,formalization/foundations_v_scaffold/lean/SixBirdsFoundationsV/Laws/E16Adaptability.lean,912,VII_E16_MANIFEST_COMPLETION,formalization/foundations_v_scaffold/lean/SixBirdsFoundationsV/Laws/E16Adaptability.lean,none
SixBirdsFoundationsV.EligiblePerturbationTrial,E16,def,definition,SixBirdsFoundationsV.Laws.E16Adaptability,formalization/foundations_v_scaffold/lean/SixBirdsFoundationsV/Laws/E16Adaptability.lean,945,VII_E16_MANIFEST_COMPLETION,formalization/foundations_v_scaffold/lean/SixBirdsFoundationsV/Laws/E16Adaptability.lean,none
SixBirdsFoundationsV.emptyCompletePerturbationTrialInventory,E16,def,definition,SixBirdsFoundationsV.Laws.E16Adaptability,formalization/foundations_v_scaffold/lean/SixBirdsFoundationsV/Laws/E16Adaptability.lean,960,VII_E16_MANIFEST_COMPLETION,formalization/foundations_v_scaffold/lean/SixBirdsFoundationsV/Laws/E16Adaptability.lean,none
SixBirdsFoundationsV.RouteResidueEligibleForAdaptability,E16,structure,definition,SixBirdsFoundationsV.Laws.E16Adaptability,formalization/foundations_v_scaffold/lean/SixBirdsFoundationsV/Laws/E16Adaptability.lean,990,VII_E16_MANIFEST_COMPLETION,formalization/foundations_v_scaffold/lean/SixBirdsFoundationsV/Laws/E16Adaptability.lean,none
SixBirdsFoundationsV.RepairLedgerHolonomyCandidate,E16,structure,definition,SixBirdsFoundationsV.Laws.E16Adaptability,formalization/foundations_v_scaffold/lean/SixBirdsFoundationsV/Laws/E16Adaptability.lean,1028,VII_E16_MANIFEST_COMPLETION,formalization/foundations_v_scaffold/lean/SixBirdsFoundationsV/Laws/E16Adaptability.lean,none
SixBirdsFoundationsV.RoutePairMatchesClaim,E16,def,definition,SixBirdsFoundationsV.Laws.E16Adaptability,formalization/foundations_v_scaffold/lean/SixBirdsFoundationsV/Laws/E16Adaptability.lean,1080,VII_E16_MANIFEST_COMPLETION,formalization/foundations_v_scaffold/lean/SixBirdsFoundationsV/Laws/E16Adaptability.lean,none
SixBirdsFoundationsV.DistributionsMatchClaim,E16,def,definition,SixBirdsFoundationsV.Laws.E16Adaptability,formalization/foundations_v_scaffold/lean/SixBirdsFoundationsV/Laws/E16Adaptability.lean,1086,VII_E16_MANIFEST_COMPLETION,formalization/foundations_v_scaffold/lean/SixBirdsFoundationsV/Laws/E16Adaptability.lean,none
SixBirdsFoundationsV.CandidateMatchesClaim,E16,def,definition,SixBirdsFoundationsV.Laws.E16Adaptability,formalization/foundations_v_scaffold/lean/SixBirdsFoundationsV/Laws/E16Adaptability.lean,1099,VII_E16_MANIFEST_COMPLETION,formalization/foundations_v_scaffold/lean/SixBirdsFoundationsV/Laws/E16Adaptability.lean,none
SixBirdsFoundationsV.SupportFixationFreedomEvidence,E16,structure,definition,SixBirdsFoundationsV.Laws.E16Adaptability,formalization/foundations_v_scaffold/lean/SixBirdsFoundationsV/Laws/E16Adaptability.lean,1137,VII_E16_MANIFEST_COMPLETION,formalization/foundations_v_scaffold/lean/SixBirdsFoundationsV/Laws/E16Adaptability.lean,none
SixBirdsFoundationsV.FlatteningFreedomEvidence,E16,structure,definition,SixBirdsFoundationsV.Laws.E16Adaptability,formalization/foundations_v_scaffold/lean/SixBirdsFoundationsV/Laws/E16Adaptability.lean,1154,VII_E16_MANIFEST_COMPLETION,formalization/foundations_v_scaffold/lean/SixBirdsFoundationsV/Laws/E16Adaptability.lean,none
SixBirdsFoundationsV.CurrentizationFreedomEvidence,E16,structure,definition,SixBirdsFoundationsV.Laws.E16Adaptability,formalization/foundations_v_scaffold/lean/SixBirdsFoundationsV/Laws/E16Adaptability.lean,1169,VII_E16_MANIFEST_COMPLETION,formalization/foundations_v_scaffold/lean/SixBirdsFoundationsV/Laws/E16Adaptability.lean,none
SixBirdsFoundationsV.DissipationFreedomEvidence,E16,structure,definition,SixBirdsFoundationsV.Laws.E16Adaptability,formalization/foundations_v_scaffold/lean/SixBirdsFoundationsV/Laws/E16Adaptability.lean,1184,VII_E16_MANIFEST_COMPLETION,formalization/foundations_v_scaffold/lean/SixBirdsFoundationsV/Laws/E16Adaptability.lean,none
SixBirdsFoundationsV.SupportConfoundEvidence,E16,structure,definition,SixBirdsFoundationsV.Laws.E16Adaptability,formalization/foundations_v_scaffold/lean/SixBirdsFoundationsV/Laws/E16Adaptability.lean,1208,VII_E16_MANIFEST_COMPLETION,formalization/foundations_v_scaffold/lean/SixBirdsFoundationsV/Laws/E16Adaptability.lean,none
SixBirdsFoundationsV.ProtocolArtifactEvidence,E16,structure,definition,SixBirdsFoundationsV.Laws.E16Adaptability,formalization/foundations_v_scaffold/lean/SixBirdsFoundationsV/Laws/E16Adaptability.lean,1225,VII_E16_MANIFEST_COMPLETION,formalization/foundations_v_scaffold/lean/SixBirdsFoundationsV/Laws/E16Adaptability.lean,none
SixBirdsFoundationsV.FlattenableResidueEvidence,E16,structure,definition,SixBirdsFoundationsV.Laws.E16Adaptability,formalization/foundations_v_scaffold/lean/SixBirdsFoundationsV/Laws/E16Adaptability.lean,1238,VII_E16_MANIFEST_COMPLETION,formalization/foundations_v_scaffold/lean/SixBirdsFoundationsV/Laws/E16Adaptability.lean,none
SixBirdsFoundationsV.CurrentizableResidueEvidence,E16,structure,definition,SixBirdsFoundationsV.Laws.E16Adaptability,formalization/foundations_v_scaffold/lean/SixBirdsFoundationsV/Laws/E16Adaptability.lean,1251,VII_E16_MANIFEST_COMPLETION,formalization/foundations_v_scaffold/lean/SixBirdsFoundationsV/Laws/E16Adaptability.lean,none
SixBirdsFoundationsV.DissipativeResidueEvidence,E16,structure,definition,SixBirdsFoundationsV.Laws.E16Adaptability,formalization/foundations_v_scaffold/lean/SixBirdsFoundationsV/Laws/E16Adaptability.lean,1267,VII_E16_MANIFEST_COMPLETION,formalization/foundations_v_scaffold/lean/SixBirdsFoundationsV/Laws/E16Adaptability.lean,none
SixBirdsFoundationsV.BoundedPerturbationFailureEvidence,E16,structure,definition,SixBirdsFoundationsV.Laws.E16Adaptability,formalization/foundations_v_scaffold/lean/SixBirdsFoundationsV/Laws/E16Adaptability.lean,1283,VII_E16_MANIFEST_COMPLETION,formalization/foundations_v_scaffold/lean/SixBirdsFoundationsV/Laws/E16Adaptability.lean,none
SixBirdsFoundationsV.AdministrativeRejectionKind,E16,inductive,definition,SixBirdsFoundationsV.Laws.E16Adaptability,formalization/foundations_v_scaffold/lean/SixBirdsFoundationsV/Laws/E16Adaptability.lean,1301,VII_E16_MANIFEST_COMPLETION,formalization/foundations_v_scaffold/lean/SixBirdsFoundationsV/Laws/E16Adaptability.lean,none
SixBirdsFoundationsV.AdministrativeRejectionEvidence,E16,structure,definition,SixBirdsFoundationsV.Laws.E16Adaptability,formalization/foundations_v_scaffold/lean/SixBirdsFoundationsV/Laws/E16Adaptability.lean,1308,VII_E16_MANIFEST_COMPLETION,formalization/foundations_v_scaffold/lean/SixBirdsFoundationsV/Laws/E16Adaptability.lean,none
SixBirdsFoundationsV.GatedFlatControlEvidence,E16,structure,definition,SixBirdsFoundationsV.Laws.E16Adaptability,formalization/foundations_v_scaffold/lean/SixBirdsFoundationsV/Laws/E16Adaptability.lean,1341,VII_E16_MANIFEST_COMPLETION,formalization/foundations_v_scaffold/lean/SixBirdsFoundationsV/Laws/E16Adaptability.lean,none
SixBirdsFoundationsV.E16_FlatSecondArmUsesClaimLinkedPair,E16,theorem,theorem,SixBirdsFoundationsV.Laws.E16Adaptability,formalization/foundations_v_scaffold/lean/SixBirdsFoundationsV/Laws/E16Adaptability.lean,1379,VII_E16_MANIFEST_COMPLETION,formalization/foundations_v_scaffold/lean/SixBirdsFoundationsV/Laws/E16Adaptability.lean,none
SixBirdsFoundationsV.E16_UnrelatedEqualPairCannotReplaceClaimDifference,E16,theorem,theorem,SixBirdsFoundationsV.Laws.E16Adaptability,formalization/foundations_v_scaffold/lean/SixBirdsFoundationsV/Laws/E16Adaptability.lean,1406,VII_E16_MANIFEST_COMPLETION,formalization/foundations_v_scaffold/lean/SixBirdsFoundationsV/Laws/E16Adaptability.lean,none
SixBirdsFoundationsV.CoherentAdaptabilityEvidence,E16,structure,definition,SixBirdsFoundationsV.Laws.E16Adaptability,formalization/foundations_v_scaffold/lean/SixBirdsFoundationsV/Laws/E16Adaptability.lean,1427,VII_E16_MANIFEST_COMPLETION,formalization/foundations_v_scaffold/lean/SixBirdsFoundationsV/Laws/E16Adaptability.lean,none
SixBirdsFoundationsV.AdaptabilityStatus,E16,inductive,definition,SixBirdsFoundationsV.Laws.E16Adaptability,formalization/foundations_v_scaffold/lean/SixBirdsFoundationsV/Laws/E16Adaptability.lean,1529,VII_E16_MANIFEST_COMPLETION,formalization/foundations_v_scaffold/lean/SixBirdsFoundationsV/Laws/E16Adaptability.lean,none
SixBirdsFoundationsV.AdaptabilityStatusRecord,E16,structure,definition,SixBirdsFoundationsV.Laws.E16Adaptability,formalization/foundations_v_scaffold/lean/SixBirdsFoundationsV/Laws/E16Adaptability.lean,1540,VII_E16_MANIFEST_COMPLETION,formalization/foundations_v_scaffold/lean/SixBirdsFoundationsV/Laws/E16Adaptability.lean,none
SixBirdsFoundationsV.AdaptabilityStatusRecordMatchesClaim,E16,def,definition,SixBirdsFoundationsV.Laws.E16Adaptability,formalization/foundations_v_scaffold/lean/SixBirdsFoundationsV/Laws/E16Adaptability.lean,1570,VII_E16_MANIFEST_COMPLETION,formalization/foundations_v_scaffold/lean/SixBirdsFoundationsV/Laws/E16Adaptability.lean,none
SixBirdsFoundationsV.AdaptabilityStatusOccurrenceFor,E16,def,definition,SixBirdsFoundationsV.Laws.E16Adaptability,formalization/foundations_v_scaffold/lean/SixBirdsFoundationsV/Laws/E16Adaptability.lean,1576,VII_E16_MANIFEST_COMPLETION,formalization/foundations_v_scaffold/lean/SixBirdsFoundationsV/Laws/E16Adaptability.lean,none
SixBirdsFoundationsV.SupportConfoundEvidenceFor,E16,def,definition,SixBirdsFoundationsV.Laws.E16Adaptability,formalization/foundations_v_scaffold/lean/SixBirdsFoundationsV/Laws/E16Adaptability.lean,1590,VII_E16_MANIFEST_COMPLETION,formalization/foundations_v_scaffold/lean/SixBirdsFoundationsV/Laws/E16Adaptability.lean,none
SixBirdsFoundationsV.ArtifactEvidenceFor,E16,def,definition,SixBirdsFoundationsV.Laws.E16Adaptability,formalization/foundations_v_scaffold/lean/SixBirdsFoundationsV/Laws/E16Adaptability.lean,1598,VII_E16_MANIFEST_COMPLETION,formalization/foundations_v_scaffold/lean/SixBirdsFoundationsV/Laws/E16Adaptability.lean,none
SixBirdsFoundationsV.FlatEvidenceFor,E16,def,definition,SixBirdsFoundationsV.Laws.E16Adaptability,formalization/foundations_v_scaffold/lean/SixBirdsFoundationsV/Laws/E16Adaptability.lean,1609,VII_E16_MANIFEST_COMPLETION,formalization/foundations_v_scaffold/lean/SixBirdsFoundationsV/Laws/E16Adaptability.lean,none
SixBirdsFoundationsV.FlattenableEvidenceFor,E16,def,definition,SixBirdsFoundationsV.Laws.E16Adaptability,formalization/foundations_v_scaffold/lean/SixBirdsFoundationsV/Laws/E16Adaptability.lean,1614,VII_E16_MANIFEST_COMPLETION,formalization/foundations_v_scaffold/lean/SixBirdsFoundationsV/Laws/E16Adaptability.lean,none
SixBirdsFoundationsV.CurrentizableEvidenceFor,E16,def,definition,SixBirdsFoundationsV.Laws.E16Adaptability,formalization/foundations_v_scaffold/lean/SixBirdsFoundationsV/Laws/E16Adaptability.lean,1626,VII_E16_MANIFEST_COMPLETION,formalization/foundations_v_scaffold/lean/SixBirdsFoundationsV/Laws/E16Adaptability.lean,none
SixBirdsFoundationsV.DissipativeEvidenceFor,E16,def,definition,SixBirdsFoundationsV.Laws.E16Adaptability,formalization/foundations_v_scaffold/lean/SixBirdsFoundationsV/Laws/E16Adaptability.lean,1638,VII_E16_MANIFEST_COMPLETION,formalization/foundations_v_scaffold/lean/SixBirdsFoundationsV/Laws/E16Adaptability.lean,none
SixBirdsFoundationsV.CoherentAdaptabilityEvidenceFor,E16,def,definition,SixBirdsFoundationsV.Laws.E16Adaptability,formalization/foundations_v_scaffold/lean/SixBirdsFoundationsV/Laws/E16Adaptability.lean,1653,VII_E16_MANIFEST_COMPLETION,formalization/foundations_v_scaffold/lean/SixBirdsFoundationsV/Laws/E16Adaptability.lean,none
SixBirdsFoundationsV.AdaptabilityRejectedEvidenceFor,E16,def,definition,SixBirdsFoundationsV.Laws.E16Adaptability,formalization/foundations_v_scaffold/lean/SixBirdsFoundationsV/Laws/E16Adaptability.lean,1695,VII_E16_MANIFEST_COMPLETION,formalization/foundations_v_scaffold/lean/SixBirdsFoundationsV/Laws/E16Adaptability.lean,none
SixBirdsFoundationsV.SupportConfoundCase,E16,def,definition,SixBirdsFoundationsV.Laws.E16Adaptability,formalization/foundations_v_scaffold/lean/SixBirdsFoundationsV/Laws/E16Adaptability.lean,1712,VII_E16_MANIFEST_COMPLETION,formalization/foundations_v_scaffold/lean/SixBirdsFoundationsV/Laws/E16Adaptability.lean,none
SixBirdsFoundationsV.ArtifactCase,E16,def,definition,SixBirdsFoundationsV.Laws.E16Adaptability,formalization/foundations_v_scaffold/lean/SixBirdsFoundationsV/Laws/E16Adaptability.lean,1725,VII_E16_MANIFEST_COMPLETION,formalization/foundations_v_scaffold/lean/SixBirdsFoundationsV/Laws/E16Adaptability.lean,none
SixBirdsFoundationsV.FlatCase,E16,def,definition,SixBirdsFoundationsV.Laws.E16Adaptability,formalization/foundations_v_scaffold/lean/SixBirdsFoundationsV/Laws/E16Adaptability.lean,1740,VII_E16_MANIFEST_COMPLETION,formalization/foundations_v_scaffold/lean/SixBirdsFoundationsV/Laws/E16Adaptability.lean,none
SixBirdsFoundationsV.FlattenableCase,E16,def,definition,SixBirdsFoundationsV.Laws.E16Adaptability,formalization/foundations_v_scaffold/lean/SixBirdsFoundationsV/Laws/E16Adaptability.lean,1757,VII_E16_MANIFEST_COMPLETION,formalization/foundations_v_scaffold/lean/SixBirdsFoundationsV/Laws/E16Adaptability.lean,none
SixBirdsFoundationsV.CurrentizableSlackCase,E16,def,definition,SixBirdsFoundationsV.Laws.E16Adaptability,formalization/foundations_v_scaffold/lean/SixBirdsFoundationsV/Laws/E16Adaptability.lean,1776,VII_E16_MANIFEST_COMPLETION,formalization/foundations_v_scaffold/lean/SixBirdsFoundationsV/Laws/E16Adaptability.lean,none
SixBirdsFoundationsV.DissipativeCase,E16,def,definition,SixBirdsFoundationsV.Laws.E16Adaptability,formalization/foundations_v_scaffold/lean/SixBirdsFoundationsV/Laws/E16Adaptability.lean,1797,VII_E16_MANIFEST_COMPLETION,formalization/foundations_v_scaffold/lean/SixBirdsFoundationsV/Laws/E16Adaptability.lean,none
SixBirdsFoundationsV.CoherentAdaptabilityCase,E16,def,definition,SixBirdsFoundationsV.Laws.E16Adaptability,formalization/foundations_v_scaffold/lean/SixBirdsFoundationsV/Laws/E16Adaptability.lean,1820,VII_E16_MANIFEST_COMPLETION,formalization/foundations_v_scaffold/lean/SixBirdsFoundationsV/Laws/E16Adaptability.lean,none
SixBirdsFoundationsV.AdaptabilityRejectedCase,E16,def,definition,SixBirdsFoundationsV.Laws.E16Adaptability,formalization/foundations_v_scaffold/lean/SixBirdsFoundationsV/Laws/E16Adaptability.lean,1845,VII_E16_MANIFEST_COMPLETION,formalization/foundations_v_scaffold/lean/SixBirdsFoundationsV/Laws/E16Adaptability.lean,none
SixBirdsFoundationsV.SupportConfoundHolds,E16,def,definition,SixBirdsFoundationsV.Laws.E16Adaptability,formalization/foundations_v_scaffold/lean/SixBirdsFoundationsV/Laws/E16Adaptability.lean,1874,VII_E16_MANIFEST_COMPLETION,formalization/foundations_v_scaffold/lean/SixBirdsFoundationsV/Laws/E16Adaptability.lean,none
SixBirdsFoundationsV.ArtifactHolds,E16,def,definition,SixBirdsFoundationsV.Laws.E16Adaptability,formalization/foundations_v_scaffold/lean/SixBirdsFoundationsV/Laws/E16Adaptability.lean,1887,VII_E16_MANIFEST_COMPLETION,formalization/foundations_v_scaffold/lean/SixBirdsFoundationsV/Laws/E16Adaptability.lean,none
SixBirdsFoundationsV.FlatHolds,E16,def,definition,SixBirdsFoundationsV.Laws.E16Adaptability,formalization/foundations_v_scaffold/lean/SixBirdsFoundationsV/Laws/E16Adaptability.lean,1900,VII_E16_MANIFEST_COMPLETION,formalization/foundations_v_scaffold/lean/SixBirdsFoundationsV/Laws/E16Adaptability.lean,none
SixBirdsFoundationsV.FlattenableHolds,E16,def,definition,SixBirdsFoundationsV.Laws.E16Adaptability,formalization/foundations_v_scaffold/lean/SixBirdsFoundationsV/Laws/E16Adaptability.lean,1913,VII_E16_MANIFEST_COMPLETION,formalization/foundations_v_scaffold/lean/SixBirdsFoundationsV/Laws/E16Adaptability.lean,none
SixBirdsFoundationsV.CurrentizableSlackHolds,E16,def,definition,SixBirdsFoundationsV.Laws.E16Adaptability,formalization/foundations_v_scaffold/lean/SixBirdsFoundationsV/Laws/E16Adaptability.lean,1926,VII_E16_MANIFEST_COMPLETION,formalization/foundations_v_scaffold/lean/SixBirdsFoundationsV/Laws/E16Adaptability.lean,none
SixBirdsFoundationsV.DissipativeHolds,E16,def,definition,SixBirdsFoundationsV.Laws.E16Adaptability,formalization/foundations_v_scaffold/lean/SixBirdsFoundationsV/Laws/E16Adaptability.lean,1939,VII_E16_MANIFEST_COMPLETION,formalization/foundations_v_scaffold/lean/SixBirdsFoundationsV/Laws/E16Adaptability.lean,none
SixBirdsFoundationsV.CoherentAdaptabilityHolds,E16,def,definition,SixBirdsFoundationsV.Laws.E16Adaptability,formalization/foundations_v_scaffold/lean/SixBirdsFoundationsV/Laws/E16Adaptability.lean,1952,VII_E16_MANIFEST_COMPLETION,formalization/foundations_v_scaffold/lean/SixBirdsFoundationsV/Laws/E16Adaptability.lean,none
SixBirdsFoundationsV.AdaptabilityRejectedHolds,E16,def,definition,SixBirdsFoundationsV.Laws.E16Adaptability,formalization/foundations_v_scaffold/lean/SixBirdsFoundationsV/Laws/E16Adaptability.lean,1965,VII_E16_MANIFEST_COMPLETION,formalization/foundations_v_scaffold/lean/SixBirdsFoundationsV/Laws/E16Adaptability.lean,none
SixBirdsFoundationsV.CompleteAdaptabilityStatus,E16,structure,definition,SixBirdsFoundationsV.Laws.E16Adaptability,formalization/foundations_v_scaffold/lean/SixBirdsFoundationsV/Laws/E16Adaptability.lean,1978,VII_E16_MANIFEST_COMPLETION,formalization/foundations_v_scaffold/lean/SixBirdsFoundationsV/Laws/E16Adaptability.lean,none
SixBirdsFoundationsV.SupportConfoundFalsifier,E16,structure,definition,SixBirdsFoundationsV.Laws.E16Adaptability,formalization/foundations_v_scaffold/lean/SixBirdsFoundationsV/Laws/E16Adaptability.lean,2015,VII_E16_MANIFEST_COMPLETION,formalization/foundations_v_scaffold/lean/SixBirdsFoundationsV/Laws/E16Adaptability.lean,none
SixBirdsFoundationsV.ArtifactFalsifier,E16,structure,definition,SixBirdsFoundationsV.Laws.E16Adaptability,formalization/foundations_v_scaffold/lean/SixBirdsFoundationsV/Laws/E16Adaptability.lean,2025,VII_E16_MANIFEST_COMPLETION,formalization/foundations_v_scaffold/lean/SixBirdsFoundationsV/Laws/E16Adaptability.lean,none
SixBirdsFoundationsV.FlatteningFalsifier,E16,structure,definition,SixBirdsFoundationsV.Laws.E16Adaptability,formalization/foundations_v_scaffold/lean/SixBirdsFoundationsV/Laws/E16Adaptability.lean,2036,VII_E16_MANIFEST_COMPLETION,formalization/foundations_v_scaffold/lean/SixBirdsFoundationsV/Laws/E16Adaptability.lean,none
SixBirdsFoundationsV.CurrentizationFalsifier,E16,structure,definition,SixBirdsFoundationsV.Laws.E16Adaptability,formalization/foundations_v_scaffold/lean/SixBirdsFoundationsV/Laws/E16Adaptability.lean,2047,VII_E16_MANIFEST_COMPLETION,formalization/foundations_v_scaffold/lean/SixBirdsFoundationsV/Laws/E16Adaptability.lean,none
SixBirdsFoundationsV.DissipationFalsifier,E16,structure,definition,SixBirdsFoundationsV.Laws.E16Adaptability,formalization/foundations_v_scaffold/lean/SixBirdsFoundationsV/Laws/E16Adaptability.lean,2058,VII_E16_MANIFEST_COMPLETION,formalization/foundations_v_scaffold/lean/SixBirdsFoundationsV/Laws/E16Adaptability.lean,none
SixBirdsFoundationsV.E16.ExactlyOne,E16,def,definition,SixBirdsFoundationsV.Laws.E16Adaptability,formalization/foundations_v_scaffold/lean/SixBirdsFoundationsV/Laws/E16Adaptability.lean,2073,VII_E16_MANIFEST_COMPLETION,formalization/foundations_v_scaffold/lean/SixBirdsFoundationsV/Laws/E16Adaptability.lean,none
SixBirdsFoundationsV.E16_AdaptabilityStatus,E16,theorem,theorem,SixBirdsFoundationsV.Laws.E16Adaptability,formalization/foundations_v_scaffold/lean/SixBirdsFoundationsV/Laws/E16Adaptability.lean,2126,VII_E16_MANIFEST_COMPLETION,formalization/foundations_v_scaffold/lean/SixBirdsFoundationsV/Laws/E16Adaptability.lean,none
SixBirdsFoundationsV.E16_CoherentAdaptability,E16,theorem,theorem,SixBirdsFoundationsV.Laws.E16Adaptability,formalization/foundations_v_scaffold/lean/SixBirdsFoundationsV/Laws/E16Adaptability.lean,2235,VII_E16_MANIFEST_COMPLETION,formalization/foundations_v_scaffold/lean/SixBirdsFoundationsV/Laws/E16Adaptability.lean,none
SixBirdsFoundationsV.E16_CurrentAuditBlindness,E16,theorem,theorem,SixBirdsFoundationsV.Laws.E16Adaptability,formalization/foundations_v_scaffold/lean/SixBirdsFoundationsV/Laws/E16Adaptability.lean,2251,VII_E16_MANIFEST_COMPLETION,formalization/foundations_v_scaffold/lean/SixBirdsFoundationsV/Laws/E16Adaptability.lean,none
SixBirdsFoundationsV.E16_RouteManufacturesRepairCapacity,E16,theorem,theorem,SixBirdsFoundationsV.Laws.E16Adaptability,formalization/foundations_v_scaffold/lean/SixBirdsFoundationsV/Laws/E16Adaptability.lean,2272,VII_E16_MANIFEST_COMPLETION,formalization/foundations_v_scaffold/lean/SixBirdsFoundationsV/Laws/E16Adaptability.lean,none
SixBirdsFoundationsV.E16_ArtifactNotAdaptability,E16,theorem,theorem,SixBirdsFoundationsV.Laws.E16Adaptability,formalization/foundations_v_scaffold/lean/SixBirdsFoundationsV/Laws/E16Adaptability.lean,2288,VII_E16_MANIFEST_COMPLETION,formalization/foundations_v_scaffold/lean/SixBirdsFoundationsV/Laws/E16Adaptability.lean,none
SixBirdsFoundationsV.E16_FlatNoAdaptability,E16,theorem,theorem,SixBirdsFoundationsV.Laws.E16Adaptability,formalization/foundations_v_scaffold/lean/SixBirdsFoundationsV/Laws/E16Adaptability.lean,2302,VII_E16_MANIFEST_COMPLETION,formalization/foundations_v_scaffold/lean/SixBirdsFoundationsV/Laws/E16Adaptability.lean,none
SixBirdsFoundationsV.E16_FlattenableNotAdaptability,E16,theorem,theorem,SixBirdsFoundationsV.Laws.E16Adaptability,formalization/foundations_v_scaffold/lean/SixBirdsFoundationsV/Laws/E16Adaptability.lean,2316,VII_E16_MANIFEST_COMPLETION,formalization/foundations_v_scaffold/lean/SixBirdsFoundationsV/Laws/E16Adaptability.lean,none
SixBirdsFoundationsV.E16_CurrentizableIsLegibleSlack,E16,theorem,theorem,SixBirdsFoundationsV.Laws.E16Adaptability,formalization/foundations_v_scaffold/lean/SixBirdsFoundationsV/Laws/E16Adaptability.lean,2331,VII_E16_MANIFEST_COMPLETION,formalization/foundations_v_scaffold/lean/SixBirdsFoundationsV/Laws/E16Adaptability.lean,none
SixBirdsFoundationsV.E16_DissipativeNotAdaptability,E16,theorem,theorem,SixBirdsFoundationsV.Laws.E16Adaptability,formalization/foundations_v_scaffold/lean/SixBirdsFoundationsV/Laws/E16Adaptability.lean,2359,VII_E16_MANIFEST_COMPLETION,formalization/foundations_v_scaffold/lean/SixBirdsFoundationsV/Laws/E16Adaptability.lean,none
SixBirdsFoundationsV.E16_BoundedPerturbationFailureRejected,E16,theorem,theorem,SixBirdsFoundationsV.Laws.E16Adaptability,formalization/foundations_v_scaffold/lean/SixBirdsFoundationsV/Laws/E16Adaptability.lean,2374,VII_E16_MANIFEST_COMPLETION,formalization/foundations_v_scaffold/lean/SixBirdsFoundationsV/Laws/E16Adaptability.lean,none
SixBirdsFoundationsV.E16_SupportConfoundExcludesLowerPriority,E16,theorem,theorem,SixBirdsFoundationsV.Laws.E16Adaptability,formalization/foundations_v_scaffold/lean/SixBirdsFoundationsV/Laws/E16Adaptability.lean,2421,VII_E16_MANIFEST_COMPLETION,formalization/foundations_v_scaffold/lean/SixBirdsFoundationsV/Laws/E16Adaptability.lean,none
SixBirdsFoundationsV.E16_LoopAsymmetryAnchor,E16,theorem,theorem,SixBirdsFoundationsV.Laws.E16Adaptability,formalization/foundations_v_scaffold/lean/SixBirdsFoundationsV/Laws/E16Adaptability.lean,2481,VII_E16_MANIFEST_COMPLETION,formalization/foundations_v_scaffold/lean/SixBirdsFoundationsV/Laws/E16Adaptability.lean,none
SixBirdsFoundationsV.Delta,E1,def,definition,SixBirdsFoundationsV.Laws.E1Internalization,formalization/foundations_v_scaffold/lean/SixBirdsFoundationsV/Laws/E1Internalization.lean,18,UPSTREAM_MANIFEST_MATCH,formalization/notes/examples/E1.md,none
SixBirdsFoundationsV.PositiveDensityRecurrence,E1,structure,definition,SixBirdsFoundationsV.Laws.E1Internalization,formalization/foundations_v_scaffold/lean/SixBirdsFoundationsV/Laws/E1Internalization.lean,27,UPSTREAM_MANIFEST_MATCH,formalization/notes/examples/E1.md,none
SixBirdsFoundationsV.RecurringSplitPairObstruction,E1,structure,definition,SixBirdsFoundationsV.Laws.E1Internalization,formalization/foundations_v_scaffold/lean/SixBirdsFoundationsV/Laws/E1Internalization.lean,35,UPSTREAM_MANIFEST_MATCH,formalization/notes/examples/E1.md,none
SixBirdsFoundationsV.ViabilityProbesDescendAtH,E1,structure,definition,SixBirdsFoundationsV.Laws.E1Internalization,formalization/foundations_v_scaffold/lean/SixBirdsFoundationsV/Laws/E1Internalization.lean,43,UPSTREAM_MANIFEST_MATCH,formalization/notes/examples/E1.md,none
SixBirdsFoundationsV.MeasuredObstructionDischarge,E1,structure,definition,SixBirdsFoundationsV.Laws.E1Internalization,formalization/foundations_v_scaffold/lean/SixBirdsFoundationsV/Laws/E1Internalization.lean,51,UPSTREAM_MANIFEST_MATCH,formalization/notes/examples/E1.md,none
SixBirdsFoundationsV.PersistentWithDischarge,E1,def,definition,SixBirdsFoundationsV.Laws.E1Internalization,formalization/foundations_v_scaffold/lean/SixBirdsFoundationsV/Laws/E1Internalization.lean,55,UPSTREAM_MANIFEST_MATCH,formalization/notes/examples/E1.md,none
SixBirdsFoundationsV.CorePromotionGatesPass,E1,def,definition,SixBirdsFoundationsV.Laws.E1Internalization,formalization/foundations_v_scaffold/lean/SixBirdsFoundationsV/Laws/E1Internalization.lean,69,UPSTREAM_MANIFEST_MATCH,formalization/notes/examples/E1.md,none
SixBirdsFoundationsV.MovePayloadInstallsRefinement,E1,structure,definition,SixBirdsFoundationsV.Laws.E1Internalization,formalization/foundations_v_scaffold/lean/SixBirdsFoundationsV/Laws/E1Internalization.lean,92,UPSTREAM_MANIFEST_MATCH,formalization/notes/examples/E1.md,none
SixBirdsFoundationsV.PostRepairStateForEpisode,E1,structure,definition,SixBirdsFoundationsV.Laws.E1Internalization,formalization/foundations_v_scaffold/lean/SixBirdsFoundationsV/Laws/E1Internalization.lean,101,UPSTREAM_MANIFEST_MATCH,formalization/notes/examples/E1.md,none
SixBirdsFoundationsV.EndogenousRepairOccurrence,E1,def,definition,SixBirdsFoundationsV.Laws.E1Internalization,formalization/foundations_v_scaffold/lean/SixBirdsFoundationsV/Laws/E1Internalization.lean,118,UPSTREAM_MANIFEST_MATCH,formalization/notes/examples/E1.md,none
SixBirdsFoundationsV.InstallsRepairJoin,E1,def,definition,SixBirdsFoundationsV.Laws.E1Internalization,formalization/foundations_v_scaffold/lean/SixBirdsFoundationsV/Laws/E1Internalization.lean,164,UPSTREAM_MANIFEST_MATCH,formalization/notes/examples/E1.md,none
SixBirdsFoundationsV.StrictSubset,E1,def,definition,SixBirdsFoundationsV.Laws.E1Internalization,formalization/foundations_v_scaffold/lean/SixBirdsFoundationsV/Laws/E1Internalization.lean,170,UPSTREAM_MANIFEST_MATCH,formalization/notes/examples/E1.md,none
SixBirdsFoundationsV.StrictChallengeDescent,E1,def,definition,SixBirdsFoundationsV.Laws.E1Internalization,formalization/foundations_v_scaffold/lean/SixBirdsFoundationsV/Laws/E1Internalization.lean,173,UPSTREAM_MANIFEST_MATCH,formalization/notes/examples/E1.md,none
SixBirdsFoundationsV.GenericallyNovelChallenge,E1,structure,definition,SixBirdsFoundationsV.Laws.E1Internalization,formalization/foundations_v_scaffold/lean/SixBirdsFoundationsV/Laws/E1Internalization.lean,190,UPSTREAM_MANIFEST_MATCH,formalization/notes/examples/E1.md,none
SixBirdsFoundationsV.StrictSelfExtension,E1,structure,definition,SixBirdsFoundationsV.Laws.E1Internalization,formalization/foundations_v_scaffold/lean/SixBirdsFoundationsV/Laws/E1Internalization.lean,198,UPSTREAM_MANIFEST_MATCH,formalization/notes/examples/E1.md,none
SixBirdsFoundationsV.InfinitelyManyStrictSelfExtensions,E1,def,definition,SixBirdsFoundationsV.Laws.E1Internalization,formalization/foundations_v_scaffold/lean/SixBirdsFoundationsV/Laws/E1Internalization.lean,202,UPSTREAM_MANIFEST_MATCH,formalization/notes/examples/E1.md,none
SixBirdsFoundationsV.FiniteForcingStrictness,E1,structure,definition,SixBirdsFoundationsV.Laws.E1Internalization,formalization/foundations_v_scaffold/lean/SixBirdsFoundationsV/Laws/E1Internalization.lean,216,UPSTREAM_MANIFEST_MATCH,formalization/notes/examples/E1.md,none
SixBirdsFoundationsV.NoFreeDistinctionCertified,E1,structure,definition,SixBirdsFoundationsV.Laws.E1Internalization,formalization/foundations_v_scaffold/lean/SixBirdsFoundationsV/Laws/E1Internalization.lean,224,UPSTREAM_MANIFEST_MATCH,formalization/notes/examples/E1.md,none
SixBirdsFoundationsV.FiniteForcingStrictnessCertified,E1,structure,definition,SixBirdsFoundationsV.Laws.E1Internalization,formalization/foundations_v_scaffold/lean/SixBirdsFoundationsV/Laws/E1Internalization.lean,235,UPSTREAM_MANIFEST_MATCH,formalization/notes/examples/E1.md,none
SixBirdsFoundationsV.CorePromotionGateSoundnessCertified,E1,structure,definition,SixBirdsFoundationsV.Laws.E1Internalization,formalization/foundations_v_scaffold/lean/SixBirdsFoundationsV/Laws/E1Internalization.lean,251,UPSTREAM_MANIFEST_MATCH,formalization/notes/examples/E1.md,none
SixBirdsFoundationsV.FamilyBudgetFeasibleInLambda,E1,structure,definition,SixBirdsFoundationsV.Laws.E1Internalization,formalization/foundations_v_scaffold/lean/SixBirdsFoundationsV/Laws/E1Internalization.lean,259,UPSTREAM_MANIFEST_MATCH,formalization/notes/examples/E1.md,none
SixBirdsFoundationsV.NoScheduleTrap,E1,structure,definition,SixBirdsFoundationsV.Laws.E1Internalization,formalization/foundations_v_scaffold/lean/SixBirdsFoundationsV/Laws/E1Internalization.lean,267,UPSTREAM_MANIFEST_MATCH,formalization/notes/examples/E1.md,none
SixBirdsFoundationsV.DischargesChallengeObstruction,E1,structure,definition,SixBirdsFoundationsV.Laws.E1Internalization,formalization/foundations_v_scaffold/lean/SixBirdsFoundationsV/Laws/E1Internalization.lean,275,UPSTREAM_MANIFEST_MATCH,formalization/notes/examples/E1.md,none
SixBirdsFoundationsV.OffKernelRepairOccurrence,E1,structure,definition,SixBirdsFoundationsV.Laws.E1Internalization,formalization/foundations_v_scaffold/lean/SixBirdsFoundationsV/Laws/E1Internalization.lean,287,UPSTREAM_MANIFEST_MATCH,formalization/notes/examples/E1.md,none
SixBirdsFoundationsV.DeltaEndoBadSourceTag,E1,def,definition,SixBirdsFoundationsV.Laws.E1Internalization,formalization/foundations_v_scaffold/lean/SixBirdsFoundationsV/Laws/E1Internalization.lean,291,UPSTREAM_MANIFEST_MATCH,formalization/notes/examples/E1.md,none
SixBirdsFoundationsV.Delta_endo,E1,def,definition,SixBirdsFoundationsV.Laws.E1Internalization,formalization/foundations_v_scaffold/lean/SixBirdsFoundationsV/Laws/E1Internalization.lean,301,UPSTREAM_MANIFEST_MATCH,formalization/notes/examples/E1.md,none
SixBirdsFoundationsV.DeltaEndoEmpty,E1,def,definition,SixBirdsFoundationsV.Laws.E1Internalization,formalization/foundations_v_scaffold/lean/SixBirdsFoundationsV/Laws/E1Internalization.lean,332,UPSTREAM_MANIFEST_MATCH,formalization/notes/examples/E1.md,none
SixBirdsFoundationsV.BindingDefectForChallenge,E1,structure,definition,SixBirdsFoundationsV.Laws.E1Internalization,formalization/foundations_v_scaffold/lean/SixBirdsFoundationsV/Laws/E1Internalization.lean,360,UPSTREAM_MANIFEST_MATCH,formalization/notes/examples/E1.md,none
SixBirdsFoundationsV.NoReachableRepairGenerator,E1,def,definition,SixBirdsFoundationsV.Laws.E1Internalization,formalization/foundations_v_scaffold/lean/SixBirdsFoundationsV/Laws/E1Internalization.lean,365,UPSTREAM_MANIFEST_MATCH,formalization/notes/examples/E1.md,none
SixBirdsFoundationsV.InternalizationStatus,E1,inductive,definition,SixBirdsFoundationsV.Laws.E1Internalization,formalization/foundations_v_scaffold/lean/SixBirdsFoundationsV/Laws/E1Internalization.lean,383,UPSTREAM_MANIFEST_MATCH,formalization/notes/examples/E1.md,none
SixBirdsFoundationsV.InternalizationStatusRecord,E1,structure,definition,SixBirdsFoundationsV.Laws.E1Internalization,formalization/foundations_v_scaffold/lean/SixBirdsFoundationsV/Laws/E1Internalization.lean,391,UPSTREAM_MANIFEST_MATCH,formalization/notes/examples/E1.md,none
SixBirdsFoundationsV.InternalizationStatusRecordCarriedAt,E1,def,definition,SixBirdsFoundationsV.Laws.E1Internalization,formalization/foundations_v_scaffold/lean/SixBirdsFoundationsV/Laws/E1Internalization.lean,402,UPSTREAM_MANIFEST_MATCH,formalization/notes/examples/E1.md,none
SixBirdsFoundationsV.ExternalOffAuditStatusSupport,E1,structure,definition,SixBirdsFoundationsV.Laws.E1Internalization,formalization/foundations_v_scaffold/lean/SixBirdsFoundationsV/Laws/E1Internalization.lean,429,UPSTREAM_MANIFEST_MATCH,formalization/notes/examples/E1.md,none
SixBirdsFoundationsV.InternalizationStatusOccurrenceFor,E1,def,definition,SixBirdsFoundationsV.Laws.E1Internalization,formalization/foundations_v_scaffold/lean/SixBirdsFoundationsV/Laws/E1Internalization.lean,439,UPSTREAM_MANIFEST_MATCH,formalization/notes/examples/E1.md,none
SixBirdsFoundationsV.MeasuredObstructionSlackThroughout,E1,structure,definition,SixBirdsFoundationsV.Laws.E1Internalization,formalization/foundations_v_scaffold/lean/SixBirdsFoundationsV/Laws/E1Internalization.lean,481,UPSTREAM_MANIFEST_MATCH,formalization/notes/examples/E1.md,none
SixBirdsFoundationsV.ChallengeRelevantWithinHorizon,E1,structure,definition,SixBirdsFoundationsV.Laws.E1Internalization,formalization/foundations_v_scaffold/lean/SixBirdsFoundationsV/Laws/E1Internalization.lean,490,UPSTREAM_MANIFEST_MATCH,formalization/notes/examples/E1.md,none
SixBirdsFoundationsV.BindingChallengeByHorizon,E1,def,definition,SixBirdsFoundationsV.Laws.E1Internalization,formalization/foundations_v_scaffold/lean/SixBirdsFoundationsV/Laws/E1Internalization.lean,495,UPSTREAM_MANIFEST_MATCH,formalization/notes/examples/E1.md,none
SixBirdsFoundationsV.BindingPersistentWithDischarge,E1,def,definition,SixBirdsFoundationsV.Laws.E1Internalization,formalization/foundations_v_scaffold/lean/SixBirdsFoundationsV/Laws/E1Internalization.lean,509,UPSTREAM_MANIFEST_MATCH,formalization/notes/examples/E1.md,none
SixBirdsFoundationsV.ChallengedEpisodeTime,E1,def,definition,SixBirdsFoundationsV.Laws.E1Internalization,formalization/foundations_v_scaffold/lean/SixBirdsFoundationsV/Laws/E1Internalization.lean,529,UPSTREAM_MANIFEST_MATCH,formalization/notes/examples/E1.md,none
SixBirdsFoundationsV.EndogenousRepairFamilyWitness,E1,def,definition,SixBirdsFoundationsV.Laws.E1Internalization,formalization/foundations_v_scaffold/lean/SixBirdsFoundationsV/Laws/E1Internalization.lean,548,UPSTREAM_MANIFEST_MATCH,formalization/notes/examples/E1.md,none
SixBirdsFoundationsV.EndogenousRepairFamilyValid,E1,def,definition,SixBirdsFoundationsV.Laws.E1Internalization,formalization/foundations_v_scaffold/lean/SixBirdsFoundationsV/Laws/E1Internalization.lean,601,UPSTREAM_MANIFEST_MATCH,formalization/notes/examples/E1.md,none
SixBirdsFoundationsV.NoReachableRepairGeneratorExcludesEndogenousFamily,E1,def,definition,SixBirdsFoundationsV.Laws.E1Internalization,formalization/foundations_v_scaffold/lean/SixBirdsFoundationsV/Laws/E1Internalization.lean,643,UPSTREAM_MANIFEST_MATCH,formalization/notes/examples/E1.md,none
SixBirdsFoundationsV.StatusedResidualAccrues,E1,structure,definition,SixBirdsFoundationsV.Laws.E1Internalization,formalization/foundations_v_scaffold/lean/SixBirdsFoundationsV/Laws/E1Internalization.lean,686,UPSTREAM_MANIFEST_MATCH,formalization/notes/examples/E1.md,none
SixBirdsFoundationsV.MeasuredDischargeExcludesResidualAccrual,E1,def,definition,SixBirdsFoundationsV.Laws.E1Internalization,formalization/foundations_v_scaffold/lean/SixBirdsFoundationsV/Laws/E1Internalization.lean,695,UPSTREAM_MANIFEST_MATCH,formalization/notes/examples/E1.md,none
SixBirdsFoundationsV.SlackEvidence,E1,def,definition,SixBirdsFoundationsV.Laws.E1Internalization,formalization/foundations_v_scaffold/lean/SixBirdsFoundationsV/Laws/E1Internalization.lean,707,UPSTREAM_MANIFEST_MATCH,formalization/notes/examples/E1.md,none
SixBirdsFoundationsV.ExternallySubsidizedEvidence,E1,def,definition,SixBirdsFoundationsV.Laws.E1Internalization,formalization/foundations_v_scaffold/lean/SixBirdsFoundationsV/Laws/E1Internalization.lean,721,UPSTREAM_MANIFEST_MATCH,formalization/notes/examples/E1.md,none
SixBirdsFoundationsV.EndogenouslyRepairingEvidence,E1,def,definition,SixBirdsFoundationsV.Laws.E1Internalization,formalization/foundations_v_scaffold/lean/SixBirdsFoundationsV/Laws/E1Internalization.lean,800,UPSTREAM_MANIFEST_MATCH,formalization/notes/examples/E1.md,none
SixBirdsFoundationsV.StressedEvidence,E1,def,definition,SixBirdsFoundationsV.Laws.E1Internalization,formalization/foundations_v_scaffold/lean/SixBirdsFoundationsV/Laws/E1Internalization.lean,879,UPSTREAM_MANIFEST_MATCH,formalization/notes/examples/E1.md,none
SixBirdsFoundationsV.CollapsingEvidence,E1,def,definition,SixBirdsFoundationsV.Laws.E1Internalization,formalization/foundations_v_scaffold/lean/SixBirdsFoundationsV/Laws/E1Internalization.lean,947,UPSTREAM_MANIFEST_MATCH,formalization/notes/examples/E1.md,none
SixBirdsFoundationsV.SlackCase,E1,def,definition,SixBirdsFoundationsV.Laws.E1Internalization,formalization/foundations_v_scaffold/lean/SixBirdsFoundationsV/Laws/E1Internalization.lean,1002,UPSTREAM_MANIFEST_MATCH,formalization/notes/examples/E1.md,none
SixBirdsFoundationsV.ExternallySubsidizedCase,E1,def,definition,SixBirdsFoundationsV.Laws.E1Internalization,formalization/foundations_v_scaffold/lean/SixBirdsFoundationsV/Laws/E1Internalization.lean,1018,UPSTREAM_MANIFEST_MATCH,formalization/notes/examples/E1.md,none
SixBirdsFoundationsV.EndogenouslyRepairingCase,E1,def,definition,SixBirdsFoundationsV.Laws.E1Internalization,formalization/foundations_v_scaffold/lean/SixBirdsFoundationsV/Laws/E1Internalization.lean,1034,UPSTREAM_MANIFEST_MATCH,formalization/notes/examples/E1.md,none
SixBirdsFoundationsV.StressedCase,E1,def,definition,SixBirdsFoundationsV.Laws.E1Internalization,formalization/foundations_v_scaffold/lean/SixBirdsFoundationsV/Laws/E1Internalization.lean,1050,UPSTREAM_MANIFEST_MATCH,formalization/notes/examples/E1.md,none
SixBirdsFoundationsV.CollapsingCase,E1,def,definition,SixBirdsFoundationsV.Laws.E1Internalization,formalization/foundations_v_scaffold/lean/SixBirdsFoundationsV/Laws/E1Internalization.lean,1066,UPSTREAM_MANIFEST_MATCH,formalization/notes/examples/E1.md,none
SixBirdsFoundationsV.SlackHolds,E1,def,definition,SixBirdsFoundationsV.Laws.E1Internalization,formalization/foundations_v_scaffold/lean/SixBirdsFoundationsV/Laws/E1Internalization.lean,1082,UPSTREAM_MANIFEST_MATCH,formalization/notes/examples/E1.md,none
SixBirdsFoundationsV.ExternallySubsidizedHolds,E1,def,definition,SixBirdsFoundationsV.Laws.E1Internalization,formalization/foundations_v_scaffold/lean/SixBirdsFoundationsV/Laws/E1Internalization.lean,1093,UPSTREAM_MANIFEST_MATCH,formalization/notes/examples/E1.md,none
SixBirdsFoundationsV.EndogenouslyRepairingHolds,E1,def,definition,SixBirdsFoundationsV.Laws.E1Internalization,formalization/foundations_v_scaffold/lean/SixBirdsFoundationsV/Laws/E1Internalization.lean,1104,UPSTREAM_MANIFEST_MATCH,formalization/notes/examples/E1.md,none
SixBirdsFoundationsV.StressedHolds,E1,def,definition,SixBirdsFoundationsV.Laws.E1Internalization,formalization/foundations_v_scaffold/lean/SixBirdsFoundationsV/Laws/E1Internalization.lean,1115,UPSTREAM_MANIFEST_MATCH,formalization/notes/examples/E1.md,none
SixBirdsFoundationsV.CollapsingHolds,E1,def,definition,SixBirdsFoundationsV.Laws.E1Internalization,formalization/foundations_v_scaffold/lean/SixBirdsFoundationsV/Laws/E1Internalization.lean,1126,UPSTREAM_MANIFEST_MATCH,formalization/notes/examples/E1.md,none
SixBirdsFoundationsV.CompleteInternalizationStatus,E1,def,definition,SixBirdsFoundationsV.Laws.E1Internalization,formalization/foundations_v_scaffold/lean/SixBirdsFoundationsV/Laws/E1Internalization.lean,1137,UPSTREAM_MANIFEST_MATCH,formalization/notes/examples/E1.md,none
SixBirdsFoundationsV.E1_StatusPartition,E1,theorem,theorem,SixBirdsFoundationsV.Laws.E1Internalization,formalization/foundations_v_scaffold/lean/SixBirdsFoundationsV/Laws/E1Internalization.lean,1164,UPSTREAM_MANIFEST_MATCH,formalization/notes/examples/E1.md,none
SixBirdsFoundationsV.E1_Internalization,E1,theorem,theorem,SixBirdsFoundationsV.Laws.E1Internalization,formalization/foundations_v_scaffold/lean/SixBirdsFoundationsV/Laws/E1Internalization.lean,1525,UPSTREAM_MANIFEST_MATCH,formalization/notes/examples/E1.md,none
SixBirdsFoundationsV.E1_StrictSelfExtension,E1,theorem,theorem,SixBirdsFoundationsV.Laws.E1Internalization,formalization/foundations_v_scaffold/lean/SixBirdsFoundationsV/Laws/E1Internalization.lean,1753,UPSTREAM_MANIFEST_MATCH,formalization/notes/examples/E1.md,none
SixBirdsFoundationsV.E1_NoGeneratorDichotomy,E1,theorem,theorem,SixBirdsFoundationsV.Laws.E1Internalization,formalization/foundations_v_scaffold/lean/SixBirdsFoundationsV/Laws/E1Internalization.lean,1770,UPSTREAM_MANIFEST_MATCH,formalization/notes/examples/E1.md,none
SixBirdsFoundationsV.CarriedInstrumentLevel,E2,structure,definition,SixBirdsFoundationsV.Laws.E2BoundedReflexivity,formalization/foundations_v_scaffold/lean/SixBirdsFoundationsV/Laws/E2BoundedReflexivity.lean,20,UPSTREAM_MANIFEST_MATCH,formalization/notes/examples/E2.md,none
SixBirdsFoundationsV.CarriedInstrumentLevelOccurrence,E2,def,definition,SixBirdsFoundationsV.Laws.E2BoundedReflexivity,formalization/foundations_v_scaffold/lean/SixBirdsFoundationsV/Laws/E2BoundedReflexivity.lean,40,UPSTREAM_MANIFEST_MATCH,formalization/notes/examples/E2.md,none
SixBirdsFoundationsV.SameLevelSelfAuditClaimTarget,E2,structure,definition,SixBirdsFoundationsV.Laws.E2BoundedReflexivity,formalization/foundations_v_scaffold/lean/SixBirdsFoundationsV/Laws/E2BoundedReflexivity.lean,70,UPSTREAM_MANIFEST_MATCH,formalization/notes/examples/E2.md,none
SixBirdsFoundationsV.SameLevelSelfAuditClaimFor,E2,def,definition,SixBirdsFoundationsV.Laws.E2BoundedReflexivity,formalization/foundations_v_scaffold/lean/SixBirdsFoundationsV/Laws/E2BoundedReflexivity.lean,83,UPSTREAM_MANIFEST_MATCH,formalization/notes/examples/E2.md,none
SixBirdsFoundationsV.AuditedRepairTrigger,E2,def,definition,SixBirdsFoundationsV.Laws.E2BoundedReflexivity,formalization/foundations_v_scaffold/lean/SixBirdsFoundationsV/Laws/E2BoundedReflexivity.lean,98,UPSTREAM_MANIFEST_MATCH,formalization/notes/examples/E2.md,none
SixBirdsFoundationsV.TowerLevel,E2,def,definition,SixBirdsFoundationsV.Laws.E2BoundedReflexivity,formalization/foundations_v_scaffold/lean/SixBirdsFoundationsV/Laws/E2BoundedReflexivity.lean,136,UPSTREAM_MANIFEST_MATCH,formalization/notes/examples/E2.md,none
SixBirdsFoundationsV.StrictlyIncreasingLevelTags,E2,def,definition,SixBirdsFoundationsV.Laws.E2BoundedReflexivity,formalization/foundations_v_scaffold/lean/SixBirdsFoundationsV/Laws/E2BoundedReflexivity.lean,151,UPSTREAM_MANIFEST_MATCH,formalization/notes/examples/E2.md,none
SixBirdsFoundationsV.EachLevelAuditsLowerStack,E2,def,definition,SixBirdsFoundationsV.Laws.E2BoundedReflexivity,formalization/foundations_v_scaffold/lean/SixBirdsFoundationsV/Laws/E2BoundedReflexivity.lean,167,UPSTREAM_MANIFEST_MATCH,formalization/notes/examples/E2.md,none
SixBirdsFoundationsV.CompleteCarriedInstrumentTower,E2,def,definition,SixBirdsFoundationsV.Laws.E2BoundedReflexivity,formalization/foundations_v_scaffold/lean/SixBirdsFoundationsV/Laws/E2BoundedReflexivity.lean,184,UPSTREAM_MANIFEST_MATCH,formalization/notes/examples/E2.md,none
SixBirdsFoundationsV.FIIIInstrumentStackBridge,E2,def,definition,SixBirdsFoundationsV.Laws.E2BoundedReflexivity,formalization/foundations_v_scaffold/lean/SixBirdsFoundationsV/Laws/E2BoundedReflexivity.lean,200,UPSTREAM_MANIFEST_MATCH,formalization/notes/examples/E2.md,none
SixBirdsFoundationsV.CarriedRotatingExtensionRealized,E2,def,definition,SixBirdsFoundationsV.Laws.E2BoundedReflexivity,formalization/foundations_v_scaffold/lean/SixBirdsFoundationsV/Laws/E2BoundedReflexivity.lean,217,UPSTREAM_MANIFEST_MATCH,formalization/notes/examples/E2.md,none
SixBirdsFoundationsV.FiniteRecordSet,E2,structure,definition,SixBirdsFoundationsV.Laws.E2BoundedReflexivity,formalization/foundations_v_scaffold/lean/SixBirdsFoundationsV/Laws/E2BoundedReflexivity.lean,245,UPSTREAM_MANIFEST_MATCH,formalization/notes/examples/E2.md,none
SixBirdsFoundationsV.FiniteRecordSet.card,E2,def,definition,SixBirdsFoundationsV.Laws.E2BoundedReflexivity,formalization/foundations_v_scaffold/lean/SixBirdsFoundationsV/Laws/E2BoundedReflexivity.lean,249,UPSTREAM_MANIFEST_MATCH,formalization/notes/examples/E2.md,none
SixBirdsFoundationsV.FiniteRecordSet.Subset,E2,def,definition,SixBirdsFoundationsV.Laws.E2BoundedReflexivity,formalization/foundations_v_scaffold/lean/SixBirdsFoundationsV/Laws/E2BoundedReflexivity.lean,253,UPSTREAM_MANIFEST_MATCH,formalization/notes/examples/E2.md,none
SixBirdsFoundationsV.FiniteRecordSet.Disjoint,E2,def,definition,SixBirdsFoundationsV.Laws.E2BoundedReflexivity,formalization/foundations_v_scaffold/lean/SixBirdsFoundationsV/Laws/E2BoundedReflexivity.lean,257,UPSTREAM_MANIFEST_MATCH,formalization/notes/examples/E2.md,none
SixBirdsFoundationsV.AuditTowerCapacityMeasure,E2,structure,definition,SixBirdsFoundationsV.Laws.E2BoundedReflexivity,formalization/foundations_v_scaffold/lean/SixBirdsFoundationsV/Laws/E2BoundedReflexivity.lean,267,UPSTREAM_MANIFEST_MATCH,formalization/notes/examples/E2.md,none
SixBirdsFoundationsV.TowerExtend,E2,def,definition,SixBirdsFoundationsV.Laws.E2BoundedReflexivity,formalization/foundations_v_scaffold/lean/SixBirdsFoundationsV/Laws/E2BoundedReflexivity.lean,345,UPSTREAM_MANIFEST_MATCH,formalization/notes/examples/E2.md,none
SixBirdsFoundationsV.TowerFootprint,E2,def,definition,SixBirdsFoundationsV.Laws.E2BoundedReflexivity,formalization/foundations_v_scaffold/lean/SixBirdsFoundationsV/Laws/E2BoundedReflexivity.lean,359,UPSTREAM_MANIFEST_MATCH,formalization/notes/examples/E2.md,none
SixBirdsFoundationsV.CapacityAdmissible,E2,def,definition,SixBirdsFoundationsV.Laws.E2BoundedReflexivity,formalization/foundations_v_scaffold/lean/SixBirdsFoundationsV/Laws/E2BoundedReflexivity.lean,384,UPSTREAM_MANIFEST_MATCH,formalization/notes/examples/E2.md,none
SixBirdsFoundationsV.CapacityRealizableTower,E2,def,definition,SixBirdsFoundationsV.Laws.E2BoundedReflexivity,formalization/foundations_v_scaffold/lean/SixBirdsFoundationsV/Laws/E2BoundedReflexivity.lean,398,UPSTREAM_MANIFEST_MATCH,formalization/notes/examples/E2.md,none
SixBirdsFoundationsV.CapacitySaturated,E2,def,definition,SixBirdsFoundationsV.Laws.E2BoundedReflexivity,formalization/foundations_v_scaffold/lean/SixBirdsFoundationsV/Laws/E2BoundedReflexivity.lean,413,UPSTREAM_MANIFEST_MATCH,formalization/notes/examples/E2.md,none
SixBirdsFoundationsV.BoundedReflexivityStatus,E2,inductive,definition,SixBirdsFoundationsV.Laws.E2BoundedReflexivity,formalization/foundations_v_scaffold/lean/SixBirdsFoundationsV/Laws/E2BoundedReflexivity.lean,434,UPSTREAM_MANIFEST_MATCH,formalization/notes/examples/E2.md,none
SixBirdsFoundationsV.BoundedReflexivityStatusRecord,E2,structure,definition,SixBirdsFoundationsV.Laws.E2BoundedReflexivity,formalization/foundations_v_scaffold/lean/SixBirdsFoundationsV/Laws/E2BoundedReflexivity.lean,440,UPSTREAM_MANIFEST_MATCH,formalization/notes/examples/E2.md,none
SixBirdsFoundationsV.BoundedReflexivityStatusRecordCarriedAt,E2,def,definition,SixBirdsFoundationsV.Laws.E2BoundedReflexivity,formalization/foundations_v_scaffold/lean/SixBirdsFoundationsV/Laws/E2BoundedReflexivity.lean,451,UPSTREAM_MANIFEST_MATCH,formalization/notes/examples/E2.md,none
SixBirdsFoundationsV.BoundedReflexivityStatusOccurrenceFor,E2,def,definition,SixBirdsFoundationsV.Laws.E2BoundedReflexivity,formalization/foundations_v_scaffold/lean/SixBirdsFoundationsV/Laws/E2BoundedReflexivity.lean,468,UPSTREAM_MANIFEST_MATCH,formalization/notes/examples/E2.md,none
SixBirdsFoundationsV.CircularBlockAtLevel,E2,def,definition,SixBirdsFoundationsV.Laws.E2BoundedReflexivity,formalization/foundations_v_scaffold/lean/SixBirdsFoundationsV/Laws/E2BoundedReflexivity.lean,501,UPSTREAM_MANIFEST_MATCH,formalization/notes/examples/E2.md,none
SixBirdsFoundationsV.NoCircularBlockAtLevel,E2,def,definition,SixBirdsFoundationsV.Laws.E2BoundedReflexivity,formalization/foundations_v_scaffold/lean/SixBirdsFoundationsV/Laws/E2BoundedReflexivity.lean,523,UPSTREAM_MANIFEST_MATCH,formalization/notes/examples/E2.md,none
SixBirdsFoundationsV.ActiveScopedEvidence,E2,def,definition,SixBirdsFoundationsV.Laws.E2BoundedReflexivity,formalization/foundations_v_scaffold/lean/SixBirdsFoundationsV/Laws/E2BoundedReflexivity.lean,538,UPSTREAM_MANIFEST_MATCH,formalization/notes/examples/E2.md,none
SixBirdsFoundationsV.RotatingEvidence,E2,def,definition,SixBirdsFoundationsV.Laws.E2BoundedReflexivity,formalization/foundations_v_scaffold/lean/SixBirdsFoundationsV/Laws/E2BoundedReflexivity.lean,582,UPSTREAM_MANIFEST_MATCH,formalization/notes/examples/E2.md,none
SixBirdsFoundationsV.SaturatedEvidence,E2,def,definition,SixBirdsFoundationsV.Laws.E2BoundedReflexivity,formalization/foundations_v_scaffold/lean/SixBirdsFoundationsV/Laws/E2BoundedReflexivity.lean,631,UPSTREAM_MANIFEST_MATCH,formalization/notes/examples/E2.md,none
SixBirdsFoundationsV.CircularBlockedEvidence,E2,def,definition,SixBirdsFoundationsV.Laws.E2BoundedReflexivity,formalization/foundations_v_scaffold/lean/SixBirdsFoundationsV/Laws/E2BoundedReflexivity.lean,656,UPSTREAM_MANIFEST_MATCH,formalization/notes/examples/E2.md,none
SixBirdsFoundationsV.ActiveScopedHolds,E2,def,definition,SixBirdsFoundationsV.Laws.E2BoundedReflexivity,formalization/foundations_v_scaffold/lean/SixBirdsFoundationsV/Laws/E2BoundedReflexivity.lean,678,UPSTREAM_MANIFEST_MATCH,formalization/notes/examples/E2.md,none
SixBirdsFoundationsV.RotatingHolds,E2,def,definition,SixBirdsFoundationsV.Laws.E2BoundedReflexivity,formalization/foundations_v_scaffold/lean/SixBirdsFoundationsV/Laws/E2BoundedReflexivity.lean,711,UPSTREAM_MANIFEST_MATCH,formalization/notes/examples/E2.md,none
SixBirdsFoundationsV.SaturatedHolds,E2,def,definition,SixBirdsFoundationsV.Laws.E2BoundedReflexivity,formalization/foundations_v_scaffold/lean/SixBirdsFoundationsV/Laws/E2BoundedReflexivity.lean,744,UPSTREAM_MANIFEST_MATCH,formalization/notes/examples/E2.md,none
SixBirdsFoundationsV.CircularBlockedHolds,E2,def,definition,SixBirdsFoundationsV.Laws.E2BoundedReflexivity,formalization/foundations_v_scaffold/lean/SixBirdsFoundationsV/Laws/E2BoundedReflexivity.lean,764,UPSTREAM_MANIFEST_MATCH,formalization/notes/examples/E2.md,none
SixBirdsFoundationsV.CompleteBoundedReflexivityStatus,E2,def,definition,SixBirdsFoundationsV.Laws.E2BoundedReflexivity,formalization/foundations_v_scaffold/lean/SixBirdsFoundationsV/Laws/E2BoundedReflexivity.lean,783,UPSTREAM_MANIFEST_MATCH,formalization/notes/examples/E2.md,none
SixBirdsFoundationsV.E2_SelfSoundnessObstruction,E2,theorem,theorem,SixBirdsFoundationsV.Laws.E2BoundedReflexivity,formalization/foundations_v_scaffold/lean/SixBirdsFoundationsV/Laws/E2BoundedReflexivity.lean,831,UPSTREAM_MANIFEST_MATCH,formalization/notes/examples/E2.md,none
SixBirdsFoundationsV.FreshRotatingLevelBridge,E2,def,definition,SixBirdsFoundationsV.Laws.E2BoundedReflexivity,formalization/foundations_v_scaffold/lean/SixBirdsFoundationsV/Laws/E2BoundedReflexivity.lean,856,UPSTREAM_MANIFEST_MATCH,formalization/notes/examples/E2.md,none
SixBirdsFoundationsV.E2_ForcedStratification,E2,theorem,theorem,SixBirdsFoundationsV.Laws.E2BoundedReflexivity,formalization/foundations_v_scaffold/lean/SixBirdsFoundationsV/Laws/E2BoundedReflexivity.lean,876,UPSTREAM_MANIFEST_MATCH,formalization/notes/examples/E2.md,none
SixBirdsFoundationsV.list_length_le_of_nodup_subset,E2,theorem,theorem,SixBirdsFoundationsV.Laws.E2BoundedReflexivity,formalization/foundations_v_scaffold/lean/SixBirdsFoundationsV/Laws/E2BoundedReflexivity.lean,951,UPSTREAM_MANIFEST_MATCH,formalization/notes/examples/E2.md,none
SixBirdsFoundationsV.TowerSlotRecords,E2,def,definition,SixBirdsFoundationsV.Laws.E2BoundedReflexivity,formalization/foundations_v_scaffold/lean/SixBirdsFoundationsV/Laws/E2BoundedReflexivity.lean,983,UPSTREAM_MANIFEST_MATCH,formalization/notes/examples/E2.md,none
SixBirdsFoundationsV.TowerSlotFootprint,E2,def,definition,SixBirdsFoundationsV.Laws.E2BoundedReflexivity,formalization/foundations_v_scaffold/lean/SixBirdsFoundationsV/Laws/E2BoundedReflexivity.lean,1006,UPSTREAM_MANIFEST_MATCH,formalization/notes/examples/E2.md,none
SixBirdsFoundationsV.TowerRecordListForSlots,E2,def,definition,SixBirdsFoundationsV.Laws.E2BoundedReflexivity,formalization/foundations_v_scaffold/lean/SixBirdsFoundationsV/Laws/E2BoundedReflexivity.lean,1029,UPSTREAM_MANIFEST_MATCH,formalization/notes/examples/E2.md,none
SixBirdsFoundationsV.TowerSlotFootprint_eq_records_length,E2,theorem,theorem,SixBirdsFoundationsV.Laws.E2BoundedReflexivity,formalization/foundations_v_scaffold/lean/SixBirdsFoundationsV/Laws/E2BoundedReflexivity.lean,1046,UPSTREAM_MANIFEST_MATCH,formalization/notes/examples/E2.md,none
SixBirdsFoundationsV.mem_TowerRecordListForSlots,E2,theorem,theorem,SixBirdsFoundationsV.Laws.E2BoundedReflexivity,formalization/foundations_v_scaffold/lean/SixBirdsFoundationsV/Laws/E2BoundedReflexivity.lean,1071,UPSTREAM_MANIFEST_MATCH,formalization/notes/examples/E2.md,none
SixBirdsFoundationsV.TowerRecordListForSlots_subset_carrier,E2,theorem,theorem,SixBirdsFoundationsV.Laws.E2BoundedReflexivity,formalization/foundations_v_scaffold/lean/SixBirdsFoundationsV/Laws/E2BoundedReflexivity.lean,1105,UPSTREAM_MANIFEST_MATCH,formalization/notes/examples/E2.md,none
SixBirdsFoundationsV.TowerRecordListForSlots_nodup,E2,theorem,theorem,SixBirdsFoundationsV.Laws.E2BoundedReflexivity,formalization/foundations_v_scaffold/lean/SixBirdsFoundationsV/Laws/E2BoundedReflexivity.lean,1128,UPSTREAM_MANIFEST_MATCH,formalization/notes/examples/E2.md,none
SixBirdsFoundationsV.ListNatSumBy,E2,def,definition,SixBirdsFoundationsV.Laws.E2BoundedReflexivity,formalization/foundations_v_scaffold/lean/SixBirdsFoundationsV/Laws/E2BoundedReflexivity.lean,1182,UPSTREAM_MANIFEST_MATCH,formalization/notes/examples/E2.md,none
SixBirdsFoundationsV.foldl_add_eq_init_add_ListNatSumBy,E2,theorem,theorem,SixBirdsFoundationsV.Laws.E2BoundedReflexivity,formalization/foundations_v_scaffold/lean/SixBirdsFoundationsV/Laws/E2BoundedReflexivity.lean,1186,UPSTREAM_MANIFEST_MATCH,formalization/notes/examples/E2.md,none
SixBirdsFoundationsV.foldl_add_zero_eq_ListNatSumBy,E2,theorem,theorem,SixBirdsFoundationsV.Laws.E2BoundedReflexivity,formalization/foundations_v_scaffold/lean/SixBirdsFoundationsV/Laws/E2BoundedReflexivity.lean,1201,UPSTREAM_MANIFEST_MATCH,formalization/notes/examples/E2.md,none
SixBirdsFoundationsV.TowerFootprintForSlots,E2,def,definition,SixBirdsFoundationsV.Laws.E2BoundedReflexivity,formalization/foundations_v_scaffold/lean/SixBirdsFoundationsV/Laws/E2BoundedReflexivity.lean,1208,UPSTREAM_MANIFEST_MATCH,formalization/notes/examples/E2.md,none
SixBirdsFoundationsV.TowerRecordListForSlots_length_eq_footprint,E2,theorem,theorem,SixBirdsFoundationsV.Laws.E2BoundedReflexivity,formalization/foundations_v_scaffold/lean/SixBirdsFoundationsV/Laws/E2BoundedReflexivity.lean,1222,UPSTREAM_MANIFEST_MATCH,formalization/notes/examples/E2.md,none
SixBirdsFoundationsV.TowerFootprint_eq_slotFootprint_foldl,E2,theorem,theorem,SixBirdsFoundationsV.Laws.E2BoundedReflexivity,formalization/foundations_v_scaffold/lean/SixBirdsFoundationsV/Laws/E2BoundedReflexivity.lean,1244,UPSTREAM_MANIFEST_MATCH,formalization/notes/examples/E2.md,none
SixBirdsFoundationsV.TowerFootprint_eq_TowerFootprintForSlots_range,E2,theorem,theorem,SixBirdsFoundationsV.Laws.E2BoundedReflexivity,formalization/foundations_v_scaffold/lean/SixBirdsFoundationsV/Laws/E2BoundedReflexivity.lean,1306,UPSTREAM_MANIFEST_MATCH,formalization/notes/examples/E2.md,none
SixBirdsFoundationsV.E2_CapacityBound,E2,theorem,theorem,SixBirdsFoundationsV.Laws.E2BoundedReflexivity,formalization/foundations_v_scaffold/lean/SixBirdsFoundationsV/Laws/E2BoundedReflexivity.lean,1325,UPSTREAM_MANIFEST_MATCH,formalization/notes/examples/E2.md,none
SixBirdsFoundationsV.E2_StatusPartition,E2,theorem,theorem,SixBirdsFoundationsV.Laws.E2BoundedReflexivity,formalization/foundations_v_scaffold/lean/SixBirdsFoundationsV/Laws/E2BoundedReflexivity.lean,1373,UPSTREAM_MANIFEST_MATCH,formalization/notes/examples/E2.md,none
SixBirdsFoundationsV.ClosureApparatusBoundary,E3,structure,definition,SixBirdsFoundationsV.Laws.E3SelfMaintainingReclosure,formalization/foundations_v_scaffold/lean/SixBirdsFoundationsV/Laws/E3SelfMaintainingReclosure.lean,16,UPSTREAM_MANIFEST_MATCH,formalization/notes/examples/E3.md,none
SixBirdsFoundationsV.ClosureApparatusAuditData,E3,structure,definition,SixBirdsFoundationsV.Laws.E3SelfMaintainingReclosure,formalization/foundations_v_scaffold/lean/SixBirdsFoundationsV/Laws/E3SelfMaintainingReclosure.lean,19,UPSTREAM_MANIFEST_MATCH,formalization/notes/examples/E3.md,none
SixBirdsFoundationsV.ClosureApparatusRecord,E3,structure,definition,SixBirdsFoundationsV.Laws.E3SelfMaintainingReclosure,formalization/foundations_v_scaffold/lean/SixBirdsFoundationsV/Laws/E3SelfMaintainingReclosure.lean,22,UPSTREAM_MANIFEST_MATCH,formalization/notes/examples/E3.md,none
SixBirdsFoundationsV.ClosureApparatus,E3,structure,definition,SixBirdsFoundationsV.Laws.E3SelfMaintainingReclosure,formalization/foundations_v_scaffold/lean/SixBirdsFoundationsV/Laws/E3SelfMaintainingReclosure.lean,25,UPSTREAM_MANIFEST_MATCH,formalization/notes/examples/E3.md,none
SixBirdsFoundationsV.ClosureApparatusOccurrenceFor,E3,def,definition,SixBirdsFoundationsV.Laws.E3SelfMaintainingReclosure,formalization/foundations_v_scaffold/lean/SixBirdsFoundationsV/Laws/E3SelfMaintainingReclosure.lean,45,UPSTREAM_MANIFEST_MATCH,formalization/notes/examples/E3.md,none
SixBirdsFoundationsV.MaintenanceOperatorRecord,E3,structure,definition,SixBirdsFoundationsV.Laws.E3SelfMaintainingReclosure,formalization/foundations_v_scaffold/lean/SixBirdsFoundationsV/Laws/E3SelfMaintainingReclosure.lean,74,UPSTREAM_MANIFEST_MATCH,formalization/notes/examples/E3.md,none
SixBirdsFoundationsV.ClosureMaintenanceOperator,E3,structure,definition,SixBirdsFoundationsV.Laws.E3SelfMaintainingReclosure,formalization/foundations_v_scaffold/lean/SixBirdsFoundationsV/Laws/E3SelfMaintainingReclosure.lean,77,UPSTREAM_MANIFEST_MATCH,formalization/notes/examples/E3.md,none
SixBirdsFoundationsV.MaintenanceOperatorOccurrenceFor,E3,def,definition,SixBirdsFoundationsV.Laws.E3SelfMaintainingReclosure,formalization/foundations_v_scaffold/lean/SixBirdsFoundationsV/Laws/E3SelfMaintainingReclosure.lean,91,UPSTREAM_MANIFEST_MATCH,formalization/notes/examples/E3.md,none
SixBirdsFoundationsV.MaintenanceReinstatementRecord,E3,structure,definition,SixBirdsFoundationsV.Laws.E3SelfMaintainingReclosure,formalization/foundations_v_scaffold/lean/SixBirdsFoundationsV/Laws/E3SelfMaintainingReclosure.lean,115,UPSTREAM_MANIFEST_MATCH,formalization/notes/examples/E3.md,none
SixBirdsFoundationsV.MaintenanceReinstatementFor,E3,def,definition,SixBirdsFoundationsV.Laws.E3SelfMaintainingReclosure,formalization/foundations_v_scaffold/lean/SixBirdsFoundationsV/Laws/E3SelfMaintainingReclosure.lean,133,UPSTREAM_MANIFEST_MATCH,formalization/notes/examples/E3.md,none
SixBirdsFoundationsV.ApparatusDefectForChallenge,E3,structure,definition,SixBirdsFoundationsV.Laws.E3SelfMaintainingReclosure,formalization/foundations_v_scaffold/lean/SixBirdsFoundationsV/Laws/E3SelfMaintainingReclosure.lean,184,UPSTREAM_MANIFEST_MATCH,formalization/notes/examples/E3.md,none
SixBirdsFoundationsV.ApparatusRepairInstalls,E3,structure,definition,SixBirdsFoundationsV.Laws.E3SelfMaintainingReclosure,formalization/foundations_v_scaffold/lean/SixBirdsFoundationsV/Laws/E3SelfMaintainingReclosure.lean,206,UPSTREAM_MANIFEST_MATCH,formalization/notes/examples/E3.md,none
SixBirdsFoundationsV.EndogenousRepairOccurrenceWithWitnesses,E3,def,definition,SixBirdsFoundationsV.Laws.E3SelfMaintainingReclosure,formalization/foundations_v_scaffold/lean/SixBirdsFoundationsV/Laws/E3SelfMaintainingReclosure.lean,218,UPSTREAM_MANIFEST_MATCH,formalization/notes/examples/E3.md,none
SixBirdsFoundationsV.ApparatusLevelRepairOccurrenceWithWitnesses,E3,def,definition,SixBirdsFoundationsV.Laws.E3SelfMaintainingReclosure,formalization/foundations_v_scaffold/lean/SixBirdsFoundationsV/Laws/E3SelfMaintainingReclosure.lean,265,UPSTREAM_MANIFEST_MATCH,formalization/notes/examples/E3.md,none
SixBirdsFoundationsV.ApparatusLevelRepairOccurrence,E3,def,definition,SixBirdsFoundationsV.Laws.E3SelfMaintainingReclosure,formalization/foundations_v_scaffold/lean/SixBirdsFoundationsV/Laws/E3SelfMaintainingReclosure.lean,310,UPSTREAM_MANIFEST_MATCH,formalization/notes/examples/E3.md,none
SixBirdsFoundationsV.ClosureApparatusDistance,E3,structure,definition,SixBirdsFoundationsV.Laws.E3SelfMaintainingReclosure,formalization/foundations_v_scaffold/lean/SixBirdsFoundationsV/Laws/E3SelfMaintainingReclosure.lean,358,UPSTREAM_MANIFEST_MATCH,formalization/notes/examples/E3.md,none
SixBirdsFoundationsV.ApproxApparatusFixedPoint,E3,def,definition,SixBirdsFoundationsV.Laws.E3SelfMaintainingReclosure,formalization/foundations_v_scaffold/lean/SixBirdsFoundationsV/Laws/E3SelfMaintainingReclosure.lean,375,UPSTREAM_MANIFEST_MATCH,formalization/notes/examples/E3.md,none
SixBirdsFoundationsV.ChallengeFreeAt,E3,structure,definition,SixBirdsFoundationsV.Laws.E3SelfMaintainingReclosure,formalization/foundations_v_scaffold/lean/SixBirdsFoundationsV/Laws/E3SelfMaintainingReclosure.lean,392,UPSTREAM_MANIFEST_MATCH,formalization/notes/examples/E3.md,none
SixBirdsFoundationsV.ClosureApparatusChallengeAt,E3,structure,definition,SixBirdsFoundationsV.Laws.E3SelfMaintainingReclosure,formalization/foundations_v_scaffold/lean/SixBirdsFoundationsV/Laws/E3SelfMaintainingReclosure.lean,399,UPSTREAM_MANIFEST_MATCH,formalization/notes/examples/E3.md,none
SixBirdsFoundationsV.ApparatusMaintainedStep,E3,def,definition,SixBirdsFoundationsV.Laws.E3SelfMaintainingReclosure,formalization/foundations_v_scaffold/lean/SixBirdsFoundationsV/Laws/E3SelfMaintainingReclosure.lean,403,UPSTREAM_MANIFEST_MATCH,formalization/notes/examples/E3.md,none
SixBirdsFoundationsV.ObjectLevelFixedPointCertified,E3,structure,definition,SixBirdsFoundationsV.Laws.E3SelfMaintainingReclosure,formalization/foundations_v_scaffold/lean/SixBirdsFoundationsV/Laws/E3SelfMaintainingReclosure.lean,460,UPSTREAM_MANIFEST_MATCH,formalization/notes/examples/E3.md,none
SixBirdsFoundationsV.ObjectRecordCoherenceCertified,E3,structure,definition,SixBirdsFoundationsV.Laws.E3SelfMaintainingReclosure,formalization/foundations_v_scaffold/lean/SixBirdsFoundationsV/Laws/E3SelfMaintainingReclosure.lean,468,UPSTREAM_MANIFEST_MATCH,formalization/notes/examples/E3.md,none
SixBirdsFoundationsV.ObjectLevelTransientPersistence,E3,structure,definition,SixBirdsFoundationsV.Laws.E3SelfMaintainingReclosure,formalization/foundations_v_scaffold/lean/SixBirdsFoundationsV/Laws/E3SelfMaintainingReclosure.lean,476,UPSTREAM_MANIFEST_MATCH,formalization/notes/examples/E3.md,none
SixBirdsFoundationsV.ApparatusLevelFixedPointMaintained,E3,def,definition,SixBirdsFoundationsV.Laws.E3SelfMaintainingReclosure,formalization/foundations_v_scaffold/lean/SixBirdsFoundationsV/Laws/E3SelfMaintainingReclosure.lean,480,UPSTREAM_MANIFEST_MATCH,formalization/notes/examples/E3.md,none
SixBirdsFoundationsV.TwoLevelFixedPoint,E3,def,definition,SixBirdsFoundationsV.Laws.E3SelfMaintainingReclosure,formalization/foundations_v_scaffold/lean/SixBirdsFoundationsV/Laws/E3SelfMaintainingReclosure.lean,530,UPSTREAM_MANIFEST_MATCH,formalization/notes/examples/E3.md,none
SixBirdsFoundationsV.E2AuditedRepairTriggerWitnessFor,E3,def,definition,SixBirdsFoundationsV.Laws.E3SelfMaintainingReclosure,formalization/foundations_v_scaffold/lean/SixBirdsFoundationsV/Laws/E3SelfMaintainingReclosure.lean,596,UPSTREAM_MANIFEST_MATCH,formalization/notes/examples/E3.md,none
SixBirdsFoundationsV.MaintenanceTowerAuditCitation,E3,structure,definition,SixBirdsFoundationsV.Laws.E3SelfMaintainingReclosure,formalization/foundations_v_scaffold/lean/SixBirdsFoundationsV/Laws/E3SelfMaintainingReclosure.lean,637,UPSTREAM_MANIFEST_MATCH,formalization/notes/examples/E3.md,none
SixBirdsFoundationsV.MaintenanceOperatorAuditedByTower,E3,def,definition,SixBirdsFoundationsV.Laws.E3SelfMaintainingReclosure,formalization/foundations_v_scaffold/lean/SixBirdsFoundationsV/Laws/E3SelfMaintainingReclosure.lean,651,UPSTREAM_MANIFEST_MATCH,formalization/notes/examples/E3.md,none
SixBirdsFoundationsV.E2StatusPartitionConclusion,E3,def,definition,SixBirdsFoundationsV.Laws.E3SelfMaintainingReclosure,formalization/foundations_v_scaffold/lean/SixBirdsFoundationsV/Laws/E3SelfMaintainingReclosure.lean,711,UPSTREAM_MANIFEST_MATCH,formalization/notes/examples/E3.md,none
SixBirdsFoundationsV.MaintenanceAuditRegressStoppedByE2,E3,def,definition,SixBirdsFoundationsV.Laws.E3SelfMaintainingReclosure,formalization/foundations_v_scaffold/lean/SixBirdsFoundationsV/Laws/E3SelfMaintainingReclosure.lean,772,UPSTREAM_MANIFEST_MATCH,formalization/notes/examples/E3.md,none
SixBirdsFoundationsV.ClosureMaintenanceComponent,E3,inductive,definition,SixBirdsFoundationsV.Laws.E3SelfMaintainingReclosure,formalization/foundations_v_scaffold/lean/SixBirdsFoundationsV/Laws/E3SelfMaintainingReclosure.lean,829,UPSTREAM_MANIFEST_MATCH,formalization/notes/examples/E3.md,none
SixBirdsFoundationsV.ClosureMaintenanceComponentRequiredFor,E3,def,definition,SixBirdsFoundationsV.Laws.E3SelfMaintainingReclosure,formalization/foundations_v_scaffold/lean/SixBirdsFoundationsV/Laws/E3SelfMaintainingReclosure.lean,835,UPSTREAM_MANIFEST_MATCH,formalization/notes/examples/E3.md,none
SixBirdsFoundationsV.MaintenanceReinstatementAccountsForComponent,E3,structure,definition,SixBirdsFoundationsV.Laws.E3SelfMaintainingReclosure,formalization/foundations_v_scaffold/lean/SixBirdsFoundationsV/Laws/E3SelfMaintainingReclosure.lean,852,UPSTREAM_MANIFEST_MATCH,formalization/notes/examples/E3.md,none
SixBirdsFoundationsV.MaintenanceReinstatementAuditHistoryMembership,E3,structure,definition,SixBirdsFoundationsV.Laws.E3SelfMaintainingReclosure,formalization/foundations_v_scaffold/lean/SixBirdsFoundationsV/Laws/E3SelfMaintainingReclosure.lean,865,UPSTREAM_MANIFEST_MATCH,formalization/notes/examples/E3.md,none
SixBirdsFoundationsV.DeltaMaintBadSourceTag,E3,def,definition,SixBirdsFoundationsV.Laws.E3SelfMaintainingReclosure,formalization/foundations_v_scaffold/lean/SixBirdsFoundationsV/Laws/E3SelfMaintainingReclosure.lean,883,UPSTREAM_MANIFEST_MATCH,formalization/notes/examples/E3.md,none
SixBirdsFoundationsV.Delta_maint,E3,def,definition,SixBirdsFoundationsV.Laws.E3SelfMaintainingReclosure,formalization/foundations_v_scaffold/lean/SixBirdsFoundationsV/Laws/E3SelfMaintainingReclosure.lean,893,UPSTREAM_MANIFEST_MATCH,formalization/notes/examples/E3.md,none
SixBirdsFoundationsV.DeltaMaintEmpty,E3,def,definition,SixBirdsFoundationsV.Laws.E3SelfMaintainingReclosure,formalization/foundations_v_scaffold/lean/SixBirdsFoundationsV/Laws/E3SelfMaintainingReclosure.lean,941,UPSTREAM_MANIFEST_MATCH,formalization/notes/examples/E3.md,none
SixBirdsFoundationsV.ObjectFixedPointStatusRecord,E3,structure,definition,SixBirdsFoundationsV.Laws.E3SelfMaintainingReclosure,formalization/foundations_v_scaffold/lean/SixBirdsFoundationsV/Laws/E3SelfMaintainingReclosure.lean,969,UPSTREAM_MANIFEST_MATCH,formalization/notes/examples/E3.md,none
SixBirdsFoundationsV.ApparatusDistanceRecord,E3,structure,definition,SixBirdsFoundationsV.Laws.E3SelfMaintainingReclosure,formalization/foundations_v_scaffold/lean/SixBirdsFoundationsV/Laws/E3SelfMaintainingReclosure.lean,972,UPSTREAM_MANIFEST_MATCH,formalization/notes/examples/E3.md,none
SixBirdsFoundationsV.MaintenanceClosureStatus,E3,inductive,definition,SixBirdsFoundationsV.Laws.E3SelfMaintainingReclosure,formalization/foundations_v_scaffold/lean/SixBirdsFoundationsV/Laws/E3SelfMaintainingReclosure.lean,975,UPSTREAM_MANIFEST_MATCH,formalization/notes/examples/E3.md,none
SixBirdsFoundationsV.MaintenanceStatusRecord,E3,structure,definition,SixBirdsFoundationsV.Laws.E3SelfMaintainingReclosure,formalization/foundations_v_scaffold/lean/SixBirdsFoundationsV/Laws/E3SelfMaintainingReclosure.lean,981,UPSTREAM_MANIFEST_MATCH,formalization/notes/examples/E3.md,none
SixBirdsFoundationsV.MaintenanceStatusRecordCarriedAt,E3,def,definition,SixBirdsFoundationsV.Laws.E3SelfMaintainingReclosure,formalization/foundations_v_scaffold/lean/SixBirdsFoundationsV/Laws/E3SelfMaintainingReclosure.lean,1002,UPSTREAM_MANIFEST_MATCH,formalization/notes/examples/E3.md,none
SixBirdsFoundationsV.MaintenanceStatusOccurrenceFor,E3,def,definition,SixBirdsFoundationsV.Laws.E3SelfMaintainingReclosure,formalization/foundations_v_scaffold/lean/SixBirdsFoundationsV/Laws/E3SelfMaintainingReclosure.lean,1020,UPSTREAM_MANIFEST_MATCH,formalization/notes/examples/E3.md,none
SixBirdsFoundationsV.ApparatusStableWithoutMaintenance,E3,structure,definition,SixBirdsFoundationsV.Laws.E3SelfMaintainingReclosure,formalization/foundations_v_scaffold/lean/SixBirdsFoundationsV/Laws/E3SelfMaintainingReclosure.lean,1055,UPSTREAM_MANIFEST_MATCH,formalization/notes/examples/E3.md,none
SixBirdsFoundationsV.ApparatusDecayExceedsTolerance,E3,structure,definition,SixBirdsFoundationsV.Laws.E3SelfMaintainingReclosure,formalization/foundations_v_scaffold/lean/SixBirdsFoundationsV/Laws/E3SelfMaintainingReclosure.lean,1072,UPSTREAM_MANIFEST_MATCH,formalization/notes/examples/E3.md,none
SixBirdsFoundationsV.ApparatusStabilityComplementarity,E3,structure,definition,SixBirdsFoundationsV.Laws.E3SelfMaintainingReclosure,formalization/foundations_v_scaffold/lean/SixBirdsFoundationsV/Laws/E3SelfMaintainingReclosure.lean,1089,UPSTREAM_MANIFEST_MATCH,formalization/notes/examples/E3.md,none
SixBirdsFoundationsV.ApparatusReinstatedByExternalCarrier,E3,structure,definition,SixBirdsFoundationsV.Laws.E3SelfMaintainingReclosure,formalization/foundations_v_scaffold/lean/SixBirdsFoundationsV/Laws/E3SelfMaintainingReclosure.lean,1110,UPSTREAM_MANIFEST_MATCH,formalization/notes/examples/E3.md,none
SixBirdsFoundationsV.NoValidMaintenanceReinstatement,E3,structure,definition,SixBirdsFoundationsV.Laws.E3SelfMaintainingReclosure,formalization/foundations_v_scaffold/lean/SixBirdsFoundationsV/Laws/E3SelfMaintainingReclosure.lean,1126,UPSTREAM_MANIFEST_MATCH,formalization/notes/examples/E3.md,none
SixBirdsFoundationsV.MaintenanceOperatorAccountsForApparatus,E3,structure,definition,SixBirdsFoundationsV.Laws.E3SelfMaintainingReclosure,formalization/foundations_v_scaffold/lean/SixBirdsFoundationsV/Laws/E3SelfMaintainingReclosure.lean,1142,UPSTREAM_MANIFEST_MATCH,formalization/notes/examples/E3.md,none
SixBirdsFoundationsV.SubsidizedReinstatementWitness,E3,def,definition,SixBirdsFoundationsV.Laws.E3SelfMaintainingReclosure,formalization/foundations_v_scaffold/lean/SixBirdsFoundationsV/Laws/E3SelfMaintainingReclosure.lean,1153,UPSTREAM_MANIFEST_MATCH,formalization/notes/examples/E3.md,none
SixBirdsFoundationsV.CrystalGradeEvidence,E3,def,definition,SixBirdsFoundationsV.Laws.E3SelfMaintainingReclosure,formalization/foundations_v_scaffold/lean/SixBirdsFoundationsV/Laws/E3SelfMaintainingReclosure.lean,1204,UPSTREAM_MANIFEST_MATCH,formalization/notes/examples/E3.md,none
SixBirdsFoundationsV.MaintainedClosureEvidence,E3,def,definition,SixBirdsFoundationsV.Laws.E3SelfMaintainingReclosure,formalization/foundations_v_scaffold/lean/SixBirdsFoundationsV/Laws/E3SelfMaintainingReclosure.lean,1282,UPSTREAM_MANIFEST_MATCH,formalization/notes/examples/E3.md,none
SixBirdsFoundationsV.SubsidizedClosureEvidence,E3,def,definition,SixBirdsFoundationsV.Laws.E3SelfMaintainingReclosure,formalization/foundations_v_scaffold/lean/SixBirdsFoundationsV/Laws/E3SelfMaintainingReclosure.lean,1383,UPSTREAM_MANIFEST_MATCH,formalization/notes/examples/E3.md,none
SixBirdsFoundationsV.DecayingClosureEvidence,E3,def,definition,SixBirdsFoundationsV.Laws.E3SelfMaintainingReclosure,formalization/foundations_v_scaffold/lean/SixBirdsFoundationsV/Laws/E3SelfMaintainingReclosure.lean,1465,UPSTREAM_MANIFEST_MATCH,formalization/notes/examples/E3.md,none
SixBirdsFoundationsV.CrystalGradeCase,E3,def,definition,SixBirdsFoundationsV.Laws.E3SelfMaintainingReclosure,formalization/foundations_v_scaffold/lean/SixBirdsFoundationsV/Laws/E3SelfMaintainingReclosure.lean,1543,UPSTREAM_MANIFEST_MATCH,formalization/notes/examples/E3.md,none
SixBirdsFoundationsV.MaintainedClosureCase,E3,def,definition,SixBirdsFoundationsV.Laws.E3SelfMaintainingReclosure,formalization/foundations_v_scaffold/lean/SixBirdsFoundationsV/Laws/E3SelfMaintainingReclosure.lean,1612,UPSTREAM_MANIFEST_MATCH,formalization/notes/examples/E3.md,none
SixBirdsFoundationsV.SubsidizedClosureCase,E3,def,definition,SixBirdsFoundationsV.Laws.E3SelfMaintainingReclosure,formalization/foundations_v_scaffold/lean/SixBirdsFoundationsV/Laws/E3SelfMaintainingReclosure.lean,1700,UPSTREAM_MANIFEST_MATCH,formalization/notes/examples/E3.md,none
SixBirdsFoundationsV.DecayingClosureCase,E3,def,definition,SixBirdsFoundationsV.Laws.E3SelfMaintainingReclosure,formalization/foundations_v_scaffold/lean/SixBirdsFoundationsV/Laws/E3SelfMaintainingReclosure.lean,1789,UPSTREAM_MANIFEST_MATCH,formalization/notes/examples/E3.md,none
SixBirdsFoundationsV.CrystalGradeHolds,E3,def,definition,SixBirdsFoundationsV.Laws.E3SelfMaintainingReclosure,formalization/foundations_v_scaffold/lean/SixBirdsFoundationsV/Laws/E3SelfMaintainingReclosure.lean,1858,UPSTREAM_MANIFEST_MATCH,formalization/notes/examples/E3.md,none
SixBirdsFoundationsV.MaintainedClosureHolds,E3,def,definition,SixBirdsFoundationsV.Laws.E3SelfMaintainingReclosure,formalization/foundations_v_scaffold/lean/SixBirdsFoundationsV/Laws/E3SelfMaintainingReclosure.lean,1923,UPSTREAM_MANIFEST_MATCH,formalization/notes/examples/E3.md,none
SixBirdsFoundationsV.SubsidizedClosureHolds,E3,def,definition,SixBirdsFoundationsV.Laws.E3SelfMaintainingReclosure,formalization/foundations_v_scaffold/lean/SixBirdsFoundationsV/Laws/E3SelfMaintainingReclosure.lean,2000,UPSTREAM_MANIFEST_MATCH,formalization/notes/examples/E3.md,none
SixBirdsFoundationsV.DecayingClosureHolds,E3,def,definition,SixBirdsFoundationsV.Laws.E3SelfMaintainingReclosure,formalization/foundations_v_scaffold/lean/SixBirdsFoundationsV/Laws/E3SelfMaintainingReclosure.lean,2077,UPSTREAM_MANIFEST_MATCH,formalization/notes/examples/E3.md,none
SixBirdsFoundationsV.CompleteMaintenanceStatus,E3,def,definition,SixBirdsFoundationsV.Laws.E3SelfMaintainingReclosure,formalization/foundations_v_scaffold/lean/SixBirdsFoundationsV/Laws/E3SelfMaintainingReclosure.lean,2142,UPSTREAM_MANIFEST_MATCH,formalization/notes/examples/E3.md,none
SixBirdsFoundationsV.E3_TwoLevelFixedPoint,E3,theorem,theorem,SixBirdsFoundationsV.Laws.E3SelfMaintainingReclosure,formalization/foundations_v_scaffold/lean/SixBirdsFoundationsV/Laws/E3SelfMaintainingReclosure.lean,2275,UPSTREAM_MANIFEST_MATCH,formalization/notes/examples/E3.md,none
SixBirdsFoundationsV.E3_StatusPartition,E3,theorem,theorem,SixBirdsFoundationsV.Laws.E3SelfMaintainingReclosure,formalization/foundations_v_scaffold/lean/SixBirdsFoundationsV/Laws/E3SelfMaintainingReclosure.lean,2418,UPSTREAM_MANIFEST_MATCH,formalization/notes/examples/E3.md,none
SixBirdsFoundationsV.E3_RegressStoppedByE2,E3,theorem,theorem,SixBirdsFoundationsV.Laws.E3SelfMaintainingReclosure,formalization/foundations_v_scaffold/lean/SixBirdsFoundationsV/Laws/E3SelfMaintainingReclosure.lean,2795,UPSTREAM_MANIFEST_MATCH,formalization/notes/examples/E3.md,none
SixBirdsFoundationsV.MeasuredCurve,E3,structure,definition,SixBirdsFoundationsV.Laws.E3SelfMaintainingReclosure,formalization/foundations_v_scaffold/lean/SixBirdsFoundationsV/Laws/E3SelfMaintainingReclosure.lean,2894,UPSTREAM_MANIFEST_MATCH,formalization/notes/examples/E3.md,none
SixBirdsFoundationsV.MaintenanceChannelAblated,E3,structure,definition,SixBirdsFoundationsV.Laws.E3SelfMaintainingReclosure,formalization/foundations_v_scaffold/lean/SixBirdsFoundationsV/Laws/E3SelfMaintainingReclosure.lean,2901,UPSTREAM_MANIFEST_MATCH,formalization/notes/examples/E3.md,none
SixBirdsFoundationsV.PersistentPerturbationExposure,E3,structure,definition,SixBirdsFoundationsV.Laws.E3SelfMaintainingReclosure,formalization/foundations_v_scaffold/lean/SixBirdsFoundationsV/Laws/E3SelfMaintainingReclosure.lean,2909,UPSTREAM_MANIFEST_MATCH,formalization/notes/examples/E3.md,none
SixBirdsFoundationsV.ObjectDecayCurve,E3,structure,definition,SixBirdsFoundationsV.Laws.E3SelfMaintainingReclosure,formalization/foundations_v_scaffold/lean/SixBirdsFoundationsV/Laws/E3SelfMaintainingReclosure.lean,2917,UPSTREAM_MANIFEST_MATCH,formalization/notes/examples/E3.md,none
SixBirdsFoundationsV.ApparatusDecayCurve,E3,structure,definition,SixBirdsFoundationsV.Laws.E3SelfMaintainingReclosure,formalization/foundations_v_scaffold/lean/SixBirdsFoundationsV/Laws/E3SelfMaintainingReclosure.lean,2925,UPSTREAM_MANIFEST_MATCH,formalization/notes/examples/E3.md,none
SixBirdsFoundationsV.CurvesSeparate,E3,def,definition,SixBirdsFoundationsV.Laws.E3SelfMaintainingReclosure,formalization/foundations_v_scaffold/lean/SixBirdsFoundationsV/Laws/E3SelfMaintainingReclosure.lean,2933,UPSTREAM_MANIFEST_MATCH,formalization/notes/examples/E3.md,none
SixBirdsFoundationsV.AblationSeparationCertified,E3,structure,definition,SixBirdsFoundationsV.Laws.E3SelfMaintainingReclosure,formalization/foundations_v_scaffold/lean/SixBirdsFoundationsV/Laws/E3SelfMaintainingReclosure.lean,2946,UPSTREAM_MANIFEST_MATCH,formalization/notes/examples/E3.md,none
SixBirdsFoundationsV.E3_AblationSeparation,E3,theorem,theorem,SixBirdsFoundationsV.Laws.E3SelfMaintainingReclosure,formalization/foundations_v_scaffold/lean/SixBirdsFoundationsV/Laws/E3SelfMaintainingReclosure.lean,2963,UPSTREAM_MANIFEST_MATCH,formalization/notes/examples/E3.md,none
SixBirdsFoundationsV.CompilationCandidateWindow,E4,structure,definition,SixBirdsFoundationsV.Laws.E4RepairCompilation,formalization/foundations_v_scaffold/lean/SixBirdsFoundationsV/Laws/E4RepairCompilation.lean,44,UPSTREAM_MANIFEST_MATCH,formalization/notes/examples/E4.md,none
SixBirdsFoundationsV.ObstructionReducingAcrossWindow,E4,def,definition,SixBirdsFoundationsV.Laws.E4RepairCompilation,formalization/foundations_v_scaffold/lean/SixBirdsFoundationsV/Laws/E4RepairCompilation.lean,66,UPSTREAM_MANIFEST_MATCH,formalization/notes/examples/E4.md,none
SixBirdsFoundationsV.IdempotenceDefectMeasure,E4,structure,definition,SixBirdsFoundationsV.Laws.E4RepairCompilation,formalization/foundations_v_scaffold/lean/SixBirdsFoundationsV/Laws/E4RepairCompilation.lean,94,UPSTREAM_MANIFEST_MATCH,formalization/notes/examples/E4.md,none
SixBirdsFoundationsV.IdempotenceStableAcrossWindow,E4,def,definition,SixBirdsFoundationsV.Laws.E4RepairCompilation,formalization/foundations_v_scaffold/lean/SixBirdsFoundationsV/Laws/E4RepairCompilation.lean,103,UPSTREAM_MANIFEST_MATCH,formalization/notes/examples/E4.md,none
SixBirdsFoundationsV.MemoryOnlyComparatorCertified,E4,structure,definition,SixBirdsFoundationsV.Laws.E4RepairCompilation,formalization/foundations_v_scaffold/lean/SixBirdsFoundationsV/Laws/E4RepairCompilation.lean,125,UPSTREAM_MANIFEST_MATCH,formalization/notes/examples/E4.md,none
SixBirdsFoundationsV.CompiledOperatorRecord,E4,structure,definition,SixBirdsFoundationsV.Laws.E4RepairCompilation,formalization/foundations_v_scaffold/lean/SixBirdsFoundationsV/Laws/E4RepairCompilation.lean,137,UPSTREAM_MANIFEST_MATCH,formalization/notes/examples/E4.md,none
SixBirdsFoundationsV.CompilationLawful,E4,def,definition,SixBirdsFoundationsV.Laws.E4RepairCompilation,formalization/foundations_v_scaffold/lean/SixBirdsFoundationsV/Laws/E4RepairCompilation.lean,171,UPSTREAM_MANIFEST_MATCH,formalization/notes/examples/E4.md,none
SixBirdsFoundationsV.compilationLawful_requiredCoreGatesPass,E4,theorem,theorem,SixBirdsFoundationsV.Laws.E4RepairCompilation,formalization/foundations_v_scaffold/lean/SixBirdsFoundationsV/Laws/E4RepairCompilation.lean,190,UPSTREAM_MANIFEST_MATCH,formalization/notes/examples/E4.md,none
SixBirdsFoundationsV.CompiledDescent,E4,def,definition,SixBirdsFoundationsV.Laws.E4RepairCompilation,formalization/foundations_v_scaffold/lean/SixBirdsFoundationsV/Laws/E4RepairCompilation.lean,208,UPSTREAM_MANIFEST_MATCH,formalization/notes/examples/E4.md,none
SixBirdsFoundationsV.HigherPackageGoesSilent,E4,def,definition,SixBirdsFoundationsV.Laws.E4RepairCompilation,formalization/foundations_v_scaffold/lean/SixBirdsFoundationsV/Laws/E4RepairCompilation.lean,221,UPSTREAM_MANIFEST_MATCH,formalization/notes/examples/E4.md,none
SixBirdsFoundationsV.F2Certified,E4,structure,definition,SixBirdsFoundationsV.Laws.E4RepairCompilation,formalization/foundations_v_scaffold/lean/SixBirdsFoundationsV/Laws/E4RepairCompilation.lean,239,UPSTREAM_MANIFEST_MATCH,formalization/notes/examples/E4.md,none
SixBirdsFoundationsV.ObstructionClassification,E4,inductive,definition,SixBirdsFoundationsV.Laws.E4RepairCompilation,formalization/foundations_v_scaffold/lean/SixBirdsFoundationsV/Laws/E4RepairCompilation.lean,278,UPSTREAM_MANIFEST_MATCH,formalization/notes/examples/E4.md,none
SixBirdsFoundationsV.ObstructionStatusRecord,E4,structure,definition,SixBirdsFoundationsV.Laws.E4RepairCompilation,formalization/foundations_v_scaffold/lean/SixBirdsFoundationsV/Laws/E4RepairCompilation.lean,282,UPSTREAM_MANIFEST_MATCH,formalization/notes/examples/E4.md,none
SixBirdsFoundationsV.CarriedObstructionStatusFor,E4,def,definition,SixBirdsFoundationsV.Laws.E4RepairCompilation,formalization/foundations_v_scaffold/lean/SixBirdsFoundationsV/Laws/E4RepairCompilation.lean,293,UPSTREAM_MANIFEST_MATCH,formalization/notes/examples/E4.md,none
SixBirdsFoundationsV.OutOfClassObstructionWitness,E4,structure,definition,SixBirdsFoundationsV.Laws.E4RepairCompilation,formalization/foundations_v_scaffold/lean/SixBirdsFoundationsV/Laws/E4RepairCompilation.lean,310,UPSTREAM_MANIFEST_MATCH,formalization/notes/examples/E4.md,none
SixBirdsFoundationsV.DecompilationEventRecord,E4,structure,definition,SixBirdsFoundationsV.Laws.E4RepairCompilation,formalization/foundations_v_scaffold/lean/SixBirdsFoundationsV/Laws/E4RepairCompilation.lean,332,UPSTREAM_MANIFEST_MATCH,formalization/notes/examples/E4.md,none
SixBirdsFoundationsV.CompiledOperatorRecordAttributedTo,E4,def,definition,SixBirdsFoundationsV.Laws.E4RepairCompilation,formalization/foundations_v_scaffold/lean/SixBirdsFoundationsV/Laws/E4RepairCompilation.lean,347,UPSTREAM_MANIFEST_MATCH,formalization/notes/examples/E4.md,none
SixBirdsFoundationsV.ExposedCase,E4,def,definition,SixBirdsFoundationsV.Laws.E4RepairCompilation,formalization/foundations_v_scaffold/lean/SixBirdsFoundationsV/Laws/E4RepairCompilation.lean,363,UPSTREAM_MANIFEST_MATCH,formalization/notes/examples/E4.md,none
SixBirdsFoundationsV.DecompiledCase,E4,def,definition,SixBirdsFoundationsV.Laws.E4RepairCompilation,formalization/foundations_v_scaffold/lean/SixBirdsFoundationsV/Laws/E4RepairCompilation.lean,378,UPSTREAM_MANIFEST_MATCH,formalization/notes/examples/E4.md,none
SixBirdsFoundationsV.CompiledCase,E4,def,definition,SixBirdsFoundationsV.Laws.E4RepairCompilation,formalization/foundations_v_scaffold/lean/SixBirdsFoundationsV/Laws/E4RepairCompilation.lean,400,UPSTREAM_MANIFEST_MATCH,formalization/notes/examples/E4.md,none
SixBirdsFoundationsV.MisCompiledCase,E4,def,definition,SixBirdsFoundationsV.Laws.E4RepairCompilation,formalization/foundations_v_scaffold/lean/SixBirdsFoundationsV/Laws/E4RepairCompilation.lean,435,UPSTREAM_MANIFEST_MATCH,formalization/notes/examples/E4.md,none
SixBirdsFoundationsV.CompilingCase,E4,def,definition,SixBirdsFoundationsV.Laws.E4RepairCompilation,formalization/foundations_v_scaffold/lean/SixBirdsFoundationsV/Laws/E4RepairCompilation.lean,470,UPSTREAM_MANIFEST_MATCH,formalization/notes/examples/E4.md,none
SixBirdsFoundationsV.CompilationStatus,E4,inductive,definition,SixBirdsFoundationsV.Laws.E4RepairCompilation,formalization/foundations_v_scaffold/lean/SixBirdsFoundationsV/Laws/E4RepairCompilation.lean,503,UPSTREAM_MANIFEST_MATCH,formalization/notes/examples/E4.md,none
SixBirdsFoundationsV.CompilationStatusRecord,E4,structure,definition,SixBirdsFoundationsV.Laws.E4RepairCompilation,formalization/foundations_v_scaffold/lean/SixBirdsFoundationsV/Laws/E4RepairCompilation.lean,510,UPSTREAM_MANIFEST_MATCH,formalization/notes/examples/E4.md,none
SixBirdsFoundationsV.CompilationStatusOccurrenceFor,E4,def,definition,SixBirdsFoundationsV.Laws.E4RepairCompilation,formalization/foundations_v_scaffold/lean/SixBirdsFoundationsV/Laws/E4RepairCompilation.lean,521,UPSTREAM_MANIFEST_MATCH,formalization/notes/examples/E4.md,none
SixBirdsFoundationsV.CompleteCompilationStatus,E4,def,definition,SixBirdsFoundationsV.Laws.E4RepairCompilation,formalization/foundations_v_scaffold/lean/SixBirdsFoundationsV/Laws/E4RepairCompilation.lean,548,UPSTREAM_MANIFEST_MATCH,formalization/notes/examples/E4.md,none
SixBirdsFoundationsV.ExposedHolds,E4,def,definition,SixBirdsFoundationsV.Laws.E4RepairCompilation,formalization/foundations_v_scaffold/lean/SixBirdsFoundationsV/Laws/E4RepairCompilation.lean,603,UPSTREAM_MANIFEST_MATCH,formalization/notes/examples/E4.md,none
SixBirdsFoundationsV.DecompiledHolds,E4,def,definition,SixBirdsFoundationsV.Laws.E4RepairCompilation,formalization/foundations_v_scaffold/lean/SixBirdsFoundationsV/Laws/E4RepairCompilation.lean,629,UPSTREAM_MANIFEST_MATCH,formalization/notes/examples/E4.md,none
SixBirdsFoundationsV.CompiledHolds,E4,def,definition,SixBirdsFoundationsV.Laws.E4RepairCompilation,formalization/foundations_v_scaffold/lean/SixBirdsFoundationsV/Laws/E4RepairCompilation.lean,651,UPSTREAM_MANIFEST_MATCH,formalization/notes/examples/E4.md,none
SixBirdsFoundationsV.MisCompiledHolds,E4,def,definition,SixBirdsFoundationsV.Laws.E4RepairCompilation,formalization/foundations_v_scaffold/lean/SixBirdsFoundationsV/Laws/E4RepairCompilation.lean,681,UPSTREAM_MANIFEST_MATCH,formalization/notes/examples/E4.md,none
SixBirdsFoundationsV.CompilingHolds,E4,def,definition,SixBirdsFoundationsV.Laws.E4RepairCompilation,formalization/foundations_v_scaffold/lean/SixBirdsFoundationsV/Laws/E4RepairCompilation.lean,711,UPSTREAM_MANIFEST_MATCH,formalization/notes/examples/E4.md,none
SixBirdsFoundationsV.E4_Compilation,E4,theorem,theorem,SixBirdsFoundationsV.Laws.E4RepairCompilation,formalization/foundations_v_scaffold/lean/SixBirdsFoundationsV/Laws/E4RepairCompilation.lean,774,UPSTREAM_MANIFEST_MATCH,formalization/notes/examples/E4.md,none
SixBirdsFoundationsV.E4_Brittleness,E4,theorem,theorem,SixBirdsFoundationsV.Laws.E4RepairCompilation,formalization/foundations_v_scaffold/lean/SixBirdsFoundationsV/Laws/E4RepairCompilation.lean,816,UPSTREAM_MANIFEST_MATCH,formalization/notes/examples/E4.md,none
SixBirdsFoundationsV.E4_StatusPartition,E4,theorem,theorem,SixBirdsFoundationsV.Laws.E4RepairCompilation,formalization/foundations_v_scaffold/lean/SixBirdsFoundationsV/Laws/E4RepairCompilation.lean,843,UPSTREAM_MANIFEST_MATCH,formalization/notes/examples/E4.md,none
SixBirdsFoundationsV.CollapseMoveKind,E5,inductive,definition,SixBirdsFoundationsV.Laws.E5ReclosureCollapse,formalization/foundations_v_scaffold/lean/SixBirdsFoundationsV/Laws/E5ReclosureCollapse.lean,43,UPSTREAM_MANIFEST_MATCH,formalization/notes/examples/E5.md,none
SixBirdsFoundationsV.CollapseMoveRecord,E5,structure,definition,SixBirdsFoundationsV.Laws.E5ReclosureCollapse,formalization/foundations_v_scaffold/lean/SixBirdsFoundationsV/Laws/E5ReclosureCollapse.lean,50,UPSTREAM_MANIFEST_MATCH,formalization/notes/examples/E5.md,none
SixBirdsFoundationsV.CollapseScopeRecord,E5,structure,definition,SixBirdsFoundationsV.Laws.E5ReclosureCollapse,formalization/foundations_v_scaffold/lean/SixBirdsFoundationsV/Laws/E5ReclosureCollapse.lean,55,UPSTREAM_MANIFEST_MATCH,formalization/notes/examples/E5.md,none
SixBirdsFoundationsV.CollapseBoundaryRecord,E5,structure,definition,SixBirdsFoundationsV.Laws.E5ReclosureCollapse,formalization/foundations_v_scaffold/lean/SixBirdsFoundationsV/Laws/E5ReclosureCollapse.lean,59,UPSTREAM_MANIFEST_MATCH,formalization/notes/examples/E5.md,none
SixBirdsFoundationsV.BoundaryUpdateRecord,E5,structure,definition,SixBirdsFoundationsV.Laws.E5ReclosureCollapse,formalization/foundations_v_scaffold/lean/SixBirdsFoundationsV/Laws/E5ReclosureCollapse.lean,67,UPSTREAM_MANIFEST_MATCH,formalization/notes/examples/E5.md,none
SixBirdsFoundationsV.ReclosureCollapseStatusRecordRef,E5,structure,definition,SixBirdsFoundationsV.Laws.E5ReclosureCollapse,formalization/foundations_v_scaffold/lean/SixBirdsFoundationsV/Laws/E5ReclosureCollapse.lean,76,UPSTREAM_MANIFEST_MATCH,formalization/notes/examples/E5.md,none
SixBirdsFoundationsV.PriorStatusIsSubsidizedOrCollapsed,E5,structure,definition,SixBirdsFoundationsV.Laws.E5ReclosureCollapse,formalization/foundations_v_scaffold/lean/SixBirdsFoundationsV/Laws/E5ReclosureCollapse.lean,81,UPSTREAM_MANIFEST_MATCH,formalization/notes/examples/E5.md,none
SixBirdsFoundationsV.ResidualStatusRecord,E5,structure,definition,SixBirdsFoundationsV.Laws.E5ReclosureCollapse,formalization/foundations_v_scaffold/lean/SixBirdsFoundationsV/Laws/E5ReclosureCollapse.lean,84,UPSTREAM_MANIFEST_MATCH,formalization/notes/examples/E5.md,none
SixBirdsFoundationsV.SubsidyRecord,E5,structure,definition,SixBirdsFoundationsV.Laws.E5ReclosureCollapse,formalization/foundations_v_scaffold/lean/SixBirdsFoundationsV/Laws/E5ReclosureCollapse.lean,88,UPSTREAM_MANIFEST_MATCH,formalization/notes/examples/E5.md,none
SixBirdsFoundationsV.SubsidyWithdrawalRecord,E5,structure,definition,SixBirdsFoundationsV.Laws.E5ReclosureCollapse,formalization/foundations_v_scaffold/lean/SixBirdsFoundationsV/Laws/E5ReclosureCollapse.lean,92,UPSTREAM_MANIFEST_MATCH,formalization/notes/examples/E5.md,none
SixBirdsFoundationsV.SuspensionRecord,E5,structure,definition,SixBirdsFoundationsV.Laws.E5ReclosureCollapse,formalization/foundations_v_scaffold/lean/SixBirdsFoundationsV/Laws/E5ReclosureCollapse.lean,96,UPSTREAM_MANIFEST_MATCH,formalization/notes/examples/E5.md,none
SixBirdsFoundationsV.RepairGeneratorReachabilityRecord,E5,structure,definition,SixBirdsFoundationsV.Laws.E5ReclosureCollapse,formalization/foundations_v_scaffold/lean/SixBirdsFoundationsV/Laws/E5ReclosureCollapse.lean,100,UPSTREAM_MANIFEST_MATCH,formalization/notes/examples/E5.md,none
SixBirdsFoundationsV.ApparatusViabilityKernelRecord,E5,structure,definition,SixBirdsFoundationsV.Laws.E5ReclosureCollapse,formalization/foundations_v_scaffold/lean/SixBirdsFoundationsV/Laws/E5ReclosureCollapse.lean,104,UPSTREAM_MANIFEST_MATCH,formalization/notes/examples/E5.md,none
SixBirdsFoundationsV.ApparatusIntactCertified,E5,structure,definition,SixBirdsFoundationsV.Laws.E5ReclosureCollapse,formalization/foundations_v_scaffold/lean/SixBirdsFoundationsV/Laws/E5ReclosureCollapse.lean,109,UPSTREAM_MANIFEST_MATCH,formalization/notes/examples/E5.md,none
SixBirdsFoundationsV.OperationsGatedOffCertified,E5,structure,definition,SixBirdsFoundationsV.Laws.E5ReclosureCollapse,formalization/foundations_v_scaffold/lean/SixBirdsFoundationsV/Laws/E5ReclosureCollapse.lean,114,UPSTREAM_MANIFEST_MATCH,formalization/notes/examples/E5.md,none
SixBirdsFoundationsV.BindingOperationalChallengeActive,E5,structure,definition,SixBirdsFoundationsV.Laws.E5ReclosureCollapse,formalization/foundations_v_scaffold/lean/SixBirdsFoundationsV/Laws/E5ReclosureCollapse.lean,119,UPSTREAM_MANIFEST_MATCH,formalization/notes/examples/E5.md,none
SixBirdsFoundationsV.DeclaredViabilityProbeFamily,E5,structure,definition,SixBirdsFoundationsV.Laws.E5ReclosureCollapse,formalization/foundations_v_scaffold/lean/SixBirdsFoundationsV/Laws/E5ReclosureCollapse.lean,123,UPSTREAM_MANIFEST_MATCH,formalization/notes/examples/E5.md,none
SixBirdsFoundationsV.DescentReadoutForProbeFamily,E5,structure,definition,SixBirdsFoundationsV.Laws.E5ReclosureCollapse,formalization/foundations_v_scaffold/lean/SixBirdsFoundationsV/Laws/E5ReclosureCollapse.lean,135,UPSTREAM_MANIFEST_MATCH,formalization/notes/examples/E5.md,none
SixBirdsFoundationsV.RescueMoveCreditedForDescent,E5,structure,definition,SixBirdsFoundationsV.Laws.E5ReclosureCollapse,formalization/foundations_v_scaffold/lean/SixBirdsFoundationsV/Laws/E5ReclosureCollapse.lean,144,UPSTREAM_MANIFEST_MATCH,formalization/notes/examples/E5.md,none
SixBirdsFoundationsV.RescueDescentCertificate,E5,structure,definition,SixBirdsFoundationsV.Laws.E5ReclosureCollapse,formalization/foundations_v_scaffold/lean/SixBirdsFoundationsV/Laws/E5ReclosureCollapse.lean,155,UPSTREAM_MANIFEST_MATCH,formalization/notes/examples/E5.md,none
SixBirdsFoundationsV.CollapseBudgetWitness,E5,structure,definition,SixBirdsFoundationsV.Laws.E5ReclosureCollapse,formalization/foundations_v_scaffold/lean/SixBirdsFoundationsV/Laws/E5ReclosureCollapse.lean,193,UPSTREAM_MANIFEST_MATCH,formalization/notes/examples/E5.md,none
SixBirdsFoundationsV.CollapseBudgetFeasible,E5,def,definition,SixBirdsFoundationsV.Laws.E5ReclosureCollapse,formalization/foundations_v_scaffold/lean/SixBirdsFoundationsV/Laws/E5ReclosureCollapse.lean,203,UPSTREAM_MANIFEST_MATCH,formalization/notes/examples/E5.md,none
SixBirdsFoundationsV.RepairRescueCandidate,E5,structure,definition,SixBirdsFoundationsV.Laws.E5ReclosureCollapse,formalization/foundations_v_scaffold/lean/SixBirdsFoundationsV/Laws/E5ReclosureCollapse.lean,208,UPSTREAM_MANIFEST_MATCH,formalization/notes/examples/E5.md,none
SixBirdsFoundationsV.RepairRescueAdmissibleInBudget,E5,def,definition,SixBirdsFoundationsV.Laws.E5ReclosureCollapse,formalization/foundations_v_scaffold/lean/SixBirdsFoundationsV/Laws/E5ReclosureCollapse.lean,249,UPSTREAM_MANIFEST_MATCH,formalization/notes/examples/E5.md,none
SixBirdsFoundationsV.BoundaryUpdateCandidate,E5,structure,definition,SixBirdsFoundationsV.Laws.E5ReclosureCollapse,formalization/foundations_v_scaffold/lean/SixBirdsFoundationsV/Laws/E5ReclosureCollapse.lean,282,UPSTREAM_MANIFEST_MATCH,formalization/notes/examples/E5.md,none
SixBirdsFoundationsV.BoundaryUpdateAdmissibleInBudget,E5,def,definition,SixBirdsFoundationsV.Laws.E5ReclosureCollapse,formalization/foundations_v_scaffold/lean/SixBirdsFoundationsV/Laws/E5ReclosureCollapse.lean,327,UPSTREAM_MANIFEST_MATCH,formalization/notes/examples/E5.md,none
SixBirdsFoundationsV.ApparatusReclosureCandidate,E5,structure,definition,SixBirdsFoundationsV.Laws.E5ReclosureCollapse,formalization/foundations_v_scaffold/lean/SixBirdsFoundationsV/Laws/E5ReclosureCollapse.lean,355,UPSTREAM_MANIFEST_MATCH,formalization/notes/examples/E5.md,none
SixBirdsFoundationsV.ApparatusReclosureAdmissibleInBudget,E5,def,definition,SixBirdsFoundationsV.Laws.E5ReclosureCollapse,formalization/foundations_v_scaffold/lean/SixBirdsFoundationsV/Laws/E5ReclosureCollapse.lean,398,UPSTREAM_MANIFEST_MATCH,formalization/notes/examples/E5.md,none
SixBirdsFoundationsV.AcquisitionRescueCandidate,E5,structure,definition,SixBirdsFoundationsV.Laws.E5ReclosureCollapse,formalization/foundations_v_scaffold/lean/SixBirdsFoundationsV/Laws/E5ReclosureCollapse.lean,431,UPSTREAM_MANIFEST_MATCH,formalization/notes/examples/E5.md,none
SixBirdsFoundationsV.AcquisitionRescueAdmissibleInBudget,E5,def,definition,SixBirdsFoundationsV.Laws.E5ReclosureCollapse,formalization/foundations_v_scaffold/lean/SixBirdsFoundationsV/Laws/E5ReclosureCollapse.lean,484,UPSTREAM_MANIFEST_MATCH,formalization/notes/examples/E5.md,none
SixBirdsFoundationsV.CollapseRescueCandidate,E5,inductive,definition,SixBirdsFoundationsV.Laws.E5ReclosureCollapse,formalization/foundations_v_scaffold/lean/SixBirdsFoundationsV/Laws/E5ReclosureCollapse.lean,513,UPSTREAM_MANIFEST_MATCH,formalization/notes/examples/E5.md,none
SixBirdsFoundationsV.CollapseRescueAdmissibleInBudget,E5,def,definition,SixBirdsFoundationsV.Laws.E5ReclosureCollapse,formalization/foundations_v_scaffold/lean/SixBirdsFoundationsV/Laws/E5ReclosureCollapse.lean,589,UPSTREAM_MANIFEST_MATCH,formalization/notes/examples/E5.md,none
SixBirdsFoundationsV.CollapseRescueDescends,E5,def,definition,SixBirdsFoundationsV.Laws.E5ReclosureCollapse,formalization/foundations_v_scaffold/lean/SixBirdsFoundationsV/Laws/E5ReclosureCollapse.lean,651,UPSTREAM_MANIFEST_MATCH,formalization/notes/examples/E5.md,none
SixBirdsFoundationsV.CollapseRescueMoveRecord,E5,def,definition,SixBirdsFoundationsV.Laws.E5ReclosureCollapse,formalization/foundations_v_scaffold/lean/SixBirdsFoundationsV/Laws/E5ReclosureCollapse.lean,705,UPSTREAM_MANIFEST_MATCH,formalization/notes/examples/E5.md,none
SixBirdsFoundationsV.CompleteCollapseRescueInventory,E5,structure,definition,SixBirdsFoundationsV.Laws.E5ReclosureCollapse,formalization/foundations_v_scaffold/lean/SixBirdsFoundationsV/Laws/E5ReclosureCollapse.lean,756,UPSTREAM_MANIFEST_MATCH,formalization/notes/examples/E5.md,none
SixBirdsFoundationsV.CollapseFalsifier,E5,def,definition,SixBirdsFoundationsV.Laws.E5ReclosureCollapse,formalization/foundations_v_scaffold/lean/SixBirdsFoundationsV/Laws/E5ReclosureCollapse.lean,809,UPSTREAM_MANIFEST_MATCH,formalization/notes/examples/E5.md,none
SixBirdsFoundationsV.NoCollapseFalsifier,E5,def,definition,SixBirdsFoundationsV.Laws.E5ReclosureCollapse,formalization/foundations_v_scaffold/lean/SixBirdsFoundationsV/Laws/E5ReclosureCollapse.lean,857,UPSTREAM_MANIFEST_MATCH,formalization/notes/examples/E5.md,none
SixBirdsFoundationsV.StatusedResidualAccrual,E5,structure,definition,SixBirdsFoundationsV.Laws.E5ReclosureCollapse,formalization/foundations_v_scaffold/lean/SixBirdsFoundationsV/Laws/E5ReclosureCollapse.lean,903,UPSTREAM_MANIFEST_MATCH,formalization/notes/examples/E5.md,none
SixBirdsFoundationsV.CollapsedCore,E5,def,definition,SixBirdsFoundationsV.Laws.E5ReclosureCollapse,formalization/foundations_v_scaffold/lean/SixBirdsFoundationsV/Laws/E5ReclosureCollapse.lean,920,UPSTREAM_MANIFEST_MATCH,formalization/notes/examples/E5.md,none
SixBirdsFoundationsV.RepairGeneratorReachabilityCertified,E5,structure,definition,SixBirdsFoundationsV.Laws.E5ReclosureCollapse,formalization/foundations_v_scaffold/lean/SixBirdsFoundationsV/Laws/E5ReclosureCollapse.lean,966,UPSTREAM_MANIFEST_MATCH,formalization/notes/examples/E5.md,none
SixBirdsFoundationsV.ApparatusViabilityKernelCertified,E5,structure,definition,SixBirdsFoundationsV.Laws.E5ReclosureCollapse,formalization/foundations_v_scaffold/lean/SixBirdsFoundationsV/Laws/E5ReclosureCollapse.lean,978,UPSTREAM_MANIFEST_MATCH,formalization/notes/examples/E5.md,none
SixBirdsFoundationsV.IrreversibilityCoherence,E5,structure,definition,SixBirdsFoundationsV.Laws.E5ReclosureCollapse,formalization/foundations_v_scaffold/lean/SixBirdsFoundationsV/Laws/E5ReclosureCollapse.lean,986,UPSTREAM_MANIFEST_MATCH,formalization/notes/examples/E5.md,none
SixBirdsFoundationsV.IrreversibleCollapseInput,E5,def,definition,SixBirdsFoundationsV.Laws.E5ReclosureCollapse,formalization/foundations_v_scaffold/lean/SixBirdsFoundationsV/Laws/E5ReclosureCollapse.lean,1002,UPSTREAM_MANIFEST_MATCH,formalization/notes/examples/E5.md,none
SixBirdsFoundationsV.RecoverableCollapseInput,E5,def,definition,SixBirdsFoundationsV.Laws.E5ReclosureCollapse,formalization/foundations_v_scaffold/lean/SixBirdsFoundationsV/Laws/E5ReclosureCollapse.lean,1013,UPSTREAM_MANIFEST_MATCH,formalization/notes/examples/E5.md,none
SixBirdsFoundationsV.SubsidizerScopeOwns,E5,structure,definition,SixBirdsFoundationsV.Laws.E5ReclosureCollapse,formalization/foundations_v_scaffold/lean/SixBirdsFoundationsV/Laws/E5ReclosureCollapse.lean,1027,UPSTREAM_MANIFEST_MATCH,formalization/notes/examples/E5.md,none
SixBirdsFoundationsV.SubsidizerBudgetFeasible,E5,structure,definition,SixBirdsFoundationsV.Laws.E5ReclosureCollapse,formalization/foundations_v_scaffold/lean/SixBirdsFoundationsV/Laws/E5ReclosureCollapse.lean,1031,UPSTREAM_MANIFEST_MATCH,formalization/notes/examples/E5.md,none
SixBirdsFoundationsV.SubsidizerMoveDescends,E5,structure,definition,SixBirdsFoundationsV.Laws.E5ReclosureCollapse,formalization/foundations_v_scaffold/lean/SixBirdsFoundationsV/Laws/E5ReclosureCollapse.lean,1035,UPSTREAM_MANIFEST_MATCH,formalization/notes/examples/E5.md,none
SixBirdsFoundationsV.SubsidizerRescueCandidate,E5,structure,definition,SixBirdsFoundationsV.Laws.E5ReclosureCollapse,formalization/foundations_v_scaffold/lean/SixBirdsFoundationsV/Laws/E5ReclosureCollapse.lean,1040,UPSTREAM_MANIFEST_MATCH,formalization/notes/examples/E5.md,none
SixBirdsFoundationsV.ExternalSubsidyWitness,E5,structure,definition,SixBirdsFoundationsV.Laws.E5ReclosureCollapse,formalization/foundations_v_scaffold/lean/SixBirdsFoundationsV/Laws/E5ReclosureCollapse.lean,1056,UPSTREAM_MANIFEST_MATCH,formalization/notes/examples/E5.md,none
SixBirdsFoundationsV.ActiveExternalSubsidyAt,E5,def,definition,SixBirdsFoundationsV.Laws.E5ReclosureCollapse,formalization/foundations_v_scaffold/lean/SixBirdsFoundationsV/Laws/E5ReclosureCollapse.lean,1087,UPSTREAM_MANIFEST_MATCH,formalization/notes/examples/E5.md,none
SixBirdsFoundationsV.NoActiveExternalSubsidyAt,E5,def,definition,SixBirdsFoundationsV.Laws.E5ReclosureCollapse,formalization/foundations_v_scaffold/lean/SixBirdsFoundationsV/Laws/E5ReclosureCollapse.lean,1107,UPSTREAM_MANIFEST_MATCH,formalization/notes/examples/E5.md,none
SixBirdsFoundationsV.SubsidyWithdrawalEvent,E5,structure,definition,SixBirdsFoundationsV.Laws.E5ReclosureCollapse,formalization/foundations_v_scaffold/lean/SixBirdsFoundationsV/Laws/E5ReclosureCollapse.lean,1127,UPSTREAM_MANIFEST_MATCH,formalization/notes/examples/E5.md,none
SixBirdsFoundationsV.SuspensionWitness,E5,structure,definition,SixBirdsFoundationsV.Laws.E5ReclosureCollapse,formalization/foundations_v_scaffold/lean/SixBirdsFoundationsV/Laws/E5ReclosureCollapse.lean,1140,UPSTREAM_MANIFEST_MATCH,formalization/notes/examples/E5.md,none
SixBirdsFoundationsV.ApparatusLineageRecord,E5,structure,definition,SixBirdsFoundationsV.Laws.E5ReclosureCollapse,formalization/foundations_v_scaffold/lean/SixBirdsFoundationsV/Laws/E5ReclosureCollapse.lean,1179,UPSTREAM_MANIFEST_MATCH,formalization/notes/examples/E5.md,none
SixBirdsFoundationsV.RevivalWitness,E5,structure,definition,SixBirdsFoundationsV.Laws.E5ReclosureCollapse,formalization/foundations_v_scaffold/lean/SixBirdsFoundationsV/Laws/E5ReclosureCollapse.lean,1183,UPSTREAM_MANIFEST_MATCH,formalization/notes/examples/E5.md,none
SixBirdsFoundationsV.ReclosureCollapseStatus,E5,inductive,definition,SixBirdsFoundationsV.Laws.E5ReclosureCollapse,formalization/foundations_v_scaffold/lean/SixBirdsFoundationsV/Laws/E5ReclosureCollapse.lean,1265,UPSTREAM_MANIFEST_MATCH,formalization/notes/examples/E5.md,none
SixBirdsFoundationsV.ReclosureCollapseStatusRecord,E5,structure,definition,SixBirdsFoundationsV.Laws.E5ReclosureCollapse,formalization/foundations_v_scaffold/lean/SixBirdsFoundationsV/Laws/E5ReclosureCollapse.lean,1275,UPSTREAM_MANIFEST_MATCH,formalization/notes/examples/E5.md,none
SixBirdsFoundationsV.ReclosureCollapseStatusOccurrenceFor,E5,def,definition,SixBirdsFoundationsV.Laws.E5ReclosureCollapse,formalization/foundations_v_scaffold/lean/SixBirdsFoundationsV/Laws/E5ReclosureCollapse.lean,1298,UPSTREAM_MANIFEST_MATCH,formalization/notes/examples/E5.md,none
SixBirdsFoundationsV.RevivedEvidenceFor,E5,def,definition,SixBirdsFoundationsV.Laws.E5ReclosureCollapse,formalization/foundations_v_scaffold/lean/SixBirdsFoundationsV/Laws/E5ReclosureCollapse.lean,1396,UPSTREAM_MANIFEST_MATCH,formalization/notes/examples/E5.md,none
SixBirdsFoundationsV.SubsidizedEvidenceFor,E5,def,definition,SixBirdsFoundationsV.Laws.E5ReclosureCollapse,formalization/foundations_v_scaffold/lean/SixBirdsFoundationsV/Laws/E5ReclosureCollapse.lean,1408,UPSTREAM_MANIFEST_MATCH,formalization/notes/examples/E5.md,none
SixBirdsFoundationsV.SuspendedEvidenceFor,E5,def,definition,SixBirdsFoundationsV.Laws.E5ReclosureCollapse,formalization/foundations_v_scaffold/lean/SixBirdsFoundationsV/Laws/E5ReclosureCollapse.lean,1427,UPSTREAM_MANIFEST_MATCH,formalization/notes/examples/E5.md,none
SixBirdsFoundationsV.ViableEvidenceFor,E5,def,definition,SixBirdsFoundationsV.Laws.E5ReclosureCollapse,formalization/foundations_v_scaffold/lean/SixBirdsFoundationsV/Laws/E5ReclosureCollapse.lean,1432,UPSTREAM_MANIFEST_MATCH,formalization/notes/examples/E5.md,none
SixBirdsFoundationsV.ReclosureStressedEvidenceFor,E5,def,definition,SixBirdsFoundationsV.Laws.E5ReclosureCollapse,formalization/foundations_v_scaffold/lean/SixBirdsFoundationsV/Laws/E5ReclosureCollapse.lean,1445,UPSTREAM_MANIFEST_MATCH,formalization/notes/examples/E5.md,none
SixBirdsFoundationsV.CollapsedIrreversibleEvidenceFor,E5,def,definition,SixBirdsFoundationsV.Laws.E5ReclosureCollapse,formalization/foundations_v_scaffold/lean/SixBirdsFoundationsV/Laws/E5ReclosureCollapse.lean,1457,UPSTREAM_MANIFEST_MATCH,formalization/notes/examples/E5.md,none
SixBirdsFoundationsV.RevivedEvidence,E5,def,definition,SixBirdsFoundationsV.Laws.E5ReclosureCollapse,formalization/foundations_v_scaffold/lean/SixBirdsFoundationsV/Laws/E5ReclosureCollapse.lean,1465,UPSTREAM_MANIFEST_MATCH,formalization/notes/examples/E5.md,none
SixBirdsFoundationsV.RevivedCase,E5,def,definition,SixBirdsFoundationsV.Laws.E5ReclosureCollapse,formalization/foundations_v_scaffold/lean/SixBirdsFoundationsV/Laws/E5ReclosureCollapse.lean,1482,UPSTREAM_MANIFEST_MATCH,formalization/notes/examples/E5.md,none
SixBirdsFoundationsV.SubsidizedEvidence,E5,def,definition,SixBirdsFoundationsV.Laws.E5ReclosureCollapse,formalization/foundations_v_scaffold/lean/SixBirdsFoundationsV/Laws/E5ReclosureCollapse.lean,1499,UPSTREAM_MANIFEST_MATCH,formalization/notes/examples/E5.md,none
SixBirdsFoundationsV.SubsidizedCase,E5,def,definition,SixBirdsFoundationsV.Laws.E5ReclosureCollapse,formalization/foundations_v_scaffold/lean/SixBirdsFoundationsV/Laws/E5ReclosureCollapse.lean,1521,UPSTREAM_MANIFEST_MATCH,formalization/notes/examples/E5.md,none
SixBirdsFoundationsV.SuspendedEvidence,E5,def,definition,SixBirdsFoundationsV.Laws.E5ReclosureCollapse,formalization/foundations_v_scaffold/lean/SixBirdsFoundationsV/Laws/E5ReclosureCollapse.lean,1549,UPSTREAM_MANIFEST_MATCH,formalization/notes/examples/E5.md,none
SixBirdsFoundationsV.SuspendedCase,E5,def,definition,SixBirdsFoundationsV.Laws.E5ReclosureCollapse,formalization/foundations_v_scaffold/lean/SixBirdsFoundationsV/Laws/E5ReclosureCollapse.lean,1557,UPSTREAM_MANIFEST_MATCH,formalization/notes/examples/E5.md,none
SixBirdsFoundationsV.ViableEvidence,E5,def,definition,SixBirdsFoundationsV.Laws.E5ReclosureCollapse,formalization/foundations_v_scaffold/lean/SixBirdsFoundationsV/Laws/E5ReclosureCollapse.lean,1575,UPSTREAM_MANIFEST_MATCH,formalization/notes/examples/E5.md,none
SixBirdsFoundationsV.ViableCase,E5,def,definition,SixBirdsFoundationsV.Laws.E5ReclosureCollapse,formalization/foundations_v_scaffold/lean/SixBirdsFoundationsV/Laws/E5ReclosureCollapse.lean,1592,UPSTREAM_MANIFEST_MATCH,formalization/notes/examples/E5.md,none
SixBirdsFoundationsV.ReclosureStressedEvidence,E5,def,definition,SixBirdsFoundationsV.Laws.E5ReclosureCollapse,formalization/foundations_v_scaffold/lean/SixBirdsFoundationsV/Laws/E5ReclosureCollapse.lean,1618,UPSTREAM_MANIFEST_MATCH,formalization/notes/examples/E5.md,none
SixBirdsFoundationsV.ReclosureStressedCase,E5,def,definition,SixBirdsFoundationsV.Laws.E5ReclosureCollapse,formalization/foundations_v_scaffold/lean/SixBirdsFoundationsV/Laws/E5ReclosureCollapse.lean,1635,UPSTREAM_MANIFEST_MATCH,formalization/notes/examples/E5.md,none
SixBirdsFoundationsV.CollapsedIrreversibleEvidence,E5,def,definition,SixBirdsFoundationsV.Laws.E5ReclosureCollapse,formalization/foundations_v_scaffold/lean/SixBirdsFoundationsV/Laws/E5ReclosureCollapse.lean,1668,UPSTREAM_MANIFEST_MATCH,formalization/notes/examples/E5.md,none
SixBirdsFoundationsV.CollapsedIrreversibleCase,E5,def,definition,SixBirdsFoundationsV.Laws.E5ReclosureCollapse,formalization/foundations_v_scaffold/lean/SixBirdsFoundationsV/Laws/E5ReclosureCollapse.lean,1681,UPSTREAM_MANIFEST_MATCH,formalization/notes/examples/E5.md,none
SixBirdsFoundationsV.CollapsedRecoverableEvidence,E5,def,definition,SixBirdsFoundationsV.Laws.E5ReclosureCollapse,formalization/foundations_v_scaffold/lean/SixBirdsFoundationsV/Laws/E5ReclosureCollapse.lean,1718,UPSTREAM_MANIFEST_MATCH,formalization/notes/examples/E5.md,none
SixBirdsFoundationsV.CollapsedRecoverableCase,E5,def,definition,SixBirdsFoundationsV.Laws.E5ReclosureCollapse,formalization/foundations_v_scaffold/lean/SixBirdsFoundationsV/Laws/E5ReclosureCollapse.lean,1731,UPSTREAM_MANIFEST_MATCH,formalization/notes/examples/E5.md,none
SixBirdsFoundationsV.RevivedHolds,E5,def,definition,SixBirdsFoundationsV.Laws.E5ReclosureCollapse,formalization/foundations_v_scaffold/lean/SixBirdsFoundationsV/Laws/E5ReclosureCollapse.lean,1773,UPSTREAM_MANIFEST_MATCH,formalization/notes/examples/E5.md,none
SixBirdsFoundationsV.SubsidizedHolds,E5,def,definition,SixBirdsFoundationsV.Laws.E5ReclosureCollapse,formalization/foundations_v_scaffold/lean/SixBirdsFoundationsV/Laws/E5ReclosureCollapse.lean,1782,UPSTREAM_MANIFEST_MATCH,formalization/notes/examples/E5.md,none
SixBirdsFoundationsV.SuspendedHolds,E5,def,definition,SixBirdsFoundationsV.Laws.E5ReclosureCollapse,formalization/foundations_v_scaffold/lean/SixBirdsFoundationsV/Laws/E5ReclosureCollapse.lean,1794,UPSTREAM_MANIFEST_MATCH,formalization/notes/examples/E5.md,none
SixBirdsFoundationsV.ViableHolds,E5,def,definition,SixBirdsFoundationsV.Laws.E5ReclosureCollapse,formalization/foundations_v_scaffold/lean/SixBirdsFoundationsV/Laws/E5ReclosureCollapse.lean,1807,UPSTREAM_MANIFEST_MATCH,formalization/notes/examples/E5.md,none
SixBirdsFoundationsV.ReclosureStressedHolds,E5,def,definition,SixBirdsFoundationsV.Laws.E5ReclosureCollapse,formalization/foundations_v_scaffold/lean/SixBirdsFoundationsV/Laws/E5ReclosureCollapse.lean,1820,UPSTREAM_MANIFEST_MATCH,formalization/notes/examples/E5.md,none
SixBirdsFoundationsV.CollapsedIrreversibleHolds,E5,def,definition,SixBirdsFoundationsV.Laws.E5ReclosureCollapse,formalization/foundations_v_scaffold/lean/SixBirdsFoundationsV/Laws/E5ReclosureCollapse.lean,1833,UPSTREAM_MANIFEST_MATCH,formalization/notes/examples/E5.md,none
SixBirdsFoundationsV.CollapsedRecoverableHolds,E5,def,definition,SixBirdsFoundationsV.Laws.E5ReclosureCollapse,formalization/foundations_v_scaffold/lean/SixBirdsFoundationsV/Laws/E5ReclosureCollapse.lean,1847,UPSTREAM_MANIFEST_MATCH,formalization/notes/examples/E5.md,none
SixBirdsFoundationsV.CompleteReclosureCollapseStatus,E5,def,definition,SixBirdsFoundationsV.Laws.E5ReclosureCollapse,formalization/foundations_v_scaffold/lean/SixBirdsFoundationsV/Laws/E5ReclosureCollapse.lean,1861,UPSTREAM_MANIFEST_MATCH,formalization/notes/examples/E5.md,none
SixBirdsFoundationsV.E5_CollapseFalsifier,E5,theorem,theorem,SixBirdsFoundationsV.Laws.E5ReclosureCollapse,formalization/foundations_v_scaffold/lean/SixBirdsFoundationsV/Laws/E5ReclosureCollapse.lean,2034,UPSTREAM_MANIFEST_MATCH,formalization/notes/examples/E5.md,none
SixBirdsFoundationsV.E5_ReclosureCollapse,E5,theorem,theorem,SixBirdsFoundationsV.Laws.E5ReclosureCollapse,formalization/foundations_v_scaffold/lean/SixBirdsFoundationsV/Laws/E5ReclosureCollapse.lean,2041,UPSTREAM_MANIFEST_MATCH,formalization/notes/examples/E5.md,none
SixBirdsFoundationsV.E5_RevivedExcludesLowerPriority,E5,theorem,theorem,SixBirdsFoundationsV.Laws.E5ReclosureCollapse,formalization/foundations_v_scaffold/lean/SixBirdsFoundationsV/Laws/E5ReclosureCollapse.lean,2618,UPSTREAM_MANIFEST_MATCH,formalization/notes/examples/E5.md,none
SixBirdsFoundationsV.E5_IrreversibleCollapse,E5,theorem,theorem,SixBirdsFoundationsV.Laws.E5ReclosureCollapse,formalization/foundations_v_scaffold/lean/SixBirdsFoundationsV/Laws/E5ReclosureCollapse.lean,2720,UPSTREAM_MANIFEST_MATCH,formalization/notes/examples/E5.md,none
SixBirdsFoundationsV.E5_SubsidyWithdrawalReclassification,E5,theorem,theorem,SixBirdsFoundationsV.Laws.E5ReclosureCollapse,formalization/foundations_v_scaffold/lean/SixBirdsFoundationsV/Laws/E5ReclosureCollapse.lean,2794,UPSTREAM_MANIFEST_MATCH,formalization/notes/examples/E5.md,none
SixBirdsFoundationsV.MarginalDischarge,E6+E9,abbrev,definition,SixBirdsFoundationsV.Laws.E6E9PricedAccess,formalization/foundations_v_scaffold/lean/SixBirdsFoundationsV/Laws/E6E9PricedAccess.lean,20,UPSTREAM_MANIFEST_MATCH,formalization/notes/examples/E6_E9.md,none
SixBirdsFoundationsV.MarginalCost,E6+E9,abbrev,definition,SixBirdsFoundationsV.Laws.E6E9PricedAccess,formalization/foundations_v_scaffold/lean/SixBirdsFoundationsV/Laws/E6E9PricedAccess.lean,23,UPSTREAM_MANIFEST_MATCH,formalization/notes/examples/E6_E9.md,none
SixBirdsFoundationsV.AllocationRatio,E6+E9,def,definition,SixBirdsFoundationsV.Laws.E6E9PricedAccess,formalization/foundations_v_scaffold/lean/SixBirdsFoundationsV/Laws/E6E9PricedAccess.lean,26,UPSTREAM_MANIFEST_MATCH,formalization/notes/examples/E6_E9.md,none
SixBirdsFoundationsV.PositiveMarginalCosts,E6+E9,def,definition,SixBirdsFoundationsV.Laws.E6E9PricedAccess,formalization/foundations_v_scaffold/lean/SixBirdsFoundationsV/Laws/E6E9PricedAccess.lean,32,UPSTREAM_MANIFEST_MATCH,formalization/notes/examples/E6_E9.md,none
SixBirdsFoundationsV.SelectedProbe,E6+E9,def,definition,SixBirdsFoundationsV.Laws.E6E9PricedAccess,formalization/foundations_v_scaffold/lean/SixBirdsFoundationsV/Laws/E6E9PricedAccess.lean,37,UPSTREAM_MANIFEST_MATCH,formalization/notes/examples/E6_E9.md,none
SixBirdsFoundationsV.GenuineScarcity,E6+E9,def,definition,SixBirdsFoundationsV.Laws.E6E9PricedAccess,formalization/foundations_v_scaffold/lean/SixBirdsFoundationsV/Laws/E6E9PricedAccess.lean,41,UPSTREAM_MANIFEST_MATCH,formalization/notes/examples/E6_E9.md,none
SixBirdsFoundationsV.ExposureBudgetWitness,E6+E9,structure,definition,SixBirdsFoundationsV.Laws.E6E9PricedAccess,formalization/foundations_v_scaffold/lean/SixBirdsFoundationsV/Laws/E6E9PricedAccess.lean,46,UPSTREAM_MANIFEST_MATCH,formalization/notes/examples/E6_E9.md,none
SixBirdsFoundationsV.BudgetFeasible,E6+E9,def,definition,SixBirdsFoundationsV.Laws.E6E9PricedAccess,formalization/foundations_v_scaffold/lean/SixBirdsFoundationsV/Laws/E6E9PricedAccess.lean,67,UPSTREAM_MANIFEST_MATCH,formalization/notes/examples/E6_E9.md,none
SixBirdsFoundationsV.BindingExposureBudget,E6+E9,def,definition,SixBirdsFoundationsV.Laws.E6E9PricedAccess,formalization/foundations_v_scaffold/lean/SixBirdsFoundationsV/Laws/E6E9PricedAccess.lean,81,UPSTREAM_MANIFEST_MATCH,formalization/notes/examples/E6_E9.md,none
SixBirdsFoundationsV.SlackExposureBudget,E6+E9,def,definition,SixBirdsFoundationsV.Laws.E6E9PricedAccess,formalization/foundations_v_scaffold/lean/SixBirdsFoundationsV/Laws/E6E9PricedAccess.lean,95,UPSTREAM_MANIFEST_MATCH,formalization/notes/examples/E6_E9.md,none
SixBirdsFoundationsV.KKTWitness,E6+E9,structure,definition,SixBirdsFoundationsV.Laws.E6E9PricedAccess,formalization/foundations_v_scaffold/lean/SixBirdsFoundationsV/Laws/E6E9PricedAccess.lean,109,UPSTREAM_MANIFEST_MATCH,formalization/notes/examples/E6_E9.md,none
SixBirdsFoundationsV.AcquisitionDischarge,E6+E9,abbrev,definition,SixBirdsFoundationsV.Laws.E6E9PricedAccess,formalization/foundations_v_scaffold/lean/SixBirdsFoundationsV/Laws/E6E9PricedAccess.lean,136,UPSTREAM_MANIFEST_MATCH,formalization/notes/examples/E6_E9.md,none
SixBirdsFoundationsV.AcquisitionCost,E6+E9,abbrev,definition,SixBirdsFoundationsV.Laws.E6E9PricedAccess,formalization/foundations_v_scaffold/lean/SixBirdsFoundationsV/Laws/E6E9PricedAccess.lean,139,UPSTREAM_MANIFEST_MATCH,formalization/notes/examples/E6_E9.md,none
SixBirdsFoundationsV.AcquisitionRatio,E6+E9,def,definition,SixBirdsFoundationsV.Laws.E6E9PricedAccess,formalization/foundations_v_scaffold/lean/SixBirdsFoundationsV/Laws/E6E9PricedAccess.lean,142,UPSTREAM_MANIFEST_MATCH,formalization/notes/examples/E6_E9.md,none
SixBirdsFoundationsV.PositiveAcquisitionCosts,E6+E9,def,definition,SixBirdsFoundationsV.Laws.E6E9PricedAccess,formalization/foundations_v_scaffold/lean/SixBirdsFoundationsV/Laws/E6E9PricedAccess.lean,148,UPSTREAM_MANIFEST_MATCH,formalization/notes/examples/E6_E9.md,none
SixBirdsFoundationsV.ViabilityRiskAdmissible,E6+E9,def,definition,SixBirdsFoundationsV.Laws.E6E9PricedAccess,formalization/foundations_v_scaffold/lean/SixBirdsFoundationsV/Laws/E6E9PricedAccess.lean,153,UPSTREAM_MANIFEST_MATCH,formalization/notes/examples/E6_E9.md,none
SixBirdsFoundationsV.CandidateAcquisition,E6+E9,def,definition,SixBirdsFoundationsV.Laws.E6E9PricedAccess,formalization/foundations_v_scaffold/lean/SixBirdsFoundationsV/Laws/E6E9PricedAccess.lean,156,UPSTREAM_MANIFEST_MATCH,formalization/notes/examples/E6_E9.md,none
SixBirdsFoundationsV.CompleteAcquisitionCandidateList,E6+E9,def,definition,SixBirdsFoundationsV.Laws.E6E9PricedAccess,formalization/foundations_v_scaffold/lean/SixBirdsFoundationsV/Laws/E6E9PricedAccess.lean,177,UPSTREAM_MANIFEST_MATCH,formalization/notes/examples/E6_E9.md,none
SixBirdsFoundationsV.AccessMove,E6+E9,inductive,definition,SixBirdsFoundationsV.Laws.E6E9PricedAccess,formalization/foundations_v_scaffold/lean/SixBirdsFoundationsV/Laws/E6E9PricedAccess.lean,198,UPSTREAM_MANIFEST_MATCH,formalization/notes/examples/E6_E9.md,none
SixBirdsFoundationsV.AccessMove.toProbeMove,E6+E9,def,definition,SixBirdsFoundationsV.Laws.E6E9PricedAccess,formalization/foundations_v_scaffold/lean/SixBirdsFoundationsV/Laws/E6E9PricedAccess.lean,203,UPSTREAM_MANIFEST_MATCH,formalization/notes/examples/E6_E9.md,none
SixBirdsFoundationsV.AccessMovePricing,E6+E9,structure,definition,SixBirdsFoundationsV.Laws.E6E9PricedAccess,formalization/foundations_v_scaffold/lean/SixBirdsFoundationsV/Laws/E6E9PricedAccess.lean,208,UPSTREAM_MANIFEST_MATCH,formalization/notes/examples/E6_E9.md,none
SixBirdsFoundationsV.AccessMoveDischarge,E6+E9,def,definition,SixBirdsFoundationsV.Laws.E6E9PricedAccess,formalization/foundations_v_scaffold/lean/SixBirdsFoundationsV/Laws/E6E9PricedAccess.lean,216,UPSTREAM_MANIFEST_MATCH,formalization/notes/examples/E6_E9.md,none
SixBirdsFoundationsV.AccessMoveCost,E6+E9,def,definition,SixBirdsFoundationsV.Laws.E6E9PricedAccess,formalization/foundations_v_scaffold/lean/SixBirdsFoundationsV/Laws/E6E9PricedAccess.lean,222,UPSTREAM_MANIFEST_MATCH,formalization/notes/examples/E6_E9.md,none
SixBirdsFoundationsV.PositiveAccessMoveCosts,E6+E9,def,definition,SixBirdsFoundationsV.Laws.E6E9PricedAccess,formalization/foundations_v_scaffold/lean/SixBirdsFoundationsV/Laws/E6E9PricedAccess.lean,228,UPSTREAM_MANIFEST_MATCH,formalization/notes/examples/E6_E9.md,none
SixBirdsFoundationsV.AccessMoveRatio,E6+E9,def,definition,SixBirdsFoundationsV.Laws.E6E9PricedAccess,formalization/foundations_v_scaffold/lean/SixBirdsFoundationsV/Laws/E6E9PricedAccess.lean,234,UPSTREAM_MANIFEST_MATCH,formalization/notes/examples/E6_E9.md,none
SixBirdsFoundationsV.AccessPolicy,E6+E9,structure,definition,SixBirdsFoundationsV.Laws.E6E9PricedAccess,formalization/foundations_v_scaffold/lean/SixBirdsFoundationsV/Laws/E6E9PricedAccess.lean,239,UPSTREAM_MANIFEST_MATCH,formalization/notes/examples/E6_E9.md,none
SixBirdsFoundationsV.PolicyCarriedAt,E6+E9,def,definition,SixBirdsFoundationsV.Laws.E6E9PricedAccess,formalization/foundations_v_scaffold/lean/SixBirdsFoundationsV/Laws/E6E9PricedAccess.lean,242,UPSTREAM_MANIFEST_MATCH,formalization/notes/examples/E6_E9.md,none
SixBirdsFoundationsV.E6_AttentionKKT,E6+E9,theorem,theorem,SixBirdsFoundationsV.Laws.E6E9PricedAccess,formalization/foundations_v_scaffold/lean/SixBirdsFoundationsV/Laws/E6E9PricedAccess.lean,265,UPSTREAM_MANIFEST_MATCH,formalization/notes/examples/E6_E9.md,none
SixBirdsFoundationsV.E6_SlackCollapse,E6+E9,theorem,theorem,SixBirdsFoundationsV.Laws.E6E9PricedAccess,formalization/foundations_v_scaffold/lean/SixBirdsFoundationsV/Laws/E6E9PricedAccess.lean,372,UPSTREAM_MANIFEST_MATCH,formalization/notes/examples/E6_E9.md,none
SixBirdsFoundationsV.XiAcqDischarge,E6+E9,def,definition,SixBirdsFoundationsV.Laws.E6E9PricedAccess,formalization/foundations_v_scaffold/lean/SixBirdsFoundationsV/Laws/E6E9PricedAccess.lean,406,UPSTREAM_MANIFEST_MATCH,formalization/notes/examples/E6_E9.md,none
SixBirdsFoundationsV.E9_SameFamilyStrictness,E6+E9,theorem,theorem,SixBirdsFoundationsV.Laws.E6E9PricedAccess,formalization/foundations_v_scaffold/lean/SixBirdsFoundationsV/Laws/E6E9PricedAccess.lean,414,UPSTREAM_MANIFEST_MATCH,formalization/notes/examples/E6_E9.md,none
SixBirdsFoundationsV.exists_max_ratio,E6+E9,theorem,theorem,SixBirdsFoundationsV.Laws.E6E9PricedAccess,formalization/foundations_v_scaffold/lean/SixBirdsFoundationsV/Laws/E6E9PricedAccess.lean,440,UPSTREAM_MANIFEST_MATCH,formalization/notes/examples/E6_E9.md,none
SixBirdsFoundationsV.E9_CuriosityArgmax,E6+E9,theorem,theorem,SixBirdsFoundationsV.Laws.E6E9PricedAccess,formalization/foundations_v_scaffold/lean/SixBirdsFoundationsV/Laws/E6E9PricedAccess.lean,479,UPSTREAM_MANIFEST_MATCH,formalization/notes/examples/E6_E9.md,none
SixBirdsFoundationsV.AccessMoveAdmissible,E6+E9,def,definition,SixBirdsFoundationsV.Laws.E6E9PricedAccess,formalization/foundations_v_scaffold/lean/SixBirdsFoundationsV/Laws/E6E9PricedAccess.lean,530,UPSTREAM_MANIFEST_MATCH,formalization/notes/examples/E6_E9.md,none
SixBirdsFoundationsV.CompleteAccessMoveCandidateList,E6+E9,def,definition,SixBirdsFoundationsV.Laws.E6E9PricedAccess,formalization/foundations_v_scaffold/lean/SixBirdsFoundationsV/Laws/E6E9PricedAccess.lean,572,UPSTREAM_MANIFEST_MATCH,formalization/notes/examples/E6_E9.md,none
SixBirdsFoundationsV.E6_E9_AccessArbitration,E6+E9,theorem,theorem,SixBirdsFoundationsV.Laws.E6E9PricedAccess,formalization/foundations_v_scaffold/lean/SixBirdsFoundationsV/Laws/E6E9PricedAccess.lean,587,UPSTREAM_MANIFEST_MATCH,formalization/notes/examples/E6_E9.md,none
SixBirdsFoundationsV.E6_E9_AccessArbitration_epsilon,E6+E9,theorem,theorem,SixBirdsFoundationsV.Laws.E6E9PricedAccess,formalization/foundations_v_scaffold/lean/SixBirdsFoundationsV/Laws/E6E9PricedAccess.lean,620,UPSTREAM_MANIFEST_MATCH,formalization/notes/examples/E6_E9.md,none
SixBirdsFoundationsV.selected_access_move_ratio_bound,E6+E9,theorem,theorem,SixBirdsFoundationsV.Laws.E6E9PricedAccess,formalization/foundations_v_scaffold/lean/SixBirdsFoundationsV/Laws/E6E9PricedAccess.lean,661,UPSTREAM_MANIFEST_MATCH,formalization/notes/examples/E6_E9.md,none
SixBirdsFoundationsV.selected_access_move_ratio_bound_epsilon,E6+E9,theorem,theorem,SixBirdsFoundationsV.Laws.E6E9PricedAccess,formalization/foundations_v_scaffold/lean/SixBirdsFoundationsV/Laws/E6E9PricedAccess.lean,695,UPSTREAM_MANIFEST_MATCH,formalization/notes/examples/E6_E9.md,none
SixBirdsFoundationsV.Delta_access,E6+E9,def,definition,SixBirdsFoundationsV.Laws.E6E9PricedAccess,formalization/foundations_v_scaffold/lean/SixBirdsFoundationsV/Laws/E6E9PricedAccess.lean,742,UPSTREAM_MANIFEST_MATCH,formalization/notes/examples/E6_E9.md,none
SixBirdsFoundationsV.ResidualMatrix,E7,def,definition,SixBirdsFoundationsV.Laws.E7Alarm,formalization/foundations_v_scaffold/lean/SixBirdsFoundationsV/Laws/E7Alarm.lean,21,UPSTREAM_MANIFEST_MATCH,formalization/notes/examples/E7.md,none
SixBirdsFoundationsV.DeltaXi,E7,def,definition,SixBirdsFoundationsV.Laws.E7Alarm,formalization/foundations_v_scaffold/lean/SixBirdsFoundationsV/Laws/E7Alarm.lean,26,UPSTREAM_MANIFEST_MATCH,formalization/notes/examples/E7.md,none
SixBirdsFoundationsV.BlindSpotWitness,E7,def,definition,SixBirdsFoundationsV.Laws.E7Alarm,formalization/foundations_v_scaffold/lean/SixBirdsFoundationsV/Laws/E7Alarm.lean,31,UPSTREAM_MANIFEST_MATCH,formalization/notes/examples/E7.md,none
SixBirdsFoundationsV.DissolutionObstructionNonempty,E7,structure,definition,SixBirdsFoundationsV.Laws.E7Alarm,formalization/foundations_v_scaffold/lean/SixBirdsFoundationsV/Laws/E7Alarm.lean,41,UPSTREAM_MANIFEST_MATCH,formalization/notes/examples/E7.md,none
SixBirdsFoundationsV.ViabilityProbeDescends,E7,structure,definition,SixBirdsFoundationsV.Laws.E7Alarm,formalization/foundations_v_scaffold/lean/SixBirdsFoundationsV/Laws/E7Alarm.lean,59,UPSTREAM_MANIFEST_MATCH,formalization/notes/examples/E7.md,none
SixBirdsFoundationsV.ViabilityCoupled,E7,def,definition,SixBirdsFoundationsV.Laws.E7Alarm,formalization/foundations_v_scaffold/lean/SixBirdsFoundationsV/Laws/E7Alarm.lean,72,UPSTREAM_MANIFEST_MATCH,formalization/notes/examples/E7.md,none
SixBirdsFoundationsV.AttentionConstraintSet,E7,structure,definition,SixBirdsFoundationsV.Laws.E7Alarm,formalization/foundations_v_scaffold/lean/SixBirdsFoundationsV/Laws/E7Alarm.lean,89,UPSTREAM_MANIFEST_MATCH,formalization/notes/examples/E7.md,none
SixBirdsFoundationsV.AlarmConstraintRewrite,E7,def,definition,SixBirdsFoundationsV.Laws.E7Alarm,formalization/foundations_v_scaffold/lean/SixBirdsFoundationsV/Laws/E7Alarm.lean,113,UPSTREAM_MANIFEST_MATCH,formalization/notes/examples/E7.md,none
SixBirdsFoundationsV.AlarmDispositionKind,E7,inductive,definition,SixBirdsFoundationsV.Laws.E7Alarm,formalization/foundations_v_scaffold/lean/SixBirdsFoundationsV/Laws/E7Alarm.lean,140,UPSTREAM_MANIFEST_MATCH,formalization/notes/examples/E7.md,none
SixBirdsFoundationsV.AlarmDiscountReason,E7,inductive,definition,SixBirdsFoundationsV.Laws.E7Alarm,formalization/foundations_v_scaffold/lean/SixBirdsFoundationsV/Laws/E7Alarm.lean,145,UPSTREAM_MANIFEST_MATCH,formalization/notes/examples/E7.md,none
SixBirdsFoundationsV.AlarmStatusRecord,E7,structure,definition,SixBirdsFoundationsV.Laws.E7Alarm,formalization/foundations_v_scaffold/lean/SixBirdsFoundationsV/Laws/E7Alarm.lean,151,UPSTREAM_MANIFEST_MATCH,formalization/notes/examples/E7.md,none
SixBirdsFoundationsV.DiscountReason,E7,def,definition,SixBirdsFoundationsV.Laws.E7Alarm,formalization/foundations_v_scaffold/lean/SixBirdsFoundationsV/Laws/E7Alarm.lean,155,UPSTREAM_MANIFEST_MATCH,formalization/notes/examples/E7.md,none
SixBirdsFoundationsV.F9StatusedDiscount,E7,abbrev,definition,SixBirdsFoundationsV.Laws.E7Alarm,formalization/foundations_v_scaffold/lean/SixBirdsFoundationsV/Laws/E7Alarm.lean,164,UPSTREAM_MANIFEST_MATCH,formalization/notes/examples/E7.md,none
SixBirdsFoundationsV.AlarmDispositionRecord,E7,structure,definition,SixBirdsFoundationsV.Laws.E7Alarm,formalization/foundations_v_scaffold/lean/SixBirdsFoundationsV/Laws/E7Alarm.lean,167,UPSTREAM_MANIFEST_MATCH,formalization/notes/examples/E7.md,none
SixBirdsFoundationsV.AlarmDispositionCarriedAt,E7,def,definition,SixBirdsFoundationsV.Laws.E7Alarm,formalization/foundations_v_scaffold/lean/SixBirdsFoundationsV/Laws/E7Alarm.lean,189,UPSTREAM_MANIFEST_MATCH,formalization/notes/examples/E7.md,none
SixBirdsFoundationsV.AlarmDispositionInventory,E7,structure,definition,SixBirdsFoundationsV.Laws.E7Alarm,formalization/foundations_v_scaffold/lean/SixBirdsFoundationsV/Laws/E7Alarm.lean,213,UPSTREAM_MANIFEST_MATCH,formalization/notes/examples/E7.md,none
SixBirdsFoundationsV.AlarmDispositionFor,E7,def,definition,SixBirdsFoundationsV.Laws.E7Alarm,formalization/foundations_v_scaffold/lean/SixBirdsFoundationsV/Laws/E7Alarm.lean,244,UPSTREAM_MANIFEST_MATCH,formalization/notes/examples/E7.md,none
SixBirdsFoundationsV.ForcedExposureLedgerEntry,E7,structure,definition,SixBirdsFoundationsV.Laws.E7Alarm,formalization/foundations_v_scaffold/lean/SixBirdsFoundationsV/Laws/E7Alarm.lean,277,UPSTREAM_MANIFEST_MATCH,formalization/notes/examples/E7.md,none
SixBirdsFoundationsV.ForcedExposureMoveRecorded,E7,def,definition,SixBirdsFoundationsV.Laws.E7Alarm,formalization/foundations_v_scaffold/lean/SixBirdsFoundationsV/Laws/E7Alarm.lean,289,UPSTREAM_MANIFEST_MATCH,formalization/notes/examples/E7.md,none
SixBirdsFoundationsV.PreemptionOverrides,E7,def,definition,SixBirdsFoundationsV.Laws.E7Alarm,formalization/foundations_v_scaffold/lean/SixBirdsFoundationsV/Laws/E7Alarm.lean,304,UPSTREAM_MANIFEST_MATCH,formalization/notes/examples/E7.md,none
SixBirdsFoundationsV.NoOverreadDiscipline,E7,structure,definition,SixBirdsFoundationsV.Laws.E7Alarm,formalization/foundations_v_scaffold/lean/SixBirdsFoundationsV/Laws/E7Alarm.lean,327,UPSTREAM_MANIFEST_MATCH,formalization/notes/examples/E7.md,none
SixBirdsFoundationsV.NullModeLegality,E7,structure,definition,SixBirdsFoundationsV.Laws.E7Alarm,formalization/foundations_v_scaffold/lean/SixBirdsFoundationsV/Laws/E7Alarm.lean,347,UPSTREAM_MANIFEST_MATCH,formalization/notes/examples/E7.md,none
SixBirdsFoundationsV.BoundaryNonclosureStatusPredicate,E7,structure,definition,SixBirdsFoundationsV.Laws.E7Alarm,formalization/foundations_v_scaffold/lean/SixBirdsFoundationsV/Laws/E7Alarm.lean,367,UPSTREAM_MANIFEST_MATCH,formalization/notes/examples/E7.md,none
SixBirdsFoundationsV.BoundaryNonclosureStatusRecorded,E7,def,definition,SixBirdsFoundationsV.Laws.E7Alarm,formalization/foundations_v_scaffold/lean/SixBirdsFoundationsV/Laws/E7Alarm.lean,370,UPSTREAM_MANIFEST_MATCH,formalization/notes/examples/E7.md,none
SixBirdsFoundationsV.AllowedDiscountReason,E7,def,definition,SixBirdsFoundationsV.Laws.E7Alarm,formalization/foundations_v_scaffold/lean/SixBirdsFoundationsV/Laws/E7Alarm.lean,376,UPSTREAM_MANIFEST_MATCH,formalization/notes/examples/E7.md,none
SixBirdsFoundationsV.CurrentizationCase,E7,def,definition,SixBirdsFoundationsV.Laws.E7Alarm,formalization/foundations_v_scaffold/lean/SixBirdsFoundationsV/Laws/E7Alarm.lean,382,UPSTREAM_MANIFEST_MATCH,formalization/notes/examples/E7.md,none
SixBirdsFoundationsV.BoundaryNonclosureCase,E7,def,definition,SixBirdsFoundationsV.Laws.E7Alarm,formalization/foundations_v_scaffold/lean/SixBirdsFoundationsV/Laws/E7Alarm.lean,427,UPSTREAM_MANIFEST_MATCH,formalization/notes/examples/E7.md,none
SixBirdsFoundationsV.LawfulDiscountCase,E7,def,definition,SixBirdsFoundationsV.Laws.E7Alarm,formalization/foundations_v_scaffold/lean/SixBirdsFoundationsV/Laws/E7Alarm.lean,456,UPSTREAM_MANIFEST_MATCH,formalization/notes/examples/E7.md,none
SixBirdsFoundationsV.CurrentizationHolds,E7,def,definition,SixBirdsFoundationsV.Laws.E7Alarm,formalization/foundations_v_scaffold/lean/SixBirdsFoundationsV/Laws/E7Alarm.lean,484,UPSTREAM_MANIFEST_MATCH,formalization/notes/examples/E7.md,none
SixBirdsFoundationsV.BoundaryNonclosureHolds,E7,def,definition,SixBirdsFoundationsV.Laws.E7Alarm,formalization/foundations_v_scaffold/lean/SixBirdsFoundationsV/Laws/E7Alarm.lean,531,UPSTREAM_MANIFEST_MATCH,formalization/notes/examples/E7.md,none
SixBirdsFoundationsV.LawfulDiscountHolds,E7,def,definition,SixBirdsFoundationsV.Laws.E7Alarm,formalization/foundations_v_scaffold/lean/SixBirdsFoundationsV/Laws/E7Alarm.lean,562,UPSTREAM_MANIFEST_MATCH,formalization/notes/examples/E7.md,none
SixBirdsFoundationsV.LawfulAlarmDispositionUniqueTotality,E7,def,definition,SixBirdsFoundationsV.Laws.E7Alarm,formalization/foundations_v_scaffold/lean/SixBirdsFoundationsV/Laws/E7Alarm.lean,592,UPSTREAM_MANIFEST_MATCH,formalization/notes/examples/E7.md,none
SixBirdsFoundationsV.E7_AlarmTrichotomy,E7,theorem,theorem,SixBirdsFoundationsV.Laws.E7Alarm,formalization/foundations_v_scaffold/lean/SixBirdsFoundationsV/Laws/E7Alarm.lean,653,UPSTREAM_MANIFEST_MATCH,formalization/notes/examples/E7.md,none
SixBirdsFoundationsV.E7_PreemptionSignature,E7,theorem,theorem,SixBirdsFoundationsV.Laws.E7Alarm,formalization/foundations_v_scaffold/lean/SixBirdsFoundationsV/Laws/E7Alarm.lean,949,UPSTREAM_MANIFEST_MATCH,formalization/notes/examples/E7.md,none
SixBirdsFoundationsV.ControlConstraintRecord,E8,structure,definition,SixBirdsFoundationsV.Laws.E8ControlPrice,formalization/foundations_v_scaffold/lean/SixBirdsFoundationsV/Laws/E8ControlPrice.lean,38,UPSTREAM_MANIFEST_MATCH,formalization/notes/examples/E8.md,none
SixBirdsFoundationsV.ControlSignalRecord,E8,structure,definition,SixBirdsFoundationsV.Laws.E8ControlPrice,formalization/foundations_v_scaffold/lean/SixBirdsFoundationsV/Laws/E8ControlPrice.lean,41,UPSTREAM_MANIFEST_MATCH,formalization/notes/examples/E8.md,none
SixBirdsFoundationsV.PriceComponentRecord,E8,structure,definition,SixBirdsFoundationsV.Laws.E8ControlPrice,formalization/foundations_v_scaffold/lean/SixBirdsFoundationsV/Laws/E8ControlPrice.lean,45,UPSTREAM_MANIFEST_MATCH,formalization/notes/examples/E8.md,none
SixBirdsFoundationsV.ControlPriceFieldRecord,E8,structure,definition,SixBirdsFoundationsV.Laws.E8ControlPrice,formalization/foundations_v_scaffold/lean/SixBirdsFoundationsV/Laws/E8ControlPrice.lean,50,UPSTREAM_MANIFEST_MATCH,formalization/notes/examples/E8.md,none
SixBirdsFoundationsV.CompressedSummaryRecord,E8,structure,definition,SixBirdsFoundationsV.Laws.E8ControlPrice,formalization/foundations_v_scaffold/lean/SixBirdsFoundationsV/Laws/E8ControlPrice.lean,54,UPSTREAM_MANIFEST_MATCH,formalization/notes/examples/E8.md,none
SixBirdsFoundationsV.ExternalObservationQuotientRecord,E8,structure,definition,SixBirdsFoundationsV.Laws.E8ControlPrice,formalization/foundations_v_scaffold/lean/SixBirdsFoundationsV/Laws/E8ControlPrice.lean,61,UPSTREAM_MANIFEST_MATCH,formalization/notes/examples/E8.md,none
SixBirdsFoundationsV.PolicySupportReadoutRecord,E8,structure,definition,SixBirdsFoundationsV.Laws.E8ControlPrice,formalization/foundations_v_scaffold/lean/SixBirdsFoundationsV/Laws/E8ControlPrice.lean,64,UPSTREAM_MANIFEST_MATCH,formalization/notes/examples/E8.md,none
SixBirdsFoundationsV.HeldOutPredictionRecord,E8,structure,definition,SixBirdsFoundationsV.Laws.E8ControlPrice,formalization/foundations_v_scaffold/lean/SixBirdsFoundationsV/Laws/E8ControlPrice.lean,67,UPSTREAM_MANIFEST_MATCH,formalization/notes/examples/E8.md,none
SixBirdsFoundationsV.DualStabilityRecord,E8,structure,definition,SixBirdsFoundationsV.Laws.E8ControlPrice,formalization/foundations_v_scaffold/lean/SixBirdsFoundationsV/Laws/E8ControlPrice.lean,70,UPSTREAM_MANIFEST_MATCH,formalization/notes/examples/E8.md,none
SixBirdsFoundationsV.ProxyFailureRecord,E8,structure,definition,SixBirdsFoundationsV.Laws.E8ControlPrice,formalization/foundations_v_scaffold/lean/SixBirdsFoundationsV/Laws/E8ControlPrice.lean,73,UPSTREAM_MANIFEST_MATCH,formalization/notes/examples/E8.md,none
SixBirdsFoundationsV.SlackViolationRecord,E8,structure,definition,SixBirdsFoundationsV.Laws.E8ControlPrice,formalization/foundations_v_scaffold/lean/SixBirdsFoundationsV/Laws/E8ControlPrice.lean,80,UPSTREAM_MANIFEST_MATCH,formalization/notes/examples/E8.md,none
SixBirdsFoundationsV.SlackResidualExplanationRecord,E8,structure,definition,SixBirdsFoundationsV.Laws.E8ControlPrice,formalization/foundations_v_scaffold/lean/SixBirdsFoundationsV/Laws/E8ControlPrice.lean,85,UPSTREAM_MANIFEST_MATCH,formalization/notes/examples/E8.md,none
SixBirdsFoundationsV.BudgetSettingMoveRecord,E8,structure,definition,SixBirdsFoundationsV.Laws.E8ControlPrice,formalization/foundations_v_scaffold/lean/SixBirdsFoundationsV/Laws/E8ControlPrice.lean,90,UPSTREAM_MANIFEST_MATCH,formalization/notes/examples/E8.md,none
SixBirdsFoundationsV.OmegaLineageRecord,E8,structure,definition,SixBirdsFoundationsV.Laws.E8ControlPrice,formalization/foundations_v_scaffold/lean/SixBirdsFoundationsV/Laws/E8ControlPrice.lean,93,UPSTREAM_MANIFEST_MATCH,formalization/notes/examples/E8.md,none
SixBirdsFoundationsV.BlindSpotAuditRecord,E8,structure,definition,SixBirdsFoundationsV.Laws.E8ControlPrice,formalization/foundations_v_scaffold/lean/SixBirdsFoundationsV/Laws/E8ControlPrice.lean,99,UPSTREAM_MANIFEST_MATCH,formalization/notes/examples/E8.md,none
SixBirdsFoundationsV.ReportedLedgerHealthRecord,E8,structure,definition,SixBirdsFoundationsV.Laws.E8ControlPrice,formalization/foundations_v_scaffold/lean/SixBirdsFoundationsV/Laws/E8ControlPrice.lean,103,UPSTREAM_MANIFEST_MATCH,formalization/notes/examples/E8.md,none
SixBirdsFoundationsV.MetaAuditRecord,E8,structure,definition,SixBirdsFoundationsV.Laws.E8ControlPrice,formalization/foundations_v_scaffold/lean/SixBirdsFoundationsV/Laws/E8ControlPrice.lean,108,UPSTREAM_MANIFEST_MATCH,formalization/notes/examples/E8.md,none
SixBirdsFoundationsV.ControlSignalReadoutCertified,E8,structure,definition,SixBirdsFoundationsV.Laws.E8ControlPrice,formalization/foundations_v_scaffold/lean/SixBirdsFoundationsV/Laws/E8ControlPrice.lean,114,UPSTREAM_MANIFEST_MATCH,formalization/notes/examples/E8.md,none
SixBirdsFoundationsV.LedgerAlignmentComparator,E8,structure,definition,SixBirdsFoundationsV.Laws.E8ControlPrice,formalization/foundations_v_scaffold/lean/SixBirdsFoundationsV/Laws/E8ControlPrice.lean,119,UPSTREAM_MANIFEST_MATCH,formalization/notes/examples/E8.md,none
SixBirdsFoundationsV.HeldOutPredictionComparator,E8,structure,definition,SixBirdsFoundationsV.Laws.E8ControlPrice,formalization/foundations_v_scaffold/lean/SixBirdsFoundationsV/Laws/E8ControlPrice.lean,124,UPSTREAM_MANIFEST_MATCH,formalization/notes/examples/E8.md,none
SixBirdsFoundationsV.DualStabilityComparator,E8,structure,definition,SixBirdsFoundationsV.Laws.E8ControlPrice,formalization/foundations_v_scaffold/lean/SixBirdsFoundationsV/Laws/E8ControlPrice.lean,128,UPSTREAM_MANIFEST_MATCH,formalization/notes/examples/E8.md,none
SixBirdsFoundationsV.LedgerLineageAgreementComparator,E8,structure,definition,SixBirdsFoundationsV.Laws.E8ControlPrice,formalization/foundations_v_scaffold/lean/SixBirdsFoundationsV/Laws/E8ControlPrice.lean,132,UPSTREAM_MANIFEST_MATCH,formalization/notes/examples/E8.md,none
SixBirdsFoundationsV.SummaryLegitimacyComparators,E8,structure,definition,SixBirdsFoundationsV.Laws.E8ControlPrice,formalization/foundations_v_scaffold/lean/SixBirdsFoundationsV/Laws/E8ControlPrice.lean,138,UPSTREAM_MANIFEST_MATCH,formalization/notes/examples/E8.md,none
SixBirdsFoundationsV.ControlPriceComponent,E8,structure,definition,SixBirdsFoundationsV.Laws.E8ControlPrice,formalization/foundations_v_scaffold/lean/SixBirdsFoundationsV/Laws/E8ControlPrice.lean,153,UPSTREAM_MANIFEST_MATCH,formalization/notes/examples/E8.md,none
SixBirdsFoundationsV.BindingControlComponent,E8,def,definition,SixBirdsFoundationsV.Laws.E8ControlPrice,formalization/foundations_v_scaffold/lean/SixBirdsFoundationsV/Laws/E8ControlPrice.lean,184,UPSTREAM_MANIFEST_MATCH,formalization/notes/examples/E8.md,none
SixBirdsFoundationsV.SlackControlComponent,E8,def,definition,SixBirdsFoundationsV.Laws.E8ControlPrice,formalization/foundations_v_scaffold/lean/SixBirdsFoundationsV/Laws/E8ControlPrice.lean,193,UPSTREAM_MANIFEST_MATCH,formalization/notes/examples/E8.md,none
SixBirdsFoundationsV.ComponentSlackCollapse,E8,def,definition,SixBirdsFoundationsV.Laws.E8ControlPrice,formalization/foundations_v_scaffold/lean/SixBirdsFoundationsV/Laws/E8ControlPrice.lean,201,UPSTREAM_MANIFEST_MATCH,formalization/notes/examples/E8.md,none
SixBirdsFoundationsV.ShadowPriceComponentIdentified,E8,def,definition,SixBirdsFoundationsV.Laws.E8ControlPrice,formalization/foundations_v_scaffold/lean/SixBirdsFoundationsV/Laws/E8ControlPrice.lean,210,UPSTREAM_MANIFEST_MATCH,formalization/notes/examples/E8.md,none
SixBirdsFoundationsV.ControlPriceField,E8,structure,definition,SixBirdsFoundationsV.Laws.E8ControlPrice,formalization/foundations_v_scaffold/lean/SixBirdsFoundationsV/Laws/E8ControlPrice.lean,219,UPSTREAM_MANIFEST_MATCH,formalization/notes/examples/E8.md,none
SixBirdsFoundationsV.SlackCollapseViolation,E8,structure,definition,SixBirdsFoundationsV.Laws.E8ControlPrice,formalization/foundations_v_scaffold/lean/SixBirdsFoundationsV/Laws/E8ControlPrice.lean,245,UPSTREAM_MANIFEST_MATCH,formalization/notes/examples/E8.md,none
SixBirdsFoundationsV.ProxyFailure,E8,structure,definition,SixBirdsFoundationsV.Laws.E8ControlPrice,formalization/foundations_v_scaffold/lean/SixBirdsFoundationsV/Laws/E8ControlPrice.lean,278,UPSTREAM_MANIFEST_MATCH,formalization/notes/examples/E8.md,none
SixBirdsFoundationsV.ComponentShadowPriceLawful,E8,def,definition,SixBirdsFoundationsV.Laws.E8ControlPrice,formalization/foundations_v_scaffold/lean/SixBirdsFoundationsV/Laws/E8ControlPrice.lean,309,UPSTREAM_MANIFEST_MATCH,formalization/notes/examples/E8.md,none
SixBirdsFoundationsV.CompressedControlSummary,E8,structure,definition,SixBirdsFoundationsV.Laws.E8ControlPrice,formalization/foundations_v_scaffold/lean/SixBirdsFoundationsV/Laws/E8ControlPrice.lean,324,UPSTREAM_MANIFEST_MATCH,formalization/notes/examples/E8.md,none
SixBirdsFoundationsV.SummaryPredictiveLegitimacy,E8,structure,definition,SixBirdsFoundationsV.Laws.E8ControlPrice,formalization/foundations_v_scaffold/lean/SixBirdsFoundationsV/Laws/E8ControlPrice.lean,343,UPSTREAM_MANIFEST_MATCH,formalization/notes/examples/E8.md,none
SixBirdsFoundationsV.SummarySlackCollapse,E8,def,definition,SixBirdsFoundationsV.Laws.E8ControlPrice,formalization/foundations_v_scaffold/lean/SixBirdsFoundationsV/Laws/E8ControlPrice.lean,413,UPSTREAM_MANIFEST_MATCH,formalization/notes/examples/E8.md,none
SixBirdsFoundationsV.SummaryLawful,E8,def,definition,SixBirdsFoundationsV.Laws.E8ControlPrice,formalization/foundations_v_scaffold/lean/SixBirdsFoundationsV/Laws/E8ControlPrice.lean,429,UPSTREAM_MANIFEST_MATCH,formalization/notes/examples/E8.md,none
SixBirdsFoundationsV.EndogenousBudgetSettingMove,E8,structure,definition,SixBirdsFoundationsV.Laws.E8ControlPrice,formalization/foundations_v_scaffold/lean/SixBirdsFoundationsV/Laws/E8ControlPrice.lean,453,UPSTREAM_MANIFEST_MATCH,formalization/notes/examples/E8.md,none
SixBirdsFoundationsV.OmegaLineageBlindSpot,E8,def,definition,SixBirdsFoundationsV.Laws.E8ControlPrice,formalization/foundations_v_scaffold/lean/SixBirdsFoundationsV/Laws/E8ControlPrice.lean,471,UPSTREAM_MANIFEST_MATCH,formalization/notes/examples/E8.md,none
SixBirdsFoundationsV.OmegaLineageAudit,E8,structure,definition,SixBirdsFoundationsV.Laws.E8ControlPrice,formalization/foundations_v_scaffold/lean/SixBirdsFoundationsV/Laws/E8ControlPrice.lean,477,UPSTREAM_MANIFEST_MATCH,formalization/notes/examples/E8.md,none
SixBirdsFoundationsV.NoCaptureLineageAudit,E8,structure,definition,SixBirdsFoundationsV.Laws.E8ControlPrice,formalization/foundations_v_scaffold/lean/SixBirdsFoundationsV/Laws/E8ControlPrice.lean,510,UPSTREAM_MANIFEST_MATCH,formalization/notes/examples/E8.md,none
SixBirdsFoundationsV.ReportedLedgerHealth,E8,structure,definition,SixBirdsFoundationsV.Laws.E8ControlPrice,formalization/foundations_v_scaffold/lean/SixBirdsFoundationsV/Laws/E8ControlPrice.lean,546,UPSTREAM_MANIFEST_MATCH,formalization/notes/examples/E8.md,none
SixBirdsFoundationsV.ResidualDischargeAudit,E8,structure,definition,SixBirdsFoundationsV.Laws.E8ControlPrice,formalization/foundations_v_scaffold/lean/SixBirdsFoundationsV/Laws/E8ControlPrice.lean,561,UPSTREAM_MANIFEST_MATCH,formalization/notes/examples/E8.md,none
SixBirdsFoundationsV.BudgetInflationAudit,E8,structure,definition,SixBirdsFoundationsV.Laws.E8ControlPrice,formalization/foundations_v_scaffold/lean/SixBirdsFoundationsV/Laws/E8ControlPrice.lean,584,UPSTREAM_MANIFEST_MATCH,formalization/notes/examples/E8.md,none
SixBirdsFoundationsV.BudgetInflationAudit.lineageMustMatchClassifiedMove,E8,theorem,theorem,SixBirdsFoundationsV.Laws.E8ControlPrice,formalization/foundations_v_scaffold/lean/SixBirdsFoundationsV/Laws/E8ControlPrice.lean,637,UPSTREAM_MANIFEST_MATCH,formalization/notes/examples/E8.md,none
SixBirdsFoundationsV.MetaAuditBoundedByE2,E8,structure,definition,SixBirdsFoundationsV.Laws.E8ControlPrice,formalization/foundations_v_scaffold/lean/SixBirdsFoundationsV/Laws/E8ControlPrice.lean,667,UPSTREAM_MANIFEST_MATCH,formalization/notes/examples/E8.md,none
SixBirdsFoundationsV.CaptureClaimFalsifier,E8,structure,definition,SixBirdsFoundationsV.Laws.E8ControlPrice,formalization/foundations_v_scaffold/lean/SixBirdsFoundationsV/Laws/E8ControlPrice.lean,681,UPSTREAM_MANIFEST_MATCH,formalization/notes/examples/E8.md,none
SixBirdsFoundationsV.CaptureClaimRejected,E8,def,definition,SixBirdsFoundationsV.Laws.E8ControlPrice,formalization/foundations_v_scaffold/lean/SixBirdsFoundationsV/Laws/E8ControlPrice.lean,717,UPSTREAM_MANIFEST_MATCH,formalization/notes/examples/E8.md,none
SixBirdsFoundationsV.ControlPriceClaimKind,E8,inductive,definition,SixBirdsFoundationsV.Laws.E8ControlPrice,formalization/foundations_v_scaffold/lean/SixBirdsFoundationsV/Laws/E8ControlPrice.lean,777,UPSTREAM_MANIFEST_MATCH,formalization/notes/examples/E8.md,none
SixBirdsFoundationsV.ControlPriceStatus,E8,inductive,definition,SixBirdsFoundationsV.Laws.E8ControlPrice,formalization/foundations_v_scaffold/lean/SixBirdsFoundationsV/Laws/E8ControlPrice.lean,783,UPSTREAM_MANIFEST_MATCH,formalization/notes/examples/E8.md,none
SixBirdsFoundationsV.ControlPriceStatusRecord,E8,structure,definition,SixBirdsFoundationsV.Laws.E8ControlPrice,formalization/foundations_v_scaffold/lean/SixBirdsFoundationsV/Laws/E8ControlPrice.lean,793,UPSTREAM_MANIFEST_MATCH,formalization/notes/examples/E8.md,none
SixBirdsFoundationsV.ControlPriceClaimRef,E8,inductive,definition,SixBirdsFoundationsV.Laws.E8ControlPrice,formalization/foundations_v_scaffold/lean/SixBirdsFoundationsV/Laws/E8ControlPrice.lean,802,UPSTREAM_MANIFEST_MATCH,formalization/notes/examples/E8.md,none
SixBirdsFoundationsV.ControlPriceStatusRecordMatchesClaim,E8,def,definition,SixBirdsFoundationsV.Laws.E8ControlPrice,formalization/foundations_v_scaffold/lean/SixBirdsFoundationsV/Laws/E8ControlPrice.lean,807,UPSTREAM_MANIFEST_MATCH,formalization/notes/examples/E8.md,none
SixBirdsFoundationsV.ControlPriceStatusOccurrenceFor,E8,def,definition,SixBirdsFoundationsV.Laws.E8ControlPrice,formalization/foundations_v_scaffold/lean/SixBirdsFoundationsV/Laws/E8ControlPrice.lean,829,UPSTREAM_MANIFEST_MATCH,formalization/notes/examples/E8.md,none
SixBirdsFoundationsV.ControlClaimContainsComponent,E8,def,definition,SixBirdsFoundationsV.Laws.E8ControlPrice,formalization/foundations_v_scaffold/lean/SixBirdsFoundationsV/Laws/E8ControlPrice.lean,849,UPSTREAM_MANIFEST_MATCH,formalization/notes/examples/E8.md,none
SixBirdsFoundationsV.SlackObstructedCase,E8,def,definition,SixBirdsFoundationsV.Laws.E8ControlPrice,formalization/foundations_v_scaffold/lean/SixBirdsFoundationsV/Laws/E8ControlPrice.lean,867,UPSTREAM_MANIFEST_MATCH,formalization/notes/examples/E8.md,none
SixBirdsFoundationsV.ProxyObstructedCase,E8,def,definition,SixBirdsFoundationsV.Laws.E8ControlPrice,formalization/foundations_v_scaffold/lean/SixBirdsFoundationsV/Laws/E8ControlPrice.lean,896,UPSTREAM_MANIFEST_MATCH,formalization/notes/examples/E8.md,none
SixBirdsFoundationsV.SummaryRedescriptionCase,E8,def,definition,SixBirdsFoundationsV.Laws.E8ControlPrice,formalization/foundations_v_scaffold/lean/SixBirdsFoundationsV/Laws/E8ControlPrice.lean,920,UPSTREAM_MANIFEST_MATCH,formalization/notes/examples/E8.md,none
SixBirdsFoundationsV.ComponentLawfulCase,E8,def,definition,SixBirdsFoundationsV.Laws.E8ControlPrice,formalization/foundations_v_scaffold/lean/SixBirdsFoundationsV/Laws/E8ControlPrice.lean,952,UPSTREAM_MANIFEST_MATCH,formalization/notes/examples/E8.md,none
SixBirdsFoundationsV.FieldLawfulCase,E8,def,definition,SixBirdsFoundationsV.Laws.E8ControlPrice,formalization/foundations_v_scaffold/lean/SixBirdsFoundationsV/Laws/E8ControlPrice.lean,987,UPSTREAM_MANIFEST_MATCH,formalization/notes/examples/E8.md,none
SixBirdsFoundationsV.SummaryLawfulCase,E8,def,definition,SixBirdsFoundationsV.Laws.E8ControlPrice,formalization/foundations_v_scaffold/lean/SixBirdsFoundationsV/Laws/E8ControlPrice.lean,1031,UPSTREAM_MANIFEST_MATCH,formalization/notes/examples/E8.md,none
SixBirdsFoundationsV.IncompleteOrUnpricedCase,E8,def,definition,SixBirdsFoundationsV.Laws.E8ControlPrice,formalization/foundations_v_scaffold/lean/SixBirdsFoundationsV/Laws/E8ControlPrice.lean,1079,UPSTREAM_MANIFEST_MATCH,formalization/notes/examples/E8.md,none
SixBirdsFoundationsV.SlackObstructedHolds,E8,def,definition,SixBirdsFoundationsV.Laws.E8ControlPrice,formalization/foundations_v_scaffold/lean/SixBirdsFoundationsV/Laws/E8ControlPrice.lean,1127,UPSTREAM_MANIFEST_MATCH,formalization/notes/examples/E8.md,none
SixBirdsFoundationsV.ProxyObstructedHolds,E8,def,definition,SixBirdsFoundationsV.Laws.E8ControlPrice,formalization/foundations_v_scaffold/lean/SixBirdsFoundationsV/Laws/E8ControlPrice.lean,1141,UPSTREAM_MANIFEST_MATCH,formalization/notes/examples/E8.md,none
SixBirdsFoundationsV.SummaryRedescriptionHolds,E8,def,definition,SixBirdsFoundationsV.Laws.E8ControlPrice,formalization/foundations_v_scaffold/lean/SixBirdsFoundationsV/Laws/E8ControlPrice.lean,1153,UPSTREAM_MANIFEST_MATCH,formalization/notes/examples/E8.md,none
SixBirdsFoundationsV.ComponentLawfulHolds,E8,def,definition,SixBirdsFoundationsV.Laws.E8ControlPrice,formalization/foundations_v_scaffold/lean/SixBirdsFoundationsV/Laws/E8ControlPrice.lean,1166,UPSTREAM_MANIFEST_MATCH,formalization/notes/examples/E8.md,none
SixBirdsFoundationsV.FieldLawfulHolds,E8,def,definition,SixBirdsFoundationsV.Laws.E8ControlPrice,formalization/foundations_v_scaffold/lean/SixBirdsFoundationsV/Laws/E8ControlPrice.lean,1178,UPSTREAM_MANIFEST_MATCH,formalization/notes/examples/E8.md,none
SixBirdsFoundationsV.SummaryLawfulHolds,E8,def,definition,SixBirdsFoundationsV.Laws.E8ControlPrice,formalization/foundations_v_scaffold/lean/SixBirdsFoundationsV/Laws/E8ControlPrice.lean,1190,UPSTREAM_MANIFEST_MATCH,formalization/notes/examples/E8.md,none
SixBirdsFoundationsV.IncompleteOrUnpricedHolds,E8,def,definition,SixBirdsFoundationsV.Laws.E8ControlPrice,formalization/foundations_v_scaffold/lean/SixBirdsFoundationsV/Laws/E8ControlPrice.lean,1202,UPSTREAM_MANIFEST_MATCH,formalization/notes/examples/E8.md,none
SixBirdsFoundationsV.CompleteControlPriceStatus,E8,def,definition,SixBirdsFoundationsV.Laws.E8ControlPrice,formalization/foundations_v_scaffold/lean/SixBirdsFoundationsV/Laws/E8ControlPrice.lean,1215,UPSTREAM_MANIFEST_MATCH,formalization/notes/examples/E8.md,none
SixBirdsFoundationsV.BudgetAuditStatus,E8,inductive,definition,SixBirdsFoundationsV.Laws.E8ControlPrice,formalization/foundations_v_scaffold/lean/SixBirdsFoundationsV/Laws/E8ControlPrice.lean,1272,UPSTREAM_MANIFEST_MATCH,formalization/notes/examples/E8.md,none
SixBirdsFoundationsV.BudgetAuditStatusRecord,E8,structure,definition,SixBirdsFoundationsV.Laws.E8ControlPrice,formalization/foundations_v_scaffold/lean/SixBirdsFoundationsV/Laws/E8ControlPrice.lean,1280,UPSTREAM_MANIFEST_MATCH,formalization/notes/examples/E8.md,none
SixBirdsFoundationsV.BudgetAuditClaimRef,E8,structure,definition,SixBirdsFoundationsV.Laws.E8ControlPrice,formalization/foundations_v_scaffold/lean/SixBirdsFoundationsV/Laws/E8ControlPrice.lean,1290,UPSTREAM_MANIFEST_MATCH,formalization/notes/examples/E8.md,none
SixBirdsFoundationsV.BudgetAuditStatusRecordMatchesClaim,E8,def,definition,SixBirdsFoundationsV.Laws.E8ControlPrice,formalization/foundations_v_scaffold/lean/SixBirdsFoundationsV/Laws/E8ControlPrice.lean,1296,UPSTREAM_MANIFEST_MATCH,formalization/notes/examples/E8.md,none
SixBirdsFoundationsV.BudgetAuditStatusOccurrenceFor,E8,def,definition,SixBirdsFoundationsV.Laws.E8ControlPrice,formalization/foundations_v_scaffold/lean/SixBirdsFoundationsV/Laws/E8ControlPrice.lean,1305,UPSTREAM_MANIFEST_MATCH,formalization/notes/examples/E8.md,none
SixBirdsFoundationsV.CaptureClaimRejectedCase,E8,def,definition,SixBirdsFoundationsV.Laws.E8ControlPrice,formalization/foundations_v_scaffold/lean/SixBirdsFoundationsV/Laws/E8ControlPrice.lean,1325,UPSTREAM_MANIFEST_MATCH,formalization/notes/examples/E8.md,none
SixBirdsFoundationsV.CaptureDetectedCase,E8,def,definition,SixBirdsFoundationsV.Laws.E8ControlPrice,formalization/foundations_v_scaffold/lean/SixBirdsFoundationsV/Laws/E8ControlPrice.lean,1355,UPSTREAM_MANIFEST_MATCH,formalization/notes/examples/E8.md,none
SixBirdsFoundationsV.ResidualDischargeVerifiedCase,E8,def,definition,SixBirdsFoundationsV.Laws.E8ControlPrice,formalization/foundations_v_scaffold/lean/SixBirdsFoundationsV/Laws/E8ControlPrice.lean,1388,UPSTREAM_MANIFEST_MATCH,formalization/notes/examples/E8.md,none
SixBirdsFoundationsV.MetaAuditCapacityBlockedCase,E8,def,definition,SixBirdsFoundationsV.Laws.E8ControlPrice,formalization/foundations_v_scaffold/lean/SixBirdsFoundationsV/Laws/E8ControlPrice.lean,1423,UPSTREAM_MANIFEST_MATCH,formalization/notes/examples/E8.md,none
SixBirdsFoundationsV.MetaAuditMissingCase,E8,def,definition,SixBirdsFoundationsV.Laws.E8ControlPrice,formalization/foundations_v_scaffold/lean/SixBirdsFoundationsV/Laws/E8ControlPrice.lean,1462,UPSTREAM_MANIFEST_MATCH,formalization/notes/examples/E8.md,none
SixBirdsFoundationsV.CaptureClaimRejectedHolds,E8,def,definition,SixBirdsFoundationsV.Laws.E8ControlPrice,formalization/foundations_v_scaffold/lean/SixBirdsFoundationsV/Laws/E8ControlPrice.lean,1502,UPSTREAM_MANIFEST_MATCH,formalization/notes/examples/E8.md,none
SixBirdsFoundationsV.CaptureDetectedHolds,E8,def,definition,SixBirdsFoundationsV.Laws.E8ControlPrice,formalization/foundations_v_scaffold/lean/SixBirdsFoundationsV/Laws/E8ControlPrice.lean,1515,UPSTREAM_MANIFEST_MATCH,formalization/notes/examples/E8.md,none
SixBirdsFoundationsV.ResidualDischargeVerifiedHolds,E8,def,definition,SixBirdsFoundationsV.Laws.E8ControlPrice,formalization/foundations_v_scaffold/lean/SixBirdsFoundationsV/Laws/E8ControlPrice.lean,1528,UPSTREAM_MANIFEST_MATCH,formalization/notes/examples/E8.md,none
SixBirdsFoundationsV.MetaAuditCapacityBlockedHolds,E8,def,definition,SixBirdsFoundationsV.Laws.E8ControlPrice,formalization/foundations_v_scaffold/lean/SixBirdsFoundationsV/Laws/E8ControlPrice.lean,1541,UPSTREAM_MANIFEST_MATCH,formalization/notes/examples/E8.md,none
SixBirdsFoundationsV.MetaAuditMissingHolds,E8,def,definition,SixBirdsFoundationsV.Laws.E8ControlPrice,formalization/foundations_v_scaffold/lean/SixBirdsFoundationsV/Laws/E8ControlPrice.lean,1555,UPSTREAM_MANIFEST_MATCH,formalization/notes/examples/E8.md,none
SixBirdsFoundationsV.CompleteBudgetAuditStatus,E8,def,definition,SixBirdsFoundationsV.Laws.E8ControlPrice,formalization/foundations_v_scaffold/lean/SixBirdsFoundationsV/Laws/E8ControlPrice.lean,1569,UPSTREAM_MANIFEST_MATCH,formalization/notes/examples/E8.md,none
SixBirdsFoundationsV.E8_ControlPrice,E8,theorem,theorem,SixBirdsFoundationsV.Laws.E8ControlPrice,formalization/foundations_v_scaffold/lean/SixBirdsFoundationsV/Laws/E8ControlPrice.lean,1608,UPSTREAM_MANIFEST_MATCH,formalization/notes/examples/E8.md,none
SixBirdsFoundationsV.E8_ComponentShadowPrice,E8,theorem,theorem,SixBirdsFoundationsV.Laws.E8ControlPrice,formalization/foundations_v_scaffold/lean/SixBirdsFoundationsV/Laws/E8ControlPrice.lean,2007,UPSTREAM_MANIFEST_MATCH,formalization/notes/examples/E8.md,none
SixBirdsFoundationsV.E8_CompressedSummaryLawfulness,E8,theorem,theorem,SixBirdsFoundationsV.Laws.E8ControlPrice,formalization/foundations_v_scaffold/lean/SixBirdsFoundationsV/Laws/E8ControlPrice.lean,2037,UPSTREAM_MANIFEST_MATCH,formalization/notes/examples/E8.md,none
SixBirdsFoundationsV.E8_1_AuditCapture,E8,theorem,theorem,SixBirdsFoundationsV.Laws.E8ControlPrice,formalization/foundations_v_scaffold/lean/SixBirdsFoundationsV/Laws/E8ControlPrice.lean,2050,UPSTREAM_MANIFEST_MATCH,formalization/notes/examples/E8.md,none
SixBirdsFoundationsV.E8_1_CaptureFalsifier,E8,theorem,theorem,SixBirdsFoundationsV.Laws.E8ControlPrice,formalization/foundations_v_scaffold/lean/SixBirdsFoundationsV/Laws/E8ControlPrice.lean,2341,UPSTREAM_MANIFEST_MATCH,formalization/notes/examples/E8.md,none
SixBirdsFoundationsV.E8_1_MetaAuditBoundedByE2,E8,theorem,theorem,SixBirdsFoundationsV.Laws.E8ControlPrice,formalization/foundations_v_scaffold/lean/SixBirdsFoundationsV/Laws/E8ControlPrice.lean,2365,UPSTREAM_MANIFEST_MATCH,formalization/notes/examples/E8.md,none
