bridge_id,bridge_kind,source_claim,source_law,source_paper,target_claim_or_context,target_paper,source_object,target_object,map_or_interface,inherited_hypotheses,added_hypotheses,lost_hypotheses,source_of_truth,audit_path,formalization,licensed_conclusion,classification,nonclaims,nearest_countermodel,review_status
BR-REUSE-0001,PRIOR_LAW_REUSE_CONTRACT,P028-C0033,F2,P028,FOUNDATIONS_VII_REUSE_BOUNDARY,FUTURE_FOUNDATIONS_VII,"q:X→ Q: quotient map, let F:X→ Y be a map, and let r:Y→ R be a target readout; q: map/interface X → Q be a quotient map; F: map/interface X → Y be a map; r: map/interface Y → R be a target readout; c_F: map/interface R → R_F of",Any later Foundations VII object that supplies a typed instantiation of the source carrier/interface and all source hypotheses.,Exact statement-level adapter; no new VII object or adapter is constructed in Step 2.,"[""Let q:X→ Q be a quotient map, let F:X→ Y be a map, and let r:Y→ R be a target readout""]","[""A later reuse must prove type alignment, source fidelity, and all added VII-specific premises.""]","[""None may be silently dropped.""]",source/papers/Tsiokos_2026_Six_Birds_Foundations_IV_A_Catalog_of_Layer_Agnostic_Structural_Laws.tex:L2307-L2319; derived/expanded/Tsiokos_2026_Six_Birds_Foundations_IV_A_Catalog_of_Layer_Agnostic_Structural_Laws.tex:L2307-L2319,"[""source/papers/Tsiokos_2026_Six_Birds_Foundations_IV_A_Catalog_of_Layer_Agnostic_Structural_Laws.tex:L2307-L2319; derived/expanded/Tsiokos_2026_Six_Birds_Foundations_IV_A_Catalog_of_Layer_Agnostic_Structural_Laws.tex:L2307-L2319"", ""registry/F_laws.csv:F2"", ""formalization/integration/cumulative_lean_theorems.csv""]","{""adapter_declarations"": [], ""added_trust_base"": [], ""caveats"": [""Paper grade and source statement remain controlling; module presence is not a fresh kernel replay.""], ""exact_conclusion_match"": true, ""exact_hypothesis_match"": true, ""inherited_trust_base"": [], ""machine_check_status"": ""NOT_RUN: Lean/Lake unavailable"", ""paper_reported_declarations"": [""SixBirdsMetaMath.FoundationsIV.Transport.DescentRepair.descent_repair_normal_form""], ""source_declarations"": [""descent_repair_normal_form""], ""source_match_status"": ""MATCHED_IMPORTED_LAW_DECLARATION"", ""source_modules"": [""SixBirdsMetaMath.FoundationsIV.Transport.DescentRepair""], ""statement_delta"": [""The prose matches the Lean row. The Lean theorem makes quotient surjectivity explicit, which is compatible with the prose's quotient-map framing.""], ""target_declarations"": []}","r F descends through q if and only if Delta(q,F,r)=∅ . If the obstruction is nonempty, the canonical repairs are: source refinement, which separates the offending source fibers, and target coarsening by the quotient c_F:R→ R_F of . The target repair is minimal among target coarsenings that make r F descend",AVAILABLE_AFTER_EXACT_HYPOTHESIS_AND_STATEMENT_MATCH,"[""P028-C0002"", ""P028-C0003"", ""P028-C0010"", ""P028-C0018"", ""P028-C0021"", ""P028-C0023"", ""P028-C0025"", ""P028-C0027"", ""P028-C0030"", ""P028-C0044"", ""P028-C0050"", ""P028-C0052"", ""P028-C0059"", ""P028-C0060"", ""P028-C0061"", ""P028-C0073"", ""P028-C0100"", ""P028-C0101"", ""P028-C0102"", ""P028-C0103"", ""This inventory contract is not a Foundations VII theorem, bridge proof, or candidate-law endorsement.""]","An upper object enables a lower construction without factoring through the lower interface, so enablement is not descent.",STEP2_REUSE_BOUNDARY_INDEXED
BR-REUSE-0002,PRIOR_LAW_REUSE_CONTRACT,P028-C0036,F3,P028,FOUNDATIONS_VII_REUSE_BOUNDARY,FUTURE_FOUNDATIONS_VII,"Holonomy-Memory Repair Normal Form: For two declared routes gamma, :H→ Z , current quotient Q , and predictive quotient M , memory is forced exactly when there is route residue. Equivalently, if two route outputs agree at Q but differ at M , then no representation through the current quotient alone is sufficient for the declared future probes. Recording the…",Any later Foundations VII object that supplies a typed instantiation of the source carrier/interface and all source hypotheses.,Exact statement-level adapter; no new VII object or adapter is constructed in Step 2.,"[""For two declared routes gamma, :H→ Z , current quotient Q , and predictive quotient M , memory is forced exactly when there is route residue. Equivalently, if two route outputs agree at Q but differ at M""]","[""A later reuse must prove type alignment, source fidelity, and all added VII-specific premises.""]","[""None may be silently dropped.""]",source/papers/Tsiokos_2026_Six_Birds_Foundations_IV_A_Catalog_of_Layer_Agnostic_Structural_Laws.tex:L2453-L2461; derived/expanded/Tsiokos_2026_Six_Birds_Foundations_IV_A_Catalog_of_Layer_Agnostic_Structural_Laws.tex:L2453-L2461,"[""source/papers/Tsiokos_2026_Six_Birds_Foundations_IV_A_Catalog_of_Layer_Agnostic_Structural_Laws.tex:L2453-L2461; derived/expanded/Tsiokos_2026_Six_Birds_Foundations_IV_A_Catalog_of_Layer_Agnostic_Structural_Laws.tex:L2453-L2461"", ""registry/F_laws.csv:F3"", ""formalization/integration/cumulative_lean_theorems.csv""]","{""adapter_declarations"": [], ""added_trust_base"": [], ""caveats"": [""Paper grade and source statement remain controlling; module presence is not a fresh kernel replay.""], ""exact_conclusion_match"": true, ""exact_hypothesis_match"": true, ""inherited_trust_base"": [], ""machine_check_status"": ""NOT_RUN: Lean/Lake unavailable"", ""paper_reported_declarations"": [""SixBirdsMetaMath.FoundationsIV.Transport.HolonomyMemoryRepair.holonomy_memory_repair_normal_form""], ""source_declarations"": [""holonomy_memory_repair_normal_form""], ""source_match_status"": ""MATCHED_IMPORTED_LAW_DECLARATION"", ""source_modules"": [""SixBirdsMetaMath.FoundationsIV.Transport.HolonomyMemoryRepair""], ""statement_delta"": [""The prose's two-route/current-vs-predictive-memory framing matches the Lean normal form. The Lean statement is existential around a chosen route rather than a named pair comparison, but it is the same interface.""], ""target_declarations"": []}",no representation through the current quotient alone is sufficient for the declared future probes. Recording the route residue gives the canonical memory repair,AVAILABLE_AFTER_EXACT_HYPOTHESIS_AND_STATEMENT_MATCH,"[""P028-C0002"", ""P028-C0003"", ""P028-C0010"", ""P028-C0018"", ""P028-C0021"", ""P028-C0023"", ""P028-C0025"", ""P028-C0027"", ""P028-C0030"", ""P028-C0044"", ""P028-C0050"", ""P028-C0052"", ""P028-C0059"", ""P028-C0060"", ""P028-C0061"", ""P028-C0073"", ""P028-C0100"", ""P028-C0101"", ""P028-C0102"", ""P028-C0103"", ""This inventory contract is not a Foundations VII theorem, bridge proof, or candidate-law endorsement.""]","A protocol loop has nonzero route residue while the lifted dynamics is stationary and reversible, so holonomy exists with zero sustained arrow.",STEP2_REUSE_BOUNDARY_INDEXED
BR-REUSE-0003,PRIOR_LAW_REUSE_CONTRACT,P028-C0039,F4,P028,FOUNDATIONS_VII_REUSE_BOUNDARY,FUTURE_FOUNDATIONS_VII,"G: set of global states, let F be a set of local-family data, let Comp: F→Prop be the overlap-compatibility predicate, and let R: G F be a decl; Comp: map/interface F → Prop be the overlap-compatibility predicate",Any later Foundations VII object that supplies a typed instantiation of the source carrier/interface and all source hypotheses.,Exact statement-level adapter; no new VII object or adapter is constructed in Step 2.,"[""Let G be a set of global states, let F be a set of local-family data, let Comp: F→Prop be the overlap-compatibility predicate, and let R: G F be a declared restriction map such that Comp(R(g)) for every g∈ G . For a∈ F , write Globalizes_R(a) :Longleftrightarrow g∈ G,\\ R(g)=a""]","[""A later reuse must prove type alignment, source fidelity, and all added VII-specific premises.""]","[""None may be silently dropped.""]",source/papers/Tsiokos_2026_Six_Birds_Foundations_IV_A_Catalog_of_Layer_Agnostic_Structural_Laws.tex:L2575-L2610; derived/expanded/Tsiokos_2026_Six_Birds_Foundations_IV_A_Catalog_of_Layer_Agnostic_Structural_Laws.tex:L2575-L2610,"[""source/papers/Tsiokos_2026_Six_Birds_Foundations_IV_A_Catalog_of_Layer_Agnostic_Structural_Laws.tex:L2575-L2610; derived/expanded/Tsiokos_2026_Six_Birds_Foundations_IV_A_Catalog_of_Layer_Agnostic_Structural_Laws.tex:L2575-L2610"", ""registry/F_laws.csv:F4"", ""formalization/integration/cumulative_lean_theorems.csv""]","{""adapter_declarations"": [], ""added_trust_base"": [], ""caveats"": [""Paper grade and source statement remain controlling; module presence is not a fresh kernel replay.""], ""exact_conclusion_match"": true, ""exact_hypothesis_match"": true, ""inherited_trust_base"": [], ""machine_check_status"": ""NOT_RUN: Lean/Lake unavailable"", ""paper_reported_declarations"": [""SixBirdsMetaMath.FoundationsIV.Transport.LocalGlobalObstruction.local_global_obstruction_normal_form""], ""source_declarations"": [""local_global_obstruction_normal_form""], ""source_match_status"": ""MATCHED_IMPORTED_LAW_DECLARATION"", ""source_modules"": [""SixBirdsMetaMath.FoundationsIV.Transport.LocalGlobalObstruction""], ""statement_delta"": [""The status classification matches. The discrepancy is that `THEOREMS.md` repeatedly says F4's setup is a finite patch system, while the Lean theorem does not encode finiteness or a finite index set; it abstracts the local family as an arbitrary type. This may be a legitimate prose/docstring compression from the paper version, but it is stronger than the mechanized statement.""], ""target_declarations"": []}","Comp(a) implies (Globalizes_R(a) iff a∈ R( G) ), ExactlyOneStatus(a) iff OverlapInconsistent(a) CompatibleNonGlobal(a) 3.5em GloballyAmbiguous(a) GloballyExact(a), where the four status predicates are determined by Comp(a) , membership in R( G) , and the cardinality of the fiber R^ -1 (a)",AVAILABLE_AFTER_EXACT_HYPOTHESIS_AND_STATEMENT_MATCH,"[""P028-C0002"", ""P028-C0003"", ""P028-C0010"", ""P028-C0018"", ""P028-C0021"", ""P028-C0023"", ""P028-C0025"", ""P028-C0027"", ""P028-C0030"", ""P028-C0044"", ""P028-C0050"", ""P028-C0052"", ""P028-C0059"", ""P028-C0060"", ""P028-C0061"", ""P028-C0073"", ""P028-C0100"", ""P028-C0101"", ""P028-C0102"", ""P028-C0103"", ""This inventory contract is not a Foundations VII theorem, bridge proof, or candidate-law endorsement.""]","A nonfactoring candidate distinction is proposed but fails closure/objecthood or never fires, so strictness alone yields neither objecthood nor directionality.",STEP2_REUSE_BOUNDARY_INDEXED
BR-REUSE-0004,PRIOR_LAW_REUSE_CONTRACT,P028-C0041,F5,P028,FOUNDATIONS_VII_REUSE_BOUNDARY,FUTURE_FOUNDATIONS_VII,K:B→ Q_K: branchwise quotient and R:B→ Q_R a recombination quotient on the same branch carrier; K: map/interface B → Q_K be a branchwise quotient and R:B→ Q_R a recombination quotient on the same b; rho: map/interface Q_K → Q_R such that R=rho K,Any later Foundations VII object that supplies a typed instantiation of the source carrier/interface and all source hypotheses.,Exact statement-level adapter; no new VII object or adapter is constructed in Step 2.,"[""Let K:B→ Q_K be a branchwise quotient and R:B→ Q_R a recombination quotient on the same branch carrier""]","[""A later reuse must prove type alignment, source fidelity, and all added VII-specific premises.""]","[""None may be silently dropped.""]",source/papers/Tsiokos_2026_Six_Birds_Foundations_IV_A_Catalog_of_Layer_Agnostic_Structural_Laws.tex:L2718-L2729; derived/expanded/Tsiokos_2026_Six_Birds_Foundations_IV_A_Catalog_of_Layer_Agnostic_Structural_Laws.tex:L2718-L2729,"[""source/papers/Tsiokos_2026_Six_Birds_Foundations_IV_A_Catalog_of_Layer_Agnostic_Structural_Laws.tex:L2718-L2729; derived/expanded/Tsiokos_2026_Six_Birds_Foundations_IV_A_Catalog_of_Layer_Agnostic_Structural_Laws.tex:L2718-L2729"", ""registry/F_laws.csv:F5"", ""formalization/integration/cumulative_lean_theorems.csv""]","{""adapter_declarations"": [], ""added_trust_base"": [], ""caveats"": [""The paper reports a Lean declaration, but no corresponding source module is present in the supplied scaffold; no local formal match is claimed.""], ""exact_conclusion_match"": null, ""exact_hypothesis_match"": null, ""inherited_trust_base"": [], ""machine_check_status"": ""NOT_AVAILABLE"", ""paper_reported_declarations"": [""SixBirdsMetaMath.FoundationsIV.Transport.RecombinationComparison.recombination_comparison""], ""source_declarations"": [], ""source_match_status"": ""PAPER_DISCLOSED_ASSET_NOT_IMPORTED"", ""source_modules"": [], ""statement_delta"": [""Paper reports a Lean realization, but its source module is not in the supplied Collatz archive.""], ""target_declarations"": []}","branchwise equality determines recombination equality if and only if R factors through K , that is, if and only if there exists rho:Q_K→ Q_R such that R=rho K . Equivalently, the branch-merge split-pair obstruction of is empty",PAPER_RESULT_AVAILABLE_LOCAL_FORMAL_ASSET_ABSENT_OR_PARTIAL,"[""P028-C0002"", ""P028-C0003"", ""P028-C0010"", ""P028-C0018"", ""P028-C0021"", ""P028-C0023"", ""P028-C0025"", ""P028-C0027"", ""P028-C0030"", ""P028-C0044"", ""P028-C0050"", ""P028-C0052"", ""P028-C0059"", ""P028-C0060"", ""P028-C0061"", ""P028-C0073"", ""P028-C0100"", ""P028-C0101"", ""P028-C0102"", ""P028-C0103"", ""This inventory contract is not a Foundations VII theorem, bridge proof, or candidate-law endorsement.""]",A verbal resemblance or citation exists while the source hypotheses and carrier/interface map are not discharged.,STEP2_REUSE_BOUNDARY_INDEXED
BR-REUSE-0005,PRIOR_LAW_REUSE_CONTRACT,P028-C0024,F6,P028,FOUNDATIONS_VII_REUSE_BOUNDARY,FUTURE_FOUNDATIONS_VII,P: formed stability package with a layer-dissolving membrane,Any later Foundations VII object that supplies a typed instantiation of the source carrier/interface and all source hypotheses.,Exact statement-level adapter; no new VII object or adapter is constructed in Step 2.,"[""Let P be a formed stability package with a layer-dissolving membrane. Suppose P declares: a currency block C on its exterior carrier of size e ; a layer-bridge block L of size y× e and a dissolving-direction block D of size z× e , with block currency pieces K_ LL , K_ LD , K_ DL , and K_ DD ; the symmetry conditions K_ DL =K_ LD ^ →p and K_ LL ^ =(K_ LL ^ )^ →p , together with the Moore–Penrose projection identity K_ LL K_ LL ^ K_ LD =K_ LD ; currency and residual budgets K_ LL Theta_Y, Xi(C,L,…""]","[""A later reuse must prove type alignment, source fidelity, and all added VII-specific premises.""]","[""None may be silently dropped.""]",source/papers/Tsiokos_2026_Six_Birds_Foundations_IV_A_Catalog_of_Layer_Agnostic_Structural_Laws.tex:L1669-L1706; derived/expanded/Tsiokos_2026_Six_Birds_Foundations_IV_A_Catalog_of_Layer_Agnostic_Structural_Laws.tex:L1669-L1706,"[""source/papers/Tsiokos_2026_Six_Birds_Foundations_IV_A_Catalog_of_Layer_Agnostic_Structural_Laws.tex:L1669-L1706; derived/expanded/Tsiokos_2026_Six_Birds_Foundations_IV_A_Catalog_of_Layer_Agnostic_Structural_Laws.tex:L1669-L1706"", ""registry/F_laws.csv:F6"", ""formalization/integration/cumulative_lean_theorems.csv""]","{""adapter_declarations"": [], ""added_trust_base"": [], ""caveats"": [""Paper grade and source statement remain controlling; module presence is not a fresh kernel replay.""], ""exact_conclusion_match"": null, ""exact_hypothesis_match"": null, ""inherited_trust_base"": [], ""machine_check_status"": ""NOT_RUN: Lean/Lake unavailable"", ""paper_reported_declarations"": [""SixBirdsMetaMath.FoundationsIV.Stability.NoNeedles.no_needles_stability""], ""source_declarations"": [""no_needles_stability""], ""source_match_status"": ""MATCHED_IMPORTED_LAW_DECLARATION"", ""source_modules"": [""SixBirdsMetaMath.FoundationsIV.Stability.NoNeedles""], ""statement_delta"": [""The prose matches the Lean theorem's endpoint-budget interpretation. The Lean file encodes the formed package as explicit matrix and budget arguments rather than a single package structure.""], ""target_declarations"": []}","the transported dissolving block satisfies the Loewner endpoint S K_ DD S^ →p Theta_D . Equivalently, every layer-dissolving move accepted by P is bounded by its declared transport budget; no unpriced layer-dissolving needle survives the formed package",AVAILABLE_AFTER_EXACT_HYPOTHESIS_AND_STATEMENT_MATCH,"[""P028-C0002"", ""P028-C0003"", ""P028-C0010"", ""P028-C0018"", ""P028-C0021"", ""P028-C0023"", ""P028-C0025"", ""P028-C0027"", ""P028-C0030"", ""P028-C0044"", ""P028-C0050"", ""P028-C0052"", ""P028-C0059"", ""P028-C0060"", ""P028-C0061"", ""P028-C0073"", ""P028-C0100"", ""P028-C0101"", ""P028-C0102"", ""P028-C0103"", ""This inventory contract is not a Foundations VII theorem, bridge proof, or candidate-law endorsement.""]",A verbal resemblance or citation exists while the source hypotheses and carrier/interface map are not discharged.,STEP2_REUSE_BOUNDARY_INDEXED
BR-REUSE-0006,PRIOR_LAW_REUSE_CONTRACT,P028-C0026,F7,P028,FOUNDATIONS_VII_REUSE_BOUNDARY,FUTURE_FOUNDATIONS_VII,f: map/interface H → F_f in F there is a map f:Q→ F_f such that f= f q,Any later Foundations VII object that supplies a typed instantiation of the source carrier/interface and all source hypotheses.,Exact statement-level adapter; no new VII object or adapter is constructed in Step 2.,"[""No independent hypothesis block was mechanically separable; all quantifiers and conditions in source_wording_tex govern.""]","[""A later reuse must prove type alignment, source fidelity, and all added VII-specific premises.""]","[""None may be silently dropped.""]",source/papers/Tsiokos_2026_Six_Birds_Foundations_IV_A_Catalog_of_Layer_Agnostic_Structural_Laws.tex:L1845-L1854; derived/expanded/Tsiokos_2026_Six_Birds_Foundations_IV_A_Catalog_of_Layer_Agnostic_Structural_Laws.tex:L1845-L1854,"[""source/papers/Tsiokos_2026_Six_Birds_Foundations_IV_A_Catalog_of_Layer_Agnostic_Structural_Laws.tex:L1845-L1854; derived/expanded/Tsiokos_2026_Six_Birds_Foundations_IV_A_Catalog_of_Layer_Agnostic_Structural_Laws.tex:L1845-L1854"", ""registry/F_laws.csv:F7"", ""formalization/integration/cumulative_lean_theorems.csv""]","{""adapter_declarations"": [], ""added_trust_base"": [], ""caveats"": [""Paper grade and source statement remain controlling; module presence is not a fresh kernel replay.""], ""exact_conclusion_match"": true, ""exact_hypothesis_match"": true, ""inherited_trust_base"": [], ""machine_check_status"": ""NOT_RUN: Lean/Lake unavailable"", ""paper_reported_declarations"": [""SixBirdsMetaMath.FoundationsIV.Stability.SufficiencyClosure.sufficiency_closure""], ""source_declarations"": [""package_closed_iff_no_sufficiency_split"", ""future_determines_current_iff_no_redundancy_split"", ""current_memory_repair_closed"", ""current_memory_repair_factors"", ""sufficiency_status_partition"", ""sufficiency_closure""], ""source_match_status"": ""MATCHED_IMPORTED_LAW_DECLARATION"", ""source_modules"": [""SixBirdsMetaMath.FoundationsIV.Stability.SufficiencyClosure""], ""statement_delta"": [""Module is present but was not one of the ten F-laws cited by Foundations VI.""], ""target_declarations"": []}","The current quotient Q is sufficient for the declared future family F if and only if every declared future probe f∈ F descends through q . Equivalently, for every f:H→ F_f in F there is a map f:Q→ F_f such that f= f q .",AVAILABLE_AFTER_EXACT_HYPOTHESIS_AND_STATEMENT_MATCH,"[""P028-C0002"", ""P028-C0003"", ""P028-C0010"", ""P028-C0018"", ""P028-C0021"", ""P028-C0023"", ""P028-C0025"", ""P028-C0027"", ""P028-C0030"", ""P028-C0044"", ""P028-C0050"", ""P028-C0052"", ""P028-C0059"", ""P028-C0060"", ""P028-C0061"", ""P028-C0073"", ""P028-C0100"", ""P028-C0101"", ""P028-C0102"", ""P028-C0103"", ""This inventory contract is not a Foundations VII theorem, bridge proof, or candidate-law endorsement.""]",A verbal resemblance or citation exists while the source hypotheses and carrier/interface map are not discharged.,STEP2_REUSE_BOUNDARY_INDEXED
BR-REUSE-0007,PRIOR_LAW_REUSE_CONTRACT,P028-C0028,F8,P028,FOUNDATIONS_VII_REUSE_BOUNDARY,FUTURE_FOUNDATIONS_VII,rho: map/interface _ new → _ old,Any later Foundations VII object that supplies a typed instantiation of the source carrier/interface and all source hypotheses.,Exact statement-level adapter; no new VII object or adapter is constructed in Step 2.,"[""No independent hypothesis block was mechanically separable; all quantifiers and conditions in source_wording_tex govern.""]","[""A later reuse must prove type alignment, source fidelity, and all added VII-specific premises.""]","[""None may be silently dropped.""]",source/papers/Tsiokos_2026_Six_Birds_Foundations_IV_A_Catalog_of_Layer_Agnostic_Structural_Laws.tex:L1963-L1977; derived/expanded/Tsiokos_2026_Six_Birds_Foundations_IV_A_Catalog_of_Layer_Agnostic_Structural_Laws.tex:L1963-L1977,"[""source/papers/Tsiokos_2026_Six_Birds_Foundations_IV_A_Catalog_of_Layer_Agnostic_Structural_Laws.tex:L1963-L1977; derived/expanded/Tsiokos_2026_Six_Birds_Foundations_IV_A_Catalog_of_Layer_Agnostic_Structural_Laws.tex:L1963-L1977"", ""registry/F_laws.csv:F8"", ""formalization/integration/cumulative_lean_theorems.csv""]","{""adapter_declarations"": [], ""added_trust_base"": [], ""caveats"": [""The paper reports a Lean declaration, but no corresponding source module is present in the supplied scaffold; no local formal match is claimed.""], ""exact_conclusion_match"": null, ""exact_hypothesis_match"": null, ""inherited_trust_base"": [], ""machine_check_status"": ""NOT_AVAILABLE"", ""paper_reported_declarations"": [""SixBirdsMetaMath.FoundationsIV.Stability.StrictExtension.strict_extension""], ""source_declarations"": [], ""source_match_status"": ""PAPER_DISCLOSED_ASSET_NOT_IMPORTED"", ""source_modules"": [], ""statement_delta"": [""Paper reports a Lean realization, but its source module is not in the supplied Collatz archive.""], ""target_declarations"": []}","The extension from q_ old to q_ new is strict if and only if there is a retention map rho: _ new → _ old , q_ old =rho q_ new , and there are histories h,h'∈ H such that q_ old (h)=q_ old (h') but q_ new (h) q_ new (h').",PAPER_RESULT_AVAILABLE_LOCAL_FORMAL_ASSET_ABSENT_OR_PARTIAL,"[""P028-C0002"", ""P028-C0003"", ""P028-C0010"", ""P028-C0018"", ""P028-C0021"", ""P028-C0023"", ""P028-C0025"", ""P028-C0027"", ""P028-C0030"", ""P028-C0044"", ""P028-C0050"", ""P028-C0052"", ""P028-C0059"", ""P028-C0060"", ""P028-C0061"", ""P028-C0073"", ""P028-C0100"", ""P028-C0101"", ""P028-C0102"", ""P028-C0103"", ""This inventory contract is not a Foundations VII theorem, bridge proof, or candidate-law endorsement.""]","A nonfactoring candidate distinction is proposed but fails closure/objecthood or never fires, so strictness alone yields neither objecthood nor directionality.",STEP2_REUSE_BOUNDARY_INDEXED
BR-REUSE-0008,PRIOR_LAW_REUSE_CONTRACT,P028-C0029,F9,P028,FOUNDATIONS_VII_REUSE_BOUNDARY,FUTURE_FOUNDATIONS_VII,"R: residual type, let P be a formed stability package over R , and let st_ P :R S be the declared typed-status classifier supplied by the packa",Any later Foundations VII object that supplies a typed instantiation of the source carrier/interface and all source hypotheses.,Exact statement-level adapter; no new VII object or adapter is constructed in Step 2.,"[""Let R be a residual type, let P be a formed stability package over R , and let st_ P :R S be the declared typed-status classifier supplied by the package. Assume the package discipline makes st_ P single-valued on native residual records""]","[""A later reuse must prove type alignment, source fidelity, and all added VII-specific premises.""]","[""None may be silently dropped.""]",source/papers/Tsiokos_2026_Six_Birds_Foundations_IV_A_Catalog_of_Layer_Agnostic_Structural_Laws.tex:L2081-L2100; derived/expanded/Tsiokos_2026_Six_Birds_Foundations_IV_A_Catalog_of_Layer_Agnostic_Structural_Laws.tex:L2081-L2100,"[""source/papers/Tsiokos_2026_Six_Birds_Foundations_IV_A_Catalog_of_Layer_Agnostic_Structural_Laws.tex:L2081-L2100; derived/expanded/Tsiokos_2026_Six_Birds_Foundations_IV_A_Catalog_of_Layer_Agnostic_Structural_Laws.tex:L2081-L2100"", ""registry/F_laws.csv:F9"", ""formalization/integration/cumulative_lean_theorems.csv""]","{""adapter_declarations"": [], ""added_trust_base"": [], ""caveats"": [""The paper reports a Lean declaration, but no corresponding source module is present in the supplied scaffold; no local formal match is claimed.""], ""exact_conclusion_match"": null, ""exact_hypothesis_match"": null, ""inherited_trust_base"": [], ""machine_check_status"": ""NOT_AVAILABLE"", ""paper_reported_declarations"": [""SixBirdsMetaMath.FoundationsIV.Stability.NoUnstatusedResidual.no_unstatused_residual""], ""source_declarations"": [], ""source_match_status"": ""PAPER_DISCLOSED_ASSET_NOT_IMPORTED"", ""source_modules"": [], ""statement_delta"": [""Paper reports a Lean realization, but its source module is not in the supplied Collatz archive.""], ""target_declarations"": []}","r∈ R, st_ P (r)∈ S_ typed , r∈ R, ! s∈ S_ typed ,\ s=st_ P (r), r∈ R, _ P (r)",PAPER_RESULT_AVAILABLE_LOCAL_FORMAL_ASSET_ABSENT_OR_PARTIAL,"[""P028-C0002"", ""P028-C0003"", ""P028-C0010"", ""P028-C0018"", ""P028-C0021"", ""P028-C0023"", ""P028-C0025"", ""P028-C0027"", ""P028-C0030"", ""P028-C0044"", ""P028-C0050"", ""P028-C0052"", ""P028-C0059"", ""P028-C0060"", ""P028-C0061"", ""P028-C0073"", ""P028-C0100"", ""P028-C0101"", ""P028-C0102"", ""P028-C0103"", ""This inventory contract is not a Foundations VII theorem, bridge proof, or candidate-law endorsement.""]",A verbal resemblance or citation exists while the source hypotheses and carrier/interface map are not discharged.,STEP2_REUSE_BOUNDARY_INDEXED
BR-REUSE-0009,PRIOR_LAW_REUSE_CONTRACT,P028-C0012,F10,P028,FOUNDATIONS_VII_REUSE_BOUNDARY,FUTURE_FOUNDATIONS_VII,sigma_I:H→Sigma: observation signature with access quotient q_I:H→ Q_I; sigma_I: map/interface H → Sigma be an observation signature with access quotient q_I:H→ Q_I; o: map/interface H → R that is constant on access classes factors uniquely through q_I : o= o q_I for; o: map/interface Q_I → R; observations: map/interface if pi:H → Q' is any quotient whose fibers are observation-invisible,Any later Foundations VII object that supplies a typed instantiation of the source carrier/interface and all source hypotheses.,Exact statement-level adapter; no new VII object or adapter is constructed in Step 2.,"[""Let sigma_I:H→Sigma be an observation signature with access quotient q_I:H→ Q_I . Every observable o:H→ R that is constant on access classes factors uniquely through q_I : o= o q_I for a unique o:Q_I→ R . Moreover, Q_I is the coarsest quotient carrying the declared observations: if pi:H→ Q' is any quotient whose fibers are observation-invisible""]","[""A later reuse must prove type alignment, source fidelity, and all added VII-specific premises.""]","[""None may be silently dropped.""]",source/papers/Tsiokos_2026_Six_Birds_Foundations_IV_A_Catalog_of_Layer_Agnostic_Structural_Laws.tex:L714-L726; derived/expanded/Tsiokos_2026_Six_Birds_Foundations_IV_A_Catalog_of_Layer_Agnostic_Structural_Laws.tex:L714-L726,"[""source/papers/Tsiokos_2026_Six_Birds_Foundations_IV_A_Catalog_of_Layer_Agnostic_Structural_Laws.tex:L714-L726; derived/expanded/Tsiokos_2026_Six_Birds_Foundations_IV_A_Catalog_of_Layer_Agnostic_Structural_Laws.tex:L714-L726"", ""registry/F_laws.csv:F10"", ""formalization/integration/cumulative_lean_theorems.csv""]","{""adapter_declarations"": [], ""added_trust_base"": [], ""caveats"": [""Paper grade and source statement remain controlling; module presence is not a fresh kernel replay.""], ""exact_conclusion_match"": true, ""exact_hypothesis_match"": true, ""inherited_trust_base"": [], ""machine_check_status"": ""NOT_RUN: Lean/Lake unavailable"", ""paper_reported_declarations"": [""SixBirdsMetaMath.FoundationsIV.Access.Quotientality.quotientality""], ""source_declarations"": [""qI_eq_iff_accessKernel"", ""qI_surjective"", ""observable_factorization"", ""qI_is_coarsest"", ""qI_exact_comparison"", ""no_visible_loss_iff_no_visible_loss_pair"", ""no_ghost_iff_no_ghost_pair"", ""common_access_refinement_no_visible_loss""], ""source_match_status"": ""MATCHED_IMPORTED_LAW_DECLARATION"", ""source_modules"": [""SixBirdsMetaMath.FoundationsIV.Access.Quotientality""], ""statement_delta"": [""Module is present but was not one of the ten F-laws cited by Foundations VI.""], ""target_declarations"": []}",q_I factors through pi,AVAILABLE_AFTER_EXACT_HYPOTHESIS_AND_STATEMENT_MATCH,"[""P028-C0002"", ""P028-C0003"", ""P028-C0010"", ""P028-C0018"", ""P028-C0021"", ""P028-C0023"", ""P028-C0025"", ""P028-C0027"", ""P028-C0030"", ""P028-C0044"", ""P028-C0050"", ""P028-C0052"", ""P028-C0059"", ""P028-C0060"", ""P028-C0061"", ""P028-C0073"", ""P028-C0100"", ""P028-C0101"", ""P028-C0102"", ""P028-C0103"", ""This inventory contract is not a Foundations VII theorem, bridge proof, or candidate-law endorsement.""]",A verbal resemblance or citation exists while the source hypotheses and carrier/interface map are not discharged.,STEP2_REUSE_BOUNDARY_INDEXED
BR-REUSE-0010,PRIOR_LAW_REUSE_CONTRACT,P028-C0013,F11,P028,FOUNDATIONS_VII_REUSE_BOUNDARY,FUTURE_FOUNDATIONS_VII,F:H→ W: current-layer claim over a formed access package; F: map/interface H → W be a current-layer claim over a formed access package; F: map/interface Q_I → W such that F= F _I,Any later Foundations VII object that supplies a typed instantiation of the source carrier/interface and all source hypotheses.,Exact statement-level adapter; no new VII object or adapter is constructed in Step 2.,"[""Let F:H→ W be a current-layer claim over a formed access package. If F is accepted as an exact current claim""]","[""A later reuse must prove type alignment, source fidelity, and all added VII-specific premises.""]","[""None may be silently dropped.""]",source/papers/Tsiokos_2026_Six_Birds_Foundations_IV_A_Catalog_of_Layer_Agnostic_Structural_Laws.tex:L839-L847; derived/expanded/Tsiokos_2026_Six_Birds_Foundations_IV_A_Catalog_of_Layer_Agnostic_Structural_Laws.tex:L839-L847,"[""source/papers/Tsiokos_2026_Six_Birds_Foundations_IV_A_Catalog_of_Layer_Agnostic_Structural_Laws.tex:L839-L847; derived/expanded/Tsiokos_2026_Six_Birds_Foundations_IV_A_Catalog_of_Layer_Agnostic_Structural_Laws.tex:L839-L847"", ""registry/F_laws.csv:F11"", ""formalization/integration/cumulative_lean_theorems.csv""]","{""adapter_declarations"": [], ""added_trust_base"": [], ""caveats"": [""Paper grade and source statement remain controlling; module presence is not a fresh kernel replay.""], ""exact_conclusion_match"": true, ""exact_hypothesis_match"": true, ""inherited_trust_base"": [], ""machine_check_status"": ""NOT_RUN: Lean/Lake unavailable"", ""paper_reported_declarations"": [""SixBirdsMetaMath.FoundationsIV.Access.Adequacy.adequacy_no_overread""], ""source_declarations"": [""no_overread_iff_all_suppressed_bridged"", ""accepted_claim_no_overread"", ""overread_subset_visibility"", ""semantic_no_overread_iff_current_visible"", ""exact_current_claim_iff_semantic_no_overread"", ""exact_adequacy_iff_no_blind_spot"", ""lawful_support_iff_no_unpriced_blind_spot"", ""adequacy_no_overread""], ""source_match_status"": ""MATCHED_IMPORTED_LAW_DECLARATION"", ""source_modules"": [""SixBirdsMetaMath.FoundationsIV.Access.Adequacy""], ""statement_delta"": [""Module is present but was not one of the ten F-laws cited by Foundations VI.""], ""target_declarations"": []}","it is constant on the fibers of q_I . Equivalently, there is a map F:Q_I→ W such that F= F _I",AVAILABLE_AFTER_EXACT_HYPOTHESIS_AND_STATEMENT_MATCH,"[""P028-C0002"", ""P028-C0003"", ""P028-C0010"", ""P028-C0018"", ""P028-C0021"", ""P028-C0023"", ""P028-C0025"", ""P028-C0027"", ""P028-C0030"", ""P028-C0044"", ""P028-C0050"", ""P028-C0052"", ""P028-C0059"", ""P028-C0060"", ""P028-C0061"", ""P028-C0073"", ""P028-C0100"", ""P028-C0101"", ""P028-C0102"", ""P028-C0103"", ""This inventory contract is not a Foundations VII theorem, bridge proof, or candidate-law endorsement.""]",A verbal resemblance or citation exists while the source hypotheses and carrier/interface map are not discharged.,STEP2_REUSE_BOUNDARY_INDEXED
BR-REUSE-0011,PRIOR_LAW_REUSE_CONTRACT,P028-C0014,F12,P028,FOUNDATIONS_VII_REUSE_BOUNDARY,FUTURE_FOUNDATIONS_VII,d: map/interface H → D is current-visible without additional apparatus data; d: map/interface Q_I → D,Any later Foundations VII object that supplies a typed instantiation of the source carrier/interface and all source hypotheses.,Exact statement-level adapter; no new VII object or adapter is constructed in Step 2.,"[""A functorial gate using only the existing access quotient cannot produce a strict new current distinction. If a readout d:H→ D is current-visible without additional apparatus data""]","[""A later reuse must prove type alignment, source fidelity, and all added VII-specific premises.""]","[""None may be silently dropped.""]",source/papers/Tsiokos_2026_Six_Birds_Foundations_IV_A_Catalog_of_Layer_Agnostic_Structural_Laws.tex:L952-L965; derived/expanded/Tsiokos_2026_Six_Birds_Foundations_IV_A_Catalog_of_Layer_Agnostic_Structural_Laws.tex:L952-L965,"[""source/papers/Tsiokos_2026_Six_Birds_Foundations_IV_A_Catalog_of_Layer_Agnostic_Structural_Laws.tex:L952-L965; derived/expanded/Tsiokos_2026_Six_Birds_Foundations_IV_A_Catalog_of_Layer_Agnostic_Structural_Laws.tex:L952-L965"", ""registry/F_laws.csv:F12"", ""formalization/integration/cumulative_lean_theorems.csv""]","{""adapter_declarations"": [], ""added_trust_base"": [], ""caveats"": [""Paper grade and source statement remain controlling; module presence is not a fresh kernel replay.""], ""exact_conclusion_match"": true, ""exact_hypothesis_match"": true, ""inherited_trust_base"": [], ""machine_check_status"": ""NOT_RUN: Lean/Lake unavailable"", ""paper_reported_declarations"": [""SixBirdsMetaMath.FoundationsIV.Access.NoFreeDistinction.no_free_distinction""], ""source_declarations"": [""has_distinction_split_iff_not_empty"", ""distinction_definable_iff_no_split"", ""financed_refinement_retains_access"", ""financed_refinement_carries_distinction"", ""financed_refinement_strict_of_split"", ""financed_refinement_minimal"", ""no_free_outcome_iff_no_unpaid"", ""no_free_distinction""], ""source_match_status"": ""MATCHED_IMPORTED_LAW_DECLARATION"", ""source_modules"": [""SixBirdsMetaMath.FoundationsIV.Access.NoFreeDistinction""], ""statement_delta"": [""Module is present but was not one of the ten F-laws cited by Foundations VI.""], ""target_declarations"": []}","_ dist (q_I,d)= , equivalently d= d _I for some d:Q_I→ D . If the obstruction is nonempty, the distinction requires declared memory data, bridge data, residual budget, scope change, or an enlarged calibration family",AVAILABLE_AFTER_EXACT_HYPOTHESIS_AND_STATEMENT_MATCH,"[""P028-C0002"", ""P028-C0003"", ""P028-C0010"", ""P028-C0018"", ""P028-C0021"", ""P028-C0023"", ""P028-C0025"", ""P028-C0027"", ""P028-C0030"", ""P028-C0044"", ""P028-C0050"", ""P028-C0052"", ""P028-C0059"", ""P028-C0060"", ""P028-C0061"", ""P028-C0073"", ""P028-C0100"", ""P028-C0101"", ""P028-C0102"", ""P028-C0103"", ""This inventory contract is not a Foundations VII theorem, bridge proof, or candidate-law endorsement.""]","A nonfactoring candidate distinction is proposed but fails closure/objecthood or never fires, so strictness alone yields neither objecthood nor directionality.",STEP2_REUSE_BOUNDARY_INDEXED
BR-REUSE-0012,PRIOR_LAW_REUSE_CONTRACT,P028-C0017,F13a,P028,FOUNDATIONS_VII_REUSE_BOUNDARY,FUTURE_FOUNDATIONS_VII,I: hiddenness interface and let src: Paper7SaturatedSATInstance(I) be the opaque saturated-SAT source certificate,Any later Foundations VII object that supplies a typed instantiation of the source carrier/interface and all source hypotheses.,Exact statement-level adapter; no new VII object or adapter is constructed in Step 2.,"[""Let I be a hiddenness interface and let src: Paper7SaturatedSATInstance(I) be the opaque saturated-SAT source certificate""]","[""A later reuse must prove type alignment, source fidelity, and all added VII-specific premises.""]","[""None may be silently dropped.""]",source/papers/Tsiokos_2026_Six_Birds_Foundations_IV_A_Catalog_of_Layer_Agnostic_Structural_Laws.tex:L1097-L1116; derived/expanded/Tsiokos_2026_Six_Birds_Foundations_IV_A_Catalog_of_Layer_Agnostic_Structural_Laws.tex:L1097-L1116,"[""source/papers/Tsiokos_2026_Six_Birds_Foundations_IV_A_Catalog_of_Layer_Agnostic_Structural_Laws.tex:L1097-L1116; derived/expanded/Tsiokos_2026_Six_Birds_Foundations_IV_A_Catalog_of_Layer_Agnostic_Structural_Laws.tex:L1097-L1116"", ""registry/F_laws.csv:F13a"", ""formalization/integration/cumulative_lean_theorems.csv""]","{""adapter_declarations"": [], ""added_trust_base"": [], ""caveats"": [""Paper grade and source statement remain controlling; module presence is not a fresh kernel replay.""], ""exact_conclusion_match"": null, ""exact_hypothesis_match"": null, ""inherited_trust_base"": [""SixBirdsMetaMath.FoundationsIV.Access.HiddennessNormalForm.Paper7SaturatedSATLayer"", ""SixBirdsMetaMath.FoundationsIV.Access.HiddennessNormalForm.Paper7CurrentQuotient"", ""SixBirdsMetaMath.FoundationsIV.Access.HiddennessNormalForm.Paper7PredictiveQuotient"", ""SixBirdsMetaMath.FoundationsIV.Access.HiddennessNormalForm.Paper7UpstreamState"", ""SixBirdsMetaMath.FoundationsIV.Access.HiddennessNormalForm.Paper7SaturatedSATInstance"", ""SixBirdsMetaMath.FoundationsIV.Access.HiddennessNormalForm.hiddenness_pending""], ""machine_check_status"": ""NOT_RUN: Lean/Lake unavailable"", ""paper_reported_declarations"": [""SixBirdsMetaMath.FoundationsIV.Access.HiddennessNormalForm.hiddenness_normal_form""], ""source_declarations"": [""hiddenness_normal_form""], ""source_match_status"": ""MATCHED_IMPORTED_LAW_DECLARATION"", ""source_modules"": [""SixBirdsMetaMath.FoundationsIV.Access.HiddennessNormalForm""], ""statement_delta"": [""The prose matches the quotient/currentizer normal form. The Lean row is explicitly substrate-pending for the Paper 7 saturated-SAT instance; this limitation is already reflected in the trust-base ledger.""], ""target_declarations"": []}","determiningStateTyped(I), minimalRelevantUpstream(I), lawfulCurrentExposure(I) iff QuotientExposed(I), PredictiveCollapse(I) iff lawfulCurrentExposure(I), PredictiveSurplus(I) iff HiddenFromCurrent(I). That is, I satisfies HiddennessNormalForm(I)",AVAILABLE_AFTER_EXACT_HYPOTHESIS_AND_STATEMENT_MATCH,"[""P028-C0002"", ""P028-C0003"", ""P028-C0010"", ""P028-C0018"", ""P028-C0021"", ""P028-C0023"", ""P028-C0025"", ""P028-C0027"", ""P028-C0030"", ""P028-C0044"", ""P028-C0050"", ""P028-C0052"", ""P028-C0059"", ""P028-C0060"", ""P028-C0061"", ""P028-C0073"", ""P028-C0100"", ""P028-C0101"", ""P028-C0102"", ""P028-C0103"", ""This inventory contract is not a Foundations VII theorem, bridge proof, or candidate-law endorsement.""]",A verbal resemblance or citation exists while the source hypotheses and carrier/interface map are not discharged.,STEP2_REUSE_BOUNDARY_INDEXED
BR-REUSE-0013,PRIOR_LAW_REUSE_CONTRACT,P028-C0020,F13b,P028,FOUNDATIONS_VII_REUSE_BOUNDARY,FUTURE_FOUNDATIONS_VII,"FPC: class of formed predictive closures C , each carrying a hiddenness interface with current quotient Q and predictive quotient M , together wi; CSLSrc:FPC→Prop: opaque CSL diagnosis-source predicate; CSLSrc: map/interface FPC → Prop be the opaque CSL diagnosis-source predicate",Any later Foundations VII object that supplies a typed instantiation of the source carrier/interface and all source hypotheses.,Exact statement-level adapter; no new VII object or adapter is constructed in Step 2.,"[""Let FPC be the class of formed predictive closures C , each carrying a hiddenness interface with current quotient Q and predictive quotient M , together with four declared side-condition predicates genuinelyFormed( C), saturatedCurrentizers( C), determiningStateDeclared( C), sourceReadoutSeparated( C). Write FormedClosureReady( C) := genuinelyFormed( C) ( C) ( C) ( C). Let CSLSrc:FPC→Prop be the opaque CSL diagnosis-source predicate""]","[""A later reuse must prove type alignment, source fidelity, and all added VII-specific premises.""]","[""None may be silently dropped.""]",source/papers/Tsiokos_2026_Six_Birds_Foundations_IV_A_Catalog_of_Layer_Agnostic_Structural_Laws.tex:L1246-L1287; derived/expanded/Tsiokos_2026_Six_Birds_Foundations_IV_A_Catalog_of_Layer_Agnostic_Structural_Laws.tex:L1246-L1287,"[""source/papers/Tsiokos_2026_Six_Birds_Foundations_IV_A_Catalog_of_Layer_Agnostic_Structural_Laws.tex:L1246-L1287; derived/expanded/Tsiokos_2026_Six_Birds_Foundations_IV_A_Catalog_of_Layer_Agnostic_Structural_Laws.tex:L1246-L1287"", ""registry/F_laws.csv:F13b"", ""formalization/integration/cumulative_lean_theorems.csv""]","{""adapter_declarations"": [], ""added_trust_base"": [], ""caveats"": [""The paper reports a Lean declaration, but no corresponding source module is present in the supplied scaffold; no local formal match is claimed.""], ""exact_conclusion_match"": null, ""exact_hypothesis_match"": null, ""inherited_trust_base"": [], ""machine_check_status"": ""NOT_AVAILABLE"", ""paper_reported_declarations"": [""SixBirdsMetaMath.FoundationsIV.Access.CSLFormedClosure.csl_formed_closure""], ""source_declarations"": [], ""source_match_status"": ""PAPER_DISCLOSED_ASSET_NOT_IMPORTED"", ""source_modules"": [], ""statement_delta"": [""Paper reports a Lean realization, but its source module is not in the supplied Collatz archive.""], ""target_declarations"": []}","for every C∈FPC , CSLSrc( C) implies FormedClosureReady( C) implies ( PredictiveSurplus( C) iff HiddenFromCurrent( C) ). Here PredictiveSurplus and HiddenFromCurrent are the predictive-surplus and hidden-from-current predicates of . In a formed predictive closure with the CSL diagnosis source and the four declared side conditions, predictive surplus across the M/Q gap survives exactly when the determining state is hidden from current observation",PAPER_RESULT_AVAILABLE_LOCAL_FORMAL_ASSET_ABSENT_OR_PARTIAL,"[""P028-C0002"", ""P028-C0003"", ""P028-C0010"", ""P028-C0018"", ""P028-C0021"", ""P028-C0023"", ""P028-C0025"", ""P028-C0027"", ""P028-C0030"", ""P028-C0044"", ""P028-C0050"", ""P028-C0052"", ""P028-C0059"", ""P028-C0060"", ""P028-C0061"", ""P028-C0073"", ""P028-C0100"", ""P028-C0101"", ""P028-C0102"", ""P028-C0103"", ""This inventory contract is not a Foundations VII theorem, bridge proof, or candidate-law endorsement.""]",A verbal resemblance or citation exists while the source hypotheses and carrier/interface map are not discharged.,STEP2_REUSE_BOUNDARY_INDEXED
BR-REUSE-0014,PRIOR_LAW_REUSE_CONTRACT,P028-C0043,F14,P028,FOUNDATIONS_VII_REUSE_BOUNDARY,FUTURE_FOUNDATIONS_VII,"Duality Fixity / Self-Dual Trace Confinement: Let a formed closure carry an involutive ledger with separating anti-invariant readout and trace functional tr . Assume a source instance supplying the self-dual trace-confinement bridge. If a completed domination ladder satisfies A_X B_n and tr(B_n)→ 0, then A_X=0 . Equivalently, visible mass native to the self…",Any later Foundations VII object that supplies a typed instantiation of the source carrier/interface and all source hypotheses.,Exact statement-level adapter; no new VII object or adapter is constructed in Step 2.,"[""Let a formed closure carry an involutive ledger with separating anti-invariant readout and trace functional tr . Assume a source instance supplying the self-dual trace-confinement bridge. If a completed domination ladder satisfies A_X B_n and tr(B_n)→ 0""]","[""A later reuse must prove type alignment, source fidelity, and all added VII-specific premises.""]","[""None may be silently dropped.""]",source/papers/Tsiokos_2026_Six_Birds_Foundations_IV_A_Catalog_of_Layer_Agnostic_Structural_Laws.tex:L2887-L2899; derived/expanded/Tsiokos_2026_Six_Birds_Foundations_IV_A_Catalog_of_Layer_Agnostic_Structural_Laws.tex:L2887-L2899,"[""source/papers/Tsiokos_2026_Six_Birds_Foundations_IV_A_Catalog_of_Layer_Agnostic_Structural_Laws.tex:L2887-L2899; derived/expanded/Tsiokos_2026_Six_Birds_Foundations_IV_A_Catalog_of_Layer_Agnostic_Structural_Laws.tex:L2887-L2899"", ""registry/F_laws.csv:F14"", ""formalization/integration/cumulative_lean_theorems.csv""]","{""adapter_declarations"": [], ""added_trust_base"": [], ""caveats"": [""The paper reports a Lean declaration, but no corresponding source module is present in the supplied scaffold; no local formal match is claimed.""], ""exact_conclusion_match"": null, ""exact_hypothesis_match"": null, ""inherited_trust_base"": [], ""machine_check_status"": ""NOT_AVAILABLE"", ""paper_reported_declarations"": [""SixBirdsMetaMath.FoundationsIV.Symmetry.DualityFixity.duality_fixity""], ""source_declarations"": [], ""source_match_status"": ""PAPER_DISCLOSED_ASSET_NOT_IMPORTED"", ""source_modules"": [], ""statement_delta"": [""Paper reports a Lean realization, but its source module is not in the supplied Collatz archive.""], ""target_declarations"": []}","A_X=0 . Equivalently, visible mass native to the self-dual trace layer is confined to Fix(J)",PAPER_RESULT_AVAILABLE_LOCAL_FORMAL_ASSET_ABSENT_OR_PARTIAL,"[""P028-C0002"", ""P028-C0003"", ""P028-C0010"", ""P028-C0018"", ""P028-C0021"", ""P028-C0023"", ""P028-C0025"", ""P028-C0027"", ""P028-C0030"", ""P028-C0044"", ""P028-C0050"", ""P028-C0052"", ""P028-C0059"", ""P028-C0060"", ""P028-C0061"", ""P028-C0073"", ""P028-C0100"", ""P028-C0101"", ""P028-C0102"", ""P028-C0103"", ""This inventory contract is not a Foundations VII theorem, bridge proof, or candidate-law endorsement.""]",A verbal resemblance or citation exists while the source hypotheses and carrier/interface map are not discharged.,STEP2_REUSE_BOUNDARY_INDEXED
BR-REUSE-0015,PRIOR_LAW_REUSE_CONTRACT,P028-C0047,F15a,P028,FOUNDATIONS_VII_REUSE_BOUNDARY,FUTURE_FOUNDATIONS_VII,"pi:X→ O: surjective orbit map, let s:X→\ 0,1\ be a selectedness predicate, let sigma:O→ X be a section, and let b:X→ B be a breaker readout; rho_X: map/interface G× X → X and rho_O:G× O→ O; pi: map/interface X → O be a surjective orbit map; s: map/interface X → \ 0; sigma: map/interface O → X be a section; b: map/interface X → B be a breaker readout; s: map/interface O → \ 0",Any later Foundations VII object that supplies a typed instantiation of the source carrier/interface and all source hypotheses.,Exact statement-level adapter; no new VII object or adapter is constructed in Step 2.,"[""Let G act on a set X and on an orbit set O by rho_X:G× X→ X and rho_O:G× O→ O . Let pi:X→ O be a surjective orbit map, let s:X→\\ 0,1\\ be a selectedness predicate, let sigma:O→ X be a section, and let b:X→ B be a breaker readout. Define O_s := \\ (x,x')∈ X^2:pi(x)=pi(x')\\ and\\ s(x) s(x')\\""]","[""A later reuse must prove type alignment, source fidelity, and all added VII-specific premises.""]","[""None may be silently dropped.""]",source/papers/Tsiokos_2026_Six_Birds_Foundations_IV_A_Catalog_of_Layer_Agnostic_Structural_Laws.tex:L3039-L3070; derived/expanded/Tsiokos_2026_Six_Birds_Foundations_IV_A_Catalog_of_Layer_Agnostic_Structural_Laws.tex:L3039-L3070,"[""source/papers/Tsiokos_2026_Six_Birds_Foundations_IV_A_Catalog_of_Layer_Agnostic_Structural_Laws.tex:L3039-L3070; derived/expanded/Tsiokos_2026_Six_Birds_Foundations_IV_A_Catalog_of_Layer_Agnostic_Structural_Laws.tex:L3039-L3070"", ""registry/F_laws.csv:F15a"", ""formalization/integration/cumulative_lean_theorems.csv""]","{""adapter_declarations"": [], ""added_trust_base"": [], ""caveats"": [""The paper reports a Lean declaration, but no corresponding source module is present in the supplied scaffold; no local formal match is claimed.""], ""exact_conclusion_match"": null, ""exact_hypothesis_match"": null, ""inherited_trust_base"": [], ""machine_check_status"": ""NOT_AVAILABLE"", ""paper_reported_declarations"": [""SixBirdsMetaMath.FoundationsIV.Symmetry.SelectionObstruction.selection_obstruction""], ""source_declarations"": [], ""source_match_status"": ""PAPER_DISCLOSED_ASSET_NOT_IMPORTED"", ""source_modules"": [], ""statement_delta"": [""Paper reports a Lean realization, but its source module is not in the supplied Collatz archive.""], ""target_declarations"": []}","EquivariantSelector(rho_O,rho_X,sigma) TrivialOrbitAction(rho_O) 4em implies o∈ O,\ g∈ G,\ rho_X(g,sigma(o))=sigma(o), s\ descends through\ pi iff O_s=∅ iff s:O→\ 0,1\ \ with\ s pi=s, HasSelectionSplit(pi,s) iff O_s ∅. Thus an equivariant selector can select only common fixed points unless a declared breaker b , memory, condition, or quotient refinement supplies additional data",PAPER_RESULT_AVAILABLE_LOCAL_FORMAL_ASSET_ABSENT_OR_PARTIAL,"[""P028-C0002"", ""P028-C0003"", ""P028-C0010"", ""P028-C0018"", ""P028-C0021"", ""P028-C0023"", ""P028-C0025"", ""P028-C0027"", ""P028-C0030"", ""P028-C0044"", ""P028-C0050"", ""P028-C0052"", ""P028-C0059"", ""P028-C0060"", ""P028-C0061"", ""P028-C0073"", ""P028-C0100"", ""P028-C0101"", ""P028-C0102"", ""P028-C0103"", ""This inventory contract is not a Foundations VII theorem, bridge proof, or candidate-law endorsement.""]",A verbal resemblance or citation exists while the source hypotheses and carrier/interface map are not discharged.,STEP2_REUSE_BOUNDARY_INDEXED
BR-REUSE-0016,PRIOR_LAW_REUSE_CONTRACT,P028-C0048,F15b,P028,FOUNDATIONS_VII_REUSE_BOUNDARY,FUTURE_FOUNDATIONS_VII,"C: closure space with a G -action, let Omega: C→Prop be the ground-state predicate, and let B= C/G be the branch quotient; Omega: map/interface C → Prop be the ground-state predicate; F: map/interface C → B",Any later Foundations VII object that supplies a typed instantiation of the source carrier/interface and all source hypotheses.,Exact statement-level adapter; no new VII object or adapter is constructed in Step 2.,"[""Let C be a closure space with a G -action, let Omega: C→Prop be the ground-state predicate, and let B= C/G be the branch quotient. Suppose a future branch-selection formation source is given for ( C,G,Omega)""]","[""A later reuse must prove type alignment, source fidelity, and all added VII-specific premises.""]","[""None may be silently dropped.""]",source/papers/Tsiokos_2026_Six_Birds_Foundations_IV_A_Catalog_of_Layer_Agnostic_Structural_Laws.tex:L3185-L3207; derived/expanded/Tsiokos_2026_Six_Birds_Foundations_IV_A_Catalog_of_Layer_Agnostic_Structural_Laws.tex:L3185-L3207,"[""source/papers/Tsiokos_2026_Six_Birds_Foundations_IV_A_Catalog_of_Layer_Agnostic_Structural_Laws.tex:L3185-L3207; derived/expanded/Tsiokos_2026_Six_Birds_Foundations_IV_A_Catalog_of_Layer_Agnostic_Structural_Laws.tex:L3185-L3207"", ""registry/F_laws.csv:F15b"", ""formalization/integration/cumulative_lean_theorems.csv""]","{""adapter_declarations"": [], ""added_trust_base"": [], ""caveats"": [""The paper reports a Lean declaration, but no corresponding source module is present in the supplied scaffold; no local formal match is claimed.""], ""exact_conclusion_match"": null, ""exact_hypothesis_match"": null, ""inherited_trust_base"": [], ""machine_check_status"": ""NOT_AVAILABLE"", ""paper_reported_declarations"": [""SixBirdsMetaMath.FoundationsIV.Symmetry.SpontaneousSSB.spontaneous_ssb_formation""], ""source_declarations"": [], ""source_match_status"": ""PAPER_DISCLOSED_ASSET_NOT_IMPORTED"", ""source_modules"": [], ""statement_delta"": [""Paper reports a Lean realization, but its source module is not in the supplied Collatz archive.""], ""target_declarations"": []}","there is a formation operator F: C B and data c∈ C , g∈ G such that Omega(c) and g F(c) F(c). Equivalently, F: C→ B, c∈ C, g∈ G, Omega(c) g F(c) F(c)",PAPER_RESULT_AVAILABLE_LOCAL_FORMAL_ASSET_ABSENT_OR_PARTIAL,"[""P028-C0002"", ""P028-C0003"", ""P028-C0010"", ""P028-C0018"", ""P028-C0021"", ""P028-C0023"", ""P028-C0025"", ""P028-C0027"", ""P028-C0030"", ""P028-C0044"", ""P028-C0050"", ""P028-C0052"", ""P028-C0059"", ""P028-C0060"", ""P028-C0061"", ""P028-C0073"", ""P028-C0100"", ""P028-C0101"", ""P028-C0102"", ""P028-C0103"", ""This inventory contract is not a Foundations VII theorem, bridge proof, or candidate-law endorsement.""]",A verbal resemblance or citation exists while the source hypotheses and carrier/interface map are not discharged.,STEP2_REUSE_BOUNDARY_INDEXED
BR-REUSE-0017,PRIOR_LAW_REUSE_CONTRACT,P028-C0053,F17,P028,FOUNDATIONS_VII_REUSE_BOUNDARY,FUTURE_FOUNDATIONS_VII,"H: carrier with a family of access quotients q_i:H→ Q_i indexed by i∈ I , a public quotient p:H→ P , and a target readout r:H→ R; q_i: map/interface H → Q_i indexed by i∈ I; p: map/interface H → P; r: map/interface H → R",Any later Foundations VII object that supplies a typed instantiation of the source carrier/interface and all source hypotheses.,Exact statement-level adapter; no new VII object or adapter is constructed in Step 2.,"[""Let H be a carrier with a family of access quotients q_i:H→ Q_i indexed by i∈ I , a public quotient p:H→ P , and a target readout r:H→ R . Assume each q_i is surjective, p is surjective, and the family satisfies the common-quotient universal property CommonQuotientUniversal(q,p) : p factors through every q_i , and any quotient through which all q_i factor also factors through p""]","[""A later reuse must prove type alignment, source fidelity, and all added VII-specific premises.""]","[""None may be silently dropped.""]",source/papers/Tsiokos_2026_Six_Birds_Foundations_IV_A_Catalog_of_Layer_Agnostic_Structural_Laws.tex:L3676-L3709; derived/expanded/Tsiokos_2026_Six_Birds_Foundations_IV_A_Catalog_of_Layer_Agnostic_Structural_Laws.tex:L3676-L3709,"[""source/papers/Tsiokos_2026_Six_Birds_Foundations_IV_A_Catalog_of_Layer_Agnostic_Structural_Laws.tex:L3676-L3709; derived/expanded/Tsiokos_2026_Six_Birds_Foundations_IV_A_Catalog_of_Layer_Agnostic_Structural_Laws.tex:L3676-L3709"", ""registry/F_laws.csv:F17"", ""formalization/integration/cumulative_lean_theorems.csv""]","{""adapter_declarations"": [], ""added_trust_base"": [], ""caveats"": [""The paper reports a Lean declaration, but no corresponding source module is present in the supplied scaffold; no local formal match is claimed.""], ""exact_conclusion_match"": null, ""exact_hypothesis_match"": null, ""inherited_trust_base"": [], ""machine_check_status"": ""NOT_AVAILABLE"", ""paper_reported_declarations"": [""SixBirdsMetaMath.FoundationsIV.StatusRecordsCoherence.ObjectivityAsCommonQuotient.objectivity_as_common_quotient""], ""source_declarations"": [], ""source_match_status"": ""PAPER_DISCLOSED_ASSET_NOT_IMPORTED"", ""source_modules"": [], ""statement_delta"": [""Paper reports a Lean realization, but its source module is not in the supplied Collatz archive.""], ""target_declarations"": []}","CommonAcrossAccesses(q,r) iff PublicDeterminesObject(p,r), CommonAcrossAccesses(q,r) iff i∈ I, AccessObjectivityDefectEmpty(q_i,r), PublicDeterminesObject(p,r) iff ObstructionEmpty (PublicToObjectDefect(p,r) ), together with CommonQuotientVisible(q,p), RetainsPublicQuotient (p,objectiveExtension(p,r) ), CarriesObject (objectiveExtension(p,r),r ), and the status partition ExactlyOneObjectivityStatus(p,r)",PAPER_RESULT_AVAILABLE_LOCAL_FORMAL_ASSET_ABSENT_OR_PARTIAL,"[""P028-C0002"", ""P028-C0003"", ""P028-C0010"", ""P028-C0018"", ""P028-C0021"", ""P028-C0023"", ""P028-C0025"", ""P028-C0027"", ""P028-C0030"", ""P028-C0044"", ""P028-C0050"", ""P028-C0052"", ""P028-C0059"", ""P028-C0060"", ""P028-C0061"", ""P028-C0073"", ""P028-C0100"", ""P028-C0101"", ""P028-C0102"", ""P028-C0103"", ""This inventory contract is not a Foundations VII theorem, bridge proof, or candidate-law endorsement.""]","A nonfactoring candidate distinction is proposed but fails closure/objecthood or never fires, so strictness alone yields neither objecthood nor directionality.",STEP2_REUSE_BOUNDARY_INDEXED
BR-REUSE-0018,PRIOR_LAW_REUSE_CONTRACT,P028-C0054,F18,P028,FOUNDATIONS_VII_REUSE_BOUNDARY,FUTURE_FOUNDATIONS_VII,q_I: map/interface H → Q,Any later Foundations VII object that supplies a typed instantiation of the source carrier/interface and all source hypotheses.,Exact statement-level adapter; no new VII object or adapter is constructed in Step 2.,"[""Let a formed closure have available access quotient q_I:H→ Q .""]","[""A later reuse must prove type alignment, source fidelity, and all added VII-specific premises.""]","[""None may be silently dropped.""]",source/papers/Tsiokos_2026_Six_Birds_Foundations_IV_A_Catalog_of_Layer_Agnostic_Structural_Laws.tex:L3893-L3898; derived/expanded/Tsiokos_2026_Six_Birds_Foundations_IV_A_Catalog_of_Layer_Agnostic_Structural_Laws.tex:L3893-L3898,"[""source/papers/Tsiokos_2026_Six_Birds_Foundations_IV_A_Catalog_of_Layer_Agnostic_Structural_Laws.tex:L3893-L3898; derived/expanded/Tsiokos_2026_Six_Birds_Foundations_IV_A_Catalog_of_Layer_Agnostic_Structural_Laws.tex:L3893-L3898"", ""registry/F_laws.csv:F18"", ""formalization/integration/cumulative_lean_theorems.csv""]","{""adapter_declarations"": [], ""added_trust_base"": [], ""caveats"": [""The paper reports a Lean declaration, but no corresponding source module is present in the supplied scaffold; no local formal match is claimed.""], ""exact_conclusion_match"": null, ""exact_hypothesis_match"": null, ""inherited_trust_base"": [], ""machine_check_status"": ""NOT_AVAILABLE"", ""paper_reported_declarations"": [""SixBirdsMetaMath.FoundationsIV.StatusRecordsCoherence.LawhoodDescent.lawhood_descent""], ""source_declarations"": [], ""source_match_status"": ""PAPER_DISCLOSED_ASSET_NOT_IMPORTED"", ""source_modules"": [], ""statement_delta"": [""Paper reports a Lean realization, but its source module is not in the supplied Collatz archive.""], ""target_declarations"": []}","A declared candidate law P is lawful at the layer if and only if it factors through q_I ; for a predicate, this means P(h)=P(h') whenever q_I(h)=q_I(h') .",PAPER_RESULT_AVAILABLE_LOCAL_FORMAL_ASSET_ABSENT_OR_PARTIAL,"[""P028-C0002"", ""P028-C0003"", ""P028-C0010"", ""P028-C0018"", ""P028-C0021"", ""P028-C0023"", ""P028-C0025"", ""P028-C0027"", ""P028-C0030"", ""P028-C0044"", ""P028-C0050"", ""P028-C0052"", ""P028-C0059"", ""P028-C0060"", ""P028-C0061"", ""P028-C0073"", ""P028-C0100"", ""P028-C0101"", ""P028-C0102"", ""P028-C0103"", ""This inventory contract is not a Foundations VII theorem, bridge proof, or candidate-law endorsement.""]","An upper object enables a lower construction without factoring through the lower interface, so enablement is not descent.",STEP2_REUSE_BOUNDARY_INDEXED
BR-REUSE-0019,PRIOR_LAW_REUSE_CONTRACT,P028-C0055,F19,P028,FOUNDATIONS_VII_REUSE_BOUNDARY,FUTURE_FOUNDATIONS_VII,"H_i,H_j be carriers with access quotients q_i:H_i→ Q_i and q_j:H_j→ Q_j , and let gamma:H_i→ H_j: declared transport; viable:Q_j→Prop: viability predicate, C:H_i× H_j→Prop a relation predicate, and let gamma:Q_i→ Q_j, :Q_j→ Q_k, compBar:Q_i→ Q_k be arbitrary holonomy data (n; q_i: map/interface H_i → Q_i and q_j:H_j→ Q_j; gamma: map/interface H_i → H_j be a declared transport; viable: map/interface Q_j → Prop be a viability predicate; C: map/interface H_i× H_j → Prop a relation predicate; gamma: map/interface Q_i → Q_j; compBar: map/interface Q_i → Q_k be arbitrary holonomy data (no compatibility between compBar and gamma is as",Any later Foundations VII object that supplies a typed instantiation of the source carrier/interface and all source hypotheses.,Exact statement-level adapter; no new VII object or adapter is constructed in Step 2.,"[""Let H_i,H_j be carriers with access quotients q_i:H_i→ Q_i and q_j:H_j→ Q_j , and let gamma:H_i→ H_j be a declared transport. Assume q_i and q_j are surjective. Let viable:Q_j→Prop be a viability predicate, C:H_i× H_j→Prop a relation predicate, and let gamma:Q_i→ Q_j, :Q_j→ Q_k, compBar:Q_i→ Q_k be arbitrary holonomy data (no compatibility between compBar and gamma is assumed)""]","[""A later reuse must prove type alignment, source fidelity, and all added VII-specific premises.""]","[""None may be silently dropped.""]",source/papers/Tsiokos_2026_Six_Birds_Foundations_IV_A_Catalog_of_Layer_Agnostic_Structural_Laws.tex:L3970-L4019; derived/expanded/Tsiokos_2026_Six_Birds_Foundations_IV_A_Catalog_of_Layer_Agnostic_Structural_Laws.tex:L3970-L4019,"[""source/papers/Tsiokos_2026_Six_Birds_Foundations_IV_A_Catalog_of_Layer_Agnostic_Structural_Laws.tex:L3970-L4019; derived/expanded/Tsiokos_2026_Six_Birds_Foundations_IV_A_Catalog_of_Layer_Agnostic_Structural_Laws.tex:L3970-L4019"", ""registry/F_laws.csv:F19"", ""formalization/integration/cumulative_lean_theorems.csv""]","{""adapter_declarations"": [], ""added_trust_base"": [], ""caveats"": [""Paper grade and source statement remain controlling; module presence is not a fresh kernel replay.""], ""exact_conclusion_match"": true, ""exact_hypothesis_match"": true, ""inherited_trust_base"": [], ""machine_check_status"": ""NOT_RUN: Lean/Lake unavailable"", ""paper_reported_declarations"": [""SixBirdsMetaMath.FoundationsIV.StatusRecordsCoherence.ObjectPersistence.object_persistence""], ""source_declarations"": [""object_persistence""], ""source_match_status"": ""MATCHED_IMPORTED_LAW_DECLARATION"", ""source_modules"": [""SixBirdsMetaMath.FoundationsIV.StatusRecordsCoherence.ObjectPersistence""], ""statement_delta"": [""The prose is a compressed but correct description of the Lean persistence core; the Lean row is broader and includes several auxiliary status gates.""], ""target_declarations"": []}","Persists(q_i,gamma,q_j) iff PersistenceObstructionEmpty(q_i,gamma,q_j), SplitObstructionEmpty(q_i,gamma,q_j) iff Persists(q_i,gamma,q_j), ViablePersistence(gamma,q_j,viable) iff DissolutionObstructionEmpty (gamma,q_j,viable), RelationValuedPersistence(q_i,q_j,C) iff RelationPersistenceObstructionEmpty(q_i,q_j,C), IdentityHolonomyCoherent ( gamma, ,compBar) iff IdentityHolonomyDefectEmpty ( gamma, ,compBar), together with the comparison-status partition ExactlyOnePersistenceComparisonStatus (q_i,gamma,q_j), and the retention and carrying conditions RetainsOldIdentity (q_i,persistenceExtension(q_i,gamma,q_j) ), CarriesLaterIdentity (persistenceExtension(q_i,gamma,q_j), gamma,q_j )",AVAILABLE_AFTER_EXACT_HYPOTHESIS_AND_STATEMENT_MATCH,"[""P028-C0002"", ""P028-C0003"", ""P028-C0010"", ""P028-C0018"", ""P028-C0021"", ""P028-C0023"", ""P028-C0025"", ""P028-C0027"", ""P028-C0030"", ""P028-C0044"", ""P028-C0050"", ""P028-C0052"", ""P028-C0059"", ""P028-C0060"", ""P028-C0061"", ""P028-C0073"", ""P028-C0100"", ""P028-C0101"", ""P028-C0102"", ""P028-C0103"", ""This inventory contract is not a Foundations VII theorem, bridge proof, or candidate-law endorsement.""]","A protocol loop has nonzero route residue while the lifted dynamics is stationary and reversible, so holonomy exists with zero sustained arrow.",STEP2_REUSE_BOUNDARY_INDEXED
BR-REUSE-0020,PRIOR_LAW_REUSE_CONTRACT,P028-C0057,F20,P028,FOUNDATIONS_VII_REUSE_BOUNDARY,FUTURE_FOUNDATIONS_VII,readout: map/interface H_0 → E; gamma: map/interface H_0 → H_1; rho_1: map/interface H_1 → R_1; rho_s: map/interface H_s → R_s; rho_t: map/interface H_t → R_t; transport: map/interface H_s → H_t; transport: map/interface R_s → R_t; d_s: map/interface R_s → E_s; d_t: map/interface R_t → E_t; u: map/interface E_s → E_t; C: map/interface H → H on an auxiliary carrier H; s: map/interface =rho_1 gamma:H_0 → R_1,Any later Foundations VII object that supplies a typed instantiation of the source carrier/interface and all source hypotheses.,Exact statement-level adapter; no new VII object or adapter is constructed in Step 2.,"[""Let H_0,H_1,H_s,H_t be history spaces with event readout :H_0→ E , continuation gamma:H_0→ H_1 , record readouts rho_1:H_1→ R_1, rho_s:H_s→ R_s, rho_t:H_t→ R_t, transport :H_s→ H_t , descended transport :R_s→ R_t , fact-value maps d_s:R_s→ E_s , d_t:R_t→ E_t , update u:E_s→ E_t , and a packaging map C:H→ H on an auxiliary carrier H . Define the record signature s:=rho_1 gamma:H_0→ R_1, and assume that s and rho_s are surjective. Define O_ ev := \\ (h,h')∈ H_0^2: rho_1(gamma h)=rho_1(gamma h') an…""]","[""A later reuse must prove type alignment, source fidelity, and all added VII-specific premises.""]","[""None may be silently dropped.""]",source/papers/Tsiokos_2026_Six_Birds_Foundations_IV_A_Catalog_of_Layer_Agnostic_Structural_Laws.tex:L4228-L4308; derived/expanded/Tsiokos_2026_Six_Birds_Foundations_IV_A_Catalog_of_Layer_Agnostic_Structural_Laws.tex:L4228-L4308,"[""source/papers/Tsiokos_2026_Six_Birds_Foundations_IV_A_Catalog_of_Layer_Agnostic_Structural_Laws.tex:L4228-L4308; derived/expanded/Tsiokos_2026_Six_Birds_Foundations_IV_A_Catalog_of_Layer_Agnostic_Structural_Laws.tex:L4228-L4308"", ""registry/F_laws.csv:F20"", ""formalization/integration/cumulative_lean_theorems.csv""]","{""adapter_declarations"": [], ""added_trust_base"": [], ""caveats"": [""The paper reports a Lean declaration, but no corresponding source module is present in the supplied scaffold; no local formal match is claimed.""], ""exact_conclusion_match"": null, ""exact_hypothesis_match"": null, ""inherited_trust_base"": [], ""machine_check_status"": ""NOT_AVAILABLE"", ""paper_reported_declarations"": [""SixBirdsMetaMath.FoundationsIV.StatusRecordsCoherence.FactRecordFormation.fact_record_formation""], ""source_declarations"": [], ""source_match_status"": ""PAPER_DISCLOSED_ASSET_NOT_IMPORTED"", ""source_modules"": [], ""statement_delta"": [""Paper reports a Lean realization, but its source module is not in the supplied Collatz archive.""], ""target_declarations"": []}","EventRecorded( ,gamma,rho_1) iff O_ ev =∅, RecordStable(rho_s, ,rho_t) iff O_ rec =∅, FactValueStable( ,d_s,d_t,u) iff O_ val =∅, StableFact iff O_ ev =∅ O_ rec =∅ O_ val =∅. together with the record-comparison status partition ExactlyOneRecordComparisonStatus ( ,gamma,rho_1), the retention and carrying conditions for the record-event extension rho_1 gamma, :H_0→ R_1× E , RetainsRecord (rho_1 gamma, rho_1 gamma, ), CarriesEvent ( rho_1 gamma, , ), and the idempotent-packaging fixed-point property IdempotentPackaging(C) implies h∈ H,\ C(C(h))=C(h). The record-comparison status takes one of four values (exact, redundant, ambiguous, or incomparable) determined by the joint emptiness pattern of O_ ev and O_ red",PAPER_RESULT_AVAILABLE_LOCAL_FORMAL_ASSET_ABSENT_OR_PARTIAL,"[""P028-C0002"", ""P028-C0003"", ""P028-C0010"", ""P028-C0018"", ""P028-C0021"", ""P028-C0023"", ""P028-C0025"", ""P028-C0027"", ""P028-C0030"", ""P028-C0044"", ""P028-C0050"", ""P028-C0052"", ""P028-C0059"", ""P028-C0060"", ""P028-C0061"", ""P028-C0073"", ""P028-C0100"", ""P028-C0101"", ""P028-C0102"", ""P028-C0103"", ""This inventory contract is not a Foundations VII theorem, bridge proof, or candidate-law endorsement.""]","A nonfactoring candidate distinction is proposed but fails closure/objecthood or never fires, so strictness alone yields neither objecthood nor directionality.",STEP2_REUSE_BOUNDARY_INDEXED
BR-REUSE-0021,PRIOR_LAW_REUSE_CONTRACT,P028-C0058,F21,P028,FOUNDATIONS_VII_REUSE_BOUNDARY,FUTURE_FOUNDATIONS_VII,"C: space of claims, let pi be a same-layer audit policy on C , and let mu be a meta-layer audit relation from C to a space M of meta-claims",Any later Foundations VII object that supplies a typed instantiation of the source carrier/interface and all source hypotheses.,Exact statement-level adapter; no new VII object or adapter is constructed in Step 2.,"[""No independent hypothesis block was mechanically separable; all quantifiers and conditions in source_wording_tex govern.""]","[""A later reuse must prove type alignment, source fidelity, and all added VII-specific premises.""]","[""None may be silently dropped.""]",source/papers/Tsiokos_2026_Six_Birds_Foundations_IV_A_Catalog_of_Layer_Agnostic_Structural_Laws.tex:L4494-L4515; derived/expanded/Tsiokos_2026_Six_Birds_Foundations_IV_A_Catalog_of_Layer_Agnostic_Structural_Laws.tex:L4494-L4515,"[""source/papers/Tsiokos_2026_Six_Birds_Foundations_IV_A_Catalog_of_Layer_Agnostic_Structural_Laws.tex:L4494-L4515; derived/expanded/Tsiokos_2026_Six_Birds_Foundations_IV_A_Catalog_of_Layer_Agnostic_Structural_Laws.tex:L4494-L4515"", ""registry/F_laws.csv:F21"", ""formalization/integration/cumulative_lean_theorems.csv""]","{""adapter_declarations"": [], ""added_trust_base"": [], ""caveats"": [""The paper reports a Lean declaration, but no corresponding source module is present in the supplied scaffold; no local formal match is claimed.""], ""exact_conclusion_match"": null, ""exact_hypothesis_match"": null, ""inherited_trust_base"": [], ""machine_check_status"": ""NOT_AVAILABLE"", ""paper_reported_declarations"": [""SixBirdsMetaMath.FoundationsIV.StatusRecordsCoherence.ReflexiveNonclosure.reflexive_nonclosure""], ""source_declarations"": [], ""source_match_status"": ""PAPER_DISCLOSED_ASSET_NOT_IMPORTED"", ""source_modules"": [], ""statement_delta"": [""Paper reports a Lean realization, but its source module is not in the supplied Collatz archive.""], ""target_declarations"": []}","Let C be a space of claims, let pi be a same-layer audit policy on C , and let mu be a meta-layer audit relation from C to a space M of meta-claims. For every c∈ C , SelfCertificationBlocked_ pi (c), AcceptedScopedLowerAudit_ pi (c) implies _ pi (c), HasMetaLayerCertificate_ mu (c) implies m∈ M, Audits_ mu (m,c) _ pi (c), CompleteSelfSoundness_ pi (c) implies OutsideScope_ pi (c).",PAPER_RESULT_AVAILABLE_LOCAL_FORMAL_ASSET_ABSENT_OR_PARTIAL,"[""P028-C0002"", ""P028-C0003"", ""P028-C0010"", ""P028-C0018"", ""P028-C0021"", ""P028-C0023"", ""P028-C0025"", ""P028-C0027"", ""P028-C0030"", ""P028-C0044"", ""P028-C0050"", ""P028-C0052"", ""P028-C0059"", ""P028-C0060"", ""P028-C0061"", ""P028-C0073"", ""P028-C0100"", ""P028-C0101"", ""P028-C0102"", ""P028-C0103"", ""This inventory contract is not a Foundations VII theorem, bridge proof, or candidate-law endorsement.""]",A sound rule is present but no executable finite path reaches it; or a reachable rule never fires in the recorded run.,STEP2_REUSE_BOUNDARY_INDEXED
BR-REUSE-0022,PRIOR_LAW_REUSE_CONTRACT,P028-C0062,F22,P028,FOUNDATIONS_VII_REUSE_BOUNDARY,FUTURE_FOUNDATIONS_VII,"q:X→ Q: source quotient, let beta:Y→ B be a boundary readout, let U:X× Y→ X' be an interface update, and let q':X'→ Q' be the target quotient; q: map/interface X → Q be a source quotient; beta: map/interface Y → B be a boundary readout; U: map/interface X× Y → X' be an interface update; U: map/interface Q× B → Q'\ with\ U(q(x)",Any later Foundations VII object that supplies a typed instantiation of the source carrier/interface and all source hypotheses.,Exact statement-level adapter; no new VII object or adapter is constructed in Step 2.,"[""Let q:X→ Q be a source quotient, let beta:Y→ B be a boundary readout, let U:X× Y→ X' be an interface update, and let q':X'→ Q' be the target quotient. Assume q , beta , and q' are surjective. Define O_U := \\ ((x,y),(x',y')) : q(x)=q(x'),\\ beta(y)=beta(y'),\\ q'(U(x,y)) q'(U(x',y'))\\""]","[""A later reuse must prove type alignment, source fidelity, and all added VII-specific premises.""]","[""None may be silently dropped.""]",source/papers/Tsiokos_2026_Six_Birds_Foundations_IV_A_Catalog_of_Layer_Agnostic_Structural_Laws.tex:L4638-L4665; derived/expanded/Tsiokos_2026_Six_Birds_Foundations_IV_A_Catalog_of_Layer_Agnostic_Structural_Laws.tex:L4638-L4665,"[""source/papers/Tsiokos_2026_Six_Birds_Foundations_IV_A_Catalog_of_Layer_Agnostic_Structural_Laws.tex:L4638-L4665; derived/expanded/Tsiokos_2026_Six_Birds_Foundations_IV_A_Catalog_of_Layer_Agnostic_Structural_Laws.tex:L4638-L4665"", ""registry/F_laws.csv:F22"", ""formalization/integration/cumulative_lean_theorems.csv""]","{""adapter_declarations"": [], ""added_trust_base"": [], ""caveats"": [""The paper reports a Lean declaration, but no corresponding source module is present in the supplied scaffold; no local formal match is claimed.""], ""exact_conclusion_match"": null, ""exact_hypothesis_match"": null, ""inherited_trust_base"": [], ""machine_check_status"": ""NOT_AVAILABLE"", ""paper_reported_declarations"": [""SixBirdsMetaMath.FoundationsIV.StatusRecordsCoherence.InterfaceMediation.interface_mediation""], ""source_declarations"": [], ""source_match_status"": ""PAPER_DISCLOSED_ASSET_NOT_IMPORTED"", ""source_modules"": [], ""statement_delta"": [""Paper reports a Lean realization, but its source module is not in the supplied Collatz archive.""], ""target_declarations"": []}","InterfaceMediated(q,beta,U,q') iff O_U=∅ iff U:Q× B→ Q'\ with\ U(q(x),beta(y))=q'(U(x,y))\ x,y, O_U=∅ implies BoundaryLeakageAbsent InternalInsufficiencyAbsent, ActiveMediatedInfluence( U) iff ( U)",PAPER_RESULT_AVAILABLE_LOCAL_FORMAL_ASSET_ABSENT_OR_PARTIAL,"[""P028-C0002"", ""P028-C0003"", ""P028-C0010"", ""P028-C0018"", ""P028-C0021"", ""P028-C0023"", ""P028-C0025"", ""P028-C0027"", ""P028-C0030"", ""P028-C0044"", ""P028-C0050"", ""P028-C0052"", ""P028-C0059"", ""P028-C0060"", ""P028-C0061"", ""P028-C0073"", ""P028-C0100"", ""P028-C0101"", ""P028-C0102"", ""P028-C0103"", ""This inventory contract is not a Foundations VII theorem, bridge proof, or candidate-law endorsement.""]",The theorist or environment supplies the generator; the resulting extension is externally seeded rather than endogenous.,STEP2_REUSE_BOUNDARY_INDEXED
BR-REUSE-0023,PRIOR_LAW_REUSE_CONTRACT,P028-C0063,F23,P028,FOUNDATIONS_VII_REUSE_BOUNDARY,FUTURE_FOUNDATIONS_VII,"q:H→ Q: quotient of histories, let lambda:Q→ L be a ledger map, let S⊆ L× H be a support relation, let m:L→ (H→Prop)→ W be a weight assignment, and; r:H→ Z: readout; q: map/interface H → Q be a quotient of histories; lambda: map/interface Q → L be a ledger map; m: map/interface L → (H→Prop)→ W be a weight assignment; r: map/interface H → Z be a readout",Any later Foundations VII object that supplies a typed instantiation of the source carrier/interface and all source hypotheses.,Exact statement-level adapter; no new VII object or adapter is constructed in Step 2.,"[""Let q:H→ Q be a quotient of histories, let lambda:Q→ L be a ledger map, let S⊆ L× H be a support relation, let m:L→ (H→Prop)→ W be a weight assignment, and let r:H→ Z be a readout. For a∈ Q and v∈ Z , set Pr_ q,r (a,v) := m(lambda(a)) (\\ h∈ H:q(h)=a\\ and\\ r(h)=v\\ )""]","[""A later reuse must prove type alignment, source fidelity, and all added VII-specific premises.""]","[""None may be silently dropped.""]",source/papers/Tsiokos_2026_Six_Birds_Foundations_IV_A_Catalog_of_Layer_Agnostic_Structural_Laws.tex:L4791-L4816; derived/expanded/Tsiokos_2026_Six_Birds_Foundations_IV_A_Catalog_of_Layer_Agnostic_Structural_Laws.tex:L4791-L4816,"[""source/papers/Tsiokos_2026_Six_Birds_Foundations_IV_A_Catalog_of_Layer_Agnostic_Structural_Laws.tex:L4791-L4816; derived/expanded/Tsiokos_2026_Six_Birds_Foundations_IV_A_Catalog_of_Layer_Agnostic_Structural_Laws.tex:L4791-L4816"", ""registry/F_laws.csv:F23"", ""formalization/integration/cumulative_lean_theorems.csv""]","{""adapter_declarations"": [], ""added_trust_base"": [], ""caveats"": [""The paper reports a Lean declaration, but no corresponding source module is present in the supplied scaffold; no local formal match is claimed.""], ""exact_conclusion_match"": null, ""exact_hypothesis_match"": null, ""inherited_trust_base"": [], ""machine_check_status"": ""NOT_AVAILABLE"", ""paper_reported_declarations"": [""SixBirdsMetaMath.FoundationsIV.StatusRecordsCoherence.ProbabilityAsStableUnresolvedFiber.probability_as_stable_unresolved_fiber""], ""source_declarations"": [], ""source_match_status"": ""PAPER_DISCLOSED_ASSET_NOT_IMPORTED"", ""source_modules"": [], ""statement_delta"": [""Paper reports a Lean realization, but its source module is not in the supplied Collatz archive.""], ""target_declarations"": []}","r\ descends through\ q iff h,h'∈ H,\ q(h)=q(h') implies r(h)=r(h'), Unresolved(q,r) iff h,h'∈ H,\ q(h)=q(h')\ and\ r(h) r(h'), StableProbability(q,r,lambda,m) iff Unresolved(q,r) Stable(Pr_ q,r )",PAPER_RESULT_AVAILABLE_LOCAL_FORMAL_ASSET_ABSENT_OR_PARTIAL,"[""P028-C0002"", ""P028-C0003"", ""P028-C0010"", ""P028-C0018"", ""P028-C0021"", ""P028-C0023"", ""P028-C0025"", ""P028-C0027"", ""P028-C0030"", ""P028-C0044"", ""P028-C0050"", ""P028-C0052"", ""P028-C0059"", ""P028-C0060"", ""P028-C0061"", ""P028-C0073"", ""P028-C0100"", ""P028-C0101"", ""P028-C0102"", ""P028-C0103"", ""This inventory contract is not a Foundations VII theorem, bridge proof, or candidate-law endorsement.""]",A verbal resemblance or citation exists while the source hypotheses and carrier/interface map are not discharged.,STEP2_REUSE_BOUNDARY_INDEXED
BR-REUSE-0024,PRIOR_LAW_REUSE_CONTRACT,P028-C0022,F24,P028,FOUNDATIONS_VII_REUSE_BOUNDARY,FUTURE_FOUNDATIONS_VII,"H: history space, let q:H→ Q be a surjective access quotient, and let s:H→ S be a declared role readout; q: map/interface H → Q be a surjective access quotient; s: map/interface H → S be a declared role readout",Any later Foundations VII object that supplies a typed instantiation of the source carrier/interface and all source hypotheses.,Exact statement-level adapter; no new VII object or adapter is constructed in Step 2.,"[""Let H be a history space, let q:H→ Q be a surjective access quotient, and let s:H→ S be a declared role readout. Define the role obstruction and joint role-layer quotient by O_s := \\ (h,h')∈ H^2:q(h)=q(h')\\ and\\ s(h) s(h')\\ , q_s(h):=(q(h),s(h))""]","[""A later reuse must prove type alignment, source fidelity, and all added VII-specific premises.""]","[""None may be silently dropped.""]",source/papers/Tsiokos_2026_Six_Birds_Foundations_IV_A_Catalog_of_Layer_Agnostic_Structural_Laws.tex:L1429-L1467; derived/expanded/Tsiokos_2026_Six_Birds_Foundations_IV_A_Catalog_of_Layer_Agnostic_Structural_Laws.tex:L1429-L1467,"[""source/papers/Tsiokos_2026_Six_Birds_Foundations_IV_A_Catalog_of_Layer_Agnostic_Structural_Laws.tex:L1429-L1467; derived/expanded/Tsiokos_2026_Six_Birds_Foundations_IV_A_Catalog_of_Layer_Agnostic_Structural_Laws.tex:L1429-L1467"", ""registry/F_laws.csv:F24"", ""formalization/integration/cumulative_lean_theorems.csv""]","{""adapter_declarations"": [], ""added_trust_base"": [], ""caveats"": [""The paper reports a Lean declaration, but no corresponding source module is present in the supplied scaffold; no local formal match is claimed.""], ""exact_conclusion_match"": null, ""exact_hypothesis_match"": null, ""inherited_trust_base"": [], ""machine_check_status"": ""NOT_AVAILABLE"", ""paper_reported_declarations"": [""SixBirdsMetaMath.FoundationsIV.Access.LayerMultiplicity.layer_multiplicity""], ""source_declarations"": [], ""source_match_status"": ""PAPER_DISCLOSED_ASSET_NOT_IMPORTED"", ""source_modules"": [], ""statement_delta"": [""Paper reports a Lean realization, but its source module is not in the supplied Collatz archive.""], ""target_declarations"": []}","s\ descends through\ q iff O_s=∅, RoleSplit(q,s) iff O_s ∅ iff q_s\ is a strict refinement of\ q. When RoleSplit(q,s) holds, exactly one resolution case is selected by the layer-formation discipline: MemoryLayer HiddenUpstreamRole BridgeMediatedRole BudgetedRole ScopedRole CoarsenedRole OutsideRoleScope BlockedNonClosure",PAPER_RESULT_AVAILABLE_LOCAL_FORMAL_ASSET_ABSENT_OR_PARTIAL,"[""P028-C0002"", ""P028-C0003"", ""P028-C0010"", ""P028-C0018"", ""P028-C0021"", ""P028-C0023"", ""P028-C0025"", ""P028-C0027"", ""P028-C0030"", ""P028-C0044"", ""P028-C0050"", ""P028-C0052"", ""P028-C0059"", ""P028-C0060"", ""P028-C0061"", ""P028-C0073"", ""P028-C0100"", ""P028-C0101"", ""P028-C0102"", ""P028-C0103"", ""This inventory contract is not a Foundations VII theorem, bridge proof, or candidate-law endorsement.""]","A nonfactoring candidate distinction is proposed but fails closure/objecthood or never fires, so strictness alone yields neither objecthood nor directionality.",STEP2_REUSE_BOUNDARY_INDEXED
BR-REUSE-0025,PRIOR_LAW_REUSE_CONTRACT,P028-C0064,F25,P028,FOUNDATIONS_VII_REUSE_BOUNDARY,FUTURE_FOUNDATIONS_VII,"q:H→ Q: context quotient, let alpha:A→ A be an intervention abstraction, let Gamma:H× A→ H' be an intervention transport, let r:H'→ R be a target re; K:H× A→ K_0: kernel outcome; q: map/interface H → Q be a context quotient; alpha: map/interface A → A be an intervention abstraction; Gamma: map/interface H× A → H' be an intervention transport; r: map/interface H' → R be a target readout; K: map/interface H× A → K_0 be a kernel outcome; Adm: map/interface Q× A → Prop and let ResStable and ProbResStable be residue-stability predicates; Gamma: map/interface Q× A → R; K: map/interface Q× A → K_0",Any later Foundations VII object that supplies a typed instantiation of the source carrier/interface and all source hypotheses.,Exact statement-level adapter; no new VII object or adapter is constructed in Step 2.,"[""Let q:H→ Q be a context quotient, let alpha:A→ A be an intervention abstraction, let Gamma:H× A→ H' be an intervention transport, let r:H'→ R be a target readout, and let K:H× A→ K_0 be a kernel outcome. Let Adm:Q× A→Prop and let ResStable and ProbResStable be residue-stability predicates. Define O_ Gamma := \\ ((h,a),(h',a')) : q(h)=q(h'),\\ alpha(a)=alpha(a'),\\ r(Gamma(h,a)) r(Gamma(h',a'))\\ . Write ITD , PITD , and Caus for the intervention-transport descent, probabilistic intervention-transpo…""]","[""A later reuse must prove type alignment, source fidelity, and all added VII-specific premises.""]","[""None may be silently dropped.""]",source/papers/Tsiokos_2026_Six_Birds_Foundations_IV_A_Catalog_of_Layer_Agnostic_Structural_Laws.tex:L4941-L4983; derived/expanded/Tsiokos_2026_Six_Birds_Foundations_IV_A_Catalog_of_Layer_Agnostic_Structural_Laws.tex:L4941-L4983,"[""source/papers/Tsiokos_2026_Six_Birds_Foundations_IV_A_Catalog_of_Layer_Agnostic_Structural_Laws.tex:L4941-L4983; derived/expanded/Tsiokos_2026_Six_Birds_Foundations_IV_A_Catalog_of_Layer_Agnostic_Structural_Laws.tex:L4941-L4983"", ""registry/F_laws.csv:F25"", ""formalization/integration/cumulative_lean_theorems.csv""]","{""adapter_declarations"": [], ""added_trust_base"": [], ""caveats"": [""The paper reports a Lean declaration, but no corresponding source module is present in the supplied scaffold; no local formal match is claimed.""], ""exact_conclusion_match"": null, ""exact_hypothesis_match"": null, ""inherited_trust_base"": [], ""machine_check_status"": ""NOT_AVAILABLE"", ""paper_reported_declarations"": [""SixBirdsMetaMath.FoundationsIV.StatusRecordsCoherence.CausalityAsStableInterventionTransport.causality_as_stable_intervention_transport""], ""source_declarations"": [], ""source_match_status"": ""PAPER_DISCLOSED_ASSET_NOT_IMPORTED"", ""source_modules"": [], ""statement_delta"": [""Paper reports a Lean realization, but its source module is not in the supplied Collatz archive.""], ""target_declarations"": []}","ITD(q,alpha,Gamma,r) iff O_ Gamma =∅ iff Gamma:Q× A→ R,\ Gamma(q(h),alpha(a))=r(Gamma(h,a))\ h,a, PITD(q,alpha,K) iff K:Q× A→ K_0,\ K(q(h),alpha(a))=K(h,a)\ h,a, ProbResStable(q(h),alpha(a),alpha(a')) Caus(q,alpha,Gamma,r) iff Adm ITD(q,alpha,Gamma,r)",PAPER_RESULT_AVAILABLE_LOCAL_FORMAL_ASSET_ABSENT_OR_PARTIAL,"[""P028-C0002"", ""P028-C0003"", ""P028-C0010"", ""P028-C0018"", ""P028-C0021"", ""P028-C0023"", ""P028-C0025"", ""P028-C0027"", ""P028-C0030"", ""P028-C0044"", ""P028-C0050"", ""P028-C0052"", ""P028-C0059"", ""P028-C0060"", ""P028-C0061"", ""P028-C0073"", ""P028-C0100"", ""P028-C0101"", ""P028-C0102"", ""P028-C0103"", ""This inventory contract is not a Foundations VII theorem, bridge proof, or candidate-law endorsement.""]","An upper object enables a lower construction without factoring through the lower interface, so enablement is not descent.",STEP2_REUSE_BOUNDARY_INDEXED
BR-REUSE-0026,PRIOR_LAW_REUSE_CONTRACT,P028-C0065,F26,P028,FOUNDATIONS_VII_REUSE_BOUNDARY,FUTURE_FOUNDATIONS_VII,"C: closure space with lawfulness predicate Lawful: C→Prop , equivalence relation on lawful closures, moduli quotient p: C→ M , readout r: C→ V; Lawful: map/interface C → Prop; p: map/interface C → M; r: map/interface C → V; T: map/interface C → C'; r: map/interface M → V\ with\ r(p(c))=r(c) c\ Lawful(c)",Any later Foundations VII object that supplies a typed instantiation of the source carrier/interface and all source hypotheses.,Exact statement-level adapter; no new VII object or adapter is constructed in Step 2.,"[""Let C be a closure space with lawfulness predicate Lawful: C→Prop , equivalence relation on lawful closures, moduli quotient p: C→ M , readout r: C→ V , transport T: C→ C' , and selected closure c_0∈ C . Assume p is surjective on lawful closures""]","[""A later reuse must prove type alignment, source fidelity, and all added VII-specific premises.""]","[""None may be silently dropped.""]",source/papers/Tsiokos_2026_Six_Birds_Foundations_IV_A_Catalog_of_Layer_Agnostic_Structural_Laws.tex:L5122-L5150; derived/expanded/Tsiokos_2026_Six_Birds_Foundations_IV_A_Catalog_of_Layer_Agnostic_Structural_Laws.tex:L5122-L5150,"[""source/papers/Tsiokos_2026_Six_Birds_Foundations_IV_A_Catalog_of_Layer_Agnostic_Structural_Laws.tex:L5122-L5150; derived/expanded/Tsiokos_2026_Six_Birds_Foundations_IV_A_Catalog_of_Layer_Agnostic_Structural_Laws.tex:L5122-L5150"", ""registry/F_laws.csv:F26"", ""formalization/integration/cumulative_lean_theorems.csv""]","{""adapter_declarations"": [], ""added_trust_base"": [], ""caveats"": [""The paper reports a Lean declaration, but no corresponding source module is present in the supplied scaffold; no local formal match is claimed.""], ""exact_conclusion_match"": null, ""exact_hypothesis_match"": null, ""inherited_trust_base"": [], ""machine_check_status"": ""NOT_AVAILABLE"", ""paper_reported_declarations"": [""SixBirdsMetaMath.FoundationsIV.StatusRecordsCoherence.ModuliContingency.moduli_contingency""], ""source_declarations"": [], ""source_match_status"": ""PAPER_DISCLOSED_ASSET_NOT_IMPORTED"", ""source_modules"": [], ""statement_delta"": [""Paper reports a Lean realization, but its source module is not in the supplied Collatz archive.""], ""target_declarations"": []}","ClosureObstructed(Lawful) iff c∈ C,\ Lawful(c), NontrivialModuli(Lawful, ) iff c,d∈ C, Lawful(c) (d) (c d), NecessaryReadout(r) iff r:M→ V\ with\ r(p(c))=r(c) c\ Lawful(c), ContingentReadout(r) iff c,d∈ C, Lawful(c) (d) p(c) p(d) r(c) r(d)",PAPER_RESULT_AVAILABLE_LOCAL_FORMAL_ASSET_ABSENT_OR_PARTIAL,"[""P028-C0002"", ""P028-C0003"", ""P028-C0010"", ""P028-C0018"", ""P028-C0021"", ""P028-C0023"", ""P028-C0025"", ""P028-C0027"", ""P028-C0030"", ""P028-C0044"", ""P028-C0050"", ""P028-C0052"", ""P028-C0059"", ""P028-C0060"", ""P028-C0061"", ""P028-C0073"", ""P028-C0100"", ""P028-C0101"", ""P028-C0102"", ""P028-C0103"", ""This inventory contract is not a Foundations VII theorem, bridge proof, or candidate-law endorsement.""]",A verbal resemblance or citation exists while the source hypotheses and carrier/interface map are not discharged.,STEP2_REUSE_BOUNDARY_INDEXED
BR-REUSE-0027,PRIOR_LAW_REUSE_CONTRACT,P028-C0066,F27,P028,FOUNDATIONS_VII_REUSE_BOUNDARY,FUTURE_FOUNDATIONS_VII,C: map/interface X → V is conserved for a declared route or symmetry structure if and only if it desc,Any later Foundations VII object that supplies a typed instantiation of the source carrier/interface and all source hypotheses.,Exact statement-level adapter; no new VII object or adapter is constructed in Step 2.,"[""No independent hypothesis block was mechanically separable; all quantifiers and conditions in source_wording_tex govern.""]","[""A later reuse must prove type alignment, source fidelity, and all added VII-specific premises.""]","[""None may be silently dropped.""]",source/papers/Tsiokos_2026_Six_Birds_Foundations_IV_A_Catalog_of_Layer_Agnostic_Structural_Laws.tex:L5281-L5286; derived/expanded/Tsiokos_2026_Six_Birds_Foundations_IV_A_Catalog_of_Layer_Agnostic_Structural_Laws.tex:L5281-L5286,"[""source/papers/Tsiokos_2026_Six_Birds_Foundations_IV_A_Catalog_of_Layer_Agnostic_Structural_Laws.tex:L5281-L5286; derived/expanded/Tsiokos_2026_Six_Birds_Foundations_IV_A_Catalog_of_Layer_Agnostic_Structural_Laws.tex:L5281-L5286"", ""registry/F_laws.csv:F27"", ""formalization/integration/cumulative_lean_theorems.csv""]","{""adapter_declarations"": [], ""added_trust_base"": [], ""caveats"": [""Paper grade and source statement remain controlling; module presence is not a fresh kernel replay.""], ""exact_conclusion_match"": true, ""exact_hypothesis_match"": true, ""inherited_trust_base"": [], ""machine_check_status"": ""NOT_RUN: Lean/Lake unavailable"", ""paper_reported_declarations"": [""SixBirdsMetaMath.FoundationsIV.StatusRecordsCoherence.ConservationAsOrbitDescent.conservation_as_orbit_descent""], ""source_declarations"": [""conservation_as_orbit_descent""], ""source_match_status"": ""MATCHED_IMPORTED_LAW_DECLARATION"", ""source_modules"": [""SixBirdsMetaMath.FoundationsIV.StatusRecordsCoherence.ConservationAsOrbitDescent""], ""statement_delta"": [""The prose matches the mechanized conservation-as-descent claim. Lean makes orbit quotient compatibility and surjectivity explicit.""], ""target_declarations"": []}","A quantity C:X→ V is conserved for a declared route or symmetry structure if and only if it descends through the orbit quotient; that is, C(x)=C(x') whenever x and x' lie in the same declared orbit.",AVAILABLE_AFTER_EXACT_HYPOTHESIS_AND_STATEMENT_MATCH,"[""P028-C0002"", ""P028-C0003"", ""P028-C0010"", ""P028-C0018"", ""P028-C0021"", ""P028-C0023"", ""P028-C0025"", ""P028-C0027"", ""P028-C0030"", ""P028-C0044"", ""P028-C0050"", ""P028-C0052"", ""P028-C0059"", ""P028-C0060"", ""P028-C0061"", ""P028-C0073"", ""P028-C0100"", ""P028-C0101"", ""P028-C0102"", ""P028-C0103"", ""This inventory contract is not a Foundations VII theorem, bridge proof, or candidate-law endorsement.""]","A protocol loop has nonzero route residue while the lifted dynamics is stationary and reversible, so holonomy exists with zero sustained arrow.",STEP2_REUSE_BOUNDARY_INDEXED
BR-REUSE-0028,PRIOR_LAW_REUSE_CONTRACT,P028-C0067,F28,P028,FOUNDATIONS_VII_REUSE_BOUNDARY,FUTURE_FOUNDATIONS_VII,q_A: map/interface X_A → Q_A; q_B: map/interface X_B → Q_B; beta_A: map/interface X_A → I_A; beta_B: map/interface X_B → I_B; U: map/interface X_A× X_B → X_ AB; AB: map/interface X_ AB → Q_ AB; Adm: map/interface X_A× X_B → Prop; delta: map/interface X_A× X_B → D; U: map/interface Q_A× Q_B → Q_ AB,Any later Foundations VII object that supplies a typed instantiation of the source carrier/interface and all source hypotheses.,Exact statement-level adapter; no new VII object or adapter is constructed in Step 2.,"[""Let X_A,X_B be component spaces with quotients q_A:X_A→ Q_A , q_B:X_B→ Q_B , interface readouts beta_A:X_A→ I_A , beta_B:X_B→ I_B , composition U:X_A× X_B→ X_ AB , composite quotient q_ AB :X_ AB → Q_ AB , admissibility predicate Adm:X_A× X_B→Prop , and residual delta:X_A× X_B→ D . Define O_U := \\ ((a,b),(a',b')) : q_A(a)=q_A(a'),\\ q_B(b)=q_B(b'), 7em q_ AB (U(a,b)) q_ AB (U(a',b'))\\ , O_ delta := \\ ((a,b),(a',b')) : q_A(a)=q_A(a'),\\ q_B(b)=q_B(b'),\\ delta(a,b) delta(a',b')\\ . Write COD and CRD…""]","[""A later reuse must prove type alignment, source fidelity, and all added VII-specific premises.""]","[""None may be silently dropped.""]",source/papers/Tsiokos_2026_Six_Birds_Foundations_IV_A_Catalog_of_Layer_Agnostic_Structural_Laws.tex:L5391-L5433; derived/expanded/Tsiokos_2026_Six_Birds_Foundations_IV_A_Catalog_of_Layer_Agnostic_Structural_Laws.tex:L5391-L5433,"[""source/papers/Tsiokos_2026_Six_Birds_Foundations_IV_A_Catalog_of_Layer_Agnostic_Structural_Laws.tex:L5391-L5433; derived/expanded/Tsiokos_2026_Six_Birds_Foundations_IV_A_Catalog_of_Layer_Agnostic_Structural_Laws.tex:L5391-L5433"", ""registry/F_laws.csv:F28"", ""formalization/integration/cumulative_lean_theorems.csv""]","{""adapter_declarations"": [], ""added_trust_base"": [], ""caveats"": [""The paper reports a Lean declaration, but no corresponding source module is present in the supplied scaffold; no local formal match is claimed.""], ""exact_conclusion_match"": null, ""exact_hypothesis_match"": null, ""inherited_trust_base"": [], ""machine_check_status"": ""NOT_AVAILABLE"", ""paper_reported_declarations"": [""SixBirdsMetaMath.FoundationsIV.StatusRecordsCoherence.Composability.composability""], ""source_declarations"": [], ""source_match_status"": ""PAPER_DISCLOSED_ASSET_NOT_IMPORTED"", ""source_modules"": [], ""statement_delta"": [""Paper reports a Lean realization, but its source module is not in the supplied Collatz archive.""], ""target_declarations"": []}","COD iff O_U=∅ iff U:Q_A× Q_B→ Q_ AB ,\ U(q_Aa,q_Bb)=q_ AB (U(a,b)), CRD iff O_ delta =∅, Composable iff Adm\ descends COD",PAPER_RESULT_AVAILABLE_LOCAL_FORMAL_ASSET_ABSENT_OR_PARTIAL,"[""P028-C0002"", ""P028-C0003"", ""P028-C0010"", ""P028-C0018"", ""P028-C0021"", ""P028-C0023"", ""P028-C0025"", ""P028-C0027"", ""P028-C0030"", ""P028-C0044"", ""P028-C0050"", ""P028-C0052"", ""P028-C0059"", ""P028-C0060"", ""P028-C0061"", ""P028-C0073"", ""P028-C0100"", ""P028-C0101"", ""P028-C0102"", ""P028-C0103"", ""This inventory contract is not a Foundations VII theorem, bridge proof, or candidate-law endorsement.""]","An upper object enables a lower construction without factoring through the lower interface, so enablement is not descent.",STEP2_REUSE_BOUNDARY_INDEXED
BR-REUSE-0029,PRIOR_LAW_REUSE_CONTRACT,P028-C0068,F29,P028,FOUNDATIONS_VII_REUSE_BOUNDARY,FUTURE_FOUNDATIONS_VII,"P: presentation space with quotient pi:P→Pi , let be an equivalence relation compatible with pi , let s:Pi→ P be a section with pi(s(x))=x , an; T:P→ V: readout; tau:Tuple(P)→Tuple(Pi): tuple quotient, let R:Tuple(P)→Prop be a relation, and let a group G act on P and V; pi: map/interface P → Pi; s: map/interface Pi → P be a section with pi(s(x))=x; T: map/interface P → V be a readout; tau: map/interface Tuple(P) → Tuple(Pi) be the tuple quotient; R: map/interface Tuple(P) → Prop be a relation; T: map/interface Pi → V\ with\ T pi=T",Any later Foundations VII object that supplies a typed instantiation of the source carrier/interface and all source hypotheses.,Exact statement-level adapter; no new VII object or adapter is constructed in Step 2.,"[""Let P be a presentation space with quotient pi:P→Pi , let be an equivalence relation compatible with pi , let s:Pi→ P be a section with pi(s(x))=x , and let T:P→ V be a readout. Let tau:Tuple(P)→Tuple(Pi) be the tuple quotient, let R:Tuple(P)→Prop be a relation, and let a group G act on P and V""]","[""A later reuse must prove type alignment, source fidelity, and all added VII-specific premises.""]","[""None may be silently dropped.""]",source/papers/Tsiokos_2026_Six_Birds_Foundations_IV_A_Catalog_of_Layer_Agnostic_Structural_Laws.tex:L5561-L5585; derived/expanded/Tsiokos_2026_Six_Birds_Foundations_IV_A_Catalog_of_Layer_Agnostic_Structural_Laws.tex:L5561-L5585,"[""source/papers/Tsiokos_2026_Six_Birds_Foundations_IV_A_Catalog_of_Layer_Agnostic_Structural_Laws.tex:L5561-L5585; derived/expanded/Tsiokos_2026_Six_Birds_Foundations_IV_A_Catalog_of_Layer_Agnostic_Structural_Laws.tex:L5561-L5585"", ""registry/F_laws.csv:F29"", ""formalization/integration/cumulative_lean_theorems.csv""]","{""adapter_declarations"": [], ""added_trust_base"": [], ""caveats"": [""The paper reports a Lean declaration, but no corresponding source module is present in the supplied scaffold; no local formal match is claimed.""], ""exact_conclusion_match"": null, ""exact_hypothesis_match"": null, ""inherited_trust_base"": [], ""machine_check_status"": ""NOT_AVAILABLE"", ""paper_reported_declarations"": [""SixBirdsMetaMath.FoundationsIV.StatusRecordsCoherence.PresentationInvariance.presentation_invariance""], ""source_declarations"": [], ""source_match_status"": ""PAPER_DISCLOSED_ASSET_NOT_IMPORTED"", ""source_modules"": [], ""statement_delta"": [""Paper reports a Lean realization, but its source module is not in the supplied Collatz archive.""], ""target_declarations"": []}","PresentationInvariant(pi,T) iff p,p'∈ P,\ pi(p)=pi(p') implies T(p)=T(p') iff T:Pi→ V\ with\ T pi=T, EquivalentPresentationInvariant( ,T) iff p,p'∈ P,\ p p' implies T(p)=T(p'), PresentationRelationInvariant(tau,R) iff x,y,\ tau(x)=tau(y) implies (R(x) R(y)), GroupEquivariant(T) iff g∈ G, p∈ P,\ T(g p)=g T(p)",PAPER_RESULT_AVAILABLE_LOCAL_FORMAL_ASSET_ABSENT_OR_PARTIAL,"[""P028-C0002"", ""P028-C0003"", ""P028-C0010"", ""P028-C0018"", ""P028-C0021"", ""P028-C0023"", ""P028-C0025"", ""P028-C0027"", ""P028-C0030"", ""P028-C0044"", ""P028-C0050"", ""P028-C0052"", ""P028-C0059"", ""P028-C0060"", ""P028-C0061"", ""P028-C0073"", ""P028-C0100"", ""P028-C0101"", ""P028-C0102"", ""P028-C0103"", ""This inventory contract is not a Foundations VII theorem, bridge proof, or candidate-law endorsement.""]",A verbal resemblance or citation exists while the source hypotheses and carrier/interface map are not discharged.,STEP2_REUSE_BOUNDARY_INDEXED
BR-REUSE-0030,PRIOR_LAW_REUSE_CONTRACT,P028-C0069,F30,P028,FOUNDATIONS_VII_REUSE_BOUNDARY,FUTURE_FOUNDATIONS_VII,"H: history space with base readout b:H→ B , explanation readout e:H→ E , target readout t:H→ T , continuation :H→ H' , later explanation e':H'→; b: map/interface H → B; e: map/interface H → E; t: map/interface H → T; continuation: map/interface H → H'; alpha: map/interface B → E; beta: map/interface E → T; delta: map/interface E → B",Any later Foundations VII object that supplies a typed instantiation of the source carrier/interface and all source hypotheses.,Exact statement-level adapter; no new VII object or adapter is constructed in Step 2.,"[""Let H be a history space with base readout b:H→ B , explanation readout e:H→ E , target readout t:H→ T , continuation :H→ H' , later explanation e':H'→ E' , and later target t':H'→ T' . Assume b and e are surjective. Define O_ src := \\ (h,h')∈ H^2:b(h)=b(h')\\ and\\ e(h) e(h')\\ , and O_ tgt := \\ (h,h')∈ H^2:e(h)=e(h')\\ and\\ t(h) t(h')\\""]","[""A later reuse must prove type alignment, source fidelity, and all added VII-specific premises.""]","[""None may be silently dropped.""]",source/papers/Tsiokos_2026_Six_Birds_Foundations_IV_A_Catalog_of_Layer_Agnostic_Structural_Laws.tex:L5696-L5729; derived/expanded/Tsiokos_2026_Six_Birds_Foundations_IV_A_Catalog_of_Layer_Agnostic_Structural_Laws.tex:L5696-L5729,"[""source/papers/Tsiokos_2026_Six_Birds_Foundations_IV_A_Catalog_of_Layer_Agnostic_Structural_Laws.tex:L5696-L5729; derived/expanded/Tsiokos_2026_Six_Birds_Foundations_IV_A_Catalog_of_Layer_Agnostic_Structural_Laws.tex:L5696-L5729"", ""registry/F_laws.csv:F30"", ""formalization/integration/cumulative_lean_theorems.csv""]","{""adapter_declarations"": [], ""added_trust_base"": [], ""caveats"": [""The paper reports a Lean declaration, but no corresponding source module is present in the supplied scaffold; no local formal match is claimed.""], ""exact_conclusion_match"": null, ""exact_hypothesis_match"": null, ""inherited_trust_base"": [], ""machine_check_status"": ""NOT_AVAILABLE"", ""paper_reported_declarations"": [""SixBirdsMetaMath.FoundationsIV.StatusRecordsCoherence.ExplanationAsCompressionWithDescent.explanation_as_compression_with_descent""], ""source_declarations"": [], ""source_match_status"": ""PAPER_DISCLOSED_ASSET_NOT_IMPORTED"", ""source_modules"": [], ""statement_delta"": [""Paper reports a Lean realization, but its source module is not in the supplied Collatz archive.""], ""target_declarations"": []}","ExactExplanation(b,e,t) iff O_ src =∅ O_ tgt =∅ iff alpha:B→ E,\ beta:E→ T,\ alpha b=e\ and\ beta e=t, StrictCompression(b,e) iff alpha:B→ E,\ alpha b=e \ and\ delta:E→ B,\ delta e=b",PAPER_RESULT_AVAILABLE_LOCAL_FORMAL_ASSET_ABSENT_OR_PARTIAL,"[""P028-C0002"", ""P028-C0003"", ""P028-C0010"", ""P028-C0018"", ""P028-C0021"", ""P028-C0023"", ""P028-C0025"", ""P028-C0027"", ""P028-C0030"", ""P028-C0044"", ""P028-C0050"", ""P028-C0052"", ""P028-C0059"", ""P028-C0060"", ""P028-C0061"", ""P028-C0073"", ""P028-C0100"", ""P028-C0101"", ""P028-C0102"", ""P028-C0103"", ""This inventory contract is not a Foundations VII theorem, bridge proof, or candidate-law endorsement.""]","A nonfactoring candidate distinction is proposed but fails closure/objecthood or never fires, so strictness alone yields neither objecthood nor directionality.",STEP2_REUSE_BOUNDARY_INDEXED
BR-REUSE-0031,PRIOR_LAW_REUSE_CONTRACT,P028-C0070,F31,P028,FOUNDATIONS_VII_REUSE_BOUNDARY,FUTURE_FOUNDATIONS_VII,"q:H→ Q: context quotient, let alpha:A→ A be an intervention abstraction, let Adm:H× A→Prop be admissibility, let Gamma:H× A→ H' be a counterfactual; q':H'→ R: target quotient, and let tau:H'→Bool be target truth; q: map/interface H → Q be a context quotient; alpha: map/interface A → A be an intervention abstraction; Adm: map/interface H× A → Prop be admissibility; Gamma: map/interface H× A → H' be a counterfactual route; tau: map/interface H' → Bool be target truth; tau: map/interface Q× A → Bool \ such that tau(q(h)",Any later Foundations VII object that supplies a typed instantiation of the source carrier/interface and all source hypotheses.,Exact statement-level adapter; no new VII object or adapter is constructed in Step 2.,"[""Let q:H→ Q be a context quotient, let alpha:A→ A be an intervention abstraction, let Adm:H× A→Prop be admissibility, let Gamma:H× A→ H' be a counterfactual route, let q':H'→ R be a target quotient, and let tau:H'→Bool be target truth. Define O_ adm := \\ ((h,a),(h',a')) : q(h)=q(h'),\\ alpha(a)=alpha(a'),\\ Adm(h,a) Adm(h',a')\\ , and O_ cf := \\ l ((h,a),(h',a')) : q(h)=q(h'),\\ alpha(a)=alpha(a'), Adm(h,a),\\ Adm(h',a'), tau(Gamma(h,a)) tau(Gamma(h',a')) \\ . Write CFL for the counterfactual-legitima…""]","[""A later reuse must prove type alignment, source fidelity, and all added VII-specific premises.""]","[""None may be silently dropped.""]",source/papers/Tsiokos_2026_Six_Birds_Foundations_IV_A_Catalog_of_Layer_Agnostic_Structural_Laws.tex:L5854-L5898; derived/expanded/Tsiokos_2026_Six_Birds_Foundations_IV_A_Catalog_of_Layer_Agnostic_Structural_Laws.tex:L5854-L5898,"[""source/papers/Tsiokos_2026_Six_Birds_Foundations_IV_A_Catalog_of_Layer_Agnostic_Structural_Laws.tex:L5854-L5898; derived/expanded/Tsiokos_2026_Six_Birds_Foundations_IV_A_Catalog_of_Layer_Agnostic_Structural_Laws.tex:L5854-L5898"", ""registry/F_laws.csv:F31"", ""formalization/integration/cumulative_lean_theorems.csv""]","{""adapter_declarations"": [], ""added_trust_base"": [], ""caveats"": [""The paper reports a Lean declaration, but no corresponding source module is present in the supplied scaffold; no local formal match is claimed.""], ""exact_conclusion_match"": null, ""exact_hypothesis_match"": null, ""inherited_trust_base"": [], ""machine_check_status"": ""NOT_AVAILABLE"", ""paper_reported_declarations"": [""SixBirdsMetaMath.FoundationsIV.StatusRecordsCoherence.CounterfactualLegitimacy.counterfactual_legitimacy""], ""source_declarations"": [], ""source_match_status"": ""PAPER_DISCLOSED_ASSET_NOT_IMPORTED"", ""source_modules"": [], ""statement_delta"": [""Paper reports a Lean realization, but its source module is not in the supplied Collatz archive.""], ""target_declarations"": []}","CFL(q,alpha,Adm,Gamma,q',tau) iff O_ adm =∅ O_ cf =∅ iff tau:Q× A→Bool \ such that tau(q(h),alpha(a))=tau(Gamma(h,a)) \ for all admissible (h,a)",PAPER_RESULT_AVAILABLE_LOCAL_FORMAL_ASSET_ABSENT_OR_PARTIAL,"[""P028-C0002"", ""P028-C0003"", ""P028-C0010"", ""P028-C0018"", ""P028-C0021"", ""P028-C0023"", ""P028-C0025"", ""P028-C0027"", ""P028-C0030"", ""P028-C0044"", ""P028-C0050"", ""P028-C0052"", ""P028-C0059"", ""P028-C0060"", ""P028-C0061"", ""P028-C0073"", ""P028-C0100"", ""P028-C0101"", ""P028-C0102"", ""P028-C0103"", ""This inventory contract is not a Foundations VII theorem, bridge proof, or candidate-law endorsement.""]","A protocol loop has nonzero route residue while the lifted dynamics is stationary and reversible, so holonomy exists with zero sustained arrow.",STEP2_REUSE_BOUNDARY_INDEXED
BR-REUSE-0032,PRIOR_LAW_REUSE_CONTRACT,P028-C0072,F33,P028,FOUNDATIONS_VII_REUSE_BOUNDARY,FUTURE_FOUNDATIONS_VII,"H: set of histories with an interior–exterior decomposition H I × E , and define pi : I × E B × Q, pi(i,e)=(beta(i), (e)), where beta:I→ B is t; t:I× E→ T: declared target readout; beta: map/interface I → B is the boundary readout and :E→ Q is the exterior classifier; t: map/interface I× E → T be a declared target readout; t: map/interface B× Q → T\ such that \ t pi=t",Any later Foundations VII object that supplies a typed instantiation of the source carrier/interface and all source hypotheses.,Exact statement-level adapter; no new VII object or adapter is constructed in Step 2.,"[""Let H be a set of histories with an interior–exterior decomposition H I × E , and define pi : I × E B × Q, pi(i,e)=(beta(i), (e)), where beta:I→ B is the boundary readout and :E→ Q is the exterior classifier. Assume pi is surjective, and let t:I× E→ T be a declared target readout""]","[""A later reuse must prove type alignment, source fidelity, and all added VII-specific premises.""]","[""None may be silently dropped.""]",source/papers/Tsiokos_2026_Six_Birds_Foundations_IV_A_Catalog_of_Layer_Agnostic_Structural_Laws.tex:L6194-L6218; derived/expanded/Tsiokos_2026_Six_Birds_Foundations_IV_A_Catalog_of_Layer_Agnostic_Structural_Laws.tex:L6194-L6218,"[""source/papers/Tsiokos_2026_Six_Birds_Foundations_IV_A_Catalog_of_Layer_Agnostic_Structural_Laws.tex:L6194-L6218; derived/expanded/Tsiokos_2026_Six_Birds_Foundations_IV_A_Catalog_of_Layer_Agnostic_Structural_Laws.tex:L6194-L6218"", ""registry/F_laws.csv:F33"", ""formalization/integration/cumulative_lean_theorems.csv""]","{""adapter_declarations"": [], ""added_trust_base"": [], ""caveats"": [""The paper reports a Lean declaration, but no corresponding source module is present in the supplied scaffold; no local formal match is claimed.""], ""exact_conclusion_match"": null, ""exact_hypothesis_match"": null, ""inherited_trust_base"": [], ""machine_check_status"": ""NOT_AVAILABLE"", ""paper_reported_declarations"": [""SixBirdsMetaMath.FoundationsIV.SelfReferenceLimits.HorizonSufficiency.horizon_sufficiency""], ""source_declarations"": [], ""source_match_status"": ""PAPER_DISCLOSED_ASSET_NOT_IMPORTED"", ""source_modules"": [], ""statement_delta"": [""Paper reports a Lean realization, but its source module is not in the supplied Collatz archive.""], ""target_declarations"": []}","t descends through pi iff (i,e),(i',e'),\ pi(i,e)=pi(i',e') implies t(i,e)=t(i',e') iff t:B× Q→ T\ such that \ t pi=t . For a family (t_sigma)_ sigma∈Sigma , horizon sufficiency is the pointwise conjunction of these equivalent conditions for every sigma∈Sigma",PAPER_RESULT_AVAILABLE_LOCAL_FORMAL_ASSET_ABSENT_OR_PARTIAL,"[""P028-C0002"", ""P028-C0003"", ""P028-C0010"", ""P028-C0018"", ""P028-C0021"", ""P028-C0023"", ""P028-C0025"", ""P028-C0027"", ""P028-C0030"", ""P028-C0044"", ""P028-C0050"", ""P028-C0052"", ""P028-C0059"", ""P028-C0060"", ""P028-C0061"", ""P028-C0073"", ""P028-C0100"", ""P028-C0101"", ""P028-C0102"", ""P028-C0103"", ""This inventory contract is not a Foundations VII theorem, bridge proof, or candidate-law endorsement.""]",A verbal resemblance or citation exists while the source hypotheses and carrier/interface map are not discharged.,STEP2_REUSE_BOUNDARY_INDEXED
BR-REUSE-0033,PRIOR_LAW_REUSE_CONTRACT,P028-C0075,F34,P028,FOUNDATIONS_VII_REUSE_BOUNDARY,FUTURE_FOUNDATIONS_VII,tau: map/interface H_0 → H_1; sigma: map/interface H_0 → I be source information; rho: map/interface H_1 → R a recovery quotient; q_0: map/interface H_0 → Q_0 a source quotient; q_1: map/interface H_1 → Q_1 a later quotient; s: map/interface H_0 → S a declared signature; sigma: map/interface R → I\ such that \ sigma rho tau=sigma,Any later Foundations VII object that supplies a typed instantiation of the source carrier/interface and all source hypotheses.,Exact statement-level adapter; no new VII object or adapter is constructed in Step 2.,"[""Let H_0,H_1 be source and later carriers with transport tau:H_0→ H_1 . Let sigma:H_0→ I be source information, rho:H_1→ R a recovery quotient, q_0:H_0→ Q_0 a source quotient, q_1:H_1→ Q_1 a later quotient, and s:H_0→ S a declared signature. Assume that rho tau , q_0 , and q_1 tau are surjective onto their images. Define O_rho =\\ (h,h'):rho(tau h)=rho(tau h')\\ and\\ sigma(h) sigma(h')\\""]","[""A later reuse must prove type alignment, source fidelity, and all added VII-specific premises.""]","[""None may be silently dropped.""]",source/papers/Tsiokos_2026_Six_Birds_Foundations_IV_A_Catalog_of_Layer_Agnostic_Structural_Laws.tex:L6339-L6362; derived/expanded/Tsiokos_2026_Six_Birds_Foundations_IV_A_Catalog_of_Layer_Agnostic_Structural_Laws.tex:L6339-L6362,"[""source/papers/Tsiokos_2026_Six_Birds_Foundations_IV_A_Catalog_of_Layer_Agnostic_Structural_Laws.tex:L6339-L6362; derived/expanded/Tsiokos_2026_Six_Birds_Foundations_IV_A_Catalog_of_Layer_Agnostic_Structural_Laws.tex:L6339-L6362"", ""registry/F_laws.csv:F34"", ""formalization/integration/cumulative_lean_theorems.csv""]","{""adapter_declarations"": [], ""added_trust_base"": [], ""caveats"": [""Paper grade and source statement remain controlling; module presence is not a fresh kernel replay.""], ""exact_conclusion_match"": true, ""exact_hypothesis_match"": true, ""inherited_trust_base"": [], ""machine_check_status"": ""NOT_RUN: Lean/Lake unavailable"", ""paper_reported_declarations"": [""SixBirdsMetaMath.FoundationsIV.SelfReferenceLimits.InformationLoss.information_loss_normal_form""], ""source_declarations"": [""information_loss_normal_form""], ""source_match_status"": ""MATCHED_IMPORTED_LAW_DECLARATION"", ""source_modules"": [""SixBirdsMetaMath.FoundationsIV.SelfReferenceLimits.InformationLoss""], ""statement_delta"": [""The prose matches the Lean row's single-transport/later-quotient loss normal form. The Lean statement is more detailed but not contradictory.""], ""target_declarations"": []}","Recoverable(sigma,tau,rho) iff O_rho=∅ iff sigma:R→ I\ such that \ sigma rho tau=sigma . Information loss is legitimate exactly when every declared later identification made by rho tau is invisible to sigma",AVAILABLE_AFTER_EXACT_HYPOTHESIS_AND_STATEMENT_MATCH,"[""P028-C0002"", ""P028-C0003"", ""P028-C0010"", ""P028-C0018"", ""P028-C0021"", ""P028-C0023"", ""P028-C0025"", ""P028-C0027"", ""P028-C0030"", ""P028-C0044"", ""P028-C0050"", ""P028-C0052"", ""P028-C0059"", ""P028-C0060"", ""P028-C0061"", ""P028-C0073"", ""P028-C0100"", ""P028-C0101"", ""P028-C0102"", ""P028-C0103"", ""This inventory contract is not a Foundations VII theorem, bridge proof, or candidate-law endorsement.""]",A verbal resemblance or citation exists while the source hypotheses and carrier/interface map are not discharged.,STEP2_REUSE_BOUNDARY_INDEXED
BR-REUSE-0034,PRIOR_LAW_REUSE_CONTRACT,P028-C0076,F35,P028,FOUNDATIONS_VII_REUSE_BOUNDARY,FUTURE_FOUNDATIONS_VII,"H: carrier with consecutive scale quotients q_n:H→ Q_n and q_ n+1 :H→ Q_ n+1; c:Q_n→ Q_ n+1: surjective coarsening with c q_n=q_ n+1 , and let t:H→ T be a target law; q_n: map/interface H → Q_n and q_ n+1 :H→ Q_ n+1; c: map/interface Q_n → Q_ n+1 be a surjective coarsening with c q_n=q_ n+1; t: map/interface H → T be a target law; t_n: map/interface Q_n → T\ such that \ t_n q_n=t",Any later Foundations VII object that supplies a typed instantiation of the source carrier/interface and all source hypotheses.,Exact statement-level adapter; no new VII object or adapter is constructed in Step 2.,"[""Let H be a carrier with consecutive scale quotients q_n:H→ Q_n and q_ n+1 :H→ Q_ n+1 . Let c:Q_n→ Q_ n+1 be a surjective coarsening with c q_n=q_ n+1 , and let t:H→ T be a target law. Put O_n(t)= \\ (h,h'):q_n(h)=q_n(h')\\ and\\ t(h) t(h')\\""]","[""A later reuse must prove type alignment, source fidelity, and all added VII-specific premises.""]","[""None may be silently dropped.""]",source/papers/Tsiokos_2026_Six_Birds_Foundations_IV_A_Catalog_of_Layer_Agnostic_Structural_Laws.tex:L6473-L6495; derived/expanded/Tsiokos_2026_Six_Birds_Foundations_IV_A_Catalog_of_Layer_Agnostic_Structural_Laws.tex:L6473-L6495,"[""source/papers/Tsiokos_2026_Six_Birds_Foundations_IV_A_Catalog_of_Layer_Agnostic_Structural_Laws.tex:L6473-L6495; derived/expanded/Tsiokos_2026_Six_Birds_Foundations_IV_A_Catalog_of_Layer_Agnostic_Structural_Laws.tex:L6473-L6495"", ""registry/F_laws.csv:F35"", ""formalization/integration/cumulative_lean_theorems.csv""]","{""adapter_declarations"": [], ""added_trust_base"": [], ""caveats"": [""The paper reports a Lean declaration, but no corresponding source module is present in the supplied scaffold; no local formal match is claimed.""], ""exact_conclusion_match"": null, ""exact_hypothesis_match"": null, ""inherited_trust_base"": [], ""machine_check_status"": ""NOT_AVAILABLE"", ""paper_reported_declarations"": [""SixBirdsMetaMath.FoundationsIV.SelfReferenceLimits.ScaleDescentRenormalization.scale_descent_renormalization""], ""source_declarations"": [], ""source_match_status"": ""PAPER_DISCLOSED_ASSET_NOT_IMPORTED"", ""source_modules"": [], ""statement_delta"": [""Paper reports a Lean realization, but its source module is not in the supplied Collatz archive.""], ""target_declarations"": []}",t descends to Q_n iff O_n(t)=∅ iff t_n:Q_n→ T\ such that \ t_n q_n=t . The renormalized law at scale Q_ n+1 exists exactly when t_n is constant on the fibers of c,PAPER_RESULT_AVAILABLE_LOCAL_FORMAL_ASSET_ABSENT_OR_PARTIAL,"[""P028-C0002"", ""P028-C0003"", ""P028-C0010"", ""P028-C0018"", ""P028-C0021"", ""P028-C0023"", ""P028-C0025"", ""P028-C0027"", ""P028-C0030"", ""P028-C0044"", ""P028-C0050"", ""P028-C0052"", ""P028-C0059"", ""P028-C0060"", ""P028-C0061"", ""P028-C0073"", ""P028-C0100"", ""P028-C0101"", ""P028-C0102"", ""P028-C0103"", ""This inventory contract is not a Foundations VII theorem, bridge proof, or candidate-law endorsement.""]","An upper object enables a lower construction without factoring through the lower interface, so enablement is not descent.",STEP2_REUSE_BOUNDARY_INDEXED
BR-REUSE-0035,PRIOR_LAW_REUSE_CONTRACT,P028-C0077,F36,P028,FOUNDATIONS_VII_REUSE_BOUNDARY,FUTURE_FOUNDATIONS_VII,"P: set of limiting processes, let :P→ Q be a surjective limit quotient, let j:Q→ Q be a completion map, let u:P→ T be the target-limit readout,; sigma:P→ S: declared signature-limit readout, let u^ ren :P→ T^ ren be a declared renormalized target-limit readout, and let p_0∈ P be a selected proces; let: map/interface P → Q be a surjective limit quotient; j: map/interface Q → Q be a completion map; u: map/interface P → T be the target-limit readout; sigma: map/interface P → S be a declared signature-limit readout; ren: map/interface P → T^ ren be a declared renormalized target-limit readout; u: map/interface Q → T",Any later Foundations VII object that supplies a typed instantiation of the source carrier/interface and all source hypotheses.,Exact statement-level adapter; no new VII object or adapter is constructed in Step 2.,"[""Let P be a set of limiting processes, let :P→ Q be a surjective limit quotient, let j:Q→ Q be a completion map, let u:P→ T be the target-limit readout, let sigma:P→ S be a declared signature-limit readout, let u^ ren :P→ T^ ren be a declared renormalized target-limit readout, and let p_0∈ P be a selected process. Define the singular target obstruction O_ (u) =\\ (p_1,p_2)∈ P^2: (p_1)= (p_2)\\ and\\ u(p_1) u(p_2)\\ and the corresponding family obstruction O_ (sigma) . Write rho_ u, :P→ Q× T, rho_ u,…""]","[""A later reuse must prove type alignment, source fidelity, and all added VII-specific premises.""]","[""None may be silently dropped.""]",source/papers/Tsiokos_2026_Six_Birds_Foundations_IV_A_Catalog_of_Layer_Agnostic_Structural_Laws.tex:L6618-L6666; derived/expanded/Tsiokos_2026_Six_Birds_Foundations_IV_A_Catalog_of_Layer_Agnostic_Structural_Laws.tex:L6618-L6666,"[""source/papers/Tsiokos_2026_Six_Birds_Foundations_IV_A_Catalog_of_Layer_Agnostic_Structural_Laws.tex:L6618-L6666; derived/expanded/Tsiokos_2026_Six_Birds_Foundations_IV_A_Catalog_of_Layer_Agnostic_Structural_Laws.tex:L6618-L6666"", ""registry/F_laws.csv:F36"", ""formalization/integration/cumulative_lean_theorems.csv""]","{""adapter_declarations"": [], ""added_trust_base"": [], ""caveats"": [""The paper reports a Lean declaration, but no corresponding source module is present in the supplied scaffold; no local formal match is claimed.""], ""exact_conclusion_match"": null, ""exact_hypothesis_match"": null, ""inherited_trust_base"": [], ""machine_check_status"": ""NOT_AVAILABLE"", ""paper_reported_declarations"": [""SixBirdsMetaMath.FoundationsIV.SelfReferenceLimits.SingularLimitCompletion.singular_limit_completion""], ""source_declarations"": [], ""source_match_status"": ""PAPER_DISCLOSED_ASSET_NOT_IMPORTED"", ""source_modules"": [], ""statement_delta"": [""Paper reports a Lean realization, but its source module is not in the supplied Collatz archive.""], ""target_declarations"": []}","Completed(u, ) iff O_ (u)=∅, Completed(u, ) iff u: Q→ T,\ u =u, Completed(sigma, ) iff O_ (sigma)=∅, PathDependent(u, ) iff (u, ), Removable(j, ,sigma,p_0) iff _ j ( ,p_0) Completed(sigma, ), Refines(rho_ u, , ), Completed(u,rho_ u, ), Completed(u^ ren , ) iff Completed(u^ ren , ). Equivalently, completion is descent of u through ; the canonical path-memory repair rho_ u, is a refinement of that completes u ; a renormalized target inherits the same completion criterion as its raw target",PAPER_RESULT_AVAILABLE_LOCAL_FORMAL_ASSET_ABSENT_OR_PARTIAL,"[""P028-C0002"", ""P028-C0003"", ""P028-C0010"", ""P028-C0018"", ""P028-C0021"", ""P028-C0023"", ""P028-C0025"", ""P028-C0027"", ""P028-C0030"", ""P028-C0044"", ""P028-C0050"", ""P028-C0052"", ""P028-C0059"", ""P028-C0060"", ""P028-C0061"", ""P028-C0073"", ""P028-C0100"", ""P028-C0101"", ""P028-C0102"", ""P028-C0103"", ""This inventory contract is not a Foundations VII theorem, bridge proof, or candidate-law endorsement.""]","An upper object enables a lower construction without factoring through the lower interface, so enablement is not descent.",STEP2_REUSE_BOUNDARY_INDEXED
BR-REUSE-0036,PRIOR_LAW_REUSE_CONTRACT,P028-C0078,F37,P028,FOUNDATIONS_VII_REUSE_BOUNDARY,FUTURE_FOUNDATIONS_VII,H: carrier with two access quotients q_A:H→ Q_A and q_B:H→ Q_B; q_A: map/interface H → Q_A and q_B:H→ Q_B; j: map/interface H → J together with maps a:J→ Q_A and b:J→ Q_B satisfying a j=q_A; J: map/interface Type)(j:H → J)(a:J→ Q_A)(b:J→ Q_B),Any later Foundations VII object that supplies a typed instantiation of the source carrier/interface and all source hypotheses.,Exact statement-level adapter; no new VII object or adapter is constructed in Step 2.,"[""Let H be a carrier with two access quotients q_A:H→ Q_A and q_B:H→ Q_B . A joint access is a quotient j:H→ J together with maps a:J→ Q_A and b:J→ Q_B satisfying a j=q_A, b j=q_B . Assume q_A and q_B are separately admissible""]","[""A later reuse must prove type alignment, source fidelity, and all added VII-specific premises.""]","[""None may be silently dropped.""]",source/papers/Tsiokos_2026_Six_Birds_Foundations_IV_A_Catalog_of_Layer_Agnostic_Structural_Laws.tex:L6868-L6885; derived/expanded/Tsiokos_2026_Six_Birds_Foundations_IV_A_Catalog_of_Layer_Agnostic_Structural_Laws.tex:L6868-L6885,"[""source/papers/Tsiokos_2026_Six_Birds_Foundations_IV_A_Catalog_of_Layer_Agnostic_Structural_Laws.tex:L6868-L6885; derived/expanded/Tsiokos_2026_Six_Birds_Foundations_IV_A_Catalog_of_Layer_Agnostic_Structural_Laws.tex:L6868-L6885"", ""registry/F_laws.csv:F37"", ""formalization/integration/cumulative_lean_theorems.csv""]","{""adapter_declarations"": [], ""added_trust_base"": [], ""caveats"": [""The paper reports a Lean declaration, but no corresponding source module is present in the supplied scaffold; no local formal match is claimed.""], ""exact_conclusion_match"": null, ""exact_hypothesis_match"": null, ""inherited_trust_base"": [], ""machine_check_status"": ""NOT_AVAILABLE"", ""paper_reported_declarations"": [""SixBirdsMetaMath.FoundationsIV.SelfReferenceLimits.Complementarity.complementarity_as_non_joint_access""], ""source_declarations"": [], ""source_match_status"": ""PAPER_DISCLOSED_ASSET_NOT_IMPORTED"", ""source_modules"": [], ""statement_delta"": [""Paper reports a Lean realization, but its source module is not in the supplied Collatz archive.""], ""target_declarations"": []}","q_A _ acc q_B iff (J: Type)(j:H→ J)(a:J→ Q_A)(b:J→ Q_B),\ a j=q_A\ \ b j=q_B . Thus complementarity is precisely non-existence of an admissible joint quotient carrying both accesses",PAPER_RESULT_AVAILABLE_LOCAL_FORMAL_ASSET_ABSENT_OR_PARTIAL,"[""P028-C0002"", ""P028-C0003"", ""P028-C0010"", ""P028-C0018"", ""P028-C0021"", ""P028-C0023"", ""P028-C0025"", ""P028-C0027"", ""P028-C0030"", ""P028-C0044"", ""P028-C0050"", ""P028-C0052"", ""P028-C0059"", ""P028-C0060"", ""P028-C0061"", ""P028-C0073"", ""P028-C0100"", ""P028-C0101"", ""P028-C0102"", ""P028-C0103"", ""This inventory contract is not a Foundations VII theorem, bridge proof, or candidate-law endorsement.""]",Two packages exchange a record through a shared surface but the composite factors as their product; contact occurs without a strict join.,STEP2_REUSE_BOUNDARY_INDEXED
BR-REUSE-0037,PRIOR_LAW_REUSE_CONTRACT,P028-C0079,F38,P028,FOUNDATIONS_VII_REUSE_BOUNDARY,FUTURE_FOUNDATIONS_VII,continuation: map/interface H_s → H_t; r_s: map/interface H_s → R_s and r_t:H_t→ R_t be surjective record quotients; s_s: map/interface R_s → S; s_t: map/interface R_t → S be status readouts into a preorder (S; iff: map/interface R_s → R_t\ such that \ r_s=r_t; iff: map/interface R_s → R_t,Any later Foundations VII object that supplies a typed instantiation of the source carrier/interface and all source hypotheses.,Exact statement-level adapter; no new VII object or adapter is constructed in Step 2.,"[""Let H_s,H_t be source and target history sets with continuation :H_s→ H_t . Let r_s:H_s→ R_s and r_t:H_t→ R_t be surjective record quotients, and let s_s:R_s→ S , s_t:R_t→ S be status readouts into a preorder (S, _S)""]","[""A later reuse must prove type alignment, source fidelity, and all added VII-specific premises.""]","[""None may be silently dropped.""]",source/papers/Tsiokos_2026_Six_Birds_Foundations_IV_A_Catalog_of_Layer_Agnostic_Structural_Laws.tex:L6994-L7013; derived/expanded/Tsiokos_2026_Six_Birds_Foundations_IV_A_Catalog_of_Layer_Agnostic_Structural_Laws.tex:L6994-L7013,"[""source/papers/Tsiokos_2026_Six_Birds_Foundations_IV_A_Catalog_of_Layer_Agnostic_Structural_Laws.tex:L6994-L7013; derived/expanded/Tsiokos_2026_Six_Birds_Foundations_IV_A_Catalog_of_Layer_Agnostic_Structural_Laws.tex:L6994-L7013"", ""registry/F_laws.csv:F38"", ""formalization/integration/cumulative_lean_theorems.csv""]","{""adapter_declarations"": [], ""added_trust_base"": [], ""caveats"": [""The paper reports a Lean declaration, but no corresponding source module is present in the supplied scaffold; no local formal match is claimed.""], ""exact_conclusion_match"": null, ""exact_hypothesis_match"": null, ""inherited_trust_base"": [], ""machine_check_status"": ""NOT_AVAILABLE"", ""paper_reported_declarations"": [""SixBirdsMetaMath.FoundationsIV.SelfReferenceLimits.ArrowFromRecordMonotonicity.arrow_from_record_monotonicity""], ""source_declarations"": [], ""source_match_status"": ""PAPER_DISCLOSED_ASSET_NOT_IMPORTED"", ""source_modules"": [], ""statement_delta"": [""Paper reports a Lean realization, but its source module is not in the supplied Collatz archive.""], ""target_declarations"": []}","r_t descends through r_s iff :R_s→ R_t\ such that \ r_s=r_t , Arrow( ) iff :R_s→ R_t,\ r_s=r_t \ \ x∈ R_s,\ s_s(x) _S s_t( x). The arrow is the monotone direction of the descended record transport",PAPER_RESULT_AVAILABLE_LOCAL_FORMAL_ASSET_ABSENT_OR_PARTIAL,"[""P028-C0002"", ""P028-C0003"", ""P028-C0010"", ""P028-C0018"", ""P028-C0021"", ""P028-C0023"", ""P028-C0025"", ""P028-C0027"", ""P028-C0030"", ""P028-C0044"", ""P028-C0050"", ""P028-C0052"", ""P028-C0059"", ""P028-C0060"", ""P028-C0061"", ""P028-C0073"", ""P028-C0100"", ""P028-C0101"", ""P028-C0102"", ""P028-C0103"", ""This inventory contract is not a Foundations VII theorem, bridge proof, or candidate-law endorsement.""]","A protocol loop has nonzero route residue while the lifted dynamics is stationary and reversible, so holonomy exists with zero sustained arrow.",STEP2_REUSE_BOUNDARY_INDEXED
BR-REUSE-0038,PRIOR_LAW_REUSE_CONTRACT,P028-C0080,F39,P028,FOUNDATIONS_VII_REUSE_BOUNDARY,FUTURE_FOUNDATIONS_VII,"q:H→ Q: surjective access quotient with target readout t:H→ T; q_F:H→ Q_F: finer quotient and q_C:H→ Q_C a coarsening, related by a factorization c:Q_F→ Q_C with c q_F=q_C; ( E, _E): preorder of entropy values, and let E:\ q':H→ Q' \ E be an entropy functional assigning a fiber-volume value to every declared quotient; q: map/interface H → Q be a surjective access quotient with target readout t:H→ T; q_F: map/interface H → Q_F be a finer quotient and q_C:H→ Q_C a coarsening; c: map/interface Q_F → Q_C with c q_F=q_C; E: map/interface \ q':H → Q' \ E be an entropy functional assigning a fiber-volume value to every declared; combiner: map/interface E× E → E satisfying the chain-rule identity E(q_C)=E(q_F) m(q_F",Any later Foundations VII object that supplies a typed instantiation of the source carrier/interface and all source hypotheses.,Exact statement-level adapter; no new VII object or adapter is constructed in Step 2.,"[""Let q:H→ Q be a surjective access quotient with target readout t:H→ T . Let q_F:H→ Q_F be a finer quotient and q_C:H→ Q_C a coarsening, related by a factorization c:Q_F→ Q_C with c q_F=q_C. Let ( E, _E) be a preorder of entropy values, and let E:\\ q':H→ Q' \\ E be an entropy functional assigning a fiber-volume value to every declared quotient. Suppose the apparatus declares a mixing functional m and a combiner : E× E→ E satisfying the chain-rule identity E(q_C)=E(q_F) m(q_F,q_C) and the combine-…""]","[""A later reuse must prove type alignment, source fidelity, and all added VII-specific premises.""]","[""None may be silently dropped.""]",source/papers/Tsiokos_2026_Six_Birds_Foundations_IV_A_Catalog_of_Layer_Agnostic_Structural_Laws.tex:L7122-L7174; derived/expanded/Tsiokos_2026_Six_Birds_Foundations_IV_A_Catalog_of_Layer_Agnostic_Structural_Laws.tex:L7122-L7174,"[""source/papers/Tsiokos_2026_Six_Birds_Foundations_IV_A_Catalog_of_Layer_Agnostic_Structural_Laws.tex:L7122-L7174; derived/expanded/Tsiokos_2026_Six_Birds_Foundations_IV_A_Catalog_of_Layer_Agnostic_Structural_Laws.tex:L7122-L7174"", ""registry/F_laws.csv:F39"", ""formalization/integration/cumulative_lean_theorems.csv""]","{""adapter_declarations"": [], ""added_trust_base"": [], ""caveats"": [""The paper reports a Lean declaration, but no corresponding source module is present in the supplied scaffold; no local formal match is claimed.""], ""exact_conclusion_match"": null, ""exact_hypothesis_match"": null, ""inherited_trust_base"": [], ""machine_check_status"": ""NOT_AVAILABLE"", ""paper_reported_declarations"": [""SixBirdsMetaMath.FoundationsIV.SelfReferenceLimits.EntropyAsFiberVolume.entropy_as_fiber_volume""], ""source_declarations"": [], ""source_match_status"": ""PAPER_DISCLOSED_ASSET_NOT_IMPORTED"", ""source_modules"": [], ""statement_delta"": [""Paper reports a Lean realization, but its source module is not in the supplied Collatz archive.""], ""target_declarations"": []}","E(q)=0 iff O_q^ raw =∅, TargetEntropyZero(q,t) iff t\ descends through\ q, TargetUnresolved(q,t) iff (t\ descends through\ q), b∈ Q_C,\ h∈ H, q_C(h)=b iff a∈ Q_F,\ c(a)=b\ \ q_F(h)=a, E(q_F) _E E(q_C)",PAPER_RESULT_AVAILABLE_LOCAL_FORMAL_ASSET_ABSENT_OR_PARTIAL,"[""P028-C0002"", ""P028-C0003"", ""P028-C0010"", ""P028-C0018"", ""P028-C0021"", ""P028-C0023"", ""P028-C0025"", ""P028-C0027"", ""P028-C0030"", ""P028-C0044"", ""P028-C0050"", ""P028-C0052"", ""P028-C0059"", ""P028-C0060"", ""P028-C0061"", ""P028-C0073"", ""P028-C0100"", ""P028-C0101"", ""P028-C0102"", ""P028-C0103"", ""This inventory contract is not a Foundations VII theorem, bridge proof, or candidate-law endorsement.""]","A protocol loop has nonzero route residue while the lifted dynamics is stationary and reversible, so holonomy exists with zero sustained arrow.",STEP2_REUSE_BOUNDARY_INDEXED
BR-REUSE-0039,PRIOR_LAW_REUSE_CONTRACT,P028-C0049,F40,P028,FOUNDATIONS_VII_REUSE_BOUNDARY,FUTURE_FOUNDATIONS_VII,"G act on a history space H by alpha:G× H→ H , let q:H→ Q: surjective quotient, let alpha:G× Q→ Q be a candidate descended action, let D:G× H→\ 0,1\ be a domain predicate, and let r:H→ V be a readout; alpha: map/interface G× H → H; q: map/interface H → Q be a surjective quotient; alpha: map/interface G× Q → Q be a candidate descended action; D: map/interface G× H → \ 0; r: map/interface H → V be a readout with value action rho:G× V→ V",Any later Foundations VII object that supplies a typed instantiation of the source carrier/interface and all source hypotheses.,Exact statement-level adapter; no new VII object or adapter is constructed in Step 2.,"[""Let G act on a history space H by alpha:G× H→ H , let q:H→ Q be a surjective quotient, let alpha:G× Q→ Q be a candidate descended action, let D:G× H→\\ 0,1\\ be a domain predicate, and let r:H→ V be a readout with value action rho:G× V→ V . Define O_ alpha := \\ (g,h,h'):\\ q(h)=q(h')\\ and\\ q(alpha(g,h)) q(alpha(g,h'))\\ , and define O_D analogously by replacing q(alpha(g,h)) with D(g,h)""]","[""A later reuse must prove type alignment, source fidelity, and all added VII-specific premises.""]","[""None may be silently dropped.""]",source/papers/Tsiokos_2026_Six_Birds_Foundations_IV_A_Catalog_of_Layer_Agnostic_Structural_Laws.tex:L3311-L3343; derived/expanded/Tsiokos_2026_Six_Birds_Foundations_IV_A_Catalog_of_Layer_Agnostic_Structural_Laws.tex:L3311-L3343,"[""source/papers/Tsiokos_2026_Six_Birds_Foundations_IV_A_Catalog_of_Layer_Agnostic_Structural_Laws.tex:L3311-L3343; derived/expanded/Tsiokos_2026_Six_Birds_Foundations_IV_A_Catalog_of_Layer_Agnostic_Structural_Laws.tex:L3311-L3343"", ""registry/F_laws.csv:F40"", ""formalization/integration/cumulative_lean_theorems.csv""]","{""adapter_declarations"": [], ""added_trust_base"": [], ""caveats"": [""Paper grade and source statement remain controlling; module presence is not a fresh kernel replay.""], ""exact_conclusion_match"": true, ""exact_hypothesis_match"": true, ""inherited_trust_base"": [], ""machine_check_status"": ""NOT_RUN: Lean/Lake unavailable"", ""paper_reported_declarations"": [""SixBirdsMetaMath.FoundationsIV.Symmetry.Anomaly.anomaly_symmetry_obstruction""], ""source_declarations"": [""anomaly_symmetry_obstruction""], ""source_match_status"": ""MATCHED_IMPORTED_LAW_DECLARATION"", ""source_modules"": [""SixBirdsMetaMath.FoundationsIV.Symmetry.Anomaly""], ""statement_delta"": [""The prose is compressed but compatible: Lean is broader than just quotient descent/readout, adding domain, group-law, audit, and local-global gates. This is a legitimate framing difference, not a contradiction.""], ""target_declarations"": []}","SymmetryDescends(q,alpha) iff O_ alpha =∅, DomainDescends(q,D) iff O_D=∅, GroupLawPreserved( alpha) iff g,g'∈ G, h∈ Q, alpha(gg', h)= alpha(g, alpha(g', h)), ReadoutPreserved(r,alpha,rho) iff g∈ G, h∈ H, r(alpha(g,h))=rho(g,r(h)). An anomaly is precisely the failure of at least one of these four conditions",AVAILABLE_AFTER_EXACT_HYPOTHESIS_AND_STATEMENT_MATCH,"[""P028-C0002"", ""P028-C0003"", ""P028-C0010"", ""P028-C0018"", ""P028-C0021"", ""P028-C0023"", ""P028-C0025"", ""P028-C0027"", ""P028-C0030"", ""P028-C0044"", ""P028-C0050"", ""P028-C0052"", ""P028-C0059"", ""P028-C0060"", ""P028-C0061"", ""P028-C0073"", ""P028-C0100"", ""P028-C0101"", ""P028-C0102"", ""P028-C0103"", ""This inventory contract is not a Foundations VII theorem, bridge proof, or candidate-law endorsement.""]",A verbal resemblance or citation exists while the source hypotheses and carrier/interface map are not discharged.,STEP2_REUSE_BOUNDARY_INDEXED
BR-REUSE-0040,PRIOR_LAW_REUSE_CONTRACT,P028-C0051,F41,P028,FOUNDATIONS_VII_REUSE_BOUNDARY,FUTURE_FOUNDATIONS_VII,"r_A:R_A→ S_A , r_B:R_B→ S_B be role readouts, let tau:R_A→ R_B be role translation, let rho:S_A→ S_B: role-value map, and let phi: R_A→ R_B and : K_A→ K_B translate routes and claims; q_A: map/interface C_A → Q_A and q_B: C_B→ Q_B; F: map/interface C_A → C_B and G: C_B→ C_A descend to F:Q_A→ Q_B and G:Q_B→ Q_A; r_A: map/interface R_A → S_A; r_B: map/interface R_B → S_B be role readouts; tau: map/interface R_A → R_B be role translation; rho: map/interface S_A → S_B be the role-value map; phi: map/interface R_A → R_B and : K_A→ K_B translate routes and claims",Any later Foundations VII object that supplies a typed instantiation of the source carrier/interface and all source hypotheses.,Exact statement-level adapter; no new VII object or adapter is constructed in Step 2.,"[""Let C_A, C_B be formed closures with quotients q_A: C_A→ Q_A and q_B: C_B→ Q_B . Let F: C_A→ C_B and G: C_B→ C_A descend to F:Q_A→ Q_B and G:Q_B→ Q_A . Let r_A:R_A→ S_A , r_B:R_B→ S_B be role readouts, let tau:R_A→ R_B be role translation, let rho:S_A→ S_B be the role-value map, and let phi: R_A→ R_B and : K_A→ K_B translate routes and claims""]","[""A later reuse must prove type alignment, source fidelity, and all added VII-specific premises.""]","[""None may be silently dropped.""]",source/papers/Tsiokos_2026_Six_Birds_Foundations_IV_A_Catalog_of_Layer_Agnostic_Structural_Laws.tex:L3458-L3482; derived/expanded/Tsiokos_2026_Six_Birds_Foundations_IV_A_Catalog_of_Layer_Agnostic_Structural_Laws.tex:L3458-L3482,"[""source/papers/Tsiokos_2026_Six_Birds_Foundations_IV_A_Catalog_of_Layer_Agnostic_Structural_Laws.tex:L3458-L3482; derived/expanded/Tsiokos_2026_Six_Birds_Foundations_IV_A_Catalog_of_Layer_Agnostic_Structural_Laws.tex:L3458-L3482"", ""registry/F_laws.csv:F41"", ""formalization/integration/cumulative_lean_theorems.csv""]","{""adapter_declarations"": [], ""added_trust_base"": [], ""caveats"": [""The paper reports a Lean declaration, but no corresponding source module is present in the supplied scaffold; no local formal match is claimed.""], ""exact_conclusion_match"": null, ""exact_hypothesis_match"": null, ""inherited_trust_base"": [], ""machine_check_status"": ""NOT_AVAILABLE"", ""paper_reported_declarations"": [""SixBirdsMetaMath.FoundationsIV.Symmetry.DualityEquivalence.duality_equivalence""], ""source_declarations"": [], ""source_match_status"": ""PAPER_DISCLOSED_ASSET_NOT_IMPORTED"", ""source_modules"": [], ""statement_delta"": [""Paper reports a Lean realization, but its source module is not in the supplied Collatz archive.""], ""target_declarations"": []}","a role-preserving duality equivalence holds if and only if G F =id_ Q_A and F G=id_ Q_B , r_B tau =rho r_A, F R_A(gamma) =R_B(phi(gamma)) F gamma∈ R_A, status_B( (k)) =status_A(k) k∈ K_A",PAPER_RESULT_AVAILABLE_LOCAL_FORMAL_ASSET_ABSENT_OR_PARTIAL,"[""P028-C0002"", ""P028-C0003"", ""P028-C0010"", ""P028-C0018"", ""P028-C0021"", ""P028-C0023"", ""P028-C0025"", ""P028-C0027"", ""P028-C0030"", ""P028-C0044"", ""P028-C0050"", ""P028-C0052"", ""P028-C0059"", ""P028-C0060"", ""P028-C0061"", ""P028-C0073"", ""P028-C0100"", ""P028-C0101"", ""P028-C0102"", ""P028-C0103"", ""This inventory contract is not a Foundations VII theorem, bridge proof, or candidate-law endorsement.""]","A protocol loop has nonzero route residue while the lifted dynamics is stationary and reversible, so holonomy exists with zero sustained arrow.",STEP2_REUSE_BOUNDARY_INDEXED
BR-REUSE-0041,PRIOR_LAW_REUSE_CONTRACT,P028-C0081,F42,P028,FOUNDATIONS_VII_REUSE_BOUNDARY,FUTURE_FOUNDATIONS_VII,"H: set of objects with base map b:H→ B , compression map e:H→ E , target readout t:H→ T , and route updates r_gamma:H→ H for gamma∈Gamma; b: map/interface H → B; e: map/interface H → E; t: map/interface H → T; r_gamma: map/interface H → H for gamma∈Gamma; cost: map/interface E → C take values in a strict preorder (C",Any later Foundations VII object that supplies a typed instantiation of the source carrier/interface and all source hypotheses.,Exact statement-level adapter; no new VII object or adapter is constructed in Step 2.,"[""Let H be a set of objects with base map b:H→ B , compression map e:H→ E , target readout t:H→ T , and route updates r_gamma:H→ H for gamma∈Gamma . Let cost:E→ C take values in a strict preorder (C,<) . A compression e is closed for h∈ H when t and all e r_gamma descend through the e -class of h . Then ClosedCompression(e,h) iff O_t(e,h)=∅ \\ \\ gamma∈Gamma,\\ O_gamma(e,h)=∅, Irreducible(h) iff e',\\ ClosedCompression(e',h) \\ \\ cost(e')<cost(e(h)). Irreducibility is""]","[""A later reuse must prove type alignment, source fidelity, and all added VII-specific premises.""]","[""None may be silently dropped.""]",source/papers/Tsiokos_2026_Six_Birds_Foundations_IV_A_Catalog_of_Layer_Agnostic_Structural_Laws.tex:L7316-L7337; derived/expanded/Tsiokos_2026_Six_Birds_Foundations_IV_A_Catalog_of_Layer_Agnostic_Structural_Laws.tex:L7316-L7337,"[""source/papers/Tsiokos_2026_Six_Birds_Foundations_IV_A_Catalog_of_Layer_Agnostic_Structural_Laws.tex:L7316-L7337; derived/expanded/Tsiokos_2026_Six_Birds_Foundations_IV_A_Catalog_of_Layer_Agnostic_Structural_Laws.tex:L7316-L7337"", ""registry/F_laws.csv:F42"", ""formalization/integration/cumulative_lean_theorems.csv""]","{""adapter_declarations"": [], ""added_trust_base"": [], ""caveats"": [""The paper reports a Lean declaration, but no corresponding source module is present in the supplied scaffold; no local formal match is claimed.""], ""exact_conclusion_match"": null, ""exact_hypothesis_match"": null, ""inherited_trust_base"": [], ""machine_check_status"": ""NOT_AVAILABLE"", ""paper_reported_declarations"": [""SixBirdsMetaMath.FoundationsIV.SelfReferenceLimits.Irreducibility.irreducibility_no_short_closed_description""], ""source_declarations"": [], ""source_match_status"": ""PAPER_DISCLOSED_ASSET_NOT_IMPORTED"", ""source_modules"": [], ""statement_delta"": [""Paper reports a Lean realization, but its source module is not in the supplied Collatz archive.""], ""target_declarations"": []}",absence of a shorter closed description,PAPER_RESULT_AVAILABLE_LOCAL_FORMAL_ASSET_ABSENT_OR_PARTIAL,"[""P028-C0002"", ""P028-C0003"", ""P028-C0010"", ""P028-C0018"", ""P028-C0021"", ""P028-C0023"", ""P028-C0025"", ""P028-C0027"", ""P028-C0030"", ""P028-C0044"", ""P028-C0050"", ""P028-C0052"", ""P028-C0059"", ""P028-C0060"", ""P028-C0061"", ""P028-C0073"", ""P028-C0100"", ""P028-C0101"", ""P028-C0102"", ""P028-C0103"", ""This inventory contract is not a Foundations VII theorem, bridge proof, or candidate-law endorsement.""]","A protocol loop has nonzero route residue while the lifted dynamics is stationary and reversible, so holonomy exists with zero sustained arrow.",STEP2_REUSE_BOUNDARY_INDEXED
BR-REUSE-0042,PRIOR_LAW_REUSE_CONTRACT,P028-C0082,F43,P028,FOUNDATIONS_VII_REUSE_BOUNDARY,FUTURE_FOUNDATIONS_VII,"(I, ): directed index set, let A_i be a discrete approximation at index i , and let phi_ ij :A_j→ A_i be comparison maps for i j; p_i:L→ A_i be projections from a candidate limit L , let _i∈ R_i be residuals, and let :L→ Q_∈fty: surjective limit quotient; ij: map/interface A_j → A_i be comparison maps for i j; p_i: map/interface L → A_i be projections from a candidate limit L; let: map/interface L → Q_∈fty be a surjective limit quotient",Any later Foundations VII object that supplies a typed instantiation of the source carrier/interface and all source hypotheses.,Exact statement-level adapter; no new VII object or adapter is constructed in Step 2.,"[""Let (I, ) be a directed index set, let A_i be a discrete approximation at index i , and let phi_ ij :A_j→ A_i be comparison maps for i j . Let p_i:L→ A_i be projections from a candidate limit L , let _i∈ R_i be residuals, and let :L→ Q_∈fty be a surjective limit quotient""]","[""A later reuse must prove type alignment, source fidelity, and all added VII-specific premises.""]","[""None may be silently dropped.""]",source/papers/Tsiokos_2026_Six_Birds_Foundations_IV_A_Catalog_of_Layer_Agnostic_Structural_Laws.tex:L7432-L7452; derived/expanded/Tsiokos_2026_Six_Birds_Foundations_IV_A_Catalog_of_Layer_Agnostic_Structural_Laws.tex:L7432-L7452,"[""source/papers/Tsiokos_2026_Six_Birds_Foundations_IV_A_Catalog_of_Layer_Agnostic_Structural_Laws.tex:L7432-L7452; derived/expanded/Tsiokos_2026_Six_Birds_Foundations_IV_A_Catalog_of_Layer_Agnostic_Structural_Laws.tex:L7432-L7452"", ""registry/F_laws.csv:F43"", ""formalization/integration/cumulative_lean_theorems.csv""]","{""adapter_declarations"": [], ""added_trust_base"": [], ""caveats"": [""The paper reports a Lean declaration, but no corresponding source module is present in the supplied scaffold; no local formal match is claimed.""], ""exact_conclusion_match"": null, ""exact_hypothesis_match"": null, ""inherited_trust_base"": [], ""machine_check_status"": ""NOT_AVAILABLE"", ""paper_reported_declarations"": [""SixBirdsMetaMath.FoundationsIV.SelfReferenceLimits.ContinuumEmergence.continuum_emergence""], ""source_declarations"": [], ""source_match_status"": ""PAPER_DISCLOSED_ASSET_NOT_IMPORTED"", ""source_modules"": [], ""statement_delta"": [""Paper reports a Lean realization, but its source module is not in the supplied Collatz archive.""], ""target_declarations"": []}",StableLimitQuotient(L) iff \ TowerCoherent(phi_ ij ) \ \ Cofinal(I) \ Vanishes( _i) \ \ :Q_∈fty→ L_ rec \ compatible with all p_i . Continuum emergence is this stable quotient-completion of the coherent approximation tower,PAPER_RESULT_AVAILABLE_LOCAL_FORMAL_ASSET_ABSENT_OR_PARTIAL,"[""P028-C0002"", ""P028-C0003"", ""P028-C0010"", ""P028-C0018"", ""P028-C0021"", ""P028-C0023"", ""P028-C0025"", ""P028-C0027"", ""P028-C0030"", ""P028-C0044"", ""P028-C0050"", ""P028-C0052"", ""P028-C0059"", ""P028-C0060"", ""P028-C0061"", ""P028-C0073"", ""P028-C0100"", ""P028-C0101"", ""P028-C0102"", ""P028-C0103"", ""This inventory contract is not a Foundations VII theorem, bridge proof, or candidate-law endorsement.""]",A verbal resemblance or citation exists while the source hypotheses and carrier/interface map are not discharged.,STEP2_REUSE_BOUNDARY_INDEXED
BR-REUSE-0043,PRIOR_LAW_REUSE_CONTRACT,P028-C0083,F44,P028,FOUNDATIONS_VII_REUSE_BOUNDARY,FUTURE_FOUNDATIONS_VII,"C: control space with quotient c: C→ C , phase readout : C→Phi , formedness predicate F: C→Prop , and neighborhood relation N(x,U,y); c: map/interface C → C; readout: map/interface C → Phi; F: map/interface C → Prop; R: map/interface C → Prop denote; r: map/interface C → V",Any later Foundations VII object that supplies a typed instantiation of the source carrier/interface and all source hypotheses.,Exact statement-level adapter; no new VII object or adapter is constructed in Step 2.,"[""Let C be a control space with quotient c: C→ C , phase readout : C→Phi , formedness predicate F: C→Prop , and neighborhood relation N(x,U,y) . Let S,M,U,R: C→Prop denote, respectively, status-change, margin-vanishing, non-uniform response, and residuals-statused. For a readout r: C→ V , define O_c(r)= \\ (x,y):c(x)=c(y)\\ and\\ r(x) r(y)\\""]","[""A later reuse must prove type alignment, source fidelity, and all added VII-specific premises.""]","[""None may be silently dropped.""]",source/papers/Tsiokos_2026_Six_Birds_Foundations_IV_A_Catalog_of_Layer_Agnostic_Structural_Laws.tex:L7577-L7601; derived/expanded/Tsiokos_2026_Six_Birds_Foundations_IV_A_Catalog_of_Layer_Agnostic_Structural_Laws.tex:L7577-L7601,"[""source/papers/Tsiokos_2026_Six_Birds_Foundations_IV_A_Catalog_of_Layer_Agnostic_Structural_Laws.tex:L7577-L7601; derived/expanded/Tsiokos_2026_Six_Birds_Foundations_IV_A_Catalog_of_Layer_Agnostic_Structural_Laws.tex:L7577-L7601"", ""registry/F_laws.csv:F44"", ""formalization/integration/cumulative_lean_theorems.csv""]","{""adapter_declarations"": [], ""added_trust_base"": [], ""caveats"": [""The paper reports a Lean declaration, but no corresponding source module is present in the supplied scaffold; no local formal match is claimed.""], ""exact_conclusion_match"": null, ""exact_hypothesis_match"": null, ""inherited_trust_base"": [], ""machine_check_status"": ""NOT_AVAILABLE"", ""paper_reported_declarations"": [""SixBirdsMetaMath.FoundationsIV.SelfReferenceLimits.Criticality.criticality_phase_boundary""], ""source_declarations"": [], ""source_match_status"": ""PAPER_DISCLOSED_ASSET_NOT_IMPORTED"", ""source_modules"": [], ""statement_delta"": [""Paper reports a Lean realization, but its source module is not in the supplied Collatz archive.""], ""target_declarations"": []}","for x, ,r_0∈ C , r descends through c iff O_c(r)=∅, PhaseTransition( ,r_0) iff ( ) (r_0), PhaseBoundary(x) iff F(x)\ \ U,\ y,\ N(x,U,y) implies (y)= (x), Critical(x) iff PhaseBoundary(x) (M(x) U(x)) R(x)",PAPER_RESULT_AVAILABLE_LOCAL_FORMAL_ASSET_ABSENT_OR_PARTIAL,"[""P028-C0002"", ""P028-C0003"", ""P028-C0010"", ""P028-C0018"", ""P028-C0021"", ""P028-C0023"", ""P028-C0025"", ""P028-C0027"", ""P028-C0030"", ""P028-C0044"", ""P028-C0050"", ""P028-C0052"", ""P028-C0059"", ""P028-C0060"", ""P028-C0061"", ""P028-C0073"", ""P028-C0100"", ""P028-C0101"", ""P028-C0102"", ""P028-C0103"", ""This inventory contract is not a Foundations VII theorem, bridge proof, or candidate-law endorsement.""]",A verbal resemblance or citation exists while the source hypotheses and carrier/interface map are not discharged.,STEP2_REUSE_BOUNDARY_INDEXED
BR-REUSE-0044,PRIOR_LAW_REUSE_CONTRACT,P028-C0084,F45,P028,FOUNDATIONS_VII_REUSE_BOUNDARY,FUTURE_FOUNDATIONS_VII,"H: history set with local quotient :H→ L , target readout t:H→ T , signature sigma:H→Sigma , update map u:H→ H' , and target quotient q':H'→ Q'; quotient: map/interface H → L; t: map/interface H → T; sigma: map/interface H → Sigma; u: map/interface H → H'",Any later Foundations VII object that supplies a typed instantiation of the source carrier/interface and all source hypotheses.,Exact statement-level adapter; no new VII object or adapter is constructed in Step 2.,"[""Let H be a history set with local quotient :H→ L , target readout t:H→ T , signature sigma:H→Sigma , update map u:H→ H' , and target quotient q':H'→ Q' . Assume is surjective. Define O_ (t)= \\ (h,h'): (h)= (h')\\ and\\ t(h) t(h')\\""]","[""A later reuse must prove type alignment, source fidelity, and all added VII-specific premises.""]","[""None may be silently dropped.""]",source/papers/Tsiokos_2026_Six_Birds_Foundations_IV_A_Catalog_of_Layer_Agnostic_Structural_Laws.tex:L7711-L7736; derived/expanded/Tsiokos_2026_Six_Birds_Foundations_IV_A_Catalog_of_Layer_Agnostic_Structural_Laws.tex:L7711-L7736,"[""source/papers/Tsiokos_2026_Six_Birds_Foundations_IV_A_Catalog_of_Layer_Agnostic_Structural_Laws.tex:L7711-L7736; derived/expanded/Tsiokos_2026_Six_Birds_Foundations_IV_A_Catalog_of_Layer_Agnostic_Structural_Laws.tex:L7711-L7736"", ""registry/F_laws.csv:F45"", ""formalization/integration/cumulative_lean_theorems.csv""]","{""adapter_declarations"": [], ""added_trust_base"": [], ""caveats"": [""The paper reports a Lean declaration, but no corresponding source module is present in the supplied scaffold; no local formal match is claimed.""], ""exact_conclusion_match"": null, ""exact_hypothesis_match"": null, ""inherited_trust_base"": [], ""machine_check_status"": ""NOT_AVAILABLE"", ""paper_reported_declarations"": [""SixBirdsMetaMath.FoundationsIV.SelfReferenceLimits.Locality.locality_domain_of_dependence""], ""source_declarations"": [], ""source_match_status"": ""PAPER_DISCLOSED_ASSET_NOT_IMPORTED"", ""source_modules"": [], ""statement_delta"": [""Paper reports a Lean realization, but its source module is not in the supplied Collatz archive.""], ""target_declarations"": []}","LocalToDomain( ,t) iff O_ (t)=∅, TargetFamilyLocal( ,sigma) iff a,b∈ H,\ (a)= (b) implies sigma(a)=sigma(b), DynamicLocality( ,u,q') iff a,b∈ H,\ (a)= (b) implies q'(u(a))=q'(u(b)), MinimalDomain( ,sigma) iff TargetFamilyLocal( ,sigma)\ ',\ '< \ \ TargetFamilyLocal( ',sigma)",PAPER_RESULT_AVAILABLE_LOCAL_FORMAL_ASSET_ABSENT_OR_PARTIAL,"[""P028-C0002"", ""P028-C0003"", ""P028-C0010"", ""P028-C0018"", ""P028-C0021"", ""P028-C0023"", ""P028-C0025"", ""P028-C0027"", ""P028-C0030"", ""P028-C0044"", ""P028-C0050"", ""P028-C0052"", ""P028-C0059"", ""P028-C0060"", ""P028-C0061"", ""P028-C0073"", ""P028-C0100"", ""P028-C0101"", ""P028-C0102"", ""P028-C0103"", ""This inventory contract is not a Foundations VII theorem, bridge proof, or candidate-law endorsement.""]",A verbal resemblance or citation exists while the source hypotheses and carrier/interface map are not discharged.,STEP2_REUSE_BOUNDARY_INDEXED
BR-REUSE-0045,PRIOR_LAW_REUSE_CONTRACT,P028-C0085,F46,P028,FOUNDATIONS_VII_REUSE_BOUNDARY,FUTURE_FOUNDATIONS_VII,"X: closure space with moduli quotient mu: X→ M , readout r: X→ V , and descended readout r:M→ V satisfying r mu=r; tau: X→ X_2: transport and mu_2: X_2→ M_2 a target moduli quotient; mu: map/interface X → M; r: map/interface X → V; r: map/interface M → V satisfying r mu=r; tau: map/interface X → X_2 be a transport and mu_2: X_2→ M_2 a target moduli quotient",Any later Foundations VII object that supplies a typed instantiation of the source carrier/interface and all source hypotheses.,Exact statement-level adapter; no new VII object or adapter is constructed in Step 2.,"[""Let X be a closure space with moduli quotient mu: X→ M , readout r: X→ V , and descended readout r:M→ V satisfying r mu=r . Let tau: X→ X_2 be a transport and mu_2: X_2→ M_2 a target moduli quotient""]","[""A later reuse must prove type alignment, source fidelity, and all added VII-specific premises.""]","[""None may be silently dropped.""]",source/papers/Tsiokos_2026_Six_Birds_Foundations_IV_A_Catalog_of_Layer_Agnostic_Structural_Laws.tex:L7846-L7865; derived/expanded/Tsiokos_2026_Six_Birds_Foundations_IV_A_Catalog_of_Layer_Agnostic_Structural_Laws.tex:L7846-L7865,"[""source/papers/Tsiokos_2026_Six_Birds_Foundations_IV_A_Catalog_of_Layer_Agnostic_Structural_Laws.tex:L7846-L7865; derived/expanded/Tsiokos_2026_Six_Birds_Foundations_IV_A_Catalog_of_Layer_Agnostic_Structural_Laws.tex:L7846-L7865"", ""registry/F_laws.csv:F46"", ""formalization/integration/cumulative_lean_theorems.csv""]","{""adapter_declarations"": [], ""added_trust_base"": [], ""caveats"": [""The paper reports a Lean declaration, but no corresponding source module is present in the supplied scaffold; no local formal match is claimed.""], ""exact_conclusion_match"": null, ""exact_hypothesis_match"": null, ""inherited_trust_base"": [], ""machine_check_status"": ""NOT_AVAILABLE"", ""paper_reported_declarations"": [""SixBirdsMetaMath.FoundationsIV.SelfReferenceLimits.LawStateSplit.law_state_split""], ""source_declarations"": [], ""source_match_status"": ""PAPER_DISCLOSED_ASSET_NOT_IMPORTED"", ""source_modules"": [], ""statement_delta"": [""Paper reports a Lean realization, but its source module is not in the supplied Collatz archive.""], ""target_declarations"": []}","r respects mu iff x,y∈ X,\ mu(x)=mu(y) implies r(x)=r(y), LawReadout(r) iff m,m'∈ M,\ r(m)= r(m'), StateDependent(r) iff (r), LawReadout(r) (r), (LawReadout(r) (r))",PAPER_RESULT_AVAILABLE_LOCAL_FORMAL_ASSET_ABSENT_OR_PARTIAL,"[""P028-C0002"", ""P028-C0003"", ""P028-C0010"", ""P028-C0018"", ""P028-C0021"", ""P028-C0023"", ""P028-C0025"", ""P028-C0027"", ""P028-C0030"", ""P028-C0044"", ""P028-C0050"", ""P028-C0052"", ""P028-C0059"", ""P028-C0060"", ""P028-C0061"", ""P028-C0073"", ""P028-C0100"", ""P028-C0101"", ""P028-C0102"", ""P028-C0103"", ""This inventory contract is not a Foundations VII theorem, bridge proof, or candidate-law endorsement.""]",A verbal resemblance or citation exists while the source hypotheses and carrier/interface map are not discharged.,STEP2_REUSE_BOUNDARY_INDEXED
BR-REUSE-0046,PRIOR_LAW_REUSE_CONTRACT,P028-C0086,F47,P028,FOUNDATIONS_VII_REUSE_BOUNDARY,FUTURE_FOUNDATIONS_VII,"M: moduli space, r:M→ V a readout, and T:V→Prop a target-region predicate; M: carrier type of measure-record values, let mu:Pow(M)→ M be a measure record on subsets of M , let mu_ tot ∈ M be the total measure, let be a; :Theta× M→ M: declared threshold scaling; Pos: M→ Prop and _ M ⊆ M× M: declared positivity and order predicates on the measure record; sel∈ M: selected modulus, let selDec be a selector-declared predicate, and let modDec,tgtDec,meaDec,thrDec, presStat be the five required apparatus-; r: map/interface M → V a readout; T: map/interface V → Prop a target-region predicate; mu: map/interface Pow(M) → M be a measure record on subsets of M; let: map/interface Theta× M → M be the declared threshold scaling; Pos: map/interface M → Prop and _ M ⊆ M× M be the declared positivity and order predicates on the measu",Any later Foundations VII object that supplies a typed instantiation of the source carrier/interface and all source hypotheses.,Exact statement-level adapter; no new VII object or adapter is constructed in Step 2.,"[""Let M be a moduli space, r:M→ V a readout, and T:V→Prop a target-region predicate. Let M be the carrier type of measure-record values, let mu:Pow(M)→ M be a measure record on subsets of M , let mu_ tot ∈ M be the total measure, let be a threshold, and let :Theta× M→ M be the declared threshold scaling. Let Pos: M→ Prop and _ M ⊆ M× M be the declared positivity and order predicates on the measure record. Let sel∈ M be a selected modulus, let selDec be a selector-declared predicate, and let modDe…""]","[""A later reuse must prove type alignment, source fidelity, and all added VII-specific premises.""]","[""None may be silently dropped.""]",source/papers/Tsiokos_2026_Six_Birds_Foundations_IV_A_Catalog_of_Layer_Agnostic_Structural_Laws.tex:L7962-L8007; derived/expanded/Tsiokos_2026_Six_Birds_Foundations_IV_A_Catalog_of_Layer_Agnostic_Structural_Laws.tex:L7962-L8007,"[""source/papers/Tsiokos_2026_Six_Birds_Foundations_IV_A_Catalog_of_Layer_Agnostic_Structural_Laws.tex:L7962-L8007; derived/expanded/Tsiokos_2026_Six_Birds_Foundations_IV_A_Catalog_of_Layer_Agnostic_Structural_Laws.tex:L7962-L8007"", ""registry/F_laws.csv:F47"", ""formalization/integration/cumulative_lean_theorems.csv""]","{""adapter_declarations"": [], ""added_trust_base"": [], ""caveats"": [""The paper reports a Lean declaration, but no corresponding source module is present in the supplied scaffold; no local formal match is claimed.""], ""exact_conclusion_match"": null, ""exact_hypothesis_match"": null, ""inherited_trust_base"": [], ""machine_check_status"": ""NOT_AVAILABLE"", ""paper_reported_declarations"": [""SixBirdsMetaMath.FoundationsIV.SelfReferenceLimits.FineTuning.fine_tuning_small_selector_region""], ""source_declarations"": [], ""source_match_status"": ""PAPER_DISCLOSED_ASSET_NOT_IMPORTED"", ""source_modules"": [], ""statement_delta"": [""Paper reports a Lean realization, but its source module is not in the supplied Collatz archive.""], ""target_declarations"": []}","m∈Sigma(r,T) iff T(r(m)), Small(Sigma(r,T)) iff Pos(mu(Sigma(r,T))) mu(Sigma(r,T)) _ M mu_ tot , Realized(Sigma(r,T),sel,selDec) iff selDec sel∈Sigma(r,T) Small(Sigma(r,T)), TargetImpossible(Sigma(r,T)) implies (Sigma(r,T),sel,selDec), WellTyped iff modDec",PAPER_RESULT_AVAILABLE_LOCAL_FORMAL_ASSET_ABSENT_OR_PARTIAL,"[""P028-C0002"", ""P028-C0003"", ""P028-C0010"", ""P028-C0018"", ""P028-C0021"", ""P028-C0023"", ""P028-C0025"", ""P028-C0027"", ""P028-C0030"", ""P028-C0044"", ""P028-C0050"", ""P028-C0052"", ""P028-C0059"", ""P028-C0060"", ""P028-C0061"", ""P028-C0073"", ""P028-C0100"", ""P028-C0101"", ""P028-C0102"", ""P028-C0103"", ""This inventory contract is not a Foundations VII theorem, bridge proof, or candidate-law endorsement.""]","A protocol loop has nonzero route residue while the lifted dynamics is stationary and reversible, so holonomy exists with zero sustained arrow.",STEP2_REUSE_BOUNDARY_INDEXED
BR-REUSE-0047,PRIOR_LAW_REUSE_CONTRACT,P028-C0087,F48,P028,FOUNDATIONS_VII_REUSE_BOUNDARY,FUTURE_FOUNDATIONS_VII,"G: set of global states with gluing quotient gamma:G→Gamma , readout r:G→ V , transport tau:G→ G' , and target gluing quotient gamma':G'→Gamma'; gamma: map/interface G → Gamma; r: map/interface G → V; tau: map/interface G → G'; tau: map/interface Gamma → Gamma'\ with \ tau gamma=gamma' tau",Any later Foundations VII object that supplies a typed instantiation of the source carrier/interface and all source hypotheses.,Exact statement-level adapter; no new VII object or adapter is constructed in Step 2.,"[""Let G be a set of global states with gluing quotient gamma:G→Gamma , readout r:G→ V , transport tau:G→ G' , and target gluing quotient gamma':G'→Gamma' . Assume gamma is surjective, and define O_gamma(r)= \\ (g,g'):gamma(g)=gamma(g')\\ and\\ r(g) r(g')\\""]","[""A later reuse must prove type alignment, source fidelity, and all added VII-specific premises.""]","[""None may be silently dropped.""]",source/papers/Tsiokos_2026_Six_Birds_Foundations_IV_A_Catalog_of_Layer_Agnostic_Structural_Laws.tex:L8148-L8172; derived/expanded/Tsiokos_2026_Six_Birds_Foundations_IV_A_Catalog_of_Layer_Agnostic_Structural_Laws.tex:L8148-L8172,"[""source/papers/Tsiokos_2026_Six_Birds_Foundations_IV_A_Catalog_of_Layer_Agnostic_Structural_Laws.tex:L8148-L8172; derived/expanded/Tsiokos_2026_Six_Birds_Foundations_IV_A_Catalog_of_Layer_Agnostic_Structural_Laws.tex:L8148-L8172"", ""registry/F_laws.csv:F48"", ""formalization/integration/cumulative_lean_theorems.csv""]","{""adapter_declarations"": [], ""added_trust_base"": [], ""caveats"": [""The paper reports a Lean declaration, but no corresponding source module is present in the supplied scaffold; no local formal match is claimed.""], ""exact_conclusion_match"": null, ""exact_hypothesis_match"": null, ""inherited_trust_base"": [], ""machine_check_status"": ""NOT_AVAILABLE"", ""paper_reported_declarations"": [""SixBirdsMetaMath.FoundationsIV.SelfReferenceLimits.Topology.topology_global_gluing_invariant""], ""source_declarations"": [], ""source_match_status"": ""PAPER_DISCLOSED_ASSET_NOT_IMPORTED"", ""source_modules"": [], ""statement_delta"": [""Paper reports a Lean realization, but its source module is not in the supplied Collatz archive.""], ""target_declarations"": []}","TopologicalReadout(r) iff O_gamma(r)=∅, CompleteInvariant(r) iff TopologicalReadout(r) g,g',\ r(g)=r(g') implies gamma(g)=gamma(g'), CoarseInvariant(r) iff TopologicalReadout(r) g,g',gamma(g) gamma(g') r(g)=r(g'), TransportDescends(tau) iff tau:Gamma→Gamma'\ with \ tau gamma=gamma' tau",PAPER_RESULT_AVAILABLE_LOCAL_FORMAL_ASSET_ABSENT_OR_PARTIAL,"[""P028-C0002"", ""P028-C0003"", ""P028-C0010"", ""P028-C0018"", ""P028-C0021"", ""P028-C0023"", ""P028-C0025"", ""P028-C0027"", ""P028-C0030"", ""P028-C0044"", ""P028-C0050"", ""P028-C0052"", ""P028-C0059"", ""P028-C0060"", ""P028-C0061"", ""P028-C0073"", ""P028-C0100"", ""P028-C0101"", ""P028-C0102"", ""P028-C0103"", ""This inventory contract is not a Foundations VII theorem, bridge proof, or candidate-law endorsement.""]",A verbal resemblance or citation exists while the source hypotheses and carrier/interface map are not discharged.,STEP2_REUSE_BOUNDARY_INDEXED
BR-REUSE-0048,PRIOR_LAW_REUSE_CONTRACT,P028-C0089,F49,P028,FOUNDATIONS_VII_REUSE_BOUNDARY,FUTURE_FOUNDATIONS_VII,"H: history space with source quotient sigma:H→ S , shared interface :H→ I , access quotients q_A:H→ L_A , q_B:H→ L_B , and readouts r_A:H→ A ,; :H→ K: correlation readout; sigma: map/interface H → S; interface: map/interface H → I; q_A: map/interface H → L_A; q_B: map/interface H → L_B; r_A: map/interface H → A; r_B: map/interface H → B; Let: map/interface H → K be the correlation readout; r_A: map/interface S → A; r_B: map/interface S → B; r_A: map/interface I → A",Any later Foundations VII object that supplies a typed instantiation of the source carrier/interface and all source hypotheses.,Exact statement-level adapter; no new VII object or adapter is constructed in Step 2.,"[""Let H be a history space with source quotient sigma:H→ S , shared interface :H→ I , access quotients q_A:H→ L_A , q_B:H→ L_B , and readouts r_A:H→ A , r_B:H→ B . Let :H→ K be the correlation readout""]","[""A later reuse must prove type alignment, source fidelity, and all added VII-specific premises.""]","[""None may be silently dropped.""]",source/papers/Tsiokos_2026_Six_Birds_Foundations_IV_A_Catalog_of_Layer_Agnostic_Structural_Laws.tex:L8279-L8300; derived/expanded/Tsiokos_2026_Six_Birds_Foundations_IV_A_Catalog_of_Layer_Agnostic_Structural_Laws.tex:L8279-L8300,"[""source/papers/Tsiokos_2026_Six_Birds_Foundations_IV_A_Catalog_of_Layer_Agnostic_Structural_Laws.tex:L8279-L8300; derived/expanded/Tsiokos_2026_Six_Birds_Foundations_IV_A_Catalog_of_Layer_Agnostic_Structural_Laws.tex:L8279-L8300"", ""registry/F_laws.csv:F49"", ""formalization/integration/cumulative_lean_theorems.csv""]","{""adapter_declarations"": [], ""added_trust_base"": [], ""caveats"": [""Paper grade and source statement remain controlling; module presence is not a fresh kernel replay.""], ""exact_conclusion_match"": true, ""exact_hypothesis_match"": true, ""inherited_trust_base"": [], ""machine_check_status"": ""NOT_RUN: Lean/Lake unavailable"", ""paper_reported_declarations"": [""SixBirdsMetaMath.FoundationsIV.SelfReferenceLimits.CommonSourceNonlocal.common_source_nonlocal_correlation""], ""source_declarations"": [""common_source_nonlocal_correlation""], ""source_match_status"": ""MATCHED_IMPORTED_LAW_DECLARATION"", ""source_modules"": [""SixBirdsMetaMath.FoundationsIV.SelfReferenceLimits.CommonSourceNonlocal""], ""statement_delta"": [""The original G13 aside omitted direct-route explanations and was recorded here as a discrepancy. That discrepancy was caught by this citation audit, and `THEOREMS.md` was fixed on 2026-07-06 to read \""common-source/interface/direct-route factorization.\"" The prose now matches the Lean row's three-way AcceptedCorrelationExplanation disjunction.""], ""target_declarations"": []}","CommonSource(sigma) iff r_A:S→ A, r_B:S→ B,\ r_A sigma=r_A\ \ r_B sigma=r_B, InterfaceFactorization( ) iff r_A:I→ A, r_B:I→ B,\ r_A =r_A\ \ r_B =r_B, LocallyExplainable( ) iff CommonSource(sigma) InterfaceFactorization( ). If neither disjunct holds, the correlation is a statused nonlocal residual",AVAILABLE_AFTER_EXACT_HYPOTHESIS_AND_STATEMENT_MATCH,"[""P028-C0002"", ""P028-C0003"", ""P028-C0010"", ""P028-C0018"", ""P028-C0021"", ""P028-C0023"", ""P028-C0025"", ""P028-C0027"", ""P028-C0030"", ""P028-C0044"", ""P028-C0050"", ""P028-C0052"", ""P028-C0059"", ""P028-C0060"", ""P028-C0061"", ""P028-C0073"", ""P028-C0100"", ""P028-C0101"", ""P028-C0102"", ""P028-C0103"", ""This inventory contract is not a Foundations VII theorem, bridge proof, or candidate-law endorsement.""]",A verbal resemblance or citation exists while the source hypotheses and carrier/interface map are not discharged.,STEP2_REUSE_BOUNDARY_INDEXED
BR-REUSE-0049,PRIOR_LAW_REUSE_CONTRACT,P028-C0090,F50,P028,FOUNDATIONS_VII_REUSE_BOUNDARY,FUTURE_FOUNDATIONS_VII,"X: closure space with moduli quotient mu: X→ M , raw background b_0: X→ B , descended background b:M→ B , target t:M→ T , and vacuum criterion; mu: map/interface X → M; b_0: map/interface X → B; b: map/interface M → B; t: map/interface M → T; b: map/interface M → B\ with b mu=b_0",Any later Foundations VII object that supplies a typed instantiation of the source carrier/interface and all source hypotheses.,Exact statement-level adapter; no new VII object or adapter is constructed in Step 2.,"[""Let X be a closure space with moduli quotient mu: X→ M , raw background b_0: X→ B , descended background b:M→ B , target t:M→ T , and vacuum criterion V⊆ M . Assume mu is surjective""]","[""A later reuse must prove type alignment, source fidelity, and all added VII-specific premises.""]","[""None may be silently dropped.""]",source/papers/Tsiokos_2026_Six_Birds_Foundations_IV_A_Catalog_of_Layer_Agnostic_Structural_Laws.tex:L8415-L8432; derived/expanded/Tsiokos_2026_Six_Birds_Foundations_IV_A_Catalog_of_Layer_Agnostic_Structural_Laws.tex:L8415-L8432,"[""source/papers/Tsiokos_2026_Six_Birds_Foundations_IV_A_Catalog_of_Layer_Agnostic_Structural_Laws.tex:L8415-L8432; derived/expanded/Tsiokos_2026_Six_Birds_Foundations_IV_A_Catalog_of_Layer_Agnostic_Structural_Laws.tex:L8415-L8432"", ""registry/F_laws.csv:F50"", ""formalization/integration/cumulative_lean_theorems.csv""]","{""adapter_declarations"": [], ""added_trust_base"": [], ""caveats"": [""The paper reports a Lean declaration, but no corresponding source module is present in the supplied scaffold; no local formal match is claimed.""], ""exact_conclusion_match"": null, ""exact_hypothesis_match"": null, ""inherited_trust_base"": [], ""machine_check_status"": ""NOT_AVAILABLE"", ""paper_reported_declarations"": [""SixBirdsMetaMath.FoundationsIV.SelfReferenceLimits.VacuumBackgroundSelection.vacuum_background_selection""], ""source_declarations"": [], ""source_match_status"": ""PAPER_DISCLOSED_ASSET_NOT_IMPORTED"", ""source_modules"": [], ""statement_delta"": [""Paper reports a Lean realization, but its source module is not in the supplied Collatz archive.""], ""target_declarations"": []}","b_0 descends through mu iff b:M→ B\ with b mu=b_0, NecessaryBackground(b) iff m,m'∈ M,\ b(m)=b(m'), BackgroundModuli(b) iff m,m'∈ M,\ b(m) b(m'), Vacuum(m_ ) iff V=\ m_ \ \ \ t(m_ )\ is formed. The necessary/moduli alternatives are exhaustive and disjoint",PAPER_RESULT_AVAILABLE_LOCAL_FORMAL_ASSET_ABSENT_OR_PARTIAL,"[""P028-C0002"", ""P028-C0003"", ""P028-C0010"", ""P028-C0018"", ""P028-C0021"", ""P028-C0023"", ""P028-C0025"", ""P028-C0027"", ""P028-C0030"", ""P028-C0044"", ""P028-C0050"", ""P028-C0052"", ""P028-C0059"", ""P028-C0060"", ""P028-C0061"", ""P028-C0073"", ""P028-C0100"", ""P028-C0101"", ""P028-C0102"", ""P028-C0103"", ""This inventory contract is not a Foundations VII theorem, bridge proof, or candidate-law endorsement.""]",Two packages exchange a record through a shared surface but the composite factors as their product; contact occurs without a strict join.,STEP2_REUSE_BOUNDARY_INDEXED
BR-REUSE-0050,PRIOR_LAW_REUSE_CONTRACT,P028-C0091,F51,P028,FOUNDATIONS_VII_REUSE_BOUNDARY,FUTURE_FOUNDATIONS_VII,q_U: map/interface C_U → Q_U; q_A: map/interface C_A → Q_A; q_B: map/interface C_B → Q_B; pi_A: map/interface Q_U → Q_A; pi_B: map/interface Q_U → Q_B be quotient projections; lambda_A: map/interface K_A → K_U; lambda_B: map/interface K_B → K_U,Any later Foundations VII object that supplies a typed instantiation of the source carrier/interface and all source hypotheses.,Exact statement-level adapter; no new VII object or adapter is constructed in Step 2.,"[""No independent hypothesis block was mechanically separable; all quantifiers and conditions in source_wording_tex govern.""]","[""A later reuse must prove type alignment, source fidelity, and all added VII-specific premises.""]","[""None may be silently dropped.""]",source/papers/Tsiokos_2026_Six_Birds_Foundations_IV_A_Catalog_of_Layer_Agnostic_Structural_Laws.tex:L8536-L8558; derived/expanded/Tsiokos_2026_Six_Birds_Foundations_IV_A_Catalog_of_Layer_Agnostic_Structural_Laws.tex:L8536-L8558,"[""source/papers/Tsiokos_2026_Six_Birds_Foundations_IV_A_Catalog_of_Layer_Agnostic_Structural_Laws.tex:L8536-L8558; derived/expanded/Tsiokos_2026_Six_Birds_Foundations_IV_A_Catalog_of_Layer_Agnostic_Structural_Laws.tex:L8536-L8558"", ""registry/F_laws.csv:F51"", ""formalization/integration/cumulative_lean_theorems.csv""]","{""adapter_declarations"": [], ""added_trust_base"": [], ""caveats"": [""The paper reports a Lean declaration, but no corresponding source module is present in the supplied scaffold; no local formal match is claimed.""], ""exact_conclusion_match"": null, ""exact_hypothesis_match"": null, ""inherited_trust_base"": [], ""machine_check_status"": ""NOT_AVAILABLE"", ""paper_reported_declarations"": [""SixBirdsMetaMath.FoundationsIV.SelfReferenceLimits.Unification.unification_as_common_refinement""], ""source_declarations"": [], ""source_match_status"": ""PAPER_DISCLOSED_ASSET_NOT_IMPORTED"", ""source_modules"": [], ""statement_delta"": [""Paper reports a Lean realization, but its source module is not in the supplied Collatz archive.""], ""target_declarations"": []}","Let C_U, C_A, C_B be parent and child closures with quotients q_U: C_U→ Q_U , q_A: C_A→ Q_A , and q_B: C_B→ Q_B . Let _A: C_U→ C_A and _B: C_U→ C_B be interpretations, and let pi_A:Q_U→ Q_A , pi_B:Q_U→ Q_B be quotient projections. For claim sets K_A,K_B,K_U , lifts lambda_A:K_A→ K_U , lambda_B:K_B→ K_U , and status maps s_A,s_B,s_U , unification is equivalent to pi_A q_U=q_A _A pi_B q_U=q_B _B, pi_A R_U^A=R_A pi_A pi_B R_U^B=R_B pi_B, s_U(lambda_A k)=alpha_A(s_A k) s_U(lambda_B )=alpha_B(s_B ) for all k∈ K_A, ∈ K_B .",PAPER_RESULT_AVAILABLE_LOCAL_FORMAL_ASSET_ABSENT_OR_PARTIAL,"[""P028-C0002"", ""P028-C0003"", ""P028-C0010"", ""P028-C0018"", ""P028-C0021"", ""P028-C0023"", ""P028-C0025"", ""P028-C0027"", ""P028-C0030"", ""P028-C0044"", ""P028-C0050"", ""P028-C0052"", ""P028-C0059"", ""P028-C0060"", ""P028-C0061"", ""P028-C0073"", ""P028-C0100"", ""P028-C0101"", ""P028-C0102"", ""P028-C0103"", ""This inventory contract is not a Foundations VII theorem, bridge proof, or candidate-law endorsement.""]",A verbal resemblance or citation exists while the source hypotheses and carrier/interface map are not discharged.,STEP2_REUSE_BOUNDARY_INDEXED
BR-REUSE-0051,PRIOR_LAW_REUSE_CONTRACT,P028-C0093,F52,P028,FOUNDATIONS_VII_REUSE_BOUNDARY,FUTURE_FOUNDATIONS_VII,"R: residual type with predicates hasStatus:R→Prop and adequate:R→Prop; D: direction type with predicates inScope:D→Prop , claimed:D→Prop , and namedOutside:D→Prop , and let v∈\ accepted,open,refused\ be a meta-audi; hasStatus: map/interface R → Prop and adequate:R→Prop; inScope: map/interface D → Prop; claimed: map/interface D → Prop; namedOutside: map/interface D → Prop",Any later Foundations VII object that supplies a typed instantiation of the source carrier/interface and all source hypotheses.,Exact statement-level adapter; no new VII object or adapter is constructed in Step 2.,"[""Let R be a residual type with predicates hasStatus:R→Prop and adequate:R→Prop . Let D be a direction type with predicates inScope:D→Prop , claimed:D→Prop , and namedOutside:D→Prop , and let v∈\\ accepted,open,refused\\ be a meta-audit verdict""]","[""A later reuse must prove type alignment, source fidelity, and all added VII-specific premises.""]","[""None may be silently dropped.""]",source/papers/Tsiokos_2026_Six_Birds_Foundations_IV_A_Catalog_of_Layer_Agnostic_Structural_Laws.tex:L8664-L8691; derived/expanded/Tsiokos_2026_Six_Birds_Foundations_IV_A_Catalog_of_Layer_Agnostic_Structural_Laws.tex:L8664-L8691,"[""source/papers/Tsiokos_2026_Six_Birds_Foundations_IV_A_Catalog_of_Layer_Agnostic_Structural_Laws.tex:L8664-L8691; derived/expanded/Tsiokos_2026_Six_Birds_Foundations_IV_A_Catalog_of_Layer_Agnostic_Structural_Laws.tex:L8664-L8691"", ""registry/F_laws.csv:F52"", ""formalization/integration/cumulative_lean_theorems.csv""]","{""adapter_declarations"": [], ""added_trust_base"": [], ""caveats"": [""The paper reports a Lean declaration, but no corresponding source module is present in the supplied scaffold; no local formal match is claimed.""], ""exact_conclusion_match"": null, ""exact_hypothesis_match"": null, ""inherited_trust_base"": [], ""machine_check_status"": ""NOT_AVAILABLE"", ""paper_reported_declarations"": [""SixBirdsMetaMath.FoundationsIV.SelfReferenceLimits.ClosureCompletenessBoundary.closure_completeness_boundary""], ""source_declarations"": [], ""source_match_status"": ""PAPER_DISCLOSED_ASSET_NOT_IMPORTED"", ""source_modules"": [], ""statement_delta"": [""Paper reports a Lean realization, but its source module is not in the supplied Collatz archive.""], ""target_declarations"": []}","ResidualCoverage iff r∈ R,\ hasStatus(r) (r), MetaCovered(v) iff v=accepted, ScopedClosureComplete iff formed ResidualCoverage \ d∈ D,\ claimed(d) implies (inScope(d) (d) ), MetaComplete iff ScopedClosureComplete (v)",PAPER_RESULT_AVAILABLE_LOCAL_FORMAL_ASSET_ABSENT_OR_PARTIAL,"[""P028-C0002"", ""P028-C0003"", ""P028-C0010"", ""P028-C0018"", ""P028-C0021"", ""P028-C0023"", ""P028-C0025"", ""P028-C0027"", ""P028-C0030"", ""P028-C0044"", ""P028-C0050"", ""P028-C0052"", ""P028-C0059"", ""P028-C0060"", ""P028-C0061"", ""P028-C0073"", ""P028-C0100"", ""P028-C0101"", ""P028-C0102"", ""P028-C0103"", ""This inventory contract is not a Foundations VII theorem, bridge proof, or candidate-law endorsement.""]",A verbal resemblance or citation exists while the source hypotheses and carrier/interface map are not discharged.,STEP2_REUSE_BOUNDARY_INDEXED
BR-REUSE-0052,PRIOR_LAW_REUSE_CONTRACT,P028-C0097,F53,P028,FOUNDATIONS_VII_REUSE_BOUNDARY,FUTURE_FOUNDATIONS_VII,"Closure–Reality Boundary resolution: The AOR apparatus supplies the positive replacement for the failed closure-equals-reality principle. Via Cl_ SB , _ SB , and Xi_ SB , bare carriers are reflected into audited operational closures, and the strengthened equivalence C closed over S Longleftrightarrow C AOR-realisable over S holds at the AOR scope.",Any later Foundations VII object that supplies a typed instantiation of the source carrier/interface and all source hypotheses.,Exact statement-level adapter; no new VII object or adapter is constructed in Step 2.,"[""No independent hypothesis block was mechanically separable; all quantifiers and conditions in source_wording_tex govern.""]","[""A later reuse must prove type alignment, source fidelity, and all added VII-specific premises.""]","[""None may be silently dropped.""]",source/papers/Tsiokos_2026_Six_Birds_Foundations_IV_A_Catalog_of_Layer_Agnostic_Structural_Laws.tex:L9231-L9242; derived/expanded/Tsiokos_2026_Six_Birds_Foundations_IV_A_Catalog_of_Layer_Agnostic_Structural_Laws.tex:L9231-L9242,"[""source/papers/Tsiokos_2026_Six_Birds_Foundations_IV_A_Catalog_of_Layer_Agnostic_Structural_Laws.tex:L9231-L9242; derived/expanded/Tsiokos_2026_Six_Birds_Foundations_IV_A_Catalog_of_Layer_Agnostic_Structural_Laws.tex:L9231-L9242"", ""registry/F_laws.csv:F53"", ""formalization/integration/cumulative_lean_theorems.csv""]","{""adapter_declarations"": [], ""added_trust_base"": [], ""caveats"": [""The paper reports a Lean declaration, but no corresponding source module is present in the supplied scaffold; no local formal match is claimed.""], ""exact_conclusion_match"": null, ""exact_hypothesis_match"": null, ""inherited_trust_base"": [], ""machine_check_status"": ""NOT_AVAILABLE"", ""paper_reported_declarations"": [""SixBirdsMetaMath.FoundationsIV.ClosureRealityBoundary.closure_reality_boundary""], ""source_declarations"": [], ""source_match_status"": ""PAPER_DISCLOSED_ASSET_NOT_IMPORTED"", ""source_modules"": [], ""statement_delta"": [""Paper reports a Lean realization, but its source module is not in the supplied Collatz archive.""], ""target_declarations"": []}","The AOR apparatus supplies the positive replacement for the failed closure-equals-reality principle. Via Cl_ SB , _ SB , and Xi_ SB , bare carriers are reflected into audited operational closures, and the strengthened equivalence C closed over S Longleftrightarrow C AOR-realisable over S holds at the AOR scope.",PAPER_RESULT_AVAILABLE_LOCAL_FORMAL_ASSET_ABSENT_OR_PARTIAL,"[""P028-C0002"", ""P028-C0003"", ""P028-C0010"", ""P028-C0018"", ""P028-C0021"", ""P028-C0023"", ""P028-C0025"", ""P028-C0027"", ""P028-C0030"", ""P028-C0044"", ""P028-C0050"", ""P028-C0052"", ""P028-C0059"", ""P028-C0060"", ""P028-C0061"", ""P028-C0073"", ""P028-C0100"", ""P028-C0101"", ""P028-C0102"", ""P028-C0103"", ""This inventory contract is not a Foundations VII theorem, bridge proof, or candidate-law endorsement.""]",A verbal resemblance or citation exists while the source hypotheses and carrier/interface map are not discharged.,STEP2_REUSE_BOUNDARY_INDEXED
BR-REUSE-0053,PRIOR_LAW_REUSE_CONTRACT,P030-C0021,E1,P030,FOUNDATIONS_VII_REUSE_BOUNDARY,FUTURE_FOUNDATIONS_VII,"E1: Internalization: Under the Setup and the closed-loop, binding, no-free-distinction, finite-forcing, promotion-soundness, no-schedule-trap, empty Delta_ endo , complete-status, and family-budget certificates detailed below, branch elimination certifies the carried repair family \ rho_t\ contained in the complete endogenous-status evidence; every accepted…",Any later Foundations VII object that supplies a typed instantiation of the source carrier/interface and all source hypotheses.,Exact statement-level adapter; no new VII object or adapter is constructed in Step 2.,"[""Under the Setup and the closed-loop, binding, no-free-distinction, finite-forcing, promotion-soundness, no-schedule-trap, empty Delta_ endo , complete-status, and family-budget certificates detailed below, branch elimination certifies the carried repair family \\ rho_t\\ contained in the complete endogenous-status evidence; every accepted occurrence installs Q_ t+1 =Q_t R_t, Delta(Q_ t+1 ,F_ C ,v) Delta(Q_t,F_ C ,v) on the challenged fibers, has carrier-generated provenance, passes the declared g…""]","[""A later reuse must prove type alignment, source fidelity, and all added VII-specific premises.""]","[""None may be silently dropped.""]",source/papers/Tsiokos_2026_Six_Birds_Foundations_V_Endogenous_Closure_A_Catalog_of_Structural_Laws_for_Living_Cognitive_and_Social_Systems.tex:L947-L971; derived/expanded/Tsiokos_2026_Six_Birds_Foundations_V_Endogenous_Closure_A_Catalog_of_Structural_Laws_for_Living_Cognitive_and_Social_Systems.tex:L947-L971,"[""source/papers/Tsiokos_2026_Six_Birds_Foundations_V_Endogenous_Closure_A_Catalog_of_Structural_Laws_for_Living_Cognitive_and_Social_Systems.tex:L947-L971; derived/expanded/Tsiokos_2026_Six_Birds_Foundations_V_Endogenous_Closure_A_Catalog_of_Structural_Laws_for_Living_Cognitive_and_Social_Systems.tex:L947-L971"", ""registry/E_laws.csv:E1"", ""formalization/integration/cumulative_lean_theorems.csv""]","{""adapter_declarations"": [], ""added_trust_base"": [], ""caveats"": [""Conditional host-supplied certificates and the paper's theorem/schema grade must travel with reuse.""], ""exact_conclusion_match"": null, ""exact_hypothesis_match"": null, ""inherited_trust_base"": [""No authored Foundations V axiom/opaque declaration; transitive imported trust is governed by the cumulative scaffold ledger.""], ""machine_check_status"": ""NOT_RUN: Lean/Lake unavailable"", ""paper_reported_declarations"": [], ""source_declarations"": [""E1_StatusPartition"", ""E1_Internalization"", ""E1_StrictSelfExtension"", ""E1_NoGeneratorDichotomy""], ""source_match_status"": ""MATCHED_IMPORTED_LAW_DECLARATION"", ""source_modules"": [""SixBirdsFoundationsV.Laws.E1Internalization""], ""statement_delta"": [""The module is locally present and statically import-closed. This verifies source availability and dependency closure, not a local kernel replay; paper grade, conditional hypotheses, and host-certificate obligations remain controlling."", ""Host supplies no-free-distinction, finite-forcing, promotion, schedule, binding/discharge, family-budget and classifier-completeness certificates; Lean verifies rather than discovers a repair family.""], ""target_declarations"": []}","leaves slack, stressed, or collapsing; binding excludes slack. Its closed-loop premise is retained for statement fidelity but is not used by the current Lean proof",AVAILABLE_AFTER_EXACT_HYPOTHESIS_AND_STATEMENT_MATCH,"[""P030-C0012"", ""P030-C0020"", ""P030-C0024"", ""P030-C0028"", ""P030-C0033"", ""P030-C0038"", ""P030-C0044"", ""P030-C0055"", ""P030-C0058"", ""P030-C0063"", ""P030-C0065"", ""P030-C0074"", ""P030-C0082"", ""P030-C0090"", ""P030-C0108"", ""P030-C0109"", ""P030-C0110"", ""P030-C0111"", ""P030-C0112"", ""P030-C0114"", ""P030-C0117"", ""P030-C0121"", ""P030-C0122"", ""P030-C0123"", ""P030-C0124"", ""P030-C0126"", ""This inventory contract is not a Foundations VII theorem, bridge proof, or candidate-law endorsement.""]","A nonfactoring candidate distinction is proposed but fails closure/objecthood or never fires, so strictness alone yields neither objecthood nor directionality.",STEP2_REUSE_BOUNDARY_INDEXED
BR-REUSE-0054,PRIOR_LAW_REUSE_CONTRACT,P030-C0025,E2,P030,FOUNDATIONS_VII_REUSE_BOUNDARY,FUTURE_FOUNDATIONS_VII,"E2: Bounded Reflexivity: A carried self-audit claim whose subject and accepting instrument occupy the same level and which has no level-shift bridge is not accepted. For an audited repair claim with the supplied complete stack, non-saturation, FIII extension, and fresh-bridge certificates, the formal wrapper returns a linked fresh or rotating level; none is…",Any later Foundations VII object that supplies a typed instantiation of the source carrier/interface and all source hypotheses.,Exact statement-level adapter; no new VII object or adapter is constructed in Step 2.,"[""No independent hypothesis block was mechanically separable; all quantifiers and conditions in source_wording_tex govern.""]","[""A later reuse must prove type alignment, source fidelity, and all added VII-specific premises.""]","[""None may be silently dropped.""]",source/papers/Tsiokos_2026_Six_Birds_Foundations_V_Endogenous_Closure_A_Catalog_of_Structural_Laws_for_Living_Cognitive_and_Social_Systems.tex:L1138-L1152; derived/expanded/Tsiokos_2026_Six_Birds_Foundations_V_Endogenous_Closure_A_Catalog_of_Structural_Laws_for_Living_Cognitive_and_Social_Systems.tex:L1138-L1152,"[""source/papers/Tsiokos_2026_Six_Birds_Foundations_V_Endogenous_Closure_A_Catalog_of_Structural_Laws_for_Living_Cognitive_and_Social_Systems.tex:L1138-L1152; derived/expanded/Tsiokos_2026_Six_Birds_Foundations_V_Endogenous_Closure_A_Catalog_of_Structural_Laws_for_Living_Cognitive_and_Social_Systems.tex:L1138-L1152"", ""registry/E_laws.csv:E2"", ""formalization/integration/cumulative_lean_theorems.csv""]","{""adapter_declarations"": [], ""added_trust_base"": [], ""caveats"": [""Conditional host-supplied certificates and the paper's theorem/schema grade must travel with reuse.""], ""exact_conclusion_match"": null, ""exact_hypothesis_match"": null, ""inherited_trust_base"": [""No authored Foundations V axiom/opaque declaration; transitive imported trust is governed by the cumulative scaffold ledger.""], ""machine_check_status"": ""NOT_RUN: Lean/Lake unavailable"", ""paper_reported_declarations"": [], ""source_declarations"": [""E2_SelfSoundnessObstruction"", ""E2_ForcedStratification"", ""E2_CapacityBound"", ""E2_StatusPartition""], ""source_match_status"": ""MATCHED_IMPORTED_LAW_DECLARATION"", ""source_modules"": [""SixBirdsFoundationsV.Laws.E2BoundedReflexivity""], ""statement_delta"": [""The module is locally present and statically import-closed. This verifies source availability and dependency closure, not a local kernel replay; paper grade, conditional hypotheses, and host-certificate obligations remain controlling."", ""Tower bridges, record accounting, occurrence completeness and capacity declaration are certified; general audit-capacity pricing remains open.""], ""target_declarations"": []}","A carried self-audit claim whose subject and accepting instrument occupy the same level and which has no level-shift bridge is not accepted. For an audited repair claim with the supplied complete stack, non-saturation, FIII extension, and fresh-bridge certificates, the formal wrapper returns a linked fresh or rotating level; none is final. Its trigger premise is retained for statement fidelity rather than used to construct that level in the current Lean proof. Every finite tower whose declared capacity-measure record supplies the carrier-subset and disjoint-footprint algebra satisfies _ k<n c_k (Z). Consequently a finite E-system's self-model is scoped, non-final, and capacity-bounded; audit depth is a carried allocation problem.",AVAILABLE_AFTER_EXACT_HYPOTHESIS_AND_STATEMENT_MATCH,"[""P030-C0012"", ""P030-C0020"", ""P030-C0024"", ""P030-C0028"", ""P030-C0033"", ""P030-C0038"", ""P030-C0044"", ""P030-C0055"", ""P030-C0058"", ""P030-C0063"", ""P030-C0065"", ""P030-C0074"", ""P030-C0082"", ""P030-C0090"", ""P030-C0108"", ""P030-C0109"", ""P030-C0110"", ""P030-C0111"", ""P030-C0112"", ""P030-C0114"", ""P030-C0117"", ""P030-C0121"", ""P030-C0122"", ""P030-C0123"", ""P030-C0124"", ""P030-C0126"", ""This inventory contract is not a Foundations VII theorem, bridge proof, or candidate-law endorsement.""]","A nonfactoring candidate distinction is proposed but fails closure/objecthood or never fires, so strictness alone yields neither objecthood nor directionality.",STEP2_REUSE_BOUNDARY_INDEXED
BR-REUSE-0055,PRIOR_LAW_REUSE_CONTRACT,P030-C0027,E3,P030,FOUNDATIONS_VII_REUSE_BOUNDARY,FUTURE_FOUNDATIONS_VII,"E3: Self-Maintaining Reclosure: Persistence of an endogenous package has two separately typed stability conditions. In challenge-free operation they have the form E_t^2 E_t _ object-level closure , App_ t+1 = m(z_t), d_ app (App_ t+1 ,App_t) _ carried apparatus reinstatement and stability . Under challenge, the apparatus clause is replaced by a linked E1-st…",Any later Foundations VII object that supplies a typed instantiation of the source carrier/interface and all source hypotheses.,Exact statement-level adapter; no new VII object or adapter is constructed in Step 2.,"[""No independent hypothesis block was mechanically separable; all quantifiers and conditions in source_wording_tex govern.""]","[""A later reuse must prove type alignment, source fidelity, and all added VII-specific premises.""]","[""None may be silently dropped.""]",source/papers/Tsiokos_2026_Six_Birds_Foundations_V_Endogenous_Closure_A_Catalog_of_Structural_Laws_for_Living_Cognitive_and_Social_Systems.tex:L1283-L1306; derived/expanded/Tsiokos_2026_Six_Birds_Foundations_V_Endogenous_Closure_A_Catalog_of_Structural_Laws_for_Living_Cognitive_and_Social_Systems.tex:L1283-L1306,"[""source/papers/Tsiokos_2026_Six_Birds_Foundations_V_Endogenous_Closure_A_Catalog_of_Structural_Laws_for_Living_Cognitive_and_Social_Systems.tex:L1283-L1306; derived/expanded/Tsiokos_2026_Six_Birds_Foundations_V_Endogenous_Closure_A_Catalog_of_Structural_Laws_for_Living_Cognitive_and_Social_Systems.tex:L1283-L1306"", ""registry/E_laws.csv:E3"", ""formalization/integration/cumulative_lean_theorems.csv""]","{""adapter_declarations"": [], ""added_trust_base"": [], ""caveats"": [""Conditional host-supplied certificates and the paper's theorem/schema grade must travel with reuse.""], ""exact_conclusion_match"": null, ""exact_hypothesis_match"": null, ""inherited_trust_base"": [""No authored Foundations V axiom/opaque declaration; transitive imported trust is governed by the cumulative scaffold ledger.""], ""machine_check_status"": ""NOT_RUN: Lean/Lake unavailable"", ""paper_reported_declarations"": [], ""source_declarations"": [""E3_TwoLevelFixedPoint"", ""E3_StatusPartition"", ""E3_RegressStoppedByE2"", ""E3_AblationSeparation""], ""source_match_status"": ""MATCHED_IMPORTED_LAW_DECLARATION"", ""source_modules"": [""SixBirdsFoundationsV.Laws.E3SelfMaintainingReclosure""], ""statement_delta"": [""The module is locally present and statically import-closed. This verifies source availability and dependency closure, not a local kernel replay; paper grade, conditional hypotheses, and host-certificate obligations remain controlling."", ""Persistence/coherence, metric/curve data, challenge typing and the cited tower are supplied.""], ""target_declarations"": []}","Persistence of an endogenous package has two separately typed stability conditions. In challenge-free operation they have the form E_t^2 E_t _ object-level closure , App_ t+1 = m(z_t), d_ app (App_ t+1 ,App_t) _ carried apparatus reinstatement and stability . Under challenge, the apparatus clause is replaced by a linked E1-style repair step. The formal maintained-closure wrapper takes a supplied carried status occurrence already tagged maintained_closure, exact operator/reinstatement links, the maintained step, empty maintenance obstruction, no subsidy, and conditional regress-stop evidence; it packages the two-level certificate and maintained status. A complete classifier separately partitions that case from crystal-grade, subsidized, and decaying closure. The crystal-grade branch additionally requires object coherence, no accounting maintenance operator or reinstatement occurrence, no external reinstatement witness, stability, and no decay. Under persistent apparatus perturbation, a certified ablation of m and separating measured curves expose apparatus decay before the possibly slower decay of the existing object.",AVAILABLE_AFTER_EXACT_HYPOTHESIS_AND_STATEMENT_MATCH,"[""P030-C0012"", ""P030-C0020"", ""P030-C0024"", ""P030-C0028"", ""P030-C0033"", ""P030-C0038"", ""P030-C0044"", ""P030-C0055"", ""P030-C0058"", ""P030-C0063"", ""P030-C0065"", ""P030-C0074"", ""P030-C0082"", ""P030-C0090"", ""P030-C0108"", ""P030-C0109"", ""P030-C0110"", ""P030-C0111"", ""P030-C0112"", ""P030-C0114"", ""P030-C0117"", ""P030-C0121"", ""P030-C0122"", ""P030-C0123"", ""P030-C0124"", ""P030-C0126"", ""This inventory contract is not a Foundations VII theorem, bridge proof, or candidate-law endorsement.""]",A sound rule is present but no executable finite path reaches it; or a reachable rule never fires in the recorded run.,STEP2_REUSE_BOUNDARY_INDEXED
BR-REUSE-0056,PRIOR_LAW_REUSE_CONTRACT,P030-C0030,E4,P030,FOUNDATIONS_VII_REUSE_BOUNDARY,FUTURE_FOUNDATIONS_VII,"E4: Repair Compilation: A lawful compilation candidate R K_ ^ compiled requires a certified top-down channel, a passing memory-only comparator, saturation strictness, and a carried annotation or decompilation record. The compiled case additionally carries independent descent and post-compilation silence certificates. Within the trained class those certifica…",Any later Foundations VII object that supplies a typed instantiation of the source carrier/interface and all source hypotheses.,Exact statement-level adapter; no new VII object or adapter is constructed in Step 2.,"[""A lawful compilation candidate R K_ ^ compiled requires a certified top-down channel, a passing memory-only comparator, saturation strictness, and a carried annotation or decompilation record. The compiled case additionally carries independent descent and post-compilation silence certificates. Within the trained class those certificates remove the per-episode repair demand: Delta(Q_ ^ compiled ,F_ C ,r)= . Outside that class, a compiled gate can create split-pair obstructions that defeat descen…""]","[""A later reuse must prove type alignment, source fidelity, and all added VII-specific premises.""]","[""None may be silently dropped.""]",source/papers/Tsiokos_2026_Six_Birds_Foundations_V_Endogenous_Closure_A_Catalog_of_Structural_Laws_for_Living_Cognitive_and_Social_Systems.tex:L1447-L1464; derived/expanded/Tsiokos_2026_Six_Birds_Foundations_V_Endogenous_Closure_A_Catalog_of_Structural_Laws_for_Living_Cognitive_and_Social_Systems.tex:L1447-L1464,"[""source/papers/Tsiokos_2026_Six_Birds_Foundations_V_Endogenous_Closure_A_Catalog_of_Structural_Laws_for_Living_Cognitive_and_Social_Systems.tex:L1447-L1464; derived/expanded/Tsiokos_2026_Six_Birds_Foundations_V_Endogenous_Closure_A_Catalog_of_Structural_Laws_for_Living_Cognitive_and_Social_Systems.tex:L1447-L1464"", ""registry/E_laws.csv:E4"", ""formalization/integration/cumulative_lean_theorems.csv""]","{""adapter_declarations"": [], ""added_trust_base"": [], ""caveats"": [""Conditional host-supplied certificates and the paper's theorem/schema grade must travel with reuse.""], ""exact_conclusion_match"": null, ""exact_hypothesis_match"": null, ""inherited_trust_base"": [""No authored Foundations V axiom/opaque declaration; transitive imported trust is governed by the cumulative scaffold ledger.""], ""machine_check_status"": ""NOT_RUN: Lean/Lake unavailable"", ""paper_reported_declarations"": [], ""source_declarations"": [""E4_Compilation"", ""E4_Brittleness"", ""E4_StatusPartition""], ""source_match_status"": ""MATCHED_IMPORTED_LAW_DECLARATION"", ""source_modules"": [""SixBirdsFoundationsV.Laws.E4RepairCompilation""], ""statement_delta"": [""The module is locally present and statically import-closed. This verifies source availability and dependency closure, not a local kernel replay; paper grade, conditional hypotheses, and host-certificate obligations remain controlling."", ""Memory-only control, F2/F9 links, descent, silence and promotion instantiation are certified; general E4-to-E11 compilation remains open.""], ""target_declarations"": []}",trade recurrent audit cost for scope-dependent brittleness when the declared out-of-class witness is present,AVAILABLE_AFTER_EXACT_HYPOTHESIS_AND_STATEMENT_MATCH,"[""P030-C0012"", ""P030-C0020"", ""P030-C0024"", ""P030-C0028"", ""P030-C0033"", ""P030-C0038"", ""P030-C0044"", ""P030-C0055"", ""P030-C0058"", ""P030-C0063"", ""P030-C0065"", ""P030-C0074"", ""P030-C0082"", ""P030-C0090"", ""P030-C0108"", ""P030-C0109"", ""P030-C0110"", ""P030-C0111"", ""P030-C0112"", ""P030-C0114"", ""P030-C0117"", ""P030-C0121"", ""P030-C0122"", ""P030-C0123"", ""P030-C0124"", ""P030-C0126"", ""This inventory contract is not a Foundations VII theorem, bridge proof, or candidate-law endorsement.""]","A nonfactoring candidate distinction is proposed but fails closure/objecthood or never fires, so strictness alone yields neither objecthood nor directionality.",STEP2_REUSE_BOUNDARY_INDEXED
BR-REUSE-0057,PRIOR_LAW_REUSE_CONTRACT,P030-C0036,E5,P030,FOUNDATIONS_VII_REUSE_BOUNDARY,FUTURE_FOUNDATIONS_VII,"E5: Reclosure Collapse: An E-system is collapsed relative to C exactly when no move in the complete admissible carried inventory restores viability descent. It is irreversibly collapsed when, in addition, the repair generator is unreachable, the apparatus-level viability kernel is empty, and the reachability/kernel grades are certified coherent. An exhibite…",Any later Foundations VII object that supplies a typed instantiation of the source carrier/interface and all source hypotheses.,Exact statement-level adapter; no new VII object or adapter is constructed in Step 2.,"[""No independent hypothesis block was mechanically separable; all quantifiers and conditions in source_wording_tex govern.""]","[""A later reuse must prove type alignment, source fidelity, and all added VII-specific premises.""]","[""None may be silently dropped.""]",source/papers/Tsiokos_2026_Six_Birds_Foundations_V_Endogenous_Closure_A_Catalog_of_Structural_Laws_for_Living_Cognitive_and_Social_Systems.tex:L1595-L1605; derived/expanded/Tsiokos_2026_Six_Birds_Foundations_V_Endogenous_Closure_A_Catalog_of_Structural_Laws_for_Living_Cognitive_and_Social_Systems.tex:L1595-L1605,"[""source/papers/Tsiokos_2026_Six_Birds_Foundations_V_Endogenous_Closure_A_Catalog_of_Structural_Laws_for_Living_Cognitive_and_Social_Systems.tex:L1595-L1605; derived/expanded/Tsiokos_2026_Six_Birds_Foundations_V_Endogenous_Closure_A_Catalog_of_Structural_Laws_for_Living_Cognitive_and_Social_Systems.tex:L1595-L1605"", ""registry/E_laws.csv:E5"", ""formalization/integration/cumulative_lean_theorems.csv""]","{""adapter_declarations"": [], ""added_trust_base"": [], ""caveats"": [""Conditional host-supplied certificates and the paper's theorem/schema grade must travel with reuse.""], ""exact_conclusion_match"": null, ""exact_hypothesis_match"": null, ""inherited_trust_base"": [""No authored Foundations V axiom/opaque declaration; transitive imported trust is governed by the cumulative scaffold ledger.""], ""machine_check_status"": ""NOT_RUN: Lean/Lake unavailable"", ""paper_reported_declarations"": [], ""source_declarations"": [""E5_CollapseFalsifier"", ""E5_ReclosureCollapse"", ""E5_IrreversibleCollapse"", ""E5_SubsidyWithdrawalReclassification""], ""source_match_status"": ""MATCHED_IMPORTED_LAW_DECLARATION"", ""source_modules"": [""SixBirdsFoundationsV.Laws.E5ReclosureCollapse""], ""statement_delta"": [""The module is locally present and statically import-closed. This verifies source availability and dependency closure, not a local kernel replay; paper grade, conditional hypotheses, and host-certificate obligations remain controlling."", ""Inventory completeness, move-linked descent, reachability/kernel grade, subsidy and status completeness are inputs; E7-to-E5 onset remains open.""], ""target_declarations"": []}","An E-system is collapsed relative to C exactly when no move in the complete admissible carried inventory restores viability descent. It is irreversibly collapsed when, in addition, the repair generator is unreachable, the apparatus-level viability kernel is empty, and the reachability/kernel grades are certified coherent. An exhibited in-budget carried rescue move constructively falsifies collapse. A fully linked external repair in the absence of an in-budget descending internal rescue is classified as subsidy rather than self-maintenance, subject to the status priority; withdrawal of that subsidy may change status discontinuously.",AVAILABLE_AFTER_EXACT_HYPOTHESIS_AND_STATEMENT_MATCH,"[""P030-C0012"", ""P030-C0020"", ""P030-C0024"", ""P030-C0028"", ""P030-C0033"", ""P030-C0038"", ""P030-C0044"", ""P030-C0055"", ""P030-C0058"", ""P030-C0063"", ""P030-C0065"", ""P030-C0074"", ""P030-C0082"", ""P030-C0090"", ""P030-C0108"", ""P030-C0109"", ""P030-C0110"", ""P030-C0111"", ""P030-C0112"", ""P030-C0114"", ""P030-C0117"", ""P030-C0121"", ""P030-C0122"", ""P030-C0123"", ""P030-C0124"", ""P030-C0126"", ""This inventory contract is not a Foundations VII theorem, bridge proof, or candidate-law endorsement.""]",A sound rule is present but no executable finite path reaches it; or a reachable rule never fires in the recorded run.,STEP2_REUSE_BOUNDARY_INDEXED
BR-REUSE-0058,PRIOR_LAW_REUSE_CONTRACT,P030-C0039,E6,P030,FOUNDATIONS_VII_REUSE_BOUNDARY,FUTURE_FOUNDATIONS_VII,"E6: Attention: For a finite convex access host with positive costs, a supplied KKT witness, a binding exposure budget, and genuine scarcity, the certified optimal allocation has lambda_ exp >0 : selected probes equalize marginal residual discharge per marginal cost at lambda_ exp , while unselected probes do no better. Under slack, lambda_ exp =0 .",Any later Foundations VII object that supplies a typed instantiation of the source carrier/interface and all source hypotheses.,Exact statement-level adapter; no new VII object or adapter is constructed in Step 2.,"[""No independent hypothesis block was mechanically separable; all quantifiers and conditions in source_wording_tex govern.""]","[""A later reuse must prove type alignment, source fidelity, and all added VII-specific premises.""]","[""None may be silently dropped.""]",source/papers/Tsiokos_2026_Six_Birds_Foundations_V_Endogenous_Closure_A_Catalog_of_Structural_Laws_for_Living_Cognitive_and_Social_Systems.tex:L1752-L1759; derived/expanded/Tsiokos_2026_Six_Birds_Foundations_V_Endogenous_Closure_A_Catalog_of_Structural_Laws_for_Living_Cognitive_and_Social_Systems.tex:L1752-L1759,"[""source/papers/Tsiokos_2026_Six_Birds_Foundations_V_Endogenous_Closure_A_Catalog_of_Structural_Laws_for_Living_Cognitive_and_Social_Systems.tex:L1752-L1759; derived/expanded/Tsiokos_2026_Six_Birds_Foundations_V_Endogenous_Closure_A_Catalog_of_Structural_Laws_for_Living_Cognitive_and_Social_Systems.tex:L1752-L1759"", ""registry/E_laws.csv:E6"", ""formalization/integration/cumulative_lean_theorems.csv""]","{""adapter_declarations"": [], ""added_trust_base"": [], ""caveats"": [""Conditional host-supplied certificates and the paper's theorem/schema grade must travel with reuse.""], ""exact_conclusion_match"": null, ""exact_hypothesis_match"": null, ""inherited_trust_base"": [""No authored Foundations V axiom/opaque declaration; transitive imported trust is governed by the cumulative scaffold ledger.""], ""machine_check_status"": ""NOT_RUN: Lean/Lake unavailable"", ""paper_reported_declarations"": [], ""source_declarations"": [""E6_AttentionKKT"", ""E6_SlackCollapse""], ""source_match_status"": ""MATCHED_IMPORTED_LAW_DECLARATION"", ""source_modules"": [""SixBirdsFoundationsV.Laws.E6E9PricedAccess""], ""statement_delta"": [""The module is locally present and statically import-closed. This verifies source availability and dependency closure, not a local kernel replay; paper grade, conditional hypotheses, and host-certificate obligations remain controlling."", ""KKT equations, positive costs, feasibility, convex-host reading, carried policy and optimizer correctness are supplied; salience is sweep-level.""], ""target_declarations"": []}","For a finite convex access host with positive costs, a supplied KKT witness, a binding exposure budget, and genuine scarcity, the certified optimal allocation has lambda_ exp >0 : selected probes equalize marginal residual discharge per marginal cost at lambda_ exp , while unselected probes do no better. Under slack, lambda_ exp =0 .",AVAILABLE_AFTER_EXACT_HYPOTHESIS_AND_STATEMENT_MATCH,"[""P030-C0012"", ""P030-C0020"", ""P030-C0024"", ""P030-C0028"", ""P030-C0033"", ""P030-C0038"", ""P030-C0044"", ""P030-C0055"", ""P030-C0058"", ""P030-C0063"", ""P030-C0065"", ""P030-C0074"", ""P030-C0082"", ""P030-C0090"", ""P030-C0108"", ""P030-C0109"", ""P030-C0110"", ""P030-C0111"", ""P030-C0112"", ""P030-C0114"", ""P030-C0117"", ""P030-C0121"", ""P030-C0122"", ""P030-C0123"", ""P030-C0124"", ""P030-C0126"", ""This inventory contract is not a Foundations VII theorem, bridge proof, or candidate-law endorsement.""]",A verbal resemblance or citation exists while the source hypotheses and carrier/interface map are not discharged.,STEP2_REUSE_BOUNDARY_INDEXED
BR-REUSE-0059,PRIOR_LAW_REUSE_CONTRACT,P030-C0041,E7,P030,FOUNDATIONS_VII_REUSE_BOUNDARY,FUTURE_FOUNDATIONS_VII,"E7: Alarm: Under a same-claim, branch-valid, kind-unique disposition package, a viability-coupled positive-excess witness has exactly one lawful disposition: (i) currentization by a carried preemptive exposure rewrite; (ii) statused boundary nonclosure when the viability probe fails to descend; or (iii) lawful discount when audit shows artifact, currentizab…",Any later Foundations VII object that supplies a typed instantiation of the source carrier/interface and all source hypotheses.,Exact statement-level adapter; no new VII object or adapter is constructed in Step 2.,"[""Under a same-claim, branch-valid, kind-unique disposition package, a viability-coupled positive-excess witness has exactly one lawful disposition: (i) currentization by a carried preemptive exposure rewrite;""]","[""A later reuse must prove type alignment, source fidelity, and all added VII-specific premises.""]","[""None may be silently dropped.""]",source/papers/Tsiokos_2026_Six_Birds_Foundations_V_Endogenous_Closure_A_Catalog_of_Structural_Laws_for_Living_Cognitive_and_Social_Systems.tex:L1900-L1909; derived/expanded/Tsiokos_2026_Six_Birds_Foundations_V_Endogenous_Closure_A_Catalog_of_Structural_Laws_for_Living_Cognitive_and_Social_Systems.tex:L1900-L1909,"[""source/papers/Tsiokos_2026_Six_Birds_Foundations_V_Endogenous_Closure_A_Catalog_of_Structural_Laws_for_Living_Cognitive_and_Social_Systems.tex:L1900-L1909; derived/expanded/Tsiokos_2026_Six_Birds_Foundations_V_Endogenous_Closure_A_Catalog_of_Structural_Laws_for_Living_Cognitive_and_Social_Systems.tex:L1900-L1909"", ""registry/E_laws.csv:E7"", ""formalization/integration/cumulative_lean_theorems.csv""]","{""adapter_declarations"": [], ""added_trust_base"": [], ""caveats"": [""Conditional host-supplied certificates and the paper's theorem/schema grade must travel with reuse.""], ""exact_conclusion_match"": null, ""exact_hypothesis_match"": null, ""inherited_trust_base"": [""No authored Foundations V axiom/opaque declaration; transitive imported trust is governed by the cumulative scaffold ledger.""], ""machine_check_status"": ""NOT_RUN: Lean/Lake unavailable"", ""paper_reported_declarations"": [], ""source_declarations"": [""E7_AlarmTrichotomy"", ""E7_PreemptionSignature""], ""source_match_status"": ""MATCHED_IMPORTED_LAW_DECLARATION"", ""source_modules"": [""SixBirdsFoundationsV.Laws.E7Alarm""], ""statement_delta"": [""The module is locally present and statically import-closed. This verifies source availability and dependency closure, not a local kernel replay; paper grade, conditional hypotheses, and host-certificate obligations remain controlling."", ""Xi/Omega values, viability coupling, horizon, response surface, no-overread, null-mode legality and totality are supplied; E7.1 is unformalized.""], ""target_declarations"": []}","(ii) statused boundary nonclosure when the viability probe fails to descend; or (iii) lawful discount when audit shows artifact, currentizability, out-of-horizon scope, or dissolved coupling. Currentization is an alarm only when the constraint set changes; winning inside the old E6 policy is ordinary attention.",AVAILABLE_AFTER_EXACT_HYPOTHESIS_AND_STATEMENT_MATCH,"[""P030-C0012"", ""P030-C0020"", ""P030-C0024"", ""P030-C0028"", ""P030-C0033"", ""P030-C0038"", ""P030-C0044"", ""P030-C0055"", ""P030-C0058"", ""P030-C0063"", ""P030-C0065"", ""P030-C0074"", ""P030-C0082"", ""P030-C0090"", ""P030-C0108"", ""P030-C0109"", ""P030-C0110"", ""P030-C0111"", ""P030-C0112"", ""P030-C0114"", ""P030-C0117"", ""P030-C0121"", ""P030-C0122"", ""P030-C0123"", ""P030-C0124"", ""P030-C0126"", ""This inventory contract is not a Foundations VII theorem, bridge proof, or candidate-law endorsement.""]",A verbal resemblance or citation exists while the source hypotheses and carrier/interface map are not discharged.,STEP2_REUSE_BOUNDARY_INDEXED
BR-REUSE-0060,PRIOR_LAW_REUSE_CONTRACT,P030-C0045,E8,P030,FOUNDATIONS_VII_REUSE_BOUNDARY,FUTURE_FOUNDATIONS_VII,"E8: Control-Price: For a declared component claim with linked carried signal, positive-cost KKT witness, and complete control-price status, the component_lawful case identifies a shadow-price component aligned with lambda_j=- Phi^* b_j when the envelope derivative exists on the binding set, and passing slack collapse off it. A declared field is lawful only…",Any later Foundations VII object that supplies a typed instantiation of the source carrier/interface and all source hypotheses.,Exact statement-level adapter; no new VII object or adapter is constructed in Step 2.,"[""For a declared component claim with linked carried signal, positive-cost KKT witness, and complete control-price status, the component_lawful case identifies a shadow-price component aligned with lambda_j=- Phi^* b_j when the envelope derivative exists on the binding set, and passing slack collapse off it.""]","[""A later reuse must prove type alignment, source fidelity, and all added VII-specific premises.""]","[""None may be silently dropped.""]",source/papers/Tsiokos_2026_Six_Birds_Foundations_V_Endogenous_Closure_A_Catalog_of_Structural_Laws_for_Living_Cognitive_and_Social_Systems.tex:L2071-L2085; derived/expanded/Tsiokos_2026_Six_Birds_Foundations_V_Endogenous_Closure_A_Catalog_of_Structural_Laws_for_Living_Cognitive_and_Social_Systems.tex:L2071-L2085,"[""source/papers/Tsiokos_2026_Six_Birds_Foundations_V_Endogenous_Closure_A_Catalog_of_Structural_Laws_for_Living_Cognitive_and_Social_Systems.tex:L2071-L2085; derived/expanded/Tsiokos_2026_Six_Birds_Foundations_V_Endogenous_Closure_A_Catalog_of_Structural_Laws_for_Living_Cognitive_and_Social_Systems.tex:L2071-L2085"", ""registry/E_laws.csv:E8"", ""formalization/integration/cumulative_lean_theorems.csv""]","{""adapter_declarations"": [], ""added_trust_base"": [], ""caveats"": [""Conditional host-supplied certificates and the paper's theorem/schema grade must travel with reuse.""], ""exact_conclusion_match"": null, ""exact_hypothesis_match"": null, ""inherited_trust_base"": [""No authored Foundations V axiom/opaque declaration; transitive imported trust is governed by the cumulative scaffold ledger.""], ""machine_check_status"": ""NOT_RUN: Lean/Lake unavailable"", ""paper_reported_declarations"": [], ""source_declarations"": [""E8_ControlPrice"", ""E8_ComponentShadowPrice"", ""E8_CompressedSummaryLawfulness"", ""E8_1_AuditCapture"", ""E8_1_MetaAuditBoundedByE2""], ""source_match_status"": ""MATCHED_IMPORTED_LAW_DECLARATION"", ""source_modules"": [""SixBirdsFoundationsV.Laws.E8ControlPrice""], ""statement_delta"": [""The module is locally present and statically import-closed. This verifies source availability and dependency closure, not a local kernel replay; paper grade, conditional hypotheses, and host-certificate obligations remain controlling."", ""Comparator/KKT honesty, field completeness, held-out rows, lineage and budget-status inventories are supplied; general E2 pricing and E3 lineage links remain open.""], ""target_declarations"": []}","A declared field is lawful only when every constraint has a linked component. A compressed summary a= C(lambda_1, ,lambda_k) is lawful exactly when it predicts admissibility or policy-support changes beyond the current external quotient and passes its slack and proxy controls.",AVAILABLE_AFTER_EXACT_HYPOTHESIS_AND_STATEMENT_MATCH,"[""P030-C0012"", ""P030-C0020"", ""P030-C0024"", ""P030-C0028"", ""P030-C0033"", ""P030-C0038"", ""P030-C0044"", ""P030-C0055"", ""P030-C0058"", ""P030-C0063"", ""P030-C0065"", ""P030-C0074"", ""P030-C0082"", ""P030-C0090"", ""P030-C0108"", ""P030-C0109"", ""P030-C0110"", ""P030-C0111"", ""P030-C0112"", ""P030-C0114"", ""P030-C0117"", ""P030-C0121"", ""P030-C0122"", ""P030-C0123"", ""P030-C0124"", ""P030-C0126"", ""This inventory contract is not a Foundations VII theorem, bridge proof, or candidate-law endorsement.""]",A verbal resemblance or citation exists while the source hypotheses and carrier/interface map are not discharged.,STEP2_REUSE_BOUNDARY_INDEXED
BR-REUSE-0061,PRIOR_LAW_REUSE_CONTRACT,P030-C0048,E9,P030,FOUNDATIONS_VII_REUSE_BOUNDARY,FUTURE_FOUNDATIONS_VII,"E9: Curiosity: For a finite nonempty candidate inventory that is sound and complete for admissibility, a maximum exists for any supplied rational acquisition discharge divided by supplied cost. In the Xi paper-host specialization set the discharge equal to the conditional trace contraction and require positive carried costs; the maximizing family then has t…",Any later Foundations VII object that supplies a typed instantiation of the source carrier/interface and all source hypotheses.,Exact statement-level adapter; no new VII object or adapter is constructed in Step 2.,"[""For a finite nonempty candidate inventory that is sound and complete for admissibility, a maximum exists for any supplied rational acquisition discharge divided by supplied cost. In the Xi paper-host specialization set the discharge equal to the conditional trace contraction and require positive carried costs; the maximizing family""]","[""A later reuse must prove type alignment, source fidelity, and all added VII-specific premises.""]","[""None may be silently dropped.""]",source/papers/Tsiokos_2026_Six_Birds_Foundations_V_Endogenous_Closure_A_Catalog_of_Structural_Laws_for_Living_Cognitive_and_Social_Systems.tex:L2257-L2277; derived/expanded/Tsiokos_2026_Six_Birds_Foundations_V_Endogenous_Closure_A_Catalog_of_Structural_Laws_for_Living_Cognitive_and_Social_Systems.tex:L2257-L2277,"[""source/papers/Tsiokos_2026_Six_Birds_Foundations_V_Endogenous_Closure_A_Catalog_of_Structural_Laws_for_Living_Cognitive_and_Social_Systems.tex:L2257-L2277; derived/expanded/Tsiokos_2026_Six_Birds_Foundations_V_Endogenous_Closure_A_Catalog_of_Structural_Laws_for_Living_Cognitive_and_Social_Systems.tex:L2257-L2277"", ""registry/E_laws.csv:E9"", ""formalization/integration/cumulative_lean_theorems.csv""]","{""adapter_declarations"": [], ""added_trust_base"": [], ""caveats"": [""Conditional host-supplied certificates and the paper's theorem/schema grade must travel with reuse.""], ""exact_conclusion_match"": null, ""exact_hypothesis_match"": null, ""inherited_trust_base"": [""No authored Foundations V axiom/opaque declaration; transitive imported trust is governed by the cumulative scaffold ledger.""], ""machine_check_status"": ""NOT_RUN: Lean/Lake unavailable"", ""paper_reported_declarations"": [], ""source_declarations"": [""E9_SameFamilyStrictness"", ""exists_max_ratio"", ""E9_CuriosityArgmax"", ""E6_E9_AccessArbitration""], ""source_match_status"": ""MATCHED_IMPORTED_LAW_DECLARATION"", ""source_modules"": [""SixBirdsFoundationsV.Laws.E6E9PricedAccess""], ""statement_delta"": [""The module is locally present and statically import-closed. This verifies source availability and dependency closure, not a local kernel replay; paper grade, conditional hypotheses, and host-certificate obligations remain controlling."", ""Catalog, budget/risk admissibility, candidate completeness, positive costs and saturation honesty are supplied.""], ""target_declarations"": []}","has the form M^*∈ _M tr ( K_ DM L K_ MM L ^ K_ MD L ) c(M) subject to the carried viability-risk bound. This existence theorem constructs a maximizing candidate; a carried policy's selected move is optimal only when it also supplies the separate argmax certificate. Under the Xi saturation certificate M=BL and K_ DM L =0 , the candidate has zero strict discharge and cannot count as novelty. Allocation and acquisition are two margins of one access economy and may be compared by their carried marginal discharge per cost",AVAILABLE_AFTER_EXACT_HYPOTHESIS_AND_STATEMENT_MATCH,"[""P030-C0012"", ""P030-C0020"", ""P030-C0024"", ""P030-C0028"", ""P030-C0033"", ""P030-C0038"", ""P030-C0044"", ""P030-C0055"", ""P030-C0058"", ""P030-C0063"", ""P030-C0065"", ""P030-C0074"", ""P030-C0082"", ""P030-C0090"", ""P030-C0108"", ""P030-C0109"", ""P030-C0110"", ""P030-C0111"", ""P030-C0112"", ""P030-C0114"", ""P030-C0117"", ""P030-C0121"", ""P030-C0122"", ""P030-C0123"", ""P030-C0124"", ""P030-C0126"", ""This inventory contract is not a Foundations VII theorem, bridge proof, or candidate-law endorsement.""]","A nonfactoring candidate distinction is proposed but fails closure/objecthood or never fires, so strictness alone yields neither objecthood nor directionality.",STEP2_REUSE_BOUNDARY_INDEXED
BR-REUSE-0062,PRIOR_LAW_REUSE_CONTRACT,P030-C0051,E10,P030,FOUNDATIONS_VII_REUSE_BOUNDARY,FUTURE_FOUNDATIONS_VII,"E10.1: Intention: Positive intention evidence consists of a carried package that, before the outcome, strictly restricts action support toward a declared target class, with the restriction top-down-channel certified and coherent under every member of a nonempty carried declared future-probe list. Under the complete classifier, intention status additionally…",Any later Foundations VII object that supplies a typed instantiation of the source carrier/interface and all source hypotheses.,Exact statement-level adapter; no new VII object or adapter is constructed in Step 2.,"[""No independent hypothesis block was mechanically separable; all quantifiers and conditions in source_wording_tex govern.""]","[""A later reuse must prove type alignment, source fidelity, and all added VII-specific premises.""]","[""None may be silently dropped.""]",source/papers/Tsiokos_2026_Six_Birds_Foundations_V_Endogenous_Closure_A_Catalog_of_Structural_Laws_for_Living_Cognitive_and_Social_Systems.tex:L2432-L2439; derived/expanded/Tsiokos_2026_Six_Birds_Foundations_V_Endogenous_Closure_A_Catalog_of_Structural_Laws_for_Living_Cognitive_and_Social_Systems.tex:L2432-L2439,"[""source/papers/Tsiokos_2026_Six_Birds_Foundations_V_Endogenous_Closure_A_Catalog_of_Structural_Laws_for_Living_Cognitive_and_Social_Systems.tex:L2432-L2439; derived/expanded/Tsiokos_2026_Six_Birds_Foundations_V_Endogenous_Closure_A_Catalog_of_Structural_Laws_for_Living_Cognitive_and_Social_Systems.tex:L2432-L2439"", ""registry/E_laws.csv:E10"", ""formalization/integration/cumulative_lean_theorems.csv""]","{""adapter_declarations"": [], ""added_trust_base"": [], ""caveats"": [""Conditional host-supplied certificates and the paper's theorem/schema grade must travel with reuse.""], ""exact_conclusion_match"": null, ""exact_hypothesis_match"": null, ""inherited_trust_base"": [""No authored Foundations V axiom/opaque declaration; transitive imported trust is governed by the cumulative scaffold ledger.""], ""machine_check_status"": ""NOT_RUN: Lean/Lake unavailable"", ""paper_reported_declarations"": [], ""source_declarations"": [""E10_CognitiveDemarcation"", ""E10_1_Intention"", ""E10_2_Goal"", ""falsifier wrappers""], ""source_match_status"": ""MATCHED_IMPORTED_LAW_DECLARATION"", ""source_modules"": [""SixBirdsFoundationsV.Laws.E10CognitiveDemarcation""], ""statement_delta"": [""The module is locally present and statically import-closed. This verifies source availability and dependency closure, not a local kernel replay; paper grade, conditional hypotheses, and host-certificate obligations remain controlling."", ""E1-style descent, Foundations III channel, enablement comparators, route persistence and complete status records are inputs; E10.1-to-E11 remains open.""], ""target_declarations"": []}","Positive intention evidence consists of a carried package that, before the outcome, strictly restricts action support toward a declared target class, with the restriction top-down-channel certified and coherent under every member of a nonempty carried declared future-probe list. Under the complete classifier, intention status additionally requires absence of post-hoc, approximate-support, and target-incoherent raw evidence.",AVAILABLE_AFTER_EXACT_HYPOTHESIS_AND_STATEMENT_MATCH,"[""P030-C0012"", ""P030-C0020"", ""P030-C0024"", ""P030-C0028"", ""P030-C0033"", ""P030-C0038"", ""P030-C0044"", ""P030-C0055"", ""P030-C0058"", ""P030-C0063"", ""P030-C0065"", ""P030-C0074"", ""P030-C0082"", ""P030-C0090"", ""P030-C0108"", ""P030-C0109"", ""P030-C0110"", ""P030-C0111"", ""P030-C0112"", ""P030-C0114"", ""P030-C0117"", ""P030-C0121"", ""P030-C0122"", ""P030-C0123"", ""P030-C0124"", ""P030-C0126"", ""This inventory contract is not a Foundations VII theorem, bridge proof, or candidate-law endorsement.""]","A nonfactoring candidate distinction is proposed but fails closure/objecthood or never fires, so strictness alone yields neither objecthood nor directionality.",STEP2_REUSE_BOUNDARY_INDEXED
BR-REUSE-0063,PRIOR_LAW_REUSE_CONTRACT,P030-C0057,E11,P030,FOUNDATIONS_VII_REUSE_BOUNDARY,FUTURE_FOUNDATIONS_VII,"E11: Institutional Rewrite: The upper package has structural rewrite evidence when a certified top-down channel links its interventions to supp K_ ^ Theta_i K_ ^ Theta_j or E_ ^ Theta_i E_ ^ Theta_j . It is stack_active when, in addition, Delta_ stack = and no constitutive evidence exists for the comparison; it is constitutive when a separate E4-shaped comp…",Any later Foundations VII object that supplies a typed instantiation of the source carrier/interface and all source hypotheses.,Exact statement-level adapter; no new VII object or adapter is constructed in Step 2.,"[""No independent hypothesis block was mechanically separable; all quantifiers and conditions in source_wording_tex govern.""]","[""A later reuse must prove type alignment, source fidelity, and all added VII-specific premises.""]","[""None may be silently dropped.""]",source/papers/Tsiokos_2026_Six_Birds_Foundations_V_Endogenous_Closure_A_Catalog_of_Structural_Laws_for_Living_Cognitive_and_Social_Systems.tex:L2714-L2728; derived/expanded/Tsiokos_2026_Six_Birds_Foundations_V_Endogenous_Closure_A_Catalog_of_Structural_Laws_for_Living_Cognitive_and_Social_Systems.tex:L2714-L2728,"[""source/papers/Tsiokos_2026_Six_Birds_Foundations_V_Endogenous_Closure_A_Catalog_of_Structural_Laws_for_Living_Cognitive_and_Social_Systems.tex:L2714-L2728; derived/expanded/Tsiokos_2026_Six_Birds_Foundations_V_Endogenous_Closure_A_Catalog_of_Structural_Laws_for_Living_Cognitive_and_Social_Systems.tex:L2714-L2728"", ""registry/E_laws.csv:E11"", ""formalization/integration/cumulative_lean_theorems.csv""]","{""adapter_declarations"": [], ""added_trust_base"": [], ""caveats"": [""Conditional host-supplied certificates and the paper's theorem/schema grade must travel with reuse.""], ""exact_conclusion_match"": null, ""exact_hypothesis_match"": null, ""inherited_trust_base"": [""No authored Foundations V axiom/opaque declaration; transitive imported trust is governed by the cumulative scaffold ledger.""], ""machine_check_status"": ""NOT_RUN: Lean/Lake unavailable"", ""paper_reported_declarations"": [], ""source_declarations"": [""E11_StackActivity"", ""E11_Constitutive"", ""E11_NCTDObstruction"", ""E11_StatusPartition""], ""source_match_status"": ""MATCHED_IMPORTED_LAW_DECLARATION"", ""source_modules"": [""SixBirdsFoundationsV.Laws.E11InstitutionalRewrite""], ""statement_delta"": [""The module is locally present and statically import-closed. This verifies source availability and dependency closure, not a local kernel replay; paper grade, conditional hypotheses, and host-certificate obligations remain controlling."", ""Material forcing, washout, thresholds, outcome readout and E4-shaped record are supplied; general E4/E10 bridges remain open.""], ""target_declarations"": []}","The upper package has structural rewrite evidence when a certified top-down channel links its interventions to supp K_ ^ Theta_i K_ ^ Theta_j or E_ ^ Theta_i E_ ^ Theta_j . It is stack_active when, in addition, Delta_ stack = and no constitutive evidence exists for the comparison; it is constitutive when a separate E4-shaped compilation certificate shows that the rewrite has entered ordinary lower support. Parameter conditioning on unchanged support is not structural rewrite, and static labels whose effects wash out are inert.",AVAILABLE_AFTER_EXACT_HYPOTHESIS_AND_STATEMENT_MATCH,"[""P030-C0012"", ""P030-C0020"", ""P030-C0024"", ""P030-C0028"", ""P030-C0033"", ""P030-C0038"", ""P030-C0044"", ""P030-C0055"", ""P030-C0058"", ""P030-C0063"", ""P030-C0065"", ""P030-C0074"", ""P030-C0082"", ""P030-C0090"", ""P030-C0108"", ""P030-C0109"", ""P030-C0110"", ""P030-C0111"", ""P030-C0112"", ""P030-C0114"", ""P030-C0117"", ""P030-C0121"", ""P030-C0122"", ""P030-C0123"", ""P030-C0124"", ""P030-C0126"", ""This inventory contract is not a Foundations VII theorem, bridge proof, or candidate-law endorsement.""]",A verbal resemblance or citation exists while the source hypotheses and carrier/interface map are not discharged.,STEP2_REUSE_BOUNDARY_INDEXED
BR-REUSE-0064,PRIOR_LAW_REUSE_CONTRACT,P030-C0060,E12,P030,FOUNDATIONS_VII_REUSE_BOUNDARY,FUTURE_FOUNDATIONS_VII,"E12: Individuation: Given CompleteIndividuationStatus, exactly one of the six statuses below holds for a declared candidate. The positive content stored in its IntegratedCase is maximality under the joint closure conditions Repair(I) ⊆ I, Budget(I) ⊆ I, Record(I) ⊆ I, B(I) is viability-sufficient and self-maintained. and no distinct overlapping maximal cand…",Any later Foundations VII object that supplies a typed instantiation of the source carrier/interface and all source hypotheses.,Exact statement-level adapter; no new VII object or adapter is constructed in Step 2.,"[""Given CompleteIndividuationStatus, exactly one of the six statuses below holds for a declared candidate.""]","[""A later reuse must prove type alignment, source fidelity, and all added VII-specific premises.""]","[""None may be silently dropped.""]",source/papers/Tsiokos_2026_Six_Birds_Foundations_V_Endogenous_Closure_A_Catalog_of_Structural_Laws_for_Living_Cognitive_and_Social_Systems.tex:L2962-L2980; derived/expanded/Tsiokos_2026_Six_Birds_Foundations_V_Endogenous_Closure_A_Catalog_of_Structural_Laws_for_Living_Cognitive_and_Social_Systems.tex:L2962-L2980,"[""source/papers/Tsiokos_2026_Six_Birds_Foundations_V_Endogenous_Closure_A_Catalog_of_Structural_Laws_for_Living_Cognitive_and_Social_Systems.tex:L2962-L2980; derived/expanded/Tsiokos_2026_Six_Birds_Foundations_V_Endogenous_Closure_A_Catalog_of_Structural_Laws_for_Living_Cognitive_and_Social_Systems.tex:L2962-L2980"", ""registry/E_laws.csv:E12"", ""formalization/integration/cumulative_lean_theorems.csv""]","{""adapter_declarations"": [], ""added_trust_base"": [], ""caveats"": [""Conditional host-supplied certificates and the paper's theorem/schema grade must travel with reuse.""], ""exact_conclusion_match"": null, ""exact_hypothesis_match"": null, ""inherited_trust_base"": [""No authored Foundations V axiom/opaque declaration; transitive imported trust is governed by the cumulative scaffold ledger.""], ""machine_check_status"": ""NOT_RUN: Lean/Lake unavailable"", ""paper_reported_declarations"": [], ""source_declarations"": [""E12_Individuation"", ""E12_StatusPartition""], ""source_match_status"": ""MATCHED_IMPORTED_LAW_DECLARATION"", ""source_modules"": [""SixBirdsFoundationsV.Laws.E12Individuation""], ""statement_delta"": [""The module is locally present and statically import-closed. This verifies source availability and dependency closure, not a local kernel replay; paper grade, conditional hypotheses, and host-certificate obligations remain controlling."", ""F7 sufficiency, F10 coarsestness, declared candidate/probe lists and E3 maintenance are inputs; E12.1, boundary discovery and E12-to-E13 flow remain open.""], ""target_declarations"": []}","The positive content stored in its IntegratedCase is maximality under the joint closure conditions Repair(I) ⊆ I, Budget(I) ⊆ I, Record(I) ⊆ I, B(I) is viability-sufficient and self-maintained. and no distinct overlapping maximal candidate exists. The boundary is the coarsest admitted interface quotient through which all declared viability probes descend. A coarser boundary is falsified by a split pair; a strictly larger jointly closed candidate falsifies maximality. Overlapping maximal candidates are classified as federated rather than forced into a false partition. The named E12_Individuation theorem packages a supplied carried branch case; the exactly-one conclusion is E12_StatusPartition, not a construction of these witnesses from raw carrier data.",AVAILABLE_AFTER_EXACT_HYPOTHESIS_AND_STATEMENT_MATCH,"[""P030-C0012"", ""P030-C0020"", ""P030-C0024"", ""P030-C0028"", ""P030-C0033"", ""P030-C0038"", ""P030-C0044"", ""P030-C0055"", ""P030-C0058"", ""P030-C0063"", ""P030-C0065"", ""P030-C0074"", ""P030-C0082"", ""P030-C0090"", ""P030-C0108"", ""P030-C0109"", ""P030-C0110"", ""P030-C0111"", ""P030-C0112"", ""P030-C0114"", ""P030-C0117"", ""P030-C0121"", ""P030-C0122"", ""P030-C0123"", ""P030-C0124"", ""P030-C0126"", ""This inventory contract is not a Foundations VII theorem, bridge proof, or candidate-law endorsement.""]","A nonfactoring candidate distinction is proposed but fails closure/objecthood or never fires, so strictness alone yields neither objecthood nor directionality.",STEP2_REUSE_BOUNDARY_INDEXED
BR-REUSE-0065,PRIOR_LAW_REUSE_CONTRACT,P030-C0066,E13,P030,FOUNDATIONS_VII_REUSE_BOUNDARY,FUTURE_FOUNDATIONS_VII,"E13: Repair Transport: Four related positive evidence forms hold. Communication evidence requires s to induce a paid, interface-mediated, role-preserving carried receiver repair with strict same-class delta reduction. Teaching evidence adds repairs sourced from B 's own committed state in an A -absent capacity test. Coercion null is certified when the inter…",Any later Foundations VII object that supplies a typed instantiation of the source carrier/interface and all source hypotheses.,Exact statement-level adapter; no new VII object or adapter is constructed in Step 2.,"[""No independent hypothesis block was mechanically separable; all quantifiers and conditions in source_wording_tex govern.""]","[""A later reuse must prove type alignment, source fidelity, and all added VII-specific premises.""]","[""None may be silently dropped.""]",source/papers/Tsiokos_2026_Six_Birds_Foundations_V_Endogenous_Closure_A_Catalog_of_Structural_Laws_for_Living_Cognitive_and_Social_Systems.tex:L3278-L3301; derived/expanded/Tsiokos_2026_Six_Birds_Foundations_V_Endogenous_Closure_A_Catalog_of_Structural_Laws_for_Living_Cognitive_and_Social_Systems.tex:L3278-L3301,"[""source/papers/Tsiokos_2026_Six_Birds_Foundations_V_Endogenous_Closure_A_Catalog_of_Structural_Laws_for_Living_Cognitive_and_Social_Systems.tex:L3278-L3301; derived/expanded/Tsiokos_2026_Six_Birds_Foundations_V_Endogenous_Closure_A_Catalog_of_Structural_Laws_for_Living_Cognitive_and_Social_Systems.tex:L3278-L3301"", ""registry/E_laws.csv:E13"", ""formalization/integration/cumulative_lean_theorems.csv""]","{""adapter_declarations"": [], ""added_trust_base"": [], ""caveats"": [""Conditional host-supplied certificates and the paper's theorem/schema grade must travel with reuse.""], ""exact_conclusion_match"": null, ""exact_hypothesis_match"": null, ""inherited_trust_base"": [""No authored Foundations V axiom/opaque declaration; transitive imported trust is governed by the cumulative scaffold ledger.""], ""machine_check_status"": ""NOT_RUN: Lean/Lake unavailable"", ""paper_reported_declarations"": [], ""source_declarations"": [""E13_Communication"", ""E13_TeachingCapacity"", ""E13_CoercionNull"", ""E13_SymbolicRepair"", ""E13_StatusPartition""], ""source_match_status"": ""MATCHED_IMPORTED_LAW_DECLARATION"", ""source_modules"": [""SixBirdsFoundationsV.Laws.E13RepairTransport""], ""statement_delta"": [""The module is locally present and statically import-closed. This verifies source availability and dependency closure, not a local kernel replay; paper grade, conditional hypotheses, and host-certificate obligations remain controlling."", ""Interface mediation, role preservation, compression/saturation, coercion-null content and bridge-comparator honesty are supplied.""], ""target_declarations"": []}","Four related positive evidence forms hold. Communication evidence requires s to induce a paid, interface-mediated, role-preserving carried receiver repair with strict same-class delta reduction. Teaching evidence adds repairs sourced from B 's own committed state in an A -absent capacity test. Coercion null is certified when the interaction is fully forced, the complete free-response census is empty, no B -committed transported repair exists, and the before/after obstruction is unchanged. Force and census emptiness alone do not derive the latter two facts. Symbolic-repair evidence requires the token to reactivate a carried, role-preserving, saturation-strict R across a declared family whose context list has at least two entries. The formal family has no no-duplicate field, so distinct contexts are not certified. Under the complete priority classifier, the corresponding status also negates every higher raw evidence predicate: communicated excludes coercion-null, symbolic, and taught evidence; taught excludes coercion-null and symbolic evidence; symbolic excludes coercion-null evidence. The four named Lean theorems package supplied full cases; they do not derive status from the positive structure alone.",AVAILABLE_AFTER_EXACT_HYPOTHESIS_AND_STATEMENT_MATCH,"[""P030-C0012"", ""P030-C0020"", ""P030-C0024"", ""P030-C0028"", ""P030-C0033"", ""P030-C0038"", ""P030-C0044"", ""P030-C0055"", ""P030-C0058"", ""P030-C0063"", ""P030-C0065"", ""P030-C0074"", ""P030-C0082"", ""P030-C0090"", ""P030-C0108"", ""P030-C0109"", ""P030-C0110"", ""P030-C0111"", ""P030-C0112"", ""P030-C0114"", ""P030-C0117"", ""P030-C0121"", ""P030-C0122"", ""P030-C0123"", ""P030-C0124"", ""P030-C0126"", ""This inventory contract is not a Foundations VII theorem, bridge proof, or candidate-law endorsement.""]","A nonfactoring candidate distinction is proposed but fails closure/objecthood or never fires, so strictness alone yields neither objecthood nor directionality.",STEP2_REUSE_BOUNDARY_INDEXED
BR-REUSE-0066,PRIOR_LAW_REUSE_CONTRACT,P030-C0073,E14,P030,FOUNDATIONS_VII_REUSE_BOUNDARY,FUTURE_FOUNDATIONS_VII,"E14: Reconsolidation: For a carried retrieval conflict with F9 coverage, after provenance defect, silent rewrite, ordinary-read, outcome-collision, and unrealized-disposition evidence have been excluded, exactly one lawful substantive disposition occurs: InstallsRecordJoin(m_t,R_c,m_ t+1 ), or Refines(q^-,q^+) \ \ x,x':\ q^+(x)=q^+(x') q^-(x) q^-(x'), or m_…",Any later Foundations VII object that supplies a typed instantiation of the source carrier/interface and all source hypotheses.,Exact statement-level adapter; no new VII object or adapter is constructed in Step 2.,"[""For a carried retrieval conflict with F9 coverage, after provenance defect, silent rewrite, ordinary-read, outcome-collision, and unrealized-disposition evidence have been excluded, exactly one lawful substantive disposition occurs: InstallsRecordJoin(m_t,R_c,m_ t+1 ), or Refines(q^-,q^+) \\ \\ x,x':\\ q^+(x)=q^+(x') q^-(x) q^-(x'), or m_ t+1 =m_t with a statused residual charged to Lambda_S.""]","[""A later reuse must prove type alignment, source fidelity, and all added VII-specific premises.""]","[""None may be silently dropped.""]",source/papers/Tsiokos_2026_Six_Birds_Foundations_V_Endogenous_Closure_A_Catalog_of_Structural_Laws_for_Living_Cognitive_and_Social_Systems.tex:L3707-L3728; derived/expanded/Tsiokos_2026_Six_Birds_Foundations_V_Endogenous_Closure_A_Catalog_of_Structural_Laws_for_Living_Cognitive_and_Social_Systems.tex:L3707-L3728,"[""source/papers/Tsiokos_2026_Six_Birds_Foundations_V_Endogenous_Closure_A_Catalog_of_Structural_Laws_for_Living_Cognitive_and_Social_Systems.tex:L3707-L3728; derived/expanded/Tsiokos_2026_Six_Birds_Foundations_V_Endogenous_Closure_A_Catalog_of_Structural_Laws_for_Living_Cognitive_and_Social_Systems.tex:L3707-L3728"", ""registry/E_laws.csv:E14"", ""formalization/integration/cumulative_lean_theorems.csv""]","{""adapter_declarations"": [], ""added_trust_base"": [], ""caveats"": [""Conditional host-supplied certificates and the paper's theorem/schema grade must travel with reuse.""], ""exact_conclusion_match"": null, ""exact_hypothesis_match"": null, ""inherited_trust_base"": [""No authored Foundations V axiom/opaque declaration; transitive imported trust is governed by the cumulative scaffold ledger.""], ""machine_check_status"": ""NOT_RUN: Lean/Lake unavailable"", ""paper_reported_declarations"": [], ""source_declarations"": [""E14_ReconsolidationStatus"", ""E14_LawfulConflictTrichotomy"", ""branch projections"", ""control/falsifier theorems""], ""source_match_status"": ""MATCHED_IMPORTED_LAW_DECLARATION"", ""source_modules"": [""SixBirdsFoundationsV.Laws.E14Reconsolidation""], ""statement_delta"": [""The module is locally present and statically import-closed. This verifies source availability and dependency closure, not a local kernel replay; paper grade, conditional hypotheses, and host-certificate obligations remain controlling."", ""F9 disposition, F20 formation, transport, provenance, distinction support and ledger-charge comparators are supplied.""], ""target_declarations"": []}","The first is record repair, the second a strict loss of a distinction no longer supportable under the declared futures, and the third retained debt. A same-identity, same-claim record with changed value is an unlawful silent rewrite only when no lawful reconsolidation outcome exists, no typed F9 disposition exists, and the complete mutation-provenance inventory is empty.",AVAILABLE_AFTER_EXACT_HYPOTHESIS_AND_STATEMENT_MATCH,"[""P030-C0012"", ""P030-C0020"", ""P030-C0024"", ""P030-C0028"", ""P030-C0033"", ""P030-C0038"", ""P030-C0044"", ""P030-C0055"", ""P030-C0058"", ""P030-C0063"", ""P030-C0065"", ""P030-C0074"", ""P030-C0082"", ""P030-C0090"", ""P030-C0108"", ""P030-C0109"", ""P030-C0110"", ""P030-C0111"", ""P030-C0112"", ""P030-C0114"", ""P030-C0117"", ""P030-C0121"", ""P030-C0122"", ""P030-C0123"", ""P030-C0124"", ""P030-C0126"", ""This inventory contract is not a Foundations VII theorem, bridge proof, or candidate-law endorsement.""]","A nonfactoring candidate distinction is proposed but fails closure/objecthood or never fires, so strictness alone yields neither objecthood nor directionality.",STEP2_REUSE_BOUNDARY_INDEXED
BR-REUSE-0067,PRIOR_LAW_REUSE_CONTRACT,P030-C0076,E15,P030,FOUNDATIONS_VII_REUSE_BOUNDARY,FUTURE_FOUNDATIONS_VII,substrate: map/interface external exchange is gated → zero,Any later Foundations VII object that supplies a typed instantiation of the source carrier/interface and all source hypotheses.,Exact statement-level adapter; no new VII object or adapter is constructed in Step 2.,"[""Given complete carried debt, phase-flow, budget, and status records, exactly one E15 status in holds.""]","[""A later reuse must prove type alignment, source fidelity, and all added VII-specific premises.""]","[""None may be silently dropped.""]",source/papers/Tsiokos_2026_Six_Birds_Foundations_V_Endogenous_Closure_A_Catalog_of_Structural_Laws_for_Living_Cognitive_and_Social_Systems.tex:L3985-L4001; derived/expanded/Tsiokos_2026_Six_Birds_Foundations_V_Endogenous_Closure_A_Catalog_of_Structural_Laws_for_Living_Cognitive_and_Social_Systems.tex:L3985-L4001,"[""source/papers/Tsiokos_2026_Six_Birds_Foundations_V_Endogenous_Closure_A_Catalog_of_Structural_Laws_for_Living_Cognitive_and_Social_Systems.tex:L3985-L4001; derived/expanded/Tsiokos_2026_Six_Birds_Foundations_V_Endogenous_Closure_A_Catalog_of_Structural_Laws_for_Living_Cognitive_and_Social_Systems.tex:L3985-L4001"", ""registry/E_laws.csv:E15"", ""formalization/integration/cumulative_lean_theorems.csv""]","{""adapter_declarations"": [], ""added_trust_base"": [], ""caveats"": [""Conditional host-supplied certificates and the paper's theorem/schema grade must travel with reuse.""], ""exact_conclusion_match"": null, ""exact_hypothesis_match"": null, ""inherited_trust_base"": [""No authored Foundations V axiom/opaque declaration; transitive imported trust is governed by the cumulative scaffold ledger.""], ""machine_check_status"": ""NOT_RUN: Lean/Lake unavailable"", ""paper_reported_declarations"": [], ""source_declarations"": [""E15_DeficitAlternation"", ""E15_OfflineCapacityExactlyFreed"", ""E15_OfflineReclosureStatus"", ""falsifier/regime theorems""], ""source_match_status"": ""MATCHED_IMPORTED_LAW_DECLARATION"", ""source_modules"": [""SixBirdsFoundationsV.Laws.E15OfflineReclosure""], ""statement_delta"": [""The module is locally present and statically import-closed. This verifies source availability and dependency closure, not a local kernel replay; paper grade, conditional hypotheses, and host-certificate obligations remain controlling."", ""F3 status, Xi valuation, P2 exchange, E7/E5 observations and complete flows are supplied; scalar debt-to-alarm causation remains open.""], ""target_declarations"": []}","The alternation_required case verifies strict online deficit and a recurrent lawful offline substrate: external exchange is gated to zero, the exact freed allocation is assigned to internal transport or repackaging, and linked debt discharge occurs during each credited phase. It additionally carries a duty-cycle prediction, a tolerance declared before the horizon, and d_ obs -d_ pred within that tolerance. If a _ on , the claim lies outside the strict-deficit necessity argument; formal no-requirement follows only from a supplied complete OnlineSufficientCase, not from that scalar inequality alone. The status named skipped_offline_cascade is an all-online strict-deficit, debt-growth cascade with timed E7 alarm and later E5-stressed observations; it does not itself prove that a separately scheduled offline phase was skipped.",AVAILABLE_AFTER_EXACT_HYPOTHESIS_AND_STATEMENT_MATCH,"[""P030-C0012"", ""P030-C0020"", ""P030-C0024"", ""P030-C0028"", ""P030-C0033"", ""P030-C0038"", ""P030-C0044"", ""P030-C0055"", ""P030-C0058"", ""P030-C0063"", ""P030-C0065"", ""P030-C0074"", ""P030-C0082"", ""P030-C0090"", ""P030-C0108"", ""P030-C0109"", ""P030-C0110"", ""P030-C0111"", ""P030-C0112"", ""P030-C0114"", ""P030-C0117"", ""P030-C0121"", ""P030-C0122"", ""P030-C0123"", ""P030-C0124"", ""P030-C0126"", ""This inventory contract is not a Foundations VII theorem, bridge proof, or candidate-law endorsement.""]","A nonfactoring candidate distinction is proposed but fails closure/objecthood or never fires, so strictness alone yields neither objecthood nor directionality.",STEP2_REUSE_BOUNDARY_INDEXED
BR-REUSE-0068,PRIOR_LAW_REUSE_CONTRACT,P030-C0091,E16,P030,FOUNDATIONS_VII_REUSE_BOUNDARY,FUTURE_FOUNDATIONS_VII,E16: Adaptability: An E-system exhibits coherent adaptability exactly when the two routes are currently indistinguishable but leave a claim-linked difference in held-out repair-capacity distributions that survives all declared controls and is not already an outstanding E15 residue. Such a record has two consequences: the endpoints satisfy the exact CurrentE…,Any later Foundations VII object that supplies a typed instantiation of the source carrier/interface and all source hypotheses.,Exact statement-level adapter; no new VII object or adapter is constructed in Step 2.,"[""No independent hypothesis block was mechanically separable; all quantifiers and conditions in source_wording_tex govern.""]","[""A later reuse must prove type alignment, source fidelity, and all added VII-specific premises.""]","[""None may be silently dropped.""]",source/papers/Tsiokos_2026_Six_Birds_Foundations_V_Endogenous_Closure_A_Catalog_of_Structural_Laws_for_Living_Cognitive_and_Social_Systems.tex:L4536-L4550; derived/expanded/Tsiokos_2026_Six_Birds_Foundations_V_Endogenous_Closure_A_Catalog_of_Structural_Laws_for_Living_Cognitive_and_Social_Systems.tex:L4536-L4550,"[""source/papers/Tsiokos_2026_Six_Birds_Foundations_V_Endogenous_Closure_A_Catalog_of_Structural_Laws_for_Living_Cognitive_and_Social_Systems.tex:L4536-L4550; derived/expanded/Tsiokos_2026_Six_Birds_Foundations_V_Endogenous_Closure_A_Catalog_of_Structural_Laws_for_Living_Cognitive_and_Social_Systems.tex:L4536-L4550"", ""registry/E_laws.csv:E16"", ""formalization/integration/cumulative_lean_theorems.csv""]","{""adapter_declarations"": [], ""added_trust_base"": [], ""caveats"": [""Conditional host-supplied certificates and the paper's theorem/schema grade must travel with reuse.""], ""exact_conclusion_match"": null, ""exact_hypothesis_match"": null, ""inherited_trust_base"": [""No authored Foundations V axiom/opaque declaration; transitive imported trust is governed by the cumulative scaffold ledger.""], ""machine_check_status"": ""NOT_RUN: Lean/Lake unavailable"", ""paper_reported_declarations"": [], ""source_declarations"": [""E16_AdaptabilityStatus"", ""E16_CoherentAdaptability"", ""E16_CurrentAuditBlindness"", ""E16_RouteManufacturesRepairCapacity"", ""E16_LoopAsymmetryAnchor""], ""source_match_status"": ""MATCHED_IMPORTED_LAW_DECLARATION"", ""source_modules"": [""SixBirdsFoundationsV.Laws.E16Adaptability""], ""statement_delta"": [""The E16 module is locally present (120 declarations, 15 theorems). The upstream root and 1,141-row manifest omit it; the VII-owned complete wrapper and 1,261-row completed manifest repair discoverability without modifying upstream files. Paper grade and host-certificate obligations remain controlling."", ""Route admissibility, trial eligibility, probability semantics, control universes and E15 bridge acceptance are supplied; paper records a root-aggregator omission despite module landing.""], ""target_declarations"": []}","An E-system exhibits coherent adaptability exactly when the two routes are currently indistinguishable but leave a claim-linked difference in held-out repair-capacity distributions that survives all declared controls and is not already an outstanding E15 residue. Such a record has two consequences: the endpoints satisfy the exact CurrentEventEquiv relation; and the exact claim-linked records report unequal future repair probabilities despite matched current endpoints. A currentizable residue is legible slack, not adaptability; a residue erased by lawful continuation is dissipative memory; an equal claim-linked pair is flat.",AVAILABLE_AFTER_EXACT_HYPOTHESIS_AND_STATEMENT_MATCH,"[""P030-C0012"", ""P030-C0020"", ""P030-C0024"", ""P030-C0028"", ""P030-C0033"", ""P030-C0038"", ""P030-C0044"", ""P030-C0055"", ""P030-C0058"", ""P030-C0063"", ""P030-C0065"", ""P030-C0074"", ""P030-C0082"", ""P030-C0090"", ""P030-C0108"", ""P030-C0109"", ""P030-C0110"", ""P030-C0111"", ""P030-C0112"", ""P030-C0114"", ""P030-C0117"", ""P030-C0121"", ""P030-C0122"", ""P030-C0123"", ""P030-C0124"", ""P030-C0126"", ""This inventory contract is not a Foundations VII theorem, bridge proof, or candidate-law endorsement.""]","A protocol loop has nonzero route residue while the lifted dynamics is stationary and reversible, so holonomy exists with zero sustained arrow.",STEP2_REUSE_BOUNDARY_INDEXED
BR-REUSE-0069,PRIOR_LAW_REUSE_CONTRACT,P029-C0010,G1,P029,FOUNDATIONS_VII_REUSE_BOUNDARY,FUTURE_FOUNDATIONS_VII,"Hidden Amortized Solvency, Part (a): bad-tail reduction: Pointwise liveness is equivalent to emptiness of the infinite bad-tail intersection: ( x ∈ X A ,\ k 1 :\ V_k(x) > 0 ) Longleftrightarrow _ k 1 N_k = . Points of A are terminally discharged before the membrane test.",Any later Foundations VII object that supplies a typed instantiation of the source carrier/interface and all source hypotheses.,Exact statement-level adapter; no new VII object or adapter is constructed in Step 2.,"[""No independent hypothesis block was mechanically separable; all quantifiers and conditions in source_wording_tex govern.""]","[""A later reuse must prove type alignment, source fidelity, and all added VII-specific premises.""]","[""None may be silently dropped.""]",source/papers/Tsiokos_2026_Six_Birds_Foundations_VI_A_Catalog_of_Dynamical_Structural_Laws.tex:L553-L561; derived/expanded/Tsiokos_2026_Six_Birds_Foundations_VI_A_Catalog_of_Dynamical_Structural_Laws.tex:L553-L561,"[""source/papers/Tsiokos_2026_Six_Birds_Foundations_VI_A_Catalog_of_Dynamical_Structural_Laws.tex:L553-L561; derived/expanded/Tsiokos_2026_Six_Birds_Foundations_VI_A_Catalog_of_Dynamical_Structural_Laws.tex:L553-L561"", ""registry/G_laws.csv:G1"", ""formalization/integration/cumulative_lean_theorems.csv""]","{""adapter_declarations"": [], ""added_trust_base"": [], ""caveats"": [""Tests and finite labs do not discharge the general law hypotheses.""], ""exact_conclusion_match"": null, ""exact_hypothesis_match"": null, ""inherited_trust_base"": [""No G-law axiom/opaque declaration identified; transitive imported trust is governed by the scaffold ledger.""], ""machine_check_status"": ""NOT_RUN: Lean/Lake unavailable"", ""paper_reported_declarations"": [], ""source_declarations"": [""SixBirdsFoundationsVI.Laws.G1HiddenAmortizedSolvency.part_a_reduction"", ""SixBirdsFoundationsVI.Laws.G1HiddenAmortizedSolvency.part_b_discharge""], ""source_match_status"": ""MATCHED_IMPORTED_LAW_DECLARATION"", ""source_modules"": [""SixBirdsFoundationsVI.Laws.G1HiddenAmortizedSolvency""], ""statement_delta"": [""Preserve the paper grade. Sixty-two locally available suite tests passed overall; three G11 tests requiring PySAT were unavailable. Tests do not discharge conditional law hypotheses."", ""Paper grade: theorem (Part a) / schema (Part b)""], ""target_declarations"": []}","Pointwise liveness is equivalent to emptiness of the infinite bad-tail intersection: ( x ∈ X A ,\ k 1 :\ V_k(x) > 0 ) Longleftrightarrow _ k 1 N_k = . Points of A are terminally discharged before the membrane test.",AVAILABLE_AFTER_EXACT_HYPOTHESIS_AND_STATEMENT_MATCH,"[""P029-C0002"", ""P029-C0005"", ""P029-C0006"", ""P029-C0008"", ""P029-C0021"", ""P029-C0030"", ""P029-C0033"", ""This inventory contract is not a Foundations VII theorem, bridge proof, or candidate-law endorsement.""]",A verbal resemblance or citation exists while the source hypotheses and carrier/interface map are not discharged.,STEP2_REUSE_BOUNDARY_INDEXED
BR-REUSE-0070,PRIOR_LAW_REUSE_CONTRACT,P029-C0013,G2,P029,FOUNDATIONS_VII_REUSE_BOUNDARY,FUTURE_FOUNDATIONS_VII,"Transfinite Escrow: Assume: [H-G2-stage-coherence] for every nonterminal step of the run, e_ k+1 (pi_ k+1 (T_k(x_k)) ) < e_k (pi_k(x_k) ); (W, <) is well-founded. Then no infinite nonterminal run exists: every run reaches A in finitely many steps. When W carries an effective height extractor for the initial escrow value, the extractor yields a finite step-c…",Any later Foundations VII object that supplies a typed instantiation of the source carrier/interface and all source hypotheses.,Exact statement-level adapter; no new VII object or adapter is constructed in Step 2.,"[""Assume: [H-G2-stage-coherence] for every nonterminal step of the run, e_ k+1 (pi_ k+1 (T_k(x_k)) ) < e_k (pi_k(x_k) ); (W, <) is well-founded""]","[""A later reuse must prove type alignment, source fidelity, and all added VII-specific premises.""]","[""None may be silently dropped.""]",source/papers/Tsiokos_2026_Six_Birds_Foundations_VI_A_Catalog_of_Dynamical_Structural_Laws.tex:L697-L717; derived/expanded/Tsiokos_2026_Six_Birds_Foundations_VI_A_Catalog_of_Dynamical_Structural_Laws.tex:L697-L717,"[""source/papers/Tsiokos_2026_Six_Birds_Foundations_VI_A_Catalog_of_Dynamical_Structural_Laws.tex:L697-L717; derived/expanded/Tsiokos_2026_Six_Birds_Foundations_VI_A_Catalog_of_Dynamical_Structural_Laws.tex:L697-L717"", ""registry/G_laws.csv:G2"", ""formalization/integration/cumulative_lean_theorems.csv""]","{""adapter_declarations"": [], ""added_trust_base"": [], ""caveats"": [""Tests and finite labs do not discharge the general law hypotheses.""], ""exact_conclusion_match"": null, ""exact_hypothesis_match"": null, ""inherited_trust_base"": [""No G-law axiom/opaque declaration identified; transitive imported trust is governed by the scaffold ledger.""], ""machine_check_status"": ""NOT_RUN: Lean/Lake unavailable"", ""paper_reported_declarations"": [], ""source_declarations"": [""SixBirdsFoundationsVI.Laws.G2TransfiniteEscrow.no_descending_chain_from_acc"", ""SixBirdsFoundationsVI.Laws.G2TransfiniteEscrow.wellFounded_no_descending_chain"", ""SixBirdsFoundationsVI.Laws.G2TransfiniteEscrow.no_infinite_nonterminal_run"", ""SixBirdsFoundationsVI.Laws.G2TransfiniteEscrow.not_nonterminal_of_stage_coherence""], ""source_match_status"": ""MATCHED_IMPORTED_LAW_DECLARATION"", ""source_modules"": [""SixBirdsFoundationsVI.Laws.G2TransfiniteEscrow""], ""statement_delta"": [""Preserve the paper grade. Sixty-two locally available suite tests passed overall; three G11 tests requiring PySAT were unavailable. Tests do not discharge conditional law hypotheses."", ""Paper grade: theorem""], ""target_declarations"": []}","no infinite nonterminal run exists: every run reaches A in finitely many steps. When W carries an effective height extractor for the initial escrow value, the extractor yields a finite step-count certificate or bound; otherwise the descended certificate is the finite terminating trace itself. For declared problem families, the existence of a sound uniform escrow may carry a named minimum order strength. For Goodstein sequences that strength is _0 : the standard proof descends through ordinals cofinal below _0 , and by Kirby–Paris, Goodstein's theorem is not provable in Peano Arithmetic — equivalently, for this normal form, no PA-internal escrow whose well-foundedness is provable below the _0 strength can certify termination of all Goodstein sequences. The price is imported proof theory, recorded here, not reproved",AVAILABLE_AFTER_EXACT_HYPOTHESIS_AND_STATEMENT_MATCH,"[""P029-C0002"", ""P029-C0005"", ""P029-C0006"", ""P029-C0008"", ""P029-C0021"", ""P029-C0030"", ""P029-C0033"", ""This inventory contract is not a Foundations VII theorem, bridge proof, or candidate-law endorsement.""]","A protocol loop has nonzero route residue while the lifted dynamics is stationary and reversible, so holonomy exists with zero sustained arrow.",STEP2_REUSE_BOUNDARY_INDEXED
BR-REUSE-0071,PRIOR_LAW_REUSE_CONTRACT,P029-C0014,G3,P029,FOUNDATIONS_VII_REUSE_BOUNDARY,FUTURE_FOUNDATIONS_VII,"Amortized Potential Currency: For every finite run prefix s_0 → → s_n , _ i=1 ^ n a_i = _ i=1 ^ n a_i + Phi(s_0) - Phi(s_n) _ i=1 ^ n a_i + Phi(s_0), the inequality because Phi(s_n) 0 . Consequently, if a declared class of runs has a_i B for every step, then every length- n prefix satisfies _ i=1 ^ n a_i n B + Phi(s_0).",Any later Foundations VII object that supplies a typed instantiation of the source carrier/interface and all source hypotheses.,Exact statement-level adapter; no new VII object or adapter is constructed in Step 2.,"[""For every finite run prefix s_0 → → s_n , _ i=1 ^ n a_i = _ i=1 ^ n a_i + Phi(s_0) - Phi(s_n) _ i=1 ^ n a_i + Phi(s_0), the inequality because Phi(s_n) 0 . Consequently, if a declared class of runs has a_i B for every step""]","[""A later reuse must prove type alignment, source fidelity, and all added VII-specific premises.""]","[""None may be silently dropped.""]",source/papers/Tsiokos_2026_Six_Birds_Foundations_VI_A_Catalog_of_Dynamical_Structural_Laws.tex:L819-L831; derived/expanded/Tsiokos_2026_Six_Birds_Foundations_VI_A_Catalog_of_Dynamical_Structural_Laws.tex:L819-L831,"[""source/papers/Tsiokos_2026_Six_Birds_Foundations_VI_A_Catalog_of_Dynamical_Structural_Laws.tex:L819-L831; derived/expanded/Tsiokos_2026_Six_Birds_Foundations_VI_A_Catalog_of_Dynamical_Structural_Laws.tex:L819-L831"", ""registry/G_laws.csv:G3"", ""formalization/integration/cumulative_lean_theorems.csv""]","{""adapter_declarations"": [], ""added_trust_base"": [], ""caveats"": [""Tests and finite labs do not discharge the general law hypotheses.""], ""exact_conclusion_match"": null, ""exact_hypothesis_match"": null, ""inherited_trust_base"": [""No G-law axiom/opaque declaration identified; transitive imported trust is governed by the scaffold ledger.""], ""machine_check_status"": ""NOT_RUN: Lean/Lake unavailable"", ""paper_reported_declarations"": [], ""source_declarations"": [""SixBirdsFoundationsVI.Laws.G3AmortizedCurrency.telescoping_identity"", ""SixBirdsFoundationsVI.Laws.G3AmortizedCurrency.telescoping_bound"", ""SixBirdsFoundationsVI.Laws.G3AmortizedCurrency.amortized_sum_le_scale"", ""SixBirdsFoundationsVI.Laws.G3AmortizedCurrency.uniform_actual_cost_bound""], ""source_match_status"": ""MATCHED_IMPORTED_LAW_DECLARATION"", ""source_modules"": [""SixBirdsFoundationsVI.Laws.G3AmortizedCurrency""], ""statement_delta"": [""Preserve the paper grade. Sixty-two locally available suite tests passed overall; three G11 tests requiring PySAT were unavailable. Tests do not discharge conditional law hypotheses."", ""Paper grade: theorem""], ""target_declarations"": []}",every length- n prefix satisfies _ i=1 ^ n a_i n B + Phi(s_0),AVAILABLE_AFTER_EXACT_HYPOTHESIS_AND_STATEMENT_MATCH,"[""P029-C0002"", ""P029-C0005"", ""P029-C0006"", ""P029-C0008"", ""P029-C0021"", ""P029-C0030"", ""P029-C0033"", ""This inventory contract is not a Foundations VII theorem, bridge proof, or candidate-law endorsement.""]",A verbal resemblance or citation exists while the source hypotheses and carrier/interface map are not discharged.,STEP2_REUSE_BOUNDARY_INDEXED
BR-REUSE-0072,PRIOR_LAW_REUSE_CONTRACT,P029-C0015,G4,P029,FOUNDATIONS_VII_REUSE_BOUNDARY,FUTURE_FOUNDATIONS_VII,"Moving-Cover Exhaustion: Declare a target family, a patch class, and a certificate language, and consider the hypotheses: [H-G4-sound] every patch certificate c_alpha proves P(t) for every t ∈ R_alpha in the declared local certificate system; [H-G4-exhaust] one of the declared audit forms proves total coverage: globally, every t ∈ T leaves U_n at some finit…",Any later Foundations VII object that supplies a typed instantiation of the source carrier/interface and all source hypotheses.,Exact statement-level adapter; no new VII object or adapter is constructed in Step 2.,"[""Declare a target family, a patch class, and a certificate language, and consider the hypotheses: [H-G4-sound] every patch certificate c_alpha proves P(t) for every t ∈ R_alpha in the declared local certificate system; [H-G4-exhaust] one of the declared audit forms proves total coverage: globally, every t ∈ T leaves U_n at some finite n ; or pointwise, every t ∈ T has empty residual rho_N(t) at some finite N ; [H-G4-language-complete] if P(t) holds for all t ∈ T , the declared certificate langua…""]","[""A later reuse must prove type alignment, source fidelity, and all added VII-specific premises.""]","[""None may be silently dropped.""]",source/papers/Tsiokos_2026_Six_Birds_Foundations_VI_A_Catalog_of_Dynamical_Structural_Laws.tex:L942-L967; derived/expanded/Tsiokos_2026_Six_Birds_Foundations_VI_A_Catalog_of_Dynamical_Structural_Laws.tex:L942-L967,"[""source/papers/Tsiokos_2026_Six_Birds_Foundations_VI_A_Catalog_of_Dynamical_Structural_Laws.tex:L942-L967; derived/expanded/Tsiokos_2026_Six_Birds_Foundations_VI_A_Catalog_of_Dynamical_Structural_Laws.tex:L942-L967"", ""registry/G_laws.csv:G4"", ""formalization/integration/cumulative_lean_theorems.csv""]","{""adapter_declarations"": [], ""added_trust_base"": [], ""caveats"": [""Tests and finite labs do not discharge the general law hypotheses.""], ""exact_conclusion_match"": null, ""exact_hypothesis_match"": null, ""inherited_trust_base"": [""No G-law axiom/opaque declaration identified; transitive imported trust is governed by the scaffold ledger.""], ""machine_check_status"": ""NOT_RUN: Lean/Lake unavailable"", ""paper_reported_declarations"": [], ""source_declarations"": [""SixBirdsFoundationsVI.Laws.G4MovingCoverExhaustion.positive_schema"", ""SixBirdsFoundationsVI.Laws.G4MovingCoverExhaustion.conditional_biconditional"", ""SixBirdsFoundationsVI.Laws.G4MovingCoverExhaustion.fixed_package_no_go""], ""source_match_status"": ""MATCHED_IMPORTED_LAW_DECLARATION"", ""source_modules"": [""SixBirdsFoundationsVI.Laws.G4MovingCoverExhaustion""], ""statement_delta"": [""Preserve the paper grade. Sixty-two locally available suite tests passed overall; three G11 tests requiring PySAT were unavailable. Tests do not discharge conditional law hypotheses."", ""Paper grade: schema""], ""target_declarations"": []}","(Positive schema.) [H-G4-sound] and [H-G4-exhaust] together give P(t) for every t ∈ T . (Conditional biconditional.) Relative to [H-G4-sound] and [H-G4-language-complete] , closure of \ P(t)\ is equivalent to the existence of an exhaustion certificate in the declared language. (Fixed-package no-go.) Under [H-G4-fixed-leak] , no finite package from C closes the claim — a statement about that restricted class only, blocking nothing for a richer moving-cover family",AVAILABLE_AFTER_EXACT_HYPOTHESIS_AND_STATEMENT_MATCH,"[""P029-C0002"", ""P029-C0005"", ""P029-C0006"", ""P029-C0008"", ""P029-C0021"", ""P029-C0030"", ""P029-C0033"", ""This inventory contract is not a Foundations VII theorem, bridge proof, or candidate-law endorsement.""]","A nonfactoring candidate distinction is proposed but fails closure/objecthood or never fires, so strictness alone yields neither objecthood nor directionality.",STEP2_REUSE_BOUNDARY_INDEXED
BR-REUSE-0073,PRIOR_LAW_REUSE_CONTRACT,P029-C0016,G5,P029,FOUNDATIONS_VII_REUSE_BOUNDARY,FUTURE_FOUNDATIONS_VII,"Carry-Horizon Confinement: No-go schema. Assume [H-G5-unbounded-horizon] for every fixed depth m there are a step j and states y, z in the declared carrier with q_m(y) = q_m(z) but different declared future probe values — a nonempty step-indexed split-pair obstruction Delta(q_m, R_b^ j , r_j) ≠ . Then no fixed-depth quotient q_m is future-sufficient for the…",Any later Foundations VII object that supplies a typed instantiation of the source carrier/interface and all source hypotheses.,Exact statement-level adapter; no new VII object or adapter is constructed in Step 2.,"[""No-go schema. Assume [H-G5-unbounded-horizon] for every fixed depth m there are a step j and states y, z in the declared carrier with q_m(y) = q_m(z) but different declared future probe values — a nonempty step-indexed split-pair obstruction Delta(q_m, R_b^ j , r_j) ≠ . Then no fixed-depth quotient q_m is future-sufficient for the declared unbounded run: for every m , the future probe fails to factor through q_m . Confinement schema. Assume [H-G5-closed-pattern] a declared regular or automatic…""]","[""A later reuse must prove type alignment, source fidelity, and all added VII-specific premises.""]","[""None may be silently dropped.""]",source/papers/Tsiokos_2026_Six_Birds_Foundations_VI_A_Catalog_of_Dynamical_Structural_Laws.tex:L1065-L1088; derived/expanded/Tsiokos_2026_Six_Birds_Foundations_VI_A_Catalog_of_Dynamical_Structural_Laws.tex:L1065-L1088,"[""source/papers/Tsiokos_2026_Six_Birds_Foundations_VI_A_Catalog_of_Dynamical_Structural_Laws.tex:L1065-L1088; derived/expanded/Tsiokos_2026_Six_Birds_Foundations_VI_A_Catalog_of_Dynamical_Structural_Laws.tex:L1065-L1088"", ""registry/G_laws.csv:G5"", ""formalization/integration/cumulative_lean_theorems.csv""]","{""adapter_declarations"": [], ""added_trust_base"": [], ""caveats"": [""Tests and finite labs do not discharge the general law hypotheses.""], ""exact_conclusion_match"": null, ""exact_hypothesis_match"": null, ""inherited_trust_base"": [""No G-law axiom/opaque declaration identified; transitive imported trust is governed by the scaffold ledger.""], ""machine_check_status"": ""NOT_RUN: Lean/Lake unavailable"", ""paper_reported_declarations"": [], ""source_declarations"": [""SixBirdsFoundationsVI.Laws.G5CarryHorizonConfinement.no_fixed_depth_future_sufficient"", ""SixBirdsFoundationsVI.Laws.G5CarryHorizonConfinement.no_future_sufficient_depth"", ""SixBirdsFoundationsVI.Laws.G5CarryHorizonConfinement.iterate_add"", ""SixBirdsFoundationsVI.Laws.G5CarryHorizonConfinement.closed_pattern_persists"", ""SixBirdsFoundationsVI.Laws.G5CarryHorizonConfinement.closed_pattern_confinement""], ""source_match_status"": ""MATCHED_IMPORTED_LAW_DECLARATION"", ""source_modules"": [""SixBirdsFoundationsVI.Laws.G5CarryHorizonConfinement""], ""statement_delta"": [""Preserve the paper grade. Sixty-two locally available suite tests passed overall; three G11 tests requiring PySAT were unavailable. Tests do not discharge conditional law hypotheses."", ""Paper grade: calibration-anchored schema""], ""target_declarations"": []}","if some iterate R_b^ N (x) lies in P , no later iterate satisfies the target: closure gives R_b^ N+t (x) ∈ P for every t 0 , and target-freeness gives Pal_b(R_b^ N+t (x)) for every t 0 . Both halves are conditional: the no-go does not by itself prove escape from the target, and the confinement applies only after a concrete target-free closed language has been verified",AVAILABLE_AFTER_EXACT_HYPOTHESIS_AND_STATEMENT_MATCH,"[""P029-C0002"", ""P029-C0005"", ""P029-C0006"", ""P029-C0008"", ""P029-C0021"", ""P029-C0030"", ""P029-C0033"", ""This inventory contract is not a Foundations VII theorem, bridge proof, or candidate-law endorsement.""]",A verbal resemblance or citation exists while the source hypotheses and carrier/interface map are not discharged.,STEP2_REUSE_BOUNDARY_INDEXED
BR-REUSE-0074,PRIOR_LAW_REUSE_CONTRACT,P029-C0018,G6,P029,FOUNDATIONS_VII_REUSE_BOUNDARY,FUTURE_FOUNDATIONS_VII,visited: map/interface the orbit is cofinite-covering relative → E,Any later Foundations VII object that supplies a typed instantiation of the source carrier/interface and all source hypotheses.,Exact statement-level adapter; no new VII object or adapter is constructed in Step 2.,"[""Covering schema. Assume [H-G6-dominant-pressure] there are a finite exception set E ⊆ X , a cofinal exhaustion W_1 ⊆ W_2 ⊆ with _M W_M = X E , and for each M a finite block decomposition of times after some N_M such that whenever H_n(W_M) is nonempty at the start of a block I , the audited inequality _ i ∈ I rho_i(W_M) 1 + _ i ∈ I gamma_i(W_M) holds and the excess is charged to at least one distinct first visit in H_n(W_M) during I . Then every point of X E is eventually visited: the orbit is c…""]","[""A later reuse must prove type alignment, source fidelity, and all added VII-specific premises.""]","[""None may be silently dropped.""]",source/papers/Tsiokos_2026_Six_Birds_Foundations_VI_A_Catalog_of_Dynamical_Structural_Laws.tex:L1190-L1218; derived/expanded/Tsiokos_2026_Six_Birds_Foundations_VI_A_Catalog_of_Dynamical_Structural_Laws.tex:L1190-L1218,"[""source/papers/Tsiokos_2026_Six_Birds_Foundations_VI_A_Catalog_of_Dynamical_Structural_Laws.tex:L1190-L1218; derived/expanded/Tsiokos_2026_Six_Birds_Foundations_VI_A_Catalog_of_Dynamical_Structural_Laws.tex:L1190-L1218"", ""registry/G_laws.csv:G6"", ""formalization/integration/cumulative_lean_theorems.csv""]","{""adapter_declarations"": [], ""added_trust_base"": [], ""caveats"": [""Tests and finite labs do not discharge the general law hypotheses.""], ""exact_conclusion_match"": null, ""exact_hypothesis_match"": null, ""inherited_trust_base"": [""No G-law axiom/opaque declaration identified; transitive imported trust is governed by the scaffold ledger.""], ""machine_check_status"": ""NOT_RUN: Lean/Lake unavailable"", ""paper_reported_declarations"": [], ""source_declarations"": [""SixBirdsFoundationsVI.Laws.G6EndogenousNeedleGeneration.covering_schema"", ""SixBirdsFoundationsVI.Laws.G6EndogenousNeedleGeneration.hole_forming_schema""], ""source_match_status"": ""MATCHED_IMPORTED_LAW_DECLARATION"", ""source_modules"": [""SixBirdsFoundationsVI.Laws.G6EndogenousNeedleGeneration""], ""statement_delta"": [""Preserve the paper grade. Sixty-two locally available suite tests passed overall; three G11 tests requiring PySAT were unavailable. Tests do not discharge conditional law hypotheses."", ""Paper grade: schema""], ""target_declarations"": []}","y is a permanent hole: y V_n for all n N . Both directions are schemas: no concrete system satisfies either hypothesis until its rate ledger and witness cuts are supplied, and the two hypotheses can only conflict on a single target if the audit record itself is inconsistent",AVAILABLE_AFTER_EXACT_HYPOTHESIS_AND_STATEMENT_MATCH,"[""P029-C0002"", ""P029-C0005"", ""P029-C0006"", ""P029-C0008"", ""P029-C0021"", ""P029-C0030"", ""P029-C0033"", ""This inventory contract is not a Foundations VII theorem, bridge proof, or candidate-law endorsement.""]",The theorist or environment supplies the generator; the resulting extension is externally seeded rather than endogenous.,STEP2_REUSE_BOUNDARY_INDEXED
BR-REUSE-0075,PRIOR_LAW_REUSE_CONTRACT,P029-C0019,G7,P029,FOUNDATIONS_VII_REUSE_BOUNDARY,FUTURE_FOUNDATIONS_VII,consider: map/interface [H-G7-escape-strategy] a declared angel strategy sigma_A from finite visible his → ries to legal moves,Any later Foundations VII object that supplies a typed instantiation of the source carrier/interface and all source hypotheses.,Exact statement-level adapter; no new VII object or adapter is constructed in Step 2.,"[""Fix a board, mobility rule, and devil budget, and consider: [H-G7-escape-strategy] a declared angel strategy sigma_A from finite visible histories to legal moves, with an invariant I_n(H_n) and a proof that against every legal devil strategy, sigma_A preserves I_n and leaves a legal undeleted move at every finite turn;""]","[""A later reuse must prove type alignment, source fidelity, and all added VII-specific premises.""]","[""None may be silently dropped.""]",source/papers/Tsiokos_2026_Six_Birds_Foundations_VI_A_Catalog_of_Dynamical_Structural_Laws.tex:L1300-L1324; derived/expanded/Tsiokos_2026_Six_Birds_Foundations_VI_A_Catalog_of_Dynamical_Structural_Laws.tex:L1300-L1324,"[""source/papers/Tsiokos_2026_Six_Birds_Foundations_VI_A_Catalog_of_Dynamical_Structural_Laws.tex:L1300-L1324; derived/expanded/Tsiokos_2026_Six_Birds_Foundations_VI_A_Catalog_of_Dynamical_Structural_Laws.tex:L1300-L1324"", ""registry/G_laws.csv:G7"", ""formalization/integration/cumulative_lean_theorems.csv""]","{""adapter_declarations"": [], ""added_trust_base"": [], ""caveats"": [""Tests and finite labs do not discharge the general law hypotheses.""], ""exact_conclusion_match"": null, ""exact_hypothesis_match"": null, ""inherited_trust_base"": [""No G-law axiom/opaque declaration identified; transitive imported trust is governed by the scaffold ledger.""], ""machine_check_status"": ""NOT_RUN: Lean/Lake unavailable"", ""paper_reported_declarations"": [], ""source_declarations"": [""SixBirdsFoundationsVI.Laws.G7AdversarialMobilityConfinement.escape_never_stuck"", ""SixBirdsFoundationsVI.Laws.G7AdversarialMobilityConfinement.play_succ_from_initial"", ""SixBirdsFoundationsVI.Laws.G7AdversarialMobilityConfinement.confinement_forces_trap_with_fuel"", ""SixBirdsFoundationsVI.Laws.G7AdversarialMobilityConfinement.confinement_forces_trap"", ""SixBirdsFoundationsVI.Laws.G7AdversarialMobilityConfinement.no_infinite_nat_descent"", ""SixBirdsFoundationsVI.Laws.G7AdversarialMobilityConfinement.escape_confinement_mutually_exclusive""], ""source_match_status"": ""MATCHED_IMPORTED_LAW_DECLARATION"", ""source_modules"": [""SixBirdsFoundationsVI.Laws.G7AdversarialMobilityConfinement""], ""statement_delta"": [""Preserve the paper grade. Sixty-two locally available suite tests passed overall; three G11 tests requiring PySAT were unavailable. Tests do not discharge conditional law hypotheses."", ""Paper grade: calibration-anchored schema""], ""target_declarations"": []}","[H-G7-confinement-strategy] a declared devil strategy sigma_D from finite visible histories to at most b legal deletions, with a wall, cut, ranking, or amortization proof that against every legal angel strategy, sigma_D forces a finite turn N with no legal angel move. Exactly these certificate statuses are admissible: if [H-G7-escape-strategy] is discharged, the angel wins — every play consistent with sigma_A is infinite; if [H-G7-confinement-strategy] is discharged, the devil wins — every play against sigma_D is trapped in finitely many turns; if neither is supplied, the parameter lies in the declared ruleset's open band. The two certificates are mutually exclusive for a fixed declared game: playing the two strategies against each other would produce a single play both infinite and finitely trapped. For the classical game on Z^2 with b = 1 the threshold is fully known: the power- 1 angel loses, and every power- p angel with p 2 wins; no open band remains for the standard two-dimensional one-devil game.",AVAILABLE_AFTER_EXACT_HYPOTHESIS_AND_STATEMENT_MATCH,"[""P029-C0002"", ""P029-C0005"", ""P029-C0006"", ""P029-C0008"", ""P029-C0021"", ""P029-C0030"", ""P029-C0033"", ""This inventory contract is not a Foundations VII theorem, bridge proof, or candidate-law endorsement.""]",A verbal resemblance or citation exists while the source hypotheses and carrier/interface map are not discharged.,STEP2_REUSE_BOUNDARY_INDEXED
BR-REUSE-0076,PRIOR_LAW_REUSE_CONTRACT,P029-C0020,G8,P029,FOUNDATIONS_VII_REUSE_BOUNDARY,FUTURE_FOUNDATIONS_VII,"(C, V, \ m_v\ , L): move system with initial configuration x , and assume: [H-G8] (abelian compatibility) for every configuration c and all distinct sites v ≠ w; hypothesis: map/interface [H-G8] does not require a move → preserve its own legality after firing",Any later Foundations VII object that supplies a typed instantiation of the source carrier/interface and all source hypotheses.,Exact statement-level adapter; no new VII object or adapter is constructed in Step 2.,"[""Let (C, V, \\ m_v\\ , L) be a move system with initial configuration x , and assume: [H-G8] (abelian compatibility) for every configuration c and all distinct sites v ≠ w : if L_v(c) and L_w(c) both hold, then firing either move preserves legality of the other, the two composites agree, m_w(m_v(c)) = m_v(m_w(c)), and both two-step routes record the same counter increment e_v + e_w . The case v = w is outside the scope of this hypothesis: [H-G8] does not require a move to preserve its own legality…""]","[""A later reuse must prove type alignment, source fidelity, and all added VII-specific premises.""]","[""None may be silently dropped.""]",source/papers/Tsiokos_2026_Six_Birds_Foundations_VI_A_Catalog_of_Dynamical_Structural_Laws.tex:L1432-L1469; derived/expanded/Tsiokos_2026_Six_Birds_Foundations_VI_A_Catalog_of_Dynamical_Structural_Laws.tex:L1432-L1469,"[""source/papers/Tsiokos_2026_Six_Birds_Foundations_VI_A_Catalog_of_Dynamical_Structural_Laws.tex:L1432-L1469; derived/expanded/Tsiokos_2026_Six_Birds_Foundations_VI_A_Catalog_of_Dynamical_Structural_Laws.tex:L1432-L1469"", ""registry/G_laws.csv:G8"", ""formalization/integration/cumulative_lean_theorems.csv""]","{""adapter_declarations"": [], ""added_trust_base"": [], ""caveats"": [""Tests and finite labs do not discharge the general law hypotheses.""], ""exact_conclusion_match"": null, ""exact_hypothesis_match"": null, ""inherited_trust_base"": [""No G-law axiom/opaque declaration identified; transitive imported trust is governed by the scaffold ledger.""], ""machine_check_status"": ""NOT_RUN: Lean/Lake unavailable"", ""paper_reported_declarations"": [], ""source_declarations"": [""SixBirdsFoundationsVI.Laws.G8OdometerAbelianization.stable_legal_run_empty"", ""SixBirdsFoundationsVI.Laws.G8OdometerAbelianization.runCounter_cons_congr"", ""SixBirdsFoundationsVI.Laws.G8OdometerAbelianization.extract_first_move"", ""SixBirdsFoundationsVI.Laws.G8OdometerAbelianization.partA_order_independent_and_odometer"", ""SixBirdsFoundationsVI.Laws.G8OdometerAbelianization.order_independent_stabilization"", ""SixBirdsFoundationsVI.Laws.G8OdometerAbelianization.odometer_invariance"", ""SixBirdsFoundationsVI.Laws.G8OdometerAbelianization.legalRun_snoc"", ""SixBirdsFoundationsVI.Laws.G8OdometerAbelianization.runCounter_append_single"", ""SixBirdsFoundationsVI.Laws.G8OdometerAbelianization.prefixBounded_snoc"", ""SixBirdsFoundationsVI.Laws.G8OdometerAbelianization.legalRun_counts_bounded_from_prefix"", ""SixBirdsFoundationsVI.Laws.G8OdometerAbelianization.least_action"", ""SixBirdsFoundationsVI.Laws.G8OdometerAbelianization.caseB_not_abelian"", ""SixBirdsFoundationsVI.Laws.G8OdometerAbelianization.caseB_stable_N"", ""SixBirdsFoundationsVI.Laws.G8OdometerAbelianization.caseB_no_legal_N"", ""SixBirdsFoundationsVI.Laws.G8OdometerAbelianization.caseB_stable_run_from_N"", ""SixBirdsFoundationsVI.Laws.G8OdometerAbelianization.caseB_after_A_move_ends_N"", ""SixBirdsFoundationsVI.Laws.G8OdometerAbelianization.caseB_stable_run_from_A"", ""SixBirdsFoundationsVI.Laws.G8OdometerAbelianization.caseB_after_B_move_ends_N"", ""SixBirdsFoundationsVI.Laws.G8OdometerAbelianization.caseB_stable_run_from_B"", ""SixBirdsFoundationsVI.Laws.G8OdometerAbelianization.caseB_after_S_move_ends_N"", ""SixBirdsFoundationsVI.Laws.G8OdometerAbelianization.caseB_stable_run_from_S_ends_N"", ""SixBirdsFoundationsVI.Laws.G8OdometerAbelianization.caseB_terminates_from_N"", ""SixBirdsFoundationsVI.Laws.G8OdometerAbelianization.caseB_terminates_from_A"", ""SixBirdsFoundationsVI.Laws.G8OdometerAbelianization.caseB_terminates_from_B"", ""SixBirdsFoundationsVI.Laws.G8OdometerAbelianization.caseB_terminates_from_S"", ""SixBirdsFoundationsVI.Laws.G8OdometerAbelianization.caseB_run_rp"", ""SixBirdsFoundationsVI.Laws.G8OdometerAbelianization.caseB_run_rt"", ""SixBirdsFoundationsVI.Laws.G8OdometerAbelianization.caseB_run_sq"", ""SixBirdsFoundationsVI.Laws.G8OdometerAbelianization.caseB_confluent_runs_share_final"", ""SixBirdsFoundationsVI.Laws.G8OdometerAbelianization.caseB_counter_rp_s_zero"", ""SixBirdsFoundationsVI.Laws.G8OdometerAbelianization.caseB_counter_sq_s_one"", ""SixBirdsFoundationsVI.Laws.G8OdometerAbelianization.caseB_route_dependent_counter"", ""SixBirdsFoundationsVI.Laws.G8OdometerAbelianization.caseD_stable_A"", ""SixBirdsFoundationsVI.Laws.G8OdometerAbelianization.caseD_stable_B"", ""SixBirdsFoundationsVI.Laws.G8OdometerAbelianization.caseD_terminates_from_S"", ""SixBirdsFoundationsVI.Laws.G8OdometerAbelianization.caseD_run_r"", ""SixBirdsFoundationsVI.Laws.G8OdometerAbelianization.caseD_run_s"", ""SixBirdsFoundationsVI.Laws.G8OdometerAbelianization.caseD_final_states_distinct"", ""SixBirdsFoundationsVI.Laws.G8OdometerAbelianization.caseD_nonconfluent_witness""], ""source_match_status"": ""MATCHED_IMPORTED_LAW_DECLARATION"", ""source_modules"": [""SixBirdsFoundationsVI.Laws.G8OdometerAbelianization""], ""statement_delta"": [""Preserve the paper grade. Sixty-two locally available suite tests passed overall; three G11 tests requiring PySAT were unavailable. Tests do not discharge conditional law hypotheses."", ""Paper grade: theorem""], ""target_declarations"": []}","the odometer is pointwise minimal among legally sufficient scripts: for every n ∈ N^ V whose prescribed multiset of moves is realized by some legal admissible stabilizing order from x , u_x(v) n(v) for every v ∈ V. This is a legal-versus-legal least-action statement. It does not compare the odometer against the fully general Fey–Levine–Peres class of arbitrary nonnegative stabilizing scripts, which includes force-firing scripts passing through illegal intermediate configurations",AVAILABLE_AFTER_EXACT_HYPOTHESIS_AND_STATEMENT_MATCH,"[""P029-C0002"", ""P029-C0005"", ""P029-C0006"", ""P029-C0008"", ""P029-C0021"", ""P029-C0030"", ""P029-C0033"", ""This inventory contract is not a Foundations VII theorem, bridge proof, or candidate-law endorsement.""]","A protocol loop has nonzero route residue while the lifted dynamics is stationary and reversible, so holonomy exists with zero sustained arrow.",STEP2_REUSE_BOUNDARY_INDEXED
BR-REUSE-0077,PRIOR_LAW_REUSE_CONTRACT,P029-C0022,G9,P029,FOUNDATIONS_VII_REUSE_BOUNDARY,FUTURE_FOUNDATIONS_VII,"Defect-Evacuation-to-Transport: Let a run of an extended local system carry the setup data above. Positive schema. Assume: [H-G9-census] the run carries an exact defect ledger, and there is a finite N such that for all n N the unresolved defect measure is non-increasing after accounting for bound and absorbed defects: |unresolved_ n+1 | |unresolved_n| . [H-…",Any later Foundations VII object that supplies a typed instantiation of the source carrier/interface and all source hypotheses.,Exact statement-level adapter; no new VII object or adapter is constructed in Step 2.,"[""Let a run of an extended local system carry the setup data above. Positive schema. Assume: [H-G9-census] the run carries an exact defect ledger, and there is a finite N such that for all n N the unresolved defect measure is non-increasing after accounting for bound and absorbed defects: |unresolved_ n+1 | |unresolved_n| . [H-G9-absorb] there are finite constants N, T and a finite family of transporter records \\ R_j\\ such that every defect still unresolved for T steps after time N is annihilated…""]","[""A later reuse must prove type alignment, source fidelity, and all added VII-specific premises.""]","[""None may be silently dropped.""]",source/papers/Tsiokos_2026_Six_Birds_Foundations_VI_A_Catalog_of_Dynamical_Structural_Laws.tex:L1609-L1643; derived/expanded/Tsiokos_2026_Six_Birds_Foundations_VI_A_Catalog_of_Dynamical_Structural_Laws.tex:L1609-L1643,"[""source/papers/Tsiokos_2026_Six_Birds_Foundations_VI_A_Catalog_of_Dynamical_Structural_Laws.tex:L1609-L1643; derived/expanded/Tsiokos_2026_Six_Birds_Foundations_VI_A_Catalog_of_Dynamical_Structural_Laws.tex:L1609-L1643"", ""registry/G_laws.csv:G9"", ""formalization/integration/cumulative_lean_theorems.csv""]","{""adapter_declarations"": [], ""added_trust_base"": [], ""caveats"": [""Tests and finite labs do not discharge the general law hypotheses.""], ""exact_conclusion_match"": null, ""exact_hypothesis_match"": null, ""inherited_trust_base"": [""No G-law axiom/opaque declaration identified; transitive imported trust is governed by the scaffold ledger.""], ""machine_check_status"": ""NOT_RUN: Lean/Lake unavailable"", ""paper_reported_declarations"": [], ""source_declarations"": [""SixBirdsFoundationsVI.Laws.G9DefectEvacuationTransport.census_bound_from_start"", ""SixBirdsFoundationsVI.Laws.G9DefectEvacuationTransport.census_tail_bound"", ""SixBirdsFoundationsVI.Laws.G9DefectEvacuationTransport.census_excludes_unbounded_creation"", ""SixBirdsFoundationsVI.Laws.G9DefectEvacuationTransport.certified_transport_regime_of_assigned_nonzero""], ""source_match_status"": ""MATCHED_IMPORTED_LAW_DECLARATION"", ""source_modules"": [""SixBirdsFoundationsVI.Laws.G9DefectEvacuationTransport""], ""statement_delta"": [""Preserve the paper grade. Sixty-two locally available suite tests passed overall; three G11 tests requiring PySAT were unavailable. Tests do not discharge conditional law hypotheses."", ""Paper grade: calibration-anchored schema""], ""target_declarations"": []}","the positive transport claim is blocked by the proliferation ledger itself. Equivalently, such a ledger is incompatible with [H-G9-census] , so the positive schema's census obligation cannot be discharged; no recurrence-with-displacement record may be inferred from finite local motion or holonomy language alone",AVAILABLE_AFTER_EXACT_HYPOTHESIS_AND_STATEMENT_MATCH,"[""P029-C0002"", ""P029-C0005"", ""P029-C0006"", ""P029-C0008"", ""P029-C0021"", ""P029-C0030"", ""P029-C0033"", ""This inventory contract is not a Foundations VII theorem, bridge proof, or candidate-law endorsement.""]","A protocol loop has nonzero route residue while the lifted dynamics is stationary and reversible, so holonomy exists with zero sustained arrow.",STEP2_REUSE_BOUNDARY_INDEXED
BR-REUSE-0078,PRIOR_LAW_REUSE_CONTRACT,P029-C0024,G10,P029,FOUNDATIONS_VII_REUSE_BOUNDARY,FUTURE_FOUNDATIONS_VII,"Lossful Boundary Persistence: Assume: [lossful] D is not injective; [H-G10-protect] for every state x : I(x) b(D(x)) = rho(b(x)) — the exact functional relationship, with no unstated target value; [H-G10-regen] for every state x : I(x) I(D(x)) ; [initial invariant] I(x_0) . Then for every n 0 : I(x_n) holds, and the boundary obeys the iterated protection la…",Any later Foundations VII object that supplies a typed instantiation of the source carrier/interface and all source hypotheses.,Exact statement-level adapter; no new VII object or adapter is constructed in Step 2.,"[""Assume: [lossful] D is not injective; [H-G10-protect] for every state x : I(x) b(D(x)) = rho(b(x)) — the exact functional relationship, with no unstated target value; [H-G10-regen] for every state x : I(x) I(D(x)) ; [initial invariant] I(x_0)""]","[""A later reuse must prove type alignment, source fidelity, and all added VII-specific premises.""]","[""None may be silently dropped.""]",source/papers/Tsiokos_2026_Six_Birds_Foundations_VI_A_Catalog_of_Dynamical_Structural_Laws.tex:L1750-L1767; derived/expanded/Tsiokos_2026_Six_Birds_Foundations_VI_A_Catalog_of_Dynamical_Structural_Laws.tex:L1750-L1767,"[""source/papers/Tsiokos_2026_Six_Birds_Foundations_VI_A_Catalog_of_Dynamical_Structural_Laws.tex:L1750-L1767; derived/expanded/Tsiokos_2026_Six_Birds_Foundations_VI_A_Catalog_of_Dynamical_Structural_Laws.tex:L1750-L1767"", ""registry/G_laws.csv:G10"", ""formalization/integration/cumulative_lean_theorems.csv""]","{""adapter_declarations"": [], ""added_trust_base"": [], ""caveats"": [""Tests and finite labs do not discharge the general law hypotheses.""], ""exact_conclusion_match"": null, ""exact_hypothesis_match"": null, ""inherited_trust_base"": [""No G-law axiom/opaque declaration identified; transitive imported trust is governed by the scaffold ledger.""], ""machine_check_status"": ""NOT_RUN: Lean/Lake unavailable"", ""paper_reported_declarations"": [], ""source_declarations"": [""SixBirdsFoundationsVI.Laws.G10LossfulPersistence.boundary_persistence"", ""SixBirdsFoundationsVI.Laws.G10LossfulPersistence.checksum_lossful"", ""SixBirdsFoundationsVI.Laws.G10LossfulPersistence.checksum_protect"", ""SixBirdsFoundationsVI.Laws.G10LossfulPersistence.checksum_regen"", ""SixBirdsFoundationsVI.Laws.G10LossfulPersistence.checksum_boundary_persistence""], ""source_match_status"": ""MATCHED_IMPORTED_LAW_DECLARATION"", ""source_modules"": [""SixBirdsFoundationsVI.Laws.G10LossfulPersistence""], ""statement_delta"": [""Preserve the paper grade. Sixty-two locally available suite tests passed overall; three G11 tests requiring PySAT were unavailable. Tests do not discharge conditional law hypotheses."", ""Paper grade: theorem""], ""target_declarations"": []}","for every n 0 : I(x_n) holds, and the boundary obeys the iterated protection law b(x_n) = rho^ n (b(x_0)), equivalently b(x_ n+1 ) = rho(b(x_n)) \ at every step. The theorem is unconditional given the named hypotheses; it does not require D to be invertible and does not reconstruct lost interior information",AVAILABLE_AFTER_EXACT_HYPOTHESIS_AND_STATEMENT_MATCH,"[""P029-C0002"", ""P029-C0005"", ""P029-C0006"", ""P029-C0008"", ""P029-C0021"", ""P029-C0030"", ""P029-C0033"", ""This inventory contract is not a Foundations VII theorem, bridge proof, or candidate-law endorsement.""]",A verbal resemblance or citation exists while the source hypotheses and carrier/interface map are not discharged.,STEP2_REUSE_BOUNDARY_INDEXED
BR-REUSE-0079,PRIOR_LAW_REUSE_CONTRACT,P029-C0025,G11,P029,FOUNDATIONS_VII_REUSE_BOUNDARY,FUTURE_FOUNDATIONS_VII,Local-Rule Global-Anti-Symmetry: Assume: [H-G11-hierarchy] every globally admissible C -configuration carries the declared hierarchy uniquely at every scale; the hierarchy is locally forced by the rules of C ; and for every nonzero period vector p some scale k has forced marker or block structure that cannot be invariant under translation by p ; [H-G11-none…,Any later Foundations VII object that supplies a typed instantiation of the source carrier/interface and all source hypotheses.,Exact statement-level adapter; no new VII object or adapter is constructed in Step 2.,"[""Assume: [H-G11-hierarchy] every globally admissible C -configuration carries the declared hierarchy uniquely at every scale; the hierarchy is locally forced by the rules of C ; and for every nonzero period vector p some scale k has forced marker or block structure that cannot be invariant under translation by p ; [H-G11-nonempty] at least one global configuration satisfies all local rules of C . Then admissible configurations exist; for every nonzero p the hierarchy supplies a scale whose force…""]","[""A later reuse must prove type alignment, source fidelity, and all added VII-specific premises.""]","[""None may be silently dropped.""]",source/papers/Tsiokos_2026_Six_Birds_Foundations_VI_A_Catalog_of_Dynamical_Structural_Laws.tex:L1886-L1899; derived/expanded/Tsiokos_2026_Six_Birds_Foundations_VI_A_Catalog_of_Dynamical_Structural_Laws.tex:L1886-L1899,"[""source/papers/Tsiokos_2026_Six_Birds_Foundations_VI_A_Catalog_of_Dynamical_Structural_Laws.tex:L1886-L1899; derived/expanded/Tsiokos_2026_Six_Birds_Foundations_VI_A_Catalog_of_Dynamical_Structural_Laws.tex:L1886-L1899"", ""registry/G_laws.csv:G11"", ""formalization/integration/cumulative_lean_theorems.csv""]","{""adapter_declarations"": [], ""added_trust_base"": [], ""caveats"": [""Tests and finite labs do not discharge the general law hypotheses.""], ""exact_conclusion_match"": null, ""exact_hypothesis_match"": null, ""inherited_trust_base"": [""No G-law axiom/opaque declaration identified; transitive imported trust is governed by the scaffold ledger.""], ""machine_check_status"": ""NOT_RUN: Lean/Lake unavailable"", ""paper_reported_declarations"": [], ""source_declarations"": [""SixBirdsFoundationsVI.Laws.G11GlobalAntiSymmetry.admissible_configurations_exist"", ""SixBirdsFoundationsVI.Laws.G11GlobalAntiSymmetry.hierarchy_forces_aperiodic"", ""SixBirdsFoundationsVI.Laws.G11GlobalAntiSymmetry.g11_global_anti_symmetry""], ""source_match_status"": ""MATCHED_IMPORTED_LAW_DECLARATION"", ""source_modules"": [""SixBirdsFoundationsVI.Laws.G11GlobalAntiSymmetry""], ""statement_delta"": [""Preserve the paper grade. Sixty-two locally available suite tests passed overall; three G11 tests requiring PySAT were unavailable. Tests do not discharge conditional law hypotheses."", ""Paper grade: theorem""], ""target_declarations"": []}",every admissible configuration is aperiodic,AVAILABLE_AFTER_EXACT_HYPOTHESIS_AND_STATEMENT_MATCH,"[""P029-C0002"", ""P029-C0005"", ""P029-C0006"", ""P029-C0008"", ""P029-C0021"", ""P029-C0030"", ""P029-C0033"", ""This inventory contract is not a Foundations VII theorem, bridge proof, or candidate-law endorsement.""]",A verbal resemblance or citation exists while the source hypotheses and carrier/interface map are not discharged.,STEP2_REUSE_BOUNDARY_INDEXED
BR-REUSE-0080,PRIOR_LAW_REUSE_CONTRACT,P029-C0026,G12,P029,FOUNDATIONS_VII_REUSE_BOUNDARY,FUTURE_FOUNDATIONS_VII,coloring: map/interface a global coloring would restrict → a proper k -coloring of G[W],Any later Foundations VII object that supplies a typed instantiation of the source carrier/interface and all source hypotheses.,Exact statement-level adapter; no new VII object or adapter is constructed in Step 2.,"[""Assume [H-G12-finite-witness] some finite W ⊆ X has a valid cert_k(W) proving (G[W]) > k . Then X has no proper k -coloring: a global coloring would restrict to a proper k -coloring of G[W] , contradicting the certificate; hence (X, E) > k . Assume also [H-G12-homogeneity] Gamma acts transitively on X preserving E . Then every gamma W is an equally valid witness with the certificate transported by gamma — location-invariance of the witness, not a stronger bound. Assume further [H-G12-compactnes…""]","[""A later reuse must prove type alignment, source fidelity, and all added VII-specific premises.""]","[""None may be silently dropped.""]",source/papers/Tsiokos_2026_Six_Birds_Foundations_VI_A_Catalog_of_Dynamical_Structural_Laws.tex:L1984-L2006; derived/expanded/Tsiokos_2026_Six_Birds_Foundations_VI_A_Catalog_of_Dynamical_Structural_Laws.tex:L1984-L2006,"[""source/papers/Tsiokos_2026_Six_Birds_Foundations_VI_A_Catalog_of_Dynamical_Structural_Laws.tex:L1984-L2006; derived/expanded/Tsiokos_2026_Six_Birds_Foundations_VI_A_Catalog_of_Dynamical_Structural_Laws.tex:L1984-L2006"", ""registry/G_laws.csv:G12"", ""formalization/integration/cumulative_lean_theorems.csv""]","{""adapter_declarations"": [], ""added_trust_base"": [], ""caveats"": [""Tests and finite labs do not discharge the general law hypotheses.""], ""exact_conclusion_match"": null, ""exact_hypothesis_match"": null, ""inherited_trust_base"": [""No G-law axiom/opaque declaration identified; transitive imported trust is governed by the scaffold ledger.""], ""machine_check_status"": ""NOT_RUN: Lean/Lake unavailable"", ""paper_reported_declarations"": [], ""source_declarations"": [""SixBirdsFoundationsVI.Laws.G12FiniteWitnessRadiation.no_global_k_coloring"", ""SixBirdsFoundationsVI.Laws.G12FiniteWitnessRadiation.image_mem_map"", ""SixBirdsFoundationsVI.Laws.G12FiniteWitnessRadiation.orbit_radiation"", ""SixBirdsFoundationsVI.Laws.G12FiniteWitnessRadiation.finite_witness_iff_no_global_coloring""], ""source_match_status"": ""MATCHED_IMPORTED_LAW_DECLARATION"", ""source_modules"": [""SixBirdsFoundationsVI.Laws.G12FiniteWitnessRadiation""], ""statement_delta"": [""Preserve the paper grade. Sixty-two locally available suite tests passed overall; three G11 tests requiring PySAT were unavailable. Tests do not discharge conditional law hypotheses."", ""Paper grade: theorem""], ""target_declarations"": []}","for finite chromatic bounds the global chromatic number of (X, E) is the supremum of the chromatic numbers of its finite induced subgraphs: finite witnesses are complete, not merely sufficient, for finite lower-bound detection",AVAILABLE_AFTER_EXACT_HYPOTHESIS_AND_STATEMENT_MATCH,"[""P029-C0002"", ""P029-C0005"", ""P029-C0006"", ""P029-C0008"", ""P029-C0021"", ""P029-C0030"", ""P029-C0033"", ""This inventory contract is not a Foundations VII theorem, bridge proof, or candidate-law endorsement.""]","A nonfactoring candidate distinction is proposed but fails closure/objecthood or never fires, so strictness alone yields neither objecthood nor directionality.",STEP2_REUSE_BOUNDARY_INDEXED
BR-REUSE-0081,PRIOR_LAW_REUSE_CONTRACT,P029-C0027,G13,P029,FOUNDATIONS_VII_REUSE_BOUNDARY,FUTURE_FOUNDATIONS_VII,Thin-Orbit Saturation: This is a schema with imported mathematical payload. Assume: [H-G13-thin] Lambda is Zariski dense in the relevant algebraic group with [G_ Z : Lambda] = ∈fty ; [H-G13-expansion] the congruence quotient family has a uniform spectral gap for the declared generators; [H-G13-congruence-audit] A is the finite union of residue classes modul…,Any later Foundations VII object that supplies a typed instantiation of the source carrier/interface and all source hypotheses.,Exact statement-level adapter; no new VII object or adapter is constructed in Step 2.,"[""This is a schema with imported mathematical payload. Assume: [H-G13-thin] Lambda is Zariski dense in the relevant algebraic group with [G_ Z : Lambda] = ∈fty ; [H-G13-expansion] the congruence quotient family has a uniform spectral gap for the declared generators; [H-G13-congruence-audit] A is the finite union of residue classes modulo a declared Q_0 passing all declared local congruence obstructions — explicitly a local audit only; [H-G13-imported-saturation] an imported instance theorem prove…""]","[""A later reuse must prove type alignment, source fidelity, and all added VII-specific premises.""]","[""None may be silently dropped.""]",source/papers/Tsiokos_2026_Six_Birds_Foundations_VI_A_Catalog_of_Dynamical_Structural_Laws.tex:L2089-L2119; derived/expanded/Tsiokos_2026_Six_Birds_Foundations_VI_A_Catalog_of_Dynamical_Structural_Laws.tex:L2089-L2119,"[""source/papers/Tsiokos_2026_Six_Birds_Foundations_VI_A_Catalog_of_Dynamical_Structural_Laws.tex:L2089-L2119; derived/expanded/Tsiokos_2026_Six_Birds_Foundations_VI_A_Catalog_of_Dynamical_Structural_Laws.tex:L2089-L2119"", ""registry/G_laws.csv:G13"", ""formalization/integration/cumulative_lean_theorems.csv""]","{""adapter_declarations"": [], ""added_trust_base"": [], ""caveats"": [""Tests and finite labs do not discharge the general law hypotheses.""], ""exact_conclusion_match"": null, ""exact_hypothesis_match"": null, ""inherited_trust_base"": [""No G-law axiom/opaque declaration identified; transitive imported trust is governed by the scaffold ledger.""], ""machine_check_status"": ""NOT_RUN: Lean/Lake unavailable"", ""paper_reported_declarations"": [], ""source_declarations"": [""SixBirdsFoundationsVI.Laws.G13ThinOrbitSaturation.relative_density_theorem"", ""SixBirdsFoundationsVI.Laws.G13ThinOrbitSaturation.reciprocity_compatibility_observation""], ""source_match_status"": ""MATCHED_IMPORTED_LAW_DECLARATION"", ""source_modules"": [""SixBirdsFoundationsVI.Laws.G13ThinOrbitSaturation""], ""statement_delta"": [""Preserve the paper grade. Sixty-two locally available suite tests passed overall; three G11 tests requiring PySAT were unavailable. Tests do not discharge conditional law hypotheses."", ""Paper grade: schema""], ""target_declarations"": []}",the finite-congruence local-global claim is false for the instance — without contradicting density-one saturation when R_ rec has density zero. The obstruction refines the residual taxonomy; it does not overturn the saturation,AVAILABLE_AFTER_EXACT_HYPOTHESIS_AND_STATEMENT_MATCH,"[""P029-C0002"", ""P029-C0005"", ""P029-C0006"", ""P029-C0008"", ""P029-C0021"", ""P029-C0030"", ""P029-C0033"", ""This inventory contract is not a Foundations VII theorem, bridge proof, or candidate-law endorsement.""]",A verbal resemblance or citation exists while the source hypotheses and carrier/interface map are not discharged.,STEP2_REUSE_BOUNDARY_INDEXED
BR-REUSE-0082,PRIOR_LAW_REUSE_CONTRACT,P032-C0005,NG_ARROW_DPI,P032,FOUNDATIONS_VII_REUSE_BOUNDARY,FUTURE_FOUNDATIONS_VII,P: map/interface X×X → [0; let: map/interface X → Y be deterministic with pointwise extension ^ (T) (x_ 0:T )=( (x_0),Any later Foundations VII object that supplies a typed instantiation of the source carrier/interface and all source hypotheses.,Exact statement-level adapter; no new VII object or adapter is constructed in Step 2.,"[""Let mu∈Delta(X) , let P:X×X→[0,1] be row-stochastic, and let T 1 . Define the micro path law on X^ T+1 by P^ (T) _ mu,P (x_ 0:T )=mu(x_0) _ t=0 ^ T-1 P(x_t,x_ t+1 ). Let rev_T(x_ 0:T )=(x_T, ,x_0) and let :X→Y be deterministic with pointwise extension ^ (T) (x_ 0:T )=( (x_0), , (x_T))""]","[""A later reuse must prove type alignment, source fidelity, and all added VII-specific premises.""]","[""None may be silently dropped.""]",source/papers/Tsiokos_2026_Six_Birds_No_Go_Theorems_for_Audited_Emergence.tex:L367-L369; derived/expanded/Tsiokos_2026_Six_Birds_No_Go_Theorems_for_Audited_Emergence.tex:L367-L369,"[""source/papers/Tsiokos_2026_Six_Birds_No_Go_Theorems_for_Audited_Emergence.tex:L367-L369; derived/expanded/Tsiokos_2026_Six_Birds_No_Go_Theorems_for_Audited_Emergence.tex:L367-L369"", ""registry/no_go_theorems.csv:NG_ARROW_DPI"", ""formalization/integration/cumulative_lean_theorems.csv""]","{""adapter_declarations"": [], ""added_trust_base"": [], ""caveats"": [""The no-go source theorem remains authoritative; absence of a local correspondence is not evidence of falsehood.""], ""exact_conclusion_match"": null, ""exact_hypothesis_match"": null, ""inherited_trust_base"": [], ""machine_check_status"": ""NOT_APPLICABLE_OR_NOT_RUN"", ""paper_reported_declarations"": [], ""source_declarations"": [], ""source_match_status"": ""NO_MATCH"", ""source_modules"": [], ""statement_delta"": [""No imported declaration was identified for the no-go paper's deterministic data-processing inequality for arrow audits.""], ""target_declarations"": []}","KLBig(( ^ (T) )_ # P^ (T) _ mu,P \ Big\|\ (rev_T)_ # ( ^ (T) )_ # P^ (T) _ mu,P Big)\ \ KLBig(P^ (T) _ mu,P \ Big\|\ (rev_T)_ # P^ (T) _ mu,P Big)",SOURCE_RESULT_AVAILABLE_FORMAL_MATCH_REQUIRES_AUDIT,"[""This inventory contract is not a Foundations VII theorem, bridge proof, or candidate-law endorsement.""]","A nonfactoring candidate distinction is proposed but fails closure/objecthood or never fires, so strictness alone yields neither objecthood nor directionality.",STEP2_REUSE_BOUNDARY_INDEXED
BR-REUSE-0083,PRIOR_LAW_REUSE_CONTRACT,P032-C0007,NG_PROTOCOL_TRAP,P032,FOUNDATIONS_VII_REUSE_BOUNDARY,FUTURE_FOUNDATIONS_VII,"be finite, let P: × →[0,1] be row-stochastic, and let pi: stationary distribution satisfying detailed balance pi(x) P(x,x')= pi(x') P(x',x) for all x,x'∈; P: map/interface × → [0; observation: map/interface → Y",Any later Foundations VII object that supplies a typed instantiation of the source carrier/interface and all source hypotheses.,Exact statement-level adapter; no new VII object or adapter is constructed in Step 2.,"[""Let be finite, let P: × →[0,1] be row-stochastic, and let pi be a stationary distribution satisfying detailed balance pi(x) P(x,x')= pi(x') P(x',x) for all x,x'∈""]","[""A later reuse must prove type alignment, source fidelity, and all added VII-specific premises.""]","[""None may be silently dropped.""]",source/papers/Tsiokos_2026_Six_Birds_No_Go_Theorems_for_Audited_Emergence.tex:L379-L381; derived/expanded/Tsiokos_2026_Six_Birds_No_Go_Theorems_for_Audited_Emergence.tex:L379-L381,"[""source/papers/Tsiokos_2026_Six_Birds_No_Go_Theorems_for_Audited_Emergence.tex:L379-L381; derived/expanded/Tsiokos_2026_Six_Birds_No_Go_Theorems_for_Audited_Emergence.tex:L379-L381"", ""registry/no_go_theorems.csv:NG_PROTOCOL_TRAP"", ""formalization/integration/cumulative_lean_theorems.csv""]","{""adapter_declarations"": [], ""added_trust_base"": [], ""caveats"": [""Finite examples and audit tests do not replace the source theorem's exact hypotheses.""], ""exact_conclusion_match"": null, ""exact_hypothesis_match"": null, ""inherited_trust_base"": [], ""machine_check_status"": ""NOT_APPLICABLE_OR_NOT_RUN"", ""paper_reported_declarations"": [], ""source_declarations"": [], ""source_match_status"": ""NO_MATCH"", ""source_modules"": [], ""statement_delta"": [""No imported declaration was identified for the protocol/schedule trap theorem.""], ""target_declarations"": []}","for every horizon T 1 , (rev_T)_ # P^ (T) _ pi, P =P^ (T) _ pi, P implies KLBig(P^ (T) _ pi, P \ Big\|\ (rev_T)_ # P^ (T) _ pi, P Big)=0. Moreover, for every deterministic observation : →Y , KLBig(( ^ (T) )_ # P^ (T) _ pi, P \ Big\|\ (rev_T)_ # ( ^ (T) )_ # P^ (T) _ pi, P Big)=0",SOURCE_RESULT_AVAILABLE_FORMAL_MATCH_REQUIRES_AUDIT,"[""This inventory contract is not a Foundations VII theorem, bridge proof, or candidate-law endorsement.""]",A verbal resemblance or citation exists while the source hypotheses and carrier/interface map are not discharged.,STEP2_REUSE_BOUNDARY_INDEXED
BR-REUSE-0084,PRIOR_LAW_REUSE_CONTRACT,P032-C0009,NG_FORCE_FOREST,P032,FOUNDATIONS_VII_REUSE_BOUNDARY,FUTURE_FOUNDATIONS_VII,"G=(V,E): finite undirected forest; a: antisymmetric function on oriented edges, so that a(u,v)=-a(v,u) and a(u,v)=0 whenever \ u,v\ E; phi: map/interface V → R such that for every oriented edge (u",Any later Foundations VII object that supplies a typed instantiation of the source carrier/interface and all source hypotheses.,Exact statement-level adapter; no new VII object or adapter is constructed in Step 2.,"[""Let G=(V,E) be a finite undirected forest. Let a be an antisymmetric function on oriented edges, so that a(u,v)=-a(v,u) and a(u,v)=0 whenever \\ u,v\\ E""]","[""A later reuse must prove type alignment, source fidelity, and all added VII-specific premises.""]","[""None may be silently dropped.""]",source/papers/Tsiokos_2026_Six_Birds_No_Go_Theorems_for_Audited_Emergence.tex:L391-L393; derived/expanded/Tsiokos_2026_Six_Birds_No_Go_Theorems_for_Audited_Emergence.tex:L391-L393,"[""source/papers/Tsiokos_2026_Six_Birds_No_Go_Theorems_for_Audited_Emergence.tex:L391-L393; derived/expanded/Tsiokos_2026_Six_Birds_No_Go_Theorems_for_Audited_Emergence.tex:L391-L393"", ""registry/no_go_theorems.csv:NG_FORCE_FOREST"", ""formalization/integration/cumulative_lean_theorems.csv""]","{""adapter_declarations"": [], ""added_trust_base"": [], ""caveats"": [""Treat this as a reusable core lemma only after an explicit carrier and sign-convention adapter.""], ""exact_conclusion_match"": false, ""exact_hypothesis_match"": false, ""inherited_trust_base"": [], ""machine_check_status"": ""STATIC_INDEX_AND_IMPORT_RESOLUTION_ONLY; LOCAL_LEAN_KERNEL_NOT_RUN"", ""paper_reported_declarations"": [], ""source_declarations"": [""SixBirdsIII.forest_no_drive""], ""source_match_status"": ""PRIOR_SCAFFOLD_CORE_CORRESPONDENCE_REQUIRES_STATEMENT_AUDIT"", ""source_modules"": [""SixBirdsIII.GraphCohomology""], ""statement_delta"": [""The imported theorem proves the abstract forest/no-cycle drive core. It is not certified identical to the no-go paper's potential-representation statement on its declared force carrier.""], ""target_declarations"": []}","there exists a potential phi:V→R such that for every oriented edge (u,v) , a(u,v)=phi(v)-phi(u)",SOURCE_RESULT_AVAILABLE_FORMAL_MATCH_REQUIRES_AUDIT,"[""This inventory contract is not a Foundations VII theorem, bridge proof, or candidate-law endorsement.""]",A verbal resemblance or citation exists while the source hypotheses and carrier/interface map are not discharged.,STEP2_REUSE_BOUNDARY_INDEXED
BR-REUSE-0085,PRIOR_LAW_REUSE_CONTRACT,P032-C0011,NG_FORCE_NULL,P032,FOUNDATIONS_VII_REUSE_BOUNDARY,FUTURE_FOUNDATIONS_VII,"NG_FORCE_NULL: Assume a(u,v)=phi(v)-phi(u) on oriented edges of a finite graph. Then for every closed walk v_0, ,v_k=v_0 , _ i=0 ^ k-1 a(v_i,v_ i+1 ) = 0.",Any later Foundations VII object that supplies a typed instantiation of the source carrier/interface and all source hypotheses.,Exact statement-level adapter; no new VII object or adapter is constructed in Step 2.,"[""Assume a(u,v)=phi(v)-phi(u) on oriented edges of a finite graph""]","[""A later reuse must prove type alignment, source fidelity, and all added VII-specific premises.""]","[""None may be silently dropped.""]",source/papers/Tsiokos_2026_Six_Birds_No_Go_Theorems_for_Audited_Emergence.tex:L403-L405; derived/expanded/Tsiokos_2026_Six_Birds_No_Go_Theorems_for_Audited_Emergence.tex:L403-L405,"[""source/papers/Tsiokos_2026_Six_Birds_No_Go_Theorems_for_Audited_Emergence.tex:L403-L405; derived/expanded/Tsiokos_2026_Six_Birds_No_Go_Theorems_for_Audited_Emergence.tex:L403-L405"", ""registry/no_go_theorems.csv:NG_FORCE_NULL"", ""formalization/integration/cumulative_lean_theorems.csv""]","{""adapter_declarations"": [], ""added_trust_base"": [], ""caveats"": [""Do not infer the full no-go theorem from the declaration name alone.""], ""exact_conclusion_match"": false, ""exact_hypothesis_match"": false, ""inherited_trust_base"": [], ""machine_check_status"": ""STATIC_INDEX_AND_IMPORT_RESOLUTION_ONLY; LOCAL_LEAN_KERNEL_NOT_RUN"", ""paper_reported_declarations"": [], ""source_declarations"": [""SixBirdsIII.exact_form_null_drive""], ""source_match_status"": ""PRIOR_SCAFFOLD_CORE_CORRESPONDENCE_REQUIRES_STATEMENT_AUDIT"", ""source_modules"": [""SixBirdsIII.GraphCohomology""], ""statement_delta"": [""The imported theorem proves null drive for an exact graph 1-form. Exact equality with the no-go paper's force-normalization statement still requires a typed adapter.""], ""target_declarations"": []}","for every closed walk v_0, ,v_k=v_0 , _ i=0 ^ k-1 a(v_i,v_ i+1 ) = 0",SOURCE_RESULT_AVAILABLE_FORMAL_MATCH_REQUIRES_AUDIT,"[""This inventory contract is not a Foundations VII theorem, bridge proof, or candidate-law endorsement.""]",A verbal resemblance or citation exists while the source hypotheses and carrier/interface map are not discharged.,STEP2_REUSE_BOUNDARY_INDEXED
BR-REUSE-0086,PRIOR_LAW_REUSE_CONTRACT,P032-C0013,NG_MACRO_CLOSURE_DEFICIT,P032,FOUNDATIONS_VII_REUSE_BOUNDARY,FUTURE_FOUNDATIONS_VII,"(X,P): finite Markov chain, let mu∈Delta(X) , let Pi:X→Y be deterministic, and fix tau 1; Pi: map/interface X → Y be deterministic; K: map/interface Y×Y → [0",Any later Foundations VII object that supplies a typed instantiation of the source carrier/interface and all source hypotheses.,Exact statement-level adapter; no new VII object or adapter is constructed in Step 2.,"[""Let (X,P) be a finite Markov chain, let mu∈Delta(X) , let Pi:X→Y be deterministic, and fix tau 1 . For each x∈X , define the packaged future law p_x^ (tau) (y') := Pr_ mu,P [Pi(X_ t+tau )=y' X_t=x]. For a candidate macro kernel K:Y×Y→[0,1] , define L_tau(K) := _ x∈ X mu(x) KL (p_x^ (tau) K_ Pi(x) ). Define the closure deficit by CD_tau(Pi) := I (X_t;Pi(X_ t+tau ) | Pi(X_t) ). Then the kernel K^ _y(y') := Pr_ mu,P [Pi(X_ t+tau )=y' Pi(X_t)=y] satisfies CD_tau(Pi)= _K L_tau(K)=L_tau(K^ ). Moreove…""]","[""A later reuse must prove type alignment, source fidelity, and all added VII-specific premises.""]","[""None may be silently dropped.""]",source/papers/Tsiokos_2026_Six_Birds_No_Go_Theorems_for_Audited_Emergence.tex:L415-L417; derived/expanded/Tsiokos_2026_Six_Birds_No_Go_Theorems_for_Audited_Emergence.tex:L415-L417,"[""source/papers/Tsiokos_2026_Six_Birds_No_Go_Theorems_for_Audited_Emergence.tex:L415-L417; derived/expanded/Tsiokos_2026_Six_Birds_No_Go_Theorems_for_Audited_Emergence.tex:L415-L417"", ""registry/no_go_theorems.csv:NG_MACRO_CLOSURE_DEFICIT"", ""formalization/integration/cumulative_lean_theorems.csv""]","{""adapter_declarations"": [], ""added_trust_base"": [], ""caveats"": [""Reuse requires an explicit identification of probability objects, conditional-information convention, and minimization domain.""], ""exact_conclusion_match"": false, ""exact_hypothesis_match"": false, ""inherited_trust_base"": [], ""machine_check_status"": ""STATIC_INDEX_AND_IMPORT_RESOLUTION_ONLY; LOCAL_LEAN_KERNEL_NOT_RUN"", ""paper_reported_declarations"": [], ""source_declarations"": [""SixBirdsIII.finite_markov_closure_deficit""], ""source_match_status"": ""PRIOR_SCAFFOLD_CORE_CORRESPONDENCE_REQUIRES_STATEMENT_AUDIT"", ""source_modules"": [""SixBirdsIII.FiniteProbability""], ""statement_delta"": [""The imported theorem provides the abstract finite closure-deficit/minimization core. The no-go paper's full Markov/KL construction and admissible macroscopic class are not certified identical.""], ""target_declarations"": []}",CD_tau(Pi)>0,SOURCE_RESULT_AVAILABLE_FORMAL_MATCH_REQUIRES_AUDIT,"[""This inventory contract is not a Foundations VII theorem, bridge proof, or candidate-law endorsement.""]",A verbal resemblance or citation exists while the source hypotheses and carrier/interface map are not discharged.,STEP2_REUSE_BOUNDARY_INDEXED
BR-REUSE-0087,PRIOR_LAW_REUSE_CONTRACT,P032-C0015,NG_OBJECT_CONTRACTIVE,P032,FOUNDATIONS_VII_REUSE_BOUNDARY,FUTURE_FOUNDATIONS_VII,"P: stochastic matrix on finite Y; T_P:Delta(Y)→Delta(Y): operator nu↦ nu P , and let lambda(P) be the Dobrushin contraction coefficient in total variation; T_P: map/interface Delta(Y) → Delta(Y) be the operator nu↦ nu P",Any later Foundations VII object that supplies a typed instantiation of the source carrier/interface and all source hypotheses.,Exact statement-level adapter; no new VII object or adapter is constructed in Step 2.,"[""Let P be a stochastic matrix on finite Y . Let T_P:Delta(Y)→Delta(Y) be the operator nu↦ nu P , and let lambda(P) be the Dobrushin contraction coefficient in total variation. Assume lambda(P)<1 . If nu,nu'∈Delta(Y) satisfy the -stability bounds TV(nu,nu P) , TV(nu',nu'P)""]","[""A later reuse must prove type alignment, source fidelity, and all added VII-specific premises.""]","[""None may be silently dropped.""]",source/papers/Tsiokos_2026_Six_Birds_No_Go_Theorems_for_Audited_Emergence.tex:L427-L429; derived/expanded/Tsiokos_2026_Six_Birds_No_Go_Theorems_for_Audited_Emergence.tex:L427-L429,"[""source/papers/Tsiokos_2026_Six_Birds_No_Go_Theorems_for_Audited_Emergence.tex:L427-L429; derived/expanded/Tsiokos_2026_Six_Birds_No_Go_Theorems_for_Audited_Emergence.tex:L427-L429"", ""registry/no_go_theorems.csv:NG_OBJECT_CONTRACTIVE"", ""formalization/integration/cumulative_lean_theorems.csv""]","{""adapter_declarations"": [], ""added_trust_base"": [], ""caveats"": [""Contraction uniqueness is not by itself the complete object-formation no-go statement.""], ""exact_conclusion_match"": false, ""exact_hypothesis_match"": false, ""inherited_trust_base"": [], ""machine_check_status"": ""NOT_APPLICABLE_OR_NOT_RUN"", ""paper_reported_declarations"": [], ""source_declarations"": [], ""source_match_status"": ""PAPER_DISCLOSED_ASSET_NOT_IMPORTED"", ""source_modules"": [], ""statement_delta"": [""The source paper discloses a narrower contraction/uniqueness supplement, but no dedicated local declaration for the complete no-go theorem is present in the imported scaffold.""], ""target_declarations"": []}","TV(nu,nu') 2 1-lambda(P) . In particular, if =0 , the stationary distribution is unique",PAPER_RESULT_AVAILABLE_LOCAL_FORMAL_ASSET_ABSENT_OR_PARTIAL,"[""This inventory contract is not a Foundations VII theorem, bridge proof, or candidate-law endorsement.""]",A verbal resemblance or citation exists while the source hypotheses and carrier/interface map are not discharged.,STEP2_REUSE_BOUNDARY_INDEXED
BR-REUSE-0088,PRIOR_LAW_REUSE_CONTRACT,P032-C0017,NG_LADDER_IDEM,P032,FOUNDATIONS_VII_REUSE_BOUNDARY,FUTURE_FOUNDATIONS_VII,e: map/interface S → S satisfy e e=e,Any later Foundations VII object that supplies a typed instantiation of the source carrier/interface and all source hypotheses.,Exact statement-level adapter; no new VII object or adapter is constructed in Step 2.,"[""Let e:S→ S satisfy e e=e""]","[""A later reuse must prove type alignment, source fidelity, and all added VII-specific premises.""]","[""None may be silently dropped.""]",source/papers/Tsiokos_2026_Six_Birds_No_Go_Theorems_for_Audited_Emergence.tex:L439-L441; derived/expanded/Tsiokos_2026_Six_Birds_No_Go_Theorems_for_Audited_Emergence.tex:L439-L441,"[""source/papers/Tsiokos_2026_Six_Birds_No_Go_Theorems_for_Audited_Emergence.tex:L439-L441; derived/expanded/Tsiokos_2026_Six_Birds_No_Go_Theorems_for_Audited_Emergence.tex:L439-L441"", ""registry/no_go_theorems.csv:NG_LADDER_IDEM"", ""formalization/integration/cumulative_lean_theorems.csv""]","{""adapter_declarations"": [], ""added_trust_base"": [], ""caveats"": [""This correspondence does not mechanize the entire no-go chapter or its escape-route analysis.""], ""exact_conclusion_match"": false, ""exact_hypothesis_match"": false, ""inherited_trust_base"": [], ""machine_check_status"": ""STATIC_INDEX_AND_IMPORT_RESOLUTION_ONLY; LOCAL_LEAN_KERNEL_NOT_RUN"", ""paper_reported_declarations"": [], ""source_declarations"": [""SixBirdsIII.idempotent_saturation""], ""source_match_status"": ""MATCHED_IMPORTED_ABSTRACT_CORE_DECLARATION"", ""source_modules"": [""SixBirdsIII.Completion""], ""statement_delta"": [""The imported theorem gives the pointwise idempotent-saturation core. The no-go paper's exact ladder vocabulary and scope remain source-controlled.""], ""target_declarations"": []}","for all integers n 1 , e^ n =e",SOURCE_RESULT_AVAILABLE_FORMAL_MATCH_REQUIRES_AUDIT,"[""This inventory contract is not a Foundations VII theorem, bridge proof, or candidate-law endorsement.""]",A verbal resemblance or citation exists while the source hypotheses and carrier/interface map are not discharged.,STEP2_REUSE_BOUNDARY_INDEXED
BR-REUSE-0089,PRIOR_LAW_REUSE_CONTRACT,P032-C0019,NG_LADDER_BOUNDED_INTERFACE,P032,FOUNDATIONS_VII_REUSE_BOUNDARY,FUTURE_FOUNDATIONS_VII,f: map/interface X → Y be deterministic with finite image im(f); f: map/interface g:Y → \ 0,Any later Foundations VII object that supplies a typed instantiation of the source carrier/interface and all source hypotheses.,Exact statement-level adapter; no new VII object or adapter is constructed in Step 2.,"[""Let f:X→Y be deterministic with finite image im(f) . Define Def(f):=\\ g f : g:Y→\\ 0,1\\ \\""]","[""A later reuse must prove type alignment, source fidelity, and all added VII-specific premises.""]","[""None may be silently dropped.""]",source/papers/Tsiokos_2026_Six_Birds_No_Go_Theorems_for_Audited_Emergence.tex:L451-L453; derived/expanded/Tsiokos_2026_Six_Birds_No_Go_Theorems_for_Audited_Emergence.tex:L451-L453,"[""source/papers/Tsiokos_2026_Six_Birds_No_Go_Theorems_for_Audited_Emergence.tex:L451-L453; derived/expanded/Tsiokos_2026_Six_Birds_No_Go_Theorems_for_Audited_Emergence.tex:L451-L453"", ""registry/no_go_theorems.csv:NG_LADDER_BOUNDED_INTERFACE"", ""formalization/integration/cumulative_lean_theorems.csv""]","{""adapter_declarations"": [], ""added_trust_base"": [], ""caveats"": [""An adapter must expose the exact interface family, cardinality bound, and strict-chain notion.""], ""exact_conclusion_match"": false, ""exact_hypothesis_match"": false, ""inherited_trust_base"": [], ""machine_check_status"": ""STATIC_INDEX_AND_IMPORT_RESOLUTION_ONLY; LOCAL_LEAN_KERNEL_NOT_RUN"", ""paper_reported_declarations"": [], ""source_declarations"": [""SixBirdsIII.fixed_interface_definability_bound""], ""source_match_status"": ""PRIOR_SCAFFOLD_CORE_CORRESPONDENCE_REQUIRES_STATEMENT_AUDIT"", ""source_modules"": [""SixBirdsIII.Definability""], ""statement_delta"": [""The imported theorem gives a fixed-interface definability bound. It does not, without further finite-cardinality and iteration lemmas, establish the no-go paper's full bounded-interface ladder theorem.""], ""target_declarations"": []}","|Def(f)| = 2^ |im(f)| . Consequently, if |im(f)|<∈fty , there is no infinite strictly increasing sequence of pairwise distinct f -definable predicates",SOURCE_RESULT_AVAILABLE_FORMAL_MATCH_REQUIRES_AUDIT,"[""This inventory contract is not a Foundations VII theorem, bridge proof, or candidate-law endorsement.""]","A nonfactoring candidate distinction is proposed but fails closure/objecthood or never fires, so strictness alone yields neither objecthood nor directionality.",STEP2_REUSE_BOUNDARY_INDEXED
