family_id,p040_claim,p058_claim,p040_type,p058_type,similarity,status,p040_source,p058_source,semantic_ruling
VF-SAU-01,P040-C0001,P058-C0001,paper_thesis,paper_thesis,0.7307,RELATED_CHANGED_WORDING_OR_SCOPE,source/papers/Tsiokos_2026_The_Usefulness_of_Non_Descending_Objects_A_Six_Birds_Theory_of_Mathematical_Applicability.tex:L199-L231; derived/expanded/Tsiokos_2026_The_Usefulness_of_Non_Descending_Objects_A_Six_Birds_Theory_of_Mathematical_Applicability.tex:L199-L231,source/papers/Tsiokos_2026_Why_Mathematics_Even_Works.tex:L204-L229; derived/expanded/Tsiokos_2026_Why_Mathematics_Even_Works.tex:L204-L229,Navigation alignment only; no theorem equivalence or evidence independence is inferred.
VF-SAU-01,P040-C0002,P058-C0005,nonclaim,nonclaim,0.5643,TENTATIVE_ALIGNMENT_REQUIRES_CLAIM_REVIEW,source/papers/Tsiokos_2026_The_Usefulness_of_Non_Descending_Objects_A_Six_Birds_Theory_of_Mathematical_Applicability.tex:L199-L231; derived/expanded/Tsiokos_2026_The_Usefulness_of_Non_Descending_Objects_A_Six_Birds_Theory_of_Mathematical_Applicability.tex:L199-L231,source/papers/Tsiokos_2026_Why_Mathematics_Even_Works.tex:L342-L352; derived/expanded/Tsiokos_2026_Why_Mathematics_Even_Works.tex:L342-L352,Navigation alignment only; no theorem equivalence or evidence independence is inferred.
VF-SAU-01,P040-C0003,,scope_boundary,,0.08,P040_ONLY_AT_STEP2_ALIGNMENT_THRESHOLD,source/papers/Tsiokos_2026_The_Usefulness_of_Non_Descending_Objects_A_Six_Birds_Theory_of_Mathematical_Applicability.tex:L199-L231; derived/expanded/Tsiokos_2026_The_Usefulness_of_Non_Descending_Objects_A_Six_Birds_Theory_of_Mathematical_Applicability.tex:L199-L231,,No aligned P058 claim was promoted at the conservative threshold.
VF-SAU-01,P040-C0004,,result_summary,,0.2868,P040_ONLY_AT_STEP2_ALIGNMENT_THRESHOLD,source/papers/Tsiokos_2026_The_Usefulness_of_Non_Descending_Objects_A_Six_Birds_Theory_of_Mathematical_Applicability.tex:L302-L345; derived/expanded/Tsiokos_2026_The_Usefulness_of_Non_Descending_Objects_A_Six_Birds_Theory_of_Mathematical_Applicability.tex:L302-L345,,No aligned P058 claim was promoted at the conservative threshold.
VF-SAU-01,P040-C0005,,scope_boundary,,0.2375,P040_ONLY_AT_STEP2_ALIGNMENT_THRESHOLD,source/papers/Tsiokos_2026_The_Usefulness_of_Non_Descending_Objects_A_Six_Birds_Theory_of_Mathematical_Applicability.tex:L340-L343; derived/expanded/Tsiokos_2026_The_Usefulness_of_Non_Descending_Objects_A_Six_Birds_Theory_of_Mathematical_Applicability.tex:L340-L343,,No aligned P058 claim was promoted at the conservative threshold.
VF-SAU-01,P040-C0006,P058-C0006,definition,definition,1.0,IDENTICAL_NORMALIZED_STATEMENT,source/papers/Tsiokos_2026_The_Usefulness_of_Non_Descending_Objects_A_Six_Birds_Theory_of_Mathematical_Applicability.tex:L385-L396; derived/expanded/Tsiokos_2026_The_Usefulness_of_Non_Descending_Objects_A_Six_Birds_Theory_of_Mathematical_Applicability.tex:L385-L396,source/papers/Tsiokos_2026_Why_Mathematics_Even_Works.tex:L379-L390; derived/expanded/Tsiokos_2026_Why_Mathematics_Even_Works.tex:L379-L390,Navigation alignment only; no theorem equivalence or evidence independence is inferred.
VF-SAU-01,P040-C0007,P058-C0007,definition,definition,1.0,IDENTICAL_NORMALIZED_STATEMENT,source/papers/Tsiokos_2026_The_Usefulness_of_Non_Descending_Objects_A_Six_Birds_Theory_of_Mathematical_Applicability.tex:L404-L416; derived/expanded/Tsiokos_2026_The_Usefulness_of_Non_Descending_Objects_A_Six_Birds_Theory_of_Mathematical_Applicability.tex:L404-L416,source/papers/Tsiokos_2026_Why_Mathematics_Even_Works.tex:L398-L410; derived/expanded/Tsiokos_2026_Why_Mathematics_Even_Works.tex:L398-L410,Navigation alignment only; no theorem equivalence or evidence independence is inferred.
VF-SAU-01,P040-C0008,P058-C0008,nonclaim,nonclaim,1.0,IDENTICAL_NORMALIZED_STATEMENT,source/papers/Tsiokos_2026_The_Usefulness_of_Non_Descending_Objects_A_Six_Birds_Theory_of_Mathematical_Applicability.tex:L421-L424; derived/expanded/Tsiokos_2026_The_Usefulness_of_Non_Descending_Objects_A_Six_Birds_Theory_of_Mathematical_Applicability.tex:L421-L424,source/papers/Tsiokos_2026_Why_Mathematics_Even_Works.tex:L415-L418; derived/expanded/Tsiokos_2026_Why_Mathematics_Even_Works.tex:L415-L418,Navigation alignment only; no theorem equivalence or evidence independence is inferred.
VF-SAU-01,P040-C0009,P058-C0009,definition,definition,1.0,IDENTICAL_NORMALIZED_STATEMENT,source/papers/Tsiokos_2026_The_Usefulness_of_Non_Descending_Objects_A_Six_Birds_Theory_of_Mathematical_Applicability.tex:L426-L434; derived/expanded/Tsiokos_2026_The_Usefulness_of_Non_Descending_Objects_A_Six_Birds_Theory_of_Mathematical_Applicability.tex:L426-L434,source/papers/Tsiokos_2026_Why_Mathematics_Even_Works.tex:L420-L428; derived/expanded/Tsiokos_2026_Why_Mathematics_Even_Works.tex:L420-L428,Navigation alignment only; no theorem equivalence or evidence independence is inferred.
VF-SAU-01,P040-C0010,P058-C0010,definition,definition,1.0,IDENTICAL_NORMALIZED_STATEMENT,source/papers/Tsiokos_2026_The_Usefulness_of_Non_Descending_Objects_A_Six_Birds_Theory_of_Mathematical_Applicability.tex:L440-L456; derived/expanded/Tsiokos_2026_The_Usefulness_of_Non_Descending_Objects_A_Six_Birds_Theory_of_Mathematical_Applicability.tex:L440-L456,source/papers/Tsiokos_2026_Why_Mathematics_Even_Works.tex:L434-L450; derived/expanded/Tsiokos_2026_Why_Mathematics_Even_Works.tex:L434-L450,Navigation alignment only; no theorem equivalence or evidence independence is inferred.
VF-SAU-01,P040-C0011,P058-C0011,definition,definition,1.0,IDENTICAL_NORMALIZED_STATEMENT,source/papers/Tsiokos_2026_The_Usefulness_of_Non_Descending_Objects_A_Six_Birds_Theory_of_Mathematical_Applicability.tex:L463-L470; derived/expanded/Tsiokos_2026_The_Usefulness_of_Non_Descending_Objects_A_Six_Birds_Theory_of_Mathematical_Applicability.tex:L463-L470,source/papers/Tsiokos_2026_Why_Mathematics_Even_Works.tex:L457-L464; derived/expanded/Tsiokos_2026_Why_Mathematics_Even_Works.tex:L457-L464,Navigation alignment only; no theorem equivalence or evidence independence is inferred.
VF-SAU-01,P040-C0012,P058-C0012,definition,definition,1.0,IDENTICAL_NORMALIZED_STATEMENT,source/papers/Tsiokos_2026_The_Usefulness_of_Non_Descending_Objects_A_Six_Birds_Theory_of_Mathematical_Applicability.tex:L489-L510; derived/expanded/Tsiokos_2026_The_Usefulness_of_Non_Descending_Objects_A_Six_Birds_Theory_of_Mathematical_Applicability.tex:L489-L510,source/papers/Tsiokos_2026_Why_Mathematics_Even_Works.tex:L484-L505; derived/expanded/Tsiokos_2026_Why_Mathematics_Even_Works.tex:L484-L505,Navigation alignment only; no theorem equivalence or evidence independence is inferred.
VF-SAU-01,P040-C0013,P058-C0013,open_problem,open_problem,1.0,IDENTICAL_NORMALIZED_STATEMENT,source/papers/Tsiokos_2026_The_Usefulness_of_Non_Descending_Objects_A_Six_Birds_Theory_of_Mathematical_Applicability.tex:L548-L553; derived/expanded/Tsiokos_2026_The_Usefulness_of_Non_Descending_Objects_A_Six_Birds_Theory_of_Mathematical_Applicability.tex:L548-L553,source/papers/Tsiokos_2026_Why_Mathematics_Even_Works.tex:L543-L548; derived/expanded/Tsiokos_2026_Why_Mathematics_Even_Works.tex:L543-L548,Navigation alignment only; no theorem equivalence or evidence independence is inferred.
VF-SAU-01,P040-C0014,P058-C0014,definition,definition,1.0,IDENTICAL_NORMALIZED_STATEMENT,source/papers/Tsiokos_2026_The_Usefulness_of_Non_Descending_Objects_A_Six_Birds_Theory_of_Mathematical_Applicability.tex:L568-L579; derived/expanded/Tsiokos_2026_The_Usefulness_of_Non_Descending_Objects_A_Six_Birds_Theory_of_Mathematical_Applicability.tex:L568-L579,source/papers/Tsiokos_2026_Why_Mathematics_Even_Works.tex:L563-L574; derived/expanded/Tsiokos_2026_Why_Mathematics_Even_Works.tex:L563-L574,Navigation alignment only; no theorem equivalence or evidence independence is inferred.
VF-SAU-01,P040-C0015,P058-C0015,result_summary,result_summary,1.0,IDENTICAL_NORMALIZED_STATEMENT,source/papers/Tsiokos_2026_The_Usefulness_of_Non_Descending_Objects_A_Six_Birds_Theory_of_Mathematical_Applicability.tex:L581-L667; derived/expanded/Tsiokos_2026_The_Usefulness_of_Non_Descending_Objects_A_Six_Birds_Theory_of_Mathematical_Applicability.tex:L581-L667,source/papers/Tsiokos_2026_Why_Mathematics_Even_Works.tex:L576-L661; derived/expanded/Tsiokos_2026_Why_Mathematics_Even_Works.tex:L576-L661,Navigation alignment only; no theorem equivalence or evidence independence is inferred.
VF-SAU-01,P040-C0016,P058-C0016,definition,definition,1.0,IDENTICAL_NORMALIZED_STATEMENT,source/papers/Tsiokos_2026_The_Usefulness_of_Non_Descending_Objects_A_Six_Birds_Theory_of_Mathematical_Applicability.tex:L589-L604; derived/expanded/Tsiokos_2026_The_Usefulness_of_Non_Descending_Objects_A_Six_Birds_Theory_of_Mathematical_Applicability.tex:L589-L604,source/papers/Tsiokos_2026_Why_Mathematics_Even_Works.tex:L584-L599; derived/expanded/Tsiokos_2026_Why_Mathematics_Even_Works.tex:L584-L599,Navigation alignment only; no theorem equivalence or evidence independence is inferred.
VF-SAU-01,P040-C0017,,nonclaim,,0.4171,P040_ONLY_AT_STEP2_ALIGNMENT_THRESHOLD,source/papers/Tsiokos_2026_The_Usefulness_of_Non_Descending_Objects_A_Six_Birds_Theory_of_Mathematical_Applicability.tex:L606-L613; derived/expanded/Tsiokos_2026_The_Usefulness_of_Non_Descending_Objects_A_Six_Birds_Theory_of_Mathematical_Applicability.tex:L606-L613,,No aligned P058 claim was promoted at the conservative threshold.
VF-SAU-01,P040-C0018,P058-C0017,definition,definition,1.0,IDENTICAL_NORMALIZED_STATEMENT,source/papers/Tsiokos_2026_The_Usefulness_of_Non_Descending_Objects_A_Six_Birds_Theory_of_Mathematical_Applicability.tex:L615-L656; derived/expanded/Tsiokos_2026_The_Usefulness_of_Non_Descending_Objects_A_Six_Birds_Theory_of_Mathematical_Applicability.tex:L615-L656,source/papers/Tsiokos_2026_Why_Mathematics_Even_Works.tex:L609-L650; derived/expanded/Tsiokos_2026_Why_Mathematics_Even_Works.tex:L609-L650,Navigation alignment only; no theorem equivalence or evidence independence is inferred.
VF-SAU-01,P040-C0019,P058-C0018,definition,definition,1.0,IDENTICAL_NORMALIZED_STATEMENT,source/papers/Tsiokos_2026_The_Usefulness_of_Non_Descending_Objects_A_Six_Birds_Theory_of_Mathematical_Applicability.tex:L685-L707; derived/expanded/Tsiokos_2026_The_Usefulness_of_Non_Descending_Objects_A_Six_Birds_Theory_of_Mathematical_Applicability.tex:L685-L707,source/papers/Tsiokos_2026_Why_Mathematics_Even_Works.tex:L673-L695; derived/expanded/Tsiokos_2026_Why_Mathematics_Even_Works.tex:L673-L695,Navigation alignment only; no theorem equivalence or evidence independence is inferred.
VF-SAU-01,P040-C0020,P058-C0022,definition,definition,0.5256,TENTATIVE_ALIGNMENT_REQUIRES_CLAIM_REVIEW,source/papers/Tsiokos_2026_The_Usefulness_of_Non_Descending_Objects_A_Six_Birds_Theory_of_Mathematical_Applicability.tex:L714-L736; derived/expanded/Tsiokos_2026_The_Usefulness_of_Non_Descending_Objects_A_Six_Birds_Theory_of_Mathematical_Applicability.tex:L714-L736,source/papers/Tsiokos_2026_Why_Mathematics_Even_Works.tex:L788-L801; derived/expanded/Tsiokos_2026_Why_Mathematics_Even_Works.tex:L788-L801,Navigation alignment only; no theorem equivalence or evidence independence is inferred.
VF-SAU-01,P040-C0021,P058-C0019,definition,definition,1.0,IDENTICAL_NORMALIZED_STATEMENT,source/papers/Tsiokos_2026_The_Usefulness_of_Non_Descending_Objects_A_Six_Birds_Theory_of_Mathematical_Applicability.tex:L738-L758; derived/expanded/Tsiokos_2026_The_Usefulness_of_Non_Descending_Objects_A_Six_Birds_Theory_of_Mathematical_Applicability.tex:L738-L758,source/papers/Tsiokos_2026_Why_Mathematics_Even_Works.tex:L702-L722; derived/expanded/Tsiokos_2026_Why_Mathematics_Even_Works.tex:L702-L722,Navigation alignment only; no theorem equivalence or evidence independence is inferred.
VF-SAU-01,P040-C0022,,definition,,0.3472,P040_ONLY_AT_STEP2_ALIGNMENT_THRESHOLD,source/papers/Tsiokos_2026_The_Usefulness_of_Non_Descending_Objects_A_Six_Birds_Theory_of_Mathematical_Applicability.tex:L765-L798; derived/expanded/Tsiokos_2026_The_Usefulness_of_Non_Descending_Objects_A_Six_Birds_Theory_of_Mathematical_Applicability.tex:L765-L798,,No aligned P058 claim was promoted at the conservative threshold.
VF-SAU-01,P040-C0023,P058-C0020,definition,definition,1.0,IDENTICAL_NORMALIZED_STATEMENT,source/papers/Tsiokos_2026_The_Usefulness_of_Non_Descending_Objects_A_Six_Birds_Theory_of_Mathematical_Applicability.tex:L800-L818; derived/expanded/Tsiokos_2026_The_Usefulness_of_Non_Descending_Objects_A_Six_Birds_Theory_of_Mathematical_Applicability.tex:L800-L818,source/papers/Tsiokos_2026_Why_Mathematics_Even_Works.tex:L729-L747; derived/expanded/Tsiokos_2026_Why_Mathematics_Even_Works.tex:L729-L747,Navigation alignment only; no theorem equivalence or evidence independence is inferred.
VF-SAU-01,P040-C0024,P058-C0021,lemma,lemma,1.0,IDENTICAL_NORMALIZED_STATEMENT,source/papers/Tsiokos_2026_The_Usefulness_of_Non_Descending_Objects_A_Six_Birds_Theory_of_Mathematical_Applicability.tex:L826-L832; derived/expanded/Tsiokos_2026_The_Usefulness_of_Non_Descending_Objects_A_Six_Birds_Theory_of_Mathematical_Applicability.tex:L826-L832,source/papers/Tsiokos_2026_Why_Mathematics_Even_Works.tex:L755-L761; derived/expanded/Tsiokos_2026_Why_Mathematics_Even_Works.tex:L755-L761,Navigation alignment only; no theorem equivalence or evidence independence is inferred.
VF-SAU-01,P040-C0025,,definition,,0.382,P040_ONLY_AT_STEP2_ALIGNMENT_THRESHOLD,source/papers/Tsiokos_2026_The_Usefulness_of_Non_Descending_Objects_A_Six_Birds_Theory_of_Mathematical_Applicability.tex:L857-L870; derived/expanded/Tsiokos_2026_The_Usefulness_of_Non_Descending_Objects_A_Six_Birds_Theory_of_Mathematical_Applicability.tex:L857-L870,,No aligned P058 claim was promoted at the conservative threshold.
VF-SAU-01,P040-C0026,P058-C0023,definition,definition,1.0,IDENTICAL_NORMALIZED_STATEMENT,source/papers/Tsiokos_2026_The_Usefulness_of_Non_Descending_Objects_A_Six_Birds_Theory_of_Mathematical_Applicability.tex:L877-L882; derived/expanded/Tsiokos_2026_The_Usefulness_of_Non_Descending_Objects_A_Six_Birds_Theory_of_Mathematical_Applicability.tex:L877-L882,source/papers/Tsiokos_2026_Why_Mathematics_Even_Works.tex:L808-L813; derived/expanded/Tsiokos_2026_Why_Mathematics_Even_Works.tex:L808-L813,Navigation alignment only; no theorem equivalence or evidence independence is inferred.
VF-SAU-01,P040-C0027,P058-C0024,theorem,theorem,1.0,IDENTICAL_NORMALIZED_STATEMENT,source/papers/Tsiokos_2026_The_Usefulness_of_Non_Descending_Objects_A_Six_Birds_Theory_of_Mathematical_Applicability.tex:L910-L919; derived/expanded/Tsiokos_2026_The_Usefulness_of_Non_Descending_Objects_A_Six_Birds_Theory_of_Mathematical_Applicability.tex:L910-L919,source/papers/Tsiokos_2026_Why_Mathematics_Even_Works.tex:L825-L834; derived/expanded/Tsiokos_2026_Why_Mathematics_Even_Works.tex:L825-L834,Navigation alignment only; no theorem equivalence or evidence independence is inferred.
VF-SAU-01,P040-C0028,P058-C0025,result_summary,result_summary,1.0,IDENTICAL_NORMALIZED_STATEMENT,source/papers/Tsiokos_2026_The_Usefulness_of_Non_Descending_Objects_A_Six_Birds_Theory_of_Mathematical_Applicability.tex:L962-L1106; derived/expanded/Tsiokos_2026_The_Usefulness_of_Non_Descending_Objects_A_Six_Birds_Theory_of_Mathematical_Applicability.tex:L962-L1106,source/papers/Tsiokos_2026_Why_Mathematics_Even_Works.tex:L879-L995; derived/expanded/Tsiokos_2026_Why_Mathematics_Even_Works.tex:L879-L995,Navigation alignment only; no theorem equivalence or evidence independence is inferred.
VF-SAU-01,P040-C0029,P058-C0026,definition,definition,1.0,IDENTICAL_NORMALIZED_STATEMENT,source/papers/Tsiokos_2026_The_Usefulness_of_Non_Descending_Objects_A_Six_Birds_Theory_of_Mathematical_Applicability.tex:L971-L994; derived/expanded/Tsiokos_2026_The_Usefulness_of_Non_Descending_Objects_A_Six_Birds_Theory_of_Mathematical_Applicability.tex:L971-L994,source/papers/Tsiokos_2026_Why_Mathematics_Even_Works.tex:L888-L911; derived/expanded/Tsiokos_2026_Why_Mathematics_Even_Works.tex:L888-L911,Navigation alignment only; no theorem equivalence or evidence independence is inferred.
VF-SAU-01,P040-C0030,,definition,,0.32,P040_ONLY_AT_STEP2_ALIGNMENT_THRESHOLD,source/papers/Tsiokos_2026_The_Usefulness_of_Non_Descending_Objects_A_Six_Birds_Theory_of_Mathematical_Applicability.tex:L1016-L1029; derived/expanded/Tsiokos_2026_The_Usefulness_of_Non_Descending_Objects_A_Six_Birds_Theory_of_Mathematical_Applicability.tex:L1016-L1029,,No aligned P058 claim was promoted at the conservative threshold.
VF-SAU-01,P040-C0031,P058-C0027,theorem,theorem,1.0,IDENTICAL_NORMALIZED_STATEMENT,source/papers/Tsiokos_2026_The_Usefulness_of_Non_Descending_Objects_A_Six_Birds_Theory_of_Mathematical_Applicability.tex:L1031-L1045; derived/expanded/Tsiokos_2026_The_Usefulness_of_Non_Descending_Objects_A_Six_Birds_Theory_of_Mathematical_Applicability.tex:L1031-L1045,source/papers/Tsiokos_2026_Why_Mathematics_Even_Works.tex:L917-L931; derived/expanded/Tsiokos_2026_Why_Mathematics_Even_Works.tex:L917-L931,Navigation alignment only; no theorem equivalence or evidence independence is inferred.
VF-SAU-01,P040-C0032,P058-C0028,nonclaim,nonclaim,1.0,IDENTICAL_NORMALIZED_STATEMENT,source/papers/Tsiokos_2026_The_Usefulness_of_Non_Descending_Objects_A_Six_Birds_Theory_of_Mathematical_Applicability.tex:L1062-L1069; derived/expanded/Tsiokos_2026_The_Usefulness_of_Non_Descending_Objects_A_Six_Birds_Theory_of_Mathematical_Applicability.tex:L1062-L1069,source/papers/Tsiokos_2026_Why_Mathematics_Even_Works.tex:L948-L958; derived/expanded/Tsiokos_2026_Why_Mathematics_Even_Works.tex:L948-L958,Navigation alignment only; no theorem equivalence or evidence independence is inferred.
VF-SAU-01,P040-C0033,P058-C0029,definition,definition,1.0,IDENTICAL_NORMALIZED_STATEMENT,source/papers/Tsiokos_2026_The_Usefulness_of_Non_Descending_Objects_A_Six_Birds_Theory_of_Mathematical_Applicability.tex:L1075-L1095; derived/expanded/Tsiokos_2026_The_Usefulness_of_Non_Descending_Objects_A_Six_Birds_Theory_of_Mathematical_Applicability.tex:L1075-L1095,source/papers/Tsiokos_2026_Why_Mathematics_Even_Works.tex:L964-L984; derived/expanded/Tsiokos_2026_Why_Mathematics_Even_Works.tex:L964-L984,Navigation alignment only; no theorem equivalence or evidence independence is inferred.
VF-SAU-01,P040-C0034,P058-C0030,theorem,theorem,1.0,IDENTICAL_NORMALIZED_STATEMENT,source/papers/Tsiokos_2026_The_Usefulness_of_Non_Descending_Objects_A_Six_Birds_Theory_of_Mathematical_Applicability.tex:L1115-L1125; derived/expanded/Tsiokos_2026_The_Usefulness_of_Non_Descending_Objects_A_Six_Birds_Theory_of_Mathematical_Applicability.tex:L1115-L1125,source/papers/Tsiokos_2026_Why_Mathematics_Even_Works.tex:L1006-L1016; derived/expanded/Tsiokos_2026_Why_Mathematics_Even_Works.tex:L1006-L1016,Navigation alignment only; no theorem equivalence or evidence independence is inferred.
VF-SAU-01,P040-C0035,P058-C0031,theorem,theorem,1.0,IDENTICAL_NORMALIZED_STATEMENT,source/papers/Tsiokos_2026_The_Usefulness_of_Non_Descending_Objects_A_Six_Birds_Theory_of_Mathematical_Applicability.tex:L1142-L1162; derived/expanded/Tsiokos_2026_The_Usefulness_of_Non_Descending_Objects_A_Six_Birds_Theory_of_Mathematical_Applicability.tex:L1142-L1162,source/papers/Tsiokos_2026_Why_Mathematics_Even_Works.tex:L1036-L1056; derived/expanded/Tsiokos_2026_Why_Mathematics_Even_Works.tex:L1036-L1056,Navigation alignment only; no theorem equivalence or evidence independence is inferred.
VF-SAU-01,P040-C0036,P058-C0032,corollary,corollary,1.0,IDENTICAL_NORMALIZED_STATEMENT,source/papers/Tsiokos_2026_The_Usefulness_of_Non_Descending_Objects_A_Six_Birds_Theory_of_Mathematical_Applicability.tex:L1182-L1195; derived/expanded/Tsiokos_2026_The_Usefulness_of_Non_Descending_Objects_A_Six_Birds_Theory_of_Mathematical_Applicability.tex:L1182-L1195,source/papers/Tsiokos_2026_Why_Mathematics_Even_Works.tex:L1078-L1091; derived/expanded/Tsiokos_2026_Why_Mathematics_Even_Works.tex:L1078-L1091,Navigation alignment only; no theorem equivalence or evidence independence is inferred.
VF-SAU-01,P040-C0037,P058-C0033,definition,definition,1.0,IDENTICAL_NORMALIZED_STATEMENT,source/papers/Tsiokos_2026_The_Usefulness_of_Non_Descending_Objects_A_Six_Birds_Theory_of_Mathematical_Applicability.tex:L1214-L1235; derived/expanded/Tsiokos_2026_The_Usefulness_of_Non_Descending_Objects_A_Six_Birds_Theory_of_Mathematical_Applicability.tex:L1214-L1235,source/papers/Tsiokos_2026_Why_Mathematics_Even_Works.tex:L1113-L1134; derived/expanded/Tsiokos_2026_Why_Mathematics_Even_Works.tex:L1113-L1134,Navigation alignment only; no theorem equivalence or evidence independence is inferred.
VF-SAU-01,P040-C0038,P058-C0034,definition,definition,1.0,IDENTICAL_NORMALIZED_STATEMENT,source/papers/Tsiokos_2026_The_Usefulness_of_Non_Descending_Objects_A_Six_Birds_Theory_of_Mathematical_Applicability.tex:L1245-L1252; derived/expanded/Tsiokos_2026_The_Usefulness_of_Non_Descending_Objects_A_Six_Birds_Theory_of_Mathematical_Applicability.tex:L1245-L1252,source/papers/Tsiokos_2026_Why_Mathematics_Even_Works.tex:L1146-L1153; derived/expanded/Tsiokos_2026_Why_Mathematics_Even_Works.tex:L1146-L1153,Navigation alignment only; no theorem equivalence or evidence independence is inferred.
VF-SAU-01,P040-C0039,P058-C0035,nonclaim,nonclaim,0.878,NEAR_EQUIVALENT_WORDING_NOT_THEOREM_EQUIVALENCE,source/papers/Tsiokos_2026_The_Usefulness_of_Non_Descending_Objects_A_Six_Birds_Theory_of_Mathematical_Applicability.tex:L1254-L1256; derived/expanded/Tsiokos_2026_The_Usefulness_of_Non_Descending_Objects_A_Six_Birds_Theory_of_Mathematical_Applicability.tex:L1254-L1256,source/papers/Tsiokos_2026_Why_Mathematics_Even_Works.tex:L1155-L1158; derived/expanded/Tsiokos_2026_Why_Mathematics_Even_Works.tex:L1155-L1158,Navigation alignment only; no theorem equivalence or evidence independence is inferred.
VF-SAU-01,P040-C0040,P058-C0036,theorem,theorem,1.0,IDENTICAL_NORMALIZED_STATEMENT,source/papers/Tsiokos_2026_The_Usefulness_of_Non_Descending_Objects_A_Six_Birds_Theory_of_Mathematical_Applicability.tex:L1266-L1308; derived/expanded/Tsiokos_2026_The_Usefulness_of_Non_Descending_Objects_A_Six_Birds_Theory_of_Mathematical_Applicability.tex:L1266-L1308,source/papers/Tsiokos_2026_Why_Mathematics_Even_Works.tex:L1169-L1211; derived/expanded/Tsiokos_2026_Why_Mathematics_Even_Works.tex:L1169-L1211,Navigation alignment only; no theorem equivalence or evidence independence is inferred.
VF-SAU-01,P040-C0041,P058-C0037,corollary,corollary,1.0,IDENTICAL_NORMALIZED_STATEMENT,source/papers/Tsiokos_2026_The_Usefulness_of_Non_Descending_Objects_A_Six_Birds_Theory_of_Mathematical_Applicability.tex:L1325-L1332; derived/expanded/Tsiokos_2026_The_Usefulness_of_Non_Descending_Objects_A_Six_Birds_Theory_of_Mathematical_Applicability.tex:L1325-L1332,source/papers/Tsiokos_2026_Why_Mathematics_Even_Works.tex:L1230-L1237; derived/expanded/Tsiokos_2026_Why_Mathematics_Even_Works.tex:L1230-L1237,Navigation alignment only; no theorem equivalence or evidence independence is inferred.
VF-SAU-01,P040-C0042,P058-C0038,corollary,corollary,1.0,IDENTICAL_NORMALIZED_STATEMENT,source/papers/Tsiokos_2026_The_Usefulness_of_Non_Descending_Objects_A_Six_Birds_Theory_of_Mathematical_Applicability.tex:L1345-L1348; derived/expanded/Tsiokos_2026_The_Usefulness_of_Non_Descending_Objects_A_Six_Birds_Theory_of_Mathematical_Applicability.tex:L1345-L1348,source/papers/Tsiokos_2026_Why_Mathematics_Even_Works.tex:L1252-L1255; derived/expanded/Tsiokos_2026_Why_Mathematics_Even_Works.tex:L1252-L1255,Navigation alignment only; no theorem equivalence or evidence independence is inferred.
VF-SAU-01,P040-C0043,P058-C0039,corollary,corollary,1.0,IDENTICAL_NORMALIZED_STATEMENT,source/papers/Tsiokos_2026_The_Usefulness_of_Non_Descending_Objects_A_Six_Birds_Theory_of_Mathematical_Applicability.tex:L1361-L1364; derived/expanded/Tsiokos_2026_The_Usefulness_of_Non_Descending_Objects_A_Six_Birds_Theory_of_Mathematical_Applicability.tex:L1361-L1364,source/papers/Tsiokos_2026_Why_Mathematics_Even_Works.tex:L1270-L1273; derived/expanded/Tsiokos_2026_Why_Mathematics_Even_Works.tex:L1270-L1273,Navigation alignment only; no theorem equivalence or evidence independence is inferred.
VF-SAU-01,P040-C0044,P058-C0040,definition,definition,1.0,IDENTICAL_NORMALIZED_STATEMENT,source/papers/Tsiokos_2026_The_Usefulness_of_Non_Descending_Objects_A_Six_Birds_Theory_of_Mathematical_Applicability.tex:L1380-L1451; derived/expanded/Tsiokos_2026_The_Usefulness_of_Non_Descending_Objects_A_Six_Birds_Theory_of_Mathematical_Applicability.tex:L1380-L1451,source/papers/Tsiokos_2026_Why_Mathematics_Even_Works.tex:L1293-L1364; derived/expanded/Tsiokos_2026_Why_Mathematics_Even_Works.tex:L1293-L1364,Navigation alignment only; no theorem equivalence or evidence independence is inferred.
VF-SAU-01,P040-C0045,P058-C0041,open_problem,open_problem,1.0,IDENTICAL_NORMALIZED_STATEMENT,source/papers/Tsiokos_2026_The_Usefulness_of_Non_Descending_Objects_A_Six_Birds_Theory_of_Mathematical_Applicability.tex:L1455-L1491; derived/expanded/Tsiokos_2026_The_Usefulness_of_Non_Descending_Objects_A_Six_Birds_Theory_of_Mathematical_Applicability.tex:L1455-L1491,source/papers/Tsiokos_2026_Why_Mathematics_Even_Works.tex:L1369-L1405; derived/expanded/Tsiokos_2026_Why_Mathematics_Even_Works.tex:L1369-L1405,Navigation alignment only; no theorem equivalence or evidence independence is inferred.
VF-SAU-01,P040-C0046,P058-C0042,definition,definition,1.0,IDENTICAL_NORMALIZED_STATEMENT,source/papers/Tsiokos_2026_The_Usefulness_of_Non_Descending_Objects_A_Six_Birds_Theory_of_Mathematical_Applicability.tex:L1497-L1523; derived/expanded/Tsiokos_2026_The_Usefulness_of_Non_Descending_Objects_A_Six_Birds_Theory_of_Mathematical_Applicability.tex:L1497-L1523,source/papers/Tsiokos_2026_Why_Mathematics_Even_Works.tex:L1411-L1437; derived/expanded/Tsiokos_2026_Why_Mathematics_Even_Works.tex:L1411-L1437,Navigation alignment only; no theorem equivalence or evidence independence is inferred.
VF-SAU-01,P040-C0047,P058-C0043,definition,definition,1.0,IDENTICAL_NORMALIZED_STATEMENT,source/papers/Tsiokos_2026_The_Usefulness_of_Non_Descending_Objects_A_Six_Birds_Theory_of_Mathematical_Applicability.tex:L1528-L1565; derived/expanded/Tsiokos_2026_The_Usefulness_of_Non_Descending_Objects_A_Six_Birds_Theory_of_Mathematical_Applicability.tex:L1528-L1565,source/papers/Tsiokos_2026_Why_Mathematics_Even_Works.tex:L1442-L1479; derived/expanded/Tsiokos_2026_Why_Mathematics_Even_Works.tex:L1442-L1479,Navigation alignment only; no theorem equivalence or evidence independence is inferred.
VF-SAU-01,P040-C0048,P058-C0044,proposition,proposition,0.9999,NEAR_EQUIVALENT_WORDING_NOT_THEOREM_EQUIVALENCE,source/papers/Tsiokos_2026_The_Usefulness_of_Non_Descending_Objects_A_Six_Birds_Theory_of_Mathematical_Applicability.tex:L1570-L1581; derived/expanded/Tsiokos_2026_The_Usefulness_of_Non_Descending_Objects_A_Six_Birds_Theory_of_Mathematical_Applicability.tex:L1570-L1581,source/papers/Tsiokos_2026_Why_Mathematics_Even_Works.tex:L1484-L1495; derived/expanded/Tsiokos_2026_Why_Mathematics_Even_Works.tex:L1484-L1495,Navigation alignment only; no theorem equivalence or evidence independence is inferred.
VF-SAU-01,P040-C0049,P058-C0045,theorem,theorem,1.0,IDENTICAL_NORMALIZED_STATEMENT,source/papers/Tsiokos_2026_The_Usefulness_of_Non_Descending_Objects_A_Six_Birds_Theory_of_Mathematical_Applicability.tex:L1594-L1608; derived/expanded/Tsiokos_2026_The_Usefulness_of_Non_Descending_Objects_A_Six_Birds_Theory_of_Mathematical_Applicability.tex:L1594-L1608,source/papers/Tsiokos_2026_Why_Mathematics_Even_Works.tex:L1509-L1523; derived/expanded/Tsiokos_2026_Why_Mathematics_Even_Works.tex:L1509-L1523,Navigation alignment only; no theorem equivalence or evidence independence is inferred.
VF-SAU-01,P040-C0050,P058-C0046,open_problem,open_problem,0.9291,NEAR_EQUIVALENT_WORDING_NOT_THEOREM_EQUIVALENCE,source/papers/Tsiokos_2026_The_Usefulness_of_Non_Descending_Objects_A_Six_Birds_Theory_of_Mathematical_Applicability.tex:L1610-L1616; derived/expanded/Tsiokos_2026_The_Usefulness_of_Non_Descending_Objects_A_Six_Birds_Theory_of_Mathematical_Applicability.tex:L1610-L1616,source/papers/Tsiokos_2026_Why_Mathematics_Even_Works.tex:L1525-L1534; derived/expanded/Tsiokos_2026_Why_Mathematics_Even_Works.tex:L1525-L1534,Navigation alignment only; no theorem equivalence or evidence independence is inferred.
VF-SAU-01,P040-C0051,P058-C0047,corollary,corollary,1.0,IDENTICAL_NORMALIZED_STATEMENT,source/papers/Tsiokos_2026_The_Usefulness_of_Non_Descending_Objects_A_Six_Birds_Theory_of_Mathematical_Applicability.tex:L1621-L1629; derived/expanded/Tsiokos_2026_The_Usefulness_of_Non_Descending_Objects_A_Six_Birds_Theory_of_Mathematical_Applicability.tex:L1621-L1629,source/papers/Tsiokos_2026_Why_Mathematics_Even_Works.tex:L1539-L1547; derived/expanded/Tsiokos_2026_Why_Mathematics_Even_Works.tex:L1539-L1547,Navigation alignment only; no theorem equivalence or evidence independence is inferred.
VF-SAU-01,P040-C0052,P058-C0048,nonclaim,nonclaim,1.0,IDENTICAL_NORMALIZED_STATEMENT,source/papers/Tsiokos_2026_The_Usefulness_of_Non_Descending_Objects_A_Six_Birds_Theory_of_Mathematical_Applicability.tex:L1639-L1641; derived/expanded/Tsiokos_2026_The_Usefulness_of_Non_Descending_Objects_A_Six_Birds_Theory_of_Mathematical_Applicability.tex:L1639-L1641,source/papers/Tsiokos_2026_Why_Mathematics_Even_Works.tex:L1558-L1560; derived/expanded/Tsiokos_2026_Why_Mathematics_Even_Works.tex:L1558-L1560,Navigation alignment only; no theorem equivalence or evidence independence is inferred.
VF-SAU-01,P040-C0053,P058-C0049,definition,definition,1.0,IDENTICAL_NORMALIZED_STATEMENT,source/papers/Tsiokos_2026_The_Usefulness_of_Non_Descending_Objects_A_Six_Birds_Theory_of_Mathematical_Applicability.tex:L1643-L1654; derived/expanded/Tsiokos_2026_The_Usefulness_of_Non_Descending_Objects_A_Six_Birds_Theory_of_Mathematical_Applicability.tex:L1643-L1654,source/papers/Tsiokos_2026_Why_Mathematics_Even_Works.tex:L1562-L1573; derived/expanded/Tsiokos_2026_Why_Mathematics_Even_Works.tex:L1562-L1573,Navigation alignment only; no theorem equivalence or evidence independence is inferred.
VF-SAU-01,P040-C0054,P058-C0050,definition,definition,1.0,IDENTICAL_NORMALIZED_STATEMENT,source/papers/Tsiokos_2026_The_Usefulness_of_Non_Descending_Objects_A_Six_Birds_Theory_of_Mathematical_Applicability.tex:L1667-L1681; derived/expanded/Tsiokos_2026_The_Usefulness_of_Non_Descending_Objects_A_Six_Birds_Theory_of_Mathematical_Applicability.tex:L1667-L1681,source/papers/Tsiokos_2026_Why_Mathematics_Even_Works.tex:L1587-L1601; derived/expanded/Tsiokos_2026_Why_Mathematics_Even_Works.tex:L1587-L1601,Navigation alignment only; no theorem equivalence or evidence independence is inferred.
VF-SAU-01,P040-C0055,P058-C0051,theorem,theorem,1.0,IDENTICAL_NORMALIZED_STATEMENT,source/papers/Tsiokos_2026_The_Usefulness_of_Non_Descending_Objects_A_Six_Birds_Theory_of_Mathematical_Applicability.tex:L1687-L1698; derived/expanded/Tsiokos_2026_The_Usefulness_of_Non_Descending_Objects_A_Six_Birds_Theory_of_Mathematical_Applicability.tex:L1687-L1698,source/papers/Tsiokos_2026_Why_Mathematics_Even_Works.tex:L1607-L1618; derived/expanded/Tsiokos_2026_Why_Mathematics_Even_Works.tex:L1607-L1618,Navigation alignment only; no theorem equivalence or evidence independence is inferred.
VF-SAU-01,P040-C0056,P058-C0052,definition,definition,1.0,IDENTICAL_NORMALIZED_STATEMENT,source/papers/Tsiokos_2026_The_Usefulness_of_Non_Descending_Objects_A_Six_Birds_Theory_of_Mathematical_Applicability.tex:L1743-L1762; derived/expanded/Tsiokos_2026_The_Usefulness_of_Non_Descending_Objects_A_Six_Birds_Theory_of_Mathematical_Applicability.tex:L1743-L1762,source/papers/Tsiokos_2026_Why_Mathematics_Even_Works.tex:L1663-L1682; derived/expanded/Tsiokos_2026_Why_Mathematics_Even_Works.tex:L1663-L1682,Navigation alignment only; no theorem equivalence or evidence independence is inferred.
VF-SAU-01,P040-C0057,P058-C0053,definition,definition,1.0,IDENTICAL_NORMALIZED_STATEMENT,source/papers/Tsiokos_2026_The_Usefulness_of_Non_Descending_Objects_A_Six_Birds_Theory_of_Mathematical_Applicability.tex:L1767-L1774; derived/expanded/Tsiokos_2026_The_Usefulness_of_Non_Descending_Objects_A_Six_Birds_Theory_of_Mathematical_Applicability.tex:L1767-L1774,source/papers/Tsiokos_2026_Why_Mathematics_Even_Works.tex:L1687-L1694; derived/expanded/Tsiokos_2026_Why_Mathematics_Even_Works.tex:L1687-L1694,Navigation alignment only; no theorem equivalence or evidence independence is inferred.
VF-SAU-01,P040-C0058,P058-C0054,definition,definition,1.0,IDENTICAL_NORMALIZED_STATEMENT,source/papers/Tsiokos_2026_The_Usefulness_of_Non_Descending_Objects_A_Six_Birds_Theory_of_Mathematical_Applicability.tex:L1779-L1786; derived/expanded/Tsiokos_2026_The_Usefulness_of_Non_Descending_Objects_A_Six_Birds_Theory_of_Mathematical_Applicability.tex:L1779-L1786,source/papers/Tsiokos_2026_Why_Mathematics_Even_Works.tex:L1699-L1706; derived/expanded/Tsiokos_2026_Why_Mathematics_Even_Works.tex:L1699-L1706,Navigation alignment only; no theorem equivalence or evidence independence is inferred.
VF-SAU-01,P040-C0059,P058-C0055,definition,definition,1.0,IDENTICAL_NORMALIZED_STATEMENT,source/papers/Tsiokos_2026_The_Usefulness_of_Non_Descending_Objects_A_Six_Birds_Theory_of_Mathematical_Applicability.tex:L1791-L1829; derived/expanded/Tsiokos_2026_The_Usefulness_of_Non_Descending_Objects_A_Six_Birds_Theory_of_Mathematical_Applicability.tex:L1791-L1829,source/papers/Tsiokos_2026_Why_Mathematics_Even_Works.tex:L1711-L1749; derived/expanded/Tsiokos_2026_Why_Mathematics_Even_Works.tex:L1711-L1749,Navigation alignment only; no theorem equivalence or evidence independence is inferred.
VF-SAU-01,P040-C0060,P058-C0056,definition,definition,1.0,IDENTICAL_NORMALIZED_STATEMENT,source/papers/Tsiokos_2026_The_Usefulness_of_Non_Descending_Objects_A_Six_Birds_Theory_of_Mathematical_Applicability.tex:L1834-L1840; derived/expanded/Tsiokos_2026_The_Usefulness_of_Non_Descending_Objects_A_Six_Birds_Theory_of_Mathematical_Applicability.tex:L1834-L1840,source/papers/Tsiokos_2026_Why_Mathematics_Even_Works.tex:L1754-L1760; derived/expanded/Tsiokos_2026_Why_Mathematics_Even_Works.tex:L1754-L1760,Navigation alignment only; no theorem equivalence or evidence independence is inferred.
VF-SAU-01,P040-C0061,P058-C0057,definition,definition,1.0,IDENTICAL_NORMALIZED_STATEMENT,source/papers/Tsiokos_2026_The_Usefulness_of_Non_Descending_Objects_A_Six_Birds_Theory_of_Mathematical_Applicability.tex:L1849-L1885; derived/expanded/Tsiokos_2026_The_Usefulness_of_Non_Descending_Objects_A_Six_Birds_Theory_of_Mathematical_Applicability.tex:L1849-L1885,source/papers/Tsiokos_2026_Why_Mathematics_Even_Works.tex:L1769-L1805; derived/expanded/Tsiokos_2026_Why_Mathematics_Even_Works.tex:L1769-L1805,Navigation alignment only; no theorem equivalence or evidence independence is inferred.
VF-SAU-01,P040-C0062,P058-C0058,theorem,theorem,1.0,IDENTICAL_NORMALIZED_STATEMENT,source/papers/Tsiokos_2026_The_Usefulness_of_Non_Descending_Objects_A_Six_Birds_Theory_of_Mathematical_Applicability.tex:L1898-L1913; derived/expanded/Tsiokos_2026_The_Usefulness_of_Non_Descending_Objects_A_Six_Birds_Theory_of_Mathematical_Applicability.tex:L1898-L1913,source/papers/Tsiokos_2026_Why_Mathematics_Even_Works.tex:L1818-L1833; derived/expanded/Tsiokos_2026_Why_Mathematics_Even_Works.tex:L1818-L1833,Navigation alignment only; no theorem equivalence or evidence independence is inferred.
VF-SAU-01,P040-C0063,P058-C0059,corollary,corollary,1.0,IDENTICAL_NORMALIZED_STATEMENT,source/papers/Tsiokos_2026_The_Usefulness_of_Non_Descending_Objects_A_Six_Birds_Theory_of_Mathematical_Applicability.tex:L1949-L1963; derived/expanded/Tsiokos_2026_The_Usefulness_of_Non_Descending_Objects_A_Six_Birds_Theory_of_Mathematical_Applicability.tex:L1949-L1963,source/papers/Tsiokos_2026_Why_Mathematics_Even_Works.tex:L1870-L1884; derived/expanded/Tsiokos_2026_Why_Mathematics_Even_Works.tex:L1870-L1884,Navigation alignment only; no theorem equivalence or evidence independence is inferred.
VF-SAU-01,P040-C0064,P058-C0060,proposition,proposition,1.0,IDENTICAL_NORMALIZED_STATEMENT,source/papers/Tsiokos_2026_The_Usefulness_of_Non_Descending_Objects_A_Six_Birds_Theory_of_Mathematical_Applicability.tex:L1976-L1986; derived/expanded/Tsiokos_2026_The_Usefulness_of_Non_Descending_Objects_A_Six_Birds_Theory_of_Mathematical_Applicability.tex:L1976-L1986,source/papers/Tsiokos_2026_Why_Mathematics_Even_Works.tex:L1898-L1908; derived/expanded/Tsiokos_2026_Why_Mathematics_Even_Works.tex:L1898-L1908,Navigation alignment only; no theorem equivalence or evidence independence is inferred.
VF-SAU-01,P040-C0065,P058-C0061,theorem,theorem,1.0,IDENTICAL_NORMALIZED_STATEMENT,source/papers/Tsiokos_2026_The_Usefulness_of_Non_Descending_Objects_A_Six_Birds_Theory_of_Mathematical_Applicability.tex:L2007-L2014; derived/expanded/Tsiokos_2026_The_Usefulness_of_Non_Descending_Objects_A_Six_Birds_Theory_of_Mathematical_Applicability.tex:L2007-L2014,source/papers/Tsiokos_2026_Why_Mathematics_Even_Works.tex:L1930-L1937; derived/expanded/Tsiokos_2026_Why_Mathematics_Even_Works.tex:L1930-L1937,Navigation alignment only; no theorem equivalence or evidence independence is inferred.
VF-SAU-01,P040-C0066,P058-C0062,corollary,corollary,1.0,IDENTICAL_NORMALIZED_STATEMENT,source/papers/Tsiokos_2026_The_Usefulness_of_Non_Descending_Objects_A_Six_Birds_Theory_of_Mathematical_Applicability.tex:L2029-L2041; derived/expanded/Tsiokos_2026_The_Usefulness_of_Non_Descending_Objects_A_Six_Birds_Theory_of_Mathematical_Applicability.tex:L2029-L2041,source/papers/Tsiokos_2026_Why_Mathematics_Even_Works.tex:L1954-L1966; derived/expanded/Tsiokos_2026_Why_Mathematics_Even_Works.tex:L1954-L1966,Navigation alignment only; no theorem equivalence or evidence independence is inferred.
VF-SAU-01,P040-C0067,P058-C0063,theorem,theorem,1.0,IDENTICAL_NORMALIZED_STATEMENT,source/papers/Tsiokos_2026_The_Usefulness_of_Non_Descending_Objects_A_Six_Birds_Theory_of_Mathematical_Applicability.tex:L2054-L2075; derived/expanded/Tsiokos_2026_The_Usefulness_of_Non_Descending_Objects_A_Six_Birds_Theory_of_Mathematical_Applicability.tex:L2054-L2075,source/papers/Tsiokos_2026_Why_Mathematics_Even_Works.tex:L1980-L2001; derived/expanded/Tsiokos_2026_Why_Mathematics_Even_Works.tex:L1980-L2001,Navigation alignment only; no theorem equivalence or evidence independence is inferred.
VF-SAU-01,P040-C0068,P058-C0064,corollary,corollary,0.9831,NEAR_EQUIVALENT_WORDING_NOT_THEOREM_EQUIVALENCE,source/papers/Tsiokos_2026_The_Usefulness_of_Non_Descending_Objects_A_Six_Birds_Theory_of_Mathematical_Applicability.tex:L2090-L2093; derived/expanded/Tsiokos_2026_The_Usefulness_of_Non_Descending_Objects_A_Six_Birds_Theory_of_Mathematical_Applicability.tex:L2090-L2093,source/papers/Tsiokos_2026_Why_Mathematics_Even_Works.tex:L2017-L2020; derived/expanded/Tsiokos_2026_Why_Mathematics_Even_Works.tex:L2017-L2020,Navigation alignment only; no theorem equivalence or evidence independence is inferred.
VF-SAU-01,P040-C0069,P058-C0065,definition,definition,1.0,IDENTICAL_NORMALIZED_STATEMENT,source/papers/Tsiokos_2026_The_Usefulness_of_Non_Descending_Objects_A_Six_Birds_Theory_of_Mathematical_Applicability.tex:L2115-L2149; derived/expanded/Tsiokos_2026_The_Usefulness_of_Non_Descending_Objects_A_Six_Birds_Theory_of_Mathematical_Applicability.tex:L2115-L2149,source/papers/Tsiokos_2026_Why_Mathematics_Even_Works.tex:L2043-L2077; derived/expanded/Tsiokos_2026_Why_Mathematics_Even_Works.tex:L2043-L2077,Navigation alignment only; no theorem equivalence or evidence independence is inferred.
VF-SAU-01,P040-C0070,P058-C0066,lemma,lemma,1.0,IDENTICAL_NORMALIZED_STATEMENT,source/papers/Tsiokos_2026_The_Usefulness_of_Non_Descending_Objects_A_Six_Birds_Theory_of_Mathematical_Applicability.tex:L2151-L2163; derived/expanded/Tsiokos_2026_The_Usefulness_of_Non_Descending_Objects_A_Six_Birds_Theory_of_Mathematical_Applicability.tex:L2151-L2163,source/papers/Tsiokos_2026_Why_Mathematics_Even_Works.tex:L2079-L2091; derived/expanded/Tsiokos_2026_Why_Mathematics_Even_Works.tex:L2079-L2091,Navigation alignment only; no theorem equivalence or evidence independence is inferred.
VF-SAU-01,P040-C0071,P058-C0067,open_problem,open_problem,0.9999,NEAR_EQUIVALENT_WORDING_NOT_THEOREM_EQUIVALENCE,source/papers/Tsiokos_2026_The_Usefulness_of_Non_Descending_Objects_A_Six_Birds_Theory_of_Mathematical_Applicability.tex:L2165-L2179; derived/expanded/Tsiokos_2026_The_Usefulness_of_Non_Descending_Objects_A_Six_Birds_Theory_of_Mathematical_Applicability.tex:L2165-L2179,source/papers/Tsiokos_2026_Why_Mathematics_Even_Works.tex:L2093-L2108; derived/expanded/Tsiokos_2026_Why_Mathematics_Even_Works.tex:L2093-L2108,Navigation alignment only; no theorem equivalence or evidence independence is inferred.
VF-SAU-01,P040-C0072,P058-C0068,corollary,corollary,1.0,IDENTICAL_NORMALIZED_STATEMENT,source/papers/Tsiokos_2026_The_Usefulness_of_Non_Descending_Objects_A_Six_Birds_Theory_of_Mathematical_Applicability.tex:L2181-L2187; derived/expanded/Tsiokos_2026_The_Usefulness_of_Non_Descending_Objects_A_Six_Birds_Theory_of_Mathematical_Applicability.tex:L2181-L2187,source/papers/Tsiokos_2026_Why_Mathematics_Even_Works.tex:L2110-L2116; derived/expanded/Tsiokos_2026_Why_Mathematics_Even_Works.tex:L2110-L2116,Navigation alignment only; no theorem equivalence or evidence independence is inferred.
VF-SAU-01,P040-C0073,P058-C0069,definition,definition,1.0,IDENTICAL_NORMALIZED_STATEMENT,source/papers/Tsiokos_2026_The_Usefulness_of_Non_Descending_Objects_A_Six_Birds_Theory_of_Mathematical_Applicability.tex:L2207-L2239; derived/expanded/Tsiokos_2026_The_Usefulness_of_Non_Descending_Objects_A_Six_Birds_Theory_of_Mathematical_Applicability.tex:L2207-L2239,source/papers/Tsiokos_2026_Why_Mathematics_Even_Works.tex:L2133-L2165; derived/expanded/Tsiokos_2026_Why_Mathematics_Even_Works.tex:L2133-L2165,Navigation alignment only; no theorem equivalence or evidence independence is inferred.
VF-SAU-01,P040-C0074,P058-C0070,definition,definition,1.0,IDENTICAL_NORMALIZED_STATEMENT,source/papers/Tsiokos_2026_The_Usefulness_of_Non_Descending_Objects_A_Six_Birds_Theory_of_Mathematical_Applicability.tex:L2293-L2325; derived/expanded/Tsiokos_2026_The_Usefulness_of_Non_Descending_Objects_A_Six_Birds_Theory_of_Mathematical_Applicability.tex:L2293-L2325,source/papers/Tsiokos_2026_Why_Mathematics_Even_Works.tex:L2215-L2247; derived/expanded/Tsiokos_2026_Why_Mathematics_Even_Works.tex:L2215-L2247,Navigation alignment only; no theorem equivalence or evidence independence is inferred.
VF-SAU-01,P040-C0075,P058-C0071,lemma,lemma,1.0,IDENTICAL_NORMALIZED_STATEMENT,source/papers/Tsiokos_2026_The_Usefulness_of_Non_Descending_Objects_A_Six_Birds_Theory_of_Mathematical_Applicability.tex:L2336-L2346; derived/expanded/Tsiokos_2026_The_Usefulness_of_Non_Descending_Objects_A_Six_Birds_Theory_of_Mathematical_Applicability.tex:L2336-L2346,source/papers/Tsiokos_2026_Why_Mathematics_Even_Works.tex:L2258-L2268; derived/expanded/Tsiokos_2026_Why_Mathematics_Even_Works.tex:L2258-L2268,Navigation alignment only; no theorem equivalence or evidence independence is inferred.
VF-SAU-01,P040-C0076,P058-C0072,lemma,lemma,1.0,IDENTICAL_NORMALIZED_STATEMENT,source/papers/Tsiokos_2026_The_Usefulness_of_Non_Descending_Objects_A_Six_Birds_Theory_of_Mathematical_Applicability.tex:L2372-L2386; derived/expanded/Tsiokos_2026_The_Usefulness_of_Non_Descending_Objects_A_Six_Birds_Theory_of_Mathematical_Applicability.tex:L2372-L2386,source/papers/Tsiokos_2026_Why_Mathematics_Even_Works.tex:L2294-L2308; derived/expanded/Tsiokos_2026_Why_Mathematics_Even_Works.tex:L2294-L2308,Navigation alignment only; no theorem equivalence or evidence independence is inferred.
VF-SAU-01,P040-C0077,P058-C0073,proposition,proposition,1.0,IDENTICAL_NORMALIZED_STATEMENT,source/papers/Tsiokos_2026_The_Usefulness_of_Non_Descending_Objects_A_Six_Birds_Theory_of_Mathematical_Applicability.tex:L2411-L2420; derived/expanded/Tsiokos_2026_The_Usefulness_of_Non_Descending_Objects_A_Six_Birds_Theory_of_Mathematical_Applicability.tex:L2411-L2420,source/papers/Tsiokos_2026_Why_Mathematics_Even_Works.tex:L2333-L2342; derived/expanded/Tsiokos_2026_Why_Mathematics_Even_Works.tex:L2333-L2342,Navigation alignment only; no theorem equivalence or evidence independence is inferred.
VF-SAU-01,P040-C0078,P058-C0074,proposition,proposition,1.0,IDENTICAL_NORMALIZED_STATEMENT,source/papers/Tsiokos_2026_The_Usefulness_of_Non_Descending_Objects_A_Six_Birds_Theory_of_Mathematical_Applicability.tex:L2430-L2441; derived/expanded/Tsiokos_2026_The_Usefulness_of_Non_Descending_Objects_A_Six_Birds_Theory_of_Mathematical_Applicability.tex:L2430-L2441,source/papers/Tsiokos_2026_Why_Mathematics_Even_Works.tex:L2353-L2364; derived/expanded/Tsiokos_2026_Why_Mathematics_Even_Works.tex:L2353-L2364,Navigation alignment only; no theorem equivalence or evidence independence is inferred.
VF-SAU-01,P040-C0079,P058-C0075,open_problem,open_problem,1.0,IDENTICAL_NORMALIZED_STATEMENT,source/papers/Tsiokos_2026_The_Usefulness_of_Non_Descending_Objects_A_Six_Birds_Theory_of_Mathematical_Applicability.tex:L2443-L2452; derived/expanded/Tsiokos_2026_The_Usefulness_of_Non_Descending_Objects_A_Six_Birds_Theory_of_Mathematical_Applicability.tex:L2443-L2452,source/papers/Tsiokos_2026_Why_Mathematics_Even_Works.tex:L2366-L2381; derived/expanded/Tsiokos_2026_Why_Mathematics_Even_Works.tex:L2366-L2381,Navigation alignment only; no theorem equivalence or evidence independence is inferred.
VF-SAU-01,P040-C0080,P058-C0076,proposition,proposition,0.9999,NEAR_EQUIVALENT_WORDING_NOT_THEOREM_EQUIVALENCE,source/papers/Tsiokos_2026_The_Usefulness_of_Non_Descending_Objects_A_Six_Birds_Theory_of_Mathematical_Applicability.tex:L2457-L2469; derived/expanded/Tsiokos_2026_The_Usefulness_of_Non_Descending_Objects_A_Six_Birds_Theory_of_Mathematical_Applicability.tex:L2457-L2469,source/papers/Tsiokos_2026_Why_Mathematics_Even_Works.tex:L2386-L2403; derived/expanded/Tsiokos_2026_Why_Mathematics_Even_Works.tex:L2386-L2403,Navigation alignment only; no theorem equivalence or evidence independence is inferred.
VF-SAU-01,P040-C0081,P058-C0077,result_summary,result_summary,1.0,IDENTICAL_NORMALIZED_STATEMENT,source/papers/Tsiokos_2026_The_Usefulness_of_Non_Descending_Objects_A_Six_Birds_Theory_of_Mathematical_Applicability.tex:L2488-L2618; derived/expanded/Tsiokos_2026_The_Usefulness_of_Non_Descending_Objects_A_Six_Birds_Theory_of_Mathematical_Applicability.tex:L2488-L2618,source/papers/Tsiokos_2026_Why_Mathematics_Even_Works.tex:L2422-L2557; derived/expanded/Tsiokos_2026_Why_Mathematics_Even_Works.tex:L2422-L2557,Navigation alignment only; no theorem equivalence or evidence independence is inferred.
VF-SAU-01,P040-C0082,P058-C0078,nonclaim,nonclaim,1.0,IDENTICAL_NORMALIZED_STATEMENT,source/papers/Tsiokos_2026_The_Usefulness_of_Non_Descending_Objects_A_Six_Birds_Theory_of_Mathematical_Applicability.tex:L2491-L2497; derived/expanded/Tsiokos_2026_The_Usefulness_of_Non_Descending_Objects_A_Six_Birds_Theory_of_Mathematical_Applicability.tex:L2491-L2497,source/papers/Tsiokos_2026_Why_Mathematics_Even_Works.tex:L2425-L2431; derived/expanded/Tsiokos_2026_Why_Mathematics_Even_Works.tex:L2425-L2431,Navigation alignment only; no theorem equivalence or evidence independence is inferred.
VF-SAU-01,P040-C0083,P058-C0079,theorem,theorem,1.0,IDENTICAL_NORMALIZED_STATEMENT,source/papers/Tsiokos_2026_The_Usefulness_of_Non_Descending_Objects_A_Six_Birds_Theory_of_Mathematical_Applicability.tex:L2499-L2521; derived/expanded/Tsiokos_2026_The_Usefulness_of_Non_Descending_Objects_A_Six_Birds_Theory_of_Mathematical_Applicability.tex:L2499-L2521,source/papers/Tsiokos_2026_Why_Mathematics_Even_Works.tex:L2433-L2455; derived/expanded/Tsiokos_2026_Why_Mathematics_Even_Works.tex:L2433-L2455,Navigation alignment only; no theorem equivalence or evidence independence is inferred.
VF-SAU-01,P040-C0084,P058-C0080,nonclaim,nonclaim,0.8308,NEAR_EQUIVALENT_WORDING_NOT_THEOREM_EQUIVALENCE,source/papers/Tsiokos_2026_The_Usefulness_of_Non_Descending_Objects_A_Six_Birds_Theory_of_Mathematical_Applicability.tex:L2523-L2533; derived/expanded/Tsiokos_2026_The_Usefulness_of_Non_Descending_Objects_A_Six_Birds_Theory_of_Mathematical_Applicability.tex:L2523-L2533,source/papers/Tsiokos_2026_Why_Mathematics_Even_Works.tex:L2457-L2469; derived/expanded/Tsiokos_2026_Why_Mathematics_Even_Works.tex:L2457-L2469,Navigation alignment only; no theorem equivalence or evidence independence is inferred.
VF-SAU-01,P040-C0085,P058-C0081,theorem,theorem,1.0,IDENTICAL_NORMALIZED_STATEMENT,source/papers/Tsiokos_2026_The_Usefulness_of_Non_Descending_Objects_A_Six_Birds_Theory_of_Mathematical_Applicability.tex:L2540-L2562; derived/expanded/Tsiokos_2026_The_Usefulness_of_Non_Descending_Objects_A_Six_Birds_Theory_of_Mathematical_Applicability.tex:L2540-L2562,source/papers/Tsiokos_2026_Why_Mathematics_Even_Works.tex:L2476-L2498; derived/expanded/Tsiokos_2026_Why_Mathematics_Even_Works.tex:L2476-L2498,Navigation alignment only; no theorem equivalence or evidence independence is inferred.
VF-SAU-01,P040-C0086,P058-C0082,nonclaim,nonclaim,1.0,IDENTICAL_NORMALIZED_STATEMENT,source/papers/Tsiokos_2026_The_Usefulness_of_Non_Descending_Objects_A_Six_Birds_Theory_of_Mathematical_Applicability.tex:L2585-L2589; derived/expanded/Tsiokos_2026_The_Usefulness_of_Non_Descending_Objects_A_Six_Birds_Theory_of_Mathematical_Applicability.tex:L2585-L2589,source/papers/Tsiokos_2026_Why_Mathematics_Even_Works.tex:L2523-L2527; derived/expanded/Tsiokos_2026_Why_Mathematics_Even_Works.tex:L2523-L2527,Navigation alignment only; no theorem equivalence or evidence independence is inferred.
VF-SAU-01,P040-C0087,P058-C0083,corollary,corollary,1.0,IDENTICAL_NORMALIZED_STATEMENT,source/papers/Tsiokos_2026_The_Usefulness_of_Non_Descending_Objects_A_Six_Birds_Theory_of_Mathematical_Applicability.tex:L2591-L2602; derived/expanded/Tsiokos_2026_The_Usefulness_of_Non_Descending_Objects_A_Six_Birds_Theory_of_Mathematical_Applicability.tex:L2591-L2602,source/papers/Tsiokos_2026_Why_Mathematics_Even_Works.tex:L2529-L2540; derived/expanded/Tsiokos_2026_Why_Mathematics_Even_Works.tex:L2529-L2540,Navigation alignment only; no theorem equivalence or evidence independence is inferred.
VF-SAU-01,P040-C0088,P058-C0084,nonclaim,nonclaim,0.9999,NEAR_EQUIVALENT_WORDING_NOT_THEOREM_EQUIVALENCE,source/papers/Tsiokos_2026_The_Usefulness_of_Non_Descending_Objects_A_Six_Birds_Theory_of_Mathematical_Applicability.tex:L2604-L2613; derived/expanded/Tsiokos_2026_The_Usefulness_of_Non_Descending_Objects_A_Six_Birds_Theory_of_Mathematical_Applicability.tex:L2604-L2613,source/papers/Tsiokos_2026_Why_Mathematics_Even_Works.tex:L2542-L2552; derived/expanded/Tsiokos_2026_Why_Mathematics_Even_Works.tex:L2542-L2552,Navigation alignment only; no theorem equivalence or evidence independence is inferred.
VF-SAU-01,P040-C0089,P058-C0085,definition,definition,1.0,IDENTICAL_NORMALIZED_STATEMENT,source/papers/Tsiokos_2026_The_Usefulness_of_Non_Descending_Objects_A_Six_Birds_Theory_of_Mathematical_Applicability.tex:L2631-L2646; derived/expanded/Tsiokos_2026_The_Usefulness_of_Non_Descending_Objects_A_Six_Birds_Theory_of_Mathematical_Applicability.tex:L2631-L2646,source/papers/Tsiokos_2026_Why_Mathematics_Even_Works.tex:L2567-L2582; derived/expanded/Tsiokos_2026_Why_Mathematics_Even_Works.tex:L2567-L2582,Navigation alignment only; no theorem equivalence or evidence independence is inferred.
VF-SAU-01,P040-C0090,P058-C0086,lemma,lemma,1.0,IDENTICAL_NORMALIZED_STATEMENT,source/papers/Tsiokos_2026_The_Usefulness_of_Non_Descending_Objects_A_Six_Birds_Theory_of_Mathematical_Applicability.tex:L2651-L2667; derived/expanded/Tsiokos_2026_The_Usefulness_of_Non_Descending_Objects_A_Six_Birds_Theory_of_Mathematical_Applicability.tex:L2651-L2667,source/papers/Tsiokos_2026_Why_Mathematics_Even_Works.tex:L2587-L2603; derived/expanded/Tsiokos_2026_Why_Mathematics_Even_Works.tex:L2587-L2603,Navigation alignment only; no theorem equivalence or evidence independence is inferred.
VF-SAU-01,P040-C0091,P058-C0087,corollary,corollary,1.0,IDENTICAL_NORMALIZED_STATEMENT,source/papers/Tsiokos_2026_The_Usefulness_of_Non_Descending_Objects_A_Six_Birds_Theory_of_Mathematical_Applicability.tex:L2689-L2695; derived/expanded/Tsiokos_2026_The_Usefulness_of_Non_Descending_Objects_A_Six_Birds_Theory_of_Mathematical_Applicability.tex:L2689-L2695,source/papers/Tsiokos_2026_Why_Mathematics_Even_Works.tex:L2627-L2633; derived/expanded/Tsiokos_2026_Why_Mathematics_Even_Works.tex:L2627-L2633,Navigation alignment only; no theorem equivalence or evidence independence is inferred.
VF-SAU-01,P040-C0092,P058-C0088,lemma,lemma,1.0,IDENTICAL_NORMALIZED_STATEMENT,source/papers/Tsiokos_2026_The_Usefulness_of_Non_Descending_Objects_A_Six_Birds_Theory_of_Mathematical_Applicability.tex:L2707-L2718; derived/expanded/Tsiokos_2026_The_Usefulness_of_Non_Descending_Objects_A_Six_Birds_Theory_of_Mathematical_Applicability.tex:L2707-L2718,source/papers/Tsiokos_2026_Why_Mathematics_Even_Works.tex:L2647-L2658; derived/expanded/Tsiokos_2026_Why_Mathematics_Even_Works.tex:L2647-L2658,Navigation alignment only; no theorem equivalence or evidence independence is inferred.
VF-SAU-01,P040-C0093,P058-C0089,definition,definition,1.0,IDENTICAL_NORMALIZED_STATEMENT,source/papers/Tsiokos_2026_The_Usefulness_of_Non_Descending_Objects_A_Six_Birds_Theory_of_Mathematical_Applicability.tex:L2741-L2769; derived/expanded/Tsiokos_2026_The_Usefulness_of_Non_Descending_Objects_A_Six_Birds_Theory_of_Mathematical_Applicability.tex:L2741-L2769,source/papers/Tsiokos_2026_Why_Mathematics_Even_Works.tex:L2680-L2708; derived/expanded/Tsiokos_2026_Why_Mathematics_Even_Works.tex:L2680-L2708,Navigation alignment only; no theorem equivalence or evidence independence is inferred.
VF-SAU-01,P040-C0094,P058-C0090,definition,definition,1.0,IDENTICAL_NORMALIZED_STATEMENT,source/papers/Tsiokos_2026_The_Usefulness_of_Non_Descending_Objects_A_Six_Birds_Theory_of_Mathematical_Applicability.tex:L2798-L2813; derived/expanded/Tsiokos_2026_The_Usefulness_of_Non_Descending_Objects_A_Six_Birds_Theory_of_Mathematical_Applicability.tex:L2798-L2813,source/papers/Tsiokos_2026_Why_Mathematics_Even_Works.tex:L2737-L2752; derived/expanded/Tsiokos_2026_Why_Mathematics_Even_Works.tex:L2737-L2752,Navigation alignment only; no theorem equivalence or evidence independence is inferred.
VF-SAU-01,P040-C0095,P058-C0091,lemma,lemma,1.0,IDENTICAL_NORMALIZED_STATEMENT,source/papers/Tsiokos_2026_The_Usefulness_of_Non_Descending_Objects_A_Six_Birds_Theory_of_Mathematical_Applicability.tex:L2818-L2825; derived/expanded/Tsiokos_2026_The_Usefulness_of_Non_Descending_Objects_A_Six_Birds_Theory_of_Mathematical_Applicability.tex:L2818-L2825,source/papers/Tsiokos_2026_Why_Mathematics_Even_Works.tex:L2757-L2764; derived/expanded/Tsiokos_2026_Why_Mathematics_Even_Works.tex:L2757-L2764,Navigation alignment only; no theorem equivalence or evidence independence is inferred.
VF-SAU-01,P040-C0096,P058-C0092,corollary,corollary,1.0,IDENTICAL_NORMALIZED_STATEMENT,source/papers/Tsiokos_2026_The_Usefulness_of_Non_Descending_Objects_A_Six_Birds_Theory_of_Mathematical_Applicability.tex:L2846-L2856; derived/expanded/Tsiokos_2026_The_Usefulness_of_Non_Descending_Objects_A_Six_Birds_Theory_of_Mathematical_Applicability.tex:L2846-L2856,source/papers/Tsiokos_2026_Why_Mathematics_Even_Works.tex:L2787-L2797; derived/expanded/Tsiokos_2026_Why_Mathematics_Even_Works.tex:L2787-L2797,Navigation alignment only; no theorem equivalence or evidence independence is inferred.
VF-SAU-01,P040-C0097,P058-C0093,corollary,corollary,1.0,IDENTICAL_NORMALIZED_STATEMENT,source/papers/Tsiokos_2026_The_Usefulness_of_Non_Descending_Objects_A_Six_Birds_Theory_of_Mathematical_Applicability.tex:L2867-L2877; derived/expanded/Tsiokos_2026_The_Usefulness_of_Non_Descending_Objects_A_Six_Birds_Theory_of_Mathematical_Applicability.tex:L2867-L2877,source/papers/Tsiokos_2026_Why_Mathematics_Even_Works.tex:L2810-L2820; derived/expanded/Tsiokos_2026_Why_Mathematics_Even_Works.tex:L2810-L2820,Navigation alignment only; no theorem equivalence or evidence independence is inferred.
VF-SAU-01,P040-C0098,P058-C0094,lemma,lemma,1.0,IDENTICAL_NORMALIZED_STATEMENT,source/papers/Tsiokos_2026_The_Usefulness_of_Non_Descending_Objects_A_Six_Birds_Theory_of_Mathematical_Applicability.tex:L2899-L2905; derived/expanded/Tsiokos_2026_The_Usefulness_of_Non_Descending_Objects_A_Six_Birds_Theory_of_Mathematical_Applicability.tex:L2899-L2905,source/papers/Tsiokos_2026_Why_Mathematics_Even_Works.tex:L2847-L2853; derived/expanded/Tsiokos_2026_Why_Mathematics_Even_Works.tex:L2847-L2853,Navigation alignment only; no theorem equivalence or evidence independence is inferred.
VF-SAU-01,P040-C0099,P058-C0095,lemma,lemma,1.0,IDENTICAL_NORMALIZED_STATEMENT,source/papers/Tsiokos_2026_The_Usefulness_of_Non_Descending_Objects_A_Six_Birds_Theory_of_Mathematical_Applicability.tex:L2923-L2935; derived/expanded/Tsiokos_2026_The_Usefulness_of_Non_Descending_Objects_A_Six_Birds_Theory_of_Mathematical_Applicability.tex:L2923-L2935,source/papers/Tsiokos_2026_Why_Mathematics_Even_Works.tex:L2872-L2884; derived/expanded/Tsiokos_2026_Why_Mathematics_Even_Works.tex:L2872-L2884,Navigation alignment only; no theorem equivalence or evidence independence is inferred.
VF-SAU-01,P040-C0100,P058-C0096,proposition,proposition,1.0,IDENTICAL_NORMALIZED_STATEMENT,source/papers/Tsiokos_2026_The_Usefulness_of_Non_Descending_Objects_A_Six_Birds_Theory_of_Mathematical_Applicability.tex:L2956-L2964; derived/expanded/Tsiokos_2026_The_Usefulness_of_Non_Descending_Objects_A_Six_Birds_Theory_of_Mathematical_Applicability.tex:L2956-L2964,source/papers/Tsiokos_2026_Why_Mathematics_Even_Works.tex:L2908-L2916; derived/expanded/Tsiokos_2026_Why_Mathematics_Even_Works.tex:L2908-L2916,Navigation alignment only; no theorem equivalence or evidence independence is inferred.
VF-SAU-01,P040-C0101,P058-C0097,proposition,proposition,1.0,IDENTICAL_NORMALIZED_STATEMENT,source/papers/Tsiokos_2026_The_Usefulness_of_Non_Descending_Objects_A_Six_Birds_Theory_of_Mathematical_Applicability.tex:L2986-L2998; derived/expanded/Tsiokos_2026_The_Usefulness_of_Non_Descending_Objects_A_Six_Birds_Theory_of_Mathematical_Applicability.tex:L2986-L2998,source/papers/Tsiokos_2026_Why_Mathematics_Even_Works.tex:L2940-L2952; derived/expanded/Tsiokos_2026_Why_Mathematics_Even_Works.tex:L2940-L2952,Navigation alignment only; no theorem equivalence or evidence independence is inferred.
VF-SAU-01,P040-C0102,P058-C0098,result_summary,result_summary,0.9771,NEAR_EQUIVALENT_WORDING_NOT_THEOREM_EQUIVALENCE,source/papers/Tsiokos_2026_The_Usefulness_of_Non_Descending_Objects_A_Six_Birds_Theory_of_Mathematical_Applicability.tex:L3022-L3142; derived/expanded/Tsiokos_2026_The_Usefulness_of_Non_Descending_Objects_A_Six_Birds_Theory_of_Mathematical_Applicability.tex:L3022-L3142,source/papers/Tsiokos_2026_Why_Mathematics_Even_Works.tex:L2979-L3105; derived/expanded/Tsiokos_2026_Why_Mathematics_Even_Works.tex:L2979-L3105,Navigation alignment only; no theorem equivalence or evidence independence is inferred.
VF-SAU-01,P040-C0103,P058-C0099,proposition,proposition,1.0,IDENTICAL_NORMALIZED_STATEMENT,source/papers/Tsiokos_2026_The_Usefulness_of_Non_Descending_Objects_A_Six_Birds_Theory_of_Mathematical_Applicability.tex:L3029-L3041; derived/expanded/Tsiokos_2026_The_Usefulness_of_Non_Descending_Objects_A_Six_Birds_Theory_of_Mathematical_Applicability.tex:L3029-L3041,source/papers/Tsiokos_2026_Why_Mathematics_Even_Works.tex:L2986-L2998; derived/expanded/Tsiokos_2026_Why_Mathematics_Even_Works.tex:L2986-L2998,Navigation alignment only; no theorem equivalence or evidence independence is inferred.
VF-SAU-01,P040-C0104,P058-C0100,theorem,theorem,1.0,IDENTICAL_NORMALIZED_STATEMENT,source/papers/Tsiokos_2026_The_Usefulness_of_Non_Descending_Objects_A_Six_Birds_Theory_of_Mathematical_Applicability.tex:L3080-L3124; derived/expanded/Tsiokos_2026_The_Usefulness_of_Non_Descending_Objects_A_Six_Birds_Theory_of_Mathematical_Applicability.tex:L3080-L3124,source/papers/Tsiokos_2026_Why_Mathematics_Even_Works.tex:L3040-L3084; derived/expanded/Tsiokos_2026_Why_Mathematics_Even_Works.tex:L3040-L3084,Navigation alignment only; no theorem equivalence or evidence independence is inferred.
VF-SAU-01,P040-C0105,P058-C0101,nonclaim,nonclaim,0.9999,NEAR_EQUIVALENT_WORDING_NOT_THEOREM_EQUIVALENCE,source/papers/Tsiokos_2026_The_Usefulness_of_Non_Descending_Objects_A_Six_Birds_Theory_of_Mathematical_Applicability.tex:L3126-L3138; derived/expanded/Tsiokos_2026_The_Usefulness_of_Non_Descending_Objects_A_Six_Birds_Theory_of_Mathematical_Applicability.tex:L3126-L3138,source/papers/Tsiokos_2026_Why_Mathematics_Even_Works.tex:L3086-L3101; derived/expanded/Tsiokos_2026_Why_Mathematics_Even_Works.tex:L3086-L3101,Navigation alignment only; no theorem equivalence or evidence independence is inferred.
VF-SAU-01,P040-C0106,P058-C0102,lemma,lemma,1.0,IDENTICAL_NORMALIZED_STATEMENT,source/papers/Tsiokos_2026_The_Usefulness_of_Non_Descending_Objects_A_Six_Birds_Theory_of_Mathematical_Applicability.tex:L3158-L3170; derived/expanded/Tsiokos_2026_The_Usefulness_of_Non_Descending_Objects_A_Six_Birds_Theory_of_Mathematical_Applicability.tex:L3158-L3170,source/papers/Tsiokos_2026_Why_Mathematics_Even_Works.tex:L3117-L3129; derived/expanded/Tsiokos_2026_Why_Mathematics_Even_Works.tex:L3117-L3129,Navigation alignment only; no theorem equivalence or evidence independence is inferred.
VF-SAU-01,P040-C0107,P058-C0103,corollary,corollary,1.0,IDENTICAL_NORMALIZED_STATEMENT,source/papers/Tsiokos_2026_The_Usefulness_of_Non_Descending_Objects_A_Six_Birds_Theory_of_Mathematical_Applicability.tex:L3182-L3188; derived/expanded/Tsiokos_2026_The_Usefulness_of_Non_Descending_Objects_A_Six_Birds_Theory_of_Mathematical_Applicability.tex:L3182-L3188,source/papers/Tsiokos_2026_Why_Mathematics_Even_Works.tex:L3144-L3150; derived/expanded/Tsiokos_2026_Why_Mathematics_Even_Works.tex:L3144-L3150,Navigation alignment only; no theorem equivalence or evidence independence is inferred.
VF-SAU-01,P040-C0108,P058-C0104,definition,definition,1.0,IDENTICAL_NORMALIZED_STATEMENT,source/papers/Tsiokos_2026_The_Usefulness_of_Non_Descending_Objects_A_Six_Birds_Theory_of_Mathematical_Applicability.tex:L3200-L3221; derived/expanded/Tsiokos_2026_The_Usefulness_of_Non_Descending_Objects_A_Six_Birds_Theory_of_Mathematical_Applicability.tex:L3200-L3221,source/papers/Tsiokos_2026_Why_Mathematics_Even_Works.tex:L3164-L3185; derived/expanded/Tsiokos_2026_Why_Mathematics_Even_Works.tex:L3164-L3185,Navigation alignment only; no theorem equivalence or evidence independence is inferred.
VF-SAU-01,P040-C0109,P058-C0105,theorem,theorem,1.0,IDENTICAL_NORMALIZED_STATEMENT,source/papers/Tsiokos_2026_The_Usefulness_of_Non_Descending_Objects_A_Six_Birds_Theory_of_Mathematical_Applicability.tex:L3237-L3252; derived/expanded/Tsiokos_2026_The_Usefulness_of_Non_Descending_Objects_A_Six_Birds_Theory_of_Mathematical_Applicability.tex:L3237-L3252,source/papers/Tsiokos_2026_Why_Mathematics_Even_Works.tex:L3201-L3216; derived/expanded/Tsiokos_2026_Why_Mathematics_Even_Works.tex:L3201-L3216,Navigation alignment only; no theorem equivalence or evidence independence is inferred.
VF-SAU-01,P040-C0110,P058-C0106,theorem,theorem,1.0,IDENTICAL_NORMALIZED_STATEMENT,source/papers/Tsiokos_2026_The_Usefulness_of_Non_Descending_Objects_A_Six_Birds_Theory_of_Mathematical_Applicability.tex:L3303-L3310; derived/expanded/Tsiokos_2026_The_Usefulness_of_Non_Descending_Objects_A_Six_Birds_Theory_of_Mathematical_Applicability.tex:L3303-L3310,source/papers/Tsiokos_2026_Why_Mathematics_Even_Works.tex:L3266-L3273; derived/expanded/Tsiokos_2026_Why_Mathematics_Even_Works.tex:L3266-L3273,Navigation alignment only; no theorem equivalence or evidence independence is inferred.
VF-SAU-01,P040-C0111,P058-C0107,lemma,lemma,1.0,IDENTICAL_NORMALIZED_STATEMENT,source/papers/Tsiokos_2026_The_Usefulness_of_Non_Descending_Objects_A_Six_Birds_Theory_of_Mathematical_Applicability.tex:L3323-L3330; derived/expanded/Tsiokos_2026_The_Usefulness_of_Non_Descending_Objects_A_Six_Birds_Theory_of_Mathematical_Applicability.tex:L3323-L3330,source/papers/Tsiokos_2026_Why_Mathematics_Even_Works.tex:L3288-L3295; derived/expanded/Tsiokos_2026_Why_Mathematics_Even_Works.tex:L3288-L3295,Navigation alignment only; no theorem equivalence or evidence independence is inferred.
VF-SAU-01,P040-C0112,P058-C0108,lemma,lemma,1.0,IDENTICAL_NORMALIZED_STATEMENT,source/papers/Tsiokos_2026_The_Usefulness_of_Non_Descending_Objects_A_Six_Birds_Theory_of_Mathematical_Applicability.tex:L3341-L3352; derived/expanded/Tsiokos_2026_The_Usefulness_of_Non_Descending_Objects_A_Six_Birds_Theory_of_Mathematical_Applicability.tex:L3341-L3352,source/papers/Tsiokos_2026_Why_Mathematics_Even_Works.tex:L3308-L3319; derived/expanded/Tsiokos_2026_Why_Mathematics_Even_Works.tex:L3308-L3319,Navigation alignment only; no theorem equivalence or evidence independence is inferred.
VF-SAU-01,P040-C0113,P058-C0109,theorem,theorem,1.0,IDENTICAL_NORMALIZED_STATEMENT,source/papers/Tsiokos_2026_The_Usefulness_of_Non_Descending_Objects_A_Six_Birds_Theory_of_Mathematical_Applicability.tex:L3373-L3396; derived/expanded/Tsiokos_2026_The_Usefulness_of_Non_Descending_Objects_A_Six_Birds_Theory_of_Mathematical_Applicability.tex:L3373-L3396,source/papers/Tsiokos_2026_Why_Mathematics_Even_Works.tex:L3342-L3365; derived/expanded/Tsiokos_2026_Why_Mathematics_Even_Works.tex:L3342-L3365,Navigation alignment only; no theorem equivalence or evidence independence is inferred.
VF-SAU-01,P040-C0114,P058-C0110,theorem,theorem,1.0,IDENTICAL_NORMALIZED_STATEMENT,source/papers/Tsiokos_2026_The_Usefulness_of_Non_Descending_Objects_A_Six_Birds_Theory_of_Mathematical_Applicability.tex:L3408-L3423; derived/expanded/Tsiokos_2026_The_Usefulness_of_Non_Descending_Objects_A_Six_Birds_Theory_of_Mathematical_Applicability.tex:L3408-L3423,source/papers/Tsiokos_2026_Why_Mathematics_Even_Works.tex:L3380-L3395; derived/expanded/Tsiokos_2026_Why_Mathematics_Even_Works.tex:L3380-L3395,Navigation alignment only; no theorem equivalence or evidence independence is inferred.
VF-SAU-01,P040-C0115,P058-C0111,theorem,theorem,1.0,IDENTICAL_NORMALIZED_STATEMENT,source/papers/Tsiokos_2026_The_Usefulness_of_Non_Descending_Objects_A_Six_Birds_Theory_of_Mathematical_Applicability.tex:L3437-L3451; derived/expanded/Tsiokos_2026_The_Usefulness_of_Non_Descending_Objects_A_Six_Birds_Theory_of_Mathematical_Applicability.tex:L3437-L3451,source/papers/Tsiokos_2026_Why_Mathematics_Even_Works.tex:L3411-L3425; derived/expanded/Tsiokos_2026_Why_Mathematics_Even_Works.tex:L3411-L3425,Navigation alignment only; no theorem equivalence or evidence independence is inferred.
VF-SAU-01,P040-C0116,P058-C0112,theorem,theorem,1.0,IDENTICAL_NORMALIZED_STATEMENT,source/papers/Tsiokos_2026_The_Usefulness_of_Non_Descending_Objects_A_Six_Birds_Theory_of_Mathematical_Applicability.tex:L3462-L3480; derived/expanded/Tsiokos_2026_The_Usefulness_of_Non_Descending_Objects_A_Six_Birds_Theory_of_Mathematical_Applicability.tex:L3462-L3480,source/papers/Tsiokos_2026_Why_Mathematics_Even_Works.tex:L3438-L3456; derived/expanded/Tsiokos_2026_Why_Mathematics_Even_Works.tex:L3438-L3456,Navigation alignment only; no theorem equivalence or evidence independence is inferred.
VF-SAU-01,P040-C0117,P058-C0113,corollary,corollary,1.0,IDENTICAL_NORMALIZED_STATEMENT,source/papers/Tsiokos_2026_The_Usefulness_of_Non_Descending_Objects_A_Six_Birds_Theory_of_Mathematical_Applicability.tex:L3492-L3504; derived/expanded/Tsiokos_2026_The_Usefulness_of_Non_Descending_Objects_A_Six_Birds_Theory_of_Mathematical_Applicability.tex:L3492-L3504,source/papers/Tsiokos_2026_Why_Mathematics_Even_Works.tex:L3470-L3482; derived/expanded/Tsiokos_2026_Why_Mathematics_Even_Works.tex:L3470-L3482,Navigation alignment only; no theorem equivalence or evidence independence is inferred.
VF-SAU-01,P040-C0118,P058-C0114,result_summary,result_summary,1.0,IDENTICAL_NORMALIZED_STATEMENT,source/papers/Tsiokos_2026_The_Usefulness_of_Non_Descending_Objects_A_Six_Birds_Theory_of_Mathematical_Applicability.tex:L3518-L3565; derived/expanded/Tsiokos_2026_The_Usefulness_of_Non_Descending_Objects_A_Six_Birds_Theory_of_Mathematical_Applicability.tex:L3518-L3565,source/papers/Tsiokos_2026_Why_Mathematics_Even_Works.tex:L3498-L3552; derived/expanded/Tsiokos_2026_Why_Mathematics_Even_Works.tex:L3498-L3552,Navigation alignment only; no theorem equivalence or evidence independence is inferred.
VF-SAU-01,P040-C0119,P058-C0115,theorem,theorem,1.0,IDENTICAL_NORMALIZED_STATEMENT,source/papers/Tsiokos_2026_The_Usefulness_of_Non_Descending_Objects_A_Six_Birds_Theory_of_Mathematical_Applicability.tex:L3527-L3542; derived/expanded/Tsiokos_2026_The_Usefulness_of_Non_Descending_Objects_A_Six_Birds_Theory_of_Mathematical_Applicability.tex:L3527-L3542,source/papers/Tsiokos_2026_Why_Mathematics_Even_Works.tex:L3507-L3522; derived/expanded/Tsiokos_2026_Why_Mathematics_Even_Works.tex:L3507-L3522,Navigation alignment only; no theorem equivalence or evidence independence is inferred.
VF-SAU-01,P040-C0120,P058-C0116,nonclaim,nonclaim,0.93,NEAR_EQUIVALENT_WORDING_NOT_THEOREM_EQUIVALENCE,source/papers/Tsiokos_2026_The_Usefulness_of_Non_Descending_Objects_A_Six_Birds_Theory_of_Mathematical_Applicability.tex:L3544-L3552; derived/expanded/Tsiokos_2026_The_Usefulness_of_Non_Descending_Objects_A_Six_Birds_Theory_of_Mathematical_Applicability.tex:L3544-L3552,source/papers/Tsiokos_2026_Why_Mathematics_Even_Works.tex:L3524-L3535; derived/expanded/Tsiokos_2026_Why_Mathematics_Even_Works.tex:L3524-L3535,Navigation alignment only; no theorem equivalence or evidence independence is inferred.
VF-SAU-01,P040-C0121,P058-C0117,definition,definition,1.0,IDENTICAL_NORMALIZED_STATEMENT,source/papers/Tsiokos_2026_The_Usefulness_of_Non_Descending_Objects_A_Six_Birds_Theory_of_Mathematical_Applicability.tex:L3583-L3598; derived/expanded/Tsiokos_2026_The_Usefulness_of_Non_Descending_Objects_A_Six_Birds_Theory_of_Mathematical_Applicability.tex:L3583-L3598,source/papers/Tsiokos_2026_Why_Mathematics_Even_Works.tex:L3564-L3579; derived/expanded/Tsiokos_2026_Why_Mathematics_Even_Works.tex:L3564-L3579,Navigation alignment only; no theorem equivalence or evidence independence is inferred.
VF-SAU-01,P040-C0122,P058-C0118,definition,definition,1.0,IDENTICAL_NORMALIZED_STATEMENT,source/papers/Tsiokos_2026_The_Usefulness_of_Non_Descending_Objects_A_Six_Birds_Theory_of_Mathematical_Applicability.tex:L3603-L3621; derived/expanded/Tsiokos_2026_The_Usefulness_of_Non_Descending_Objects_A_Six_Birds_Theory_of_Mathematical_Applicability.tex:L3603-L3621,source/papers/Tsiokos_2026_Why_Mathematics_Even_Works.tex:L3584-L3602; derived/expanded/Tsiokos_2026_Why_Mathematics_Even_Works.tex:L3584-L3602,Navigation alignment only; no theorem equivalence or evidence independence is inferred.
VF-SAU-01,P040-C0123,P058-C0119,definition,definition,1.0,IDENTICAL_NORMALIZED_STATEMENT,source/papers/Tsiokos_2026_The_Usefulness_of_Non_Descending_Objects_A_Six_Birds_Theory_of_Mathematical_Applicability.tex:L3626-L3644; derived/expanded/Tsiokos_2026_The_Usefulness_of_Non_Descending_Objects_A_Six_Birds_Theory_of_Mathematical_Applicability.tex:L3626-L3644,source/papers/Tsiokos_2026_Why_Mathematics_Even_Works.tex:L3607-L3625; derived/expanded/Tsiokos_2026_Why_Mathematics_Even_Works.tex:L3607-L3625,Navigation alignment only; no theorem equivalence or evidence independence is inferred.
VF-SAU-01,P040-C0124,P058-C0120,definition,definition,1.0,IDENTICAL_NORMALIZED_STATEMENT,source/papers/Tsiokos_2026_The_Usefulness_of_Non_Descending_Objects_A_Six_Birds_Theory_of_Mathematical_Applicability.tex:L3649-L3665; derived/expanded/Tsiokos_2026_The_Usefulness_of_Non_Descending_Objects_A_Six_Birds_Theory_of_Mathematical_Applicability.tex:L3649-L3665,source/papers/Tsiokos_2026_Why_Mathematics_Even_Works.tex:L3630-L3646; derived/expanded/Tsiokos_2026_Why_Mathematics_Even_Works.tex:L3630-L3646,Navigation alignment only; no theorem equivalence or evidence independence is inferred.
VF-SAU-01,P040-C0125,P058-C0121,lemma,lemma,1.0,IDENTICAL_NORMALIZED_STATEMENT,source/papers/Tsiokos_2026_The_Usefulness_of_Non_Descending_Objects_A_Six_Birds_Theory_of_Mathematical_Applicability.tex:L3670-L3676; derived/expanded/Tsiokos_2026_The_Usefulness_of_Non_Descending_Objects_A_Six_Birds_Theory_of_Mathematical_Applicability.tex:L3670-L3676,source/papers/Tsiokos_2026_Why_Mathematics_Even_Works.tex:L3651-L3657; derived/expanded/Tsiokos_2026_Why_Mathematics_Even_Works.tex:L3651-L3657,Navigation alignment only; no theorem equivalence or evidence independence is inferred.
VF-SAU-01,P040-C0126,P058-C0122,corollary,corollary,1.0,IDENTICAL_NORMALIZED_STATEMENT,source/papers/Tsiokos_2026_The_Usefulness_of_Non_Descending_Objects_A_Six_Birds_Theory_of_Mathematical_Applicability.tex:L3688-L3699; derived/expanded/Tsiokos_2026_The_Usefulness_of_Non_Descending_Objects_A_Six_Birds_Theory_of_Mathematical_Applicability.tex:L3688-L3699,source/papers/Tsiokos_2026_Why_Mathematics_Even_Works.tex:L3672-L3683; derived/expanded/Tsiokos_2026_Why_Mathematics_Even_Works.tex:L3672-L3683,Navigation alignment only; no theorem equivalence or evidence independence is inferred.
VF-SAU-01,P040-C0127,P058-C0123,theorem,theorem,1.0,IDENTICAL_NORMALIZED_STATEMENT,source/papers/Tsiokos_2026_The_Usefulness_of_Non_Descending_Objects_A_Six_Birds_Theory_of_Mathematical_Applicability.tex:L3719-L3728; derived/expanded/Tsiokos_2026_The_Usefulness_of_Non_Descending_Objects_A_Six_Birds_Theory_of_Mathematical_Applicability.tex:L3719-L3728,source/papers/Tsiokos_2026_Why_Mathematics_Even_Works.tex:L3705-L3714; derived/expanded/Tsiokos_2026_Why_Mathematics_Even_Works.tex:L3705-L3714,Navigation alignment only; no theorem equivalence or evidence independence is inferred.
VF-SAU-01,P040-C0128,P058-C0124,theorem,theorem,1.0,IDENTICAL_NORMALIZED_STATEMENT,source/papers/Tsiokos_2026_The_Usefulness_of_Non_Descending_Objects_A_Six_Birds_Theory_of_Mathematical_Applicability.tex:L3742-L3756; derived/expanded/Tsiokos_2026_The_Usefulness_of_Non_Descending_Objects_A_Six_Birds_Theory_of_Mathematical_Applicability.tex:L3742-L3756,source/papers/Tsiokos_2026_Why_Mathematics_Even_Works.tex:L3731-L3745; derived/expanded/Tsiokos_2026_Why_Mathematics_Even_Works.tex:L3731-L3745,Navigation alignment only; no theorem equivalence or evidence independence is inferred.
VF-SAU-01,P040-C0129,P058-C0125,corollary,corollary,1.0,IDENTICAL_NORMALIZED_STATEMENT,source/papers/Tsiokos_2026_The_Usefulness_of_Non_Descending_Objects_A_Six_Birds_Theory_of_Mathematical_Applicability.tex:L3766-L3775; derived/expanded/Tsiokos_2026_The_Usefulness_of_Non_Descending_Objects_A_Six_Birds_Theory_of_Mathematical_Applicability.tex:L3766-L3775,source/papers/Tsiokos_2026_Why_Mathematics_Even_Works.tex:L3758-L3767; derived/expanded/Tsiokos_2026_Why_Mathematics_Even_Works.tex:L3758-L3767,Navigation alignment only; no theorem equivalence or evidence independence is inferred.
VF-SAU-01,P040-C0130,P058-C0126,theorem,theorem,1.0,IDENTICAL_NORMALIZED_STATEMENT,source/papers/Tsiokos_2026_The_Usefulness_of_Non_Descending_Objects_A_Six_Birds_Theory_of_Mathematical_Applicability.tex:L3786-L3792; derived/expanded/Tsiokos_2026_The_Usefulness_of_Non_Descending_Objects_A_Six_Birds_Theory_of_Mathematical_Applicability.tex:L3786-L3792,source/papers/Tsiokos_2026_Why_Mathematics_Even_Works.tex:L3780-L3786; derived/expanded/Tsiokos_2026_Why_Mathematics_Even_Works.tex:L3780-L3786,Navigation alignment only; no theorem equivalence or evidence independence is inferred.
VF-SAU-01,P040-C0131,P058-C0127,proposition,proposition,1.0,IDENTICAL_NORMALIZED_STATEMENT,source/papers/Tsiokos_2026_The_Usefulness_of_Non_Descending_Objects_A_Six_Birds_Theory_of_Mathematical_Applicability.tex:L3814-L3833; derived/expanded/Tsiokos_2026_The_Usefulness_of_Non_Descending_Objects_A_Six_Birds_Theory_of_Mathematical_Applicability.tex:L3814-L3833,source/papers/Tsiokos_2026_Why_Mathematics_Even_Works.tex:L3814-L3833; derived/expanded/Tsiokos_2026_Why_Mathematics_Even_Works.tex:L3814-L3833,Navigation alignment only; no theorem equivalence or evidence independence is inferred.
VF-SAU-01,P040-C0132,P058-C0128,open_problem,open_problem,1.0,IDENTICAL_NORMALIZED_STATEMENT,source/papers/Tsiokos_2026_The_Usefulness_of_Non_Descending_Objects_A_Six_Birds_Theory_of_Mathematical_Applicability.tex:L3851-L3857; derived/expanded/Tsiokos_2026_The_Usefulness_of_Non_Descending_Objects_A_Six_Birds_Theory_of_Mathematical_Applicability.tex:L3851-L3857,source/papers/Tsiokos_2026_Why_Mathematics_Even_Works.tex:L3852-L3858; derived/expanded/Tsiokos_2026_Why_Mathematics_Even_Works.tex:L3852-L3858,Navigation alignment only; no theorem equivalence or evidence independence is inferred.
VF-SAU-01,P040-C0133,P058-C0129,result_summary,result_summary,1.0,IDENTICAL_NORMALIZED_STATEMENT,source/papers/Tsiokos_2026_The_Usefulness_of_Non_Descending_Objects_A_Six_Birds_Theory_of_Mathematical_Applicability.tex:L3917-L4003; derived/expanded/Tsiokos_2026_The_Usefulness_of_Non_Descending_Objects_A_Six_Birds_Theory_of_Mathematical_Applicability.tex:L3917-L4003,source/papers/Tsiokos_2026_Why_Mathematics_Even_Works.tex:L3918-L4012; derived/expanded/Tsiokos_2026_Why_Mathematics_Even_Works.tex:L3918-L4012,Navigation alignment only; no theorem equivalence or evidence independence is inferred.
VF-SAU-01,P040-C0134,P058-C0130,theorem,theorem,1.0,IDENTICAL_NORMALIZED_STATEMENT,source/papers/Tsiokos_2026_The_Usefulness_of_Non_Descending_Objects_A_Six_Birds_Theory_of_Mathematical_Applicability.tex:L3924-L3931; derived/expanded/Tsiokos_2026_The_Usefulness_of_Non_Descending_Objects_A_Six_Birds_Theory_of_Mathematical_Applicability.tex:L3924-L3931,source/papers/Tsiokos_2026_Why_Mathematics_Even_Works.tex:L3925-L3932; derived/expanded/Tsiokos_2026_Why_Mathematics_Even_Works.tex:L3925-L3932,Navigation alignment only; no theorem equivalence or evidence independence is inferred.
VF-SAU-01,P040-C0135,P058-C0131,theorem,theorem,1.0,IDENTICAL_NORMALIZED_STATEMENT,source/papers/Tsiokos_2026_The_Usefulness_of_Non_Descending_Objects_A_Six_Birds_Theory_of_Mathematical_Applicability.tex:L3945-L3956; derived/expanded/Tsiokos_2026_The_Usefulness_of_Non_Descending_Objects_A_Six_Birds_Theory_of_Mathematical_Applicability.tex:L3945-L3956,source/papers/Tsiokos_2026_Why_Mathematics_Even_Works.tex:L3948-L3959; derived/expanded/Tsiokos_2026_Why_Mathematics_Even_Works.tex:L3948-L3959,Navigation alignment only; no theorem equivalence or evidence independence is inferred.
VF-SAU-01,P040-C0136,P058-C0132,nonclaim,nonclaim,1.0,IDENTICAL_NORMALIZED_STATEMENT,source/papers/Tsiokos_2026_The_Usefulness_of_Non_Descending_Objects_A_Six_Birds_Theory_of_Mathematical_Applicability.tex:L3967-L3971; derived/expanded/Tsiokos_2026_The_Usefulness_of_Non_Descending_Objects_A_Six_Birds_Theory_of_Mathematical_Applicability.tex:L3967-L3971,source/papers/Tsiokos_2026_Why_Mathematics_Even_Works.tex:L3973-L3977; derived/expanded/Tsiokos_2026_Why_Mathematics_Even_Works.tex:L3973-L3977,Navigation alignment only; no theorem equivalence or evidence independence is inferred.
VF-SAU-01,P040-C0137,P058-C0133,theorem,theorem,1.0,IDENTICAL_NORMALIZED_STATEMENT,source/papers/Tsiokos_2026_The_Usefulness_of_Non_Descending_Objects_A_Six_Birds_Theory_of_Mathematical_Applicability.tex:L3973-L3988; derived/expanded/Tsiokos_2026_The_Usefulness_of_Non_Descending_Objects_A_Six_Birds_Theory_of_Mathematical_Applicability.tex:L3973-L3988,source/papers/Tsiokos_2026_Why_Mathematics_Even_Works.tex:L3979-L3994; derived/expanded/Tsiokos_2026_Why_Mathematics_Even_Works.tex:L3979-L3994,Navigation alignment only; no theorem equivalence or evidence independence is inferred.
VF-SAU-01,P040-C0138,P058-C0134,nonclaim,nonclaim,1.0,IDENTICAL_NORMALIZED_STATEMENT,source/papers/Tsiokos_2026_The_Usefulness_of_Non_Descending_Objects_A_Six_Birds_Theory_of_Mathematical_Applicability.tex:L3990-L3998; derived/expanded/Tsiokos_2026_The_Usefulness_of_Non_Descending_Objects_A_Six_Birds_Theory_of_Mathematical_Applicability.tex:L3990-L3998,source/papers/Tsiokos_2026_Why_Mathematics_Even_Works.tex:L3996-L4007; derived/expanded/Tsiokos_2026_Why_Mathematics_Even_Works.tex:L3996-L4007,Navigation alignment only; no theorem equivalence or evidence independence is inferred.
VF-SAU-01,P040-C0139,P058-C0135,definition,definition,1.0,IDENTICAL_NORMALIZED_STATEMENT,source/papers/Tsiokos_2026_The_Usefulness_of_Non_Descending_Objects_A_Six_Birds_Theory_of_Mathematical_Applicability.tex:L4014-L4030; derived/expanded/Tsiokos_2026_The_Usefulness_of_Non_Descending_Objects_A_Six_Birds_Theory_of_Mathematical_Applicability.tex:L4014-L4030,source/papers/Tsiokos_2026_Why_Mathematics_Even_Works.tex:L4023-L4039; derived/expanded/Tsiokos_2026_Why_Mathematics_Even_Works.tex:L4023-L4039,Navigation alignment only; no theorem equivalence or evidence independence is inferred.
VF-SAU-01,P040-C0140,P058-C0136,lemma,lemma,1.0,IDENTICAL_NORMALIZED_STATEMENT,source/papers/Tsiokos_2026_The_Usefulness_of_Non_Descending_Objects_A_Six_Birds_Theory_of_Mathematical_Applicability.tex:L4077-L4094; derived/expanded/Tsiokos_2026_The_Usefulness_of_Non_Descending_Objects_A_Six_Birds_Theory_of_Mathematical_Applicability.tex:L4077-L4094,source/papers/Tsiokos_2026_Why_Mathematics_Even_Works.tex:L4086-L4103; derived/expanded/Tsiokos_2026_Why_Mathematics_Even_Works.tex:L4086-L4103,Navigation alignment only; no theorem equivalence or evidence independence is inferred.
VF-SAU-01,P040-C0141,P058-C0137,nonclaim,nonclaim,0.9999,NEAR_EQUIVALENT_WORDING_NOT_THEOREM_EQUIVALENCE,source/papers/Tsiokos_2026_The_Usefulness_of_Non_Descending_Objects_A_Six_Birds_Theory_of_Mathematical_Applicability.tex:L4096-L4100; derived/expanded/Tsiokos_2026_The_Usefulness_of_Non_Descending_Objects_A_Six_Birds_Theory_of_Mathematical_Applicability.tex:L4096-L4100,source/papers/Tsiokos_2026_Why_Mathematics_Even_Works.tex:L4105-L4110; derived/expanded/Tsiokos_2026_Why_Mathematics_Even_Works.tex:L4105-L4110,Navigation alignment only; no theorem equivalence or evidence independence is inferred.
VF-SAU-01,P040-C0142,P058-C0138,lemma,lemma,1.0,IDENTICAL_NORMALIZED_STATEMENT,source/papers/Tsiokos_2026_The_Usefulness_of_Non_Descending_Objects_A_Six_Birds_Theory_of_Mathematical_Applicability.tex:L4102-L4119; derived/expanded/Tsiokos_2026_The_Usefulness_of_Non_Descending_Objects_A_Six_Birds_Theory_of_Mathematical_Applicability.tex:L4102-L4119,source/papers/Tsiokos_2026_Why_Mathematics_Even_Works.tex:L4112-L4129; derived/expanded/Tsiokos_2026_Why_Mathematics_Even_Works.tex:L4112-L4129,Navigation alignment only; no theorem equivalence or evidence independence is inferred.
VF-SAU-01,P040-C0143,P058-C0139,nonclaim,nonclaim,0.9813,NEAR_EQUIVALENT_WORDING_NOT_THEOREM_EQUIVALENCE,source/papers/Tsiokos_2026_The_Usefulness_of_Non_Descending_Objects_A_Six_Birds_Theory_of_Mathematical_Applicability.tex:L4121-L4125; derived/expanded/Tsiokos_2026_The_Usefulness_of_Non_Descending_Objects_A_Six_Birds_Theory_of_Mathematical_Applicability.tex:L4121-L4125,source/papers/Tsiokos_2026_Why_Mathematics_Even_Works.tex:L4131-L4137; derived/expanded/Tsiokos_2026_Why_Mathematics_Even_Works.tex:L4131-L4137,Navigation alignment only; no theorem equivalence or evidence independence is inferred.
VF-SAU-01,P040-C0144,P058-C0140,lemma,lemma,0.9999,NEAR_EQUIVALENT_WORDING_NOT_THEOREM_EQUIVALENCE,source/papers/Tsiokos_2026_The_Usefulness_of_Non_Descending_Objects_A_Six_Birds_Theory_of_Mathematical_Applicability.tex:L4127-L4144; derived/expanded/Tsiokos_2026_The_Usefulness_of_Non_Descending_Objects_A_Six_Birds_Theory_of_Mathematical_Applicability.tex:L4127-L4144,source/papers/Tsiokos_2026_Why_Mathematics_Even_Works.tex:L4139-L4156; derived/expanded/Tsiokos_2026_Why_Mathematics_Even_Works.tex:L4139-L4156,Navigation alignment only; no theorem equivalence or evidence independence is inferred.
VF-SAU-01,P040-C0145,P058-C0141,lemma,lemma,1.0,IDENTICAL_NORMALIZED_STATEMENT,source/papers/Tsiokos_2026_The_Usefulness_of_Non_Descending_Objects_A_Six_Birds_Theory_of_Mathematical_Applicability.tex:L4152-L4170; derived/expanded/Tsiokos_2026_The_Usefulness_of_Non_Descending_Objects_A_Six_Birds_Theory_of_Mathematical_Applicability.tex:L4152-L4170,source/papers/Tsiokos_2026_Why_Mathematics_Even_Works.tex:L4166-L4184; derived/expanded/Tsiokos_2026_Why_Mathematics_Even_Works.tex:L4166-L4184,Navigation alignment only; no theorem equivalence or evidence independence is inferred.
VF-SAU-01,P040-C0146,P058-C0142,nonclaim,nonclaim,0.9999,NEAR_EQUIVALENT_WORDING_NOT_THEOREM_EQUIVALENCE,source/papers/Tsiokos_2026_The_Usefulness_of_Non_Descending_Objects_A_Six_Birds_Theory_of_Mathematical_Applicability.tex:L4172-L4176; derived/expanded/Tsiokos_2026_The_Usefulness_of_Non_Descending_Objects_A_Six_Birds_Theory_of_Mathematical_Applicability.tex:L4172-L4176,source/papers/Tsiokos_2026_Why_Mathematics_Even_Works.tex:L4186-L4192; derived/expanded/Tsiokos_2026_Why_Mathematics_Even_Works.tex:L4186-L4192,Navigation alignment only; no theorem equivalence or evidence independence is inferred.
VF-SAU-01,P040-C0147,P058-C0143,theorem,theorem,1.0,IDENTICAL_NORMALIZED_STATEMENT,source/papers/Tsiokos_2026_The_Usefulness_of_Non_Descending_Objects_A_Six_Birds_Theory_of_Mathematical_Applicability.tex:L4211-L4228; derived/expanded/Tsiokos_2026_The_Usefulness_of_Non_Descending_Objects_A_Six_Birds_Theory_of_Mathematical_Applicability.tex:L4211-L4228,source/papers/Tsiokos_2026_Why_Mathematics_Even_Works.tex:L4227-L4244; derived/expanded/Tsiokos_2026_Why_Mathematics_Even_Works.tex:L4227-L4244,Navigation alignment only; no theorem equivalence or evidence independence is inferred.
VF-SAU-01,P040-C0148,P058-C0144,theorem,theorem,1.0,IDENTICAL_NORMALIZED_STATEMENT,source/papers/Tsiokos_2026_The_Usefulness_of_Non_Descending_Objects_A_Six_Birds_Theory_of_Mathematical_Applicability.tex:L4236-L4262; derived/expanded/Tsiokos_2026_The_Usefulness_of_Non_Descending_Objects_A_Six_Birds_Theory_of_Mathematical_Applicability.tex:L4236-L4262,source/papers/Tsiokos_2026_Why_Mathematics_Even_Works.tex:L4254-L4280; derived/expanded/Tsiokos_2026_Why_Mathematics_Even_Works.tex:L4254-L4280,Navigation alignment only; no theorem equivalence or evidence independence is inferred.
VF-SAU-01,P040-C0149,P058-C0145,nonclaim,nonclaim,1.0,IDENTICAL_NORMALIZED_STATEMENT,source/papers/Tsiokos_2026_The_Usefulness_of_Non_Descending_Objects_A_Six_Birds_Theory_of_Mathematical_Applicability.tex:L4276-L4280; derived/expanded/Tsiokos_2026_The_Usefulness_of_Non_Descending_Objects_A_Six_Birds_Theory_of_Mathematical_Applicability.tex:L4276-L4280,source/papers/Tsiokos_2026_Why_Mathematics_Even_Works.tex:L4297-L4301; derived/expanded/Tsiokos_2026_Why_Mathematics_Even_Works.tex:L4297-L4301,Navigation alignment only; no theorem equivalence or evidence independence is inferred.
VF-SAU-01,P040-C0150,P058-C0146,definition,definition,1.0,IDENTICAL_NORMALIZED_STATEMENT,source/papers/Tsiokos_2026_The_Usefulness_of_Non_Descending_Objects_A_Six_Birds_Theory_of_Mathematical_Applicability.tex:L4282-L4290; derived/expanded/Tsiokos_2026_The_Usefulness_of_Non_Descending_Objects_A_Six_Birds_Theory_of_Mathematical_Applicability.tex:L4282-L4290,source/papers/Tsiokos_2026_Why_Mathematics_Even_Works.tex:L4303-L4311; derived/expanded/Tsiokos_2026_Why_Mathematics_Even_Works.tex:L4303-L4311,Navigation alignment only; no theorem equivalence or evidence independence is inferred.
VF-SAU-01,P040-C0151,P058-C0147,definition,definition,1.0,IDENTICAL_NORMALIZED_STATEMENT,source/papers/Tsiokos_2026_The_Usefulness_of_Non_Descending_Objects_A_Six_Birds_Theory_of_Mathematical_Applicability.tex:L4296-L4318; derived/expanded/Tsiokos_2026_The_Usefulness_of_Non_Descending_Objects_A_Six_Birds_Theory_of_Mathematical_Applicability.tex:L4296-L4318,source/papers/Tsiokos_2026_Why_Mathematics_Even_Works.tex:L4317-L4339; derived/expanded/Tsiokos_2026_Why_Mathematics_Even_Works.tex:L4317-L4339,Navigation alignment only; no theorem equivalence or evidence independence is inferred.
VF-SAU-01,P040-C0152,P058-C0148,definition,definition,1.0,IDENTICAL_NORMALIZED_STATEMENT,source/papers/Tsiokos_2026_The_Usefulness_of_Non_Descending_Objects_A_Six_Birds_Theory_of_Mathematical_Applicability.tex:L4323-L4339; derived/expanded/Tsiokos_2026_The_Usefulness_of_Non_Descending_Objects_A_Six_Birds_Theory_of_Mathematical_Applicability.tex:L4323-L4339,source/papers/Tsiokos_2026_Why_Mathematics_Even_Works.tex:L4344-L4360; derived/expanded/Tsiokos_2026_Why_Mathematics_Even_Works.tex:L4344-L4360,Navigation alignment only; no theorem equivalence or evidence independence is inferred.
VF-SAU-01,P040-C0153,P058-C0149,definition,definition,1.0,IDENTICAL_NORMALIZED_STATEMENT,source/papers/Tsiokos_2026_The_Usefulness_of_Non_Descending_Objects_A_Six_Birds_Theory_of_Mathematical_Applicability.tex:L4344-L4355; derived/expanded/Tsiokos_2026_The_Usefulness_of_Non_Descending_Objects_A_Six_Birds_Theory_of_Mathematical_Applicability.tex:L4344-L4355,source/papers/Tsiokos_2026_Why_Mathematics_Even_Works.tex:L4365-L4376; derived/expanded/Tsiokos_2026_Why_Mathematics_Even_Works.tex:L4365-L4376,Navigation alignment only; no theorem equivalence or evidence independence is inferred.
VF-SAU-01,P040-C0154,P058-C0150,definition,definition,1.0,IDENTICAL_NORMALIZED_STATEMENT,source/papers/Tsiokos_2026_The_Usefulness_of_Non_Descending_Objects_A_Six_Birds_Theory_of_Mathematical_Applicability.tex:L4360-L4373; derived/expanded/Tsiokos_2026_The_Usefulness_of_Non_Descending_Objects_A_Six_Birds_Theory_of_Mathematical_Applicability.tex:L4360-L4373,source/papers/Tsiokos_2026_Why_Mathematics_Even_Works.tex:L4381-L4394; derived/expanded/Tsiokos_2026_Why_Mathematics_Even_Works.tex:L4381-L4394,Navigation alignment only; no theorem equivalence or evidence independence is inferred.
VF-SAU-01,P040-C0155,P058-C0151,lemma,lemma,1.0,IDENTICAL_NORMALIZED_STATEMENT,source/papers/Tsiokos_2026_The_Usefulness_of_Non_Descending_Objects_A_Six_Birds_Theory_of_Mathematical_Applicability.tex:L4379-L4382; derived/expanded/Tsiokos_2026_The_Usefulness_of_Non_Descending_Objects_A_Six_Birds_Theory_of_Mathematical_Applicability.tex:L4379-L4382,source/papers/Tsiokos_2026_Why_Mathematics_Even_Works.tex:L4400-L4403; derived/expanded/Tsiokos_2026_Why_Mathematics_Even_Works.tex:L4400-L4403,Navigation alignment only; no theorem equivalence or evidence independence is inferred.
VF-SAU-01,P040-C0156,P058-C0152,proposition,proposition,1.0,IDENTICAL_NORMALIZED_STATEMENT,source/papers/Tsiokos_2026_The_Usefulness_of_Non_Descending_Objects_A_Six_Birds_Theory_of_Mathematical_Applicability.tex:L4396-L4403; derived/expanded/Tsiokos_2026_The_Usefulness_of_Non_Descending_Objects_A_Six_Birds_Theory_of_Mathematical_Applicability.tex:L4396-L4403,source/papers/Tsiokos_2026_Why_Mathematics_Even_Works.tex:L4418-L4425; derived/expanded/Tsiokos_2026_Why_Mathematics_Even_Works.tex:L4418-L4425,Navigation alignment only; no theorem equivalence or evidence independence is inferred.
VF-SAU-01,P040-C0157,P058-C0153,nonclaim,nonclaim,0.9844,NEAR_EQUIVALENT_WORDING_NOT_THEOREM_EQUIVALENCE,source/papers/Tsiokos_2026_The_Usefulness_of_Non_Descending_Objects_A_Six_Birds_Theory_of_Mathematical_Applicability.tex:L4405-L4411; derived/expanded/Tsiokos_2026_The_Usefulness_of_Non_Descending_Objects_A_Six_Birds_Theory_of_Mathematical_Applicability.tex:L4405-L4411,source/papers/Tsiokos_2026_Why_Mathematics_Even_Works.tex:L4427-L4435; derived/expanded/Tsiokos_2026_Why_Mathematics_Even_Works.tex:L4427-L4435,Navigation alignment only; no theorem equivalence or evidence independence is inferred.
VF-SAU-01,P040-C0158,P058-C0154,definition,definition,1.0,IDENTICAL_NORMALIZED_STATEMENT,source/papers/Tsiokos_2026_The_Usefulness_of_Non_Descending_Objects_A_Six_Birds_Theory_of_Mathematical_Applicability.tex:L4424-L4431; derived/expanded/Tsiokos_2026_The_Usefulness_of_Non_Descending_Objects_A_Six_Birds_Theory_of_Mathematical_Applicability.tex:L4424-L4431,source/papers/Tsiokos_2026_Why_Mathematics_Even_Works.tex:L4448-L4455; derived/expanded/Tsiokos_2026_Why_Mathematics_Even_Works.tex:L4448-L4455,Navigation alignment only; no theorem equivalence or evidence independence is inferred.
VF-SAU-01,P040-C0159,P058-C0155,definition,definition,1.0,IDENTICAL_NORMALIZED_STATEMENT,source/papers/Tsiokos_2026_The_Usefulness_of_Non_Descending_Objects_A_Six_Birds_Theory_of_Mathematical_Applicability.tex:L4436-L4452; derived/expanded/Tsiokos_2026_The_Usefulness_of_Non_Descending_Objects_A_Six_Birds_Theory_of_Mathematical_Applicability.tex:L4436-L4452,source/papers/Tsiokos_2026_Why_Mathematics_Even_Works.tex:L4460-L4476; derived/expanded/Tsiokos_2026_Why_Mathematics_Even_Works.tex:L4460-L4476,Navigation alignment only; no theorem equivalence or evidence independence is inferred.
VF-SAU-01,P040-C0160,P058-C0156,definition,definition,1.0,IDENTICAL_NORMALIZED_STATEMENT,source/papers/Tsiokos_2026_The_Usefulness_of_Non_Descending_Objects_A_Six_Birds_Theory_of_Mathematical_Applicability.tex:L4457-L4492; derived/expanded/Tsiokos_2026_The_Usefulness_of_Non_Descending_Objects_A_Six_Birds_Theory_of_Mathematical_Applicability.tex:L4457-L4492,source/papers/Tsiokos_2026_Why_Mathematics_Even_Works.tex:L4481-L4516; derived/expanded/Tsiokos_2026_Why_Mathematics_Even_Works.tex:L4481-L4516,Navigation alignment only; no theorem equivalence or evidence independence is inferred.
VF-SAU-01,P040-C0161,P058-C0157,definition,definition,1.0,IDENTICAL_NORMALIZED_STATEMENT,source/papers/Tsiokos_2026_The_Usefulness_of_Non_Descending_Objects_A_Six_Birds_Theory_of_Mathematical_Applicability.tex:L4497-L4507; derived/expanded/Tsiokos_2026_The_Usefulness_of_Non_Descending_Objects_A_Six_Birds_Theory_of_Mathematical_Applicability.tex:L4497-L4507,source/papers/Tsiokos_2026_Why_Mathematics_Even_Works.tex:L4521-L4531; derived/expanded/Tsiokos_2026_Why_Mathematics_Even_Works.tex:L4521-L4531,Navigation alignment only; no theorem equivalence or evidence independence is inferred.
VF-SAU-01,P040-C0162,P058-C0158,theorem,theorem,1.0,IDENTICAL_NORMALIZED_STATEMENT,source/papers/Tsiokos_2026_The_Usefulness_of_Non_Descending_Objects_A_Six_Birds_Theory_of_Mathematical_Applicability.tex:L4513-L4520; derived/expanded/Tsiokos_2026_The_Usefulness_of_Non_Descending_Objects_A_Six_Birds_Theory_of_Mathematical_Applicability.tex:L4513-L4520,source/papers/Tsiokos_2026_Why_Mathematics_Even_Works.tex:L4537-L4544; derived/expanded/Tsiokos_2026_Why_Mathematics_Even_Works.tex:L4537-L4544,Navigation alignment only; no theorem equivalence or evidence independence is inferred.
VF-SAU-01,P040-C0163,P058-C0159,nonclaim,nonclaim,0.8582,NEAR_EQUIVALENT_WORDING_NOT_THEOREM_EQUIVALENCE,source/papers/Tsiokos_2026_The_Usefulness_of_Non_Descending_Objects_A_Six_Birds_Theory_of_Mathematical_Applicability.tex:L4522-L4532; derived/expanded/Tsiokos_2026_The_Usefulness_of_Non_Descending_Objects_A_Six_Birds_Theory_of_Mathematical_Applicability.tex:L4522-L4532,source/papers/Tsiokos_2026_Why_Mathematics_Even_Works.tex:L4546-L4557; derived/expanded/Tsiokos_2026_Why_Mathematics_Even_Works.tex:L4546-L4557,Navigation alignment only; no theorem equivalence or evidence independence is inferred.
VF-SAU-01,P040-C0164,P058-C0160,theorem,theorem,1.0,IDENTICAL_NORMALIZED_STATEMENT,source/papers/Tsiokos_2026_The_Usefulness_of_Non_Descending_Objects_A_Six_Birds_Theory_of_Mathematical_Applicability.tex:L4544-L4557; derived/expanded/Tsiokos_2026_The_Usefulness_of_Non_Descending_Objects_A_Six_Birds_Theory_of_Mathematical_Applicability.tex:L4544-L4557,source/papers/Tsiokos_2026_Why_Mathematics_Even_Works.tex:L4569-L4582; derived/expanded/Tsiokos_2026_Why_Mathematics_Even_Works.tex:L4569-L4582,Navigation alignment only; no theorem equivalence or evidence independence is inferred.
VF-SAU-01,P040-C0165,P058-C0161,theorem,theorem,1.0,IDENTICAL_NORMALIZED_STATEMENT,source/papers/Tsiokos_2026_The_Usefulness_of_Non_Descending_Objects_A_Six_Birds_Theory_of_Mathematical_Applicability.tex:L4570-L4580; derived/expanded/Tsiokos_2026_The_Usefulness_of_Non_Descending_Objects_A_Six_Birds_Theory_of_Mathematical_Applicability.tex:L4570-L4580,source/papers/Tsiokos_2026_Why_Mathematics_Even_Works.tex:L4597-L4607; derived/expanded/Tsiokos_2026_Why_Mathematics_Even_Works.tex:L4597-L4607,Navigation alignment only; no theorem equivalence or evidence independence is inferred.
VF-SAU-01,P040-C0166,P058-C0162,theorem,theorem,1.0,IDENTICAL_NORMALIZED_STATEMENT,source/papers/Tsiokos_2026_The_Usefulness_of_Non_Descending_Objects_A_Six_Birds_Theory_of_Mathematical_Applicability.tex:L4594-L4609; derived/expanded/Tsiokos_2026_The_Usefulness_of_Non_Descending_Objects_A_Six_Birds_Theory_of_Mathematical_Applicability.tex:L4594-L4609,source/papers/Tsiokos_2026_Why_Mathematics_Even_Works.tex:L4622-L4637; derived/expanded/Tsiokos_2026_Why_Mathematics_Even_Works.tex:L4622-L4637,Navigation alignment only; no theorem equivalence or evidence independence is inferred.
VF-SAU-01,P040-C0167,P058-C0163,theorem,theorem,1.0,IDENTICAL_NORMALIZED_STATEMENT,source/papers/Tsiokos_2026_The_Usefulness_of_Non_Descending_Objects_A_Six_Birds_Theory_of_Mathematical_Applicability.tex:L4625-L4642; derived/expanded/Tsiokos_2026_The_Usefulness_of_Non_Descending_Objects_A_Six_Birds_Theory_of_Mathematical_Applicability.tex:L4625-L4642,source/papers/Tsiokos_2026_Why_Mathematics_Even_Works.tex:L4658-L4675; derived/expanded/Tsiokos_2026_Why_Mathematics_Even_Works.tex:L4658-L4675,Navigation alignment only; no theorem equivalence or evidence independence is inferred.
VF-SAU-01,P040-C0168,P058-C0164,theorem,theorem,0.9463,NEAR_EQUIVALENT_WORDING_NOT_THEOREM_EQUIVALENCE,source/papers/Tsiokos_2026_The_Usefulness_of_Non_Descending_Objects_A_Six_Birds_Theory_of_Mathematical_Applicability.tex:L4658-L4670; derived/expanded/Tsiokos_2026_The_Usefulness_of_Non_Descending_Objects_A_Six_Birds_Theory_of_Mathematical_Applicability.tex:L4658-L4670,source/papers/Tsiokos_2026_Why_Mathematics_Even_Works.tex:L4695-L4710; derived/expanded/Tsiokos_2026_Why_Mathematics_Even_Works.tex:L4695-L4710,Navigation alignment only; no theorem equivalence or evidence independence is inferred.
VF-SAU-01,P040-C0169,P058-C0165,open_problem,open_problem,0.4578,TENTATIVE_ALIGNMENT_REQUIRES_CLAIM_REVIEW,source/papers/Tsiokos_2026_The_Usefulness_of_Non_Descending_Objects_A_Six_Birds_Theory_of_Mathematical_Applicability.tex:L4690-L4692; derived/expanded/Tsiokos_2026_The_Usefulness_of_Non_Descending_Objects_A_Six_Birds_Theory_of_Mathematical_Applicability.tex:L4690-L4692,source/papers/Tsiokos_2026_Why_Mathematics_Even_Works.tex:L4732-L4734; derived/expanded/Tsiokos_2026_Why_Mathematics_Even_Works.tex:L4732-L4734,Navigation alignment only; no theorem equivalence or evidence independence is inferred.
VF-SAU-01,P040-C0170,P058-C0166,open_problem,open_problem,0.914,NEAR_EQUIVALENT_WORDING_NOT_THEOREM_EQUIVALENCE,source/papers/Tsiokos_2026_The_Usefulness_of_Non_Descending_Objects_A_Six_Birds_Theory_of_Mathematical_Applicability.tex:L4694-L4786; derived/expanded/Tsiokos_2026_The_Usefulness_of_Non_Descending_Objects_A_Six_Birds_Theory_of_Mathematical_Applicability.tex:L4694-L4786,source/papers/Tsiokos_2026_Why_Mathematics_Even_Works.tex:L4736-L4832; derived/expanded/Tsiokos_2026_Why_Mathematics_Even_Works.tex:L4736-L4832,Navigation alignment only; no theorem equivalence or evidence independence is inferred.
VF-SAU-01,P040-C0171,P058-C0167,definition,definition,1.0,IDENTICAL_NORMALIZED_STATEMENT,source/papers/Tsiokos_2026_The_Usefulness_of_Non_Descending_Objects_A_Six_Birds_Theory_of_Mathematical_Applicability.tex:L4702-L4709; derived/expanded/Tsiokos_2026_The_Usefulness_of_Non_Descending_Objects_A_Six_Birds_Theory_of_Mathematical_Applicability.tex:L4702-L4709,source/papers/Tsiokos_2026_Why_Mathematics_Even_Works.tex:L4744-L4751; derived/expanded/Tsiokos_2026_Why_Mathematics_Even_Works.tex:L4744-L4751,Navigation alignment only; no theorem equivalence or evidence independence is inferred.
VF-SAU-01,P040-C0172,P058-C0168,proposition,proposition,1.0,IDENTICAL_NORMALIZED_STATEMENT,source/papers/Tsiokos_2026_The_Usefulness_of_Non_Descending_Objects_A_Six_Birds_Theory_of_Mathematical_Applicability.tex:L4715-L4718; derived/expanded/Tsiokos_2026_The_Usefulness_of_Non_Descending_Objects_A_Six_Birds_Theory_of_Mathematical_Applicability.tex:L4715-L4718,source/papers/Tsiokos_2026_Why_Mathematics_Even_Works.tex:L4756-L4759; derived/expanded/Tsiokos_2026_Why_Mathematics_Even_Works.tex:L4756-L4759,Navigation alignment only; no theorem equivalence or evidence independence is inferred.
VF-SAU-01,P040-C0173,P058-C0169,corollary,corollary,1.0,IDENTICAL_NORMALIZED_STATEMENT,source/papers/Tsiokos_2026_The_Usefulness_of_Non_Descending_Objects_A_Six_Birds_Theory_of_Mathematical_Applicability.tex:L4732-L4739; derived/expanded/Tsiokos_2026_The_Usefulness_of_Non_Descending_Objects_A_Six_Birds_Theory_of_Mathematical_Applicability.tex:L4732-L4739,source/papers/Tsiokos_2026_Why_Mathematics_Even_Works.tex:L4774-L4781; derived/expanded/Tsiokos_2026_Why_Mathematics_Even_Works.tex:L4774-L4781,Navigation alignment only; no theorem equivalence or evidence independence is inferred.
VF-SAU-01,P040-C0174,P058-C0170,nonclaim,nonclaim,1.0,IDENTICAL_NORMALIZED_STATEMENT,source/papers/Tsiokos_2026_The_Usefulness_of_Non_Descending_Objects_A_Six_Birds_Theory_of_Mathematical_Applicability.tex:L4751-L4784; derived/expanded/Tsiokos_2026_The_Usefulness_of_Non_Descending_Objects_A_Six_Birds_Theory_of_Mathematical_Applicability.tex:L4751-L4784,source/papers/Tsiokos_2026_Why_Mathematics_Even_Works.tex:L4795-L4828; derived/expanded/Tsiokos_2026_Why_Mathematics_Even_Works.tex:L4795-L4828,Navigation alignment only; no theorem equivalence or evidence independence is inferred.
VF-SAU-01,P040-C0175,P058-C0171,open_problem,open_problem,0.8097,RELATED_CHANGED_WORDING_OR_SCOPE,source/papers/Tsiokos_2026_The_Usefulness_of_Non_Descending_Objects_A_Six_Birds_Theory_of_Mathematical_Applicability.tex:L4786-L4822; derived/expanded/Tsiokos_2026_The_Usefulness_of_Non_Descending_Objects_A_Six_Birds_Theory_of_Mathematical_Applicability.tex:L4786-L4822,source/papers/Tsiokos_2026_Why_Mathematics_Even_Works.tex:L4832-L4864; derived/expanded/Tsiokos_2026_Why_Mathematics_Even_Works.tex:L4832-L4864,Navigation alignment only; no theorem equivalence or evidence independence is inferred.
VF-SAU-01,P040-C0176,P058-C0172,nonclaim,nonclaim,0.7029,RELATED_CHANGED_WORDING_OR_SCOPE,source/papers/Tsiokos_2026_The_Usefulness_of_Non_Descending_Objects_A_Six_Birds_Theory_of_Mathematical_Applicability.tex:L4801-L4813; derived/expanded/Tsiokos_2026_The_Usefulness_of_Non_Descending_Objects_A_Six_Birds_Theory_of_Mathematical_Applicability.tex:L4801-L4813,source/papers/Tsiokos_2026_Why_Mathematics_Even_Works.tex:L4846-L4854; derived/expanded/Tsiokos_2026_Why_Mathematics_Even_Works.tex:L4846-L4854,Navigation alignment only; no theorem equivalence or evidence independence is inferred.
VF-SAU-01,P040-C0177,P058-C0173,definition,definition,1.0,IDENTICAL_NORMALIZED_STATEMENT,source/papers/Tsiokos_2026_The_Usefulness_of_Non_Descending_Objects_A_Six_Birds_Theory_of_Mathematical_Applicability.tex:L4836-L4847; derived/expanded/Tsiokos_2026_The_Usefulness_of_Non_Descending_Objects_A_Six_Birds_Theory_of_Mathematical_Applicability.tex:L4836-L4847,source/papers/Tsiokos_2026_Why_Mathematics_Even_Works.tex:L4878-L4889; derived/expanded/Tsiokos_2026_Why_Mathematics_Even_Works.tex:L4878-L4889,Navigation alignment only; no theorem equivalence or evidence independence is inferred.
VF-SAU-01,P040-C0178,P058-C0174,definition,definition,1.0,IDENTICAL_NORMALIZED_STATEMENT,source/papers/Tsiokos_2026_The_Usefulness_of_Non_Descending_Objects_A_Six_Birds_Theory_of_Mathematical_Applicability.tex:L4851-L4866; derived/expanded/Tsiokos_2026_The_Usefulness_of_Non_Descending_Objects_A_Six_Birds_Theory_of_Mathematical_Applicability.tex:L4851-L4866,source/papers/Tsiokos_2026_Why_Mathematics_Even_Works.tex:L4893-L4908; derived/expanded/Tsiokos_2026_Why_Mathematics_Even_Works.tex:L4893-L4908,Navigation alignment only; no theorem equivalence or evidence independence is inferred.
VF-SAU-01,P040-C0179,P058-C0175,definition,definition,1.0,IDENTICAL_NORMALIZED_STATEMENT,source/papers/Tsiokos_2026_The_Usefulness_of_Non_Descending_Objects_A_Six_Birds_Theory_of_Mathematical_Applicability.tex:L4871-L4886; derived/expanded/Tsiokos_2026_The_Usefulness_of_Non_Descending_Objects_A_Six_Birds_Theory_of_Mathematical_Applicability.tex:L4871-L4886,source/papers/Tsiokos_2026_Why_Mathematics_Even_Works.tex:L4913-L4928; derived/expanded/Tsiokos_2026_Why_Mathematics_Even_Works.tex:L4913-L4928,Navigation alignment only; no theorem equivalence or evidence independence is inferred.
VF-SAU-01,P040-C0180,P058-C0176,result_summary,result_summary,0.9999,NEAR_EQUIVALENT_WORDING_NOT_THEOREM_EQUIVALENCE,source/papers/Tsiokos_2026_The_Usefulness_of_Non_Descending_Objects_A_Six_Birds_Theory_of_Mathematical_Applicability.tex:L4896-L5027; derived/expanded/Tsiokos_2026_The_Usefulness_of_Non_Descending_Objects_A_Six_Birds_Theory_of_Mathematical_Applicability.tex:L4896-L5027,source/papers/Tsiokos_2026_Why_Mathematics_Even_Works.tex:L4938-L5073; derived/expanded/Tsiokos_2026_Why_Mathematics_Even_Works.tex:L4938-L5073,Navigation alignment only; no theorem equivalence or evidence independence is inferred.
VF-SAU-01,P040-C0181,P058-C0177,definition,definition,0.9999,NEAR_EQUIVALENT_WORDING_NOT_THEOREM_EQUIVALENCE,source/papers/Tsiokos_2026_The_Usefulness_of_Non_Descending_Objects_A_Six_Birds_Theory_of_Mathematical_Applicability.tex:L4905-L4917; derived/expanded/Tsiokos_2026_The_Usefulness_of_Non_Descending_Objects_A_Six_Birds_Theory_of_Mathematical_Applicability.tex:L4905-L4917,source/papers/Tsiokos_2026_Why_Mathematics_Even_Works.tex:L4947-L4963; derived/expanded/Tsiokos_2026_Why_Mathematics_Even_Works.tex:L4947-L4963,Navigation alignment only; no theorem equivalence or evidence independence is inferred.
VF-SAU-01,P040-C0182,P058-C0178,definition,definition,0.9999,NEAR_EQUIVALENT_WORDING_NOT_THEOREM_EQUIVALENCE,source/papers/Tsiokos_2026_The_Usefulness_of_Non_Descending_Objects_A_Six_Birds_Theory_of_Mathematical_Applicability.tex:L4922-L4935; derived/expanded/Tsiokos_2026_The_Usefulness_of_Non_Descending_Objects_A_Six_Birds_Theory_of_Mathematical_Applicability.tex:L4922-L4935,source/papers/Tsiokos_2026_Why_Mathematics_Even_Works.tex:L4968-L4981; derived/expanded/Tsiokos_2026_Why_Mathematics_Even_Works.tex:L4968-L4981,Navigation alignment only; no theorem equivalence or evidence independence is inferred.
VF-SAU-01,P040-C0183,P058-C0179,definition,definition,1.0,IDENTICAL_NORMALIZED_STATEMENT,source/papers/Tsiokos_2026_The_Usefulness_of_Non_Descending_Objects_A_Six_Birds_Theory_of_Mathematical_Applicability.tex:L4940-L4964; derived/expanded/Tsiokos_2026_The_Usefulness_of_Non_Descending_Objects_A_Six_Birds_Theory_of_Mathematical_Applicability.tex:L4940-L4964,source/papers/Tsiokos_2026_Why_Mathematics_Even_Works.tex:L4986-L5010; derived/expanded/Tsiokos_2026_Why_Mathematics_Even_Works.tex:L4986-L5010,Navigation alignment only; no theorem equivalence or evidence independence is inferred.
VF-SAU-01,P040-C0184,P058-C0180,definition,definition,1.0,IDENTICAL_NORMALIZED_STATEMENT,source/papers/Tsiokos_2026_The_Usefulness_of_Non_Descending_Objects_A_Six_Birds_Theory_of_Mathematical_Applicability.tex:L4969-L4978; derived/expanded/Tsiokos_2026_The_Usefulness_of_Non_Descending_Objects_A_Six_Birds_Theory_of_Mathematical_Applicability.tex:L4969-L4978,source/papers/Tsiokos_2026_Why_Mathematics_Even_Works.tex:L5015-L5024; derived/expanded/Tsiokos_2026_Why_Mathematics_Even_Works.tex:L5015-L5024,Navigation alignment only; no theorem equivalence or evidence independence is inferred.
VF-SAU-01,P040-C0185,P058-C0181,definition,definition,0.9999,NEAR_EQUIVALENT_WORDING_NOT_THEOREM_EQUIVALENCE,source/papers/Tsiokos_2026_The_Usefulness_of_Non_Descending_Objects_A_Six_Birds_Theory_of_Mathematical_Applicability.tex:L4983-L4995; derived/expanded/Tsiokos_2026_The_Usefulness_of_Non_Descending_Objects_A_Six_Birds_Theory_of_Mathematical_Applicability.tex:L4983-L4995,source/papers/Tsiokos_2026_Why_Mathematics_Even_Works.tex:L5029-L5041; derived/expanded/Tsiokos_2026_Why_Mathematics_Even_Works.tex:L5029-L5041,Navigation alignment only; no theorem equivalence or evidence independence is inferred.
VF-SAU-01,P040-C0186,P058-C0182,definition,definition,1.0,IDENTICAL_NORMALIZED_STATEMENT,source/papers/Tsiokos_2026_The_Usefulness_of_Non_Descending_Objects_A_Six_Birds_Theory_of_Mathematical_Applicability.tex:L5000-L5007; derived/expanded/Tsiokos_2026_The_Usefulness_of_Non_Descending_Objects_A_Six_Birds_Theory_of_Mathematical_Applicability.tex:L5000-L5007,source/papers/Tsiokos_2026_Why_Mathematics_Even_Works.tex:L5046-L5053; derived/expanded/Tsiokos_2026_Why_Mathematics_Even_Works.tex:L5046-L5053,Navigation alignment only; no theorem equivalence or evidence independence is inferred.
VF-SAU-01,P040-C0187,P058-C0183,definition,definition,1.0,IDENTICAL_NORMALIZED_STATEMENT,source/papers/Tsiokos_2026_The_Usefulness_of_Non_Descending_Objects_A_Six_Birds_Theory_of_Mathematical_Applicability.tex:L5012-L5025; derived/expanded/Tsiokos_2026_The_Usefulness_of_Non_Descending_Objects_A_Six_Birds_Theory_of_Mathematical_Applicability.tex:L5012-L5025,source/papers/Tsiokos_2026_Why_Mathematics_Even_Works.tex:L5058-L5071; derived/expanded/Tsiokos_2026_Why_Mathematics_Even_Works.tex:L5058-L5071,Navigation alignment only; no theorem equivalence or evidence independence is inferred.
VF-SAU-01,P040-C0188,P058-C0184,definition,definition,1.0,IDENTICAL_NORMALIZED_STATEMENT,source/papers/Tsiokos_2026_The_Usefulness_of_Non_Descending_Objects_A_Six_Birds_Theory_of_Mathematical_Applicability.tex:L5035-L5049; derived/expanded/Tsiokos_2026_The_Usefulness_of_Non_Descending_Objects_A_Six_Birds_Theory_of_Mathematical_Applicability.tex:L5035-L5049,source/papers/Tsiokos_2026_Why_Mathematics_Even_Works.tex:L5081-L5095; derived/expanded/Tsiokos_2026_Why_Mathematics_Even_Works.tex:L5081-L5095,Navigation alignment only; no theorem equivalence or evidence independence is inferred.
VF-SAU-01,P040-C0189,P058-C0185,definition,definition,1.0,IDENTICAL_NORMALIZED_STATEMENT,source/papers/Tsiokos_2026_The_Usefulness_of_Non_Descending_Objects_A_Six_Birds_Theory_of_Mathematical_Applicability.tex:L5054-L5069; derived/expanded/Tsiokos_2026_The_Usefulness_of_Non_Descending_Objects_A_Six_Birds_Theory_of_Mathematical_Applicability.tex:L5054-L5069,source/papers/Tsiokos_2026_Why_Mathematics_Even_Works.tex:L5100-L5115; derived/expanded/Tsiokos_2026_Why_Mathematics_Even_Works.tex:L5100-L5115,Navigation alignment only; no theorem equivalence or evidence independence is inferred.
VF-SAU-01,P040-C0190,P058-C0186,definition,definition,1.0,IDENTICAL_NORMALIZED_STATEMENT,source/papers/Tsiokos_2026_The_Usefulness_of_Non_Descending_Objects_A_Six_Birds_Theory_of_Mathematical_Applicability.tex:L5074-L5087; derived/expanded/Tsiokos_2026_The_Usefulness_of_Non_Descending_Objects_A_Six_Birds_Theory_of_Mathematical_Applicability.tex:L5074-L5087,source/papers/Tsiokos_2026_Why_Mathematics_Even_Works.tex:L5120-L5133; derived/expanded/Tsiokos_2026_Why_Mathematics_Even_Works.tex:L5120-L5133,Navigation alignment only; no theorem equivalence or evidence independence is inferred.
VF-SAU-01,P040-C0191,,remark,,0.047,P040_ONLY_AT_STEP2_ALIGNMENT_THRESHOLD,source/papers/Tsiokos_2026_The_Usefulness_of_Non_Descending_Objects_A_Six_Birds_Theory_of_Mathematical_Applicability.tex:L5098-L5101; derived/expanded/Tsiokos_2026_The_Usefulness_of_Non_Descending_Objects_A_Six_Birds_Theory_of_Mathematical_Applicability.tex:L5098-L5101,,No aligned P058 claim was promoted at the conservative threshold.
VF-SAU-01,P040-C0192,,remark,,0.1172,P040_ONLY_AT_STEP2_ALIGNMENT_THRESHOLD,source/papers/Tsiokos_2026_The_Usefulness_of_Non_Descending_Objects_A_Six_Birds_Theory_of_Mathematical_Applicability.tex:L5103-L5106; derived/expanded/Tsiokos_2026_The_Usefulness_of_Non_Descending_Objects_A_Six_Birds_Theory_of_Mathematical_Applicability.tex:L5103-L5106,,No aligned P058 claim was promoted at the conservative threshold.
VF-SAU-01,P040-C0193,,remark,,0.0955,P040_ONLY_AT_STEP2_ALIGNMENT_THRESHOLD,source/papers/Tsiokos_2026_The_Usefulness_of_Non_Descending_Objects_A_Six_Birds_Theory_of_Mathematical_Applicability.tex:L5165-L5168; derived/expanded/Tsiokos_2026_The_Usefulness_of_Non_Descending_Objects_A_Six_Birds_Theory_of_Mathematical_Applicability.tex:L5165-L5168,,No aligned P058 claim was promoted at the conservative threshold.
VF-SAU-01,P040-C0194,P058-C0187,lemma,lemma,1.0,IDENTICAL_NORMALIZED_STATEMENT,source/papers/Tsiokos_2026_The_Usefulness_of_Non_Descending_Objects_A_Six_Birds_Theory_of_Mathematical_Applicability.tex:L5170-L5181; derived/expanded/Tsiokos_2026_The_Usefulness_of_Non_Descending_Objects_A_Six_Birds_Theory_of_Mathematical_Applicability.tex:L5170-L5181,source/papers/Tsiokos_2026_Why_Mathematics_Even_Works.tex:L5201-L5212; derived/expanded/Tsiokos_2026_Why_Mathematics_Even_Works.tex:L5201-L5212,Navigation alignment only; no theorem equivalence or evidence independence is inferred.
VF-SAU-01,P040-C0195,P058-C0188,lemma,lemma,1.0,IDENTICAL_NORMALIZED_STATEMENT,source/papers/Tsiokos_2026_The_Usefulness_of_Non_Descending_Objects_A_Six_Birds_Theory_of_Mathematical_Applicability.tex:L5192-L5206; derived/expanded/Tsiokos_2026_The_Usefulness_of_Non_Descending_Objects_A_Six_Birds_Theory_of_Mathematical_Applicability.tex:L5192-L5206,source/papers/Tsiokos_2026_Why_Mathematics_Even_Works.tex:L5224-L5238; derived/expanded/Tsiokos_2026_Why_Mathematics_Even_Works.tex:L5224-L5238,Navigation alignment only; no theorem equivalence or evidence independence is inferred.
VF-SAU-01,P040-C0196,,remark,,0.0995,P040_ONLY_AT_STEP2_ALIGNMENT_THRESHOLD,source/papers/Tsiokos_2026_The_Usefulness_of_Non_Descending_Objects_A_Six_Birds_Theory_of_Mathematical_Applicability.tex:L5215-L5218; derived/expanded/Tsiokos_2026_The_Usefulness_of_Non_Descending_Objects_A_Six_Birds_Theory_of_Mathematical_Applicability.tex:L5215-L5218,,No aligned P058 claim was promoted at the conservative threshold.
VF-SAU-01,P040-C0197,P058-C0189,proposition,proposition,1.0,IDENTICAL_NORMALIZED_STATEMENT,source/papers/Tsiokos_2026_The_Usefulness_of_Non_Descending_Objects_A_Six_Birds_Theory_of_Mathematical_Applicability.tex:L5220-L5235; derived/expanded/Tsiokos_2026_The_Usefulness_of_Non_Descending_Objects_A_Six_Birds_Theory_of_Mathematical_Applicability.tex:L5220-L5235,source/papers/Tsiokos_2026_Why_Mathematics_Even_Works.tex:L5249-L5264; derived/expanded/Tsiokos_2026_Why_Mathematics_Even_Works.tex:L5249-L5264,Navigation alignment only; no theorem equivalence or evidence independence is inferred.
VF-SAU-01,P040-C0198,P058-C0190,proposition,proposition,0.9999,NEAR_EQUIVALENT_WORDING_NOT_THEOREM_EQUIVALENCE,source/papers/Tsiokos_2026_The_Usefulness_of_Non_Descending_Objects_A_Six_Birds_Theory_of_Mathematical_Applicability.tex:L5245-L5275; derived/expanded/Tsiokos_2026_The_Usefulness_of_Non_Descending_Objects_A_Six_Birds_Theory_of_Mathematical_Applicability.tex:L5245-L5275,source/papers/Tsiokos_2026_Why_Mathematics_Even_Works.tex:L5275-L5296; derived/expanded/Tsiokos_2026_Why_Mathematics_Even_Works.tex:L5275-L5296,Navigation alignment only; no theorem equivalence or evidence independence is inferred.
VF-SAU-01,P040-C0199,,remark,,0.1562,P040_ONLY_AT_STEP2_ALIGNMENT_THRESHOLD,source/papers/Tsiokos_2026_The_Usefulness_of_Non_Descending_Objects_A_Six_Birds_Theory_of_Mathematical_Applicability.tex:L5291-L5294; derived/expanded/Tsiokos_2026_The_Usefulness_of_Non_Descending_Objects_A_Six_Birds_Theory_of_Mathematical_Applicability.tex:L5291-L5294,,No aligned P058 claim was promoted at the conservative threshold.
VF-SAU-01,P040-C0200,,remark,,0.1554,P040_ONLY_AT_STEP2_ALIGNMENT_THRESHOLD,source/papers/Tsiokos_2026_The_Usefulness_of_Non_Descending_Objects_A_Six_Birds_Theory_of_Mathematical_Applicability.tex:L5296-L5299; derived/expanded/Tsiokos_2026_The_Usefulness_of_Non_Descending_Objects_A_Six_Birds_Theory_of_Mathematical_Applicability.tex:L5296-L5299,,No aligned P058 claim was promoted at the conservative threshold.
VF-SAU-01,P040-C0201,,remark,,0.0828,P040_ONLY_AT_STEP2_ALIGNMENT_THRESHOLD,source/papers/Tsiokos_2026_The_Usefulness_of_Non_Descending_Objects_A_Six_Birds_Theory_of_Mathematical_Applicability.tex:L5301-L5304; derived/expanded/Tsiokos_2026_The_Usefulness_of_Non_Descending_Objects_A_Six_Birds_Theory_of_Mathematical_Applicability.tex:L5301-L5304,,No aligned P058 claim was promoted at the conservative threshold.
VF-SAU-01,P040-C0202,P058-C0191,proposition,proposition,0.9999,NEAR_EQUIVALENT_WORDING_NOT_THEOREM_EQUIVALENCE,source/papers/Tsiokos_2026_The_Usefulness_of_Non_Descending_Objects_A_Six_Birds_Theory_of_Mathematical_Applicability.tex:L5306-L5320; derived/expanded/Tsiokos_2026_The_Usefulness_of_Non_Descending_Objects_A_Six_Birds_Theory_of_Mathematical_Applicability.tex:L5306-L5320,source/papers/Tsiokos_2026_Why_Mathematics_Even_Works.tex:L5314-L5328; derived/expanded/Tsiokos_2026_Why_Mathematics_Even_Works.tex:L5314-L5328,Navigation alignment only; no theorem equivalence or evidence independence is inferred.
VF-SAU-01,P040-C0203,,remark,,0.0381,P040_ONLY_AT_STEP2_ALIGNMENT_THRESHOLD,source/papers/Tsiokos_2026_The_Usefulness_of_Non_Descending_Objects_A_Six_Birds_Theory_of_Mathematical_Applicability.tex:L5337-L5340; derived/expanded/Tsiokos_2026_The_Usefulness_of_Non_Descending_Objects_A_Six_Birds_Theory_of_Mathematical_Applicability.tex:L5337-L5340,,No aligned P058 claim was promoted at the conservative threshold.
VF-SAU-01,P040-C0204,P058-C0192,corollary,corollary,1.0,IDENTICAL_NORMALIZED_STATEMENT,source/papers/Tsiokos_2026_The_Usefulness_of_Non_Descending_Objects_A_Six_Birds_Theory_of_Mathematical_Applicability.tex:L5345-L5352; derived/expanded/Tsiokos_2026_The_Usefulness_of_Non_Descending_Objects_A_Six_Birds_Theory_of_Mathematical_Applicability.tex:L5345-L5352,source/papers/Tsiokos_2026_Why_Mathematics_Even_Works.tex:L5353-L5360; derived/expanded/Tsiokos_2026_Why_Mathematics_Even_Works.tex:L5353-L5360,Navigation alignment only; no theorem equivalence or evidence independence is inferred.
VF-SAU-01,P040-C0205,,remark,,0.3513,P040_ONLY_AT_STEP2_ALIGNMENT_THRESHOLD,source/papers/Tsiokos_2026_The_Usefulness_of_Non_Descending_Objects_A_Six_Birds_Theory_of_Mathematical_Applicability.tex:L5364-L5371; derived/expanded/Tsiokos_2026_The_Usefulness_of_Non_Descending_Objects_A_Six_Birds_Theory_of_Mathematical_Applicability.tex:L5364-L5371,,No aligned P058 claim was promoted at the conservative threshold.
VF-SAU-01,P040-C0206,P058-C0193,corollary,corollary,0.9999,NEAR_EQUIVALENT_WORDING_NOT_THEOREM_EQUIVALENCE,source/papers/Tsiokos_2026_The_Usefulness_of_Non_Descending_Objects_A_Six_Birds_Theory_of_Mathematical_Applicability.tex:L5373-L5380; derived/expanded/Tsiokos_2026_The_Usefulness_of_Non_Descending_Objects_A_Six_Birds_Theory_of_Mathematical_Applicability.tex:L5373-L5380,source/papers/Tsiokos_2026_Why_Mathematics_Even_Works.tex:L5373-L5380; derived/expanded/Tsiokos_2026_Why_Mathematics_Even_Works.tex:L5373-L5380,Navigation alignment only; no theorem equivalence or evidence independence is inferred.
VF-SAU-01,P040-C0207,,remark,,0.12,P040_ONLY_AT_STEP2_ALIGNMENT_THRESHOLD,source/papers/Tsiokos_2026_The_Usefulness_of_Non_Descending_Objects_A_Six_Birds_Theory_of_Mathematical_Applicability.tex:L5397-L5400; derived/expanded/Tsiokos_2026_The_Usefulness_of_Non_Descending_Objects_A_Six_Birds_Theory_of_Mathematical_Applicability.tex:L5397-L5400,,No aligned P058 claim was promoted at the conservative threshold.
VF-SAU-01,P040-C0208,P058-C0194,corollary,corollary,1.0,IDENTICAL_NORMALIZED_STATEMENT,source/papers/Tsiokos_2026_The_Usefulness_of_Non_Descending_Objects_A_Six_Birds_Theory_of_Mathematical_Applicability.tex:L5402-L5420; derived/expanded/Tsiokos_2026_The_Usefulness_of_Non_Descending_Objects_A_Six_Birds_Theory_of_Mathematical_Applicability.tex:L5402-L5420,source/papers/Tsiokos_2026_Why_Mathematics_Even_Works.tex:L5400-L5418; derived/expanded/Tsiokos_2026_Why_Mathematics_Even_Works.tex:L5400-L5418,Navigation alignment only; no theorem equivalence or evidence independence is inferred.
VF-SAU-01,P040-C0209,P058-C0195,proposition,proposition,1.0,IDENTICAL_NORMALIZED_STATEMENT,source/papers/Tsiokos_2026_The_Usefulness_of_Non_Descending_Objects_A_Six_Birds_Theory_of_Mathematical_Applicability.tex:L5429-L5442; derived/expanded/Tsiokos_2026_The_Usefulness_of_Non_Descending_Objects_A_Six_Birds_Theory_of_Mathematical_Applicability.tex:L5429-L5442,source/papers/Tsiokos_2026_Why_Mathematics_Even_Works.tex:L5427-L5440; derived/expanded/Tsiokos_2026_Why_Mathematics_Even_Works.tex:L5427-L5440,Navigation alignment only; no theorem equivalence or evidence independence is inferred.
VF-SAU-01,P040-C0210,,remark,,0.2151,P040_ONLY_AT_STEP2_ALIGNMENT_THRESHOLD,source/papers/Tsiokos_2026_The_Usefulness_of_Non_Descending_Objects_A_Six_Birds_Theory_of_Mathematical_Applicability.tex:L5455-L5458; derived/expanded/Tsiokos_2026_The_Usefulness_of_Non_Descending_Objects_A_Six_Birds_Theory_of_Mathematical_Applicability.tex:L5455-L5458,,No aligned P058 claim was promoted at the conservative threshold.
VF-SAU-01,P040-C0211,P058-C0196,corollary,corollary,1.0,IDENTICAL_NORMALIZED_STATEMENT,source/papers/Tsiokos_2026_The_Usefulness_of_Non_Descending_Objects_A_Six_Birds_Theory_of_Mathematical_Applicability.tex:L5460-L5469; derived/expanded/Tsiokos_2026_The_Usefulness_of_Non_Descending_Objects_A_Six_Birds_Theory_of_Mathematical_Applicability.tex:L5460-L5469,source/papers/Tsiokos_2026_Why_Mathematics_Even_Works.tex:L5454-L5463; derived/expanded/Tsiokos_2026_Why_Mathematics_Even_Works.tex:L5454-L5463,Navigation alignment only; no theorem equivalence or evidence independence is inferred.
VF-SAU-01,P040-C0212,,remark,,0.0319,P040_ONLY_AT_STEP2_ALIGNMENT_THRESHOLD,source/papers/Tsiokos_2026_The_Usefulness_of_Non_Descending_Objects_A_Six_Birds_Theory_of_Mathematical_Applicability.tex:L5477-L5480; derived/expanded/Tsiokos_2026_The_Usefulness_of_Non_Descending_Objects_A_Six_Birds_Theory_of_Mathematical_Applicability.tex:L5477-L5480,,No aligned P058 claim was promoted at the conservative threshold.
VF-SAU-01,P040-C0213,P058-C0197,corollary,corollary,1.0,IDENTICAL_NORMALIZED_STATEMENT,source/papers/Tsiokos_2026_The_Usefulness_of_Non_Descending_Objects_A_Six_Birds_Theory_of_Mathematical_Applicability.tex:L5482-L5489; derived/expanded/Tsiokos_2026_The_Usefulness_of_Non_Descending_Objects_A_Six_Birds_Theory_of_Mathematical_Applicability.tex:L5482-L5489,source/papers/Tsiokos_2026_Why_Mathematics_Even_Works.tex:L5473-L5480; derived/expanded/Tsiokos_2026_Why_Mathematics_Even_Works.tex:L5473-L5480,Navigation alignment only; no theorem equivalence or evidence independence is inferred.
VF-SAU-01,P040-C0214,P058-C0198,corollary,corollary,1.0,IDENTICAL_NORMALIZED_STATEMENT,source/papers/Tsiokos_2026_The_Usefulness_of_Non_Descending_Objects_A_Six_Birds_Theory_of_Mathematical_Applicability.tex:L5499-L5506; derived/expanded/Tsiokos_2026_The_Usefulness_of_Non_Descending_Objects_A_Six_Birds_Theory_of_Mathematical_Applicability.tex:L5499-L5506,source/papers/Tsiokos_2026_Why_Mathematics_Even_Works.tex:L5491-L5498; derived/expanded/Tsiokos_2026_Why_Mathematics_Even_Works.tex:L5491-L5498,Navigation alignment only; no theorem equivalence or evidence independence is inferred.
VF-SAU-01,P040-C0215,,remark,,0.0,P040_ONLY_AT_STEP2_ALIGNMENT_THRESHOLD,source/papers/Tsiokos_2026_The_Usefulness_of_Non_Descending_Objects_A_Six_Birds_Theory_of_Mathematical_Applicability.tex:L5515-L5518; derived/expanded/Tsiokos_2026_The_Usefulness_of_Non_Descending_Objects_A_Six_Birds_Theory_of_Mathematical_Applicability.tex:L5515-L5518,,No aligned P058 claim was promoted at the conservative threshold.
VF-SAU-01,P040-C0216,P058-C0199,result_summary,result_summary,1.0,IDENTICAL_NORMALIZED_STATEMENT,source/papers/Tsiokos_2026_The_Usefulness_of_Non_Descending_Objects_A_Six_Birds_Theory_of_Mathematical_Applicability.tex:L5521-L5587; derived/expanded/Tsiokos_2026_The_Usefulness_of_Non_Descending_Objects_A_Six_Birds_Theory_of_Mathematical_Applicability.tex:L5521-L5587,source/papers/Tsiokos_2026_Why_Mathematics_Even_Works.tex:L5510-L5576; derived/expanded/Tsiokos_2026_Why_Mathematics_Even_Works.tex:L5510-L5576,Navigation alignment only; no theorem equivalence or evidence independence is inferred.
VF-SAU-01,P040-C0217,P058-C0200,open_problem,open_problem,1.0,IDENTICAL_NORMALIZED_STATEMENT,source/papers/Tsiokos_2026_The_Usefulness_of_Non_Descending_Objects_A_Six_Birds_Theory_of_Mathematical_Applicability.tex:L5535-L5585; derived/expanded/Tsiokos_2026_The_Usefulness_of_Non_Descending_Objects_A_Six_Birds_Theory_of_Mathematical_Applicability.tex:L5535-L5585,source/papers/Tsiokos_2026_Why_Mathematics_Even_Works.tex:L5524-L5574; derived/expanded/Tsiokos_2026_Why_Mathematics_Even_Works.tex:L5524-L5574,Navigation alignment only; no theorem equivalence or evidence independence is inferred.
VF-SAU-01,P040-C0218,P058-C0201,prose_definition,prose_definition,1.0,IDENTICAL_NORMALIZED_STATEMENT,source/papers/Tsiokos_2026_The_Usefulness_of_Non_Descending_Objects_A_Six_Birds_Theory_of_Mathematical_Applicability.tex:L5663-L5684; derived/expanded/Tsiokos_2026_The_Usefulness_of_Non_Descending_Objects_A_Six_Birds_Theory_of_Mathematical_Applicability.tex:L5663-L5684,source/papers/Tsiokos_2026_Why_Mathematics_Even_Works.tex:L5646-L5667; derived/expanded/Tsiokos_2026_Why_Mathematics_Even_Works.tex:L5646-L5667,Navigation alignment only; no theorem equivalence or evidence independence is inferred.
VF-SAU-01,P040-C0219,P058-C0202,scope_boundary,scope_boundary,0.9999,NEAR_EQUIVALENT_WORDING_NOT_THEOREM_EQUIVALENCE,source/papers/Tsiokos_2026_The_Usefulness_of_Non_Descending_Objects_A_Six_Birds_Theory_of_Mathematical_Applicability.tex:L5731-L5775; derived/expanded/Tsiokos_2026_The_Usefulness_of_Non_Descending_Objects_A_Six_Birds_Theory_of_Mathematical_Applicability.tex:L5731-L5776,source/papers/Tsiokos_2026_Why_Mathematics_Even_Works.tex:L5714-L5758; derived/expanded/Tsiokos_2026_Why_Mathematics_Even_Works.tex:L5714-L5759,Navigation alignment only; no theorem equivalence or evidence independence is inferred.
VF-SAU-01,P040-C0220,P058-C0203,nonclaim,nonclaim,0.8217,RELATED_CHANGED_WORDING_OR_SCOPE,source/papers/Tsiokos_2026_The_Usefulness_of_Non_Descending_Objects_A_Six_Birds_Theory_of_Mathematical_Applicability.tex:L5738-L5764; derived/expanded/Tsiokos_2026_The_Usefulness_of_Non_Descending_Objects_A_Six_Birds_Theory_of_Mathematical_Applicability.tex:L5738-L5764,source/papers/Tsiokos_2026_Why_Mathematics_Even_Works.tex:L5721-L5747; derived/expanded/Tsiokos_2026_Why_Mathematics_Even_Works.tex:L5721-L5747,Navigation alignment only; no theorem equivalence or evidence independence is inferred.
VF-SAU-01,,P058-C0002,,nonclaim,0.0,P058_ONLY_AT_STEP2_ALIGNMENT_THRESHOLD,,source/papers/Tsiokos_2026_Why_Mathematics_Even_Works.tex:L204-L229; derived/expanded/Tsiokos_2026_Why_Mathematics_Even_Works.tex:L204-L229,No aligned P040 claim was promoted at the conservative threshold.
VF-SAU-01,,P058-C0003,,scope_boundary,0.0,P058_ONLY_AT_STEP2_ALIGNMENT_THRESHOLD,,source/papers/Tsiokos_2026_Why_Mathematics_Even_Works.tex:L204-L229; derived/expanded/Tsiokos_2026_Why_Mathematics_Even_Works.tex:L204-L229,No aligned P040 claim was promoted at the conservative threshold.
VF-SAU-01,,P058-C0004,,nonclaim,0.0,P058_ONLY_AT_STEP2_ALIGNMENT_THRESHOLD,,source/papers/Tsiokos_2026_Why_Mathematics_Even_Works.tex:L255-L262; derived/expanded/Tsiokos_2026_Why_Mathematics_Even_Works.tex:L255-L262,No aligned P040 claim was promoted at the conservative threshold.
