edge_kind,source_theorem,target_declaration
STATIC_SOURCE_REFERENCE,FoundationsVII.AdmissionRegime.no_first_extension_without_seed_or_reachable_generator,FoundationsVII.AdmissionRegime
STATIC_SOURCE_REFERENCE,FoundationsVII.AdmissionRegime.no_first_extension_without_seed_or_reachable_generator,FoundationsVII.AdmissionRegime.HasAdmittedSeed
STATIC_SOURCE_REFERENCE,FoundationsVII.AdmissionRegime.no_first_extension_without_seed_or_reachable_generator,FoundationsVII.AdmissionRegime.HasReachableGenerator
STATIC_SOURCE_REFERENCE,FoundationsVII.AdmissionRegime.no_first_extension_without_seed_or_reachable_generator,FoundationsVII.AdmissionRegime.LawfulFirstExtension
STATIC_SOURCE_REFERENCE,FoundationsVII.AdmissionRegime.no_first_extension_without_seed_or_reachable_generator,FoundationsVII.TransitionId
STATIC_SOURCE_REFERENCE,FoundationsVII.AdmissionRegime.bootstrap_no_go_applies_implies_no_first_extension,FoundationsVII.AdmissionRegime
STATIC_SOURCE_REFERENCE,FoundationsVII.AdmissionRegime.bootstrap_no_go_applies_implies_no_first_extension,FoundationsVII.AdmissionRegime.BootstrapNoGoApplies
STATIC_SOURCE_REFERENCE,FoundationsVII.AdmissionRegime.bootstrap_no_go_applies_implies_no_first_extension,FoundationsVII.AdmissionRegime.LawfulFirstExtension
STATIC_SOURCE_REFERENCE,FoundationsVII.AdmissionRegime.bootstrap_no_go_applies_implies_no_first_extension,FoundationsVII.AdmissionRegime.no_first_extension_without_seed_or_reachable_generator
STATIC_SOURCE_REFERENCE,FoundationsVII.AdmissionRegime.bootstrap_no_go_applies_implies_no_first_extension,FoundationsVII.TransitionId
STATIC_SOURCE_REFERENCE,FoundationsVII.AdmissionRegime.admitted_seed_authorizes_first_extension,FoundationsVII.AdmissionRegime
STATIC_SOURCE_REFERENCE,FoundationsVII.AdmissionRegime.admitted_seed_authorizes_first_extension,FoundationsVII.AdmissionRegime.HasAdmittedSeed
STATIC_SOURCE_REFERENCE,FoundationsVII.AdmissionRegime.admitted_seed_authorizes_first_extension,FoundationsVII.AdmissionRegime.LawfulFirstExtension
STATIC_SOURCE_REFERENCE,FoundationsVII.AdmissionRegime.admitted_seed_authorizes_first_extension,FoundationsVII.TransitionId
STATIC_SOURCE_REFERENCE,FoundationsVII.AdmissionRegime.reachable_generator_authorizes_first_extension,FoundationsVII.AdmissionRegime
STATIC_SOURCE_REFERENCE,FoundationsVII.AdmissionRegime.reachable_generator_authorizes_first_extension,FoundationsVII.AdmissionRegime.HasReachableGenerator
STATIC_SOURCE_REFERENCE,FoundationsVII.AdmissionRegime.reachable_generator_authorizes_first_extension,FoundationsVII.AdmissionRegime.LawfulFirstExtension
STATIC_SOURCE_REFERENCE,FoundationsVII.AdmissionRegime.reachable_generator_authorizes_first_extension,FoundationsVII.TransitionId
STATIC_SOURCE_REFERENCE,FoundationsVII.AdmissionRegime.open_external_provision_authorizes_first_extension,FoundationsVII.AdmissionRegime
STATIC_SOURCE_REFERENCE,FoundationsVII.AdmissionRegime.open_external_provision_authorizes_first_extension,FoundationsVII.AdmissionRegime.LawfulFirstExtension
STATIC_SOURCE_REFERENCE,FoundationsVII.AdmissionRegime.open_external_provision_authorizes_first_extension,FoundationsVII.TransitionId
STATIC_SOURCE_REFERENCE,FoundationsVII.AdmissionRegime.open_family_is_not_covered_by_closed_bootstrap_hypotheses,FoundationsVII.AdmissionRegime
STATIC_SOURCE_REFERENCE,FoundationsVII.AdmissionRegime.open_family_is_not_covered_by_closed_bootstrap_hypotheses,FoundationsVII.AdmissionRegime.BootstrapNoGoApplies
STATIC_SOURCE_REFERENCE,FoundationsVII.NeutralProvisioningCertificate.neutral_provisioning_authorizes_first_extension,FoundationsVII.AdmissionRegime
STATIC_SOURCE_REFERENCE,FoundationsVII.NeutralProvisioningCertificate.neutral_provisioning_authorizes_first_extension,FoundationsVII.NeutralProvisioningAt
STATIC_SOURCE_REFERENCE,FoundationsVII.NeutralProvisioningCertificate.neutral_provisioning_authorizes_first_extension,FoundationsVII.NeutralProvisioningCertificate
STATIC_SOURCE_REFERENCE,FoundationsVII.NeutralProvisioningCertificate.neutral_provisioning_authorizes_first_extension,FoundationsVII.NeutralProvisioningCertificate.ProvidesSeedFor
STATIC_SOURCE_REFERENCE,FoundationsVII.NeutralProvisioningCertificate.neutral_provisioning_authorizes_first_extension,FoundationsVII.Timestamp
STATIC_SOURCE_REFERENCE,FoundationsVII.NeutralProvisioningCertificate.neutral_provisioning_authorizes_first_extension,FoundationsVII.TransitionId
STATIC_SOURCE_REFERENCE,FoundationsVII.NeutralProvisioningCertificate.retrospective_stocking_cannot_earn_neutral_credit,FoundationsVII.NeutralProvisioningAt
STATIC_SOURCE_REFERENCE,FoundationsVII.NeutralProvisioningCertificate.retrospective_stocking_cannot_earn_neutral_credit,FoundationsVII.NeutralProvisioningCertificate
STATIC_SOURCE_REFERENCE,FoundationsVII.NeutralProvisioningCertificate.retrospective_stocking_cannot_earn_neutral_credit,FoundationsVII.Timestamp
STATIC_SOURCE_REFERENCE,FoundationsVII.NeutralProvisioningCertificate.system_generated_source_cannot_earn_neutral_credit,FoundationsVII.NeutralProvisioningAt
STATIC_SOURCE_REFERENCE,FoundationsVII.NeutralProvisioningCertificate.system_generated_source_cannot_earn_neutral_credit,FoundationsVII.NeutralProvisioningCertificate
STATIC_SOURCE_REFERENCE,FoundationsVII.NeutralProvisioningCertificate.system_generated_source_cannot_earn_neutral_credit,FoundationsVII.Timestamp
STATIC_SOURCE_REFERENCE,FoundationsVII.NeutralProvisioningCertificate.source_laundering_through_system_generation_fails,FoundationsVII.NeutralProvisioningAt
STATIC_SOURCE_REFERENCE,FoundationsVII.NeutralProvisioningCertificate.source_laundering_through_system_generation_fails,FoundationsVII.NeutralProvisioningCertificate
STATIC_SOURCE_REFERENCE,FoundationsVII.NeutralProvisioningCertificate.source_laundering_through_system_generation_fails,FoundationsVII.NeutralProvisioningCertificate.system_generated_source_cannot_earn_neutral_credit
STATIC_SOURCE_REFERENCE,FoundationsVII.NeutralProvisioningCertificate.source_laundering_through_system_generation_fails,FoundationsVII.Timestamp
STATIC_SOURCE_REFERENCE,FoundationsVII.PrecedenceCertificate.impossible_when_not_precedent,FoundationsVII.PrecedenceCertificate
STATIC_SOURCE_REFERENCE,FoundationsVII.CommitmentUse.SameNeutralSeedClass.refl,FoundationsVII.CommitmentUse
STATIC_SOURCE_REFERENCE,FoundationsVII.CommitmentUse.SameNeutralSeedClass.refl,FoundationsVII.CommitmentUse.SameNeutralSeedClass
STATIC_SOURCE_REFERENCE,FoundationsVII.CommitmentUse.SameNeutralSeedClass.symm,FoundationsVII.CommitmentUse
STATIC_SOURCE_REFERENCE,FoundationsVII.CommitmentUse.SameNeutralSeedClass.symm,FoundationsVII.CommitmentUse.SameNeutralSeedClass
STATIC_SOURCE_REFERENCE,FoundationsVII.CommitmentUse.SameNeutralSeedClass.trans,FoundationsVII.CommitmentUse
STATIC_SOURCE_REFERENCE,FoundationsVII.CommitmentUse.SameNeutralSeedClass.trans,FoundationsVII.CommitmentUse.SameNeutralSeedClass
STATIC_SOURCE_REFERENCE,FoundationsVII.CommitmentUse.prospectively_certified_has_temporal_precedence,FoundationsVII.CommitmentUse
STATIC_SOURCE_REFERENCE,FoundationsVII.CommitmentUse.prospectively_certified_has_temporal_precedence,FoundationsVII.CommitmentUse.ProspectivelyCertified
STATIC_SOURCE_REFERENCE,FoundationsVII.CommitmentUse.prospectively_certified_is_neutral_seed_equivalent,FoundationsVII.CommitmentUse
STATIC_SOURCE_REFERENCE,FoundationsVII.CommitmentUse.prospectively_certified_is_neutral_seed_equivalent,FoundationsVII.CommitmentUse.NeutralSeedEquivalent
STATIC_SOURCE_REFERENCE,FoundationsVII.CommitmentUse.prospectively_certified_is_neutral_seed_equivalent,FoundationsVII.CommitmentUse.ProspectivelyCertified
STATIC_SOURCE_REFERENCE,FoundationsVII.CommitmentUse.retrospective_predicate_cannot_discharge_prospective_certificate,FoundationsVII.CommitmentUse
STATIC_SOURCE_REFERENCE,FoundationsVII.CommitmentUse.retrospective_predicate_cannot_discharge_prospective_certificate,FoundationsVII.CommitmentUse.ProspectivelyCertified
STATIC_SOURCE_REFERENCE,FoundationsVII.CommitmentUse.expired_commitment_is_not_active,FoundationsVII.CommitmentUse
STATIC_SOURCE_REFERENCE,FoundationsVII.CommitmentUse.expired_commitment_is_not_active,FoundationsVII.CommitmentUse.Active
STATIC_SOURCE_REFERENCE,FoundationsVII.CommitmentUse.unused_reserved_budget_is_refunded,FoundationsVII.CommitmentUse
STATIC_SOURCE_REFERENCE,FoundationsVII.CommitmentUse.unused_reserved_budget_is_refunded,FoundationsVII.CommitmentUse.BudgetSettled
STATIC_SOURCE_REFERENCE,FoundationsVII.DomainState.statusVector_withStatusVector,FoundationsVII.AccessStatusVector
STATIC_SOURCE_REFERENCE,FoundationsVII.DomainState.statusVector_withStatusVector,FoundationsVII.DomainState
STATIC_SOURCE_REFERENCE,FoundationsVII.DomainState.statusVector_withStatusVector,FoundationsVII.DomainState.statusVector
STATIC_SOURCE_REFERENCE,FoundationsVII.DomainState.statusVector_withStatusVector,FoundationsVII.DomainState.withStatusVector
STATIC_SOURCE_REFERENCE,FoundationsVII.DomainState.withStatusVector_statusVector,FoundationsVII.DomainState
STATIC_SOURCE_REFERENCE,FoundationsVII.DomainState.withStatusVector_statusVector,FoundationsVII.DomainState.statusVector
STATIC_SOURCE_REFERENCE,FoundationsVII.DomainState.withStatusVector_statusVector,FoundationsVII.DomainState.withStatusVector
STATIC_SOURCE_REFERENCE,FoundationsVII.DomainState.normalForm_eq,FoundationsVII.DomainState
STATIC_SOURCE_REFERENCE,FoundationsVII.DomainState.normalForm_eq,FoundationsVII.DomainState.normalForm
STATIC_SOURCE_REFERENCE,FoundationsVII.DomainState.normalForm_eq,FoundationsVII.DomainState.withStatusVector_statusVector
STATIC_SOURCE_REFERENCE,FoundationsVII.DomainState.normalForm_idempotent,FoundationsVII.DomainState
STATIC_SOURCE_REFERENCE,FoundationsVII.DomainState.normalForm_idempotent,FoundationsVII.DomainState.normalForm
STATIC_SOURCE_REFERENCE,FoundationsVII.DomainState.normalForm_idempotent,FoundationsVII.DomainState.normalForm_eq
STATIC_SOURCE_REFERENCE,FoundationsVII.DomainState.ScopeChange.preserves_theory_and_interface,FoundationsVII.DomainState
STATIC_SOURCE_REFERENCE,FoundationsVII.DomainState.ScopeChange.preserves_theory_and_interface,FoundationsVII.DomainState.ScopeChange
STATIC_SOURCE_REFERENCE,FoundationsVII.DomainState.expressibility_does_not_imply_presence,FoundationsVII.DomainState.expressibleOnlyWitness
STATIC_SOURCE_REFERENCE,FoundationsVII.DomainState.presence_does_not_imply_exposure,FoundationsVII.DomainState.presentWithoutExposureWitness
STATIC_SOURCE_REFERENCE,FoundationsVII.DomainState.same_determination_can_have_different_exposure,FoundationsVII.DomainState.DeterminationEquivalent
STATIC_SOURCE_REFERENCE,FoundationsVII.DomainState.same_determination_can_have_different_exposure,FoundationsVII.DomainState.presentWithExposureWitness
STATIC_SOURCE_REFERENCE,FoundationsVII.DomainState.same_determination_can_have_different_exposure,FoundationsVII.DomainState.presentWithoutExposureWitness
STATIC_SOURCE_REFERENCE,FoundationsVII.DomainState.exposure_does_not_imply_recoverability,FoundationsVII.DomainState.exposedWithoutRecoverabilityWitness
STATIC_SOURCE_REFERENCE,FoundationsVII.DomainState.recoverability_does_not_imply_admissibility,FoundationsVII.DomainState.recoverableWithoutAdmissibilityWitness
STATIC_SOURCE_REFERENCE,FoundationsVII.DomainState.admissibility_does_not_imply_recoverability,FoundationsVII.DomainState.admissibleWithoutRecoverabilityWitness
STATIC_SOURCE_REFERENCE,FoundationsVII.DomainState.admissibility_does_not_imply_reachability,FoundationsVII.DomainState.admissibleWithoutReachabilityWitness
STATIC_SOURCE_REFERENCE,FoundationsVII.DomainState.reachability_does_not_imply_occurrence,FoundationsVII.DomainState.reachableWithoutOccurrenceWitness
STATIC_SOURCE_REFERENCE,FoundationsVII.DomainState.recoverability_and_admissibility_are_incomparable,FoundationsVII.DomainState
STATIC_SOURCE_REFERENCE,FoundationsVII.DomainState.recoverability_and_admissibility_are_incomparable,FoundationsVII.DomainState.admissibility_does_not_imply_recoverability
STATIC_SOURCE_REFERENCE,FoundationsVII.DomainState.recoverability_and_admissibility_are_incomparable,FoundationsVII.DomainState.admissibleWithoutRecoverabilityWitness
STATIC_SOURCE_REFERENCE,FoundationsVII.DomainState.recoverability_and_admissibility_are_incomparable,FoundationsVII.DomainState.recoverability_does_not_imply_admissibility
STATIC_SOURCE_REFERENCE,FoundationsVII.DomainState.recoverability_and_admissibility_are_incomparable,FoundationsVII.DomainState.recoverableWithoutAdmissibilityWitness
STATIC_SOURCE_REFERENCE,FoundationsVII.DomainState.AuxiliaryRecoveryCertificate.valid_recovery_has_present_operation_and_adapter,FoundationsVII.DomainState.AuxiliaryRecoveryCertificate
STATIC_SOURCE_REFERENCE,FoundationsVII.DomainState.AuxiliaryRecoveryCertificate.absent_operation_blocks_valid_recovery,FoundationsVII.DomainState.AuxiliaryRecoveryCertificate
STATIC_SOURCE_REFERENCE,FoundationsVII.DomainState.AuxiliaryRecoveryCertificate.spurious_rigidity_is_not_a_recovery_certificate,FoundationsVII.DomainState.AuxiliaryRecoveryCertificate
STATIC_SOURCE_REFERENCE,FoundationsVII.DomainState.AuxiliaryRecoveryCertificate.spurious_rigidity_is_not_a_recovery_certificate,FoundationsVII.DomainState.AuxiliaryRecoveryCertificate.SpuriousRigidity
STATIC_SOURCE_REFERENCE,FoundationsVII.DomainState.AuxiliaryRecoveryCertificate.spurious_rigidity_is_not_a_recovery_certificate,FoundationsVII.DomainState.AuxiliaryRecoveryCertificate.absent_operation_blocks_valid_recovery
STATIC_SOURCE_REFERENCE,FoundationsVII.DomainState.AccessRigid.refl,FoundationsVII.DomainState
STATIC_SOURCE_REFERENCE,FoundationsVII.DomainState.AccessRigid.refl,FoundationsVII.DomainState.AccessRigid
STATIC_SOURCE_REFERENCE,FoundationsVII.DomainState.AccessRigid.symm,FoundationsVII.DomainState
STATIC_SOURCE_REFERENCE,FoundationsVII.DomainState.AccessRigid.symm,FoundationsVII.DomainState.AccessRigid
STATIC_SOURCE_REFERENCE,FoundationsVII.DomainState.AccessRigid.trans,FoundationsVII.DomainState
STATIC_SOURCE_REFERENCE,FoundationsVII.DomainState.AccessRigid.trans,FoundationsVII.DomainState.AccessRigid
STATIC_SOURCE_REFERENCE,FoundationsVII.ObserverOccupancyRecord.hidden_occupancy_is_not_fully_priced,FoundationsVII.ObserverOccupancyRecord
STATIC_SOURCE_REFERENCE,FoundationsVII.ObserverOccupancyRecord.hidden_occupancy_is_not_fully_priced,FoundationsVII.ObserverOccupancyRecord.FullyPriced
STATIC_SOURCE_REFERENCE,FoundationsVII.ObserverOccupancyRecord.unpriced_observer_invalidates_native_formation_credit,FoundationsVII.ObserverOccupancyRecord
STATIC_SOURCE_REFERENCE,FoundationsVII.ObserverOccupancyRecord.unpriced_observer_invalidates_native_formation_credit,FoundationsVII.ObserverOccupancyRecord.NativeFormationCredit
STATIC_SOURCE_REFERENCE,FoundationsVII.ObserverOccupancyRecord.unpriced_observer_invalidates_native_formation_credit,FoundationsVII.ObserverOccupancyRecord.hidden_occupancy_is_not_fully_priced
STATIC_SOURCE_REFERENCE,FoundationsVII.ObserverOccupancyRecord.certified_external_observer_is_a_lawful_escape,FoundationsVII.ObserverOccupancyRecord
STATIC_SOURCE_REFERENCE,FoundationsVII.ObserverOccupancyRecord.certified_external_observer_is_a_lawful_escape,FoundationsVII.ObserverOccupancyRecord.ExternalObserverCredit
STATIC_SOURCE_REFERENCE,FoundationsVII.ObserverOccupancyRecord.certified_zero_occupancy_is_fully_priced,FoundationsVII.ObserverOccupancyRecord
STATIC_SOURCE_REFERENCE,FoundationsVII.ObserverOccupancyRecord.certified_zero_occupancy_is_fully_priced,FoundationsVII.ObserverOccupancyRecord.FullyPriced
STATIC_SOURCE_REFERENCE,FoundationsVII.ObserverOccupancyRecord.zero_occupancy_native_credit,FoundationsVII.BudgetEntry
STATIC_SOURCE_REFERENCE,FoundationsVII.ObserverOccupancyRecord.zero_occupancy_native_credit,FoundationsVII.ObserverOccupancyRecord
STATIC_SOURCE_REFERENCE,FoundationsVII.ObserverOccupancyRecord.zero_occupancy_native_credit,FoundationsVII.ObserverOccupancyRecord.NativeFormationCredit
STATIC_SOURCE_REFERENCE,FoundationsVII.ObserverOccupancyRecord.zero_occupancy_native_credit,FoundationsVII.ObserverOccupancyRecord.NativeOrEndogenous
STATIC_SOURCE_REFERENCE,FoundationsVII.ObserverOccupancyRecord.zero_occupancy_native_credit,FoundationsVII.ObserverOccupancyRecord.certified_zero_occupancy_is_fully_priced
STATIC_SOURCE_REFERENCE,FoundationsVII.BudgetEntry.failed_unused_admission_full_refund_is_conserved,FoundationsVII.BudgetEntry
STATIC_SOURCE_REFERENCE,FoundationsVII.BudgetEntry.failed_unused_admission_full_refund_is_conserved,FoundationsVII.BudgetEntry.FailedAdmissionSettled
STATIC_SOURCE_REFERENCE,FoundationsVII.BudgetEntry.failed_admission_conservation_accounting,FoundationsVII.BudgetEntry
STATIC_SOURCE_REFERENCE,FoundationsVII.BudgetEntry.failed_admission_conservation_accounting,FoundationsVII.BudgetEntry.FailedAdmissionSettled
STATIC_SOURCE_REFERENCE,FoundationsVII.BudgetEntry.settled_failure_refund_equation,FoundationsVII.BudgetEntry
STATIC_SOURCE_REFERENCE,FoundationsVII.BudgetEntry.settled_failure_refund_equation,FoundationsVII.BudgetEntry.FailedAdmissionSettled
STATIC_SOURCE_REFERENCE,FoundationsVII.PackageAccess.common_origin_countermodel,FoundationsVII.PackageAccess.CommonCarrier
STATIC_SOURCE_REFERENCE,FoundationsVII.PackageAccess.common_origin_countermodel,FoundationsVII.PackageAccess.CommonInstrument
STATIC_SOURCE_REFERENCE,FoundationsVII.PackageAccess.common_origin_countermodel,FoundationsVII.PackageAccess.CommonOrigin
STATIC_SOURCE_REFERENCE,FoundationsVII.PackageAccess.common_origin_countermodel,FoundationsVII.PackageAccess.SharedAccess
STATIC_SOURCE_REFERENCE,FoundationsVII.PackageAccess.common_origin_countermodel,FoundationsVII.PackageAccess.commonOriginLeft
STATIC_SOURCE_REFERENCE,FoundationsVII.PackageAccess.common_origin_countermodel,FoundationsVII.PackageAccess.commonOriginRightNoAccess
STATIC_SOURCE_REFERENCE,FoundationsVII.PackageAccess.common_origin_does_not_imply_shared_access,FoundationsVII.PackageAccess
STATIC_SOURCE_REFERENCE,FoundationsVII.PackageAccess.common_origin_does_not_imply_shared_access,FoundationsVII.PackageAccess.CommonOrigin
STATIC_SOURCE_REFERENCE,FoundationsVII.PackageAccess.common_origin_does_not_imply_shared_access,FoundationsVII.PackageAccess.SharedAccess
STATIC_SOURCE_REFERENCE,FoundationsVII.PackageAccess.common_origin_does_not_imply_shared_access,FoundationsVII.PackageAccess.commonOriginLeft
STATIC_SOURCE_REFERENCE,FoundationsVII.PackageAccess.common_origin_does_not_imply_shared_access,FoundationsVII.PackageAccess.commonOriginRightNoAccess
STATIC_SOURCE_REFERENCE,FoundationsVII.PackageAccess.shared_access_does_not_imply_source_independence,FoundationsVII.PackageAccess.SharedAccess
STATIC_SOURCE_REFERENCE,FoundationsVII.PackageAccess.shared_access_does_not_imply_source_independence,FoundationsVII.PackageAccess.SourceIndependent
STATIC_SOURCE_REFERENCE,FoundationsVII.PackageAccess.shared_access_does_not_imply_source_independence,FoundationsVII.PackageAccess.commonOriginLeft
STATIC_SOURCE_REFERENCE,FoundationsVII.PackageAccess.shared_access_does_not_imply_source_independence,FoundationsVII.PackageAccess.commonOriginRightWithAccess
STATIC_SOURCE_REFERENCE,FoundationsVII.PackageAccess.certified_peer_transport_is_sufficient_for_shared_access,FoundationsVII.PackageAccess
STATIC_SOURCE_REFERENCE,FoundationsVII.PackageAccess.certified_peer_transport_is_sufficient_for_shared_access,FoundationsVII.PackageAccess.SharedAccess
STATIC_SOURCE_REFERENCE,FoundationsVII.LensTransferCase.no_automatic_total_lens_transfer,FoundationsVII.LensTransferCase
STATIC_SOURCE_REFERENCE,FoundationsVII.LensTransferCase.no_automatic_total_lens_transfer,FoundationsVII.LensTransferCase.Licensed
STATIC_SOURCE_REFERENCE,FoundationsVII.LensTransferCase.certified_adapter_licenses_totality_transfer,FoundationsVII.LensTransferCase
STATIC_SOURCE_REFERENCE,FoundationsVII.LensTransferCase.certified_adapter_licenses_totality_transfer,FoundationsVII.LensTransferCase.Licensed
STATIC_SOURCE_REFERENCE,FoundationsVII.LensTransferCase.nonpartial_target_licenses_totality_transfer,FoundationsVII.LensTransferCase
STATIC_SOURCE_REFERENCE,FoundationsVII.LensTransferCase.nonpartial_target_licenses_totality_transfer,FoundationsVII.LensTransferCase.Licensed
STATIC_SOURCE_REFERENCE,FoundationsVII.OperationalProfile.soundness_does_not_imply_reachability,FoundationsVII.OperationalProfile.soundUnreachable
STATIC_SOURCE_REFERENCE,FoundationsVII.OperationalProfile.reachability_does_not_imply_firing_or_occurrence,FoundationsVII.OperationalProfile.reachableNonoccurring
STATIC_SOURCE_REFERENCE,FoundationsVII.OperationalProfile.no_occurrence_from_reachability_alone,FoundationsVII.OperationalProfile
STATIC_SOURCE_REFERENCE,FoundationsVII.OperationalProfile.no_occurrence_from_reachability_alone,FoundationsVII.OperationalProfile.reachableNonoccurring
STATIC_SOURCE_REFERENCE,FoundationsVII.OperationalProfile.occurrence_requires_firing,FoundationsVII.OperationalProfile
STATIC_SOURCE_REFERENCE,FoundationsVII.OperationalProfile.firing_requires_reachability,FoundationsVII.OperationalProfile
STATIC_SOURCE_REFERENCE,FoundationsVII.OperationalProfile.reachability_requires_active_guard_and_execution,FoundationsVII.OperationalProfile
STATIC_SOURCE_REFERENCE,FoundationsVII.HorizonObservation.finite_horizon_null_is_only_horizon_qualified,FoundationsVII.HorizonObservation.BoundedNull
STATIC_SOURCE_REFERENCE,FoundationsVII.HorizonObservation.finite_horizon_null_is_only_horizon_qualified,FoundationsVII.HorizonObservation.ClosedFamilyNegativeCertificate
STATIC_SOURCE_REFERENCE,FoundationsVII.HorizonObservation.finite_horizon_null_is_only_horizon_qualified,FoundationsVII.HorizonObservation.finiteOpenNull
STATIC_SOURCE_REFERENCE,FoundationsVII.HorizonObservation.bounded_null_does_not_imply_unrestricted_nonoccurrence,FoundationsVII.HorizonObservation
STATIC_SOURCE_REFERENCE,FoundationsVII.HorizonObservation.bounded_null_does_not_imply_unrestricted_nonoccurrence,FoundationsVII.HorizonObservation.BoundedNull
STATIC_SOURCE_REFERENCE,FoundationsVII.HorizonObservation.bounded_null_does_not_imply_unrestricted_nonoccurrence,FoundationsVII.HorizonObservation.ClosedFamilyNegativeCertificate
STATIC_SOURCE_REFERENCE,FoundationsVII.HorizonObservation.bounded_null_does_not_imply_unrestricted_nonoccurrence,FoundationsVII.HorizonObservation.finiteOpenNull
STATIC_SOURCE_REFERENCE,FoundationsVII.HorizonObservation.closed_family_detector_power_and_complete_null_are_sufficient,FoundationsVII.HorizonObservation
STATIC_SOURCE_REFERENCE,FoundationsVII.HorizonObservation.closed_family_detector_power_and_complete_null_are_sufficient,FoundationsVII.HorizonObservation.BoundedNull
STATIC_SOURCE_REFERENCE,FoundationsVII.HorizonObservation.closed_family_detector_power_and_complete_null_are_sufficient,FoundationsVII.HorizonObservation.ClosedFamilyNegativeCertificate
STATIC_SOURCE_REFERENCE,FoundationsVII.HorizonObservation.open_family_cannot_receive_closed_family_negative_certificate,FoundationsVII.HorizonObservation
STATIC_SOURCE_REFERENCE,FoundationsVII.HorizonObservation.open_family_cannot_receive_closed_family_negative_certificate,FoundationsVII.HorizonObservation.ClosedFamilyNegativeCertificate
STATIC_SOURCE_REFERENCE,FoundationsVII.HorizonObservation.detector_weakness_blocks_closed_family_negative_certificate,FoundationsVII.HorizonObservation
STATIC_SOURCE_REFERENCE,FoundationsVII.HorizonObservation.detector_weakness_blocks_closed_family_negative_certificate,FoundationsVII.HorizonObservation.ClosedFamilyNegativeCertificate
STATIC_SOURCE_REFERENCE,FoundationsVII.TransitionTrace.trace_ne_nil,FoundationsVII.AdmissionTransition
STATIC_SOURCE_REFERENCE,FoundationsVII.TransitionTrace.trace_ne_nil,FoundationsVII.DomainState
STATIC_SOURCE_REFERENCE,FoundationsVII.TransitionTrace.trace_ne_nil,FoundationsVII.TransitionTrace
STATIC_SOURCE_REFERENCE,FoundationsVII.TransitionTrace.trace_head,FoundationsVII.AdmissionTransition
STATIC_SOURCE_REFERENCE,FoundationsVII.TransitionTrace.trace_head,FoundationsVII.DomainState
STATIC_SOURCE_REFERENCE,FoundationsVII.TransitionTrace.trace_head,FoundationsVII.TransitionTrace
STATIC_SOURCE_REFERENCE,FoundationsVII.TransitionTrace.transitions_wellFormed,FoundationsVII.AdmissionTransition
STATIC_SOURCE_REFERENCE,FoundationsVII.TransitionTrace.transitions_wellFormed,FoundationsVII.DomainState
STATIC_SOURCE_REFERENCE,FoundationsVII.TransitionTrace.transitions_wellFormed,FoundationsVII.ReachabilityWitness
STATIC_SOURCE_REFERENCE,FoundationsVII.TransitionTrace.transitions_wellFormed,FoundationsVII.TransitionTrace
STATIC_SOURCE_REFERENCE,FoundationsVII.ReachabilityWitness.replay_has_nonempty_trace,FoundationsVII.ReachabilityWitness
STATIC_SOURCE_REFERENCE,FoundationsVII.ReachabilityWitness.replay_has_nonempty_trace,FoundationsVII.ReachabilityWitness.Replays
STATIC_SOURCE_REFERENCE,FoundationsVII.ReachabilityWitness.replay_starts_at_initial,FoundationsVII.ReachabilityWitness
STATIC_SOURCE_REFERENCE,FoundationsVII.ReachabilityWitness.replay_starts_at_initial,FoundationsVII.ReachabilityWitness.Replays
STATIC_SOURCE_REFERENCE,FoundationsVII.ReachabilityWitness.replay_transitions_are_wellFormed,FoundationsVII.ReachabilityWitness
STATIC_SOURCE_REFERENCE,FoundationsVII.ReachabilityWitness.replay_transitions_are_wellFormed,FoundationsVII.ReachabilityWitness.Replays
STATIC_SOURCE_REFERENCE,FoundationsVII.ReachabilityWitness.operationallyCertified_is_wellFormed,FoundationsVII.ReachabilityWitness
STATIC_SOURCE_REFERENCE,FoundationsVII.ReachabilityWitness.operationallyCertified_is_wellFormed,FoundationsVII.ReachabilityWitness.OperationallyCertified
STATIC_SOURCE_REFERENCE,FoundationsVII.ReachabilityWitness.operationallyCertified_is_wellFormed,FoundationsVII.ReachabilityWitness.replay_has_nonempty_trace
STATIC_SOURCE_REFERENCE,FoundationsVII.ReachabilityWitness.operationallyCertified_is_wellFormed,FoundationsVII.ReachabilityWitness.replay_starts_at_initial
STATIC_SOURCE_REFERENCE,FoundationsVII.ReachabilityWitness.operationallyCertified_includes_execution,FoundationsVII.ReachabilityWitness
STATIC_SOURCE_REFERENCE,FoundationsVII.ReachabilityWitness.operationallyCertified_includes_execution,FoundationsVII.ReachabilityWitness.OperationallyCertified
STATIC_SOURCE_REFERENCE,FoundationsVII.TypedAdmissionStep.Lawful.executable_is_sound,FoundationsVII.TypedAdmissionStep
STATIC_SOURCE_REFERENCE,FoundationsVII.TypedAdmissionStep.Lawful.fired_is_executable,FoundationsVII.TypedAdmissionStep
STATIC_SOURCE_REFERENCE,FoundationsVII.TypedAdmissionStep.Lawful.occurrence_is_fired,FoundationsVII.TypedAdmissionStep
STATIC_SOURCE_REFERENCE,FoundationsVII.TypedAdmissionStep.Lawful.old_audit_entry_survives,FoundationsVII.AuditEntry
STATIC_SOURCE_REFERENCE,FoundationsVII.TypedAdmissionStep.Lawful.old_audit_entry_survives,FoundationsVII.TypedAdmissionStep
STATIC_SOURCE_REFERENCE,FoundationsVII.TypedAdmissionStep.Lawful.old_source_entry_survives,FoundationsVII.SourceEntry
STATIC_SOURCE_REFERENCE,FoundationsVII.TypedAdmissionStep.Lawful.old_source_entry_survives,FoundationsVII.TypedAdmissionStep
STATIC_SOURCE_REFERENCE,FoundationsVII.TypedAdmissionStep.Lawful.old_budget_entry_survives,FoundationsVII.BudgetEntry
STATIC_SOURCE_REFERENCE,FoundationsVII.TypedAdmissionStep.Lawful.old_budget_entry_survives,FoundationsVII.TypedAdmissionStep
STATIC_SOURCE_REFERENCE,FoundationsVII.TypedAdmissionStep.Lawful.authorized_source_entry_exists,FoundationsVII.SourceEntry
STATIC_SOURCE_REFERENCE,FoundationsVII.TypedAdmissionStep.Lawful.authorized_source_entry_exists,FoundationsVII.TypedAdmissionStep
STATIC_SOURCE_REFERENCE,FoundationsVII.TypedAdmissionStep.Lawful.sourced_financed_and_audited,FoundationsVII.TypedAdmissionStep
STATIC_SOURCE_REFERENCE,FoundationsVII.TypedAdmissionStep.Lawful.sourced_financed_and_audited,FoundationsVII.TypedAdmissionStep.SourceAuthorized
STATIC_SOURCE_REFERENCE,FoundationsVII.TypedAdmissionStep.admit_sets_admissible,FoundationsVII.TypedAdmissionStep
STATIC_SOURCE_REFERENCE,FoundationsVII.TypedAdmissionStep.admit_sets_admissible,FoundationsVII.TypedAdmissionStep.EffectTyped
STATIC_SOURCE_REFERENCE,FoundationsVII.TypedAdmissionStep.expiry_clears_admissible,FoundationsVII.TypedAdmissionStep
STATIC_SOURCE_REFERENCE,FoundationsVII.TypedAdmissionStep.expiry_clears_admissible,FoundationsVII.TypedAdmissionStep.EffectTyped
STATIC_SOURCE_REFERENCE,FoundationsVII.TypedAdmissionStep.revocation_clears_admissible,FoundationsVII.TypedAdmissionStep
STATIC_SOURCE_REFERENCE,FoundationsVII.TypedAdmissionStep.revocation_clears_admissible,FoundationsVII.TypedAdmissionStep.EffectTyped
STATIC_SOURCE_REFERENCE,FoundationsVII.TypedAdmissionStep.revocation_clears_current_admissibility_but_preserves_history,FoundationsVII.AuditEntry
STATIC_SOURCE_REFERENCE,FoundationsVII.TypedAdmissionStep.revocation_clears_current_admissibility_but_preserves_history,FoundationsVII.TypedAdmissionStep
STATIC_SOURCE_REFERENCE,FoundationsVII.TypedAdmissionStep.revocation_clears_current_admissibility_but_preserves_history,FoundationsVII.TypedAdmissionStep.revocation_clears_admissible
STATIC_SOURCE_REFERENCE,FoundationsVII.TypedAdmissionStep.retraction_clears_admissible,FoundationsVII.TypedAdmissionStep
STATIC_SOURCE_REFERENCE,FoundationsVII.TypedAdmissionStep.retraction_clears_admissible,FoundationsVII.TypedAdmissionStep.EffectTyped
STATIC_SOURCE_REFERENCE,FoundationsVII.TypedAdmissionStep.rollback_clears_current_admissibility_but_preserves_history,FoundationsVII.AuditEntry
STATIC_SOURCE_REFERENCE,FoundationsVII.TypedAdmissionStep.rollback_clears_current_admissibility_but_preserves_history,FoundationsVII.TypedAdmissionStep
STATIC_SOURCE_REFERENCE,FoundationsVII.TypedAdmissionStep.rollback_clears_current_admissibility_but_preserves_history,FoundationsVII.TypedAdmissionStep.EffectTyped
STATIC_SOURCE_REFERENCE,FoundationsVII.AdmissionReplay.append,FoundationsVII.AdmissionReplay
STATIC_SOURCE_REFERENCE,FoundationsVII.AdmissionReplay.append,FoundationsVII.DomainState
STATIC_SOURCE_REFERENCE,FoundationsVII.AdmissionReplay.append,FoundationsVII.TypedAdmissionStep
STATIC_SOURCE_REFERENCE,FoundationsVII.AdmissionReplay.two_step,FoundationsVII.AdmissionReplay
STATIC_SOURCE_REFERENCE,FoundationsVII.AdmissionReplay.two_step,FoundationsVII.DomainState
STATIC_SOURCE_REFERENCE,FoundationsVII.AdmissionReplay.two_step,FoundationsVII.TypedAdmissionStep
STATIC_SOURCE_REFERENCE,FoundationsVII.contactMode_mem_all,FoundationsVII.ContactMode
STATIC_SOURCE_REFERENCE,FoundationsVII.contactMode_mem_all,FoundationsVII.allContactModes
STATIC_SOURCE_REFERENCE,FoundationsVII.ContactChannelEvidence.rendezvous_licensed,FoundationsVII.ContactChannelEvidence
STATIC_SOURCE_REFERENCE,FoundationsVII.ContactChannelEvidence.rendezvous_licensed,FoundationsVII.ContactChannelEvidence.Licenses
STATIC_SOURCE_REFERENCE,FoundationsVII.ContactChannelEvidence.mediation_licensed,FoundationsVII.ContactChannelEvidence
STATIC_SOURCE_REFERENCE,FoundationsVII.ContactChannelEvidence.mediation_licensed,FoundationsVII.ContactChannelEvidence.Licenses
STATIC_SOURCE_REFERENCE,FoundationsVII.ContactChannelEvidence.sequential_licensed,FoundationsVII.ContactChannelEvidence
STATIC_SOURCE_REFERENCE,FoundationsVII.ContactChannelEvidence.sequential_licensed,FoundationsVII.ContactChannelEvidence.Licenses
STATIC_SOURCE_REFERENCE,FoundationsVII.ContactChannelEvidence.shared_carrier_licensed,FoundationsVII.ContactChannelEvidence
STATIC_SOURCE_REFERENCE,FoundationsVII.ContactChannelEvidence.shared_carrier_licensed,FoundationsVII.ContactChannelEvidence.Licenses
STATIC_SOURCE_REFERENCE,FoundationsVII.ContactChannelEvidence.shared_budget_licensed,FoundationsVII.ContactChannelEvidence
STATIC_SOURCE_REFERENCE,FoundationsVII.ContactChannelEvidence.shared_budget_licensed,FoundationsVII.ContactChannelEvidence.Licenses
STATIC_SOURCE_REFERENCE,FoundationsVII.ContactProfile.compatibleWithoutContact_coherent,FoundationsVII.ContactProfile.OperationallyCoherent
STATIC_SOURCE_REFERENCE,FoundationsVII.ContactProfile.compatibleWithoutContact_coherent,FoundationsVII.ContactProfile.compatibleWithoutContact
STATIC_SOURCE_REFERENCE,FoundationsVII.ContactProfile.contactWithoutComposite_coherent,FoundationsVII.ContactProfile.OperationallyCoherent
STATIC_SOURCE_REFERENCE,FoundationsVII.ContactProfile.contactWithoutComposite_coherent,FoundationsVII.ContactProfile.contactWithoutComposite
STATIC_SOURCE_REFERENCE,FoundationsVII.ContactProfile.compatibility_does_not_imply_evidenced_contact,FoundationsVII.ContactProfile
STATIC_SOURCE_REFERENCE,FoundationsVII.ContactProfile.compatibility_does_not_imply_evidenced_contact,FoundationsVII.ContactProfile.OperationallyCoherent
STATIC_SOURCE_REFERENCE,FoundationsVII.ContactProfile.compatibility_does_not_imply_evidenced_contact,FoundationsVII.ContactProfile.compatibleWithoutContact
STATIC_SOURCE_REFERENCE,FoundationsVII.ContactProfile.compatibility_does_not_imply_evidenced_contact,FoundationsVII.ContactProfile.compatibleWithoutContact_coherent
STATIC_SOURCE_REFERENCE,FoundationsVII.ContactProfile.evidenced_contact_does_not_imply_composite,FoundationsVII.ContactProfile
STATIC_SOURCE_REFERENCE,FoundationsVII.ContactProfile.evidenced_contact_does_not_imply_composite,FoundationsVII.ContactProfile.OperationallyCoherent
STATIC_SOURCE_REFERENCE,FoundationsVII.ContactProfile.evidenced_contact_does_not_imply_composite,FoundationsVII.ContactProfile.contactWithoutComposite
STATIC_SOURCE_REFERENCE,FoundationsVII.ContactProfile.evidenced_contact_does_not_imply_composite,FoundationsVII.ContactProfile.contactWithoutComposite_coherent
STATIC_SOURCE_REFERENCE,FoundationsVII.PeerTransport.wellFormed_preserves_destination_ownership,FoundationsVII.PeerTransport
STATIC_SOURCE_REFERENCE,FoundationsVII.PeerTransport.wellFormed_preserves_provenance,FoundationsVII.PeerTransport
STATIC_SOURCE_REFERENCE,FoundationsVII.PeerTransport.wellFormed_preserves_payload_source,FoundationsVII.PeerTransport
STATIC_SOURCE_REFERENCE,FoundationsVII.PeerTransport.wellFormed_targets_declared_destination,FoundationsVII.PeerTransport
STATIC_SOURCE_REFERENCE,FoundationsVII.PeerTransport.withoutJoin_is_certified_transport,FoundationsVII.PeerTransport
STATIC_SOURCE_REFERENCE,FoundationsVII.PeerTransport.withoutJoin_is_certified_transport,FoundationsVII.PeerTransport.CertifiedContentAvailable
STATIC_SOURCE_REFERENCE,FoundationsVII.PeerTransport.withoutJoin_is_certified_transport,FoundationsVII.PeerTransport.WithoutJoin
STATIC_SOURCE_REFERENCE,FoundationsVII.PeerTransport.withoutJoin_does_not_form_composite,FoundationsVII.ContactChannelEvidence
STATIC_SOURCE_REFERENCE,FoundationsVII.PeerTransport.withoutJoin_does_not_form_composite,FoundationsVII.ContactMode
STATIC_SOURCE_REFERENCE,FoundationsVII.PeerTransport.withoutJoin_does_not_form_composite,FoundationsVII.ContactSurface
STATIC_SOURCE_REFERENCE,FoundationsVII.PeerTransport.withoutJoin_does_not_form_composite,FoundationsVII.ContactWitness
STATIC_SOURCE_REFERENCE,FoundationsVII.PeerTransport.withoutJoin_does_not_form_composite,FoundationsVII.PeerTransport
STATIC_SOURCE_REFERENCE,FoundationsVII.PeerTransport.withoutJoin_does_not_form_composite,FoundationsVII.PeerTransport.WithoutJoin
STATIC_SOURCE_REFERENCE,FoundationsVII.PeerTransport.withoutJoin_does_not_form_composite,FoundationsVII.phase3Audit
STATIC_SOURCE_REFERENCE,FoundationsVII.peer_contact_can_transport_without_join,FoundationsVII.ContactMode
STATIC_SOURCE_REFERENCE,FoundationsVII.rendezvous_special_case_exists,FoundationsVII.PeerTransport
STATIC_SOURCE_REFERENCE,FoundationsVII.rendezvous_special_case_exists,FoundationsVII.peer_contact_can_transport_without_join
STATIC_SOURCE_REFERENCE,FoundationsVII.mediation_special_case_exists,FoundationsVII.PeerTransport
STATIC_SOURCE_REFERENCE,FoundationsVII.mediation_special_case_exists,FoundationsVII.peer_contact_can_transport_without_join
STATIC_SOURCE_REFERENCE,FoundationsVII.sequential_special_case_exists,FoundationsVII.PeerTransport
STATIC_SOURCE_REFERENCE,FoundationsVII.sequential_special_case_exists,FoundationsVII.peer_contact_can_transport_without_join
STATIC_SOURCE_REFERENCE,FoundationsVII.shared_carrier_special_case_exists,FoundationsVII.PeerTransport
STATIC_SOURCE_REFERENCE,FoundationsVII.shared_carrier_special_case_exists,FoundationsVII.peer_contact_can_transport_without_join
STATIC_SOURCE_REFERENCE,FoundationsVII.shared_budget_special_case_exists,FoundationsVII.PeerTransport
STATIC_SOURCE_REFERENCE,FoundationsVII.shared_budget_special_case_exists,FoundationsVII.peer_contact_can_transport_without_join
STATIC_SOURCE_REFERENCE,FoundationsVII.AdmissionTransition.constructed_wellFormed,FoundationsVII.AdmissionTransition
STATIC_SOURCE_REFERENCE,FoundationsVII.AdmissionTransition.fired_implies_executable,FoundationsVII.AdmissionTransition
STATIC_SOURCE_REFERENCE,FoundationsVII.ProspectiveCommitment.constructed_wellFormed,FoundationsVII.ProspectiveCommitment
STATIC_SOURCE_REFERENCE,FoundationsVII.AuditRecord.append_extends,FoundationsVII.AuditEntry
STATIC_SOURCE_REFERENCE,FoundationsVII.AuditRecord.append_extends,FoundationsVII.AuditRecord
STATIC_SOURCE_REFERENCE,FoundationsVII.AuditRecord.extend_extends,FoundationsVII.AuditEntry
STATIC_SOURCE_REFERENCE,FoundationsVII.AuditRecord.extend_extends,FoundationsVII.AuditRecord
STATIC_SOURCE_REFERENCE,FoundationsVII.AuditRecord.extend_extends,FoundationsVII.AuditRecord.extend
STATIC_SOURCE_REFERENCE,FoundationsVII.AuditRecord.extends_refl,FoundationsVII.AuditRecord
STATIC_SOURCE_REFERENCE,FoundationsVII.AuditRecord.extends_trans,FoundationsVII.AuditRecord
STATIC_SOURCE_REFERENCE,FoundationsVII.AuditRecord.append_preserves_old,FoundationsVII.AuditEntry
STATIC_SOURCE_REFERENCE,FoundationsVII.AuditRecord.append_preserves_old,FoundationsVII.AuditRecord
STATIC_SOURCE_REFERENCE,FoundationsVII.AuditRecord.append_contains_new,FoundationsVII.AuditEntry
STATIC_SOURCE_REFERENCE,FoundationsVII.AuditRecord.append_contains_new,FoundationsVII.AuditRecord
STATIC_SOURCE_REFERENCE,FoundationsVII.AuditRecord.mem_of_extends,FoundationsVII.AuditEntry
STATIC_SOURCE_REFERENCE,FoundationsVII.AuditRecord.mem_of_extends,FoundationsVII.AuditRecord
STATIC_SOURCE_REFERENCE,FoundationsVII.AuditRecord.failed_entry_not_silently_deleted,FoundationsVII.AuditEntry
STATIC_SOURCE_REFERENCE,FoundationsVII.AuditRecord.failed_entry_not_silently_deleted,FoundationsVII.AuditRecord
STATIC_SOURCE_REFERENCE,FoundationsVII.AuditRecord.revoked_entry_not_silently_deleted,FoundationsVII.AuditEntry
STATIC_SOURCE_REFERENCE,FoundationsVII.AuditRecord.revoked_entry_not_silently_deleted,FoundationsVII.AuditRecord
STATIC_SOURCE_REFERENCE,FoundationsVII.AuditRecord.refunded_entry_not_silently_deleted,FoundationsVII.AuditEntry
STATIC_SOURCE_REFERENCE,FoundationsVII.AuditRecord.refunded_entry_not_silently_deleted,FoundationsVII.AuditRecord
STATIC_SOURCE_REFERENCE,FoundationsVII.AuditRecord.withdrawn_entry_not_silently_deleted,FoundationsVII.AuditEntry
STATIC_SOURCE_REFERENCE,FoundationsVII.AuditRecord.withdrawn_entry_not_silently_deleted,FoundationsVII.AuditRecord
STATIC_SOURCE_REFERENCE,FoundationsVII.ContactSurface.constructed_wellFormed,FoundationsVII.ContactSurface
STATIC_SOURCE_REFERENCE,FoundationsVII.ContactWitness.constructed_wellFormed,FoundationsVII.ContactWitness
STATIC_SOURCE_REFERENCE,FoundationsVII.InteractionRecord.constructed_wellFormed,FoundationsVII.InteractionRecord
STATIC_SOURCE_REFERENCE,FoundationsVII.InteractionRecord.strict_join_status_requires_contact,FoundationsVII.InteractionRecord
STATIC_SOURCE_REFERENCE,FoundationsVII.DomainState.constructed_coherent,FoundationsVII.DomainState
STATIC_SOURCE_REFERENCE,FoundationsVII.DomainState.occurrence_implies_reachability,FoundationsVII.DomainState
STATIC_SOURCE_REFERENCE,FoundationsVII.DomainState.reachability_implies_admissibility,FoundationsVII.DomainState
STATIC_SOURCE_REFERENCE,FoundationsVII.DomainState.admissibility_implies_presence,FoundationsVII.DomainState
STATIC_SOURCE_REFERENCE,FoundationsVII.DomainState.recoverability_implies_exposure,FoundationsVII.DomainState
STATIC_SOURCE_REFERENCE,FoundationsVII.DomainState.exposure_implies_presence,FoundationsVII.DomainState
STATIC_SOURCE_REFERENCE,FoundationsVII.DomainState.presence_implies_expressibility,FoundationsVII.DomainState
STATIC_SOURCE_REFERENCE,FoundationsVII.EnablementRecord.constructed_wellFormed,FoundationsVII.EnablementRecord
STATIC_SOURCE_REFERENCE,FoundationsVII.FiniteEvidenceEnvelope.constructed_wellFormed,FoundationsVII.FiniteEvidenceEnvelope
STATIC_SOURCE_REFERENCE,FoundationsVII.FiniteEvidenceEnvelope.constructed_wellFormed,FoundationsVII.NormativeSpecification
STATIC_SOURCE_REFERENCE,FoundationsVII.sourceKind_mem_all,FoundationsVII.SourceKind
STATIC_SOURCE_REFERENCE,FoundationsVII.sourceKind_mem_all,FoundationsVII.allSourceKinds
STATIC_SOURCE_REFERENCE,FoundationsVII.auditDisposition_mem_all,FoundationsVII.AuditDisposition
STATIC_SOURCE_REFERENCE,FoundationsVII.auditDisposition_mem_all,FoundationsVII.allAuditDispositions
STATIC_SOURCE_REFERENCE,FoundationsVII.bridgeDisposition_mem_all,FoundationsVII.BridgeDisposition
STATIC_SOURCE_REFERENCE,FoundationsVII.bridgeDisposition_mem_all,FoundationsVII.allBridgeDispositions
STATIC_SOURCE_REFERENCE,FoundationsVII.operationalStatus_mem_all,FoundationsVII.OperationalStatus
STATIC_SOURCE_REFERENCE,FoundationsVII.operationalStatus_mem_all,FoundationsVII.allOperationalStatuses
STATIC_SOURCE_REFERENCE,FoundationsVII.interactionStatus_mem_all,FoundationsVII.InteractionStatus
STATIC_SOURCE_REFERENCE,FoundationsVII.interactionStatus_mem_all,FoundationsVII.allInteractionStatuses
STATIC_SOURCE_REFERENCE,FoundationsVII.claimGrade_mem_all,FoundationsVII.ClaimGrade
STATIC_SOURCE_REFERENCE,FoundationsVII.claimGrade_mem_all,FoundationsVII.allClaimGrades
STATIC_SOURCE_REFERENCE,FoundationsVII.evidenceGrade_mem_all,FoundationsVII.EvidenceGrade
STATIC_SOURCE_REFERENCE,FoundationsVII.evidenceGrade_mem_all,FoundationsVII.allEvidenceGrades
STATIC_SOURCE_REFERENCE,FoundationsVII.negativeEvidenceGrade_mem_all,FoundationsVII.NegativeEvidenceGrade
STATIC_SOURCE_REFERENCE,FoundationsVII.negativeEvidenceGrade_mem_all,FoundationsVII.allNegativeEvidenceGrades
STATIC_SOURCE_REFERENCE,FoundationsVII.negativeScope_mem_all,FoundationsVII.NegativeScope
STATIC_SOURCE_REFERENCE,FoundationsVII.negativeScope_mem_all,FoundationsVII.allNegativeScopes
STATIC_SOURCE_REFERENCE,FoundationsVII.JoinCandidate.constructed_wellFormed,FoundationsVII.JoinCandidate
STATIC_SOURCE_REFERENCE,FoundationsVII.JoinCertificate.constructed_wellFormed,FoundationsVII.JoinCertificate
STATIC_SOURCE_REFERENCE,FoundationsVII.JoinObstruction.constructed_wellFormed,FoundationsVII.JoinObstruction
STATIC_SOURCE_REFERENCE,FoundationsVII.NonInteractionCertificate.constructed_wellFormed,FoundationsVII.NonInteractionCertificate
STATIC_SOURCE_REFERENCE,FoundationsVII.NonInteractionCertificate.wellFormed_implies_no_observed_contact,FoundationsVII.NonInteractionCertificate
STATIC_SOURCE_REFERENCE,FoundationsVII.SourceEntry.constructed_wellFormed,FoundationsVII.SourceEntry
STATIC_SOURCE_REFERENCE,FoundationsVII.SourceLedger.constructed_wellFormed,FoundationsVII.SourceLedger
STATIC_SOURCE_REFERENCE,FoundationsVII.SourceLedger.entry_wellFormed,FoundationsVII.SourceEntry
STATIC_SOURCE_REFERENCE,FoundationsVII.SourceLedger.entry_wellFormed,FoundationsVII.SourceLedger
STATIC_SOURCE_REFERENCE,FoundationsVII.SourceLedger.sourceIds_projection_consistent,FoundationsVII.SourceLedger
STATIC_SOURCE_REFERENCE,FoundationsVII.SourceLedger.sourceIds_projection_consistent,FoundationsVII.SourceLedger.sourceIds
STATIC_SOURCE_REFERENCE,FoundationsVII.SourceLedger.sourceKinds_projection_consistent,FoundationsVII.SourceLedger
STATIC_SOURCE_REFERENCE,FoundationsVII.SourceLedger.sourceKinds_projection_consistent,FoundationsVII.SourceLedger.sourceKinds
STATIC_SOURCE_REFERENCE,FoundationsVII.SourceLedger.append_sourceIds,FoundationsVII.AuditEntry
STATIC_SOURCE_REFERENCE,FoundationsVII.SourceLedger.append_sourceIds,FoundationsVII.SourceEntry
STATIC_SOURCE_REFERENCE,FoundationsVII.SourceLedger.append_sourceIds,FoundationsVII.SourceLedger
STATIC_SOURCE_REFERENCE,FoundationsVII.SourceLedger.append_sourceIds,FoundationsVII.SourceLedger.sourceIds
STATIC_SOURCE_REFERENCE,FoundationsVII.SourceLedger.append_sourceKinds,FoundationsVII.AuditEntry
STATIC_SOURCE_REFERENCE,FoundationsVII.SourceLedger.append_sourceKinds,FoundationsVII.SourceEntry
STATIC_SOURCE_REFERENCE,FoundationsVII.SourceLedger.append_sourceKinds,FoundationsVII.SourceLedger
STATIC_SOURCE_REFERENCE,FoundationsVII.SourceLedger.append_sourceKinds,FoundationsVII.SourceLedger.sourceKinds
STATIC_SOURCE_REFERENCE,FoundationsVII.SourceLedger.append_extends,FoundationsVII.AuditEntry
STATIC_SOURCE_REFERENCE,FoundationsVII.SourceLedger.append_extends,FoundationsVII.SourceEntry
STATIC_SOURCE_REFERENCE,FoundationsVII.SourceLedger.append_extends,FoundationsVII.SourceLedger
STATIC_SOURCE_REFERENCE,FoundationsVII.SourceLedger.mem_of_extends,FoundationsVII.SourceEntry
STATIC_SOURCE_REFERENCE,FoundationsVII.SourceLedger.mem_of_extends,FoundationsVII.SourceLedger
STATIC_SOURCE_REFERENCE,FoundationsVII.SourceLedger.audit_mem_of_extends,FoundationsVII.AuditEntry
STATIC_SOURCE_REFERENCE,FoundationsVII.SourceLedger.audit_mem_of_extends,FoundationsVII.SourceLedger
STATIC_SOURCE_REFERENCE,FoundationsVII.SourceLedger.failed_source_not_silently_deleted,FoundationsVII.SourceEntry
STATIC_SOURCE_REFERENCE,FoundationsVII.SourceLedger.failed_source_not_silently_deleted,FoundationsVII.SourceLedger
STATIC_SOURCE_REFERENCE,FoundationsVII.SourceLedger.revoked_source_not_silently_deleted,FoundationsVII.SourceEntry
STATIC_SOURCE_REFERENCE,FoundationsVII.SourceLedger.revoked_source_not_silently_deleted,FoundationsVII.SourceLedger
STATIC_SOURCE_REFERENCE,FoundationsVII.SourceLedger.refunded_source_not_silently_deleted,FoundationsVII.SourceEntry
STATIC_SOURCE_REFERENCE,FoundationsVII.SourceLedger.refunded_source_not_silently_deleted,FoundationsVII.SourceLedger
STATIC_SOURCE_REFERENCE,FoundationsVII.SourceLedger.withdrawn_source_not_silently_deleted,FoundationsVII.SourceEntry
STATIC_SOURCE_REFERENCE,FoundationsVII.SourceLedger.withdrawn_source_not_silently_deleted,FoundationsVII.SourceLedger
STATIC_SOURCE_REFERENCE,FoundationsVII.SourceLedger.audit_extends_of_ledger_extends,FoundationsVII.SourceLedger
STATIC_SOURCE_REFERENCE,FoundationsVII.BudgetEntry.constructed_wellFormed,FoundationsVII.BudgetEntry
STATIC_SOURCE_REFERENCE,FoundationsVII.BudgetEntry.constructed_wellFormed,FoundationsVII.BudgetEntry.EntryFeasible
STATIC_SOURCE_REFERENCE,FoundationsVII.BudgetEntry.entryFeasible_of_wellFormed,FoundationsVII.BudgetEntry
STATIC_SOURCE_REFERENCE,FoundationsVII.BudgetEntry.entryFeasible_of_wellFormed,FoundationsVII.BudgetEntry.EntryFeasible
STATIC_SOURCE_REFERENCE,FoundationsVII.BudgetLedger.constructed_wellFormed,FoundationsVII.BudgetLedger
STATIC_SOURCE_REFERENCE,FoundationsVII.BudgetLedger.entry_wellFormed,FoundationsVII.BudgetEntry
STATIC_SOURCE_REFERENCE,FoundationsVII.BudgetLedger.entry_wellFormed,FoundationsVII.BudgetLedger
STATIC_SOURCE_REFERENCE,FoundationsVII.BudgetLedger.resourceIds_projection_consistent,FoundationsVII.BudgetLedger
STATIC_SOURCE_REFERENCE,FoundationsVII.BudgetLedger.resourceIds_projection_consistent,FoundationsVII.BudgetLedger.resourceIds
STATIC_SOURCE_REFERENCE,FoundationsVII.BudgetLedger.allocations_projection_consistent,FoundationsVII.BudgetLedger
STATIC_SOURCE_REFERENCE,FoundationsVII.BudgetLedger.allocations_projection_consistent,FoundationsVII.BudgetLedger.allocations
STATIC_SOURCE_REFERENCE,FoundationsVII.BudgetLedger.spends_projection_consistent,FoundationsVII.BudgetLedger
STATIC_SOURCE_REFERENCE,FoundationsVII.BudgetLedger.spends_projection_consistent,FoundationsVII.BudgetLedger.spends
STATIC_SOURCE_REFERENCE,FoundationsVII.BudgetLedger.refunds_projection_consistent,FoundationsVII.BudgetLedger
STATIC_SOURCE_REFERENCE,FoundationsVII.BudgetLedger.refunds_projection_consistent,FoundationsVII.BudgetLedger.refunds
STATIC_SOURCE_REFERENCE,FoundationsVII.BudgetLedger.occupancies_projection_consistent,FoundationsVII.BudgetLedger
STATIC_SOURCE_REFERENCE,FoundationsVII.BudgetLedger.occupancies_projection_consistent,FoundationsVII.BudgetLedger.occupancies
STATIC_SOURCE_REFERENCE,FoundationsVII.BudgetLedger.append_resourceIds,FoundationsVII.AuditEntry
STATIC_SOURCE_REFERENCE,FoundationsVII.BudgetLedger.append_resourceIds,FoundationsVII.BudgetEntry
STATIC_SOURCE_REFERENCE,FoundationsVII.BudgetLedger.append_resourceIds,FoundationsVII.BudgetLedger
STATIC_SOURCE_REFERENCE,FoundationsVII.BudgetLedger.append_resourceIds,FoundationsVII.BudgetLedger.resourceIds
STATIC_SOURCE_REFERENCE,FoundationsVII.BudgetLedger.append_allocations,FoundationsVII.AuditEntry
STATIC_SOURCE_REFERENCE,FoundationsVII.BudgetLedger.append_allocations,FoundationsVII.BudgetEntry
STATIC_SOURCE_REFERENCE,FoundationsVII.BudgetLedger.append_allocations,FoundationsVII.BudgetLedger
STATIC_SOURCE_REFERENCE,FoundationsVII.BudgetLedger.append_allocations,FoundationsVII.BudgetLedger.allocations
STATIC_SOURCE_REFERENCE,FoundationsVII.BudgetLedger.append_extends,FoundationsVII.AuditEntry
STATIC_SOURCE_REFERENCE,FoundationsVII.BudgetLedger.append_extends,FoundationsVII.BudgetEntry
STATIC_SOURCE_REFERENCE,FoundationsVII.BudgetLedger.append_extends,FoundationsVII.BudgetLedger
STATIC_SOURCE_REFERENCE,FoundationsVII.BudgetLedger.mem_of_extends,FoundationsVII.BudgetEntry
STATIC_SOURCE_REFERENCE,FoundationsVII.BudgetLedger.mem_of_extends,FoundationsVII.BudgetLedger
STATIC_SOURCE_REFERENCE,FoundationsVII.BudgetLedger.audit_mem_of_extends,FoundationsVII.AuditEntry
STATIC_SOURCE_REFERENCE,FoundationsVII.BudgetLedger.audit_mem_of_extends,FoundationsVII.BudgetLedger
STATIC_SOURCE_REFERENCE,FoundationsVII.BudgetLedger.failed_budget_not_silently_deleted,FoundationsVII.BudgetEntry
STATIC_SOURCE_REFERENCE,FoundationsVII.BudgetLedger.failed_budget_not_silently_deleted,FoundationsVII.BudgetLedger
STATIC_SOURCE_REFERENCE,FoundationsVII.BudgetLedger.revoked_budget_not_silently_deleted,FoundationsVII.BudgetEntry
STATIC_SOURCE_REFERENCE,FoundationsVII.BudgetLedger.revoked_budget_not_silently_deleted,FoundationsVII.BudgetLedger
STATIC_SOURCE_REFERENCE,FoundationsVII.BudgetLedger.refunded_budget_not_silently_deleted,FoundationsVII.BudgetEntry
STATIC_SOURCE_REFERENCE,FoundationsVII.BudgetLedger.refunded_budget_not_silently_deleted,FoundationsVII.BudgetLedger
STATIC_SOURCE_REFERENCE,FoundationsVII.BudgetLedger.withdrawn_budget_not_silently_deleted,FoundationsVII.BudgetEntry
STATIC_SOURCE_REFERENCE,FoundationsVII.BudgetLedger.withdrawn_budget_not_silently_deleted,FoundationsVII.BudgetLedger
STATIC_SOURCE_REFERENCE,FoundationsVII.BudgetLedger.audit_extends_of_ledger_extends,FoundationsVII.BudgetLedger
STATIC_SOURCE_REFERENCE,FoundationsVII.ObserverOccupancyRecord.constructed_wellFormed,FoundationsVII.ObserverOccupancyRecord
STATIC_SOURCE_REFERENCE,FoundationsVII.BridgeContract.constructed_wellFormed,FoundationsVII.BridgeContract
STATIC_SOURCE_REFERENCE,FoundationsVII.TransportAuthorization.citation_only_is_not_licensed,FoundationsVII.CitationRecord
STATIC_SOURCE_REFERENCE,FoundationsVII.TransportAuthorization.citation_only_is_not_licensed,FoundationsVII.TransportAuthorization.licensed
STATIC_SOURCE_REFERENCE,FoundationsVII.TransportAuthorization.accepted_wellFormed_bridge_is_licensed,FoundationsVII.BridgeContract
STATIC_SOURCE_REFERENCE,FoundationsVII.TransportAuthorization.accepted_wellFormed_bridge_is_licensed,FoundationsVII.TransportAuthorization.licensed
STATIC_SOURCE_REFERENCE,FoundationsVII.TransportAuthorization.accepted_complete_bridge_is_licensed,FoundationsVII.BridgeContract
STATIC_SOURCE_REFERENCE,FoundationsVII.TransportAuthorization.accepted_complete_bridge_is_licensed,FoundationsVII.TransportAuthorization.accepted_wellFormed_bridge_is_licensed
STATIC_SOURCE_REFERENCE,FoundationsVII.TransportAuthorization.accepted_complete_bridge_is_licensed,FoundationsVII.TransportAuthorization.licensed
STATIC_SOURCE_REFERENCE,FoundationsVII.TransportAuthorization.accepted_bridge_is_licensed,FoundationsVII.BridgeContract
STATIC_SOURCE_REFERENCE,FoundationsVII.TransportAuthorization.accepted_bridge_is_licensed,FoundationsVII.TransportAuthorization.accepted_wellFormed_bridge_is_licensed
STATIC_SOURCE_REFERENCE,FoundationsVII.TransportAuthorization.accepted_bridge_is_licensed,FoundationsVII.TransportAuthorization.licensed
STATIC_SOURCE_REFERENCE,FoundationsVII.TransportAuthorization.incomplete_bridge_is_not_licensed,FoundationsVII.BridgeContract
STATIC_SOURCE_REFERENCE,FoundationsVII.TransportAuthorization.incomplete_bridge_is_not_licensed,FoundationsVII.TransportAuthorization.licensed
STATIC_SOURCE_REFERENCE,FoundationsVII.TransportAuthorization.failed_bridge_is_not_licensed,FoundationsVII.BridgeContract
STATIC_SOURCE_REFERENCE,FoundationsVII.TransportAuthorization.failed_bridge_is_not_licensed,FoundationsVII.TransportAuthorization.licensed
STATIC_SOURCE_REFERENCE,FoundationsVII.TransportAuthorization.withdrawn_bridge_is_not_licensed,FoundationsVII.BridgeContract
STATIC_SOURCE_REFERENCE,FoundationsVII.TransportAuthorization.withdrawn_bridge_is_not_licensed,FoundationsVII.TransportAuthorization
STATIC_SOURCE_REFERENCE,FoundationsVII.TransportAuthorization.withdrawn_bridge_is_not_licensed,FoundationsVII.TransportAuthorization.licensed
STATIC_SOURCE_REFERENCE,FoundationsVII.BridgeLedger.append_extends,FoundationsVII.AuditEntry
STATIC_SOURCE_REFERENCE,FoundationsVII.BridgeLedger.append_extends,FoundationsVII.BridgeLedger
STATIC_SOURCE_REFERENCE,FoundationsVII.BridgeLedger.append_extends,FoundationsVII.BridgeLedgerEntry
STATIC_SOURCE_REFERENCE,FoundationsVII.BridgeLedger.mem_of_extends,FoundationsVII.BridgeLedger
STATIC_SOURCE_REFERENCE,FoundationsVII.BridgeLedger.mem_of_extends,FoundationsVII.BridgeLedgerEntry
STATIC_SOURCE_REFERENCE,FoundationsVII.BridgeLedger.audit_mem_of_extends,FoundationsVII.AuditEntry
STATIC_SOURCE_REFERENCE,FoundationsVII.BridgeLedger.audit_mem_of_extends,FoundationsVII.BridgeLedger
STATIC_SOURCE_REFERENCE,FoundationsVII.BridgeLedger.failed_bridge_not_silently_deleted,FoundationsVII.BridgeLedger
STATIC_SOURCE_REFERENCE,FoundationsVII.BridgeLedger.failed_bridge_not_silently_deleted,FoundationsVII.BridgeLedgerEntry
STATIC_SOURCE_REFERENCE,FoundationsVII.BridgeLedger.withdrawn_bridge_not_silently_deleted,FoundationsVII.BridgeLedger
STATIC_SOURCE_REFERENCE,FoundationsVII.BridgeLedger.withdrawn_bridge_not_silently_deleted,FoundationsVII.BridgeLedgerEntry
STATIC_SOURCE_REFERENCE,FoundationsVII.BridgeLedger.withdrawn_entry_requires_sweeps,FoundationsVII.BridgeLedger
STATIC_SOURCE_REFERENCE,FoundationsVII.BridgeLedger.withdrawn_entry_requires_sweeps,FoundationsVII.BridgeLedgerEntry
STATIC_SOURCE_REFERENCE,FoundationsVII.NegativeEvidenceRecord.point_null_does_not_license_unrestricted,FoundationsVII.NegativeEvidenceRecord
STATIC_SOURCE_REFERENCE,FoundationsVII.NegativeEvidenceRecord.point_null_does_not_license_unrestricted,FoundationsVII.NegativeEvidenceRecord.gradeAllows
STATIC_SOURCE_REFERENCE,FoundationsVII.NegativeEvidenceRecord.point_null_does_not_license_unrestricted,FoundationsVII.NegativeEvidenceRecord.licenses
STATIC_SOURCE_REFERENCE,FoundationsVII.NegativeEvidenceRecord.point_null_does_not_license_unrestricted,FoundationsVII.NegativeEvidenceRecord.scopeAllows
STATIC_SOURCE_REFERENCE,FoundationsVII.NegativeEvidenceRecord.bounded_search_does_not_license_unrestricted,FoundationsVII.NegativeEvidenceRecord
STATIC_SOURCE_REFERENCE,FoundationsVII.NegativeEvidenceRecord.bounded_search_does_not_license_unrestricted,FoundationsVII.NegativeEvidenceRecord.gradeAllows
STATIC_SOURCE_REFERENCE,FoundationsVII.NegativeEvidenceRecord.bounded_search_does_not_license_unrestricted,FoundationsVII.NegativeEvidenceRecord.licenses
STATIC_SOURCE_REFERENCE,FoundationsVII.NegativeEvidenceRecord.bounded_search_does_not_license_unrestricted,FoundationsVII.NegativeEvidenceRecord.scopeAllows
STATIC_SOURCE_REFERENCE,FoundationsVII.NegativeEvidenceRecord.exhaustive_closed_finite_licenses_its_closed_family,FoundationsVII.NegativeEvidenceRecord
STATIC_SOURCE_REFERENCE,FoundationsVII.NegativeEvidenceRecord.exhaustive_closed_finite_licenses_its_closed_family,FoundationsVII.NegativeEvidenceRecord.gradeAllows
STATIC_SOURCE_REFERENCE,FoundationsVII.NegativeEvidenceRecord.exhaustive_closed_finite_licenses_its_closed_family,FoundationsVII.NegativeEvidenceRecord.licenses
STATIC_SOURCE_REFERENCE,FoundationsVII.NegativeEvidenceRecord.exhaustive_closed_finite_licenses_its_closed_family,FoundationsVII.NegativeEvidenceRecord.scopeAllows
STATIC_SOURCE_REFERENCE,FoundationsVII.NegativeEvidenceRecord.exhaustive_finite_does_not_license_unrestricted,FoundationsVII.NegativeEvidenceRecord
STATIC_SOURCE_REFERENCE,FoundationsVII.NegativeEvidenceRecord.exhaustive_finite_does_not_license_unrestricted,FoundationsVII.NegativeEvidenceRecord.gradeAllows
STATIC_SOURCE_REFERENCE,FoundationsVII.NegativeEvidenceRecord.exhaustive_finite_does_not_license_unrestricted,FoundationsVII.NegativeEvidenceRecord.licenses
STATIC_SOURCE_REFERENCE,FoundationsVII.NegativeEvidenceRecord.exhaustive_finite_does_not_license_unrestricted,FoundationsVII.NegativeEvidenceRecord.scopeAllows
STATIC_SOURCE_REFERENCE,FoundationsVII.NegativeEvidenceRecord.theorem_impossibility_licenses_under_unrestricted_declared_scope,FoundationsVII.NegativeEvidenceRecord
STATIC_SOURCE_REFERENCE,FoundationsVII.NegativeEvidenceRecord.theorem_impossibility_licenses_under_unrestricted_declared_scope,FoundationsVII.NegativeEvidenceRecord.gradeAllows
STATIC_SOURCE_REFERENCE,FoundationsVII.NegativeEvidenceRecord.theorem_impossibility_licenses_under_unrestricted_declared_scope,FoundationsVII.NegativeEvidenceRecord.licenses
STATIC_SOURCE_REFERENCE,FoundationsVII.NegativeEvidenceRecord.theorem_impossibility_licenses_under_unrestricted_declared_scope,FoundationsVII.NegativeEvidenceRecord.scopeAllows
STATIC_SOURCE_REFERENCE,FoundationsVII.NegativeEvidenceRecord.theorem_impossibility_licenses_under_unrestricted_declared_scope,FoundationsVII.NegativeScope
STATIC_SOURCE_REFERENCE,FoundationsVII.ScienceAssetRecord.constructed_gradeFaithful,FoundationsVII.ScienceAssetRecord
STATIC_SOURCE_REFERENCE,FoundationsVII.ScienceAssetRecord.constructed_gradeFaithful,FoundationsVII.ScienceAssetRecord.GradeFaithful
STATIC_SOURCE_REFERENCE,FoundationsVII.ScienceAssetRecord.theorem_grade_requires_formal_declaration,FoundationsVII.ScienceAssetRecord
STATIC_SOURCE_REFERENCE,FoundationsVII.ScienceAssetRecord.theorem_grade_requires_formal_declaration,FoundationsVII.ScienceAssetRecord.GradeFaithful
STATIC_SOURCE_REFERENCE,FoundationsVII.ScienceAssetRecord.corollary_grade_requires_formal_declaration,FoundationsVII.ScienceAssetRecord
STATIC_SOURCE_REFERENCE,FoundationsVII.ScienceAssetRecord.corollary_grade_requires_formal_declaration,FoundationsVII.ScienceAssetRecord.GradeFaithful
STATIC_SOURCE_REFERENCE,FoundationsVII.ScienceAssetRecord.external_finite_evidence_does_not_upgrade_to_theorem,FoundationsVII.FiniteEvidenceEnvelope
STATIC_SOURCE_REFERENCE,FoundationsVII.ScienceAssetRecord.external_finite_evidence_does_not_upgrade_to_theorem,FoundationsVII.ScienceAssetRecord
STATIC_SOURCE_REFERENCE,FoundationsVII.ScienceAssetRecord.external_finite_evidence_does_not_upgrade_to_theorem,FoundationsVII.ScienceAssetRecord.GradeFaithful
STATIC_SOURCE_REFERENCE,FoundationsVII.ScienceAssetRecord.external_finite_evidence_does_not_upgrade_to_corollary,FoundationsVII.FiniteEvidenceEnvelope
STATIC_SOURCE_REFERENCE,FoundationsVII.ScienceAssetRecord.external_finite_evidence_does_not_upgrade_to_corollary,FoundationsVII.ScienceAssetRecord
STATIC_SOURCE_REFERENCE,FoundationsVII.ScienceAssetRecord.external_finite_evidence_does_not_upgrade_to_corollary,FoundationsVII.ScienceAssetRecord.GradeFaithful
STATIC_SOURCE_REFERENCE,FoundationsVII.ScienceAssetRecord.lean_finite_evidence_does_not_upgrade_to_theorem,FoundationsVII.FiniteEvidenceEnvelope
STATIC_SOURCE_REFERENCE,FoundationsVII.ScienceAssetRecord.lean_finite_evidence_does_not_upgrade_to_theorem,FoundationsVII.ScienceAssetRecord
STATIC_SOURCE_REFERENCE,FoundationsVII.ScienceAssetRecord.lean_finite_evidence_does_not_upgrade_to_theorem,FoundationsVII.ScienceAssetRecord.GradeFaithful
STATIC_SOURCE_REFERENCE,FoundationsVII.ScienceAssetRecord.lean_finite_evidence_does_not_upgrade_to_corollary,FoundationsVII.FiniteEvidenceEnvelope
STATIC_SOURCE_REFERENCE,FoundationsVII.ScienceAssetRecord.lean_finite_evidence_does_not_upgrade_to_corollary,FoundationsVII.ScienceAssetRecord
STATIC_SOURCE_REFERENCE,FoundationsVII.ScienceAssetRecord.lean_finite_evidence_does_not_upgrade_to_corollary,FoundationsVII.ScienceAssetRecord.GradeFaithful
STATIC_SOURCE_REFERENCE,FoundationsVII.ScienceAssetRecord.normative_specification_requires_payload,FoundationsVII.ScienceAssetRecord
STATIC_SOURCE_REFERENCE,FoundationsVII.ScienceAssetRecord.normative_specification_requires_payload,FoundationsVII.ScienceAssetRecord.GradeFaithful
STATIC_SOURCE_REFERENCE,FoundationsVII.ReachabilityWitness.constructed_wellFormed,FoundationsVII.ReachabilityWitness
STATIC_SOURCE_REFERENCE,FoundationsVII.ResidualAwareEnablementChain.certified_accumulates_resources_and_preserves_residuals,FoundationsVII.ResidualAwareEnablementChain
STATIC_SOURCE_REFERENCE,FoundationsVII.ResidualAwareEnablementChain.certified_accumulates_resources_and_preserves_residuals,FoundationsVII.ResourceDelta.zero
STATIC_SOURCE_REFERENCE,FoundationsVII.ResidualAwareEnablementChain.join_created_needle_blocks_zero_residual_reading,FoundationsVII.CrossTermNeedle
STATIC_SOURCE_REFERENCE,FoundationsVII.ResidualAwareEnablementChain.join_created_needle_blocks_zero_residual_reading,FoundationsVII.ResidualAwareEnablementChain
STATIC_SOURCE_REFERENCE,FoundationsVII.strict_join_and_holonomy_do_not_replace_drive,FoundationsVII.ArrowClaim
STATIC_SOURCE_REFERENCE,FoundationsVII.strict_join_and_holonomy_do_not_replace_drive,FoundationsVII.StrictJoinEvidence
STATIC_SOURCE_REFERENCE,FoundationsVII.holonomy_with_independent_drive_supports_arrow,FoundationsVII.ArrowClaim
STATIC_SOURCE_REFERENCE,FoundationsVII.ScopedNegativePackage.certified_excludes_contact_and_occurrence_at_declared_scope,FoundationsVII.ScopedNegativePackage
STATIC_SOURCE_REFERENCE,FoundationsVII.ScopedNegativePackage.point_null_plus_bounded_horizon_is_not_automatically_global,FoundationsVII.ContactNullProfile
STATIC_SOURCE_REFERENCE,FoundationsVII.ScopedNegativePackage.point_null_plus_bounded_horizon_is_not_automatically_global,FoundationsVII.HorizonObservation
STATIC_SOURCE_REFERENCE,FoundationsVII.ScopedNegativePackage.point_null_plus_bounded_horizon_is_not_automatically_global,FoundationsVII.ScopedNegativePackage
STATIC_SOURCE_REFERENCE,FoundationsVII.no_free_first_join_two_gate_obstruction,FoundationsVII.AdmissionRegime
STATIC_SOURCE_REFERENCE,FoundationsVII.no_free_first_join_two_gate_obstruction,FoundationsVII.TransitionId
STATIC_SOURCE_REFERENCE,FoundationsVII.seeded_and_paid_first_join_escape,FoundationsVII.AdmissionRegime
STATIC_SOURCE_REFERENCE,FoundationsVII.seeded_and_paid_first_join_escape,FoundationsVII.TransitionId
STATIC_SOURCE_REFERENCE,FoundationsVII.JoinClaimUnderCoverage.certified_noninteraction_excludes_strict_join,FoundationsVII.JoinClaimUnderCoverage
STATIC_SOURCE_REFERENCE,FoundationsVII.JoinClaimUnderCoverage.certified_noninteraction_retains_escape_routes,FoundationsVII.JoinClaimUnderCoverage
STATIC_SOURCE_REFERENCE,FoundationsVII.ObserverEndogenyPackage.certified_requires_pricing_and_internal_execution,FoundationsVII.ObserverEndogenyPackage
STATIC_SOURCE_REFERENCE,FoundationsVII.ObserverEndogenyPackage.unpriced_observer_blocks_joint_native_endogenous_credit,FoundationsVII.ObserverEndogenyPackage
STATIC_SOURCE_REFERENCE,FoundationsVII.ObserverEndogenyPackage.zero_occupancy_escape_preserves_endogenous_credit,FoundationsVII.ObserverEndogenyPackage
STATIC_SOURCE_REFERENCE,FoundationsVII.ProspectiveJoinAdmission.certified_has_temporal_source_join_and_payment,FoundationsVII.ProspectiveJoinAdmission
STATIC_SOURCE_REFERENCE,FoundationsVII.ProspectiveJoinAdmission.retrospective_registration_blocks_prospective_join_credit,FoundationsVII.ProspectiveJoinAdmission
STATIC_SOURCE_REFERENCE,FoundationsVII.ProspectiveJoinAdmission.certified_preserves_declared_source_alignment,FoundationsVII.ProspectiveJoinAdmission
STATIC_SOURCE_REFERENCE,FoundationsVII.RefinedDescentPackage.preserving_refinement_with_valid_descent_preserves_three_gates,FoundationsVII.RefinedDescentPackage
STATIC_SOURCE_REFERENCE,FoundationsVII.RefinedDescentPackage.destroying_refinement_exhibits_a_failed_join_gate,FoundationsVII.RefinedDescentPackage
STATIC_SOURCE_REFERENCE,FoundationsVII.RefinedDescentPackage.valid_descent_does_not_erase_refinement_obstruction,FoundationsVII.RefinedDescentPackage
STATIC_SOURCE_REFERENCE,FoundationsVII.RefinedDescentPackage.valid_descent_does_not_erase_refinement_obstruction,FoundationsVII.RefinedDescentPackage.destroying_refinement_exhibits_a_failed_join_gate
STATIC_SOURCE_REFERENCE,FoundationsVII.IndependentBudgetedJoin.certified_has_independence_payment_and_capacity_bound,FoundationsVII.IndependentBudgetedJoin
STATIC_SOURCE_REFERENCE,FoundationsVII.IndependentBudgetedJoin.source_and_payment_gates_remain_distinct,FoundationsVII.IndependentBudgetedJoin
STATIC_SOURCE_REFERENCE,FoundationsVII.CriticalPair.resolved_of_joinable_audit_equivalent,FoundationsVII.CriticalPair
STATIC_SOURCE_REFERENCE,FoundationsVII.CriticalPair.resolved_of_joinable_audit_equivalent,FoundationsVII.CriticalPair.Resolved
STATIC_SOURCE_REFERENCE,FoundationsVII.FiniteAdmissionSystem.finite_critical_pair_criterion_iff_confluent,FoundationsVII.CriticalPair
STATIC_SOURCE_REFERENCE,FoundationsVII.FiniteAdmissionSystem.finite_critical_pair_criterion_iff_confluent,FoundationsVII.FiniteAdmissionSystem
STATIC_SOURCE_REFERENCE,FoundationsVII.FiniteAdmissionSystem.finite_critical_pair_criterion_iff_confluent,FoundationsVII.FiniteAdmissionSystem.ConfluentAtDeclaredScope
STATIC_SOURCE_REFERENCE,FoundationsVII.FiniteAdmissionSystem.finite_critical_pair_criterion_iff_confluent,FoundationsVII.FiniteAdmissionSystem.CriticalPairCriterion
STATIC_SOURCE_REFERENCE,FoundationsVII.CrossTimeContact.valid_under_admissible_reparameterization,FoundationsVII.AuditEntry
STATIC_SOURCE_REFERENCE,FoundationsVII.CrossTimeContact.valid_under_admissible_reparameterization,FoundationsVII.AuditRecord
STATIC_SOURCE_REFERENCE,FoundationsVII.CrossTimeContact.valid_under_admissible_reparameterization,FoundationsVII.CrossTimeContact
STATIC_SOURCE_REFERENCE,FoundationsVII.CrossTimeContact.valid_under_admissible_reparameterization,FoundationsVII.CrossTimeContact.reparameterize
STATIC_SOURCE_REFERENCE,FoundationsVII.incommensurable_times_require_explicit_order_witness,FoundationsVII.CrossTimeContact
STATIC_SOURCE_REFERENCE,FoundationsVII.driven_arrow_requires_independent_drive_certificate,FoundationsVII.ArrowClaim
STATIC_SOURCE_REFERENCE,FoundationsVII.resource_delta_fragment_is_associative,FoundationsVII.ResourceDelta
STATIC_SOURCE_REFERENCE,FoundationsVII.resource_delta_fragment_has_left_identity,FoundationsVII.ResourceDelta
STATIC_SOURCE_REFERENCE,FoundationsVII.resource_delta_fragment_has_right_identity,FoundationsVII.ResourceDelta
STATIC_SOURCE_REFERENCE,FoundationsVII.ResidualFlow.accounted_balance,FoundationsVII.ResidualFlow
STATIC_SOURCE_REFERENCE,FoundationsVII.ResidualFlow.accounted_balance,FoundationsVII.ResidualFlow.WellAccounted
STATIC_SOURCE_REFERENCE,FoundationsVII.ResidualFlow.settled_debt_bounded,FoundationsVII.ResidualFlow
STATIC_SOURCE_REFERENCE,FoundationsVII.ResidualFlow.settled_debt_bounded,FoundationsVII.ResidualFlow.WellAccounted
STATIC_SOURCE_REFERENCE,FoundationsVII.ResidualFlow.composed_debt_accumulates,FoundationsVII.ResidualFlow
STATIC_SOURCE_REFERENCE,FoundationsVII.transmissionDirection_mem_all,FoundationsVII.TransmissionDirection
STATIC_SOURCE_REFERENCE,FoundationsVII.transmissionDirection_mem_all,FoundationsVII.allTransmissionDirections
STATIC_SOURCE_REFERENCE,FoundationsVII.TransmissionRecord.pure_downward_selection_preserves_present_lower_facts,FoundationsVII.TransmissionRecord
STATIC_SOURCE_REFERENCE,FoundationsVII.TransmissionRecord.pure_downward_selection_preserves_present_lower_facts,FoundationsVII.TransmissionRecord.PureDownwardSelection
STATIC_SOURCE_REFERENCE,FoundationsVII.TransmissionRecord.pure_downward_selection_cannot_create_absent_lower_fact,FoundationsVII.TransmissionRecord
STATIC_SOURCE_REFERENCE,FoundationsVII.TransmissionRecord.pure_downward_selection_cannot_create_absent_lower_fact,FoundationsVII.TransmissionRecord.PureDownwardSelection
STATIC_SOURCE_REFERENCE,FoundationsVII.TransmissionRecord.pure_downward_selection_cannot_create_absent_lower_fact,FoundationsVII.TransmissionRecord.pure_downward_selection_preserves_present_lower_facts
STATIC_SOURCE_REFERENCE,FoundationsVII.DescentSquare.fidelity_is_commuting_square,FoundationsVII.DescentSquare
STATIC_SOURCE_REFERENCE,FoundationsVII.DescentSquare.fidelity_is_commuting_square,FoundationsVII.DescentSquare.Commutes
STATIC_SOURCE_REFERENCE,FoundationsVII.TransmissionFidelity.valid_records_loss,FoundationsVII.TransmissionFidelity
STATIC_SOURCE_REFERENCE,FoundationsVII.TransmissionFidelity.valid_records_ambiguity,FoundationsVII.TransmissionFidelity
STATIC_SOURCE_REFERENCE,FoundationsVII.TransmissionFidelity.valid_preserves_source,FoundationsVII.TransmissionFidelity
STATIC_SOURCE_REFERENCE,FoundationsVII.TransmissionFidelity.valid_preserves_budget,FoundationsVII.TransmissionFidelity
STATIC_SOURCE_REFERENCE,FoundationsVII.enablementSource_mem_all,FoundationsVII.EnablementSource
STATIC_SOURCE_REFERENCE,FoundationsVII.enablementSource_mem_all,FoundationsVII.allEnablementSources
STATIC_SOURCE_REFERENCE,FoundationsVII.AttributionEvidence.valid_has_no_hidden_executor,FoundationsVII.AttributionEvidence
STATIC_SOURCE_REFERENCE,FoundationsVII.AttributionEvidence.honest_refinement_preserves_source_root,FoundationsVII.AttributionEvidence
STATIC_SOURCE_REFERENCE,FoundationsVII.AttributionEvidence.honest_refinement_preserves_source_root,FoundationsVII.AttributionEvidence.HonestBridgeRefinement
STATIC_SOURCE_REFERENCE,FoundationsVII.AttributedEnablement.wellFormed_has_typed_source,FoundationsVII.AttributedEnablement
STATIC_SOURCE_REFERENCE,FoundationsVII.AttributedEnablement.wellFormed_has_execution_witness,FoundationsVII.AttributedEnablement
STATIC_SOURCE_REFERENCE,FoundationsVII.AttributedEnablement.wellFormed_has_budget_accounting,FoundationsVII.AttributedEnablement
STATIC_SOURCE_REFERENCE,FoundationsVII.AttributedEnablement.wellFormed_has_audit_accounting,FoundationsVII.AttributedEnablement
STATIC_SOURCE_REFERENCE,FoundationsVII.AttributedEnablement.wellFormed_has_no_hidden_executor,FoundationsVII.AttributedEnablement
STATIC_SOURCE_REFERENCE,FoundationsVII.AttributedEnablement.hidden_execution_defeats_attribution,FoundationsVII.AttributedEnablement
STATIC_SOURCE_REFERENCE,FoundationsVII.AttributedEnablement.hidden_execution_defeats_attribution,FoundationsVII.AttributedEnablement.wellFormed_has_no_hidden_executor
STATIC_SOURCE_REFERENCE,FoundationsVII.AttributionRefinement.stable_preserves_attribution_root,FoundationsVII.AttributionRefinement
STATIC_SOURCE_REFERENCE,FoundationsVII.AttributionRefinement.stable_preserves_attribution_root,FoundationsVII.AttributionRefinement.Stable
STATIC_SOURCE_REFERENCE,FoundationsVII.attribution_does_not_imply_descent_sufficiency_causation_or_endogeny,FoundationsVII.AttributionSeparationProfile
STATIC_SOURCE_REFERENCE,FoundationsVII.inheritedBirthClass_mem_all,FoundationsVII.InheritedBirthClass
STATIC_SOURCE_REFERENCE,FoundationsVII.inheritedBirthClass_mem_all,FoundationsVII.allInheritedBirthClasses
STATIC_SOURCE_REFERENCE,FoundationsVII.inherited_birth_class_signatures_are_injective,FoundationsVII.InheritedBirthClass
STATIC_SOURCE_REFERENCE,FoundationsVII.inherited_birth_class_signatures_are_injective,FoundationsVII.signatureOfInheritedClass
STATIC_SOURCE_REFERENCE,FoundationsVII.every_inherited_birth_class_activates_packaging,FoundationsVII.InheritedBirthClass
STATIC_SOURCE_REFERENCE,FoundationsVII.every_inherited_birth_class_activates_packaging,FoundationsVII.signatureOfInheritedClass
STATIC_SOURCE_REFERENCE,FoundationsVII.ReachableBirthEvidence.valid_requires_reachable_generator,FoundationsVII.ReachableBirthEvidence
STATIC_SOURCE_REFERENCE,FoundationsVII.BirthRecord.participant_credit_requires_objecthood,FoundationsVII.BirthRecord
STATIC_SOURCE_REFERENCE,FoundationsVII.BirthRecord.participant_credit_requires_closure_survival,FoundationsVII.BirthRecord
STATIC_SOURCE_REFERENCE,FoundationsVII.BirthRecord.relation_only_has_no_participant_credit,FoundationsVII.BirthRecord
STATIC_SOURCE_REFERENCE,FoundationsVII.contact_can_remain_relation_only,FoundationsVII.BirthClassificationProfile
STATIC_SOURCE_REFERENCE,FoundationsVII.inherited_activation_class_does_not_by_itself_create_participant,FoundationsVII.InheritedBirthClass
STATIC_SOURCE_REFERENCE,FoundationsVII.inherited_activation_class_does_not_by_itself_create_participant,FoundationsVII.signatureOfInheritedClass
STATIC_SOURCE_REFERENCE,FoundationsVII.participant_creation_is_conditional_not_automatic,FoundationsVII.BirthClassificationProfile
STATIC_SOURCE_REFERENCE,FoundationsVII.ResourceDelta.combine_cost,FoundationsVII.ResourceDelta
STATIC_SOURCE_REFERENCE,FoundationsVII.ResourceDelta.combine_cost,FoundationsVII.ResourceDelta.combine
STATIC_SOURCE_REFERENCE,FoundationsVII.ResourceDelta.combine_residualDebt,FoundationsVII.ResourceDelta
STATIC_SOURCE_REFERENCE,FoundationsVII.ResourceDelta.combine_residualDebt,FoundationsVII.ResourceDelta.combine
STATIC_SOURCE_REFERENCE,FoundationsVII.ResourceDelta.combine_assoc,FoundationsVII.ResourceDelta
STATIC_SOURCE_REFERENCE,FoundationsVII.ResourceDelta.combine_assoc,FoundationsVII.ResourceDelta.combine
STATIC_SOURCE_REFERENCE,FoundationsVII.ResourceDelta.zero_left,FoundationsVII.ResourceDelta
STATIC_SOURCE_REFERENCE,FoundationsVII.ResourceDelta.zero_left,FoundationsVII.ResourceDelta.combine
STATIC_SOURCE_REFERENCE,FoundationsVII.ResourceDelta.zero_left,FoundationsVII.ResourceDelta.zero
STATIC_SOURCE_REFERENCE,FoundationsVII.ResourceDelta.zero_right,FoundationsVII.ResourceDelta
STATIC_SOURCE_REFERENCE,FoundationsVII.ResourceDelta.zero_right,FoundationsVII.ResourceDelta.combine
STATIC_SOURCE_REFERENCE,FoundationsVII.ResourceDelta.zero_right,FoundationsVII.ResourceDelta.zero
STATIC_SOURCE_REFERENCE,FoundationsVII.EnablementLink.compose_accumulates_cost,FoundationsVII.EnablementLink
STATIC_SOURCE_REFERENCE,FoundationsVII.EnablementLink.compose_accumulates_cost,FoundationsVII.EnablementLink.compose
STATIC_SOURCE_REFERENCE,FoundationsVII.EnablementLink.compose_accumulates_residual_debt,FoundationsVII.EnablementLink
STATIC_SOURCE_REFERENCE,FoundationsVII.EnablementLink.compose_accumulates_residual_debt,FoundationsVII.EnablementLink.compose
STATIC_SOURCE_REFERENCE,FoundationsVII.EnablementLink.compose_associative_data,FoundationsVII.EnablementLink
STATIC_SOURCE_REFERENCE,FoundationsVII.EnablementLink.compose_associative_data,FoundationsVII.EnablementLink.compose
STATIC_SOURCE_REFERENCE,FoundationsVII.EnablementLink.composable_chain_associates,FoundationsVII.EnablementLink
STATIC_SOURCE_REFERENCE,FoundationsVII.EnablementLink.composable_chain_associates,FoundationsVII.EnablementLink.Composable
STATIC_SOURCE_REFERENCE,FoundationsVII.EnablementLink.composable_chain_associates,FoundationsVII.EnablementLink.compose
STATIC_SOURCE_REFERENCE,FoundationsVII.EnablementLink.composable_chain_associates,FoundationsVII.EnablementLink.compose_associative_data
STATIC_SOURCE_REFERENCE,FoundationsVII.EndogenousEnablementProfile.eligible_iff_exact_criterion,FoundationsVII.EndogenousEnablementProfile
STATIC_SOURCE_REFERENCE,FoundationsVII.EndogenousEnablementProfile.eligible_requires_carried_generator,FoundationsVII.EndogenousEnablementProfile
STATIC_SOURCE_REFERENCE,FoundationsVII.EndogenousEnablementProfile.eligible_requires_reachable_generator,FoundationsVII.EndogenousEnablementProfile
STATIC_SOURCE_REFERENCE,FoundationsVII.EndogenousEnablementProfile.eligible_requires_execution,FoundationsVII.EndogenousEnablementProfile
STATIC_SOURCE_REFERENCE,FoundationsVII.EndogenousEnablementProfile.eligible_requires_audit,FoundationsVII.EndogenousEnablementProfile
STATIC_SOURCE_REFERENCE,FoundationsVII.EndogenousEnablementProfile.eligible_requires_budget,FoundationsVII.EndogenousEnablementProfile
STATIC_SOURCE_REFERENCE,FoundationsVII.EndogenousEnablementProfile.hidden_theorist_execution_defeats_endogenous_credit,FoundationsVII.EndogenousEnablementProfile
STATIC_SOURCE_REFERENCE,FoundationsVII.EndogenousEnablementProfile.hidden_observer_execution_defeats_endogenous_credit,FoundationsVII.EndogenousEnablementProfile
STATIC_SOURCE_REFERENCE,FoundationsVII.endogenous_does_not_mean_environmentally_isolated_or_uncaused,FoundationsVII.EndogenyBoundaryProfile
STATIC_SOURCE_REFERENCE,FoundationsVII.constructive_enablement_without_descent,FoundationsVII.EnablementSeparation
STATIC_SOURCE_REFERENCE,FoundationsVII.constructive_necessary_but_insufficient_enablement,FoundationsVII.EnablementSeparation
STATIC_SOURCE_REFERENCE,FoundationsVII.JoinCostEntry.paid_entry_is_credited,FoundationsVII.JoinCostEntry
STATIC_SOURCE_REFERENCE,FoundationsVII.JoinCostEntry.paid_entry_is_credited,FoundationsVII.JoinCostEntry.Credited
STATIC_SOURCE_REFERENCE,FoundationsVII.JoinCostEntry.certified_zero_cost_channel_is_credited,FoundationsVII.JoinCostEntry
STATIC_SOURCE_REFERENCE,FoundationsVII.JoinCostEntry.certified_zero_cost_channel_is_credited,FoundationsVII.JoinCostEntry.Credited
STATIC_SOURCE_REFERENCE,FoundationsVII.JoinCostEntry.positive_cost_without_payment_or_zero_channel_is_not_credited,FoundationsVII.JoinCostEntry
STATIC_SOURCE_REFERENCE,FoundationsVII.JoinCostEntry.positive_cost_without_payment_or_zero_channel_is_not_credited,FoundationsVII.JoinCostEntry.Credited
STATIC_SOURCE_REFERENCE,FoundationsVII.JoinCostEntry.positive_cost_without_payment_or_zero_channel_is_not_credited,FoundationsVII.JoinCostEntry.PositiveCost
STATIC_SOURCE_REFERENCE,FoundationsVII.JoinCostEntry.positive_observer_cost_cannot_be_hidden,FoundationsVII.JoinCostEntry
STATIC_SOURCE_REFERENCE,FoundationsVII.JoinCostEntry.positive_observer_cost_cannot_be_hidden,FoundationsVII.JoinCostEntry.Credited
STATIC_SOURCE_REFERENCE,FoundationsVII.JoinCostEntry.positive_observer_cost_cannot_be_hidden,FoundationsVII.JoinCostEntry.PositiveCost
STATIC_SOURCE_REFERENCE,FoundationsVII.JoinCostEntry.positive_observer_cost_cannot_be_hidden,FoundationsVII.JoinCostEntry.positive_cost_without_payment_or_zero_channel_is_not_credited
STATIC_SOURCE_REFERENCE,FoundationsVII.JoinPaymentLedger.fullyPaid_entries_are_credited,FoundationsVII.JoinCostEntry
STATIC_SOURCE_REFERENCE,FoundationsVII.JoinPaymentLedger.fullyPaid_entries_are_credited,FoundationsVII.JoinPaymentLedger
STATIC_SOURCE_REFERENCE,FoundationsVII.JoinPaymentLedger.fullyPaid_entries_are_credited,FoundationsVII.JoinPaymentLedger.FullyPaid
STATIC_SOURCE_REFERENCE,FoundationsVII.JoinPaymentLedger.fullyPaid_has_audit,FoundationsVII.JoinPaymentLedger
STATIC_SOURCE_REFERENCE,FoundationsVII.JoinPaymentLedger.fullyPaid_has_audit,FoundationsVII.JoinPaymentLedger.FullyPaid
STATIC_SOURCE_REFERENCE,FoundationsVII.JoinPaymentLedger.typed_cost_projection_preserves_kinds,FoundationsVII.JoinPaymentLedger
STATIC_SOURCE_REFERENCE,FoundationsVII.JoinPaymentLedger.typed_cost_projection_preserves_kinds,FoundationsVII.JoinPaymentLedger.typedCosts
STATIC_SOURCE_REFERENCE,FoundationsVII.LiveJoinCapacity.finite_live_join_bound,FoundationsVII.LiveJoinCapacity
STATIC_SOURCE_REFERENCE,FoundationsVII.LiveJoinCapacity.finite_live_join_bound,FoundationsVII.LiveJoinCapacity.Feasible
STATIC_SOURCE_REFERENCE,FoundationsVII.FinitePackageCategory.wellFormed_has_checked_category_laws,FoundationsVII.FinitePackageCategory
STATIC_SOURCE_REFERENCE,FoundationsVII.UniversalConstructionCertificate.represents_strict_join_iff_valid_and_independently_novel,FoundationsVII.UniversalConstructionCertificate
STATIC_SOURCE_REFERENCE,FoundationsVII.UniversalConstructionCertificate.represents_strict_join_iff_valid_and_independently_novel,FoundationsVII.UniversalConstructionCertificate.RepresentsStrictJoin
STATIC_SOURCE_REFERENCE,FoundationsVII.UniversalConstructionCertificate.representation_requires_explicit_universal_property,FoundationsVII.UniversalConstructionCertificate
STATIC_SOURCE_REFERENCE,FoundationsVII.UniversalConstructionCertificate.representation_requires_explicit_universal_property,FoundationsVII.UniversalConstructionCertificate.RepresentsStrictJoin
STATIC_SOURCE_REFERENCE,FoundationsVII.UniversalConstructionCertificate.representation_preserves_declared_parents,FoundationsVII.FinitePackageCategory
STATIC_SOURCE_REFERENCE,FoundationsVII.UniversalConstructionCertificate.representation_preserves_declared_parents,FoundationsVII.PackageMorphism
STATIC_SOURCE_REFERENCE,FoundationsVII.UniversalConstructionCertificate.representation_preserves_declared_parents,FoundationsVII.UniversalConstructionCertificate
STATIC_SOURCE_REFERENCE,FoundationsVII.UniversalConstructionCertificate.representation_preserves_declared_parents,FoundationsVII.UniversalConstructionCertificate.RepresentsStrictJoin
STATIC_SOURCE_REFERENCE,FoundationsVII.UniversalConstructionCertificate.representation_preserves_declared_parents,FoundationsVII.phase3Audit
STATIC_SOURCE_REFERENCE,FoundationsVII.finite_package_category_control_is_well_formed,FoundationsVII.phase3Audit
STATIC_SOURCE_REFERENCE,FoundationsVII.finite_package_category_control_is_well_formed,FoundationsVII.phase3AuditEntry
STATIC_SOURCE_REFERENCE,FoundationsVII.mere_product_is_not_strict_join_credit,FoundationsVII.phase3Audit
STATIC_SOURCE_REFERENCE,FoundationsVII.mere_product_is_not_strict_join_credit,FoundationsVII.phase3AuditEntry
STATIC_SOURCE_REFERENCE,FoundationsVII.special_case_categorical_representation_is_conditional,FoundationsVII.phase3Audit
STATIC_SOURCE_REFERENCE,FoundationsVII.special_case_categorical_representation_is_conditional,FoundationsVII.phase3AuditEntry
STATIC_SOURCE_REFERENCE,FoundationsVII.unconditional_categorical_reduction_countermodel,FoundationsVII.phase3Audit
STATIC_SOURCE_REFERENCE,FoundationsVII.unconditional_categorical_reduction_countermodel,FoundationsVII.phase3AuditEntry
STATIC_SOURCE_REFERENCE,FoundationsVII.ContactQuantityTransformation.exact_certificate_licenses_scoped_conservation,FoundationsVII.ContactQuantityTransformation
STATIC_SOURCE_REFERENCE,FoundationsVII.ContactQuantityTransformation.exact_certificate_licenses_scoped_conservation,FoundationsVII.ContactQuantityVector
STATIC_SOURCE_REFERENCE,FoundationsVII.ContactQuantityTransformation.exact_certificate_licenses_scoped_conservation,FoundationsVII.phase3Audit
STATIC_SOURCE_REFERENCE,FoundationsVII.JoinEntryRecord.wellFormed_has_two_parents,FoundationsVII.JoinEntryRecord
STATIC_SOURCE_REFERENCE,FoundationsVII.JoinEntryRecord.wellFormed_has_typed_contact_surface,FoundationsVII.JoinEntryRecord
STATIC_SOURCE_REFERENCE,FoundationsVII.JoinEntryRecord.wellFormed_has_source_ledger,FoundationsVII.JoinEntryRecord
STATIC_SOURCE_REFERENCE,FoundationsVII.JoinEntryRecord.wellFormed_has_budget_ledger,FoundationsVII.JoinEntryRecord
STATIC_SOURCE_REFERENCE,FoundationsVII.JoinEntryRecord.wellFormed_has_append_only_audit_surface,FoundationsVII.JoinEntryRecord
STATIC_SOURCE_REFERENCE,FoundationsVII.JoinEntryRecord.completed_has_witnessed_contact,FoundationsVII.JoinEntryRecord
STATIC_SOURCE_REFERENCE,FoundationsVII.JoinEntryRecord.completed_has_no_recorded_obstruction,FoundationsVII.JoinEntryRecord
STATIC_SOURCE_REFERENCE,FoundationsVII.JoinEntryRecord.obstructed_has_obstruction,FoundationsVII.JoinEntryRecord
STATIC_SOURCE_REFERENCE,FoundationsVII.JoinEntryRecord.witnessed_state_has_contact,FoundationsVII.JoinEntryRecord
STATIC_SOURCE_REFERENCE,FoundationsVII.JoinEntryRecord.obstructed_ne_completed,FoundationsVII.JoinEntryRecord
STATIC_SOURCE_REFERENCE,FoundationsVII.JoinEntryFieldProfile.weak_status_checker_has_source_false_positive,FoundationsVII.JoinEntryFieldProfile.StronglyComplete
STATIC_SOURCE_REFERENCE,FoundationsVII.JoinEntryFieldProfile.weak_status_checker_has_source_false_positive,FoundationsVII.JoinEntryFieldProfile.WeaklyAccepted
STATIC_SOURCE_REFERENCE,FoundationsVII.JoinEntryFieldProfile.weak_status_checker_has_contact_false_positive,FoundationsVII.JoinEntryFieldProfile.StronglyComplete
STATIC_SOURCE_REFERENCE,FoundationsVII.JoinEntryFieldProfile.weak_status_checker_has_contact_false_positive,FoundationsVII.JoinEntryFieldProfile.WeaklyAccepted
STATIC_SOURCE_REFERENCE,FoundationsVII.JoinEntryFieldProfile.weak_status_checker_has_budget_false_positive,FoundationsVII.JoinEntryFieldProfile
STATIC_SOURCE_REFERENCE,FoundationsVII.JoinEntryFieldProfile.weak_status_checker_has_budget_false_positive,FoundationsVII.JoinEntryFieldProfile.StronglyComplete
STATIC_SOURCE_REFERENCE,FoundationsVII.JoinEntryFieldProfile.weak_status_checker_has_budget_false_positive,FoundationsVII.JoinEntryFieldProfile.WeaklyAccepted
STATIC_SOURCE_REFERENCE,FoundationsVII.ContactNullProfile.openNull_has_no_evidenced_contact,FoundationsVII.ContactNullProfile.NoEvidencedContact
STATIC_SOURCE_REFERENCE,FoundationsVII.ContactNullProfile.openNull_has_no_evidenced_contact,FoundationsVII.ContactNullProfile.openNull
STATIC_SOURCE_REFERENCE,FoundationsVII.ContactNullProfile.openNull_is_not_certified,FoundationsVII.ContactNullProfile.CertifiedNonInteraction
STATIC_SOURCE_REFERENCE,FoundationsVII.ContactNullProfile.openNull_is_not_certified,FoundationsVII.ContactNullProfile.openNull
STATIC_SOURCE_REFERENCE,FoundationsVII.ContactNullProfile.certifiedNull_is_certified,FoundationsVII.ContactNullProfile.CertifiedNonInteraction
STATIC_SOURCE_REFERENCE,FoundationsVII.ContactNullProfile.certifiedNull_is_certified,FoundationsVII.ContactNullProfile.certifiedNull
STATIC_SOURCE_REFERENCE,FoundationsVII.ContactNullProfile.no_evidenced_contact_is_weaker_than_certified_noninteraction,FoundationsVII.ContactNullProfile
STATIC_SOURCE_REFERENCE,FoundationsVII.ContactNullProfile.no_evidenced_contact_is_weaker_than_certified_noninteraction,FoundationsVII.ContactNullProfile.CertifiedNonInteraction
STATIC_SOURCE_REFERENCE,FoundationsVII.ContactNullProfile.no_evidenced_contact_is_weaker_than_certified_noninteraction,FoundationsVII.ContactNullProfile.NoEvidencedContact
STATIC_SOURCE_REFERENCE,FoundationsVII.ContactNullProfile.no_evidenced_contact_is_weaker_than_certified_noninteraction,FoundationsVII.ContactNullProfile.openNull
STATIC_SOURCE_REFERENCE,FoundationsVII.ContactNullProfile.no_evidenced_contact_is_weaker_than_certified_noninteraction,FoundationsVII.ContactNullProfile.openNull_has_no_evidenced_contact
STATIC_SOURCE_REFERENCE,FoundationsVII.ContactNullProfile.no_evidenced_contact_is_weaker_than_certified_noninteraction,FoundationsVII.ContactNullProfile.openNull_is_not_certified
STATIC_SOURCE_REFERENCE,FoundationsVII.ContactNullProfile.certified_noninteraction_implies_no_evidenced_contact,FoundationsVII.ContactNullProfile
STATIC_SOURCE_REFERENCE,FoundationsVII.ContactNullProfile.certified_noninteraction_implies_no_evidenced_contact,FoundationsVII.ContactNullProfile.CertifiedNonInteraction
STATIC_SOURCE_REFERENCE,FoundationsVII.ContactNullProfile.certified_noninteraction_implies_no_evidenced_contact,FoundationsVII.ContactNullProfile.NoEvidencedContact
STATIC_SOURCE_REFERENCE,FoundationsVII.ContactCoverageCertificate.certified_has_no_observed_contact,FoundationsVII.ContactCoverageCertificate
STATIC_SOURCE_REFERENCE,FoundationsVII.ContactCoverageCertificate.certified_records_escape_routes,FoundationsVII.ContactCoverageCertificate
STATIC_SOURCE_REFERENCE,FoundationsVII.DeclaredContactCase.exhaustive_declared_family_excludes_contact,FoundationsVII.DeclaredContactCase
STATIC_SOURCE_REFERENCE,FoundationsVII.DeclaredContactCase.exhaustive_declared_family_excludes_contact,FoundationsVII.DeclaredContactCase.CoveredBy
STATIC_SOURCE_REFERENCE,FoundationsVII.DeclaredContactCase.exhaustive_declared_family_excludes_contact,FoundationsVII.DeclaredContactCase.ExhaustedNoContact
STATIC_SOURCE_REFERENCE,FoundationsVII.DeclaredContactCase.outside_family_is_an_explicit_escape,FoundationsVII.DeclaredContactCase
STATIC_SOURCE_REFERENCE,FoundationsVII.DeclaredContactCase.outside_family_is_an_explicit_escape,FoundationsVII.DeclaredContactCase.CoveredBy
STATIC_SOURCE_REFERENCE,FoundationsVII.CompositeClosureWitness.objecthood_from_fixed_point,FoundationsVII.CompositeClosureWitness
STATIC_SOURCE_REFERENCE,FoundationsVII.CompositeClosureWitness.objecthood_from_fixed_point,FoundationsVII.CompositeClosureWitness.Objecthood
STATIC_SOURCE_REFERENCE,FoundationsVII.CompositeClosureWitness.left_retention_from_embedding,FoundationsVII.CompositeClosureWitness
STATIC_SOURCE_REFERENCE,FoundationsVII.CompositeClosureWitness.left_retention_from_embedding,FoundationsVII.CompositeClosureWitness.RetainsLeft
STATIC_SOURCE_REFERENCE,FoundationsVII.CompositeClosureWitness.right_retention_from_embedding,FoundationsVII.CompositeClosureWitness
STATIC_SOURCE_REFERENCE,FoundationsVII.CompositeClosureWitness.right_retention_from_embedding,FoundationsVII.CompositeClosureWitness.RetainsRight
STATIC_SOURCE_REFERENCE,FoundationsVII.CompositeClosureWitness.certified_of_proof_carrying_witness,FoundationsVII.CompositeClosureWitness
STATIC_SOURCE_REFERENCE,FoundationsVII.CompositeClosureWitness.certified_has_objecthood,FoundationsVII.CompositeClosureWitness
STATIC_SOURCE_REFERENCE,FoundationsVII.CompositeClosureWitness.certified_has_objecthood,FoundationsVII.CompositeClosureWitness.Objecthood
STATIC_SOURCE_REFERENCE,FoundationsVII.CompositeClosureWitness.certified_retains_both_parents,FoundationsVII.CompositeClosureWitness
STATIC_SOURCE_REFERENCE,FoundationsVII.CompositeClosureWitness.certified_retains_both_parents,FoundationsVII.CompositeClosureWitness.RetainsLeft
STATIC_SOURCE_REFERENCE,FoundationsVII.CompositeClosureWitness.certified_retains_both_parents,FoundationsVII.CompositeClosureWitness.RetainsRight
STATIC_SOURCE_REFERENCE,FoundationsVII.CompositeClosureWitness.certified_retains_both_parents,FoundationsVII.phase3Audit
STATIC_SOURCE_REFERENCE,FoundationsVII.parentRetentionStatus_mem_all,FoundationsVII.ParentRetentionStatus
STATIC_SOURCE_REFERENCE,FoundationsVII.parentRetentionStatus_mem_all,FoundationsVII.allParentRetentionStatuses
STATIC_SOURCE_REFERENCE,FoundationsVII.ParentRetentionMap.full_retention_is_recoverable,FoundationsVII.ParentRetentionMap
STATIC_SOURCE_REFERENCE,FoundationsVII.ParentRetentionMap.full_retention_is_recoverable,FoundationsVII.ParentRetentionMap.FullRetention
STATIC_SOURCE_REFERENCE,FoundationsVII.ParentRetentionMap.erased_parent_is_not_recoverable,FoundationsVII.ParentRetentionMap
STATIC_SOURCE_REFERENCE,FoundationsVII.JoinDescentCertificate.valid_accounts_for_all_parents,FoundationsVII.JoinDescentCertificate
STATIC_SOURCE_REFERENCE,FoundationsVII.refinementEffect_mem_all,FoundationsVII.RefinementEffect
STATIC_SOURCE_REFERENCE,FoundationsVII.refinementEffect_mem_all,FoundationsVII.allRefinementEffects
STATIC_SOURCE_REFERENCE,FoundationsVII.join_descent_certificate_accounts_for_retained_parents,FoundationsVII.phase3Audit
STATIC_SOURCE_REFERENCE,FoundationsVII.join_descent_certificate_accounts_for_retained_parents,FoundationsVII.phase3AuditEntry
STATIC_SOURCE_REFERENCE,FoundationsVII.no_unconditional_join_monotonicity_under_refinement,FoundationsVII.ParentRefinementRecord
STATIC_SOURCE_REFERENCE,FoundationsVII.SourceAncestry.same_lineage_excludes_independence,FoundationsVII.SourceAncestry
STATIC_SOURCE_REFERENCE,FoundationsVII.SourceAncestry.same_lineage_excludes_independence,FoundationsVII.SourceAncestry.Independent
STATIC_SOURCE_REFERENCE,FoundationsVII.SourceAncestry.same_lineage_excludes_independence,FoundationsVII.SourceAncestry.SameLineage
STATIC_SOURCE_REFERENCE,FoundationsVII.SourceAncestry.independence_excludes_same_lineage,FoundationsVII.SourceAncestry
STATIC_SOURCE_REFERENCE,FoundationsVII.SourceAncestry.independence_excludes_same_lineage,FoundationsVII.SourceAncestry.Independent
STATIC_SOURCE_REFERENCE,FoundationsVII.SourceAncestry.independence_excludes_same_lineage,FoundationsVII.SourceAncestry.SameLineage
STATIC_SOURCE_REFERENCE,FoundationsVII.HonestBridgeRecord.certified_records_bridged_kind,FoundationsVII.HonestBridgeRecord
STATIC_SOURCE_REFERENCE,FoundationsVII.HonestBridgeRecord.certified_records_declared_origin,FoundationsVII.HonestBridgeRecord
STATIC_SOURCE_REFERENCE,FoundationsVII.HonestBridgeRecord.certified_preserves_kind_metadata,FoundationsVII.HonestBridgeRecord
STATIC_SOURCE_REFERENCE,FoundationsVII.SourceIndependenceGate.same_lineage_fails_independence_sensitive_credit,FoundationsVII.SourceIndependenceGate
STATIC_SOURCE_REFERENCE,FoundationsVII.SourceIndependenceGate.same_lineage_fails_independence_sensitive_credit,FoundationsVII.SourceIndependenceGate.IndependenceSensitiveCredit
STATIC_SOURCE_REFERENCE,FoundationsVII.SourceIndependenceGate.behavioral_nonfactorization_alone_is_insufficient,FoundationsVII.SourceIndependenceGate
STATIC_SOURCE_REFERENCE,FoundationsVII.SourceIndependenceGate.behavioral_nonfactorization_alone_is_insufficient,FoundationsVII.SourceIndependenceGate.IndependenceSensitiveCredit
STATIC_SOURCE_REFERENCE,FoundationsVII.SourceIndependenceGate.certified_gate_separates_source_and_behavior,FoundationsVII.SourceIndependenceGate
STATIC_SOURCE_REFERENCE,FoundationsVII.SourceIndependenceGate.certified_gate_separates_source_and_behavior,FoundationsVII.SourceIndependenceGate.IndependenceSensitiveCredit
STATIC_SOURCE_REFERENCE,FoundationsVII.JoinAssessment.strictEligibleB_eq_true_iff,FoundationsVII.JoinAssessment
STATIC_SOURCE_REFERENCE,FoundationsVII.JoinAssessment.strictEligibleB_eq_true_iff,FoundationsVII.JoinAssessment.strictEligibleB
STATIC_SOURCE_REFERENCE,FoundationsVII.JoinAssessment.strict_status_constructor,FoundationsVII.JoinAssessment
STATIC_SOURCE_REFERENCE,FoundationsVII.JoinAssessment.strict_status_constructor,FoundationsVII.JoinAssessment.strictEligibleB_eq_true_iff
STATIC_SOURCE_REFERENCE,FoundationsVII.JoinAssessment.noninteraction_status_constructor,FoundationsVII.JoinAssessment
STATIC_SOURCE_REFERENCE,FoundationsVII.JoinAssessment.obstruction_status_constructor,FoundationsVII.JoinAssessment
STATIC_SOURCE_REFERENCE,FoundationsVII.JoinAssessment.overlapping_axes_classify_as_lawful_composite,FoundationsVII.JoinAssessment.overlappingAxesExample
STATIC_SOURCE_REFERENCE,FoundationsVII.JoinAssessment.obstructed_ne_certifiedNoninteraction,FoundationsVII.JoinAssessment
STATIC_SOURCE_REFERENCE,FoundationsVII.AntiProductWitness.valid_is_nonfactorizing,FoundationsVII.AntiProductWitness
STATIC_SOURCE_REFERENCE,FoundationsVII.AntiProductWitness.relabel_only_fails,FoundationsVII.AntiProductWitness
STATIC_SOURCE_REFERENCE,FoundationsVII.AntiProductWitness.scheduling_only_fails,FoundationsVII.AntiProductWitness
STATIC_SOURCE_REFERENCE,FoundationsVII.AntiProductWitness.coarsening_only_fails,FoundationsVII.AntiProductWitness
STATIC_SOURCE_REFERENCE,FoundationsVII.StrictJoinEvidence.certified_has_objecthood,FoundationsVII.StrictJoinEvidence
STATIC_SOURCE_REFERENCE,FoundationsVII.StrictJoinEvidence.certified_retains_both_parents,FoundationsVII.StrictJoinEvidence
STATIC_SOURCE_REFERENCE,FoundationsVII.StrictJoinEvidence.certified_has_anti_product_novelty,FoundationsVII.StrictJoinEvidence
STATIC_SOURCE_REFERENCE,FoundationsVII.StrictJoinEvidence.certified_has_source_and_budget_gates,FoundationsVII.StrictJoinEvidence
STATIC_SOURCE_REFERENCE,FoundationsVII.StrictJoinEvidence.certified_does_not_supply_directionality,FoundationsVII.StrictJoinEvidence
STATIC_SOURCE_REFERENCE,FoundationsVII.StrictJoinProfile.strictness_does_not_imply_parent_retention,FoundationsVII.StrictJoinProfile
STATIC_SOURCE_REFERENCE,FoundationsVII.Models.Finite.countermodel01_passes,FoundationsVII.Models.Finite.countermodel01
STATIC_SOURCE_REFERENCE,FoundationsVII.Models.Finite.countermodel02_passes,FoundationsVII.Models.Finite.countermodel02
STATIC_SOURCE_REFERENCE,FoundationsVII.Models.Finite.countermodel03_passes,FoundationsVII.Models.Finite.countermodel03
STATIC_SOURCE_REFERENCE,FoundationsVII.Models.Finite.countermodel04_passes,FoundationsVII.Models.Finite.countermodel04
STATIC_SOURCE_REFERENCE,FoundationsVII.Models.Finite.countermodel05_passes,FoundationsVII.Models.Finite.countermodel05
STATIC_SOURCE_REFERENCE,FoundationsVII.Models.Finite.countermodel06_passes,FoundationsVII.Models.Finite.countermodel06
STATIC_SOURCE_REFERENCE,FoundationsVII.Models.Finite.countermodel07_passes,FoundationsVII.Models.Finite.countermodel07
STATIC_SOURCE_REFERENCE,FoundationsVII.Models.Finite.countermodel08_passes,FoundationsVII.Models.Finite.countermodel08
STATIC_SOURCE_REFERENCE,FoundationsVII.Models.Finite.countermodel09_passes,FoundationsVII.Models.Finite.countermodel09
STATIC_SOURCE_REFERENCE,FoundationsVII.Models.Finite.countermodel10_passes,FoundationsVII.Models.Finite.countermodel10
STATIC_SOURCE_REFERENCE,FoundationsVII.Models.Finite.countermodel11_passes,FoundationsVII.Models.Finite.countermodel11
STATIC_SOURCE_REFERENCE,FoundationsVII.Models.Finite.countermodel12_passes,FoundationsVII.Models.Finite.countermodel12
STATIC_SOURCE_REFERENCE,FoundationsVII.Models.Finite.countermodel13_passes,FoundationsVII.Models.Finite.countermodel13
STATIC_SOURCE_REFERENCE,FoundationsVII.Models.Finite.countermodel14_passes,FoundationsVII.Models.Finite.countermodel14
STATIC_SOURCE_REFERENCE,FoundationsVII.Models.Finite.countermodel15_passes,FoundationsVII.Models.Finite.countermodel15
STATIC_SOURCE_REFERENCE,FoundationsVII.Models.Finite.countermodel16_passes,FoundationsVII.Models.Finite.countermodel16
STATIC_SOURCE_REFERENCE,FoundationsVII.Models.Finite.countermodel17_passes,FoundationsVII.Models.Finite.countermodel17
STATIC_SOURCE_REFERENCE,FoundationsVII.Models.Finite.countermodel18_passes,FoundationsVII.Models.Finite.countermodel18
STATIC_SOURCE_REFERENCE,FoundationsVII.Models.Finite.countermodel19_passes,FoundationsVII.Models.Finite.countermodel19
STATIC_SOURCE_REFERENCE,FoundationsVII.Models.Finite.countermodel20_passes,FoundationsVII.Models.Finite.countermodel20
STATIC_SOURCE_REFERENCE,FoundationsVII.Models.Finite.countermodel21_passes,FoundationsVII.Models.Finite.countermodel21
STATIC_SOURCE_REFERENCE,FoundationsVII.Models.Finite.countermodel22_passes,FoundationsVII.Models.Finite.countermodel22
STATIC_SOURCE_REFERENCE,FoundationsVII.Models.Finite.countermodel23_passes,FoundationsVII.Models.Finite.countermodel23
STATIC_SOURCE_REFERENCE,FoundationsVII.Models.Finite.countermodel24_passes,FoundationsVII.Models.Finite.countermodel24
STATIC_SOURCE_REFERENCE,FoundationsVII.Models.Finite.countermodel25_passes,FoundationsVII.Models.Finite.countermodel25
STATIC_SOURCE_REFERENCE,FoundationsVII.Models.Finite.countermodel26_passes,FoundationsVII.Models.Finite.countermodel26
STATIC_SOURCE_REFERENCE,FoundationsVII.Models.Finite.countermodel27_passes,FoundationsVII.Models.Finite.countermodel27
STATIC_SOURCE_REFERENCE,FoundationsVII.Models.Finite.phase1_detector_contract_wellFormed,FoundationsVII.DetectorContract.WellFormed
STATIC_SOURCE_REFERENCE,FoundationsVII.Models.Finite.phase1_detector_contract_wellFormed,FoundationsVII.Models.Finite.phase1DetectorContract
STATIC_SOURCE_REFERENCE,FoundationsVII.Models.Finite.phase1_detector_frozen_complete,FoundationsVII.DetectorContract.FrozenComplete
STATIC_SOURCE_REFERENCE,FoundationsVII.Models.Finite.phase1_detector_frozen_complete,FoundationsVII.Models.Finite.phase1DetectorContract
STATIC_SOURCE_REFERENCE,FoundationsVII.Models.Finite.ScenarioStatus.mem_all,FoundationsVII.Models.Finite.ScenarioStatus
STATIC_SOURCE_REFERENCE,FoundationsVII.Models.Finite.ScenarioStatus.all_pairwise_distinct,FoundationsVII.Models.Finite.ScenarioStatus
STATIC_SOURCE_REFERENCE,FoundationsVII.Models.Finite.DerivedKey.mem_all,FoundationsVII.Models.Finite.DerivedKey
STATIC_SOURCE_REFERENCE,FoundationsVII.Models.Finite.Phase2.coherent_access_cardinality,FoundationsVII.Models.Finite.Phase2.accessCoherent
STATIC_SOURCE_REFERENCE,FoundationsVII.Models.Finite.Phase2.coherent_access_cases_respect_implication_spine,FoundationsVII.Models.Finite.Phase2.accessCoherent
STATIC_SOURCE_REFERENCE,FoundationsVII.Models.Finite.Phase2.coherent_transition_cardinality,FoundationsVII.Models.Finite.Phase2.transitionCoherent
STATIC_SOURCE_REFERENCE,FoundationsVII.Models.Finite.Phase2.coherent_transitions_respect_operational_spine,FoundationsVII.Models.Finite.Phase2.transitionCoherent
STATIC_SOURCE_REFERENCE,FoundationsVII.Models.Finite.Phase2.bootstrap_admissible_cardinality,FoundationsVII.Models.Finite.Phase2.bootstrapLaw
STATIC_SOURCE_REFERENCE,FoundationsVII.Models.Finite.Phase2.bootstrap_law_exhaustive,FoundationsVII.Models.Finite.Phase2.bootstrapLaw
STATIC_SOURCE_REFERENCE,FoundationsVII.Models.Finite.Phase2.commitment_admissible_cardinality,FoundationsVII.Models.Finite.Phase2.commitmentLaw
STATIC_SOURCE_REFERENCE,FoundationsVII.Models.Finite.Phase2.no_retrospective_self_certification_exhaustive,FoundationsVII.Models.Finite.Phase2.commitmentLaw
STATIC_SOURCE_REFERENCE,FoundationsVII.Models.Finite.Phase2.origin_admissible_cardinality,FoundationsVII.Models.Finite.Phase2.originLaw
STATIC_SOURCE_REFERENCE,FoundationsVII.Models.Finite.Phase2.source_independence_is_complementary_to_same_origin_in_canonical_family,FoundationsVII.Models.Finite.Phase2.originLaw
STATIC_SOURCE_REFERENCE,FoundationsVII.Models.Finite.Phase2.totality_admissible_cardinality,FoundationsVII.Models.Finite.Phase2.totalityLaw
STATIC_SOURCE_REFERENCE,FoundationsVII.Models.Finite.Phase2.totality_transfer_requires_adapter_on_partial_targets,FoundationsVII.Models.Finite.Phase2.totalityLaw
STATIC_SOURCE_REFERENCE,FoundationsVII.Models.Finite.Phase2.horizon_admissible_cardinality,FoundationsVII.Models.Finite.Phase2.horizonLaw
STATIC_SOURCE_REFERENCE,FoundationsVII.Models.Finite.Phase2.negative_force_requires_closed_powerful_complete_null,FoundationsVII.Models.Finite.Phase2.horizonLaw
STATIC_SOURCE_REFERENCE,FoundationsVII.Models.Finite.Phase2.observer_admissible_cardinality,FoundationsVII.Models.Finite.Phase2.observerLaw
STATIC_SOURCE_REFERENCE,FoundationsVII.Models.Finite.Phase2.native_credit_requires_priced_occupancy,FoundationsVII.Models.Finite.Phase2.observerLaw
STATIC_SOURCE_REFERENCE,FoundationsVII.Models.Finite.Phase2.settlement_admissible_cardinality,FoundationsVII.Models.Finite.Phase2.settlementLaw
STATIC_SOURCE_REFERENCE,FoundationsVII.Models.Finite.Phase2.settled_failures_conserve_declared_budget,FoundationsVII.Models.Finite.Phase2.settlementLaw
STATIC_SOURCE_REFERENCE,FoundationsVII.Models.Finite.Phase3.contact_transport_accepted_cardinality,FoundationsVII.Models.Finite.Phase3.contactTransportLaw
STATIC_SOURCE_REFERENCE,FoundationsVII.Models.Finite.Phase3.contact_transport_exhaustive,FoundationsVII.Models.Finite.Phase3.contactTransportLaw
STATIC_SOURCE_REFERENCE,FoundationsVII.Models.Finite.Phase3.join_status_accepted_cardinality,FoundationsVII.Models.Finite.Phase3.joinStatusLaw
STATIC_SOURCE_REFERENCE,FoundationsVII.Models.Finite.Phase3.no_contact_status_count,FoundationsVII.Models.Finite.Phase3.statusCount
STATIC_SOURCE_REFERENCE,FoundationsVII.Models.Finite.Phase3.contact_status_count,FoundationsVII.Models.Finite.Phase3.statusCount
STATIC_SOURCE_REFERENCE,FoundationsVII.Models.Finite.Phase3.common_refinement_status_count,FoundationsVII.Models.Finite.Phase3.statusCount
STATIC_SOURCE_REFERENCE,FoundationsVII.Models.Finite.Phase3.lawful_composite_status_count,FoundationsVII.Models.Finite.Phase3.statusCount
STATIC_SOURCE_REFERENCE,FoundationsVII.Models.Finite.Phase3.strict_join_status_count,FoundationsVII.Models.Finite.Phase3.statusCount
STATIC_SOURCE_REFERENCE,FoundationsVII.Models.Finite.Phase3.obstructed_status_count,FoundationsVII.Models.Finite.Phase3.statusCount
STATIC_SOURCE_REFERENCE,FoundationsVII.Models.Finite.Phase3.certified_noninteraction_status_count,FoundationsVII.Models.Finite.Phase3.statusCount
STATIC_SOURCE_REFERENCE,FoundationsVII.Models.Finite.Phase3.status_partition_complete,FoundationsVII.Models.Finite.Phase3.statusCount
STATIC_SOURCE_REFERENCE,FoundationsVII.Models.Finite.Phase3.strictness_accepted_cardinality,FoundationsVII.Models.Finite.Phase3.StrictnessCase
STATIC_SOURCE_REFERENCE,FoundationsVII.Models.Finite.Phase3.strictness_accepted_cardinality,FoundationsVII.Models.Finite.Phase3.allStrictnessCases
STATIC_SOURCE_REFERENCE,FoundationsVII.Models.Finite.Phase3.strictness_accepted_cardinality,FoundationsVII.Models.Finite.Phase3.strictnessLaw
STATIC_SOURCE_REFERENCE,FoundationsVII.Models.Finite.Phase3.directionless_strict_case_exists,FoundationsVII.Models.Finite.Phase3.allStrictnessCases
STATIC_SOURCE_REFERENCE,FoundationsVII.Models.Finite.Phase3.directionless_strict_case_exists,FoundationsVII.Models.Finite.Phase3.strictnessLaw
STATIC_SOURCE_REFERENCE,FoundationsVII.Models.Finite.Phase3.source_lineage_accepted_cardinality,FoundationsVII.Models.Finite.Phase3.sourceLineageLaw
STATIC_SOURCE_REFERENCE,FoundationsVII.Models.Finite.Phase3.payment_accepted_cardinality,FoundationsVII.Models.Finite.Phase3.paymentLaw
STATIC_SOURCE_REFERENCE,FoundationsVII.Models.Finite.Phase3.capacity_accepted_cardinality,FoundationsVII.Models.Finite.Phase3.capacityLaw
STATIC_SOURCE_REFERENCE,FoundationsVII.Models.Finite.Phase3.refinement_accepted_cardinality,FoundationsVII.Models.Finite.Phase3.refinementLaw
STATIC_SOURCE_REFERENCE,FoundationsVII.Models.Finite.Phase3.residual_accepted_cardinality,FoundationsVII.Models.Finite.Phase3.residualLaw
STATIC_SOURCE_REFERENCE,FoundationsVII.Models.Finite.Phase3.noninteraction_accepted_cardinality,FoundationsVII.Models.Finite.Phase3.noninteractionLaw
STATIC_SOURCE_REFERENCE,FoundationsVII.Models.Finite.Phase3.exactly_one_certified_noninteraction_profile,FoundationsVII.Models.Finite.Phase3.noninteractionLaw
STATIC_SOURCE_REFERENCE,FoundationsVII.Models.Finite.Phase3.categorical_accepted_cardinality,FoundationsVII.Models.Finite.Phase3.CategoricalCase
STATIC_SOURCE_REFERENCE,FoundationsVII.Models.Finite.Phase3.categorical_accepted_cardinality,FoundationsVII.Models.Finite.Phase3.categoricalLaw
STATIC_SOURCE_REFERENCE,FoundationsVII.Models.Finite.Phase3.strict_join_without_listed_universal_construction_exists,FoundationsVII.Models.Finite.Phase3.allCategoricalCases
STATIC_SOURCE_REFERENCE,FoundationsVII.Models.Finite.Phase3.strict_join_without_listed_universal_construction_exists,FoundationsVII.Models.Finite.Phase3.categoricalLaw
STATIC_SOURCE_REFERENCE,FoundationsVII.Models.Finite.Phase3.measure_accepted_cardinality,FoundationsVII.Models.Finite.Phase3.measureLaw
STATIC_SOURCE_REFERENCE,FoundationsVII.Models.Finite.Phase3.contacts_nonconservation_control,FoundationsVII.Models.Finite.Phase3.hasLawfulNonconservation
STATIC_SOURCE_REFERENCE,FoundationsVII.Models.Finite.Phase3.live_joins_nonconservation_control,FoundationsVII.Models.Finite.Phase3.hasLawfulNonconservation
STATIC_SOURCE_REFERENCE,FoundationsVII.Models.Finite.Phase3.paid_cost_nonconservation_control,FoundationsVII.Models.Finite.Phase3.hasLawfulNonconservation
STATIC_SOURCE_REFERENCE,FoundationsVII.Models.Finite.Phase3.active_residuals_nonconservation_control,FoundationsVII.Models.Finite.Phase3.hasLawfulNonconservation
STATIC_SOURCE_REFERENCE,FoundationsVII.Models.Finite.Phase3.retained_parents_nonconservation_control,FoundationsVII.Models.Finite.Phase3.hasLawfulNonconservation
STATIC_SOURCE_REFERENCE,FoundationsVII.Models.Finite.Phase4.attribution_accepted_cardinality,FoundationsVII.Models.Finite.Phase4.attributionLaw
STATIC_SOURCE_REFERENCE,FoundationsVII.Models.Finite.Phase4.attribution_exhaustive,FoundationsVII.Models.Finite.Phase4.attributionLaw
STATIC_SOURCE_REFERENCE,FoundationsVII.Models.Finite.Phase4.endogenous_accepted_cardinality,FoundationsVII.Models.Finite.Phase4.endogenousLaw
STATIC_SOURCE_REFERENCE,FoundationsVII.Models.Finite.Phase4.endogenous_exhaustive,FoundationsVII.Models.Finite.Phase4.endogenousLaw
STATIC_SOURCE_REFERENCE,FoundationsVII.Models.Finite.Phase4.birth_accepted_cardinality,FoundationsVII.Models.Finite.Phase4.birthLaw
STATIC_SOURCE_REFERENCE,FoundationsVII.Models.Finite.Phase4.birth_exhaustive,FoundationsVII.Models.Finite.Phase4.birthLaw
STATIC_SOURCE_REFERENCE,FoundationsVII.Models.Finite.Phase4.transmission_accepted_cardinality,FoundationsVII.Models.Finite.Phase4.transmissionLaw
STATIC_SOURCE_REFERENCE,FoundationsVII.Models.Finite.Phase4.transmission_exhaustive,FoundationsVII.Models.Finite.Phase4.transmissionLaw
STATIC_SOURCE_REFERENCE,FoundationsVII.Models.Finite.Phase4.separation_accepted_cardinality,FoundationsVII.Models.Finite.Phase4.separationLaw
STATIC_SOURCE_REFERENCE,FoundationsVII.Models.Finite.Phase4.separation_exhaustive,FoundationsVII.Models.Finite.Phase4.separationLaw
STATIC_SOURCE_REFERENCE,FoundationsVII.Models.Finite.Phase4.composition_accepted_cardinality,FoundationsVII.Models.Finite.Phase4.compositionLaw
STATIC_SOURCE_REFERENCE,FoundationsVII.Models.Finite.Phase4.composition_exhaustive,FoundationsVII.Models.Finite.Phase4.compositionLaw
STATIC_SOURCE_REFERENCE,FoundationsVII.Models.Finite.Phase4.confluence_accepted_cardinality,FoundationsVII.Models.Finite.Phase4.confluenceLaw
STATIC_SOURCE_REFERENCE,FoundationsVII.Models.Finite.Phase4.confluence_exhaustive,FoundationsVII.Models.Finite.Phase4.confluenceLaw
STATIC_SOURCE_REFERENCE,FoundationsVII.Models.Finite.Phase4.seed_accepted_cardinality,FoundationsVII.Models.Finite.Phase4.seedLaw
STATIC_SOURCE_REFERENCE,FoundationsVII.Models.Finite.Phase4.seed_exhaustive,FoundationsVII.Models.Finite.Phase4.seedLaw
STATIC_SOURCE_REFERENCE,FoundationsVII.Models.Finite.Phase4.holonomy_accepted_cardinality,FoundationsVII.Models.Finite.Phase4.holonomyLaw
STATIC_SOURCE_REFERENCE,FoundationsVII.Models.Finite.Phase4.holonomy_exhaustive,FoundationsVII.Models.Finite.Phase4.holonomyLaw
STATIC_SOURCE_REFERENCE,FoundationsVII.Models.Finite.Phase4.arrow_accepted_cardinality,FoundationsVII.Models.Finite.Phase4.arrowLaw
STATIC_SOURCE_REFERENCE,FoundationsVII.Models.Finite.Phase4.arrow_exhaustive,FoundationsVII.Models.Finite.Phase4.ArrowCase
STATIC_SOURCE_REFERENCE,FoundationsVII.Models.Finite.Phase4.arrow_exhaustive,FoundationsVII.Models.Finite.Phase4.arrowLaw
STATIC_SOURCE_REFERENCE,FoundationsVII.Models.Finite.Phase4.finite_holonomy_zero_arrow_exists,FoundationsVII.Models.Finite.Phase4.allArrowCases
STATIC_SOURCE_REFERENCE,FoundationsVII.Models.Finite.Phase4.finite_holonomy_zero_arrow_exists,FoundationsVII.Models.Finite.Phase4.arrowLaw
STATIC_SOURCE_REFERENCE,FoundationsVII.Models.Finite.Phase4.finite_driven_arrow_exists,FoundationsVII.Models.Finite.Phase4.allArrowCases
STATIC_SOURCE_REFERENCE,FoundationsVII.Models.Finite.Phase4.finite_driven_arrow_exists,FoundationsVII.Models.Finite.Phase4.arrowLaw
STATIC_SOURCE_REFERENCE,FoundationsVII.Models.Finite.Phase4.cross_time_accepted_cardinality,FoundationsVII.Models.Finite.Phase4.crossTimeLaw
STATIC_SOURCE_REFERENCE,FoundationsVII.Models.Finite.Phase4.cross_time_exhaustive,FoundationsVII.Models.Finite.Phase4.crossTimeLaw
STATIC_SOURCE_REFERENCE,FoundationsVII.Models.Finite.Phase4.algebra_accepted_cardinality,FoundationsVII.Models.Finite.Phase4.algebraLaw
STATIC_SOURCE_REFERENCE,FoundationsVII.Models.Finite.Phase4.algebra_exhaustive,FoundationsVII.Models.Finite.Phase4.algebraLaw
STATIC_SOURCE_REFERENCE,FoundationsVII.Models.Finite.Phase4.all_phase4_scenarios_pass,FoundationsVII.Models.Finite.Phase4.Phase4Scenario
STATIC_SOURCE_REFERENCE,FoundationsVII.Models.Finite.Phase4.all_phase4_scenarios_pass,FoundationsVII.Models.Finite.Phase4.phase4Scenarios
STATIC_SOURCE_REFERENCE,FoundationsVII.Models.Finite.Phase5.prospectiveJoin_accepted_cardinality,FoundationsVII.Models.Finite.Phase5.prospectiveJoinLaw
STATIC_SOURCE_REFERENCE,FoundationsVII.Models.Finite.Phase5.prospectiveJoin_exhaustive,FoundationsVII.Models.Finite.Phase5.prospectiveJoinLaw
STATIC_SOURCE_REFERENCE,FoundationsVII.Models.Finite.Phase5.sourceBudgetCapacity_accepted_cardinality,FoundationsVII.Models.Finite.Phase5.sourceBudgetCapacityLaw
STATIC_SOURCE_REFERENCE,FoundationsVII.Models.Finite.Phase5.sourceBudgetCapacity_exhaustive,FoundationsVII.Models.Finite.Phase5.sourceBudgetCapacityLaw
STATIC_SOURCE_REFERENCE,FoundationsVII.Models.Finite.Phase5.certifiedNoninteraction_accepted_cardinality,FoundationsVII.Models.Finite.Phase5.certifiedNoninteractionLaw
STATIC_SOURCE_REFERENCE,FoundationsVII.Models.Finite.Phase5.certifiedNoninteraction_exhaustive,FoundationsVII.Models.Finite.Phase5.certifiedNoninteractionLaw
STATIC_SOURCE_REFERENCE,FoundationsVII.Models.Finite.Phase5.residualEnablement_accepted_cardinality,FoundationsVII.Models.Finite.Phase5.residualEnablementLaw
STATIC_SOURCE_REFERENCE,FoundationsVII.Models.Finite.Phase5.residualEnablement_exhaustive,FoundationsVII.Models.Finite.Phase5.residualEnablementLaw
STATIC_SOURCE_REFERENCE,FoundationsVII.Models.Finite.Phase5.refinementDescent_accepted_cardinality,FoundationsVII.Models.Finite.Phase5.refinementDescentLaw
STATIC_SOURCE_REFERENCE,FoundationsVII.Models.Finite.Phase5.refinementDescent_exhaustive,FoundationsVII.Models.Finite.Phase5.refinementDescentLaw
STATIC_SOURCE_REFERENCE,FoundationsVII.Models.Finite.Phase5.noFreeJoin_accepted_cardinality,FoundationsVII.Models.Finite.Phase5.noFreeJoinLaw
STATIC_SOURCE_REFERENCE,FoundationsVII.Models.Finite.Phase5.noFreeJoin_exhaustive,FoundationsVII.Models.Finite.Phase5.noFreeJoinLaw
STATIC_SOURCE_REFERENCE,FoundationsVII.Models.Finite.Phase5.holonomyArrow_accepted_cardinality,FoundationsVII.Models.Finite.Phase5.holonomyArrowLaw
STATIC_SOURCE_REFERENCE,FoundationsVII.Models.Finite.Phase5.holonomyArrow_exhaustive,FoundationsVII.Models.Finite.Phase5.holonomyArrowLaw
STATIC_SOURCE_REFERENCE,FoundationsVII.Models.Finite.Phase5.negativeForce_accepted_cardinality,FoundationsVII.Models.Finite.Phase5.negativeForceLaw
STATIC_SOURCE_REFERENCE,FoundationsVII.Models.Finite.Phase5.negativeForce_exhaustive,FoundationsVII.Models.Finite.Phase5.negativeForceLaw
STATIC_SOURCE_REFERENCE,FoundationsVII.Models.Finite.Phase5.observerEndogeny_accepted_cardinality,FoundationsVII.Models.Finite.Phase5.observerEndogenyLaw
STATIC_SOURCE_REFERENCE,FoundationsVII.Models.Finite.Phase5.observerEndogeny_exhaustive,FoundationsVII.Models.Finite.Phase5.observerEndogenyLaw
STATIC_SOURCE_REFERENCE,FoundationsVII.Models.Finite.Phase5.threeDomainConfluence_accepted_cardinality,FoundationsVII.Models.Finite.Phase5.threeDomainConfluenceLaw
STATIC_SOURCE_REFERENCE,FoundationsVII.Models.Finite.Phase5.threeDomainConfluence_exhaustive,FoundationsVII.Models.Finite.Phase5.threeDomainConfluenceLaw
STATIC_SOURCE_REFERENCE,FoundationsVII.Models.Finite.Phase5.integratedDomain_accepted_cardinality,FoundationsVII.Models.Finite.Phase5.integratedDomainLaw
STATIC_SOURCE_REFERENCE,FoundationsVII.Models.Finite.Phase5.integratedDomain_exhaustive,FoundationsVII.Models.Finite.Phase5.integratedDomainLaw
STATIC_SOURCE_REFERENCE,FoundationsVII.Models.Finite.Phase5.final_raw_cardinality,FoundationsVII.Models.Finite.Phase5.finalRawCardinality
STATIC_SOURCE_REFERENCE,FoundationsVII.Models.Finite.Phase5.final_canonical_cardinality,FoundationsVII.Models.Finite.Phase5.finalCanonicalCardinality
STATIC_SOURCE_REFERENCE,FoundationsVII.Models.Finite.Phase5.final_accepted_cardinality,FoundationsVII.Models.Finite.Phase5.finalAcceptedCardinality
STATIC_SOURCE_REFERENCE,FoundationsVII.Models.Finite.Phase5.final_rejected_cardinality,FoundationsVII.Models.Finite.Phase5.finalAcceptedCardinality
STATIC_SOURCE_REFERENCE,FoundationsVII.Models.Finite.Phase5.final_rejected_cardinality,FoundationsVII.Models.Finite.Phase5.finalCanonicalCardinality
STATIC_SOURCE_REFERENCE,FoundationsVII.Models.Finite.scenario01_passes,FoundationsVII.Models.Finite.scenario01
STATIC_SOURCE_REFERENCE,FoundationsVII.Models.Finite.scenario02_passes,FoundationsVII.Models.Finite.scenario02
STATIC_SOURCE_REFERENCE,FoundationsVII.Models.Finite.scenario03_passes,FoundationsVII.Models.Finite.scenario03
STATIC_SOURCE_REFERENCE,FoundationsVII.Models.Finite.scenario04_passes,FoundationsVII.Models.Finite.scenario04
STATIC_SOURCE_REFERENCE,FoundationsVII.Models.Finite.scenario05_passes,FoundationsVII.Models.Finite.scenario05
STATIC_SOURCE_REFERENCE,FoundationsVII.Models.Finite.scenario06_passes,FoundationsVII.Models.Finite.scenario06
STATIC_SOURCE_REFERENCE,FoundationsVII.Models.Finite.scenario07_passes,FoundationsVII.Models.Finite.scenario07
STATIC_SOURCE_REFERENCE,FoundationsVII.Models.Finite.scenario08_passes,FoundationsVII.Models.Finite.scenario08
STATIC_SOURCE_REFERENCE,FoundationsVII.Models.Finite.scenario09_passes,FoundationsVII.Models.Finite.scenario09
STATIC_SOURCE_REFERENCE,FoundationsVII.Models.Finite.scenario10_passes,FoundationsVII.Models.Finite.scenario10
STATIC_SOURCE_REFERENCE,FoundationsVII.Models.Finite.scenario11_passes,FoundationsVII.Models.Finite.scenario11
STATIC_SOURCE_REFERENCE,FoundationsVII.Models.Finite.scenario12_passes,FoundationsVII.Models.Finite.scenario12
STATIC_SOURCE_REFERENCE,FoundationsVII.Models.Finite.scenario13_passes,FoundationsVII.Models.Finite.scenario13
STATIC_SOURCE_REFERENCE,FoundationsVII.Models.Finite.scenario14_passes,FoundationsVII.Models.Finite.scenario14
STATIC_SOURCE_REFERENCE,FoundationsVII.Models.Finite.scenario15_passes,FoundationsVII.Models.Finite.scenario15
STATIC_SOURCE_REFERENCE,FoundationsVII.Models.Finite.scenario16_passes,FoundationsVII.Models.Finite.scenario16
STATIC_SOURCE_REFERENCE,FoundationsVII.Models.Finite.scenario17_passes,FoundationsVII.Models.Finite.scenario17
STATIC_SOURCE_REFERENCE,FoundationsVII.Models.Finite.scenario18_passes,FoundationsVII.Models.Finite.scenario18
STATIC_SOURCE_REFERENCE,FoundationsVII.Models.Finite.scenario19_passes,FoundationsVII.Models.Finite.scenario19
STATIC_SOURCE_REFERENCE,FoundationsVII.Models.Finite.scenario20_passes,FoundationsVII.Models.Finite.scenario20
STATIC_SOURCE_REFERENCE,FoundationsVII.Models.Finite.scenario21_passes,FoundationsVII.Models.Finite.scenario21
STATIC_SOURCE_REFERENCE,FoundationsVII.Models.Finite.scenario22_passes,FoundationsVII.Models.Finite.scenario22
STATIC_SOURCE_REFERENCE,FoundationsVII.Models.Finite.scenario23_passes,FoundationsVII.Models.Finite.scenario23
STATIC_SOURCE_REFERENCE,FoundationsVII.Models.Finite.scenario24_passes,FoundationsVII.Models.Finite.scenario24
STATIC_SOURCE_REFERENCE,FoundationsVII.Models.Finite.decodeStatus_statusCode,FoundationsVII.Models.Finite.ScenarioStatus
STATIC_SOURCE_REFERENCE,FoundationsVII.Models.Finite.decodeStatus_statusCode,FoundationsVII.Models.Finite.decodeStatus
STATIC_SOURCE_REFERENCE,FoundationsVII.Models.Finite.decodeStatus_statusCode,FoundationsVII.Models.Finite.statusCode
STATIC_SOURCE_REFERENCE,FoundationsVII.Models.Finite.decodeFlags_encodeFlags,FoundationsVII.Models.Finite.ScenarioFlags
STATIC_SOURCE_REFERENCE,FoundationsVII.Models.Finite.decodeFlags_encodeFlags,FoundationsVII.Models.Finite.decodeFlags
STATIC_SOURCE_REFERENCE,FoundationsVII.Models.Finite.decodeFlags_encodeFlags,FoundationsVII.Models.Finite.encodeFlags
STATIC_SOURCE_REFERENCE,FoundationsVII.NoGo.NGVII_01_no_first_extension_without_seed_or_generator,FoundationsVII.AdmissionRegime
STATIC_SOURCE_REFERENCE,FoundationsVII.NoGo.NGVII_01_no_first_extension_without_seed_or_generator,FoundationsVII.TransitionId
STATIC_SOURCE_REFERENCE,FoundationsVII.NoGo.NGVII_01_escape_admitted_seed,FoundationsVII.AdmissionRegime
STATIC_SOURCE_REFERENCE,FoundationsVII.NoGo.NGVII_01_escape_admitted_seed,FoundationsVII.TransitionId
STATIC_SOURCE_REFERENCE,FoundationsVII.NoGo.NGVII_01_escape_reachable_generator,FoundationsVII.AdmissionRegime
STATIC_SOURCE_REFERENCE,FoundationsVII.NoGo.NGVII_01_escape_reachable_generator,FoundationsVII.TransitionId
STATIC_SOURCE_REFERENCE,FoundationsVII.NoGo.NGVII_01_escape_open_external_provision,FoundationsVII.AdmissionRegime
STATIC_SOURCE_REFERENCE,FoundationsVII.NoGo.NGVII_01_escape_open_external_provision,FoundationsVII.TransitionId
STATIC_SOURCE_REFERENCE,FoundationsVII.NoGo.NGVII_03_no_retrospective_self_certification,FoundationsVII.CommitmentUse
STATIC_SOURCE_REFERENCE,FoundationsVII.NoGo.NGVII_03_escape_prospective_certificate,FoundationsVII.CommitmentUse
STATIC_SOURCE_REFERENCE,FoundationsVII.NoGo.NGVII_04_no_automatic_total_lens_transfer,FoundationsVII.LensTransferCase
STATIC_SOURCE_REFERENCE,FoundationsVII.NoGo.NGVII_04_escape_certified_adapter,FoundationsVII.LensTransferCase
STATIC_SOURCE_REFERENCE,FoundationsVII.NoGo.NGVII_05_no_unpriced_observer_native_credit,FoundationsVII.ObserverOccupancyRecord
STATIC_SOURCE_REFERENCE,FoundationsVII.NoGo.NGVII_05_escape_external_observer,FoundationsVII.ObserverOccupancyRecord
STATIC_SOURCE_REFERENCE,FoundationsVII.NoGo.NGVII_05_escape_zero_occupancy,FoundationsVII.ObserverOccupancyRecord
STATIC_SOURCE_REFERENCE,FoundationsVII.NoGo.NGVII_11_no_occurrence_from_reachability_alone,FoundationsVII.OperationalProfile
STATIC_SOURCE_REFERENCE,FoundationsVII.NoGo.NGVII_10_no_arrow_from_holonomy_alone,FoundationsVII.NoGo.HolonomyArrowProfile
STATIC_SOURCE_REFERENCE,FoundationsVII.NoGo.NGVII_02_no_resemblance_only_independence_join,FoundationsVII.NoGo.ResemblanceJoinProfile
STATIC_SOURCE_REFERENCE,FoundationsVII.NoGo.NGVII_06_no_join_from_contact_alone,FoundationsVII.NoGo.ContactOnlyJoinProfile
STATIC_SOURCE_REFERENCE,FoundationsVII.NoGo.NGVII_07_no_product_common_refinement_strictness_credit,FoundationsVII.NoGo.ProductJoinProfile
STATIC_SOURCE_REFERENCE,FoundationsVII.NoGo.NGVII_08_no_one_lineage_source_independence_credit,FoundationsVII.NoGo.LineageJoinCredit
STATIC_SOURCE_REFERENCE,FoundationsVII.NoGo.NGVII_09_no_positive_cost_join_credit_without_payment,FoundationsVII.NoGo.PaymentJoinCredit
STATIC_SOURCE_REFERENCE,FoundationsVII.residualKind_mem_all,FoundationsVII.ResidualKind
STATIC_SOURCE_REFERENCE,FoundationsVII.residualKind_mem_all,FoundationsVII.allResidualKinds
STATIC_SOURCE_REFERENCE,FoundationsVII.ResidualLedger.append_extends,FoundationsVII.AuditEntry
STATIC_SOURCE_REFERENCE,FoundationsVII.ResidualLedger.append_extends,FoundationsVII.ResidualEntry
STATIC_SOURCE_REFERENCE,FoundationsVII.ResidualLedger.append_extends,FoundationsVII.ResidualLedger
STATIC_SOURCE_REFERENCE,FoundationsVII.ResidualLedger.mem_of_extends,FoundationsVII.ResidualEntry
STATIC_SOURCE_REFERENCE,FoundationsVII.ResidualLedger.mem_of_extends,FoundationsVII.ResidualLedger
STATIC_SOURCE_REFERENCE,FoundationsVII.ResidualLedger.no_silent_residual_deletion_under_scope_change,FoundationsVII.ResidualEntry
STATIC_SOURCE_REFERENCE,FoundationsVII.ResidualLedger.no_silent_residual_deletion_under_scope_change,FoundationsVII.ResidualLedger
STATIC_SOURCE_REFERENCE,FoundationsVII.join_can_dissolve_and_create_residuals_simultaneously,FoundationsVII.phase3Audit
STATIC_SOURCE_REFERENCE,FoundationsVII.join_can_dissolve_and_create_residuals_simultaneously,FoundationsVII.phase3AuditEntry
STATIC_SOURCE_REFERENCE,FoundationsVII.joining_is_not_monotonically_obstruction_reducing,FoundationsVII.phase3Audit
STATIC_SOURCE_REFERENCE,FoundationsVII.joining_is_not_monotonically_obstruction_reducing,FoundationsVII.phase3AuditEntry
