asset_id,candidate_id,trace_kind,trace_id,path,line,sha256
FVII-SCI03-C007-JOIN-ENTRY-NORMAL-FORM,VII-C007,LEAN_DECLARATION,FoundationsVII.JoinEntryFieldProfile.weak_status_checker_has_budget_false_positive,formalization/lean/FoundationsVII/Join/Entry.lean,182,78118ff195f435e99801e04a1e8ed2b48bd7626b28e8678afeae5d96728e5222
FVII-SCI03-C007-JOIN-ENTRY-NORMAL-FORM,VII-C007,LEAN_DECLARATION,FoundationsVII.JoinEntryFieldProfile.weak_status_checker_has_contact_false_positive,formalization/lean/FoundationsVII/Join/Entry.lean,178,605cb60cf38bfd2ee36313e5e8f2a18e2d73049e5b41ce7e2d0fa7b530df5ce3
FVII-SCI03-C007-JOIN-ENTRY-NORMAL-FORM,VII-C007,LEAN_DECLARATION,FoundationsVII.JoinEntryFieldProfile.weak_status_checker_has_source_false_positive,formalization/lean/FoundationsVII/Join/Entry.lean,174,31424ea7961e8518c4069c5075e5f07f651c648b4daba40bf2b2f2f453973fe1
FVII-SCI03-C007-JOIN-ENTRY-NORMAL-FORM,VII-C007,LEAN_DECLARATION,FoundationsVII.JoinEntryRecord.completed_has_no_recorded_obstruction,formalization/lean/FoundationsVII/Join/Entry.lean,101,7a5149263edfdfc72f008ba6c6547caea3dbd90947fc8a04bac07b7eae145cc9
FVII-SCI03-C007-JOIN-ENTRY-NORMAL-FORM,VII-C007,LEAN_DECLARATION,FoundationsVII.JoinEntryRecord.completed_has_witnessed_contact,formalization/lean/FoundationsVII/Join/Entry.lean,95,d8249dfeaadcc2839f9bb1ba1e3a689baf0bd6defc99a4d6c7d466d2e5140e29
FVII-SCI03-C007-JOIN-ENTRY-NORMAL-FORM,VII-C007,LEAN_DECLARATION,FoundationsVII.JoinEntryRecord.failed_ne_completed,formalization/lean/FoundationsVII/Join/Entry.lean,123,62bc507b970acb6ee95367272e500d24cc6c5ba087d3b5f2db11e7c50eb1d5e5
FVII-SCI03-C007-JOIN-ENTRY-NORMAL-FORM,VII-C007,LEAN_DECLARATION,FoundationsVII.JoinEntryRecord.obstructed_has_obstruction,formalization/lean/FoundationsVII/Join/Entry.lean,107,b8b79faf3cdc74162fa233f1c67ce98bd15d489d1628a91e8fa15c30f3211ca6
FVII-SCI03-C007-JOIN-ENTRY-NORMAL-FORM,VII-C007,LEAN_DECLARATION,FoundationsVII.JoinEntryRecord.obstructed_ne_completed,formalization/lean/FoundationsVII/Join/Entry.lean,126,8156d038c114fd1ebeb2a5762759ce7e45d4ab03d76b2936d18bf9d32023a77f
FVII-SCI03-C007-JOIN-ENTRY-NORMAL-FORM,VII-C007,LEAN_DECLARATION,FoundationsVII.JoinEntryRecord.pending_ne_completed,formalization/lean/FoundationsVII/Join/Entry.lean,120,080d13ab8aac8dd54f122f376a0fe2fc2c15365ef38d1daa56a2ad03bc6e7d13
FVII-SCI03-C007-JOIN-ENTRY-NORMAL-FORM,VII-C007,LEAN_DECLARATION,FoundationsVII.JoinEntryRecord.wellFormed_has_append_only_audit_surface,formalization/lean/FoundationsVII/Join/Entry.lean,90,9b1d274df1e99290946d27554e1e0f7e24440cf517b436d9370e736f81f2c15f
FVII-SCI03-C007-JOIN-ENTRY-NORMAL-FORM,VII-C007,LEAN_DECLARATION,FoundationsVII.JoinEntryRecord.wellFormed_has_budget_ledger,formalization/lean/FoundationsVII/Join/Entry.lean,85,519953172e061055f11be2466a9dbd131c2c2e50d4a8a493fc4a7f4ca909c8c4
FVII-SCI03-C007-JOIN-ENTRY-NORMAL-FORM,VII-C007,LEAN_DECLARATION,FoundationsVII.JoinEntryRecord.wellFormed_has_source_ledger,formalization/lean/FoundationsVII/Join/Entry.lean,80,0800d8cafc8f6d161ba95121ce47520d03a3ba67613d52de5c0f03c1915d9746
FVII-SCI03-C007-JOIN-ENTRY-NORMAL-FORM,VII-C007,LEAN_DECLARATION,FoundationsVII.JoinEntryRecord.wellFormed_has_two_parents,formalization/lean/FoundationsVII/Join/Entry.lean,70,ccbad6a8f52998179abb24bae69df291fa4d51eaa35ebf7332c2195d2e860c7e
FVII-SCI03-C007-JOIN-ENTRY-NORMAL-FORM,VII-C007,LEAN_DECLARATION,FoundationsVII.JoinEntryRecord.wellFormed_has_typed_contact_surface,formalization/lean/FoundationsVII/Join/Entry.lean,75,2c3a4946fd41783af9e0de220c69a68dc1c97a9cde7037553222917fe77e6726
FVII-SCI03-C007-JOIN-ENTRY-NORMAL-FORM,VII-C007,LEAN_DECLARATION,FoundationsVII.JoinEntryRecord.witnessed_state_has_contact,formalization/lean/FoundationsVII/Join/Entry.lean,113,5c452a2d0baedfd1dbaa57b628f40040ddabf38af6a55cbcf8cabdad7656d6b9
FVII-SCI03-C007-JOIN-ENTRY-NORMAL-FORM,VII-C007,LEAN_DECLARATION,FoundationsVII.Models.Finite.Phase3.contact_transport_accepted_cardinality,formalization/lean/FoundationsVII/Models/Finite/Phase3/ContactJoinEnvelope.lean,59,78a824a8a3debed987ec279d3fcd19e71daebba78aa8c689941258188d109599
FVII-SCI03-C007-JOIN-ENTRY-NORMAL-FORM,VII-C007,LEAN_DECLARATION,FoundationsVII.Models.Finite.Phase3.contact_transport_exhaustive,formalization/lean/FoundationsVII/Models/Finite/Phase3/ContactJoinEnvelope.lean,62,037c2ea529b3db6c1604961d0d65f872986676641282c019b6a889752b65950a
FVII-SCI03-C007-JOIN-ENTRY-NORMAL-FORM,VII-C007,LEAN_DECLARATION,FoundationsVII.Models.Finite.Phase3.contact_transport_raw_cardinality,formalization/lean/FoundationsVII/Models/Finite/Phase3/ContactJoinEnvelope.lean,56,a5abe62446f42809871be678706b91892a76084fd7654962f0bdca437a787524
FVII-SCI03-C007-JOIN-ENTRY-NORMAL-FORM,VII-C007,LEAN_DECLARATION,FoundationsVII.JoinContactState,formalization/lean/FoundationsVII/Join/Entry.lean,12,9f34c67eff5ea6dfa404c505e755fb2a70bc4f5c1e31abdc66fea16f2f7cfebc
FVII-SCI03-C007-JOIN-ENTRY-NORMAL-FORM,VII-C007,LEAN_DECLARATION,FoundationsVII.JoinEntryFieldProfile,formalization/lean/FoundationsVII/Join/Entry.lean,134,ad625c05a0693fa5633055c9bdc1e650acea8ed62eb1c0c0c5307ac4b477e0f0
FVII-SCI03-C007-JOIN-ENTRY-NORMAL-FORM,VII-C007,LEAN_DECLARATION,FoundationsVII.JoinEntryFieldProfile.StronglyComplete,formalization/lean/FoundationsVII/Join/Entry.lean,151,6a54955060ab85a92f9a89a943e921b63d506888accc210e64fc11168ead13fb
FVII-SCI03-C007-JOIN-ENTRY-NORMAL-FORM,VII-C007,LEAN_DECLARATION,FoundationsVII.JoinEntryFieldProfile.WeaklyAccepted,formalization/lean/FoundationsVII/Join/Entry.lean,159,c8c6c186d5c7d410063eb42adfd871e323cac02eda340e8647f1d127ff954c28
FVII-SCI03-C007-JOIN-ENTRY-NORMAL-FORM,VII-C007,LEAN_DECLARATION,FoundationsVII.JoinEntryRecord,formalization/lean/FoundationsVII/Join/Entry.lean,25,7eee40a0d58c0e7d37739625e293fa58f6503141ceb308a6fdd6197f1cc885c1
FVII-SCI03-C007-JOIN-ENTRY-NORMAL-FORM,VII-C007,LEAN_DECLARATION,FoundationsVII.JoinEntryRecord.BudgetComplete,formalization/lean/FoundationsVII/Join/Entry.lean,47,2dc00e4918724bd64df696beb09e1899c8b261a1f0110a95f9ad3ddc5503a56c
FVII-SCI03-C007-JOIN-ENTRY-NORMAL-FORM,VII-C007,LEAN_DECLARATION,FoundationsVII.JoinEntryRecord.ContactConsistent,formalization/lean/FoundationsVII/Join/Entry.lean,50,44cbc95584a12662901fc15118e7619875b3c5d0186d02d55cd4cb3567d69124
FVII-SCI03-C007-JOIN-ENTRY-NORMAL-FORM,VII-C007,LEAN_DECLARATION,FoundationsVII.JoinEntryRecord.ParentComplete,formalization/lean/FoundationsVII/Join/Entry.lean,41,bdd14ffb2905fc8cf908b56a4942320d03031d0c4f4520359dce86d61a3bf1ad
FVII-SCI03-C007-JOIN-ENTRY-NORMAL-FORM,VII-C007,LEAN_DECLARATION,FoundationsVII.JoinEntryRecord.RetrospectivelyVerifiable,formalization/lean/FoundationsVII/Join/Entry.lean,67,f5a12fbd969e9645ac0cd0c08d9e5d1ab8e50a830aeedc93f2160e3d1dd1f32a
FVII-SCI03-C007-JOIN-ENTRY-NORMAL-FORM,VII-C007,LEAN_DECLARATION,FoundationsVII.JoinEntryRecord.SourceComplete,formalization/lean/FoundationsVII/Join/Entry.lean,44,f52047e0c557d45bc01a0d260594cc9dff590266d30e22c393083b51b79072a3
FVII-SCI03-C007-JOIN-ENTRY-NORMAL-FORM,VII-C007,LEAN_DECLARATION,FoundationsVII.JoinEntryRecord.WellFormed,formalization/lean/FoundationsVII/Join/Entry.lean,59,835f252c855affd75abdaf03e356b4b2a5f35b8762489e9314aaebcb79dba1e2
FVII-SCI03-C007-JOIN-ENTRY-NORMAL-FORM,VII-C007,LEAN_DECLARATION,FoundationsVII.JoinEntryStatus,formalization/lean/FoundationsVII/Join/Entry.lean,18,1b21707e6c12b35c7d2372366995237670ed6dd44d6f9e6661b41df47a3b45ac
FVII-SCI03-C007-JOIN-ENTRY-NORMAL-FORM,VII-C007,LEAN_DECLARATION,FoundationsVII.Models.Finite.Phase3.ContactTransportCase,formalization/lean/FoundationsVII/Models/Finite/Phase3/ContactJoinEnvelope.lean,26,e11d90f672741a8d83773c20dfc9b4c1ba31f7f72c089020acd78f4b83cd42d2
FVII-SCI03-C007-JOIN-ENTRY-NORMAL-FORM,VII-C007,LEAN_DECLARATION,FoundationsVII.Models.Finite.Phase3.contactTransportLaw,formalization/lean/FoundationsVII/Models/Finite/Phase3/ContactJoinEnvelope.lean,37,06b99f9063416d201204a504e05c8835a336315ffd606ed27bf3f0bac9462968
FVII-SCI03-C007-JOIN-ENTRY-NORMAL-FORM,VII-C007,FINITE_WITNESS,TTW-S06,formalization/foundations_vii_lab/fixtures/scenarios/TTW-S06.json,,a1e3347848d419f0f27d88cc8f858569c18938bc3fccdc95bc544f52dbeddf8f
FVII-SCI03-C007-JOIN-ENTRY-NORMAL-FORM,VII-C007,FINITE_WITNESS,TTW-S08,formalization/foundations_vii_lab/fixtures/scenarios/TTW-S08.json,,10a6f2a7c8d439222702a8dd21a9406d8d8f29eb371e5984e06ed8139cc588eb
FVII-SCI03-C007-JOIN-ENTRY-NORMAL-FORM,VII-C007,FINITE_WITNESS,TTW-S12,formalization/foundations_vii_lab/fixtures/scenarios/TTW-S12.json,,c6e6927cd6301a3ea9c54753b67b6597e494a7c89f82cce0e156dad89d88abdb
FVII-SCI03-C007-JOIN-ENTRY-NORMAL-FORM,VII-C007,FINITE_WITNESS,CM-02,formalization/foundations_vii_lab/fixtures/countermodels/CM-02.json,,d8640552715b37e1cb1ccdfc4b67443f8c9cf05055c703cce0ab52b8625a71ec
FVII-SCI03-C007-JOIN-ENTRY-NORMAL-FORM,VII-C007,FINITE_WITNESS,CM-03,formalization/foundations_vii_lab/fixtures/countermodels/CM-03.json,,33a6d8ad67c1ce059d19b87fb932624abd8d2267ff0a60f834b726d428f61be1
FVII-SCI03-C007-JOIN-ENTRY-NORMAL-FORM,VII-C007,FINITE_WITNESS,CM-14,formalization/foundations_vii_lab/fixtures/countermodels/CM-14.json,,a72c6d051ac34d7b0243bc8f56e7f0b2683a996fb56d66d2177937b66bb64af6
FVII-SCI03-C007-JOIN-ENTRY-NORMAL-FORM,VII-C007,FINITE_WITNESS,P3-W03,formalization/foundations_vii_lab/phase3/witnesses/P3-W03.json,,2a67e8508121cc9c21dd4c39d642b8403b626a04a5874776c09dd563de2e884b
FVII-SCI03-C008-JOIN-STATUS-CALCULUS,VII-C008,LEAN_DECLARATION,FoundationsVII.JoinAssessment.commonRefinement_ne_strictJoin,formalization/lean/FoundationsVII/Join/Status.lean,110,6da3a5db6e9ea45ad24fa8eec69e56f073ce3a0d07951cc3431ba8220bc14b3f
FVII-SCI03-C008-JOIN-STATUS-CALCULUS,VII-C008,LEAN_DECLARATION,FoundationsVII.JoinAssessment.contact_ne_strictJoin,formalization/lean/FoundationsVII/Join/Status.lean,107,88e6f8a469903acb32b07e6088dcb613d6e47e90f03d4a1ae881bc6cda27797f
FVII-SCI03-C008-JOIN-STATUS-CALCULUS,VII-C008,LEAN_DECLARATION,FoundationsVII.JoinAssessment.contact_refinement_and_composite_axes_may_overlap,formalization/lean/FoundationsVII/Join/Status.lean,96,eeea36a411ea295141bef8b5ea0e2032d64e6080f81aad5931eb8f60c86eb4bb
FVII-SCI03-C008-JOIN-STATUS-CALCULUS,VII-C008,LEAN_DECLARATION,FoundationsVII.JoinAssessment.noContact_ne_contact,formalization/lean/FoundationsVII/Join/Status.lean,104,4cf3bd938cedb6e32f6893257f45b2180e967d58239e543a12405abd6791f98d
FVII-SCI03-C008-JOIN-STATUS-CALCULUS,VII-C008,LEAN_DECLARATION,FoundationsVII.JoinAssessment.noninteraction_status_constructor,formalization/lean/FoundationsVII/Join/Status.lean,73,0f6f1de17ad936c030bbf951207e18bb66c0f72e6964372167cb7f632a7596e2
FVII-SCI03-C008-JOIN-STATUS-CALCULUS,VII-C008,LEAN_DECLARATION,FoundationsVII.JoinAssessment.obstructed_ne_certifiedNoninteraction,formalization/lean/FoundationsVII/Join/Status.lean,113,175bd43cde9466cc665e4fbe1e4db9eb7f7a05e264338e37d6229d6b4e80322b
FVII-SCI03-C008-JOIN-STATUS-CALCULUS,VII-C008,LEAN_DECLARATION,FoundationsVII.JoinAssessment.obstruction_status_constructor,formalization/lean/FoundationsVII/Join/Status.lean,78,235f14a345f025ed3ab8b67379f06df50f49ebe16c30b563e3f76e11bbfb2bd8
FVII-SCI03-C008-JOIN-STATUS-CALCULUS,VII-C008,LEAN_DECLARATION,FoundationsVII.JoinAssessment.overlapping_axes_classify_as_lawful_composite,formalization/lean/FoundationsVII/Join/Status.lean,101,ab16fd0f9ca8e66488ffa347921c7c5e0888a61a7861eb166270efd28575af3e
FVII-SCI03-C008-JOIN-STATUS-CALCULUS,VII-C008,LEAN_DECLARATION,FoundationsVII.JoinAssessment.strictEligibleB_eq_true_iff,formalization/lean/FoundationsVII/Join/Status.lean,61,b0a1a38b142cdedfc38e49884ff4f83f689699296a703b4956a51a8ee6c13b54
FVII-SCI03-C008-JOIN-STATUS-CALCULUS,VII-C008,LEAN_DECLARATION,FoundationsVII.JoinAssessment.strict_status_constructor,formalization/lean/FoundationsVII/Join/Status.lean,65,2628ee2a063b4e7e1f3d03d9c70aa4cdca3f18804c36a0e1b8dfe2740456d2bb
FVII-SCI03-C008-JOIN-STATUS-CALCULUS,VII-C008,LEAN_DECLARATION,FoundationsVII.Models.Finite.Phase3.all_phase3_countermodels_pass,formalization/lean/FoundationsVII/Models/Finite/Phase3/ScenarioChecks.lean,162,f5019bbb221a15e71b3d508370730c0f063729a4a499a3272617a834e9c01473
FVII-SCI03-C008-JOIN-STATUS-CALCULUS,VII-C008,LEAN_DECLARATION,FoundationsVII.Models.Finite.Phase3.all_phase3_scenarios_pass,formalization/lean/FoundationsVII/Models/Finite/Phase3/ScenarioChecks.lean,112,5580ec555ddc1e377bce73ca2f21c01cc759778a42d1c981c9dda965e7240631
FVII-SCI03-C008-JOIN-STATUS-CALCULUS,VII-C008,LEAN_DECLARATION,FoundationsVII.Models.Finite.Phase3.join_status_accepted_cardinality,formalization/lean/FoundationsVII/Models/Finite/Phase3/ContactJoinEnvelope.lean,115,812f5508ca86e4652c248ad7777a959289bceaa77814749bbbcee21244ad78ad
FVII-SCI03-C008-JOIN-STATUS-CALCULUS,VII-C008,LEAN_DECLARATION,FoundationsVII.Models.Finite.Phase3.join_status_canonical_cardinality,formalization/lean/FoundationsVII/Models/Finite/Phase3/ContactJoinEnvelope.lean,110,e6ac85109d08c65389f5cc5649c5513e20d75f084389dc897a3d7be2880f856e
FVII-SCI03-C008-JOIN-STATUS-CALCULUS,VII-C008,LEAN_DECLARATION,FoundationsVII.Models.Finite.Phase3.join_status_raw_labelled_cardinality,formalization/lean/FoundationsVII/Models/Finite/Phase3/ContactJoinEnvelope.lean,112,da41715a2a278728b20751debb80a4033cc3f0e2666a6361aa55efc40f1cf86a
FVII-SCI03-C008-JOIN-STATUS-CALCULUS,VII-C008,LEAN_DECLARATION,FoundationsVII.Models.Finite.Phase3.phase3_countermodel_count,formalization/lean/FoundationsVII/Models/Finite/Phase3/ScenarioChecks.lean,160,53cd88868ababd9f91aaa923ab9c0f74b51acf21576a6b15380afb7ef828e49f
FVII-SCI03-C008-JOIN-STATUS-CALCULUS,VII-C008,LEAN_DECLARATION,FoundationsVII.Models.Finite.Phase3.phase3_scenario_count,formalization/lean/FoundationsVII/Models/Finite/Phase3/ScenarioChecks.lean,110,8b97161fb6cd0b9d4c06c7fe30d1729538049f9c21994dd47c143e54623987f5
FVII-SCI03-C008-JOIN-STATUS-CALCULUS,VII-C008,LEAN_DECLARATION,FoundationsVII.Models.Finite.Phase3.phase3_source_control_22_pass,formalization/lean/FoundationsVII/Models/Finite/Phase3/ScenarioChecks.lean,142,e863290ad159edcc05eb6853896f3c417c0f0ab7ea3ec1aaf93ceca2f4a54d52
FVII-SCI03-C008-JOIN-STATUS-CALCULUS,VII-C008,LEAN_DECLARATION,FoundationsVII.Models.Finite.Phase3.status_partition_complete,formalization/lean/FoundationsVII/Models/Finite/Phase3/ContactJoinEnvelope.lean,158,0dd145b7f7b9dea0447dd37eb539abfc6a1521e9aac9f37ef93e71096b96d57a
FVII-SCI03-C008-JOIN-STATUS-CALCULUS,VII-C008,LEAN_DECLARATION,FoundationsVII.JoinAssessment,formalization/lean/FoundationsVII/Join/Status.lean,23,a045937e02218a0e7697f5d4d13f1c8c1ccdb94ffd7fb2eb91dea48857985f9d
FVII-SCI03-C008-JOIN-STATUS-CALCULUS,VII-C008,LEAN_DECLARATION,FoundationsVII.JoinAssessment.StrictEligible,formalization/lean/FoundationsVII/Join/Status.lean,38,42c73fae2b7487c78508d0673129430866c44e617b5d4c72cf7ccc37891b1484
FVII-SCI03-C008-JOIN-STATUS-CALCULUS,VII-C008,LEAN_DECLARATION,FoundationsVII.JoinAssessment.classify,formalization/lean/FoundationsVII/Join/Status.lean,52,64c97cac700eed5fc2802cce92c4b783b17bd3a8783f638d0bb05338e4b5be9e
FVII-SCI03-C008-JOIN-STATUS-CALCULUS,VII-C008,LEAN_DECLARATION,FoundationsVII.JoinAssessment.overlappingAxesExample,formalization/lean/FoundationsVII/Join/Status.lean,84,564b79004a5ea2c0491acdd5dea22c3dca58f57874432f89c65acb748d4d4893
FVII-SCI03-C008-JOIN-STATUS-CALCULUS,VII-C008,LEAN_DECLARATION,FoundationsVII.JoinAssessment.strictEligibleB,formalization/lean/FoundationsVII/Join/Status.lean,47,afc3e3d6ae970d093a63169fca27486072d607df004fd2dc20f57518b15dd676
FVII-SCI03-C008-JOIN-STATUS-CALCULUS,VII-C008,LEAN_DECLARATION,FoundationsVII.JoinStatus,formalization/lean/FoundationsVII/Join/Status.lean,13,2ac0dd58f1d5a598176c50c4e76afcc36dd3d3557eaed1b263217d26e3ccf882
FVII-SCI03-C008-JOIN-STATUS-CALCULUS,VII-C008,LEAN_DECLARATION,FoundationsVII.Models.Finite.Phase3.FiniteJoinStatus,formalization/lean/FoundationsVII/Models/Finite/Phase3/ContactJoinEnvelope.lean,118,a4be8cc6c50930def4fdcbde7d6a00d5ed725e226a5de6054e469dccb84fe505
FVII-SCI03-C008-JOIN-STATUS-CALCULUS,VII-C008,LEAN_DECLARATION,FoundationsVII.Models.Finite.Phase3.JoinStatusCase,formalization/lean/FoundationsVII/Models/Finite/Phase3/ContactJoinEnvelope.lean,68,92f5c5cd83377ee70398eeadd277a88dafb7c339f5df059ec5e0ef5dc42c1463
FVII-SCI03-C008-JOIN-STATUS-CALCULUS,VII-C008,LEAN_DECLARATION,FoundationsVII.Models.Finite.Phase3.Phase3CountermodelCheck,formalization/lean/FoundationsVII/Models/Finite/Phase3/ScenarioChecks.lean,114,fd8410d47e21b8b78980001c172b18da53027615262a2f0f4a42de7c01ede957
FVII-SCI03-C008-JOIN-STATUS-CALCULUS,VII-C008,LEAN_DECLARATION,FoundationsVII.Models.Finite.Phase3.Phase3Profile,formalization/lean/FoundationsVII/Models/Finite/Phase3/ScenarioChecks.lean,27,8fa3d94343235bde39eadf10f6de9cf6b791a0545f300074038f063573b367c3
FVII-SCI03-C008-JOIN-STATUS-CALCULUS,VII-C008,LEAN_DECLARATION,FoundationsVII.Models.Finite.Phase3.Phase3Scenario,formalization/lean/FoundationsVII/Models/Finite/Phase3/ScenarioChecks.lean,65,4979b08b68223091b9cff69a193869edcf77d169361271d9810280125050aef1
FVII-SCI03-C008-JOIN-STATUS-CALCULUS,VII-C008,LEAN_DECLARATION,FoundationsVII.Models.Finite.Phase3.Phase3Status,formalization/lean/FoundationsVII/Models/Finite/Phase3/ScenarioChecks.lean,11,e08fcda7042ccb9e6e8766c272da60caede1b81823e437de842d02e86a513f8d
FVII-SCI03-C008-JOIN-STATUS-CALCULUS,VII-C008,LEAN_DECLARATION,FoundationsVII.Models.Finite.Phase3.acceptedJoinStatusCases,formalization/lean/FoundationsVII/Models/Finite/Phase3/ContactJoinEnvelope.lean,137,f0fef1eddc105c36912d4eebc364f80a55a85a5e47f9152a591e8b812e31097b
FVII-SCI03-C008-JOIN-STATUS-CALCULUS,VII-C008,LEAN_DECLARATION,FoundationsVII.Models.Finite.Phase3.classifyJoinStatus,formalization/lean/FoundationsVII/Models/Finite/Phase3/ContactJoinEnvelope.lean,128,698b081091924a34427528d85570eeb79ea01d4ccf4825ef2bb153265fe5ae29
FVII-SCI03-C008-JOIN-STATUS-CALCULUS,VII-C008,LEAN_DECLARATION,FoundationsVII.Models.Finite.Phase3.classifyPhase3,formalization/lean/FoundationsVII/Models/Finite/Phase3/ScenarioChecks.lean,48,285c1fd2d43720097142d81c6447b171a3ee1e1a880c243c65368cf7222a6ca9
FVII-SCI03-C008-JOIN-STATUS-CALCULUS,VII-C008,LEAN_DECLARATION,FoundationsVII.Models.Finite.Phase3.countermodelPass,formalization/lean/FoundationsVII/Models/Finite/Phase3/ScenarioChecks.lean,119,9797e5b67333619b208ecc25e4b7ccc1bad7085d62ac7756de97f87ed6ade0cb
FVII-SCI03-C008-JOIN-STATUS-CALCULUS,VII-C008,LEAN_DECLARATION,FoundationsVII.Models.Finite.Phase3.joinStatusLaw,formalization/lean/FoundationsVII/Models/Finite/Phase3/ContactJoinEnvelope.lean,82,d755a1b74b0184bedeb88f1c9308822ea2428d88e4c7587f58ef3eccec692bf1
FVII-SCI03-C008-JOIN-STATUS-CALCULUS,VII-C008,LEAN_DECLARATION,FoundationsVII.Models.Finite.Phase3.phase3Countermodels,formalization/lean/FoundationsVII/Models/Finite/Phase3/ScenarioChecks.lean,144,e506275ed108d523b1ac5618d301b0efd43ad7607cc5a2b82808a2560e5079b3
FVII-SCI03-C008-JOIN-STATUS-CALCULUS,VII-C008,LEAN_DECLARATION,FoundationsVII.Models.Finite.Phase3.phase3Scenarios,formalization/lean/FoundationsVII/Models/Finite/Phase3/ScenarioChecks.lean,74,eb27f37a01efaf95b07f0ade8cdebdd985550a14eaeb1d5ec72b2df55ff9b696
FVII-SCI03-C008-JOIN-STATUS-CALCULUS,VII-C008,LEAN_DECLARATION,FoundationsVII.Models.Finite.Phase3.scenarioPass,formalization/lean/FoundationsVII/Models/Finite/Phase3/ScenarioChecks.lean,71,3d2dbbe534dd76c0a54744f507b2def1d940b24416090372c3e4095c650592d3
FVII-SCI03-C008-JOIN-STATUS-CALCULUS,VII-C008,LEAN_DECLARATION,FoundationsVII.Models.Finite.Phase3.statusCount,formalization/lean/FoundationsVII/Models/Finite/Phase3/ContactJoinEnvelope.lean,140,5c6329c236ad5b20a63d7bcb5dbf73f443b5cdf071bfc155b620434bcf805be0
FVII-SCI03-C008-JOIN-STATUS-CALCULUS,VII-C008,FINITE_WITNESS,TTW-S06,formalization/foundations_vii_lab/fixtures/scenarios/TTW-S06.json,,a1e3347848d419f0f27d88cc8f858569c18938bc3fccdc95bc544f52dbeddf8f
FVII-SCI03-C008-JOIN-STATUS-CALCULUS,VII-C008,FINITE_WITNESS,TTW-S07,formalization/foundations_vii_lab/fixtures/scenarios/TTW-S07.json,,a977ea23844e34b6cc0e2a78d68a997097f46ccfd84ab2c2aeef639931c33667
FVII-SCI03-C008-JOIN-STATUS-CALCULUS,VII-C008,FINITE_WITNESS,TTW-S08,formalization/foundations_vii_lab/fixtures/scenarios/TTW-S08.json,,10a6f2a7c8d439222702a8dd21a9406d8d8f29eb371e5984e06ed8139cc588eb
FVII-SCI03-C008-JOIN-STATUS-CALCULUS,VII-C008,FINITE_WITNESS,TTW-S10,formalization/foundations_vii_lab/fixtures/scenarios/TTW-S10.json,,c63041aa5ec89fad63ac0bef0fb50dd1f0d955ffbf75495af7ce40b2c4b42e4c
FVII-SCI03-C008-JOIN-STATUS-CALCULUS,VII-C008,FINITE_WITNESS,TTW-S13,formalization/foundations_vii_lab/fixtures/scenarios/TTW-S13.json,,f6c334bb37d6e708a76e40c953340380845f465fba974ed2a1962f5a575f79a1
FVII-SCI03-C008-JOIN-STATUS-CALCULUS,VII-C008,FINITE_WITNESS,CM-02,formalization/foundations_vii_lab/fixtures/countermodels/CM-02.json,,d8640552715b37e1cb1ccdfc4b67443f8c9cf05055c703cce0ab52b8625a71ec
FVII-SCI03-C008-JOIN-STATUS-CALCULUS,VII-C008,FINITE_WITNESS,CM-13,formalization/foundations_vii_lab/fixtures/countermodels/CM-13.json,,2a8115eb7b1ea340ba94a584f6785f3ebd104c9c8b1b9e0a6ea042d182396004
FVII-SCI03-C008-JOIN-STATUS-CALCULUS,VII-C008,FINITE_WITNESS,CM-27,formalization/foundations_vii_lab/fixtures/countermodels/CM-27.json,,bed679e01fa212d68bca0d45272ec61a20aec1c29c1bc8697244675e8062d11e
FVII-SCI03-C008-JOIN-STATUS-CALCULUS,VII-C008,FINITE_WITNESS,P3-W04,formalization/foundations_vii_lab/phase3/witnesses/P3-W04.json,,0dfdf09abd48470c45cccc43b854c32f9fd2a311d6de9b14fc70370b9a96519f
FVII-SCI03-C008-JOIN-STATUS-CALCULUS,VII-C008,FINITE_WITNESS,P3-W05,formalization/foundations_vii_lab/phase3/witnesses/P3-W05.json,,ffafc500888b186e2f6125e05c3d6eada265b722af35ee5e372a72cc203ef93b
FVII-SCI03-C009-STRICT-JOIN-CERTIFICATE,VII-C009,LEAN_DECLARATION,FoundationsVII.AntiProductWitness.coarsening_only_fails,formalization/lean/FoundationsVII/Join/Strictness.lean,66,1047763ca9fc7f401d2f0f59a2c1515910b4db662b2f302017c9a010bfb8562e
FVII-SCI03-C009-STRICT-JOIN-CERTIFICATE,VII-C009,LEAN_DECLARATION,FoundationsVII.AntiProductWitness.relabel_only_fails,formalization/lean/FoundationsVII/Join/Strictness.lean,48,78b1e7a4c81c3253db94752a6ed58cd92d5367cfdfc0afca5030924e90c722fd
FVII-SCI03-C009-STRICT-JOIN-CERTIFICATE,VII-C009,LEAN_DECLARATION,FoundationsVII.AntiProductWitness.scheduling_only_fails,formalization/lean/FoundationsVII/Join/Strictness.lean,57,3906636739f79d79828c71811933a5daf661e048d37a460f51a6dcf56516ab70
FVII-SCI03-C009-STRICT-JOIN-CERTIFICATE,VII-C009,LEAN_DECLARATION,FoundationsVII.AntiProductWitness.valid_is_nonfactorizing,formalization/lean/FoundationsVII/Join/Strictness.lean,40,4de07e1852c1286c8d8e3d91b4597aeac7d115fd4d8f50b5c860de3353678c67
FVII-SCI03-C009-STRICT-JOIN-CERTIFICATE,VII-C009,LEAN_DECLARATION,FoundationsVII.CompositeClosureWitness.certified_has_objecthood,formalization/lean/FoundationsVII/Join/Objecthood.lean,55,902d225ae9517ec8180a27f46344441d63e9d407b4fa8ec96d711232e4721b11
FVII-SCI03-C009-STRICT-JOIN-CERTIFICATE,VII-C009,LEAN_DECLARATION,FoundationsVII.CompositeClosureWitness.certified_of_proof_carrying_witness,formalization/lean/FoundationsVII/Join/Objecthood.lean,50,adc88b19d087ea08e17dde6e091edd31926e71e4ac480619726a1e42416e133c
FVII-SCI03-C009-STRICT-JOIN-CERTIFICATE,VII-C009,LEAN_DECLARATION,FoundationsVII.CompositeClosureWitness.certified_retains_both_parents,formalization/lean/FoundationsVII/Join/Objecthood.lean,58,904292ce07322bc2cb30c674a0c3b26fd19f5acc1ce535861461d990f900c6a3
FVII-SCI03-C009-STRICT-JOIN-CERTIFICATE,VII-C009,LEAN_DECLARATION,FoundationsVII.CompositeClosureWitness.left_retention_from_embedding,formalization/lean/FoundationsVII/Join/Objecthood.lean,44,4c71a83f6e5c74b64ea98f93e411ae9652e41f7c78cdb0bb17ffc001ed81c670
FVII-SCI03-C009-STRICT-JOIN-CERTIFICATE,VII-C009,LEAN_DECLARATION,FoundationsVII.CompositeClosureWitness.objecthood_from_fixed_point,formalization/lean/FoundationsVII/Join/Objecthood.lean,41,a083ee1dac3931e824a61e14fda8757252a5c422b2fb40095a5de55c1320e664
FVII-SCI03-C009-STRICT-JOIN-CERTIFICATE,VII-C009,LEAN_DECLARATION,FoundationsVII.CompositeClosureWitness.right_retention_from_embedding,formalization/lean/FoundationsVII/Join/Objecthood.lean,47,91145e7925a41a7024efb5811ec37221c9431103c8246de4dd80ac8ae91f8eff
FVII-SCI03-C009-STRICT-JOIN-CERTIFICATE,VII-C009,LEAN_DECLARATION,FoundationsVII.Models.Finite.Phase3.directionless_strict_case_exists,formalization/lean/FoundationsVII/Models/Finite/Phase3/ContactJoinEnvelope.lean,232,33b70bc0f620df012a7062d23352bfd1dbb660b54bcfc6724853947712c1585f
FVII-SCI03-C009-STRICT-JOIN-CERTIFICATE,VII-C009,LEAN_DECLARATION,FoundationsVII.Models.Finite.Phase3.strict_join_status_count,formalization/lean/FoundationsVII/Models/Finite/Phase3/ContactJoinEnvelope.lean,151,74c587046d94536c5084188c98fe9b115121358aeac43b882e6e49288842eea6
FVII-SCI03-C009-STRICT-JOIN-CERTIFICATE,VII-C009,LEAN_DECLARATION,FoundationsVII.Models.Finite.Phase3.strictness_accepted_cardinality,formalization/lean/FoundationsVII/Models/Finite/Phase3/ContactJoinEnvelope.lean,220,44b0bf3317f2e2b0c4f82df28ef7d75223873c69cea815e9a66b961b1740554c
FVII-SCI03-C009-STRICT-JOIN-CERTIFICATE,VII-C009,LEAN_DECLARATION,FoundationsVII.Models.Finite.Phase3.strictness_canonical_cardinality,formalization/lean/FoundationsVII/Models/Finite/Phase3/ContactJoinEnvelope.lean,215,286b428cbba35dca487f1b2353f8d807eac1eef55d0521838e629416d09e591a
FVII-SCI03-C009-STRICT-JOIN-CERTIFICATE,VII-C009,LEAN_DECLARATION,FoundationsVII.Models.Finite.Phase3.strictness_raw_labelled_cardinality,formalization/lean/FoundationsVII/Models/Finite/Phase3/ContactJoinEnvelope.lean,217,38cfc4e5afbf8e5208f0d25349a22e27d48916820e8b9005276dc398c045a8f7
FVII-SCI03-C009-STRICT-JOIN-CERTIFICATE,VII-C009,LEAN_DECLARATION,FoundationsVII.NoGo.NGVII_06_escape_complete_strict_join_certificate,formalization/lean/FoundationsVII/NoGo/Join.lean,92,995b9687195afd68552ccbb457bf9fcfb08c005b20b305c5c3d980885dc87618
FVII-SCI03-C009-STRICT-JOIN-CERTIFICATE,VII-C009,LEAN_DECLARATION,FoundationsVII.NoGo.NGVII_06_no_join_from_contact_alone,formalization/lean/FoundationsVII/NoGo/Join.lean,76,64857c697741fc4ec8d0b39da6405a81bdd196709d0f49917d7cfdb763e8d521
FVII-SCI03-C009-STRICT-JOIN-CERTIFICATE,VII-C009,LEAN_DECLARATION,FoundationsVII.NoGo.NGVII_07_escape_anti_product_witness,formalization/lean/FoundationsVII/NoGo/Join.lean,132,74f7665de2421947c848159e71812b019c5b9a428c7f3a46df81833783adafb7
FVII-SCI03-C009-STRICT-JOIN-CERTIFICATE,VII-C009,LEAN_DECLARATION,FoundationsVII.NoGo.NGVII_07_no_product_common_refinement_strictness_credit,formalization/lean/FoundationsVII/NoGo/Join.lean,117,ce62b71af7e7e2d9af4b690ccc1f5ff4e2ba7142ade5409e05108d890a9fa36d
FVII-SCI03-C009-STRICT-JOIN-CERTIFICATE,VII-C009,LEAN_DECLARATION,FoundationsVII.StrictJoinEvidence.certified_does_not_supply_directionality,formalization/lean/FoundationsVII/Join/Strictness.lean,121,1efe814bebb2f1dc422281b1bd25910c613c6033f63691993e1db4fd7801025f
FVII-SCI03-C009-STRICT-JOIN-CERTIFICATE,VII-C009,LEAN_DECLARATION,FoundationsVII.StrictJoinEvidence.certified_has_anti_product_novelty,formalization/lean/FoundationsVII/Join/Strictness.lean,110,e66bf855b9bb6426fcc2fe7274dcc680f65f885bd4434ef03cbf0d9531179b2c
FVII-SCI03-C009-STRICT-JOIN-CERTIFICATE,VII-C009,LEAN_DECLARATION,FoundationsVII.StrictJoinEvidence.certified_has_objecthood,formalization/lean/FoundationsVII/Join/Strictness.lean,102,78c31e542050fee96ceda9ee34ab736b466e2abffd5ceb853aee19100d98ea82
FVII-SCI03-C009-STRICT-JOIN-CERTIFICATE,VII-C009,LEAN_DECLARATION,FoundationsVII.StrictJoinEvidence.certified_has_source_and_budget_gates,formalization/lean/FoundationsVII/Join/Strictness.lean,114,984e0628f42238cac7678082da8f24253c56054f4e3c1dde1ae5003ca8a88ec7
FVII-SCI03-C009-STRICT-JOIN-CERTIFICATE,VII-C009,LEAN_DECLARATION,FoundationsVII.StrictJoinEvidence.certified_retains_both_parents,formalization/lean/FoundationsVII/Join/Strictness.lean,105,1988f3a326f895dc2debc3e44753b952bf5d86ad8f6c7704bb25db8561ef2b2e
FVII-SCI03-C009-STRICT-JOIN-CERTIFICATE,VII-C009,LEAN_DECLARATION,FoundationsVII.StrictJoinProfile.anti_product_does_not_imply_objecthood,formalization/lean/FoundationsVII/Join/Strictness.lean,168,299eb7a57817ad3310eec514a90e8851c8d1b97a3cbb6ae6a3ee4eacfe1db5db
FVII-SCI03-C009-STRICT-JOIN-CERTIFICATE,VII-C009,LEAN_DECLARATION,FoundationsVII.StrictJoinProfile.directionless_strict_profile_exists,formalization/lean/FoundationsVII/Join/Strictness.lean,164,273d10c3a870effa00f9c43b2880e9dc73ef15facb737e1c45076eeeaef98061
FVII-SCI03-C009-STRICT-JOIN-CERTIFICATE,VII-C009,LEAN_DECLARATION,FoundationsVII.StrictJoinProfile.strictness_does_not_imply_parent_retention,formalization/lean/FoundationsVII/Join/Strictness.lean,174,ed999e4e281224050325ec0a2b3483635210f230d8da780fbe657a7f14243ba1
FVII-SCI03-C009-STRICT-JOIN-CERTIFICATE,VII-C009,LEAN_DECLARATION,FoundationsVII.finite_composite_objecthood_control,formalization/lean/FoundationsVII/Join/Objecthood.lean,84,2933a15a8cf99e45b53c3b12654ed999070dc6ab29f6eb96e4ae47a5d4acb12a
FVII-SCI03-C009-STRICT-JOIN-CERTIFICATE,VII-C009,LEAN_DECLARATION,FoundationsVII.AntiProductWitness,formalization/lean/FoundationsVII/Join/Strictness.lean,13,76f4d81b3ae9abfd3dfe21eaa4313e649d78b9f76b745d23bbc5dbfa2038e5b5
FVII-SCI03-C009-STRICT-JOIN-CERTIFICATE,VII-C009,LEAN_DECLARATION,FoundationsVII.AntiProductWitness.Valid,formalization/lean/FoundationsVII/Join/Strictness.lean,28,31950bc62358c5748955ca78d8b0acfb2ae2a952f585d8f79862305e1f53d050
FVII-SCI03-C009-STRICT-JOIN-CERTIFICATE,VII-C009,LEAN_DECLARATION,FoundationsVII.CompositeClosureWitness,formalization/lean/FoundationsVII/Join/Objecthood.lean,16,ba56e71df3b2630e0592ad7e5e51f197c5b34499753fae40ddd2ccc8920032f1
FVII-SCI03-C009-STRICT-JOIN-CERTIFICATE,VII-C009,LEAN_DECLARATION,FoundationsVII.CompositeClosureWitness.Certified,formalization/lean/FoundationsVII/Join/Objecthood.lean,37,a6b68d7705198bf360448020982515e1f72c7231321eac89298d83a7e510d188
FVII-SCI03-C009-STRICT-JOIN-CERTIFICATE,VII-C009,LEAN_DECLARATION,FoundationsVII.CompositeClosureWitness.Objecthood,formalization/lean/FoundationsVII/Join/Objecthood.lean,28,7b349fc284a956ea0f9b4d9cee7179898693f14762a6e509e173ebbf2dbf2241
FVII-SCI03-C009-STRICT-JOIN-CERTIFICATE,VII-C009,LEAN_DECLARATION,FoundationsVII.CompositeClosureWitness.RetainsLeft,formalization/lean/FoundationsVII/Join/Objecthood.lean,31,9d9a061970d6a36468d822ade452838eb58189093fb86f9bc17c7990fe54bf23
FVII-SCI03-C009-STRICT-JOIN-CERTIFICATE,VII-C009,LEAN_DECLARATION,FoundationsVII.CompositeClosureWitness.RetainsRight,formalization/lean/FoundationsVII/Join/Objecthood.lean,34,5c1150a5e1d247090f4dbfbe94d63f4324eb8bd9e7ce36f046738473d070cc52
FVII-SCI03-C009-STRICT-JOIN-CERTIFICATE,VII-C009,LEAN_DECLARATION,FoundationsVII.Models.Finite.Phase3.StrictnessCase,formalization/lean/FoundationsVII/Models/Finite/Phase3/ContactJoinEnvelope.lean,166,afa3f2c2e8efd614025b7425d48f7b49e20d8e83766a9bcab4639e1282ad431f
FVII-SCI03-C009-STRICT-JOIN-CERTIFICATE,VII-C009,LEAN_DECLARATION,FoundationsVII.Models.Finite.Phase3.strictnessLaw,formalization/lean/FoundationsVII/Models/Finite/Phase3/ContactJoinEnvelope.lean,185,88bcae5c28f9274e7f80e9231191bef7470bd5adaf2fc4d20468c413b0376d5b
FVII-SCI03-C009-STRICT-JOIN-CERTIFICATE,VII-C009,LEAN_DECLARATION,FoundationsVII.NoGo.ContactOnlyJoinProfile,formalization/lean/FoundationsVII/NoGo/Join.lean,51,e6b4b4009f0d0bdf0a9c35eb1edb194ca7bed55fc10c814a48a675b8eb604baf
FVII-SCI03-C009-STRICT-JOIN-CERTIFICATE,VII-C009,LEAN_DECLARATION,FoundationsVII.NoGo.ContactOnlyJoinProfile.ContactOnly,formalization/lean/FoundationsVII/NoGo/Join.lean,68,35b4b6ada5ca6ae7c33cb2c0ba9d3ea29d8bee9c99405ca304cd10632f9a7269
FVII-SCI03-C009-STRICT-JOIN-CERTIFICATE,VII-C009,LEAN_DECLARATION,FoundationsVII.NoGo.ProductJoinProfile,formalization/lean/FoundationsVII/NoGo/Join.lean,95,b8dc2249a6f5824312f565c0b789989fd9bb2d84f48db807d7f8007ca10df8e6
FVII-SCI03-C009-STRICT-JOIN-CERTIFICATE,VII-C009,LEAN_DECLARATION,FoundationsVII.StrictJoinEvidence,formalization/lean/FoundationsVII/Join/Strictness.lean,77,a5c8a2e12f80363a4761990dc0bbc4896d8dcf4280125cae94b6011b3ef4b9dd
FVII-SCI03-C009-STRICT-JOIN-CERTIFICATE,VII-C009,LEAN_DECLARATION,FoundationsVII.StrictJoinEvidence.Certified,formalization/lean/FoundationsVII/Join/Strictness.lean,92,8b0780e34b3c33d73e37e911713d89f9526fe576258a833c1d4408d5bd574067
FVII-SCI03-C009-STRICT-JOIN-CERTIFICATE,VII-C009,LEAN_DECLARATION,FoundationsVII.StrictJoinProfile,formalization/lean/FoundationsVII/Join/Strictness.lean,129,b8c447869b6a663952d7441daeeb71ee06026a85d465de3b5d93391f04f3d6ee
FVII-SCI03-C009-STRICT-JOIN-CERTIFICATE,VII-C009,LEAN_DECLARATION,FoundationsVII.StrictJoinProfile.Certified,formalization/lean/FoundationsVII/Join/Strictness.lean,141,370d5b421fea82217b6ae33ad1e07dc25b4a0b3a104e21a95e36d2125a1cf760
FVII-SCI03-C009-STRICT-JOIN-CERTIFICATE,VII-C009,FINITE_WITNESS,TTW-S07,formalization/foundations_vii_lab/fixtures/scenarios/TTW-S07.json,,a977ea23844e34b6cc0e2a78d68a997097f46ccfd84ab2c2aeef639931c33667
FVII-SCI03-C009-STRICT-JOIN-CERTIFICATE,VII-C009,FINITE_WITNESS,TTW-S08,formalization/foundations_vii_lab/fixtures/scenarios/TTW-S08.json,,10a6f2a7c8d439222702a8dd21a9406d8d8f29eb371e5984e06ed8139cc588eb
FVII-SCI03-C009-STRICT-JOIN-CERTIFICATE,VII-C009,FINITE_WITNESS,TTW-S15,formalization/foundations_vii_lab/fixtures/scenarios/TTW-S15.json,,5d3afb3d50f282a194010c5c8fb872cc68fd7aad8d877f8ad87c78463f272faf
FVII-SCI03-C009-STRICT-JOIN-CERTIFICATE,VII-C009,FINITE_WITNESS,CM-03,formalization/foundations_vii_lab/fixtures/countermodels/CM-03.json,,33a6d8ad67c1ce059d19b87fb932624abd8d2267ff0a60f834b726d428f61be1
FVII-SCI03-C009-STRICT-JOIN-CERTIFICATE,VII-C009,FINITE_WITNESS,CM-13,formalization/foundations_vii_lab/fixtures/countermodels/CM-13.json,,2a8115eb7b1ea340ba94a584f6785f3ebd104c9c8b1b9e0a6ea042d182396004
FVII-SCI03-C009-STRICT-JOIN-CERTIFICATE,VII-C009,FINITE_WITNESS,CM-14,formalization/foundations_vii_lab/fixtures/countermodels/CM-14.json,,a72c6d051ac34d7b0243bc8f56e7f0b2683a996fb56d66d2177937b66bb64af6
FVII-SCI03-C009-STRICT-JOIN-CERTIFICATE,VII-C009,FINITE_WITNESS,CM-16,formalization/foundations_vii_lab/fixtures/countermodels/CM-16.json,,8bb458b3c5b0d28db5b0f7ddc96ec3431285d15de656df6694b963db7df3d306
FVII-SCI03-C009-STRICT-JOIN-CERTIFICATE,VII-C009,FINITE_WITNESS,P3-W06,formalization/foundations_vii_lab/phase3/witnesses/P3-W06.json,,1e7e2202200b37b177d6d7d26e8141425e4259433fbf884113d8161d78414c6b
FVII-SCI03-C009-STRICT-JOIN-CERTIFICATE,VII-C009,FINITE_WITNESS,P3-W07,formalization/foundations_vii_lab/phase3/witnesses/P3-W07.json,,0da12f2f2eac1a5d34c9810710813a740ef412d7b489315173d12c4494363b72
FVII-SCI03-C009-STRICT-JOIN-CERTIFICATE,VII-C009,FINITE_WITNESS,P3-W08,formalization/foundations_vii_lab/phase3/witnesses/P3-W08.json,,5eef3fff16c771f7a0c9a7469da19457f3a147debfe4c0abefb91e5f949806bf
FVII-SCI03-C009-STRICT-JOIN-CERTIFICATE,VII-C009,FINITE_WITNESS,P3-W09,formalization/foundations_vii_lab/phase3/witnesses/P3-W09.json,,abd27613e730537338ebf2dc1b2171e7d8686ceb2521faf4ce1645d87bf62650
FVII-SCI03-C010-SOURCE-INDEPENDENCE-GATE,VII-C010,LEAN_DECLARATION,FoundationsVII.HonestBridgeRecord.certified_preserves_kind_metadata,formalization/lean/FoundationsVII/Join/Source.lean,68,4c02f8966671741d05b7879375d3d800f0cf6f2cec1d76db2fad2a737bb572c4
FVII-SCI03-C010-SOURCE-INDEPENDENCE-GATE,VII-C010,LEAN_DECLARATION,FoundationsVII.HonestBridgeRecord.certified_records_bridged_kind,formalization/lean/FoundationsVII/Join/Source.lean,59,606e6ff4f6ebe6aef8823cbaefc0e1af071eefd9e73ed660240fe6c5bc0ac45b
FVII-SCI03-C010-SOURCE-INDEPENDENCE-GATE,VII-C010,LEAN_DECLARATION,FoundationsVII.HonestBridgeRecord.certified_records_declared_origin,formalization/lean/FoundationsVII/Join/Source.lean,63,6a580497257ac2c24ac0b7fef7e3904ccd0702be440cf7959d2ea663177e8489
FVII-SCI03-C010-SOURCE-INDEPENDENCE-GATE,VII-C010,LEAN_DECLARATION,FoundationsVII.Models.Finite.Phase3.source_lineage_accepted_cardinality,formalization/lean/FoundationsVII/Models/Finite/Phase3/ContactJoinEnvelope.lean,269,69b2b06a12f85f764bc610bd4169127ba362ec724102e372633751ec0d343db2
FVII-SCI03-C010-SOURCE-INDEPENDENCE-GATE,VII-C010,LEAN_DECLARATION,FoundationsVII.Models.Finite.Phase3.source_lineage_raw_cardinality,formalization/lean/FoundationsVII/Models/Finite/Phase3/ContactJoinEnvelope.lean,267,6e7c5bd0ce5f49cce24bdd72dbaefb35b9e3412eb2d91b52ca2770c4b451e676
FVII-SCI03-C010-SOURCE-INDEPENDENCE-GATE,VII-C010,LEAN_DECLARATION,FoundationsVII.NoGo.NGVII_02_escape_witnessed_independent_contact,formalization/lean/FoundationsVII/NoGo/Join.lean,48,f831637d51fb55865f7bc0141b4a23c3e968dd060525f1413cbb12c8fa50faa4
FVII-SCI03-C010-SOURCE-INDEPENDENCE-GATE,VII-C010,LEAN_DECLARATION,FoundationsVII.NoGo.NGVII_02_no_resemblance_only_independence_join,formalization/lean/FoundationsVII/NoGo/Join.lean,33,03ce39e920bf25dab99ef5e0f175b50c7b0333e29b2d16d0f97718bbe93ab7a7
FVII-SCI03-C010-SOURCE-INDEPENDENCE-GATE,VII-C010,LEAN_DECLARATION,FoundationsVII.NoGo.NGVII_08_escape_disjoint_root_certificate,formalization/lean/FoundationsVII/NoGo/Join.lean,167,0a39e4c9487d2eedf3c57d0606c4a049d1eabdf1e63ee1cb3f7c49673cbde8f1
FVII-SCI03-C010-SOURCE-INDEPENDENCE-GATE,VII-C010,LEAN_DECLARATION,FoundationsVII.NoGo.NGVII_08_no_one_lineage_source_independence_credit,formalization/lean/FoundationsVII/NoGo/Join.lean,153,3f44e850aa05bab05db05144952da28c313137b86aba342214dfd3ba1093b35c
FVII-SCI03-C010-SOURCE-INDEPENDENCE-GATE,VII-C010,LEAN_DECLARATION,FoundationsVII.SourceAncestry.independence_excludes_same_lineage,formalization/lean/FoundationsVII/Join/Source.lean,32,296653d719edfd2222dfef657e10a7faf3d2f193225b845e7aa6a0669e441ff6
FVII-SCI03-C010-SOURCE-INDEPENDENCE-GATE,VII-C010,LEAN_DECLARATION,FoundationsVII.SourceAncestry.same_lineage_excludes_independence,formalization/lean/FoundationsVII/Join/Source.lean,27,da1c1f8a823f665206fbc3411b909e5b12c7f7d7ebdaa84f2a3529dea1a9203b
FVII-SCI03-C010-SOURCE-INDEPENDENCE-GATE,VII-C010,LEAN_DECLARATION,FoundationsVII.SourceIndependenceGate.behavioral_nonfactorization_alone_is_insufficient,formalization/lean/FoundationsVII/Join/Source.lean,99,c7f83a0bea9f256ae6a55ed8282857f9aa806cbca65bb2f64cd65977b43d3a36
FVII-SCI03-C010-SOURCE-INDEPENDENCE-GATE,VII-C010,LEAN_DECLARATION,FoundationsVII.SourceIndependenceGate.certified_gate_separates_source_and_behavior,formalization/lean/FoundationsVII/Join/Source.lean,107,9a8d3c23dd8aeddd3d0551add344bccf73769dbcbf2b016849e5df74070868da
FVII-SCI03-C010-SOURCE-INDEPENDENCE-GATE,VII-C010,LEAN_DECLARATION,FoundationsVII.SourceIndependenceGate.same_lineage_fails_independence_sensitive_credit,formalization/lean/FoundationsVII/Join/Source.lean,92,3a5b66ca0635f337bc5527ab41b08351a603b44af389ce4f6bf1d658798c53c8
FVII-SCI03-C010-SOURCE-INDEPENDENCE-GATE,VII-C010,LEAN_DECLARATION,FoundationsVII.HonestBridgeRecord,formalization/lean/FoundationsVII/Join/Source.lean,39,12287a8d37d047c21288dcf52e142f6c865cbbfa255610394665d6e7f22496a6
FVII-SCI03-C010-SOURCE-INDEPENDENCE-GATE,VII-C010,LEAN_DECLARATION,FoundationsVII.HonestBridgeRecord.Certified,formalization/lean/FoundationsVII/Join/Source.lean,51,e99ad0bf6dc873db180b621f1a7e1b0e0889cba3eb269a1c51f60495941fd4dc
FVII-SCI03-C010-SOURCE-INDEPENDENCE-GATE,VII-C010,LEAN_DECLARATION,FoundationsVII.Models.Finite.Phase3.SourceLineageCase,formalization/lean/FoundationsVII/Models/Finite/Phase3/ContactJoinEnvelope.lean,242,5e996bcc3c8c437754b54f08c77c0da086a52a71019260915d7a22d4bdc1e32c
FVII-SCI03-C010-SOURCE-INDEPENDENCE-GATE,VII-C010,LEAN_DECLARATION,FoundationsVII.Models.Finite.Phase3.sourceLineageLaw,formalization/lean/FoundationsVII/Models/Finite/Phase3/ContactJoinEnvelope.lean,252,d910f0355ea4ac31af2037cc374f3a4d85b2086d0d99fb7b3cf9644e4f5bd9b3
FVII-SCI03-C010-SOURCE-INDEPENDENCE-GATE,VII-C010,LEAN_DECLARATION,FoundationsVII.NoGo.LineageJoinCredit,formalization/lean/FoundationsVII/NoGo/Join.lean,135,5500028c16ce1c106fb9c4dd5712a34b0dfe1103cde298e7ada3583ca44b6444
FVII-SCI03-C010-SOURCE-INDEPENDENCE-GATE,VII-C010,LEAN_DECLARATION,FoundationsVII.NoGo.LineageJoinCredit.OneLineage,formalization/lean/FoundationsVII/NoGo/Join.lean,147,655fd272aca63eb8ce29350b346e83866bd5042983b77137695532a6acc46003
FVII-SCI03-C010-SOURCE-INDEPENDENCE-GATE,VII-C010,LEAN_DECLARATION,FoundationsVII.NoGo.ResemblanceJoinProfile,formalization/lean/FoundationsVII/NoGo/Join.lean,12,2da4b74326de66053db8bd63fbcadc8f847f198e176b993a13c717f7670e62f7
FVII-SCI03-C010-SOURCE-INDEPENDENCE-GATE,VII-C010,LEAN_DECLARATION,FoundationsVII.NoGo.ResemblanceJoinProfile.ResemblanceOnly,formalization/lean/FoundationsVII/NoGo/Join.lean,26,0ff9b34a8fdcdd616baf4829fbd7a685cf05323069efc55fa098d27e381ddd51
FVII-SCI03-C010-SOURCE-INDEPENDENCE-GATE,VII-C010,LEAN_DECLARATION,FoundationsVII.SourceAncestry,formalization/lean/FoundationsVII/Join/Source.lean,12,168d3ab26f4c0e04c9d8f7aae3b11aab6b68b361506fbb61e6a02fd856c216f5
FVII-SCI03-C010-SOURCE-INDEPENDENCE-GATE,VII-C010,LEAN_DECLARATION,FoundationsVII.SourceAncestry.Independent,formalization/lean/FoundationsVII/Join/Source.lean,24,d6e78c93ab6eabe97dfcf642532ddc255aacf7107d12f359ad7f82769f3e7e39
FVII-SCI03-C010-SOURCE-INDEPENDENCE-GATE,VII-C010,LEAN_DECLARATION,FoundationsVII.SourceAncestry.SameLineage,formalization/lean/FoundationsVII/Join/Source.lean,21,3560afc3643eec2bbab45c28a96e045ab95107b0e9b000163901f509ae3f8f57
FVII-SCI03-C010-SOURCE-INDEPENDENCE-GATE,VII-C010,LEAN_DECLARATION,FoundationsVII.SourceIndependenceGate,formalization/lean/FoundationsVII/Join/Source.lean,74,3fe6c0ffb9963f853f5f798db21801680f5f4ae945befcf98eecec7a13ccdc78
FVII-SCI03-C010-SOURCE-INDEPENDENCE-GATE,VII-C010,LEAN_DECLARATION,FoundationsVII.SourceIndependenceGate.Certified,formalization/lean/FoundationsVII/Join/Source.lean,84,ef4e31d362e485c980221413a217fa13d4a8d3940052fbde7dd8d8ca2ef44951
FVII-SCI03-C010-SOURCE-INDEPENDENCE-GATE,VII-C010,LEAN_DECLARATION,FoundationsVII.SourceIndependenceGate.IndependenceSensitiveCredit,formalization/lean/FoundationsVII/Join/Source.lean,89,41c4e269badeef5088e8be3c087ba2cfbfcbd3d5a59cce0722cbfd51b7074287
FVII-SCI03-C010-SOURCE-INDEPENDENCE-GATE,VII-C010,FINITE_WITNESS,TTW-S05,formalization/foundations_vii_lab/fixtures/scenarios/TTW-S05.json,,32e058129248a86fcd74df5d9e04b21892fd754dff6000738ca5c1fccd17980c
FVII-SCI03-C010-SOURCE-INDEPENDENCE-GATE,VII-C010,FINITE_WITNESS,TTW-S11,formalization/foundations_vii_lab/fixtures/scenarios/TTW-S11.json,,f7251f500fa947a0b10a2f6e882a98d7c268017090127fe3ba304c8929ce1fad
FVII-SCI03-C010-SOURCE-INDEPENDENCE-GATE,VII-C010,FINITE_WITNESS,CM-01,formalization/foundations_vii_lab/fixtures/countermodels/CM-01.json,,2cc651047d5dea1a8c530f236b60903ad85293af00c86c5c6b24590ebf48d502
FVII-SCI03-C010-SOURCE-INDEPENDENCE-GATE,VII-C010,FINITE_WITNESS,CM-26,formalization/foundations_vii_lab/fixtures/countermodels/CM-26.json,,8ced4b29104ed28c08f55efa5ae3cf5165c898867e3e4eb694c65650cebfade8
FVII-SCI03-C010-SOURCE-INDEPENDENCE-GATE,VII-C010,FINITE_WITNESS,P3-W10,formalization/foundations_vii_lab/phase3/witnesses/P3-W10.json,,a87e9013785976a0de1c570932ee9859617de9d90307d9a00fd89a433f358d3f
FVII-SCI03-C010-SOURCE-INDEPENDENCE-GATE,VII-C010,FINITE_WITNESS,P3-W11,formalization/foundations_vii_lab/phase3/witnesses/P3-W11.json,,1f9897c4f09c5b04d49d788f0b4b1e3957d292fd399bf6d355adc43b81c5ab5a
FVII-SCI03-C011-JOIN-BUDGET-LEDGER,VII-C011,LEAN_DECLARATION,FoundationsVII.JoinCostEntry.certified_zero_cost_channel_is_credited,formalization/lean/FoundationsVII/Join/Budget.lean,42,9b52210f90b95ebfaf7c66fd1c0365eb98ef88c2c3c87239959375f0e0ce5a98
FVII-SCI03-C011-JOIN-BUDGET-LEDGER,VII-C011,LEAN_DECLARATION,FoundationsVII.JoinCostEntry.paid_entry_is_credited,formalization/lean/FoundationsVII/Join/Budget.lean,38,71326098049d0f0ae3c64f134b66888257b09393d792d75ca32c6c1d5e84e976
FVII-SCI03-C011-JOIN-BUDGET-LEDGER,VII-C011,LEAN_DECLARATION,FoundationsVII.JoinCostEntry.positive_cost_without_payment_or_zero_channel_is_not_credited,formalization/lean/FoundationsVII/Join/Budget.lean,47,fcd06d5f2c9b00bfedcc60d7c2aa29490795e0bc44d8eec434ea2e0a64a6269b
FVII-SCI03-C011-JOIN-BUDGET-LEDGER,VII-C011,LEAN_DECLARATION,FoundationsVII.JoinCostEntry.positive_observer_cost_cannot_be_hidden,formalization/lean/FoundationsVII/Join/Budget.lean,61,c137a1490c10a2f39d9381eb583aaf9fbe0a4eefe59176d56e322d7de602d940
FVII-SCI03-C011-JOIN-BUDGET-LEDGER,VII-C011,LEAN_DECLARATION,FoundationsVII.JoinPaymentLedger.fullyPaid_entries_are_credited,formalization/lean/FoundationsVII/Join/Budget.lean,91,cf503ffd27d47cecb5417324c1f7e031dbc44a3b0b08ff9b771021c5f941589e
FVII-SCI03-C011-JOIN-BUDGET-LEDGER,VII-C011,LEAN_DECLARATION,FoundationsVII.JoinPaymentLedger.fullyPaid_has_audit,formalization/lean/FoundationsVII/Join/Budget.lean,96,47088c7d165a8a9978de8c2da774f5f2b2efa9af02dbe4f4b76aba4a90ad2bc4
FVII-SCI03-C011-JOIN-BUDGET-LEDGER,VII-C011,LEAN_DECLARATION,FoundationsVII.JoinPaymentLedger.typed_cost_projection_preserves_kinds,formalization/lean/FoundationsVII/Join/Budget.lean,99,f9c657b70b7d689ab936e1ea2912afee503e3cf9f08994205ae8e552659d8d0b
FVII-SCI03-C011-JOIN-BUDGET-LEDGER,VII-C011,LEAN_DECLARATION,FoundationsVII.LiveJoinCapacity.finite_live_join_bound,formalization/lean/FoundationsVII/Join/Budget.lean,117,d22ee1d747612369e58a811b75ece7b9b7bac985d84ebb910487b9bb8bd313fd
FVII-SCI03-C011-JOIN-BUDGET-LEDGER,VII-C011,LEAN_DECLARATION,FoundationsVII.Models.Finite.Phase3.capacity_accepted_cardinality,formalization/lean/FoundationsVII/Models/Finite/Phase3/ContactJoinEnvelope.lean,332,3a5b36668ac5b05b846a5c1c4da6a8f4f6ec353f1e37d66ad77293fd08d950b7
FVII-SCI03-C011-JOIN-BUDGET-LEDGER,VII-C011,LEAN_DECLARATION,FoundationsVII.Models.Finite.Phase3.capacity_raw_cardinality,formalization/lean/FoundationsVII/Models/Finite/Phase3/ContactJoinEnvelope.lean,330,1ff95a7890acd25dc9f2900340714721065d6141d11aaf2084a9ec7da2acb31d
FVII-SCI03-C011-JOIN-BUDGET-LEDGER,VII-C011,LEAN_DECLARATION,FoundationsVII.Models.Finite.Phase3.payment_accepted_cardinality,formalization/lean/FoundationsVII/Models/Finite/Phase3/ContactJoinEnvelope.lean,304,f6c15ae4156a814bc4e49ccda808fb7ce41268278994dbe0f2f3f398d75aa895
FVII-SCI03-C011-JOIN-BUDGET-LEDGER,VII-C011,LEAN_DECLARATION,FoundationsVII.Models.Finite.Phase3.payment_raw_cardinality,formalization/lean/FoundationsVII/Models/Finite/Phase3/ContactJoinEnvelope.lean,302,de74df66f53107e3659cd3251461726ab09adf466d665174ff5b26c2bea46c77
FVII-SCI03-C011-JOIN-BUDGET-LEDGER,VII-C011,LEAN_DECLARATION,FoundationsVII.NoGo.NGVII_09_escape_certified_zero_cost_channel,formalization/lean/FoundationsVII/NoGo/Join.lean,224,0e9e45b3eb3e34883d1b76164d7b8b8c88c714815a1b21024d371f9165dfa416
FVII-SCI03-C011-JOIN-BUDGET-LEDGER,VII-C011,LEAN_DECLARATION,FoundationsVII.NoGo.NGVII_09_escape_paid_channel,formalization/lean/FoundationsVII/NoGo/Join.lean,221,8b5adc9298aca4c3967159c04d64fdd57aeec649a7449fbf78d7ffdf762e95f9
FVII-SCI03-C011-JOIN-BUDGET-LEDGER,VII-C011,LEAN_DECLARATION,FoundationsVII.NoGo.NGVII_09_no_positive_cost_join_credit_without_payment,formalization/lean/FoundationsVII/NoGo/Join.lean,194,6ddb47c411bf1537c608066ab15b144f7041e5457369814f8a8a57e1c71fcf6b
FVII-SCI03-C011-JOIN-BUDGET-LEDGER,VII-C011,LEAN_DECLARATION,FoundationsVII.JoinCostEntry,formalization/lean/FoundationsVII/Join/Budget.lean,20,223e558b2b04faf97afa35608ee073940df86d0f6689268da1f38ca7f2709e5b
FVII-SCI03-C011-JOIN-BUDGET-LEDGER,VII-C011,LEAN_DECLARATION,FoundationsVII.JoinCostEntry.Credited,formalization/lean/FoundationsVII/Join/Budget.lean,32,b4e1cfacc313749ade5961fc97e3d175e0e7ea97dfa4724c374a18a2930e65d9
FVII-SCI03-C011-JOIN-BUDGET-LEDGER,VII-C011,LEAN_DECLARATION,FoundationsVII.JoinCostEntry.PositiveCost,formalization/lean/FoundationsVII/Join/Budget.lean,36,55832b1e2d9a65604faa7a52e0a28560904cddea79e5e488403c6dd482a9ea34
FVII-SCI03-C011-JOIN-BUDGET-LEDGER,VII-C011,LEAN_DECLARATION,FoundationsVII.JoinCostKind,formalization/lean/FoundationsVII/Join/Budget.lean,12,e4e78fb048e2d155aad95ecd682873aaa68a10a1831470d6aaf2757fb110df16
FVII-SCI03-C011-JOIN-BUDGET-LEDGER,VII-C011,LEAN_DECLARATION,FoundationsVII.JoinPaymentLedger,formalization/lean/FoundationsVII/Join/Budget.lean,74,9f510e76a6a3d2d1c808491a66e0325e2e9c04fcd5a7bfb86e10f84afb3ac3b0
FVII-SCI03-C011-JOIN-BUDGET-LEDGER,VII-C011,LEAN_DECLARATION,FoundationsVII.JoinPaymentLedger.FullyPaid,formalization/lean/FoundationsVII/Join/Budget.lean,84,8275f70a23625961581e11ab6064127dee2fffae059d1f5eae6b759e5785232f
FVII-SCI03-C011-JOIN-BUDGET-LEDGER,VII-C011,LEAN_DECLARATION,FoundationsVII.JoinPaymentLedger.WellFormed,formalization/lean/FoundationsVII/Join/Budget.lean,81,957f60b0f3388992c5b5e357b754e73a0a50a81077efa8a7f335b862385878c9
FVII-SCI03-C011-JOIN-BUDGET-LEDGER,VII-C011,LEAN_DECLARATION,FoundationsVII.JoinPaymentLedger.typedCosts,formalization/lean/FoundationsVII/Join/Budget.lean,88,127605df6984f7c91cd6f6d1272029c6193599072e22bdced3a8270a04db26de
FVII-SCI03-C011-JOIN-BUDGET-LEDGER,VII-C011,LEAN_DECLARATION,FoundationsVII.LiveJoinCapacity,formalization/lean/FoundationsVII/Join/Budget.lean,105,72cd3229ca1c0431fd48344954a67a64a298c91c0c85b34e29353173c462447d
FVII-SCI03-C011-JOIN-BUDGET-LEDGER,VII-C011,LEAN_DECLARATION,FoundationsVII.LiveJoinCapacity.Feasible,formalization/lean/FoundationsVII/Join/Budget.lean,113,80e1b0856f73c26ea3441b27415f1ddd23624928e9f33ee36a41009ab6e26174
FVII-SCI03-C011-JOIN-BUDGET-LEDGER,VII-C011,LEAN_DECLARATION,FoundationsVII.Models.Finite.Phase3.CapacityCase,formalization/lean/FoundationsVII/Models/Finite/Phase3/ContactJoinEnvelope.lean,309,87c2e2159f4f18114eeb3821771bad47f45ed048e290de1c6bd4621ce572a487
FVII-SCI03-C011-JOIN-BUDGET-LEDGER,VII-C011,LEAN_DECLARATION,FoundationsVII.Models.Finite.Phase3.PaymentCase,formalization/lean/FoundationsVII/Models/Finite/Phase3/ContactJoinEnvelope.lean,274,db532db1fe4ec5114ed3fdf1e5a9b830d5290902b54a0fd5c114736d941af37e
FVII-SCI03-C011-JOIN-BUDGET-LEDGER,VII-C011,LEAN_DECLARATION,FoundationsVII.Models.Finite.Phase3.capacityActual,formalization/lean/FoundationsVII/Models/Finite/Phase3/ContactJoinEnvelope.lean,316,1694c6bdf07be53c6fe02e76ba2e46b30638433a3bae66847b53ee8d50a86802
FVII-SCI03-C011-JOIN-BUDGET-LEDGER,VII-C011,LEAN_DECLARATION,FoundationsVII.Models.Finite.Phase3.capacityLaw,formalization/lean/FoundationsVII/Models/Finite/Phase3/ContactJoinEnvelope.lean,320,62d0e74a6b4c38f2dd10a9024428c4916597be12034abf769b10b14d490b1bbf
FVII-SCI03-C011-JOIN-BUDGET-LEDGER,VII-C011,LEAN_DECLARATION,FoundationsVII.Models.Finite.Phase3.paymentLaw,formalization/lean/FoundationsVII/Models/Finite/Phase3/ContactJoinEnvelope.lean,284,088e9f36e984ca942fe9070d52c75eb92abcd2ace6cde50adb19793017b4175e
FVII-SCI03-C011-JOIN-BUDGET-LEDGER,VII-C011,LEAN_DECLARATION,FoundationsVII.NoGo.PaymentJoinCredit,formalization/lean/FoundationsVII/NoGo/Join.lean,170,a4e34f4ee3cd49ec8ce832a6b6554798a9db09dc645d6811da11f2c71e053c74
FVII-SCI03-C011-JOIN-BUDGET-LEDGER,VII-C011,LEAN_DECLARATION,FoundationsVII.NoGo.PaymentJoinCredit.PositiveUnpaid,formalization/lean/FoundationsVII/NoGo/Join.lean,187,20e4bd3492f60c6732de1eaeec5073f192d949467ce56f7f33d898a1ae4eafd2
FVII-SCI03-C011-JOIN-BUDGET-LEDGER,VII-C011,FINITE_WITNESS,TTW-S10,formalization/foundations_vii_lab/fixtures/scenarios/TTW-S10.json,,c63041aa5ec89fad63ac0bef0fb50dd1f0d955ffbf75495af7ce40b2c4b42e4c
FVII-SCI03-C011-JOIN-BUDGET-LEDGER,VII-C011,FINITE_WITNESS,TTW-S22,formalization/foundations_vii_lab/fixtures/scenarios/TTW-S22.json,,114cdd06ad3768679e90f0c208a1e9749236c5e2660cb8e8d7d002f3823b6dba
FVII-SCI03-C011-JOIN-BUDGET-LEDGER,VII-C011,FINITE_WITNESS,CM-11,formalization/foundations_vii_lab/fixtures/countermodels/CM-11.json,,8b165307aab0a0e168dd080514d343aa551a413f0a330bada63cbd885b85871f
FVII-SCI03-C011-JOIN-BUDGET-LEDGER,VII-C011,FINITE_WITNESS,CM-21,formalization/foundations_vii_lab/fixtures/countermodels/CM-21.json,,8c454f88f6fd75501ad313c9e46dd09891e321edaa293d8ffd15a646362a6678
FVII-SCI03-C011-JOIN-BUDGET-LEDGER,VII-C011,FINITE_WITNESS,P3-W12,formalization/foundations_vii_lab/phase3/witnesses/P3-W12.json,,7a6e4f9518a63905b5cd5832985e5858cb822a4783625076fbd44c66f3b8e71f
FVII-SCI03-C011-JOIN-BUDGET-LEDGER,VII-C011,FINITE_WITNESS,P3-W14,formalization/foundations_vii_lab/phase3/witnesses/P3-W14.json,,33ba667ce585c8b2e3b8d16f0e76246ed5af8e77a7dde90a6a2a9d78780592e9
FVII-SCI03-C011-JOIN-BUDGET-LEDGER,VII-C011,FINITE_WITNESS,P3-W15,formalization/foundations_vii_lab/phase3/witnesses/P3-W15.json,,34aaa2d0e9fa4f8e213f0954e0619efee8b095d542611e26c9037a4b772a171c
FVII-SCI03-C016-PEER-CONTACT-TRANSPORT,VII-C016,LEAN_DECLARATION,FoundationsVII.ContactChannelEvidence.mediation_licensed,formalization/lean/FoundationsVII/Contact/Transport.lean,59,f8d8d00fc51128b543a4eff17de322e878f35d6f5492b6471af6993ebbc862ce
FVII-SCI03-C016-PEER-CONTACT-TRANSPORT,VII-C016,LEAN_DECLARATION,FoundationsVII.ContactChannelEvidence.rendezvous_licensed,formalization/lean/FoundationsVII/Contact/Transport.lean,55,79c3038cc9e3486ff95a5832a3e2f1d29ec787b8be1878998926a8e1a26c2b03
FVII-SCI03-C016-PEER-CONTACT-TRANSPORT,VII-C016,LEAN_DECLARATION,FoundationsVII.ContactChannelEvidence.sequential_licensed,formalization/lean/FoundationsVII/Contact/Transport.lean,63,e4642dcdbbc8a777be5c78b5f3caeec21515417cba6f3875c223f960c6f8a0dc
FVII-SCI03-C016-PEER-CONTACT-TRANSPORT,VII-C016,LEAN_DECLARATION,FoundationsVII.ContactChannelEvidence.shared_budget_licensed,formalization/lean/FoundationsVII/Contact/Transport.lean,71,85d61fab0f5eaed9b46064df7f6206937fdc93989e058790a0d1bfccea733bf6
FVII-SCI03-C016-PEER-CONTACT-TRANSPORT,VII-C016,LEAN_DECLARATION,FoundationsVII.ContactChannelEvidence.shared_carrier_licensed,formalization/lean/FoundationsVII/Contact/Transport.lean,67,36461cf2a40198bd7e7a2b8b2a278d0a00e85fb330bd6f72344ab61daa73532d
FVII-SCI03-C016-PEER-CONTACT-TRANSPORT,VII-C016,LEAN_DECLARATION,FoundationsVII.ContactProfile.compatibility_does_not_imply_evidenced_contact,formalization/lean/FoundationsVII/Contact/Transport.lean,106,e7e5031a4aa5459d5f1e3d08676380822d6fdbf918581ad39ae243e85f7b6b3f
FVII-SCI03-C016-PEER-CONTACT-TRANSPORT,VII-C016,LEAN_DECLARATION,FoundationsVII.ContactProfile.compatibleWithoutContact_coherent,formalization/lean/FoundationsVII/Contact/Transport.lean,100,4bb79a4395d087af53511adb18a2509d3ceaf497b76a089e388d464721b534a4
FVII-SCI03-C016-PEER-CONTACT-TRANSPORT,VII-C016,LEAN_DECLARATION,FoundationsVII.ContactProfile.contactWithoutComposite_coherent,formalization/lean/FoundationsVII/Contact/Transport.lean,103,54a5b8d39a6c1ef5018f7099fd0af63a94ae803cbe252de0547a844a492aee63
FVII-SCI03-C016-PEER-CONTACT-TRANSPORT,VII-C016,LEAN_DECLARATION,FoundationsVII.ContactProfile.evidenced_contact_does_not_imply_composite,formalization/lean/FoundationsVII/Contact/Transport.lean,114,534baa9fe3eb1473af2b7abe099bbd30da774cf6c12dfbc2214ddb4df7eadcab
FVII-SCI03-C016-PEER-CONTACT-TRANSPORT,VII-C016,LEAN_DECLARATION,FoundationsVII.Models.Finite.Phase3.contact_transport_accepted_cardinality,formalization/lean/FoundationsVII/Models/Finite/Phase3/ContactJoinEnvelope.lean,59,78a824a8a3debed987ec279d3fcd19e71daebba78aa8c689941258188d109599
FVII-SCI03-C016-PEER-CONTACT-TRANSPORT,VII-C016,LEAN_DECLARATION,FoundationsVII.Models.Finite.Phase3.contact_transport_exhaustive,formalization/lean/FoundationsVII/Models/Finite/Phase3/ContactJoinEnvelope.lean,62,037c2ea529b3db6c1604961d0d65f872986676641282c019b6a889752b65950a
FVII-SCI03-C016-PEER-CONTACT-TRANSPORT,VII-C016,LEAN_DECLARATION,FoundationsVII.Models.Finite.Phase3.contact_transport_raw_cardinality,formalization/lean/FoundationsVII/Models/Finite/Phase3/ContactJoinEnvelope.lean,56,a5abe62446f42809871be678706b91892a76084fd7654962f0bdca437a787524
FVII-SCI03-C016-PEER-CONTACT-TRANSPORT,VII-C016,LEAN_DECLARATION,FoundationsVII.PeerTransport.wellFormed_preserves_destination_ownership,formalization/lean/FoundationsVII/Contact/Transport.lean,156,97c03d5ba0a6fa38ab1f70e70597db425e9ded857384d04c9d76645fa747d74c
FVII-SCI03-C016-PEER-CONTACT-TRANSPORT,VII-C016,LEAN_DECLARATION,FoundationsVII.PeerTransport.wellFormed_preserves_payload_source,formalization/lean/FoundationsVII/Contact/Transport.lean,164,5b1a39456057ec5db044ea1ddb4ef363355aa03be0248a5040463d9d6140837d
FVII-SCI03-C016-PEER-CONTACT-TRANSPORT,VII-C016,LEAN_DECLARATION,FoundationsVII.PeerTransport.wellFormed_preserves_provenance,formalization/lean/FoundationsVII/Contact/Transport.lean,160,d3fdb7b3532333918eaa34680c37a338ad461bbd278f4e63c40533406eeb9a67
FVII-SCI03-C016-PEER-CONTACT-TRANSPORT,VII-C016,LEAN_DECLARATION,FoundationsVII.PeerTransport.wellFormed_targets_declared_destination,formalization/lean/FoundationsVII/Contact/Transport.lean,168,eedface231ecd51a665dd70496639511a72c4b25ef31d864ed6f2ded47bfff04
FVII-SCI03-C016-PEER-CONTACT-TRANSPORT,VII-C016,LEAN_DECLARATION,FoundationsVII.PeerTransport.withoutJoin_does_not_form_composite,formalization/lean/FoundationsVII/Contact/Transport.lean,177,d816b30d495c8d9e05d7d315b011f7db6d9c44a8fa4a2d2b4a1def3258496679
FVII-SCI03-C016-PEER-CONTACT-TRANSPORT,VII-C016,LEAN_DECLARATION,FoundationsVII.PeerTransport.withoutJoin_is_certified_transport,formalization/lean/FoundationsVII/Contact/Transport.lean,173,bf8ea29b9de0b4f58690d2b775e28b3240f227e4c39025503e3a6c318a2888fa
FVII-SCI03-C016-PEER-CONTACT-TRANSPORT,VII-C016,LEAN_DECLARATION,FoundationsVII.contactMode_mem_all,formalization/lean/FoundationsVII/Contact/Transport.lean,34,ad96058203692540dd0766c769145c36150b2a01d3fee3d173397096e1dd26e2
FVII-SCI03-C016-PEER-CONTACT-TRANSPORT,VII-C016,LEAN_DECLARATION,FoundationsVII.contact_surface_primitive_scoped_ruling,formalization/lean/FoundationsVII/Contact/Transport.lean,240,64fec3a8190e610d4b130bca0fbfa47cac75d59c108167cedd44e44d3637c347
FVII-SCI03-C016-PEER-CONTACT-TRANSPORT,VII-C016,LEAN_DECLARATION,FoundationsVII.mediation_special_case_exists,formalization/lean/FoundationsVII/Contact/Transport.lean,219,2740d50ceb48bad2a6ddc91b6797bf1af954cb55c621a5c3e75dc1e4fefded93
FVII-SCI03-C016-PEER-CONTACT-TRANSPORT,VII-C016,LEAN_DECLARATION,FoundationsVII.peer_contact_can_transport_without_join,formalization/lean/FoundationsVII/Contact/Transport.lean,209,cba984ec784f9abff4bca07c9dc170a59a132f26f049b4dad9a0ea395d257626
FVII-SCI03-C016-PEER-CONTACT-TRANSPORT,VII-C016,LEAN_DECLARATION,FoundationsVII.rendezvous_special_case_exists,formalization/lean/FoundationsVII/Contact/Transport.lean,214,7211596dcda0d4d56739c21e1e088f123b9cab887b9272711450d22b0fd5f592
FVII-SCI03-C016-PEER-CONTACT-TRANSPORT,VII-C016,LEAN_DECLARATION,FoundationsVII.sequential_special_case_exists,formalization/lean/FoundationsVII/Contact/Transport.lean,224,7bd7dff2804e2651eb6d58890b88886c468c9bf40e80f60ac1965b20d7b12066
FVII-SCI03-C016-PEER-CONTACT-TRANSPORT,VII-C016,LEAN_DECLARATION,FoundationsVII.shared_budget_special_case_exists,formalization/lean/FoundationsVII/Contact/Transport.lean,234,9ae78010a4994ffa0b27e5addb2dfdb029bc8d80a149e62939fc439836b0f3d1
FVII-SCI03-C016-PEER-CONTACT-TRANSPORT,VII-C016,LEAN_DECLARATION,FoundationsVII.shared_carrier_special_case_exists,formalization/lean/FoundationsVII/Contact/Transport.lean,229,5a4adf1661b0b8f74b6c1bda1364bbab84eec7c9ce05eac909b337faccc309ad
FVII-SCI03-C016-PEER-CONTACT-TRANSPORT,VII-C016,LEAN_DECLARATION,FoundationsVII.ContactChannelEvidence,formalization/lean/FoundationsVII/Contact/Transport.lean,37,03f43353b463696fdd9cdb494671efe608bb7c9d648474d3dd365357b43487b2
FVII-SCI03-C016-PEER-CONTACT-TRANSPORT,VII-C016,LEAN_DECLARATION,FoundationsVII.ContactChannelEvidence.Licenses,formalization/lean/FoundationsVII/Contact/Transport.lean,47,363bda5d5c26e73bba72a84e271442ca00b80f309c9aa22c6a93e31f55c7efcf
FVII-SCI03-C016-PEER-CONTACT-TRANSPORT,VII-C016,LEAN_DECLARATION,FoundationsVII.ContactMode,formalization/lean/FoundationsVII/Contact/Transport.lean,23,df11cc1ae5b5e21da451848ec61afeb89f851863f3b5ad6263251219f3a2319a
FVII-SCI03-C016-PEER-CONTACT-TRANSPORT,VII-C016,LEAN_DECLARATION,FoundationsVII.ContactProfile,formalization/lean/FoundationsVII/Contact/Transport.lean,77,9352302dfb37e06816bf8b27b61ddb734d561565ffe4833842ce590324a7dae2
FVII-SCI03-C016-PEER-CONTACT-TRANSPORT,VII-C016,LEAN_DECLARATION,FoundationsVII.ContactProfile.OperationallyCoherent,formalization/lean/FoundationsVII/Contact/Transport.lean,87,036eeb116b2de0cfce05a73b1a52af5b17f47723a36ba2dcea2af228bcf1bee0
FVII-SCI03-C016-PEER-CONTACT-TRANSPORT,VII-C016,LEAN_DECLARATION,FoundationsVII.ContactProfile.compatibleWithoutContact,formalization/lean/FoundationsVII/Contact/Transport.lean,92,1e62ef1f44923985c7086fe067e4f8f068d91fcdd507abe5696c8f3c6c6b723e
FVII-SCI03-C016-PEER-CONTACT-TRANSPORT,VII-C016,LEAN_DECLARATION,FoundationsVII.ContactProfile.contactWithoutComposite,formalization/lean/FoundationsVII/Contact/Transport.lean,96,8343f29e6064eb6bc62f9aab091e59f4263f2cde1d5bc0f2ee76bc74382c8992
FVII-SCI03-C016-PEER-CONTACT-TRANSPORT,VII-C016,LEAN_DECLARATION,FoundationsVII.Models.Finite.Phase3.ContactTransportCase,formalization/lean/FoundationsVII/Models/Finite/Phase3/ContactJoinEnvelope.lean,26,e11d90f672741a8d83773c20dfc9b4c1ba31f7f72c089020acd78f4b83cd42d2
FVII-SCI03-C016-PEER-CONTACT-TRANSPORT,VII-C016,LEAN_DECLARATION,FoundationsVII.Models.Finite.Phase3.contactTransportLaw,formalization/lean/FoundationsVII/Models/Finite/Phase3/ContactJoinEnvelope.lean,37,06b99f9063416d201204a504e05c8835a336315ffd606ed27bf3f0bac9462968
FVII-SCI03-C016-PEER-CONTACT-TRANSPORT,VII-C016,LEAN_DECLARATION,FoundationsVII.PeerTransport,formalization/lean/FoundationsVII/Contact/Transport.lean,124,f89c5d7814dd3847216a36c86f3c822bd8df5a94585cf6b9c5bb567eb5eab879
FVII-SCI03-C016-PEER-CONTACT-TRANSPORT,VII-C016,LEAN_DECLARATION,FoundationsVII.PeerTransport.CertifiedContentAvailable,formalization/lean/FoundationsVII/Contact/Transport.lean,153,435c8638b0a9a42014f598b2d79b9c3058266aaf4f68d6d03f825ee23de13e3c
FVII-SCI03-C016-PEER-CONTACT-TRANSPORT,VII-C016,LEAN_DECLARATION,FoundationsVII.PeerTransport.WellFormed,formalization/lean/FoundationsVII/Contact/Transport.lean,140,3d5a6f6d3b82340429b19a35f4717c7a046e90f241810b42a7d4ba2031f7b72b
FVII-SCI03-C016-PEER-CONTACT-TRANSPORT,VII-C016,LEAN_DECLARATION,FoundationsVII.PeerTransport.WithoutJoin,formalization/lean/FoundationsVII/Contact/Transport.lean,150,ab877ff66907de583741e142d9586568177e19b0d37d50cd4d230e59ab0cb792
FVII-SCI03-C016-PEER-CONTACT-TRANSPORT,VII-C016,LEAN_DECLARATION,FoundationsVII.allContactModes,formalization/lean/FoundationsVII/Contact/Transport.lean,31,99578bd43d6a4870a6894366191e16c053ebb9a38840479bdbed223efbd5743f
FVII-SCI03-C016-PEER-CONTACT-TRANSPORT,VII-C016,LEAN_DECLARATION,FoundationsVII.phase3Audit,formalization/lean/FoundationsVII/Contact/Transport.lean,21,2cf2ff4956f0ca3e308bb034d1ef060ed4e7541e238d2d294cf7241b78989e41
FVII-SCI03-C016-PEER-CONTACT-TRANSPORT,VII-C016,LEAN_DECLARATION,FoundationsVII.phase3AuditEntry,formalization/lean/FoundationsVII/Contact/Transport.lean,14,42a757e91427f4cc1a86ad7e47672bf38c57c817bc4945d5b38d95c3eb62ee1e
FVII-SCI03-C016-PEER-CONTACT-TRANSPORT,VII-C016,FINITE_WITNESS,TTW-S06,formalization/foundations_vii_lab/fixtures/scenarios/TTW-S06.json,,a1e3347848d419f0f27d88cc8f858569c18938bc3fccdc95bc544f52dbeddf8f
FVII-SCI03-C016-PEER-CONTACT-TRANSPORT,VII-C016,FINITE_WITNESS,TTW-S12,formalization/foundations_vii_lab/fixtures/scenarios/TTW-S12.json,,c6e6927cd6301a3ea9c54753b67b6597e494a7c89f82cce0e156dad89d88abdb
FVII-SCI03-C016-PEER-CONTACT-TRANSPORT,VII-C016,FINITE_WITNESS,CM-02,formalization/foundations_vii_lab/fixtures/countermodels/CM-02.json,,d8640552715b37e1cb1ccdfc4b67443f8c9cf05055c703cce0ab52b8625a71ec
FVII-SCI03-C016-PEER-CONTACT-TRANSPORT,VII-C016,FINITE_WITNESS,CM-19,formalization/foundations_vii_lab/fixtures/countermodels/CM-19.json,,0659e0bf474e1857251728503638f14294b078c3746662f2c4646c416f857fe3
FVII-SCI03-C016-PEER-CONTACT-TRANSPORT,VII-C016,FINITE_WITNESS,P3-W01,formalization/foundations_vii_lab/phase3/witnesses/P3-W01.json,,072e3db0907a3c75dd51880d9d49ef710fdcf6c734502b02b2beb0446c696499
FVII-SCI03-C016-PEER-CONTACT-TRANSPORT,VII-C016,FINITE_WITNESS,P3-W02,formalization/foundations_vii_lab/phase3/witnesses/P3-W02.json,,6f0cc8a75d7007776022aaf75825d377b0959ec9b13adb1b7ecdd0380ef539d0
FVII-SCI03-C019-RESIDUAL-LEDGER,VII-C019,LEAN_DECLARATION,FoundationsVII.Models.Finite.Phase3.residual_accepted_cardinality,formalization/lean/FoundationsVII/Models/Finite/Phase3/ContactJoinEnvelope.lean,453,22f0d337dd5319e9fedc2eec5d2f8a0b96216afbaa64a0f0c712ea1594ac6c6a
FVII-SCI03-C019-RESIDUAL-LEDGER,VII-C019,LEAN_DECLARATION,FoundationsVII.Models.Finite.Phase3.residual_raw_cardinality,formalization/lean/FoundationsVII/Models/Finite/Phase3/ContactJoinEnvelope.lean,451,b9bea9d4eeaf840d7e9ba5fe8688f7c49f37b9d4a68a052a50cf6889e01c2d0a
FVII-SCI03-C019-RESIDUAL-LEDGER,VII-C019,LEAN_DECLARATION,FoundationsVII.ResidualLedger.append_extends,formalization/lean/FoundationsVII/Residuals/Ledger.lean,77,df3c3c41bbfbf310c7d4e0c7b86abfbe4e469041604122fcd1ed5473b852322a
FVII-SCI03-C019-RESIDUAL-LEDGER,VII-C019,LEAN_DECLARATION,FoundationsVII.ResidualLedger.mem_of_extends,formalization/lean/FoundationsVII/Residuals/Ledger.lean,81,0584ab2126ce001e6de343feb79b34c8c9b8a3ff96a2d2390cba4faab0d3429c
FVII-SCI03-C019-RESIDUAL-LEDGER,VII-C019,LEAN_DECLARATION,FoundationsVII.ResidualLedger.no_silent_residual_deletion_under_scope_change,formalization/lean/FoundationsVII/Residuals/Ledger.lean,89,c3d15b93f1b3f5115f691823020030298dfab70a0e33af9f40e09df1b001a4d5
FVII-SCI03-C019-RESIDUAL-LEDGER,VII-C019,LEAN_DECLARATION,FoundationsVII.constructive_join_created_cross_term_needle,formalization/lean/FoundationsVII/Residuals/Ledger.lean,199,c455c3cc6ffdd323eb3f28ca93827e27e9d9cad66cfd33b0b87154b5e4b137c6
FVII-SCI03-C019-RESIDUAL-LEDGER,VII-C019,LEAN_DECLARATION,FoundationsVII.join_can_dissolve_and_create_residuals_simultaneously,formalization/lean/FoundationsVII/Residuals/Ledger.lean,205,3a737d17bd0a0024cbfb377fd98bf0a652c425dea94db5d9729e09d0ffc13903
FVII-SCI03-C019-RESIDUAL-LEDGER,VII-C019,LEAN_DECLARATION,FoundationsVII.joining_is_not_monotonically_obstruction_reducing,formalization/lean/FoundationsVII/Residuals/Ledger.lean,214,90beaf8e779f3989651535ee92ab4071f83ee12a6457822606d97a97ecb13a01
FVII-SCI03-C019-RESIDUAL-LEDGER,VII-C019,LEAN_DECLARATION,FoundationsVII.relabeling_does_not_count_as_new_cross_term,formalization/lean/FoundationsVII/Residuals/Ledger.lean,202,e9123bb34aa86fd1cd78e8fcb073ae90f6a03fa02e34631243cb4427df6be885
FVII-SCI03-C019-RESIDUAL-LEDGER,VII-C019,LEAN_DECLARATION,FoundationsVII.residualKind_mem_all,formalization/lean/FoundationsVII/Residuals/Ledger.lean,27,5087429240c089e6098558f014ff1c1700d95af98778c19339b799b9c7ea3512
FVII-SCI03-C019-RESIDUAL-LEDGER,VII-C019,LEAN_DECLARATION,FoundationsVII.CrossTermNeedle,formalization/lean/FoundationsVII/Residuals/Ledger.lean,96,7b391fbf7c5dbaa97fa91f64341351df5180b36cc15d0860c6f50762f981aad9
FVII-SCI03-C019-RESIDUAL-LEDGER,VII-C019,LEAN_DECLARATION,FoundationsVII.CrossTermNeedle.Valid,formalization/lean/FoundationsVII/Residuals/Ledger.lean,106,930910db9adcf36129ba0200df70309f2536d166ab5c1044e9028eb310363863
FVII-SCI03-C019-RESIDUAL-LEDGER,VII-C019,LEAN_DECLARATION,FoundationsVII.Models.Finite.Phase3.FiniteResidualOrigin,formalization/lean/FoundationsVII/Models/Finite/Phase3/ContactJoinEnvelope.lean,408,fc801f2d2ed9fc7fabb4572650e51db78548cbae0085a09f585ff88b781395e8
FVII-SCI03-C019-RESIDUAL-LEDGER,VII-C019,LEAN_DECLARATION,FoundationsVII.Models.Finite.Phase3.ResidualCase,formalization/lean/FoundationsVII/Models/Finite/Phase3/ContactJoinEnvelope.lean,418,106bbe54561794f8bf46edb3985c74a9b5fffd0905a09949fad73855ea93aa8a
FVII-SCI03-C019-RESIDUAL-LEDGER,VII-C019,LEAN_DECLARATION,FoundationsVII.Models.Finite.Phase3.residualLaw,formalization/lean/FoundationsVII/Models/Finite/Phase3/ContactJoinEnvelope.lean,427,f330d1af57a05d157c3c02163c5aa73949df78eff9ca9a4e974ab21d37cb2434
FVII-SCI03-C019-RESIDUAL-LEDGER,VII-C019,LEAN_DECLARATION,FoundationsVII.ResidualEntry,formalization/lean/FoundationsVII/Residuals/Ledger.lean,30,dc339d5f51246dba7a685c055b4bfb70e89928392474316052466906af52d3de
FVII-SCI03-C019-RESIDUAL-LEDGER,VII-C019,LEAN_DECLARATION,FoundationsVII.ResidualEntry.WellFormed,formalization/lean/FoundationsVII/Residuals/Ledger.lean,44,2ce3a2e60fcb625ee6a3d4b425abfbbeacba5702188858d5c64d63416dd00737
FVII-SCI03-C019-RESIDUAL-LEDGER,VII-C019,LEAN_DECLARATION,FoundationsVII.ResidualKind,formalization/lean/FoundationsVII/Residuals/Ledger.lean,12,65259bd9e78725a7c04685ddc19bd96951bd450ac05e4b2065d752bc6581c9af
FVII-SCI03-C019-RESIDUAL-LEDGER,VII-C019,LEAN_DECLARATION,FoundationsVII.ResidualLedger,formalization/lean/FoundationsVII/Residuals/Ledger.lean,56,d1e8793c35f4e2619eee6706997d226eb2cfaa2af06360399d52f683076c380f
FVII-SCI03-C019-RESIDUAL-LEDGER,VII-C019,LEAN_DECLARATION,FoundationsVII.ResidualLedger.Extends,formalization/lean/FoundationsVII/Residuals/Ledger.lean,73,604b23a54a31b85dbf89049bd612815c0587fd2727e2c1f9a6c070f80454c986
FVII-SCI03-C019-RESIDUAL-LEDGER,VII-C019,LEAN_DECLARATION,FoundationsVII.ResidualLedger.WellFormed,formalization/lean/FoundationsVII/Residuals/Ledger.lean,63,dd3b6fe9c8d07ad0bc73f0d5d9fb0b55027ddd95e8e5c08457ee7d468ff0d278
FVII-SCI03-C019-RESIDUAL-LEDGER,VII-C019,LEAN_DECLARATION,FoundationsVII.ResidualLedger.append,formalization/lean/FoundationsVII/Residuals/Ledger.lean,68,5d8d69fa9da97fb66990ccd8e79984850a4887389194df258bd7174107001b5c
FVII-SCI03-C019-RESIDUAL-LEDGER,VII-C019,LEAN_DECLARATION,FoundationsVII.ResidualTransition,formalization/lean/FoundationsVII/Residuals/Ledger.lean,116,6ed8073cfa376de4007ef72a1a62aad7384d5e2be679a152d3f4a240ae466583
FVII-SCI03-C019-RESIDUAL-LEDGER,VII-C019,LEAN_DECLARATION,FoundationsVII.ResidualTransition.WellFormed,formalization/lean/FoundationsVII/Residuals/Ledger.lean,128,da9c83b49444f12b47daa5f0ddd7872f27fde03a3d053cc2f1d5a046af1ab065
FVII-SCI03-C019-RESIDUAL-LEDGER,VII-C019,LEAN_DECLARATION,FoundationsVII.allResidualKinds,formalization/lean/FoundationsVII/Residuals/Ledger.lean,23,a553fb3937c73e5b3c1b8e9b8e57ef580edfdcac0adb1e901480c443288eac15
FVII-SCI03-C019-RESIDUAL-LEDGER,VII-C019,FINITE_WITNESS,TTW-S10,formalization/foundations_vii_lab/fixtures/scenarios/TTW-S10.json,,c63041aa5ec89fad63ac0bef0fb50dd1f0d955ffbf75495af7ce40b2c4b42e4c
FVII-SCI03-C019-RESIDUAL-LEDGER,VII-C019,FINITE_WITNESS,TTW-S24,formalization/foundations_vii_lab/fixtures/scenarios/TTW-S24.json,,e05b0d3f68c339be11d2b60272da758bc5e21775490a5a4456d5d639e30cb14e
FVII-SCI03-C019-RESIDUAL-LEDGER,VII-C019,FINITE_WITNESS,CM-22,formalization/foundations_vii_lab/fixtures/countermodels/CM-22.json,,5cfdb48e1a4e1558d3bfdd8b6be845ae5b569a6471bef5b7c6c595240158f3f2
FVII-SCI03-C019-RESIDUAL-LEDGER,VII-C019,FINITE_WITNESS,CM-25,formalization/foundations_vii_lab/fixtures/countermodels/CM-25.json,,2fd247e91b37a1358b853f63b8daeb2dfbef94f72bced5a8642400d81abc0eb4
FVII-SCI03-C019-RESIDUAL-LEDGER,VII-C019,FINITE_WITNESS,P3-W20,formalization/foundations_vii_lab/phase3/witnesses/P3-W20.json,,a6dc0ff8ebce00cfb64d077165e925e2a5438f2879e00a1d64a705916d1ece04
FVII-SCI03-C019-RESIDUAL-LEDGER,VII-C019,FINITE_WITNESS,P3-W21,formalization/foundations_vii_lab/phase3/witnesses/P3-W21.json,,4f870caba5e9b5379a5c4c84ce4d806439c44d4c6fbeda26938bb29863b94c91
FVII-SCI03-C026-CATEGORICAL-DECISION,VII-C026,LEAN_DECLARATION,FoundationsVII.FinitePackageCategory.wellFormed_has_checked_category_laws,formalization/lean/FoundationsVII/Join/Categorical.lean,66,744ff4c4844dfe9a51fd16837d7de1e9bd6e0b7c14c85a35c939bce006220ba4
FVII-SCI03-C026-CATEGORICAL-DECISION,VII-C026,LEAN_DECLARATION,FoundationsVII.Models.Finite.Phase3.categorical_accepted_cardinality,formalization/lean/FoundationsVII/Models/Finite/Phase3/ContactJoinEnvelope.lean,541,93146e53406473558c691ebd631604721d3cc1d2848b258d976c360e748f5b0e
FVII-SCI03-C026-CATEGORICAL-DECISION,VII-C026,LEAN_DECLARATION,FoundationsVII.Models.Finite.Phase3.categorical_raw_cardinality,formalization/lean/FoundationsVII/Models/Finite/Phase3/ContactJoinEnvelope.lean,539,e372b04a516e240e2b46d02377521fec0f374b1b980e291438b287ddda4cb5be
FVII-SCI03-C026-CATEGORICAL-DECISION,VII-C026,LEAN_DECLARATION,FoundationsVII.Models.Finite.Phase3.strict_join_without_listed_universal_construction_exists,formalization/lean/FoundationsVII/Models/Finite/Phase3/ContactJoinEnvelope.lean,551,8986fd71b00d740fa0270abe55ba2eecd4cb15d6cf64be97c93026751c50afe0
FVII-SCI03-C026-CATEGORICAL-DECISION,VII-C026,LEAN_DECLARATION,FoundationsVII.UniversalConstructionCertificate.representation_preserves_declared_parents,formalization/lean/FoundationsVII/Join/Categorical.lean,121,33bd009a0a289826c9064536ea0ddddc32e1f20725334e66a364c3139a26ce1a
FVII-SCI03-C026-CATEGORICAL-DECISION,VII-C026,LEAN_DECLARATION,FoundationsVII.UniversalConstructionCertificate.representation_requires_explicit_universal_property,formalization/lean/FoundationsVII/Join/Categorical.lean,114,8db132f030adf73059947e3adcb8a2ccd4baa173aa40b0950de23e2072612eac
FVII-SCI03-C026-CATEGORICAL-DECISION,VII-C026,LEAN_DECLARATION,FoundationsVII.UniversalConstructionCertificate.represents_strict_join_iff_valid_and_independently_novel,formalization/lean/FoundationsVII/Join/Categorical.lean,108,1043dc377c703e2a17ab7af236915f1e7735103aab50f28775ab4a4ef3c1e4eb
FVII-SCI03-C026-CATEGORICAL-DECISION,VII-C026,LEAN_DECLARATION,FoundationsVII.finite_package_category_control_is_well_formed,formalization/lean/FoundationsVII/Join/Categorical.lean,171,a4d1702729ce97b380e3079cc82a0aacbe858f7cd12e6ef64257ac2d9e5f20df
FVII-SCI03-C026-CATEGORICAL-DECISION,VII-C026,LEAN_DECLARATION,FoundationsVII.mere_product_is_not_strict_join_credit,formalization/lean/FoundationsVII/Join/Categorical.lean,177,d0bf1436f6f4cd47c962765636dd61e38e87b103a37dbacdc1c97acbab3c3878
FVII-SCI03-C026-CATEGORICAL-DECISION,VII-C026,LEAN_DECLARATION,FoundationsVII.special_case_categorical_representation_is_conditional,formalization/lean/FoundationsVII/Join/Categorical.lean,188,6f513ef6556da40a4c8f12db3e1d6ce97f6b91962ac7872b3fab88af2ddefcb0
FVII-SCI03-C026-CATEGORICAL-DECISION,VII-C026,LEAN_DECLARATION,FoundationsVII.unconditional_categorical_reduction_countermodel,formalization/lean/FoundationsVII/Join/Categorical.lean,201,a11f0e90855f1d1e1157040327632bbedeb088ac85bf531f285a46c1979e8d6e
FVII-SCI03-C026-CATEGORICAL-DECISION,VII-C026,LEAN_DECLARATION,FoundationsVII.CategoricalConstructionKind,formalization/lean/FoundationsVII/Join/Categorical.lean,14,033ed66f000f19d3b4798bec1c14b8bb1171665fd6b51024fda447d6db753a31
FVII-SCI03-C026-CATEGORICAL-DECISION,VII-C026,LEAN_DECLARATION,FoundationsVII.FinitePackageCategory,formalization/lean/FoundationsVII/Join/Categorical.lean,43,c1ecfdd62a583e936c3625110d3852f7a4941b26c113504fd217e1d976eec13f
FVII-SCI03-C026-CATEGORICAL-DECISION,VII-C026,LEAN_DECLARATION,FoundationsVII.FinitePackageCategory.WellFormed,formalization/lean/FoundationsVII/Join/Categorical.lean,54,999ea5e41b0c9bc12438590dbea3ec325356da5c64bfae306b252103c6331aa2
FVII-SCI03-C026-CATEGORICAL-DECISION,VII-C026,LEAN_DECLARATION,FoundationsVII.Models.Finite.Phase3.CategoricalCase,formalization/lean/FoundationsVII/Models/Finite/Phase3/ContactJoinEnvelope.lean,499,9dd91e80a405b8e53c06a79047001b58f04f32a648682e86909cb551de632b37
FVII-SCI03-C026-CATEGORICAL-DECISION,VII-C026,LEAN_DECLARATION,FoundationsVII.Models.Finite.Phase3.categoricalLaw,formalization/lean/FoundationsVII/Models/Finite/Phase3/ContactJoinEnvelope.lean,515,3d66300373f0973873c3043fbae8337e6c975a9c727f6e7a04876b7230b8d847
FVII-SCI03-C026-CATEGORICAL-DECISION,VII-C026,LEAN_DECLARATION,FoundationsVII.PackageMorphism,formalization/lean/FoundationsVII/Join/Categorical.lean,21,93c79443e79f8a69ea30e13ff6e501b2342c38ac710c52ab205cc46711d4c1a1
FVII-SCI03-C026-CATEGORICAL-DECISION,VII-C026,LEAN_DECLARATION,FoundationsVII.PackageMorphism.WellFormed,formalization/lean/FoundationsVII/Join/Categorical.lean,32,c67a155b1fbd20ffa3dd8f5f099a9e8790327b2316f6f7ef27285789ed2aa080
FVII-SCI03-C026-CATEGORICAL-DECISION,VII-C026,LEAN_DECLARATION,FoundationsVII.UniversalConstructionCertificate,formalization/lean/FoundationsVII/Join/Categorical.lean,76,0ed6d02ef4be2e86d0500283319c18e3afd53e7af3120b9be0abe370285c57c7
FVII-SCI03-C026-CATEGORICAL-DECISION,VII-C026,LEAN_DECLARATION,FoundationsVII.UniversalConstructionCertificate.RepresentsStrictJoin,formalization/lean/FoundationsVII/Join/Categorical.lean,105,5278c251e4da97f816c4e94fd011acfdf7dee4f8364f77296e80b613bf0f1ea8
FVII-SCI03-C026-CATEGORICAL-DECISION,VII-C026,LEAN_DECLARATION,FoundationsVII.UniversalConstructionCertificate.Valid,formalization/lean/FoundationsVII/Join/Categorical.lean,91,c140e83b401727df98783111d3483372f3ca1513b7b2ea9b5749e08e076eb045
FVII-SCI03-C026-CATEGORICAL-DECISION,VII-C026,FINITE_WITNESS,TTW-S07,formalization/foundations_vii_lab/fixtures/scenarios/TTW-S07.json,,a977ea23844e34b6cc0e2a78d68a997097f46ccfd84ab2c2aeef639931c33667
FVII-SCI03-C026-CATEGORICAL-DECISION,VII-C026,FINITE_WITNESS,TTW-S08,formalization/foundations_vii_lab/fixtures/scenarios/TTW-S08.json,,10a6f2a7c8d439222702a8dd21a9406d8d8f29eb371e5984e06ed8139cc588eb
FVII-SCI03-C026-CATEGORICAL-DECISION,VII-C026,FINITE_WITNESS,CM-13,formalization/foundations_vii_lab/fixtures/countermodels/CM-13.json,,2a8115eb7b1ea340ba94a584f6785f3ebd104c9c8b1b9e0a6ea042d182396004
FVII-SCI03-C026-CATEGORICAL-DECISION,VII-C026,FINITE_WITNESS,CM-27,formalization/foundations_vii_lab/fixtures/countermodels/CM-27.json,,bed679e01fa212d68bca0d45272ec61a20aec1c29c1bc8697244675e8062d11e
FVII-SCI03-C026-CATEGORICAL-DECISION,VII-C026,FINITE_WITNESS,P3-W25,formalization/foundations_vii_lab/phase3/witnesses/P3-W25.json,,b55fa2f5235e92460c2ddb6c16e65cf0a189ed983528abe69fe2c2c19ea57ef4
FVII-SCI03-C026-CATEGORICAL-DECISION,VII-C026,FINITE_WITNESS,P3-W26,formalization/foundations_vii_lab/phase3/witnesses/P3-W26.json,,743dc44e658048dc77c37f8067d13b9d565800c3540fbc12a996921351b3ff13
FVII-SCI03-C030-RETENTION-REFINEMENT,VII-C030,LEAN_DECLARATION,FoundationsVII.JoinDescentCertificate.valid_accounts_for_all_parents,formalization/lean/FoundationsVII/Join/Retention.lean,85,60da88b1bc9ed312d2eda641eab0ce47d696bf783fec7ee570356325071c8eef
FVII-SCI03-C030-RETENTION-REFINEMENT,VII-C030,LEAN_DECLARATION,FoundationsVII.Models.Finite.Phase3.refinement_accepted_cardinality,formalization/lean/FoundationsVII/Models/Finite/Phase3/ContactJoinEnvelope.lean,403,0d7ddab310a5fc9ae71787be72e0b679c0cc9afb516e466793f7ce2cd97c2e59
FVII-SCI03-C030-RETENTION-REFINEMENT,VII-C030,LEAN_DECLARATION,FoundationsVII.Models.Finite.Phase3.refinement_raw_cardinality,formalization/lean/FoundationsVII/Models/Finite/Phase3/ContactJoinEnvelope.lean,401,89c86802af0c0f8e97954e51349e7aaa58891f90ff039a7b8da053bf84a1f033
FVII-SCI03-C030-RETENTION-REFINEMENT,VII-C030,LEAN_DECLARATION,FoundationsVII.ParentRetentionMap.erased_parent_is_not_recoverable,formalization/lean/FoundationsVII/Join/Retention.lean,59,07d34184a42422c442bb55421cfe4ddf3c42fa2c0926edd0b13bdbf4eebffaae
FVII-SCI03-C030-RETENTION-REFINEMENT,VII-C030,LEAN_DECLARATION,FoundationsVII.ParentRetentionMap.full_retention_is_recoverable,formalization/lean/FoundationsVII/Join/Retention.lean,54,4e3431a254db75079e7ad6a4e6e628757fc1cc385777a3bdace3c10cbc066cf2
FVII-SCI03-C030-RETENTION-REFINEMENT,VII-C030,LEAN_DECLARATION,FoundationsVII.composite_formation_does_not_imply_parent_retention,formalization/lean/FoundationsVII/Join/Retention.lean,209,fb8091ff0a2529e737b2295b65059f39dca7e0a0cf068b2043c99601e0285f03
FVII-SCI03-C030-RETENTION-REFINEMENT,VII-C030,LEAN_DECLARATION,FoundationsVII.full_and_partial_retention_are_explicit,formalization/lean/FoundationsVII/Join/Retention.lean,203,cda6f25ae3c8e160dc6a9b8df152d544ba7b2d256802872a6bcbe7b47d85ef18
FVII-SCI03-C030-RETENTION-REFINEMENT,VII-C030,LEAN_DECLARATION,FoundationsVII.join_descent_certificate_accounts_for_retained_parents,formalization/lean/FoundationsVII/Join/Retention.lean,215,6bf6afb8c2603980afb1e808d7d5f91f86bc5813878391bd6d655aebe76b73eb
FVII-SCI03-C030-RETENTION-REFINEMENT,VII-C030,LEAN_DECLARATION,FoundationsVII.no_unconditional_join_monotonicity_under_refinement,formalization/lean/FoundationsVII/Join/Retention.lean,240,229f5e18fee6fe65f1c5b539a9c8dd1e416149775ffe5c723671ea3eada9547b
FVII-SCI03-C030-RETENTION-REFINEMENT,VII-C030,LEAN_DECLARATION,FoundationsVII.parentRetentionStatus_mem_all,formalization/lean/FoundationsVII/Join/Retention.lean,22,6c3153977eb0ced4f78f6c574e41b13cf93ffbc35cedeb004577609648f30d1c
FVII-SCI03-C030-RETENTION-REFINEMENT,VII-C030,LEAN_DECLARATION,FoundationsVII.refinementEffect_mem_all,formalization/lean/FoundationsVII/Join/Retention.lean,100,0f468f61d3306aa7a7463baaaacfbfdffc22e2ec5cdbc5647e62cf5ec805b71f
FVII-SCI03-C030-RETENTION-REFINEMENT,VII-C030,LEAN_DECLARATION,FoundationsVII.refinement_effects_have_all_four_controls,formalization/lean/FoundationsVII/Join/Retention.lean,221,cc12c6d236ae9bb767dcd589d85053626adbc8fedb289384dcc9a8b7af7588f9
FVII-SCI03-C030-RETENTION-REFINEMENT,VII-C030,LEAN_DECLARATION,FoundationsVII.refinement_may_preserve_or_destroy_join_evidence,formalization/lean/FoundationsVII/Join/Retention.lean,232,5cad1e6d6b1e9e8de2b3f7fae9d887c1ccba58748d06c1b2fce76e692160589c
FVII-SCI03-C030-RETENTION-REFINEMENT,VII-C030,LEAN_DECLARATION,FoundationsVII.JoinDescentCertificate,formalization/lean/FoundationsVII/Join/Retention.lean,65,c92067bcbcdf2a713f13bae6e9f9ec5ae2c4e5ab44611e9e64bb73f4f4fe25a8
FVII-SCI03-C030-RETENTION-REFINEMENT,VII-C030,LEAN_DECLARATION,FoundationsVII.JoinDescentCertificate.Valid,formalization/lean/FoundationsVII/Join/Retention.lean,76,364f2a762197e45a38259a52f0bcb5f527a8e0b0faae0b2ba5aaec5be02691ba
FVII-SCI03-C030-RETENTION-REFINEMENT,VII-C030,LEAN_DECLARATION,FoundationsVII.Models.Finite.Phase3.FiniteRefinementEffect,formalization/lean/FoundationsVII/Models/Finite/Phase3/ContactJoinEnvelope.lean,343,66ad712ab6e690c1e3fc90f67773deee4ea900cedc0236d7a43485fb2b279125
FVII-SCI03-C030-RETENTION-REFINEMENT,VII-C030,LEAN_DECLARATION,FoundationsVII.Models.Finite.Phase3.FiniteRetentionStatus,formalization/lean/FoundationsVII/Models/Finite/Phase3/ContactJoinEnvelope.lean,337,6f49b9f3157cc5cc0de7556011e5a108a678604793e52aa07eaee4674501436f
FVII-SCI03-C030-RETENTION-REFINEMENT,VII-C030,LEAN_DECLARATION,FoundationsVII.Models.Finite.Phase3.RefinementCase,formalization/lean/FoundationsVII/Models/Finite/Phase3/ContactJoinEnvelope.lean,361,0d1f52ac3aa2af7a3745e9f5bac1bf602e54a932b1037ca7b84637fe7ab3abd0
FVII-SCI03-C030-RETENTION-REFINEMENT,VII-C030,LEAN_DECLARATION,FoundationsVII.Models.Finite.Phase3.refinementLaw,formalization/lean/FoundationsVII/Models/Finite/Phase3/ContactJoinEnvelope.lean,371,7cf8d0dcc1bbcdcf9c9aa179f036d4948862a154793e1b35b11327ed2ccb35db
FVII-SCI03-C030-RETENTION-REFINEMENT,VII-C030,LEAN_DECLARATION,FoundationsVII.Models.Finite.Phase3.retentionRank,formalization/lean/FoundationsVII/Models/Finite/Phase3/ContactJoinEnvelope.lean,356,5a9a1eb7a2e7cf2a7e6ba4966ca5989686d7c2b96dfdd2292331fa911cef0e8f
FVII-SCI03-C030-RETENTION-REFINEMENT,VII-C030,LEAN_DECLARATION,FoundationsVII.ParentRefinementRecord,formalization/lean/FoundationsVII/Join/Retention.lean,104,49c45cb310291fb6af86ccce49e217476f967433b448637d2f7b02c1c3a213b0
FVII-SCI03-C030-RETENTION-REFINEMENT,VII-C030,LEAN_DECLARATION,FoundationsVII.ParentRefinementRecord.WellFormed,formalization/lean/FoundationsVII/Join/Retention.lean,116,f6ad15a881ba33d23a200c71fd264c85b3c769ed159f451c20815ecfe7351a51
FVII-SCI03-C030-RETENTION-REFINEMENT,VII-C030,LEAN_DECLARATION,FoundationsVII.ParentRetentionMap,formalization/lean/FoundationsVII/Join/Retention.lean,26,40603302b17f5442c1afeafef2d5894aee56734fc65478f29fc9e9b67dfea4ec
FVII-SCI03-C030-RETENTION-REFINEMENT,VII-C030,LEAN_DECLARATION,FoundationsVII.ParentRetentionMap.FullRetention,formalization/lean/FoundationsVII/Join/Retention.lean,51,30d5c0a1f711741d497f5cf0e3fd93ea21057127bd1acaa6ee72e8daeee27135
FVII-SCI03-C030-RETENTION-REFINEMENT,VII-C030,LEAN_DECLARATION,FoundationsVII.ParentRetentionMap.WellFormed,formalization/lean/FoundationsVII/Join/Retention.lean,39,02f492b3e9d51cb6c2f807e804dab9ffb7f9f66f6d80aeea9db610a15b6893f3
FVII-SCI03-C030-RETENTION-REFINEMENT,VII-C030,LEAN_DECLARATION,FoundationsVII.ParentRetentionStatus,formalization/lean/FoundationsVII/Join/Retention.lean,13,90086718cbad0c18c12f023a3a8f131e04469eaa20faa0264db3c7579b5e9616
FVII-SCI03-C030-RETENTION-REFINEMENT,VII-C030,LEAN_DECLARATION,FoundationsVII.RefinementEffect,formalization/lean/FoundationsVII/Join/Retention.lean,90,0e2d72cf049037d0e3526aeb5247cdd673d2d59fee8b417a38fe41895098acb4
FVII-SCI03-C030-RETENTION-REFINEMENT,VII-C030,LEAN_DECLARATION,FoundationsVII.allParentRetentionStatuses,formalization/lean/FoundationsVII/Join/Retention.lean,19,1c626c0a2bc25717d6819ab3f9c88495d3d81dfe23406e00b1b1c015bc707235
FVII-SCI03-C030-RETENTION-REFINEMENT,VII-C030,LEAN_DECLARATION,FoundationsVII.allRefinementEffects,formalization/lean/FoundationsVII/Join/Retention.lean,97,b2b5e3035b53abaf2ca4bdc7952cb6c2db12aca3ecb2126d5eb1aaf1fb5f7c53
FVII-SCI03-C030-RETENTION-REFINEMENT,VII-C030,FINITE_WITNESS,TTW-S09,formalization/foundations_vii_lab/fixtures/scenarios/TTW-S09.json,,302caadf2320d8fbd4b9908626fbce285fc4668bb2e310dd95b7a1dd27648395
FVII-SCI03-C030-RETENTION-REFINEMENT,VII-C030,FINITE_WITNESS,TTW-S24,formalization/foundations_vii_lab/fixtures/scenarios/TTW-S24.json,,e05b0d3f68c339be11d2b60272da758bc5e21775490a5a4456d5d639e30cb14e
FVII-SCI03-C030-RETENTION-REFINEMENT,VII-C030,FINITE_WITNESS,CM-05,formalization/foundations_vii_lab/fixtures/countermodels/CM-05.json,,8a2fc25e2381c91d86451e693e83a5d8be2e9e6ac4b5a77ebaa87bf91d1607c7
FVII-SCI03-C030-RETENTION-REFINEMENT,VII-C030,FINITE_WITNESS,CM-22,formalization/foundations_vii_lab/fixtures/countermodels/CM-22.json,,5cfdb48e1a4e1558d3bfdd8b6be845ae5b569a6471bef5b7c6c595240158f3f2
FVII-SCI03-C030-RETENTION-REFINEMENT,VII-C030,FINITE_WITNESS,P3-W16,formalization/foundations_vii_lab/phase3/witnesses/P3-W16.json,,221455ff853cedbf2dce3e1874a46602cc2ba34a4696f06335db0ef39f52ad6a
FVII-SCI03-C030-RETENTION-REFINEMENT,VII-C030,FINITE_WITNESS,P3-W17,formalization/foundations_vii_lab/phase3/witnesses/P3-W17.json,,db9cbe454c575a64805c92a6602e5875fb51a1cf921a626800771f7dcd00de9d
FVII-SCI03-C030-RETENTION-REFINEMENT,VII-C030,FINITE_WITNESS,P3-W18,formalization/foundations_vii_lab/phase3/witnesses/P3-W18.json,,d08cdd663309c1627ef936d716a698ca2253b9dbdfb5e4a87def9c5d37822fcb
FVII-SCI03-C030-RETENTION-REFINEMENT,VII-C030,FINITE_WITNESS,P3-W19,formalization/foundations_vii_lab/phase3/witnesses/P3-W19.json,,486cd6afdaf39c3f79bffe78b540206a91b4ef4d871c9201636cdffb09c3e264
FVII-SCI03-C031-CONTACT-DEGREE-DECISION,VII-C031,LEAN_DECLARATION,FoundationsVII.ContactQuantityTransformation.exact_certificate_licenses_scoped_conservation,formalization/lean/FoundationsVII/Join/Degree.lean,56,45ced3bb12353a5dfb86b325887105c33ad38fbbf11f3634743797a4eca68583
FVII-SCI03-C031-CONTACT-DEGREE-DECISION,VII-C031,LEAN_DECLARATION,FoundationsVII.Models.Finite.Phase3.active_residuals_nonconservation_control,formalization/lean/FoundationsVII/Models/Finite/Phase3/ContactJoinEnvelope.lean,626,45214a56f1ef723e8bb39622251fe64ade569eb72b8e97b2eeb28f1bb8d425c3
FVII-SCI03-C031-CONTACT-DEGREE-DECISION,VII-C031,LEAN_DECLARATION,FoundationsVII.Models.Finite.Phase3.contacts_nonconservation_control,formalization/lean/FoundationsVII/Models/Finite/Phase3/ContactJoinEnvelope.lean,617,dacfe234093f57a4fde5e52fba698b43eb858be8d1cfbd9a5bdb33bd64e96a62
FVII-SCI03-C031-CONTACT-DEGREE-DECISION,VII-C031,LEAN_DECLARATION,FoundationsVII.Models.Finite.Phase3.live_joins_nonconservation_control,formalization/lean/FoundationsVII/Models/Finite/Phase3/ContactJoinEnvelope.lean,620,a02b32cec56f9a7705b0347ffc5742542ec429fde8f3703f1eb00eae273b5073
FVII-SCI03-C031-CONTACT-DEGREE-DECISION,VII-C031,LEAN_DECLARATION,FoundationsVII.Models.Finite.Phase3.measure_accepted_cardinality,formalization/lean/FoundationsVII/Models/Finite/Phase3/ContactJoinEnvelope.lean,609,16e93be6f24672e37077cb82c1e3b67510ca6cb1325ddc92493d72556aaafc1a
FVII-SCI03-C031-CONTACT-DEGREE-DECISION,VII-C031,LEAN_DECLARATION,FoundationsVII.Models.Finite.Phase3.measure_raw_cardinality,formalization/lean/FoundationsVII/Models/Finite/Phase3/ContactJoinEnvelope.lean,607,8d3ff04113a3484776dae0b531a758a3392b5c14a04f413f65e8e1583cce3d79
FVII-SCI03-C031-CONTACT-DEGREE-DECISION,VII-C031,LEAN_DECLARATION,FoundationsVII.Models.Finite.Phase3.paid_cost_nonconservation_control,formalization/lean/FoundationsVII/Models/Finite/Phase3/ContactJoinEnvelope.lean,623,bb39e0f6554c62834ca7d102a73b7963ddeab6f692c3a23b5f79197e9c4a5f3d
FVII-SCI03-C031-CONTACT-DEGREE-DECISION,VII-C031,LEAN_DECLARATION,FoundationsVII.Models.Finite.Phase3.retained_parents_nonconservation_control,formalization/lean/FoundationsVII/Models/Finite/Phase3/ContactJoinEnvelope.lean,629,05f295c6b7896fe67594dbfd1426ef56baa300524f8b92d012a2526cc94a5583
FVII-SCI03-C031-CONTACT-DEGREE-DECISION,VII-C031,LEAN_DECLARATION,FoundationsVII.exact_scoped_contact_conservation_is_available,formalization/lean/FoundationsVII/Join/Degree.lean,121,1d0979c22c87ff0db82e9630c1edbc42ea0db7343c42ca5d332778dfc48db452
FVII-SCI03-C031-CONTACT-DEGREE-DECISION,VII-C031,LEAN_DECLARATION,FoundationsVII.no_unqualified_contact_degree_from_bookkeeping_alone,formalization/lean/FoundationsVII/Join/Degree.lean,128,6f713d942fb7ec4299c392919145f90bdab07d7368350c27608f7dc2cbb8977c
FVII-SCI03-C031-CONTACT-DEGREE-DECISION,VII-C031,LEAN_DECLARATION,FoundationsVII.omitted_observer_occupancy_invalidates_conservation_credit,formalization/lean/FoundationsVII/Join/Degree.lean,115,88c7e6de87b23a6df3d3376e41b414b954173ab09b86fb6c7e3354e48722f77d
FVII-SCI03-C031-CONTACT-DEGREE-DECISION,VII-C031,LEAN_DECLARATION,FoundationsVII.plausible_contact_quantities_disagree,formalization/lean/FoundationsVII/Join/Degree.lean,108,c92543f8a84ff20ab11f5789e77bd9e5ac727c61f5f64bcfecd53d5c193c8099
FVII-SCI03-C031-CONTACT-DEGREE-DECISION,VII-C031,LEAN_DECLARATION,FoundationsVII.ContactQuantityTransformation,formalization/lean/FoundationsVII/Join/Degree.lean,32,560b207939b0aeabadfc160f62cae7bfa97424f02535b9e857bfdb734ae197c7
FVII-SCI03-C031-CONTACT-DEGREE-DECISION,VII-C031,LEAN_DECLARATION,FoundationsVII.ContactQuantityTransformation.Conserved,formalization/lean/FoundationsVII/Join/Degree.lean,47,5913a6806acc1ef792229bea4ef5e33be11ec3981face7e901b02cedb3575289
FVII-SCI03-C031-CONTACT-DEGREE-DECISION,VII-C031,LEAN_DECLARATION,FoundationsVII.ContactQuantityVector,formalization/lean/FoundationsVII/Join/Degree.lean,12,b6e221a5e83b486b0258032870aea2066822f1b58f66db408520afde767626e8
FVII-SCI03-C031-CONTACT-DEGREE-DECISION,VII-C031,LEAN_DECLARATION,FoundationsVII.ContactQuantityVector.scalarNoveltyWeighted,formalization/lean/FoundationsVII/Join/Degree.lean,26,5af5176eaf9ad660316f2c765cf4835221e170ff3e5ea6901762b4db90148a13
FVII-SCI03-C031-CONTACT-DEGREE-DECISION,VII-C031,LEAN_DECLARATION,FoundationsVII.ContactQuantityVector.scalarPlain,formalization/lean/FoundationsVII/Join/Degree.lean,22,a4d886d149e4e5de9983485f420a325a7e6e7a0ccba5df256a3e8c117193da94
FVII-SCI03-C031-CONTACT-DEGREE-DECISION,VII-C031,LEAN_DECLARATION,FoundationsVII.Models.Finite.Phase3.FiniteMeasureKind,formalization/lean/FoundationsVII/Models/Finite/Phase3/ContactJoinEnvelope.lean,562,71422f1cd51bee54de5aa0d18d73934e281bafe439b01a8a2124f18a6e93677e
FVII-SCI03-C031-CONTACT-DEGREE-DECISION,VII-C031,LEAN_DECLARATION,FoundationsVII.Models.Finite.Phase3.MeasureCase,formalization/lean/FoundationsVII/Models/Finite/Phase3/ContactJoinEnvelope.lean,573,6befacf8bc75976f71da744395afad6b127c838dc5be1a71cc9f0f94334eb773
FVII-SCI03-C031-CONTACT-DEGREE-DECISION,VII-C031,LEAN_DECLARATION,FoundationsVII.Models.Finite.Phase3.hasLawfulNonconservation,formalization/lean/FoundationsVII/Models/Finite/Phase3/ContactJoinEnvelope.lean,612,96b4e48c285c1d6e2159b56302f0b545c3da7ee73d21141dc00de2de490f69be
FVII-SCI03-C031-CONTACT-DEGREE-DECISION,VII-C031,LEAN_DECLARATION,FoundationsVII.Models.Finite.Phase3.measureComplete,formalization/lean/FoundationsVII/Models/Finite/Phase3/ContactJoinEnvelope.lean,585,6a8ea16956909dbde0acc606357e1296d69563dcf626f111e51200b7f3cec109
FVII-SCI03-C031-CONTACT-DEGREE-DECISION,VII-C031,LEAN_DECLARATION,FoundationsVII.Models.Finite.Phase3.measureLaw,formalization/lean/FoundationsVII/Models/Finite/Phase3/ContactJoinEnvelope.lean,589,d203164c9b90002377007edfa86537678a1bad9c1410a1c49a541a4a608d8bbc
FVII-SCI03-C031-CONTACT-DEGREE-DECISION,VII-C031,FINITE_WITNESS,TTW-S08,formalization/foundations_vii_lab/fixtures/scenarios/TTW-S08.json,,10a6f2a7c8d439222702a8dd21a9406d8d8f29eb371e5984e06ed8139cc588eb
FVII-SCI03-C031-CONTACT-DEGREE-DECISION,VII-C031,FINITE_WITNESS,TTW-S10,formalization/foundations_vii_lab/fixtures/scenarios/TTW-S10.json,,c63041aa5ec89fad63ac0bef0fb50dd1f0d955ffbf75495af7ce40b2c4b42e4c
FVII-SCI03-C031-CONTACT-DEGREE-DECISION,VII-C031,FINITE_WITNESS,CM-21,formalization/foundations_vii_lab/fixtures/countermodels/CM-21.json,,8c454f88f6fd75501ad313c9e46dd09891e321edaa293d8ffd15a646362a6678
FVII-SCI03-C031-CONTACT-DEGREE-DECISION,VII-C031,FINITE_WITNESS,CM-25,formalization/foundations_vii_lab/fixtures/countermodels/CM-25.json,,2fd247e91b37a1358b853f63b8daeb2dfbef94f72bced5a8642400d81abc0eb4
FVII-SCI03-C031-CONTACT-DEGREE-DECISION,VII-C031,FINITE_WITNESS,P3-W27,formalization/foundations_vii_lab/phase3/witnesses/P3-W27.json,,8834d3b6472860635c871a6c4480449b87081b3f8034d6e0f5c7531c7e47c297
FVII-SCI03-C033-CERTIFIED-NONINTERACTION,VII-C033,LEAN_DECLARATION,FoundationsVII.ContactCoverageCertificate.certified_has_no_observed_contact,formalization/lean/FoundationsVII/Join/NonInteraction.lean,95,6f9c040bfb3270ce0d6fe02e93c0a3b3698db31b8e9fe3e10a0faf6e4cad4e8e
FVII-SCI03-C033-CERTIFIED-NONINTERACTION,VII-C033,LEAN_DECLARATION,FoundationsVII.ContactCoverageCertificate.certified_records_escape_routes,formalization/lean/FoundationsVII/Join/NonInteraction.lean,100,54c51ad7da0c5d5aed94c76341def2e94a1765c9ae7a59a940df800b603b8815
FVII-SCI03-C033-CERTIFIED-NONINTERACTION,VII-C033,LEAN_DECLARATION,FoundationsVII.ContactNullProfile.certifiedNull_is_certified,formalization/lean/FoundationsVII/Join/NonInteraction.lean,55,c83e080079a920ba3467c61029ea70416c16077ba9861435040b24d8f0e7df7f
FVII-SCI03-C033-CERTIFIED-NONINTERACTION,VII-C033,LEAN_DECLARATION,FoundationsVII.ContactNullProfile.certified_noninteraction_implies_no_evidenced_contact,formalization/lean/FoundationsVII/Join/NonInteraction.lean,63,9baddbb6a136e077e55109b9e704e7d06b2426fc8e83af8c383e4ecce8c172d1
FVII-SCI03-C033-CERTIFIED-NONINTERACTION,VII-C033,LEAN_DECLARATION,FoundationsVII.ContactNullProfile.no_evidenced_contact_is_weaker_than_certified_noninteraction,formalization/lean/FoundationsVII/Join/NonInteraction.lean,57,48bb78ff8b2a550d00690628703693597c34ae94de2debca8e32a9a9a1a9b71b
FVII-SCI03-C033-CERTIFIED-NONINTERACTION,VII-C033,LEAN_DECLARATION,FoundationsVII.ContactNullProfile.openNull_has_no_evidenced_contact,formalization/lean/FoundationsVII/Join/NonInteraction.lean,51,97e23732cde4a63b266eb52f2912635b4dc67d76f879b0f67a36a350b0984d1d
FVII-SCI03-C033-CERTIFIED-NONINTERACTION,VII-C033,LEAN_DECLARATION,FoundationsVII.ContactNullProfile.openNull_is_not_certified,formalization/lean/FoundationsVII/Join/NonInteraction.lean,53,ee5bf3ac92af286417fd8f393f49c23f8a15261ce468e5a3e1cd82e4cff14b4f
FVII-SCI03-C033-CERTIFIED-NONINTERACTION,VII-C033,LEAN_DECLARATION,FoundationsVII.DeclaredContactCase.exhaustive_declared_family_excludes_contact,formalization/lean/FoundationsVII/Join/NonInteraction.lean,121,243a34cac52d11bbb8c4f2590ac762ee6eef7e116f5abef85b0b177374562ff3
FVII-SCI03-C033-CERTIFIED-NONINTERACTION,VII-C033,LEAN_DECLARATION,FoundationsVII.DeclaredContactCase.outside_family_is_an_explicit_escape,formalization/lean/FoundationsVII/Join/NonInteraction.lean,130,3833789bdfa56bf8c046d39d689fa7b22f788a1530d6b307c55170ad1a08312a
FVII-SCI03-C033-CERTIFIED-NONINTERACTION,VII-C033,LEAN_DECLARATION,FoundationsVII.Models.Finite.Phase3.all_phase3_countermodels_pass,formalization/lean/FoundationsVII/Models/Finite/Phase3/ScenarioChecks.lean,162,f5019bbb221a15e71b3d508370730c0f063729a4a499a3272617a834e9c01473
FVII-SCI03-C033-CERTIFIED-NONINTERACTION,VII-C033,LEAN_DECLARATION,FoundationsVII.Models.Finite.Phase3.all_phase3_scenarios_pass,formalization/lean/FoundationsVII/Models/Finite/Phase3/ScenarioChecks.lean,112,5580ec555ddc1e377bce73ca2f21c01cc759778a42d1c981c9dda965e7240631
FVII-SCI03-C033-CERTIFIED-NONINTERACTION,VII-C033,LEAN_DECLARATION,FoundationsVII.Models.Finite.Phase3.exactly_one_certified_noninteraction_profile,formalization/lean/FoundationsVII/Models/Finite/Phase3/ContactJoinEnvelope.lean,493,ba9ecc1d9ea80203695359eff1cec7adb578742b8917771f3f104a1b275b629f
FVII-SCI03-C033-CERTIFIED-NONINTERACTION,VII-C033,LEAN_DECLARATION,FoundationsVII.Models.Finite.Phase3.noninteraction_accepted_cardinality,formalization/lean/FoundationsVII/Models/Finite/Phase3/ContactJoinEnvelope.lean,490,c70e22b365da9d5b2bf381b23078af29b2a53d07d718014bc495408494a2b43e
FVII-SCI03-C033-CERTIFIED-NONINTERACTION,VII-C033,LEAN_DECLARATION,FoundationsVII.Models.Finite.Phase3.noninteraction_raw_cardinality,formalization/lean/FoundationsVII/Models/Finite/Phase3/ContactJoinEnvelope.lean,488,45607f077f521a13f52074e9ec8e3cf60875fb166c5928e3c7ffb76f63d1f0f0
FVII-SCI03-C033-CERTIFIED-NONINTERACTION,VII-C033,LEAN_DECLARATION,FoundationsVII.Models.Finite.Phase3.phase3_countermodel_count,formalization/lean/FoundationsVII/Models/Finite/Phase3/ScenarioChecks.lean,160,53cd88868ababd9f91aaa923ab9c0f74b51acf21576a6b15380afb7ef828e49f
FVII-SCI03-C033-CERTIFIED-NONINTERACTION,VII-C033,LEAN_DECLARATION,FoundationsVII.Models.Finite.Phase3.phase3_scenario_count,formalization/lean/FoundationsVII/Models/Finite/Phase3/ScenarioChecks.lean,110,8b97161fb6cd0b9d4c06c7fe30d1729538049f9c21994dd47c143e54623987f5
FVII-SCI03-C033-CERTIFIED-NONINTERACTION,VII-C033,LEAN_DECLARATION,FoundationsVII.Models.Finite.Phase3.phase3_source_control_22_pass,formalization/lean/FoundationsVII/Models/Finite/Phase3/ScenarioChecks.lean,142,e863290ad159edcc05eb6853896f3c417c0f0ab7ea3ec1aaf93ceca2f4a54d52
FVII-SCI03-C033-CERTIFIED-NONINTERACTION,VII-C033,LEAN_DECLARATION,FoundationsVII.ContactCoverageCertificate,formalization/lean/FoundationsVII/Join/NonInteraction.lean,69,8ed88a556a1630d472b8edfcfc2702c75b9a71765ae7fd6af9497b1122c7bbdc
FVII-SCI03-C033-CERTIFIED-NONINTERACTION,VII-C033,LEAN_DECLARATION,FoundationsVII.ContactCoverageCertificate.Certified,formalization/lean/FoundationsVII/Join/NonInteraction.lean,84,02d8f7b76df18ed5179ed743798779368dc020657b6ad41665d74e4095fe79b7
FVII-SCI03-C033-CERTIFIED-NONINTERACTION,VII-C033,LEAN_DECLARATION,FoundationsVII.ContactNullProfile,formalization/lean/FoundationsVII/Join/NonInteraction.lean,13,db0abcde017963b84d0e282f252348bb7aa72a759f6752348e2d522ab5641eeb
FVII-SCI03-C033-CERTIFIED-NONINTERACTION,VII-C033,LEAN_DECLARATION,FoundationsVII.ContactNullProfile.CertifiedNonInteraction,formalization/lean/FoundationsVII/Join/NonInteraction.lean,27,65ed97d06cf2e4f77a40e84dceca7ccf01ea15c0e9e03a7d82329f5e4b2cf36d
FVII-SCI03-C033-CERTIFIED-NONINTERACTION,VII-C033,LEAN_DECLARATION,FoundationsVII.ContactNullProfile.NoEvidencedContact,formalization/lean/FoundationsVII/Join/NonInteraction.lean,24,72738e6622fac70a1202e4d515e4360c7944f792cb5288d052ff10372913de6b
FVII-SCI03-C033-CERTIFIED-NONINTERACTION,VII-C033,LEAN_DECLARATION,FoundationsVII.ContactNullProfile.certifiedNull,formalization/lean/FoundationsVII/Join/NonInteraction.lean,43,44ff4fd899361fa04a2cac33c201e1b366296a85da128cf2e35310b6eb2a9877
FVII-SCI03-C033-CERTIFIED-NONINTERACTION,VII-C033,LEAN_DECLARATION,FoundationsVII.ContactNullProfile.openNull,formalization/lean/FoundationsVII/Join/NonInteraction.lean,35,b2c4b58f0bfd27cb285d61240d89f73e516d1f042954b19ebd7cdb905f2b61a3
FVII-SCI03-C033-CERTIFIED-NONINTERACTION,VII-C033,LEAN_DECLARATION,FoundationsVII.DeclaredContactCase,formalization/lean/FoundationsVII/Join/NonInteraction.lean,107,74782b44c7d591ced8953990054b826845bea340b478323911c951cfef3b96d7
FVII-SCI03-C033-CERTIFIED-NONINTERACTION,VII-C033,LEAN_DECLARATION,FoundationsVII.DeclaredContactCase.CoveredBy,formalization/lean/FoundationsVII/Join/NonInteraction.lean,118,d818c58c9bfeb0c0bdb2987d74a663f15b890df655ef97a81cbc168a18ce7d4d
FVII-SCI03-C033-CERTIFIED-NONINTERACTION,VII-C033,LEAN_DECLARATION,FoundationsVII.DeclaredContactCase.ExhaustedNoContact,formalization/lean/FoundationsVII/Join/NonInteraction.lean,115,861d9c0bdd7d801d103eaf51b332faae2aab1e8a393344804a3e2de29bddd34e
FVII-SCI03-C033-CERTIFIED-NONINTERACTION,VII-C033,LEAN_DECLARATION,FoundationsVII.Models.Finite.Phase3.NoninteractionCase,formalization/lean/FoundationsVII/Models/Finite/Phase3/ContactJoinEnvelope.lean,458,7065224936a35ffb00ab218e151d090dfc5e5205459c89ecbe0817c255432219
FVII-SCI03-C033-CERTIFIED-NONINTERACTION,VII-C033,LEAN_DECLARATION,FoundationsVII.Models.Finite.Phase3.Phase3CountermodelCheck,formalization/lean/FoundationsVII/Models/Finite/Phase3/ScenarioChecks.lean,114,fd8410d47e21b8b78980001c172b18da53027615262a2f0f4a42de7c01ede957
FVII-SCI03-C033-CERTIFIED-NONINTERACTION,VII-C033,LEAN_DECLARATION,FoundationsVII.Models.Finite.Phase3.Phase3Profile,formalization/lean/FoundationsVII/Models/Finite/Phase3/ScenarioChecks.lean,27,8fa3d94343235bde39eadf10f6de9cf6b791a0545f300074038f063573b367c3
FVII-SCI03-C033-CERTIFIED-NONINTERACTION,VII-C033,LEAN_DECLARATION,FoundationsVII.Models.Finite.Phase3.Phase3Scenario,formalization/lean/FoundationsVII/Models/Finite/Phase3/ScenarioChecks.lean,65,4979b08b68223091b9cff69a193869edcf77d169361271d9810280125050aef1
FVII-SCI03-C033-CERTIFIED-NONINTERACTION,VII-C033,LEAN_DECLARATION,FoundationsVII.Models.Finite.Phase3.Phase3Status,formalization/lean/FoundationsVII/Models/Finite/Phase3/ScenarioChecks.lean,11,e08fcda7042ccb9e6e8766c272da60caede1b81823e437de842d02e86a513f8d
FVII-SCI03-C033-CERTIFIED-NONINTERACTION,VII-C033,LEAN_DECLARATION,FoundationsVII.Models.Finite.Phase3.classifyPhase3,formalization/lean/FoundationsVII/Models/Finite/Phase3/ScenarioChecks.lean,48,285c1fd2d43720097142d81c6447b171a3ee1e1a880c243c65368cf7222a6ca9
FVII-SCI03-C033-CERTIFIED-NONINTERACTION,VII-C033,LEAN_DECLARATION,FoundationsVII.Models.Finite.Phase3.countermodelPass,formalization/lean/FoundationsVII/Models/Finite/Phase3/ScenarioChecks.lean,119,9797e5b67333619b208ecc25e4b7ccc1bad7085d62ac7756de97f87ed6ade0cb
FVII-SCI03-C033-CERTIFIED-NONINTERACTION,VII-C033,LEAN_DECLARATION,FoundationsVII.Models.Finite.Phase3.noninteractionActual,formalization/lean/FoundationsVII/Models/Finite/Phase3/ContactJoinEnvelope.lean,469,a93eea2739e942fb0e8f644ebfb9cc992635499503b604cabd685d55be63e6a3
FVII-SCI03-C033-CERTIFIED-NONINTERACTION,VII-C033,LEAN_DECLARATION,FoundationsVII.Models.Finite.Phase3.noninteractionLaw,formalization/lean/FoundationsVII/Models/Finite/Phase3/ContactJoinEnvelope.lean,473,8024892708b1a4ac7b26df53b49bf7c76b5c5487dff21d73482f7bf7bc9d3537
FVII-SCI03-C033-CERTIFIED-NONINTERACTION,VII-C033,LEAN_DECLARATION,FoundationsVII.Models.Finite.Phase3.phase3Countermodels,formalization/lean/FoundationsVII/Models/Finite/Phase3/ScenarioChecks.lean,144,e506275ed108d523b1ac5618d301b0efd43ad7607cc5a2b82808a2560e5079b3
FVII-SCI03-C033-CERTIFIED-NONINTERACTION,VII-C033,LEAN_DECLARATION,FoundationsVII.Models.Finite.Phase3.phase3Scenarios,formalization/lean/FoundationsVII/Models/Finite/Phase3/ScenarioChecks.lean,74,eb27f37a01efaf95b07f0ade8cdebdd985550a14eaeb1d5ec72b2df55ff9b696
FVII-SCI03-C033-CERTIFIED-NONINTERACTION,VII-C033,LEAN_DECLARATION,FoundationsVII.Models.Finite.Phase3.scenarioPass,formalization/lean/FoundationsVII/Models/Finite/Phase3/ScenarioChecks.lean,71,3d2dbbe534dd76c0a54744f507b2def1d940b24416090372c3e4095c650592d3
FVII-SCI03-C033-CERTIFIED-NONINTERACTION,VII-C033,FINITE_WITNESS,TTW-S12,formalization/foundations_vii_lab/fixtures/scenarios/TTW-S12.json,,c6e6927cd6301a3ea9c54753b67b6597e494a7c89f82cce0e156dad89d88abdb
FVII-SCI03-C033-CERTIFIED-NONINTERACTION,VII-C033,FINITE_WITNESS,TTW-S13,formalization/foundations_vii_lab/fixtures/scenarios/TTW-S13.json,,f6c334bb37d6e708a76e40c953340380845f465fba974ed2a1962f5a575f79a1
FVII-SCI03-C033-CERTIFIED-NONINTERACTION,VII-C033,FINITE_WITNESS,CM-02,formalization/foundations_vii_lab/fixtures/countermodels/CM-02.json,,d8640552715b37e1cb1ccdfc4b67443f8c9cf05055c703cce0ab52b8625a71ec
FVII-SCI03-C033-CERTIFIED-NONINTERACTION,VII-C033,FINITE_WITNESS,CM-18,formalization/foundations_vii_lab/fixtures/countermodels/CM-18.json,,db1fa94ca5c5eb447bb86ee73a008c6870bf8dd745e0d3d1e4cc5db6149c8d29
FVII-SCI03-C033-CERTIFIED-NONINTERACTION,VII-C033,FINITE_WITNESS,CM-27,formalization/foundations_vii_lab/fixtures/countermodels/CM-27.json,,bed679e01fa212d68bca0d45272ec61a20aec1c29c1bc8697244675e8062d11e
FVII-SCI03-C033-CERTIFIED-NONINTERACTION,VII-C033,FINITE_WITNESS,P3-W22,formalization/foundations_vii_lab/phase3/witnesses/P3-W22.json,,3c8f7d8a37bd84f56b34c954ee9bb137327c1b838e660dd70f3000135bc8a976
FVII-SCI03-C033-CERTIFIED-NONINTERACTION,VII-C033,FINITE_WITNESS,P3-W23,formalization/foundations_vii_lab/phase3/witnesses/P3-W23.json,,f8539b0c5ef57e339080d92217e1fa1fda1c27ccc6f2d387bb1374797d67649c
FVII-SCI03-C033-CERTIFIED-NONINTERACTION,VII-C033,FINITE_WITNESS,P3-W24,formalization/foundations_vii_lab/phase3/witnesses/P3-W24.json,,93785800662f87869fa53178636356780e9ddd988598a006abd3a7d65115774f
FVII-SCI03-C035-NO-FREE-JOIN-FAMILY,VII-C035,LEAN_DECLARATION,FoundationsVII.Models.Finite.Phase3.all_phase3_countermodels_pass,formalization/lean/FoundationsVII/Models/Finite/Phase3/ScenarioChecks.lean,162,f5019bbb221a15e71b3d508370730c0f063729a4a499a3272617a834e9c01473
FVII-SCI03-C035-NO-FREE-JOIN-FAMILY,VII-C035,LEAN_DECLARATION,FoundationsVII.Models.Finite.Phase3.all_phase3_scenarios_pass,formalization/lean/FoundationsVII/Models/Finite/Phase3/ScenarioChecks.lean,112,5580ec555ddc1e377bce73ca2f21c01cc759778a42d1c981c9dda965e7240631
FVII-SCI03-C035-NO-FREE-JOIN-FAMILY,VII-C035,LEAN_DECLARATION,FoundationsVII.Models.Finite.Phase3.payment_accepted_cardinality,formalization/lean/FoundationsVII/Models/Finite/Phase3/ContactJoinEnvelope.lean,304,f6c15ae4156a814bc4e49ccda808fb7ce41268278994dbe0f2f3f398d75aa895
FVII-SCI03-C035-NO-FREE-JOIN-FAMILY,VII-C035,LEAN_DECLARATION,FoundationsVII.Models.Finite.Phase3.payment_raw_cardinality,formalization/lean/FoundationsVII/Models/Finite/Phase3/ContactJoinEnvelope.lean,302,de74df66f53107e3659cd3251461726ab09adf466d665174ff5b26c2bea46c77
FVII-SCI03-C035-NO-FREE-JOIN-FAMILY,VII-C035,LEAN_DECLARATION,FoundationsVII.Models.Finite.Phase3.phase3_countermodel_count,formalization/lean/FoundationsVII/Models/Finite/Phase3/ScenarioChecks.lean,160,53cd88868ababd9f91aaa923ab9c0f74b51acf21576a6b15380afb7ef828e49f
FVII-SCI03-C035-NO-FREE-JOIN-FAMILY,VII-C035,LEAN_DECLARATION,FoundationsVII.Models.Finite.Phase3.phase3_scenario_count,formalization/lean/FoundationsVII/Models/Finite/Phase3/ScenarioChecks.lean,110,8b97161fb6cd0b9d4c06c7fe30d1729538049f9c21994dd47c143e54623987f5
FVII-SCI03-C035-NO-FREE-JOIN-FAMILY,VII-C035,LEAN_DECLARATION,FoundationsVII.Models.Finite.Phase3.phase3_source_control_22_pass,formalization/lean/FoundationsVII/Models/Finite/Phase3/ScenarioChecks.lean,142,e863290ad159edcc05eb6853896f3c417c0f0ab7ea3ec1aaf93ceca2f4a54d52
FVII-SCI03-C035-NO-FREE-JOIN-FAMILY,VII-C035,LEAN_DECLARATION,FoundationsVII.Models.Finite.Phase3.strictness_accepted_cardinality,formalization/lean/FoundationsVII/Models/Finite/Phase3/ContactJoinEnvelope.lean,220,44b0bf3317f2e2b0c4f82df28ef7d75223873c69cea815e9a66b961b1740554c
FVII-SCI03-C035-NO-FREE-JOIN-FAMILY,VII-C035,LEAN_DECLARATION,FoundationsVII.Models.Finite.Phase3.strictness_canonical_cardinality,formalization/lean/FoundationsVII/Models/Finite/Phase3/ContactJoinEnvelope.lean,215,286b428cbba35dca487f1b2353f8d807eac1eef55d0521838e629416d09e591a
FVII-SCI03-C035-NO-FREE-JOIN-FAMILY,VII-C035,LEAN_DECLARATION,FoundationsVII.Models.Finite.Phase3.strictness_raw_labelled_cardinality,formalization/lean/FoundationsVII/Models/Finite/Phase3/ContactJoinEnvelope.lean,217,38cfc4e5afbf8e5208f0d25349a22e27d48916820e8b9005276dc398c045a8f7
FVII-SCI03-C035-NO-FREE-JOIN-FAMILY,VII-C035,LEAN_DECLARATION,FoundationsVII.NoGo.NGVII_02_escape_witnessed_independent_contact,formalization/lean/FoundationsVII/NoGo/Join.lean,48,f831637d51fb55865f7bc0141b4a23c3e968dd060525f1413cbb12c8fa50faa4
FVII-SCI03-C035-NO-FREE-JOIN-FAMILY,VII-C035,LEAN_DECLARATION,FoundationsVII.NoGo.NGVII_02_no_resemblance_only_independence_join,formalization/lean/FoundationsVII/NoGo/Join.lean,33,03ce39e920bf25dab99ef5e0f175b50c7b0333e29b2d16d0f97718bbe93ab7a7
FVII-SCI03-C035-NO-FREE-JOIN-FAMILY,VII-C035,LEAN_DECLARATION,FoundationsVII.NoGo.NGVII_06_escape_complete_strict_join_certificate,formalization/lean/FoundationsVII/NoGo/Join.lean,92,995b9687195afd68552ccbb457bf9fcfb08c005b20b305c5c3d980885dc87618
FVII-SCI03-C035-NO-FREE-JOIN-FAMILY,VII-C035,LEAN_DECLARATION,FoundationsVII.NoGo.NGVII_06_no_join_from_contact_alone,formalization/lean/FoundationsVII/NoGo/Join.lean,76,64857c697741fc4ec8d0b39da6405a81bdd196709d0f49917d7cfdb763e8d521
FVII-SCI03-C035-NO-FREE-JOIN-FAMILY,VII-C035,LEAN_DECLARATION,FoundationsVII.NoGo.NGVII_07_escape_anti_product_witness,formalization/lean/FoundationsVII/NoGo/Join.lean,132,74f7665de2421947c848159e71812b019c5b9a428c7f3a46df81833783adafb7
FVII-SCI03-C035-NO-FREE-JOIN-FAMILY,VII-C035,LEAN_DECLARATION,FoundationsVII.NoGo.NGVII_07_no_product_common_refinement_strictness_credit,formalization/lean/FoundationsVII/NoGo/Join.lean,117,ce62b71af7e7e2d9af4b690ccc1f5ff4e2ba7142ade5409e05108d890a9fa36d
FVII-SCI03-C035-NO-FREE-JOIN-FAMILY,VII-C035,LEAN_DECLARATION,FoundationsVII.NoGo.NGVII_08_escape_disjoint_root_certificate,formalization/lean/FoundationsVII/NoGo/Join.lean,167,0a39e4c9487d2eedf3c57d0606c4a049d1eabdf1e63ee1cb3f7c49673cbde8f1
FVII-SCI03-C035-NO-FREE-JOIN-FAMILY,VII-C035,LEAN_DECLARATION,FoundationsVII.NoGo.NGVII_08_no_one_lineage_source_independence_credit,formalization/lean/FoundationsVII/NoGo/Join.lean,153,3f44e850aa05bab05db05144952da28c313137b86aba342214dfd3ba1093b35c
FVII-SCI03-C035-NO-FREE-JOIN-FAMILY,VII-C035,LEAN_DECLARATION,FoundationsVII.NoGo.NGVII_09_escape_certified_zero_cost_channel,formalization/lean/FoundationsVII/NoGo/Join.lean,224,0e9e45b3eb3e34883d1b76164d7b8b8c88c714815a1b21024d371f9165dfa416
FVII-SCI03-C035-NO-FREE-JOIN-FAMILY,VII-C035,LEAN_DECLARATION,FoundationsVII.NoGo.NGVII_09_escape_paid_channel,formalization/lean/FoundationsVII/NoGo/Join.lean,221,8b5adc9298aca4c3967159c04d64fdd57aeec649a7449fbf78d7ffdf762e95f9
FVII-SCI03-C035-NO-FREE-JOIN-FAMILY,VII-C035,LEAN_DECLARATION,FoundationsVII.NoGo.NGVII_09_no_positive_cost_join_credit_without_payment,formalization/lean/FoundationsVII/NoGo/Join.lean,194,6ddb47c411bf1537c608066ab15b144f7041e5457369814f8a8a57e1c71fcf6b
FVII-SCI03-C035-NO-FREE-JOIN-FAMILY,VII-C035,LEAN_DECLARATION,FoundationsVII.NoGo.no_self_bootstrapping_join_without_seed_or_bridge,formalization/lean/FoundationsVII/NoGo/Join.lean,256,f79bfda5d95341ed558c170f343759716731982ba5b71fb3bd14363ce071b8ca
FVII-SCI03-C035-NO-FREE-JOIN-FAMILY,VII-C035,LEAN_DECLARATION,FoundationsVII.NoGo.self_bootstrap_escape_external_seed,formalization/lean/FoundationsVII/NoGo/Join.lean,259,f48b7b751d37bc333a102378b8fbea97cdf0428fa419149b65d7acee36dc9cc9
FVII-SCI03-C035-NO-FREE-JOIN-FAMILY,VII-C035,LEAN_DECLARATION,FoundationsVII.Models.Finite.Phase3.PaymentCase,formalization/lean/FoundationsVII/Models/Finite/Phase3/ContactJoinEnvelope.lean,274,db532db1fe4ec5114ed3fdf1e5a9b830d5290902b54a0fd5c114736d941af37e
FVII-SCI03-C035-NO-FREE-JOIN-FAMILY,VII-C035,LEAN_DECLARATION,FoundationsVII.Models.Finite.Phase3.Phase3CountermodelCheck,formalization/lean/FoundationsVII/Models/Finite/Phase3/ScenarioChecks.lean,114,fd8410d47e21b8b78980001c172b18da53027615262a2f0f4a42de7c01ede957
FVII-SCI03-C035-NO-FREE-JOIN-FAMILY,VII-C035,LEAN_DECLARATION,FoundationsVII.Models.Finite.Phase3.Phase3Profile,formalization/lean/FoundationsVII/Models/Finite/Phase3/ScenarioChecks.lean,27,8fa3d94343235bde39eadf10f6de9cf6b791a0545f300074038f063573b367c3
FVII-SCI03-C035-NO-FREE-JOIN-FAMILY,VII-C035,LEAN_DECLARATION,FoundationsVII.Models.Finite.Phase3.Phase3Scenario,formalization/lean/FoundationsVII/Models/Finite/Phase3/ScenarioChecks.lean,65,4979b08b68223091b9cff69a193869edcf77d169361271d9810280125050aef1
FVII-SCI03-C035-NO-FREE-JOIN-FAMILY,VII-C035,LEAN_DECLARATION,FoundationsVII.Models.Finite.Phase3.Phase3Status,formalization/lean/FoundationsVII/Models/Finite/Phase3/ScenarioChecks.lean,11,e08fcda7042ccb9e6e8766c272da60caede1b81823e437de842d02e86a513f8d
FVII-SCI03-C035-NO-FREE-JOIN-FAMILY,VII-C035,LEAN_DECLARATION,FoundationsVII.Models.Finite.Phase3.StrictnessCase,formalization/lean/FoundationsVII/Models/Finite/Phase3/ContactJoinEnvelope.lean,166,afa3f2c2e8efd614025b7425d48f7b49e20d8e83766a9bcab4639e1282ad431f
FVII-SCI03-C035-NO-FREE-JOIN-FAMILY,VII-C035,LEAN_DECLARATION,FoundationsVII.Models.Finite.Phase3.classifyPhase3,formalization/lean/FoundationsVII/Models/Finite/Phase3/ScenarioChecks.lean,48,285c1fd2d43720097142d81c6447b171a3ee1e1a880c243c65368cf7222a6ca9
FVII-SCI03-C035-NO-FREE-JOIN-FAMILY,VII-C035,LEAN_DECLARATION,FoundationsVII.Models.Finite.Phase3.countermodelPass,formalization/lean/FoundationsVII/Models/Finite/Phase3/ScenarioChecks.lean,119,9797e5b67333619b208ecc25e4b7ccc1bad7085d62ac7756de97f87ed6ade0cb
FVII-SCI03-C035-NO-FREE-JOIN-FAMILY,VII-C035,LEAN_DECLARATION,FoundationsVII.Models.Finite.Phase3.paymentLaw,formalization/lean/FoundationsVII/Models/Finite/Phase3/ContactJoinEnvelope.lean,284,088e9f36e984ca942fe9070d52c75eb92abcd2ace6cde50adb19793017b4175e
FVII-SCI03-C035-NO-FREE-JOIN-FAMILY,VII-C035,LEAN_DECLARATION,FoundationsVII.Models.Finite.Phase3.phase3Countermodels,formalization/lean/FoundationsVII/Models/Finite/Phase3/ScenarioChecks.lean,144,e506275ed108d523b1ac5618d301b0efd43ad7607cc5a2b82808a2560e5079b3
FVII-SCI03-C035-NO-FREE-JOIN-FAMILY,VII-C035,LEAN_DECLARATION,FoundationsVII.Models.Finite.Phase3.phase3Scenarios,formalization/lean/FoundationsVII/Models/Finite/Phase3/ScenarioChecks.lean,74,eb27f37a01efaf95b07f0ade8cdebdd985550a14eaeb1d5ec72b2df55ff9b696
FVII-SCI03-C035-NO-FREE-JOIN-FAMILY,VII-C035,LEAN_DECLARATION,FoundationsVII.Models.Finite.Phase3.scenarioPass,formalization/lean/FoundationsVII/Models/Finite/Phase3/ScenarioChecks.lean,71,3d2dbbe534dd76c0a54744f507b2def1d940b24416090372c3e4095c650592d3
FVII-SCI03-C035-NO-FREE-JOIN-FAMILY,VII-C035,LEAN_DECLARATION,FoundationsVII.Models.Finite.Phase3.strictnessLaw,formalization/lean/FoundationsVII/Models/Finite/Phase3/ContactJoinEnvelope.lean,185,88bcae5c28f9274e7f80e9231191bef7470bd5adaf2fc4d20468c413b0376d5b
FVII-SCI03-C035-NO-FREE-JOIN-FAMILY,VII-C035,LEAN_DECLARATION,FoundationsVII.NoGo.ContactOnlyJoinProfile,formalization/lean/FoundationsVII/NoGo/Join.lean,51,e6b4b4009f0d0bdf0a9c35eb1edb194ca7bed55fc10c814a48a675b8eb604baf
FVII-SCI03-C035-NO-FREE-JOIN-FAMILY,VII-C035,LEAN_DECLARATION,FoundationsVII.NoGo.ContactOnlyJoinProfile.ContactOnly,formalization/lean/FoundationsVII/NoGo/Join.lean,68,35b4b6ada5ca6ae7c33cb2c0ba9d3ea29d8bee9c99405ca304cd10632f9a7269
FVII-SCI03-C035-NO-FREE-JOIN-FAMILY,VII-C035,LEAN_DECLARATION,FoundationsVII.NoGo.ContactOnlyJoinProfile.StrictEligible,formalization/lean/FoundationsVII/NoGo/Join.lean,61,cf0c414074cd57720cb79e86ea2c3f7a76fb56dcb3d4ec9c4043a2bb853cd840
FVII-SCI03-C035-NO-FREE-JOIN-FAMILY,VII-C035,LEAN_DECLARATION,FoundationsVII.NoGo.LineageJoinCredit,formalization/lean/FoundationsVII/NoGo/Join.lean,135,5500028c16ce1c106fb9c4dd5712a34b0dfe1103cde298e7ada3583ca44b6444
FVII-SCI03-C035-NO-FREE-JOIN-FAMILY,VII-C035,LEAN_DECLARATION,FoundationsVII.NoGo.LineageJoinCredit.Eligible,formalization/lean/FoundationsVII/NoGo/Join.lean,143,e7a1c9e680928fc24465def7c9ec67a71e8aa43c4bf14d4a04dceeef55e0328c
FVII-SCI03-C035-NO-FREE-JOIN-FAMILY,VII-C035,LEAN_DECLARATION,FoundationsVII.NoGo.LineageJoinCredit.OneLineage,formalization/lean/FoundationsVII/NoGo/Join.lean,147,655fd272aca63eb8ce29350b346e83866bd5042983b77137695532a6acc46003
FVII-SCI03-C035-NO-FREE-JOIN-FAMILY,VII-C035,LEAN_DECLARATION,FoundationsVII.NoGo.PaymentJoinCredit,formalization/lean/FoundationsVII/NoGo/Join.lean,170,a4e34f4ee3cd49ec8ce832a6b6554798a9db09dc645d6811da11f2c71e053c74
FVII-SCI03-C035-NO-FREE-JOIN-FAMILY,VII-C035,LEAN_DECLARATION,FoundationsVII.NoGo.PaymentJoinCredit.Eligible,formalization/lean/FoundationsVII/NoGo/Join.lean,180,ad1d2520dcda5836f69848ef4b8586030beff98b3cf82514d28610b9d5f2f77f
FVII-SCI03-C035-NO-FREE-JOIN-FAMILY,VII-C035,LEAN_DECLARATION,FoundationsVII.NoGo.PaymentJoinCredit.PositiveUnpaid,formalization/lean/FoundationsVII/NoGo/Join.lean,187,20e4bd3492f60c6732de1eaeec5073f192d949467ce56f7f33d898a1ae4eafd2
FVII-SCI03-C035-NO-FREE-JOIN-FAMILY,VII-C035,LEAN_DECLARATION,FoundationsVII.NoGo.ProductJoinProfile,formalization/lean/FoundationsVII/NoGo/Join.lean,95,b8dc2249a6f5824312f565c0b789989fd9bb2d84f48db807d7f8007ca10df8e6
FVII-SCI03-C035-NO-FREE-JOIN-FAMILY,VII-C035,LEAN_DECLARATION,FoundationsVII.NoGo.ProductJoinProfile.MereProduct,formalization/lean/FoundationsVII/NoGo/Join.lean,110,c5613bd9f07ab5625958ca886f5d2941b5c28cec731fc53f8eaed6ae1854d474
FVII-SCI03-C035-NO-FREE-JOIN-FAMILY,VII-C035,LEAN_DECLARATION,FoundationsVII.NoGo.ProductJoinProfile.StrictEligible,formalization/lean/FoundationsVII/NoGo/Join.lean,104,0df820069fa163084a73bf63c844321c0f4dbae3ad63a465d0b24836171195d8
FVII-SCI03-C035-NO-FREE-JOIN-FAMILY,VII-C035,LEAN_DECLARATION,FoundationsVII.NoGo.ResemblanceJoinProfile,formalization/lean/FoundationsVII/NoGo/Join.lean,12,2da4b74326de66053db8bd63fbcadc8f847f198e176b993a13c717f7670e62f7
FVII-SCI03-C035-NO-FREE-JOIN-FAMILY,VII-C035,LEAN_DECLARATION,FoundationsVII.NoGo.ResemblanceJoinProfile.Eligible,formalization/lean/FoundationsVII/NoGo/Join.lean,21,23eef109700c24ee2ef40ef9e44b2e1b790b11735b8386a06bb8450723cff0f4
FVII-SCI03-C035-NO-FREE-JOIN-FAMILY,VII-C035,LEAN_DECLARATION,FoundationsVII.NoGo.ResemblanceJoinProfile.ResemblanceOnly,formalization/lean/FoundationsVII/NoGo/Join.lean,26,0ff9b34a8fdcdd616baf4829fbd7a685cf05323069efc55fa098d27e381ddd51
FVII-SCI03-C035-NO-FREE-JOIN-FAMILY,VII-C035,LEAN_DECLARATION,FoundationsVII.NoGo.SelfBootstrapJoinProfile,formalization/lean/FoundationsVII/NoGo/Join.lean,227,d51e49fab5aad7245c0a75b6d810f7775d2fd9a9690c035cbb1ab7898ea0cf39
FVII-SCI03-C035-NO-FREE-JOIN-FAMILY,VII-C035,LEAN_DECLARATION,FoundationsVII.NoGo.SelfBootstrapJoinProfile.Lawful,formalization/lean/FoundationsVII/NoGo/Join.lean,236,11c773095f3b4e3a3ec53a50f9aec1d3ae19edc254a6e60713b81b17a88f823c
FVII-SCI03-C035-NO-FREE-JOIN-FAMILY,VII-C035,FINITE_WITNESS,TTW-S01,formalization/foundations_vii_lab/fixtures/scenarios/TTW-S01.json,,fac266fdc751e851da83c4f857a87581eb334ce0b56a46d3d59ee7b90378ccb8
FVII-SCI03-C035-NO-FREE-JOIN-FAMILY,VII-C035,FINITE_WITNESS,TTW-S10,formalization/foundations_vii_lab/fixtures/scenarios/TTW-S10.json,,c63041aa5ec89fad63ac0bef0fb50dd1f0d955ffbf75495af7ce40b2c4b42e4c
FVII-SCI03-C035-NO-FREE-JOIN-FAMILY,VII-C035,FINITE_WITNESS,TTW-S15,formalization/foundations_vii_lab/fixtures/scenarios/TTW-S15.json,,5d3afb3d50f282a194010c5c8fb872cc68fd7aad8d877f8ad87c78463f272faf
FVII-SCI03-C035-NO-FREE-JOIN-FAMILY,VII-C035,FINITE_WITNESS,CM-03,formalization/foundations_vii_lab/fixtures/countermodels/CM-03.json,,33a6d8ad67c1ce059d19b87fb932624abd8d2267ff0a60f834b726d428f61be1
FVII-SCI03-C035-NO-FREE-JOIN-FAMILY,VII-C035,FINITE_WITNESS,CM-19,formalization/foundations_vii_lab/fixtures/countermodels/CM-19.json,,0659e0bf474e1857251728503638f14294b078c3746662f2c4646c416f857fe3
FVII-SCI03-C035-NO-FREE-JOIN-FAMILY,VII-C035,FINITE_WITNESS,CM-21,formalization/foundations_vii_lab/fixtures/countermodels/CM-21.json,,8c454f88f6fd75501ad313c9e46dd09891e321edaa293d8ffd15a646362a6678
FVII-SCI03-C035-NO-FREE-JOIN-FAMILY,VII-C035,FINITE_WITNESS,P3-W13,formalization/foundations_vii_lab/phase3/witnesses/P3-W13.json,,d4ecceaa254023fe61b3ca6dd8daf1032ba56910aa0dc7878344c573ed2e9ea4
FVII-SCI03-C036-JOIN-CREATED-NEEDLE,VII-C036,LEAN_DECLARATION,FoundationsVII.Models.Finite.Phase3.residual_accepted_cardinality,formalization/lean/FoundationsVII/Models/Finite/Phase3/ContactJoinEnvelope.lean,453,22f0d337dd5319e9fedc2eec5d2f8a0b96216afbaa64a0f0c712ea1594ac6c6a
FVII-SCI03-C036-JOIN-CREATED-NEEDLE,VII-C036,LEAN_DECLARATION,FoundationsVII.Models.Finite.Phase3.residual_raw_cardinality,formalization/lean/FoundationsVII/Models/Finite/Phase3/ContactJoinEnvelope.lean,451,b9bea9d4eeaf840d7e9ba5fe8688f7c49f37b9d4a68a052a50cf6889e01c2d0a
FVII-SCI03-C036-JOIN-CREATED-NEEDLE,VII-C036,LEAN_DECLARATION,FoundationsVII.ResidualLedger.append_extends,formalization/lean/FoundationsVII/Residuals/Ledger.lean,77,df3c3c41bbfbf310c7d4e0c7b86abfbe4e469041604122fcd1ed5473b852322a
FVII-SCI03-C036-JOIN-CREATED-NEEDLE,VII-C036,LEAN_DECLARATION,FoundationsVII.ResidualLedger.mem_of_extends,formalization/lean/FoundationsVII/Residuals/Ledger.lean,81,0584ab2126ce001e6de343feb79b34c8c9b8a3ff96a2d2390cba4faab0d3429c
FVII-SCI03-C036-JOIN-CREATED-NEEDLE,VII-C036,LEAN_DECLARATION,FoundationsVII.ResidualLedger.no_silent_residual_deletion_under_scope_change,formalization/lean/FoundationsVII/Residuals/Ledger.lean,89,c3d15b93f1b3f5115f691823020030298dfab70a0e33af9f40e09df1b001a4d5
FVII-SCI03-C036-JOIN-CREATED-NEEDLE,VII-C036,LEAN_DECLARATION,FoundationsVII.constructive_join_created_cross_term_needle,formalization/lean/FoundationsVII/Residuals/Ledger.lean,199,c455c3cc6ffdd323eb3f28ca93827e27e9d9cad66cfd33b0b87154b5e4b137c6
FVII-SCI03-C036-JOIN-CREATED-NEEDLE,VII-C036,LEAN_DECLARATION,FoundationsVII.join_can_dissolve_and_create_residuals_simultaneously,formalization/lean/FoundationsVII/Residuals/Ledger.lean,205,3a737d17bd0a0024cbfb377fd98bf0a652c425dea94db5d9729e09d0ffc13903
FVII-SCI03-C036-JOIN-CREATED-NEEDLE,VII-C036,LEAN_DECLARATION,FoundationsVII.joining_is_not_monotonically_obstruction_reducing,formalization/lean/FoundationsVII/Residuals/Ledger.lean,214,90beaf8e779f3989651535ee92ab4071f83ee12a6457822606d97a97ecb13a01
FVII-SCI03-C036-JOIN-CREATED-NEEDLE,VII-C036,LEAN_DECLARATION,FoundationsVII.relabeling_does_not_count_as_new_cross_term,formalization/lean/FoundationsVII/Residuals/Ledger.lean,202,e9123bb34aa86fd1cd78e8fcb073ae90f6a03fa02e34631243cb4427df6be885
FVII-SCI03-C036-JOIN-CREATED-NEEDLE,VII-C036,LEAN_DECLARATION,FoundationsVII.residualKind_mem_all,formalization/lean/FoundationsVII/Residuals/Ledger.lean,27,5087429240c089e6098558f014ff1c1700d95af98778c19339b799b9c7ea3512
FVII-SCI03-C036-JOIN-CREATED-NEEDLE,VII-C036,LEAN_DECLARATION,FoundationsVII.CrossTermNeedle,formalization/lean/FoundationsVII/Residuals/Ledger.lean,96,7b391fbf7c5dbaa97fa91f64341351df5180b36cc15d0860c6f50762f981aad9
FVII-SCI03-C036-JOIN-CREATED-NEEDLE,VII-C036,LEAN_DECLARATION,FoundationsVII.CrossTermNeedle.Valid,formalization/lean/FoundationsVII/Residuals/Ledger.lean,106,930910db9adcf36129ba0200df70309f2536d166ab5c1044e9028eb310363863
FVII-SCI03-C036-JOIN-CREATED-NEEDLE,VII-C036,LEAN_DECLARATION,FoundationsVII.Models.Finite.Phase3.FiniteResidualOrigin,formalization/lean/FoundationsVII/Models/Finite/Phase3/ContactJoinEnvelope.lean,408,fc801f2d2ed9fc7fabb4572650e51db78548cbae0085a09f585ff88b781395e8
FVII-SCI03-C036-JOIN-CREATED-NEEDLE,VII-C036,LEAN_DECLARATION,FoundationsVII.Models.Finite.Phase3.ResidualCase,formalization/lean/FoundationsVII/Models/Finite/Phase3/ContactJoinEnvelope.lean,418,106bbe54561794f8bf46edb3985c74a9b5fffd0905a09949fad73855ea93aa8a
FVII-SCI03-C036-JOIN-CREATED-NEEDLE,VII-C036,LEAN_DECLARATION,FoundationsVII.Models.Finite.Phase3.residualLaw,formalization/lean/FoundationsVII/Models/Finite/Phase3/ContactJoinEnvelope.lean,427,f330d1af57a05d157c3c02163c5aa73949df78eff9ca9a4e974ab21d37cb2434
FVII-SCI03-C036-JOIN-CREATED-NEEDLE,VII-C036,LEAN_DECLARATION,FoundationsVII.ResidualEntry,formalization/lean/FoundationsVII/Residuals/Ledger.lean,30,dc339d5f51246dba7a685c055b4bfb70e89928392474316052466906af52d3de
FVII-SCI03-C036-JOIN-CREATED-NEEDLE,VII-C036,LEAN_DECLARATION,FoundationsVII.ResidualEntry.WellFormed,formalization/lean/FoundationsVII/Residuals/Ledger.lean,44,2ce3a2e60fcb625ee6a3d4b425abfbbeacba5702188858d5c64d63416dd00737
FVII-SCI03-C036-JOIN-CREATED-NEEDLE,VII-C036,LEAN_DECLARATION,FoundationsVII.ResidualKind,formalization/lean/FoundationsVII/Residuals/Ledger.lean,12,65259bd9e78725a7c04685ddc19bd96951bd450ac05e4b2065d752bc6581c9af
FVII-SCI03-C036-JOIN-CREATED-NEEDLE,VII-C036,LEAN_DECLARATION,FoundationsVII.ResidualLedger,formalization/lean/FoundationsVII/Residuals/Ledger.lean,56,d1e8793c35f4e2619eee6706997d226eb2cfaa2af06360399d52f683076c380f
FVII-SCI03-C036-JOIN-CREATED-NEEDLE,VII-C036,LEAN_DECLARATION,FoundationsVII.ResidualLedger.Extends,formalization/lean/FoundationsVII/Residuals/Ledger.lean,73,604b23a54a31b85dbf89049bd612815c0587fd2727e2c1f9a6c070f80454c986
FVII-SCI03-C036-JOIN-CREATED-NEEDLE,VII-C036,LEAN_DECLARATION,FoundationsVII.ResidualLedger.WellFormed,formalization/lean/FoundationsVII/Residuals/Ledger.lean,63,dd3b6fe9c8d07ad0bc73f0d5d9fb0b55027ddd95e8e5c08457ee7d468ff0d278
FVII-SCI03-C036-JOIN-CREATED-NEEDLE,VII-C036,LEAN_DECLARATION,FoundationsVII.ResidualLedger.append,formalization/lean/FoundationsVII/Residuals/Ledger.lean,68,5d8d69fa9da97fb66990ccd8e79984850a4887389194df258bd7174107001b5c
FVII-SCI03-C036-JOIN-CREATED-NEEDLE,VII-C036,LEAN_DECLARATION,FoundationsVII.ResidualTransition,formalization/lean/FoundationsVII/Residuals/Ledger.lean,116,6ed8073cfa376de4007ef72a1a62aad7384d5e2be679a152d3f4a240ae466583
FVII-SCI03-C036-JOIN-CREATED-NEEDLE,VII-C036,LEAN_DECLARATION,FoundationsVII.ResidualTransition.WellFormed,formalization/lean/FoundationsVII/Residuals/Ledger.lean,128,da9c83b49444f12b47daa5f0ddd7872f27fde03a3d053cc2f1d5a046af1ab065
FVII-SCI03-C036-JOIN-CREATED-NEEDLE,VII-C036,LEAN_DECLARATION,FoundationsVII.allResidualKinds,formalization/lean/FoundationsVII/Residuals/Ledger.lean,23,a553fb3937c73e5b3c1b8e9b8e57ef580edfdcac0adb1e901480c443288eac15
FVII-SCI03-C036-JOIN-CREATED-NEEDLE,VII-C036,FINITE_WITNESS,TTW-S08,formalization/foundations_vii_lab/fixtures/scenarios/TTW-S08.json,,10a6f2a7c8d439222702a8dd21a9406d8d8f29eb371e5984e06ed8139cc588eb
FVII-SCI03-C036-JOIN-CREATED-NEEDLE,VII-C036,FINITE_WITNESS,TTW-S24,formalization/foundations_vii_lab/fixtures/scenarios/TTW-S24.json,,e05b0d3f68c339be11d2b60272da758bc5e21775490a5a4456d5d639e30cb14e
FVII-SCI03-C036-JOIN-CREATED-NEEDLE,VII-C036,FINITE_WITNESS,CM-25,formalization/foundations_vii_lab/fixtures/countermodels/CM-25.json,,2fd247e91b37a1358b853f63b8daeb2dfbef94f72bced5a8642400d81abc0eb4
FVII-SCI03-C036-JOIN-CREATED-NEEDLE,VII-C036,FINITE_WITNESS,CM-03,formalization/foundations_vii_lab/fixtures/countermodels/CM-03.json,,33a6d8ad67c1ce059d19b87fb932624abd8d2267ff0a60f834b726d428f61be1
FVII-SCI03-C036-JOIN-CREATED-NEEDLE,VII-C036,FINITE_WITNESS,P3-W20,formalization/foundations_vii_lab/phase3/witnesses/P3-W20.json,,a6dc0ff8ebce00cfb64d077165e925e2a5438f2879e00a1d64a705916d1ece04
FVII-SCI03-C036-JOIN-CREATED-NEEDLE,VII-C036,FINITE_WITNESS,P3-W21,formalization/foundations_vii_lab/phase3/witnesses/P3-W21.json,,4f870caba5e9b5379a5c4c84ce4d806439c44d4c6fbeda26938bb29863b94c91
