asset_id,candidate_id,trace_kind,trace_id,path,line,sha256
FVII-SCI04-C012-ENABLEMENT-ATTRIBUTION,VII-C012,LEAN_DECLARATION,FoundationsVII.AttributedEnablement.hidden_execution_defeats_attribution,formalization/lean/FoundationsVII/Enablement/Attribution.lean,99,729ff1af86894b47468d62e6783b853d8d20ea27475c3dbb08aecde3b4cac7a2
FVII-SCI04-C012-ENABLEMENT-ATTRIBUTION,VII-C012,LEAN_DECLARATION,FoundationsVII.AttributedEnablement.wellFormed_has_audit_accounting,formalization/lean/FoundationsVII/Enablement/Attribution.lean,91,e7d54b11b1f4f4859fab3f915343020bcbf22860661f866712004acd5ed31d02
FVII-SCI04-C012-ENABLEMENT-ATTRIBUTION,VII-C012,LEAN_DECLARATION,FoundationsVII.AttributedEnablement.wellFormed_has_budget_accounting,formalization/lean/FoundationsVII/Enablement/Attribution.lean,87,4dbb0a838d3cddb88f9a185d1375379c29fad0f48dcebaa64f1ee6b8405df35c
FVII-SCI04-C012-ENABLEMENT-ATTRIBUTION,VII-C012,LEAN_DECLARATION,FoundationsVII.AttributedEnablement.wellFormed_has_execution_witness,formalization/lean/FoundationsVII/Enablement/Attribution.lean,83,a0354c20cce26668dfa9d53684653f7d318100fc2e2ee807d7fa90b8940be369
FVII-SCI04-C012-ENABLEMENT-ATTRIBUTION,VII-C012,LEAN_DECLARATION,FoundationsVII.AttributedEnablement.wellFormed_has_no_hidden_executor,formalization/lean/FoundationsVII/Enablement/Attribution.lean,95,fa4a82970e43cdadddc7f0fe33aa38e143f9c809f0816c760f77172972d65ab2
FVII-SCI04-C012-ENABLEMENT-ATTRIBUTION,VII-C012,LEAN_DECLARATION,FoundationsVII.AttributedEnablement.wellFormed_has_typed_source,formalization/lean/FoundationsVII/Enablement/Attribution.lean,79,791f68ef0864d3ed5b2b9dd5b50c29e63c97d11d665d532089d3a9a13611eafa
FVII-SCI04-C012-ENABLEMENT-ATTRIBUTION,VII-C012,LEAN_DECLARATION,FoundationsVII.AttributionEvidence.honest_refinement_preserves_source_root,formalization/lean/FoundationsVII/Enablement/Attribution.lean,59,2488f86f9f8a412e06ab86ac6e1c9bfd5d9de667c462276a500395a7e4f46907
FVII-SCI04-C012-ENABLEMENT-ATTRIBUTION,VII-C012,LEAN_DECLARATION,FoundationsVII.AttributionEvidence.valid_has_no_hidden_executor,formalization/lean/FoundationsVII/Enablement/Attribution.lean,56,f62f65ece54f62a97c4410baaf027aa6b0f57acea19c6fa3418b01ce5231216e
FVII-SCI04-C012-ENABLEMENT-ATTRIBUTION,VII-C012,LEAN_DECLARATION,FoundationsVII.AttributionRefinement.stable_preserves_attribution_root,formalization/lean/FoundationsVII/Enablement/Attribution.lean,122,160143a1a0310d6f6d95f10040c8651f05c4152e740c69593add508e06964085
FVII-SCI04-C012-ENABLEMENT-ATTRIBUTION,VII-C012,LEAN_DECLARATION,FoundationsVII.Models.Finite.Phase4.all_phase4_countermodels_pass,formalization/lean/FoundationsVII/Models/Finite/Phase4/ScenarioChecks.lean,127,899a9852264945ca2fd7563325d8aad04db9fe63d63ae782e3d4d1aecb0360fb
FVII-SCI04-C012-ENABLEMENT-ATTRIBUTION,VII-C012,LEAN_DECLARATION,FoundationsVII.Models.Finite.Phase4.all_phase4_scenarios_pass,formalization/lean/FoundationsVII/Models/Finite/Phase4/ScenarioChecks.lean,90,9d6fc1ec69080fcf1f90cbf0c489751cf96c338d1d04e31b8de77364dd0754eb
FVII-SCI04-C012-ENABLEMENT-ATTRIBUTION,VII-C012,LEAN_DECLARATION,FoundationsVII.Models.Finite.Phase4.attribution_accepted_cardinality,formalization/lean/FoundationsVII/Models/Finite/Phase4/DynamicsEnvelope.lean,60,66fcd2df8de58524981ce06a50e78745dc83a97336b903eacadf806a9825916d
FVII-SCI04-C012-ENABLEMENT-ATTRIBUTION,VII-C012,LEAN_DECLARATION,FoundationsVII.Models.Finite.Phase4.attribution_exhaustive,formalization/lean/FoundationsVII/Models/Finite/Phase4/DynamicsEnvelope.lean,63,239e1a66c065f7185b18eb7441bdd7aeaa25aa75f5f7267c4035f682f2a024c0
FVII-SCI04-C012-ENABLEMENT-ATTRIBUTION,VII-C012,LEAN_DECLARATION,FoundationsVII.Models.Finite.Phase4.attribution_raw_cardinality,formalization/lean/FoundationsVII/Models/Finite/Phase4/DynamicsEnvelope.lean,58,5767e8a6ab78e417a74dfcd583dc37368fecef9a60c12d4b66eee0572d651fae
FVII-SCI04-C012-ENABLEMENT-ATTRIBUTION,VII-C012,LEAN_DECLARATION,FoundationsVII.Models.Finite.Phase4.phase4_countermodel_count,formalization/lean/FoundationsVII/Models/Finite/Phase4/ScenarioChecks.lean,125,e52a35ebe957a2d4fc09bf7b3874d2256f793bdfbcae0ad68f8263765f1e4966
FVII-SCI04-C012-ENABLEMENT-ATTRIBUTION,VII-C012,LEAN_DECLARATION,FoundationsVII.Models.Finite.Phase4.phase4_scenario_count,formalization/lean/FoundationsVII/Models/Finite/Phase4/ScenarioChecks.lean,88,2b65b3b37258fa21a99e50f426a9bb697fb3f5ee01b6d0876ed03d0bcbb2ffa1
FVII-SCI04-C012-ENABLEMENT-ATTRIBUTION,VII-C012,LEAN_DECLARATION,FoundationsVII.attribution_does_not_imply_descent_sufficiency_causation_or_endogeny,formalization/lean/FoundationsVII/Enablement/Attribution.lean,142,cc2f1de307fa1b8a189b5490b78457a458088db931d1a14f4a431766adffe3bb
FVII-SCI04-C012-ENABLEMENT-ATTRIBUTION,VII-C012,LEAN_DECLARATION,FoundationsVII.enablementSource_mem_all,formalization/lean/FoundationsVII/Enablement/Attribution.lean,27,d7cbed298c3d1b416952cd64758f2b1ac14b347ff10c5c2a5ea0db2593c61c1a
FVII-SCI04-C012-ENABLEMENT-ATTRIBUTION,VII-C012,LEAN_DECLARATION,FoundationsVII.AttributedEnablement,formalization/lean/FoundationsVII/Enablement/Attribution.lean,66,c8c4884922144657fee492de050334d742792fbc57442f45c90ec7bb75629589
FVII-SCI04-C012-ENABLEMENT-ATTRIBUTION,VII-C012,LEAN_DECLARATION,FoundationsVII.AttributedEnablement.WellFormed,formalization/lean/FoundationsVII/Enablement/Attribution.lean,73,a6791f0c324b8be7f4500406cc7912556a1de797ee4eae3339d4da6198be032b
FVII-SCI04-C012-ENABLEMENT-ATTRIBUTION,VII-C012,LEAN_DECLARATION,FoundationsVII.AttributionEvidence,formalization/lean/FoundationsVII/Enablement/Attribution.lean,31,edbe181cde9f86b3cce96cc3aa7332a8b7b06d3516c1dc466fd068111ca91a31
FVII-SCI04-C012-ENABLEMENT-ATTRIBUTION,VII-C012,LEAN_DECLARATION,FoundationsVII.AttributionEvidence.HonestBridgeRefinement,formalization/lean/FoundationsVII/Enablement/Attribution.lean,51,d7945ef2a16b683e5e9368f54dfe362fca5ef47e35239f0efce81d23e2519db0
FVII-SCI04-C012-ENABLEMENT-ATTRIBUTION,VII-C012,LEAN_DECLARATION,FoundationsVII.AttributionEvidence.Valid,formalization/lean/FoundationsVII/Enablement/Attribution.lean,44,3feb49e573495fe11081542aebe501a2ee020e4583438f290c0a35dd888dd2ff
FVII-SCI04-C012-ENABLEMENT-ATTRIBUTION,VII-C012,LEAN_DECLARATION,FoundationsVII.AttributionRefinement,formalization/lean/FoundationsVII/Enablement/Attribution.lean,110,db4ab030d82394601d9640cf40850a416fef5a16e56ac260bc61a083d4d320d2
FVII-SCI04-C012-ENABLEMENT-ATTRIBUTION,VII-C012,LEAN_DECLARATION,FoundationsVII.AttributionRefinement.Stable,formalization/lean/FoundationsVII/Enablement/Attribution.lean,118,e4c060cd3dc6212af7ff1a35211822d70cd0db8d24326564fd2477bb2aae2037
FVII-SCI04-C012-ENABLEMENT-ATTRIBUTION,VII-C012,LEAN_DECLARATION,FoundationsVII.AttributionSeparationProfile,formalization/lean/FoundationsVII/Enablement/Attribution.lean,130,e1c87326dce87249d0ba3d34ffa9cd544b95ef2a3470da33e1a7cad657052a36
FVII-SCI04-C012-ENABLEMENT-ATTRIBUTION,VII-C012,LEAN_DECLARATION,FoundationsVII.EnablementSource,formalization/lean/FoundationsVII/Enablement/Attribution.lean,14,0f53a5f8adce64977fed0b27b8703bd8ee39567cb1e54e384df3bea726f54d25
FVII-SCI04-C012-ENABLEMENT-ATTRIBUTION,VII-C012,LEAN_DECLARATION,FoundationsVII.Models.Finite.Phase4.AttributionCase,formalization/lean/FoundationsVII/Models/Finite/Phase4/DynamicsEnvelope.lean,28,819f25624ca4fdf5dea00caafffc24a9e99e278d5ff25c0588e108584fbefaa3
FVII-SCI04-C012-ENABLEMENT-ATTRIBUTION,VII-C012,LEAN_DECLARATION,FoundationsVII.Models.Finite.Phase4.Phase4CountermodelCheck,formalization/lean/FoundationsVII/Models/Finite/Phase4/ScenarioChecks.lean,98,2d6391a6be321d011510246a4a3642781b7f816bbe474e9be106db626dbeed03
FVII-SCI04-C012-ENABLEMENT-ATTRIBUTION,VII-C012,LEAN_DECLARATION,FoundationsVII.Models.Finite.Phase4.Phase4Profile,formalization/lean/FoundationsVII/Models/Finite/Phase4/ScenarioChecks.lean,24,46cdc9911aba60cd3adf053e7378896dcc79b23f89828b2d56c42b36093c3d79
FVII-SCI04-C012-ENABLEMENT-ATTRIBUTION,VII-C012,LEAN_DECLARATION,FoundationsVII.Models.Finite.Phase4.Phase4Scenario,formalization/lean/FoundationsVII/Models/Finite/Phase4/ScenarioChecks.lean,52,3198a303d2ba22cbf9289de2dceb54db6f81984af001c2ce400fa5578405352c
FVII-SCI04-C012-ENABLEMENT-ATTRIBUTION,VII-C012,LEAN_DECLARATION,FoundationsVII.Models.Finite.Phase4.Phase4Status,formalization/lean/FoundationsVII/Models/Finite/Phase4/ScenarioChecks.lean,12,8ffb2cefaf73aaa11b0d9f64394007ddc2b2ac5e4b2b57c883c66a1948728611
FVII-SCI04-C012-ENABLEMENT-ATTRIBUTION,VII-C012,LEAN_DECLARATION,FoundationsVII.Models.Finite.Phase4.attributionLaw,formalization/lean/FoundationsVII/Models/Finite/Phase4/DynamicsEnvelope.lean,40,cfbad23e2b841b2a1baf1795ab0a1b68a698dd25996a420157ff5ee8003c4dca
FVII-SCI04-C012-ENABLEMENT-ATTRIBUTION,VII-C012,LEAN_DECLARATION,FoundationsVII.Models.Finite.Phase4.classifyPhase4,formalization/lean/FoundationsVII/Models/Finite/Phase4/ScenarioChecks.lean,40,de05a38e481dbcd68c9630ed9c7218c5e845ea4636533c746d94cc007ed3f046
FVII-SCI04-C012-ENABLEMENT-ATTRIBUTION,VII-C012,LEAN_DECLARATION,FoundationsVII.Models.Finite.Phase4.countermodelPass,formalization/lean/FoundationsVII/Models/Finite/Phase4/ScenarioChecks.lean,104,7b4d35045784254e990eaa05b7d62d53eb024028ed78b7e2ca891cf807f4e2b3
FVII-SCI04-C012-ENABLEMENT-ATTRIBUTION,VII-C012,LEAN_DECLARATION,FoundationsVII.Models.Finite.Phase4.phase4Countermodels,formalization/lean/FoundationsVII/Models/Finite/Phase4/ScenarioChecks.lean,107,27dc8e27d4131fc69ddfed6b0fdd2a83f45586041415854a45bb32c500492c70
FVII-SCI04-C012-ENABLEMENT-ATTRIBUTION,VII-C012,LEAN_DECLARATION,FoundationsVII.Models.Finite.Phase4.phase4Scenarios,formalization/lean/FoundationsVII/Models/Finite/Phase4/ScenarioChecks.lean,61,9ab591b245682d65af4224e046e42327af9d5afb3bb5d1b2c4855cc5cd0d4827
FVII-SCI04-C012-ENABLEMENT-ATTRIBUTION,VII-C012,LEAN_DECLARATION,FoundationsVII.Models.Finite.Phase4.scenarioPass,formalization/lean/FoundationsVII/Models/Finite/Phase4/ScenarioChecks.lean,58,4ec9cb1440929ed46e10aa35b0dc1e28f37bd70d9abd6d9eb523ecbc93f35a91
FVII-SCI04-C012-ENABLEMENT-ATTRIBUTION,VII-C012,LEAN_DECLARATION,FoundationsVII.allEnablementSources,formalization/lean/FoundationsVII/Enablement/Attribution.lean,24,2762801a147708f3aadbfd72b58b3e1a0c4a85e6c71c83e355d1c1b40bcf0db0
FVII-SCI04-C012-ENABLEMENT-ATTRIBUTION,VII-C012,FINITE_WITNESS,TTW-S02,formalization/foundations_vii_lab/fixtures/scenarios/TTW-S02.json,,04499c6abe9f0d8bd1c98e9e0ae14f8af40a57016b269906acaff20e75926c04
FVII-SCI04-C012-ENABLEMENT-ATTRIBUTION,VII-C012,FINITE_WITNESS,TTW-S21,formalization/foundations_vii_lab/fixtures/scenarios/TTW-S21.json,,48b44975cea9077893cc9a543a285ed022910092b732b4fa2c39b5143bbab441
FVII-SCI04-C012-ENABLEMENT-ATTRIBUTION,VII-C012,FINITE_WITNESS,TTW-S22,formalization/foundations_vii_lab/fixtures/scenarios/TTW-S22.json,,114cdd06ad3768679e90f0c208a1e9749236c5e2660cb8e8d7d002f3823b6dba
FVII-SCI04-C012-ENABLEMENT-ATTRIBUTION,VII-C012,FINITE_WITNESS,CM-06,formalization/foundations_vii_lab/fixtures/countermodels/CM-06.json,,92db9506457156b8b616b6be287cb33261afab74eb4346db243674db64b92b5b
FVII-SCI04-C012-ENABLEMENT-ATTRIBUTION,VII-C012,FINITE_WITNESS,CM-07,formalization/foundations_vii_lab/fixtures/countermodels/CM-07.json,,824c621b92b63617ab6ebaaec73f41d10c54c353f49ee61760c8bed065e27d63
FVII-SCI04-C012-ENABLEMENT-ATTRIBUTION,VII-C012,FINITE_WITNESS,CM-17,formalization/foundations_vii_lab/fixtures/countermodels/CM-17.json,,977f5f7def1f984757a87b040a2d7ab7f35319db92cab5736fb38a8288c75299
FVII-SCI04-C012-ENABLEMENT-ATTRIBUTION,VII-C012,FINITE_WITNESS,P4-W01,formalization/foundations_vii_lab/phase4/witnesses/P4-W01.json,,7faf802257fc02f73c1b946c540b55fd5e2d77a62d75fad63680730a5b225c64
FVII-SCI04-C012-ENABLEMENT-ATTRIBUTION,VII-C012,FINITE_WITNESS,P4-W02,formalization/foundations_vii_lab/phase4/witnesses/P4-W02.json,,638ee4d3aba5d936b9301862640ca322e037b176b72506e0b2c2bedc2b59c84d
FVII-SCI04-C012-ENABLEMENT-ATTRIBUTION,VII-C012,FINITE_WITNESS,P4-W03,formalization/foundations_vii_lab/phase4/witnesses/P4-W03.json,,8cb3cbff00d0ae86349cd1d30dd49d4843c96b2723a105c8e5d42c3549f7bbca
FVII-SCI04-C012-ENABLEMENT-ATTRIBUTION,VII-C012,FINITE_WITNESS,P4-W04,formalization/foundations_vii_lab/phase4/witnesses/P4-W04.json,,fc445eaa6a8fc38357c68e6b2e27e8f0acb992ca289b9b016f496dc93126bd96
FVII-SCI04-C013-ENDOGENOUS-CRITERION,VII-C013,LEAN_DECLARATION,FoundationsVII.EndogenousEnablementProfile.eligible_iff_exact_criterion,formalization/lean/FoundationsVII/Enablement/Endogenous.lean,41,cc526dc8335a5361c9fc9a48cd6a401c459abccd7531d1b142a157b949bde855
FVII-SCI04-C013-ENDOGENOUS-CRITERION,VII-C013,LEAN_DECLARATION,FoundationsVII.EndogenousEnablementProfile.eligible_requires_audit,formalization/lean/FoundationsVII/Enablement/Endogenous.lean,59,b57c1f71fadddf88d38dc30f011cb80e9517efc221a8cf13dffe9d22486bce8f
FVII-SCI04-C013-ENDOGENOUS-CRITERION,VII-C013,LEAN_DECLARATION,FoundationsVII.EndogenousEnablementProfile.eligible_requires_budget,formalization/lean/FoundationsVII/Enablement/Endogenous.lean,62,dcb9676f8768d44a80feff9bbade1f470a345d1f365980a4a051cd03ace1722d
FVII-SCI04-C013-ENDOGENOUS-CRITERION,VII-C013,LEAN_DECLARATION,FoundationsVII.EndogenousEnablementProfile.eligible_requires_carried_generator,formalization/lean/FoundationsVII/Enablement/Endogenous.lean,50,43fd61e870e9fd05cf878b2add567248db62892856a59cf60e34a4a6a51b7f6f
FVII-SCI04-C013-ENDOGENOUS-CRITERION,VII-C013,LEAN_DECLARATION,FoundationsVII.EndogenousEnablementProfile.eligible_requires_execution,formalization/lean/FoundationsVII/Enablement/Endogenous.lean,56,ff4975e8a8b7698400c59bb8844480d1c6178518e48b01f61e1e59712a2f07c9
FVII-SCI04-C013-ENDOGENOUS-CRITERION,VII-C013,LEAN_DECLARATION,FoundationsVII.EndogenousEnablementProfile.eligible_requires_reachable_generator,formalization/lean/FoundationsVII/Enablement/Endogenous.lean,53,b2434d90dfe3a3d68bb36996b1a5831eb5532a8496faaf4cb02cc2d0208f7ffe
FVII-SCI04-C013-ENDOGENOUS-CRITERION,VII-C013,LEAN_DECLARATION,FoundationsVII.EndogenousEnablementProfile.hidden_observer_execution_defeats_endogenous_credit,formalization/lean/FoundationsVII/Enablement/Endogenous.lean,73,52bd49a37624ebded5fbd91edea4fbfb2bd9ff388d66965bf081c928fc3bdb4e
FVII-SCI04-C013-ENDOGENOUS-CRITERION,VII-C013,LEAN_DECLARATION,FoundationsVII.EndogenousEnablementProfile.hidden_theorist_execution_defeats_endogenous_credit,formalization/lean/FoundationsVII/Enablement/Endogenous.lean,65,91c2c16a9e19f8582ad80839fc64c8300a38c5ca7176263628126077a2a76c52
FVII-SCI04-C013-ENDOGENOUS-CRITERION,VII-C013,LEAN_DECLARATION,FoundationsVII.Models.Finite.Phase4.all_phase4_countermodels_pass,formalization/lean/FoundationsVII/Models/Finite/Phase4/ScenarioChecks.lean,127,899a9852264945ca2fd7563325d8aad04db9fe63d63ae782e3d4d1aecb0360fb
FVII-SCI04-C013-ENDOGENOUS-CRITERION,VII-C013,LEAN_DECLARATION,FoundationsVII.Models.Finite.Phase4.all_phase4_scenarios_pass,formalization/lean/FoundationsVII/Models/Finite/Phase4/ScenarioChecks.lean,90,9d6fc1ec69080fcf1f90cbf0c489751cf96c338d1d04e31b8de77364dd0754eb
FVII-SCI04-C013-ENDOGENOUS-CRITERION,VII-C013,LEAN_DECLARATION,FoundationsVII.Models.Finite.Phase4.endogenous_accepted_cardinality,formalization/lean/FoundationsVII/Models/Finite/Phase4/DynamicsEnvelope.lean,108,2161b8f3fe5a793c323d4363e84cb2b5d90442db925b657529f98db8607e1c48
FVII-SCI04-C013-ENDOGENOUS-CRITERION,VII-C013,LEAN_DECLARATION,FoundationsVII.Models.Finite.Phase4.endogenous_exhaustive,formalization/lean/FoundationsVII/Models/Finite/Phase4/DynamicsEnvelope.lean,111,d6119e00b4ffd2ece51c487f802cc80b74c49f51153d8ba87d85b9b58c6e251a
FVII-SCI04-C013-ENDOGENOUS-CRITERION,VII-C013,LEAN_DECLARATION,FoundationsVII.Models.Finite.Phase4.endogenous_raw_cardinality,formalization/lean/FoundationsVII/Models/Finite/Phase4/DynamicsEnvelope.lean,106,61858e95ddf0205e2a9f74a77e16526fd58734cb22a0d51836f0ca36f9df954a
FVII-SCI04-C013-ENDOGENOUS-CRITERION,VII-C013,LEAN_DECLARATION,FoundationsVII.Models.Finite.Phase4.phase4_countermodel_count,formalization/lean/FoundationsVII/Models/Finite/Phase4/ScenarioChecks.lean,125,e52a35ebe957a2d4fc09bf7b3874d2256f793bdfbcae0ad68f8263765f1e4966
FVII-SCI04-C013-ENDOGENOUS-CRITERION,VII-C013,LEAN_DECLARATION,FoundationsVII.Models.Finite.Phase4.phase4_scenario_count,formalization/lean/FoundationsVII/Models/Finite/Phase4/ScenarioChecks.lean,88,2b65b3b37258fa21a99e50f426a9bb697fb3f5ee01b6d0876ed03d0bcbb2ffa1
FVII-SCI04-C013-ENDOGENOUS-CRITERION,VII-C013,LEAN_DECLARATION,FoundationsVII.accounted_environmental_input_is_compatible_with_endogeny,formalization/lean/FoundationsVII/Enablement/Endogenous.lean,102,7db34a5ac2787c6a7a41281aadc76f36a54b1d36baffab3f88b566931ec2552e
FVII-SCI04-C013-ENDOGENOUS-CRITERION,VII-C013,LEAN_DECLARATION,FoundationsVII.constructive_endogenous_enablement_exists,formalization/lean/FoundationsVII/Enablement/Endogenous.lean,99,d8c26ee0956f43218ab470b17b4196661d9a844311fdc095f4be23513bfa82a8
FVII-SCI04-C013-ENDOGENOUS-CRITERION,VII-C013,LEAN_DECLARATION,FoundationsVII.endogenous_does_not_mean_environmentally_isolated_or_uncaused,formalization/lean/FoundationsVII/Enablement/Endogenous.lean,121,0d3a0873b1b54e46771288fd12bbb6b8ed5d3c18477ab57a047f409d954f343c
FVII-SCI04-C013-ENDOGENOUS-CRITERION,VII-C013,LEAN_DECLARATION,FoundationsVII.hidden_observer_enablement_is_not_endogenous,formalization/lean/FoundationsVII/Enablement/Endogenous.lean,108,f4df0dd5ea7396af755cdb91b8e5a3fa96f007ced6e55ceed1cf65965a7ec3ec
FVII-SCI04-C013-ENDOGENOUS-CRITERION,VII-C013,LEAN_DECLARATION,FoundationsVII.theorist_triggered_enablement_is_not_endogenous,formalization/lean/FoundationsVII/Enablement/Endogenous.lean,105,9141b25cffd09b2879f3ae5992552e1f46045630b8f1c6c1a3eefb04139b5c85
FVII-SCI04-C013-ENDOGENOUS-CRITERION,VII-C013,LEAN_DECLARATION,FoundationsVII.EndogenousEnablementProfile,formalization/lean/FoundationsVII/Enablement/Endogenous.lean,15,e4dca9d49d89d238f7e05b02bb009ce3905e6bd85802c8a79ea433b208a5bb9c
FVII-SCI04-C013-ENDOGENOUS-CRITERION,VII-C013,LEAN_DECLARATION,FoundationsVII.EndogenousEnablementProfile.Eligible,formalization/lean/FoundationsVII/Enablement/Endogenous.lean,30,3a19627b2d72ec9c5c40e148485878aa47d7d27a368b79cb6e51b9e5bda81267
FVII-SCI04-C013-ENDOGENOUS-CRITERION,VII-C013,LEAN_DECLARATION,FoundationsVII.EndogenyBoundaryProfile,formalization/lean/FoundationsVII/Enablement/Endogenous.lean,112,bc05b88b6ba88c49e9dcc169b5d08dc6c9a5406d95b54fe43f68872fc83e5f42
FVII-SCI04-C013-ENDOGENOUS-CRITERION,VII-C013,LEAN_DECLARATION,FoundationsVII.Models.Finite.Phase4.EndogenousCase,formalization/lean/FoundationsVII/Models/Finite/Phase4/DynamicsEnvelope.lean,68,befd41f01c73a4a4eb7c81ca0680e801e3896a5ae5cf6a7e3a889f46d5831438
FVII-SCI04-C013-ENDOGENOUS-CRITERION,VII-C013,LEAN_DECLARATION,FoundationsVII.Models.Finite.Phase4.Phase4CountermodelCheck,formalization/lean/FoundationsVII/Models/Finite/Phase4/ScenarioChecks.lean,98,2d6391a6be321d011510246a4a3642781b7f816bbe474e9be106db626dbeed03
FVII-SCI04-C013-ENDOGENOUS-CRITERION,VII-C013,LEAN_DECLARATION,FoundationsVII.Models.Finite.Phase4.Phase4Profile,formalization/lean/FoundationsVII/Models/Finite/Phase4/ScenarioChecks.lean,24,46cdc9911aba60cd3adf053e7378896dcc79b23f89828b2d56c42b36093c3d79
FVII-SCI04-C013-ENDOGENOUS-CRITERION,VII-C013,LEAN_DECLARATION,FoundationsVII.Models.Finite.Phase4.Phase4Scenario,formalization/lean/FoundationsVII/Models/Finite/Phase4/ScenarioChecks.lean,52,3198a303d2ba22cbf9289de2dceb54db6f81984af001c2ce400fa5578405352c
FVII-SCI04-C013-ENDOGENOUS-CRITERION,VII-C013,LEAN_DECLARATION,FoundationsVII.Models.Finite.Phase4.Phase4Status,formalization/lean/FoundationsVII/Models/Finite/Phase4/ScenarioChecks.lean,12,8ffb2cefaf73aaa11b0d9f64394007ddc2b2ac5e4b2b57c883c66a1948728611
FVII-SCI04-C013-ENDOGENOUS-CRITERION,VII-C013,LEAN_DECLARATION,FoundationsVII.Models.Finite.Phase4.classifyPhase4,formalization/lean/FoundationsVII/Models/Finite/Phase4/ScenarioChecks.lean,40,de05a38e481dbcd68c9630ed9c7218c5e845ea4636533c746d94cc007ed3f046
FVII-SCI04-C013-ENDOGENOUS-CRITERION,VII-C013,LEAN_DECLARATION,FoundationsVII.Models.Finite.Phase4.countermodelPass,formalization/lean/FoundationsVII/Models/Finite/Phase4/ScenarioChecks.lean,104,7b4d35045784254e990eaa05b7d62d53eb024028ed78b7e2ca891cf807f4e2b3
FVII-SCI04-C013-ENDOGENOUS-CRITERION,VII-C013,LEAN_DECLARATION,FoundationsVII.Models.Finite.Phase4.endogenousExact,formalization/lean/FoundationsVII/Models/Finite/Phase4/DynamicsEnvelope.lean,82,0f7ca7167b35efc493ca7ed63c3814644743ac88ca324d2d8ce3479dcf921014
FVII-SCI04-C013-ENDOGENOUS-CRITERION,VII-C013,LEAN_DECLARATION,FoundationsVII.Models.Finite.Phase4.endogenousLaw,formalization/lean/FoundationsVII/Models/Finite/Phase4/DynamicsEnvelope.lean,87,97784ce44f4a3abd87794208e21e9ed8766a27259f1722463b231aeb1d76e566
FVII-SCI04-C013-ENDOGENOUS-CRITERION,VII-C013,LEAN_DECLARATION,FoundationsVII.Models.Finite.Phase4.phase4Countermodels,formalization/lean/FoundationsVII/Models/Finite/Phase4/ScenarioChecks.lean,107,27dc8e27d4131fc69ddfed6b0fdd2a83f45586041415854a45bb32c500492c70
FVII-SCI04-C013-ENDOGENOUS-CRITERION,VII-C013,LEAN_DECLARATION,FoundationsVII.Models.Finite.Phase4.phase4Scenarios,formalization/lean/FoundationsVII/Models/Finite/Phase4/ScenarioChecks.lean,61,9ab591b245682d65af4224e046e42327af9d5afb3bb5d1b2c4855cc5cd0d4827
FVII-SCI04-C013-ENDOGENOUS-CRITERION,VII-C013,LEAN_DECLARATION,FoundationsVII.Models.Finite.Phase4.scenarioPass,formalization/lean/FoundationsVII/Models/Finite/Phase4/ScenarioChecks.lean,58,4ec9cb1440929ed46e10aa35b0dc1e28f37bd70d9abd6d9eb523ecbc93f35a91
FVII-SCI04-C013-ENDOGENOUS-CRITERION,VII-C013,FINITE_WITNESS,TTW-S02,formalization/foundations_vii_lab/fixtures/scenarios/TTW-S02.json,,04499c6abe9f0d8bd1c98e9e0ae14f8af40a57016b269906acaff20e75926c04
FVII-SCI04-C013-ENDOGENOUS-CRITERION,VII-C013,FINITE_WITNESS,TTW-S22,formalization/foundations_vii_lab/fixtures/scenarios/TTW-S22.json,,114cdd06ad3768679e90f0c208a1e9749236c5e2660cb8e8d7d002f3823b6dba
FVII-SCI04-C013-ENDOGENOUS-CRITERION,VII-C013,FINITE_WITNESS,CM-11,formalization/foundations_vii_lab/fixtures/countermodels/CM-11.json,,8b165307aab0a0e168dd080514d343aa551a413f0a330bada63cbd885b85871f
FVII-SCI04-C013-ENDOGENOUS-CRITERION,VII-C013,FINITE_WITNESS,CM-17,formalization/foundations_vii_lab/fixtures/countermodels/CM-17.json,,977f5f7def1f984757a87b040a2d7ab7f35319db92cab5736fb38a8288c75299
FVII-SCI04-C013-ENDOGENOUS-CRITERION,VII-C013,FINITE_WITNESS,P4-W05,formalization/foundations_vii_lab/phase4/witnesses/P4-W05.json,,a99a96acbe90511429475fac576ef8fc0640dd66128de7746089fb2c6cbf1a18
FVII-SCI04-C013-ENDOGENOUS-CRITERION,VII-C013,FINITE_WITNESS,P4-W06,formalization/foundations_vii_lab/phase4/witnesses/P4-W06.json,,a318f512e9163f9edc3a30c28fd3d4fc01f240d365ba3cef25087f99491bb84b
FVII-SCI04-C013-ENDOGENOUS-CRITERION,VII-C013,FINITE_WITNESS,P4-W07,formalization/foundations_vii_lab/phase4/witnesses/P4-W07.json,,ae15909e52ccae862cf8537c9a8d928fdd36cd65c64262e4c34a25fce2cbd208
FVII-SCI04-C013-ENDOGENOUS-CRITERION,VII-C013,FINITE_WITNESS,P4-W08,formalization/foundations_vii_lab/phase4/witnesses/P4-W08.json,,d1ea53e75bf15e7c414288f77f8b7d203ffbbe1f00ad774cd5dbd134f759121c
FVII-SCI04-C014-BIRTH-PARTICIPANT-CLASSIFICATION,VII-C014,LEAN_DECLARATION,FoundationsVII.BirthRecord.participant_credit_requires_closure_survival,formalization/lean/FoundationsVII/Enablement/Birth.lean,120,142a9c0187363c3853af72e7353ddab4d0ee46319a1b4e10c916d474095c4abb
FVII-SCI04-C014-BIRTH-PARTICIPANT-CLASSIFICATION,VII-C014,LEAN_DECLARATION,FoundationsVII.BirthRecord.participant_credit_requires_objecthood,formalization/lean/FoundationsVII/Enablement/Birth.lean,116,e8cb9b52d7e2cf1176bcd6219008d748349d1c197c7682d884058b67d4ebafe5
FVII-SCI04-C014-BIRTH-PARTICIPANT-CLASSIFICATION,VII-C014,LEAN_DECLARATION,FoundationsVII.BirthRecord.relation_only_has_no_participant_credit,formalization/lean/FoundationsVII/Enablement/Birth.lean,124,58fe4c43116ffb27fb7776bb06f8d4ad6260b83892cde9f8782cba4298d9e478
FVII-SCI04-C014-BIRTH-PARTICIPANT-CLASSIFICATION,VII-C014,LEAN_DECLARATION,FoundationsVII.Models.Finite.Phase4.all_phase4_countermodels_pass,formalization/lean/FoundationsVII/Models/Finite/Phase4/ScenarioChecks.lean,127,899a9852264945ca2fd7563325d8aad04db9fe63d63ae782e3d4d1aecb0360fb
FVII-SCI04-C014-BIRTH-PARTICIPANT-CLASSIFICATION,VII-C014,LEAN_DECLARATION,FoundationsVII.Models.Finite.Phase4.all_phase4_scenarios_pass,formalization/lean/FoundationsVII/Models/Finite/Phase4/ScenarioChecks.lean,90,9d6fc1ec69080fcf1f90cbf0c489751cf96c338d1d04e31b8de77364dd0754eb
FVII-SCI04-C014-BIRTH-PARTICIPANT-CLASSIFICATION,VII-C014,LEAN_DECLARATION,FoundationsVII.Models.Finite.Phase4.birth_accepted_cardinality,formalization/lean/FoundationsVII/Models/Finite/Phase4/DynamicsEnvelope.lean,164,987a8a1696b64c1e0d95759bf6e98f08408479a5f69975743e9265b5951fd8d9
FVII-SCI04-C014-BIRTH-PARTICIPANT-CLASSIFICATION,VII-C014,LEAN_DECLARATION,FoundationsVII.Models.Finite.Phase4.birth_exhaustive,formalization/lean/FoundationsVII/Models/Finite/Phase4/DynamicsEnvelope.lean,167,a3f4755def731e831f8bac969579a40f216b286ac5b0eb7fb2e7b638d4d82dd0
FVII-SCI04-C014-BIRTH-PARTICIPANT-CLASSIFICATION,VII-C014,LEAN_DECLARATION,FoundationsVII.Models.Finite.Phase4.birth_raw_cardinality,formalization/lean/FoundationsVII/Models/Finite/Phase4/DynamicsEnvelope.lean,162,e1434d6e45b85b1b7cf7a84627aa566ca6ed0caf3115697d40c6f790e795d566
FVII-SCI04-C014-BIRTH-PARTICIPANT-CLASSIFICATION,VII-C014,LEAN_DECLARATION,FoundationsVII.Models.Finite.Phase4.phase4_countermodel_count,formalization/lean/FoundationsVII/Models/Finite/Phase4/ScenarioChecks.lean,125,e52a35ebe957a2d4fc09bf7b3874d2256f793bdfbcae0ad68f8263765f1e4966
FVII-SCI04-C014-BIRTH-PARTICIPANT-CLASSIFICATION,VII-C014,LEAN_DECLARATION,FoundationsVII.Models.Finite.Phase4.phase4_scenario_count,formalization/lean/FoundationsVII/Models/Finite/Phase4/ScenarioChecks.lean,88,2b65b3b37258fa21a99e50f426a9bb697fb3f5ee01b6d0876ed03d0bcbb2ffa1
FVII-SCI04-C014-BIRTH-PARTICIPANT-CLASSIFICATION,VII-C014,LEAN_DECLARATION,FoundationsVII.ReachableBirthEvidence.valid_requires_reachable_generator,formalization/lean/FoundationsVII/Enablement/Birth.lean,86,99dd71e5e3da5c8ca3d040cae40ffd492efaaaa801037574665f313cc6383718
FVII-SCI04-C014-BIRTH-PARTICIPANT-CLASSIFICATION,VII-C014,LEAN_DECLARATION,FoundationsVII.closure_performed_and_closure_undergone_are_distinct,formalization/lean/FoundationsVII/Enablement/Birth.lean,156,2098056cf5f501bcd468b782bc73601538266dd216c002e427ac19f92622df69
FVII-SCI04-C014-BIRTH-PARTICIPANT-CLASSIFICATION,VII-C014,LEAN_DECLARATION,FoundationsVII.contact_can_remain_relation_only,formalization/lean/FoundationsVII/Enablement/Birth.lean,150,f0866ba36f85228b9d83e7b4f4fa354ad8ffd9f49688f2a73b6d3654e4bf6e82
FVII-SCI04-C014-BIRTH-PARTICIPANT-CLASSIFICATION,VII-C014,LEAN_DECLARATION,FoundationsVII.every_inherited_birth_class_activates_packaging,formalization/lean/FoundationsVII/Enablement/Birth.lean,65,e01629a94830bd0468cf4b68d6f32d548d068add00cfa1c7bd603c38ff923dcc
FVII-SCI04-C014-BIRTH-PARTICIPANT-CLASSIFICATION,VII-C014,LEAN_DECLARATION,FoundationsVII.inheritedBirthClass_mem_all,formalization/lean/FoundationsVII/Enablement/Birth.lean,55,177d0449c18c80cea02230b5577890627d0cdfb1eabb28b964c204d7e67dfb69
FVII-SCI04-C014-BIRTH-PARTICIPANT-CLASSIFICATION,VII-C014,LEAN_DECLARATION,FoundationsVII.inherited_activation_class_does_not_by_itself_create_participant,formalization/lean/FoundationsVII/Enablement/Birth.lean,171,6e81752a985a9c989e356d6be74d8a2e32fa39318efafcb7bd186b626e9620ef
FVII-SCI04-C014-BIRTH-PARTICIPANT-CLASSIFICATION,VII-C014,LEAN_DECLARATION,FoundationsVII.inherited_birth_class_signatures_are_injective,formalization/lean/FoundationsVII/Enablement/Birth.lean,59,4adb0d0cab70189a36de149e0f60517a08da340726a158979b1a5c09c8567955
FVII-SCI04-C014-BIRTH-PARTICIPANT-CLASSIFICATION,VII-C014,LEAN_DECLARATION,FoundationsVII.participant_creation_is_conditional_not_automatic,formalization/lean/FoundationsVII/Enablement/Birth.lean,179,d25500bc42cce035c3f8a187f8846417c872b57fde8fce70fbc8aa396e9964cd
FVII-SCI04-C014-BIRTH-PARTICIPANT-CLASSIFICATION,VII-C014,LEAN_DECLARATION,FoundationsVII.system_performed_birth_control,formalization/lean/FoundationsVII/Enablement/Birth.lean,159,b8df34732a40303481825d98554a8edfbcc1a0ca03e92132e3c29fe4572e73e1
FVII-SCI04-C014-BIRTH-PARTICIPANT-CLASSIFICATION,VII-C014,LEAN_DECLARATION,FoundationsVII.system_underwent_birth_control,formalization/lean/FoundationsVII/Enablement/Birth.lean,165,a82c1ae088cbe68c02c5289272881eca5089236a6225ceee3f04de95ea081a16
FVII-SCI04-C014-BIRTH-PARTICIPANT-CLASSIFICATION,VII-C014,LEAN_DECLARATION,FoundationsVII.BirthClassificationProfile,formalization/lean/FoundationsVII/Enablement/Birth.lean,130,cf6995df89546beda1de7968c2347cf3422ef98d4a4c50fa78adb1b9659ba777
FVII-SCI04-C014-BIRTH-PARTICIPANT-CLASSIFICATION,VII-C014,LEAN_DECLARATION,FoundationsVII.BirthOutcome,formalization/lean/FoundationsVII/Enablement/Birth.lean,22,1ac596dc7d87da670904994cb0485ad2f32d461028a54ea8b97120c6da5351bd
FVII-SCI04-C014-BIRTH-PARTICIPANT-CLASSIFICATION,VII-C014,LEAN_DECLARATION,FoundationsVII.BirthRecord,formalization/lean/FoundationsVII/Enablement/Birth.lean,91,a494f8594851a22f455e2a954bf69ccd745f9e5f386ef960f1a4f1ef591eb5c4
FVII-SCI04-C014-BIRTH-PARTICIPANT-CLASSIFICATION,VII-C014,LEAN_DECLARATION,FoundationsVII.BirthRecord.WellFormed,formalization/lean/FoundationsVII/Enablement/Birth.lean,105,25086cf54ab444bdcf1ff38e13621012f62862caf5c330f4d61d3489a50fbcaf
FVII-SCI04-C014-BIRTH-PARTICIPANT-CLASSIFICATION,VII-C014,LEAN_DECLARATION,FoundationsVII.ClosureAgency,formalization/lean/FoundationsVII/Enablement/Birth.lean,14,c296d3f4b465bc4568f998cf895e8a7bae0a7c2097bcdef4b061fc84067c1b5d
FVII-SCI04-C014-BIRTH-PARTICIPANT-CLASSIFICATION,VII-C014,LEAN_DECLARATION,FoundationsVII.InheritedBirthClass,formalization/lean/FoundationsVII/Enablement/Birth.lean,33,c91a4589b98847d65420be7d63292bf61eb06db7faf9d373f140d08b6d744fa9
FVII-SCI04-C014-BIRTH-PARTICIPANT-CLASSIFICATION,VII-C014,LEAN_DECLARATION,FoundationsVII.Models.Finite.Phase4.BirthCase,formalization/lean/FoundationsVII/Models/Finite/Phase4/DynamicsEnvelope.lean,129,4798898b8f44eab092d299dfebadee001afe6b8567f8ecdcb22177752f0c007f
FVII-SCI04-C014-BIRTH-PARTICIPANT-CLASSIFICATION,VII-C014,LEAN_DECLARATION,FoundationsVII.Models.Finite.Phase4.Phase4CountermodelCheck,formalization/lean/FoundationsVII/Models/Finite/Phase4/ScenarioChecks.lean,98,2d6391a6be321d011510246a4a3642781b7f816bbe474e9be106db626dbeed03
FVII-SCI04-C014-BIRTH-PARTICIPANT-CLASSIFICATION,VII-C014,LEAN_DECLARATION,FoundationsVII.Models.Finite.Phase4.Phase4Profile,formalization/lean/FoundationsVII/Models/Finite/Phase4/ScenarioChecks.lean,24,46cdc9911aba60cd3adf053e7378896dcc79b23f89828b2d56c42b36093c3d79
FVII-SCI04-C014-BIRTH-PARTICIPANT-CLASSIFICATION,VII-C014,LEAN_DECLARATION,FoundationsVII.Models.Finite.Phase4.Phase4Scenario,formalization/lean/FoundationsVII/Models/Finite/Phase4/ScenarioChecks.lean,52,3198a303d2ba22cbf9289de2dceb54db6f81984af001c2ce400fa5578405352c
FVII-SCI04-C014-BIRTH-PARTICIPANT-CLASSIFICATION,VII-C014,LEAN_DECLARATION,FoundationsVII.Models.Finite.Phase4.Phase4Status,formalization/lean/FoundationsVII/Models/Finite/Phase4/ScenarioChecks.lean,12,8ffb2cefaf73aaa11b0d9f64394007ddc2b2ac5e4b2b57c883c66a1948728611
FVII-SCI04-C014-BIRTH-PARTICIPANT-CLASSIFICATION,VII-C014,LEAN_DECLARATION,FoundationsVII.Models.Finite.Phase4.birthLaw,formalization/lean/FoundationsVII/Models/Finite/Phase4/DynamicsEnvelope.lean,140,7180e9fd4c7a5aee74351e0cc0a47ec1edc35c0e08c0c8481e694dc62ab0faa8
FVII-SCI04-C014-BIRTH-PARTICIPANT-CLASSIFICATION,VII-C014,LEAN_DECLARATION,FoundationsVII.Models.Finite.Phase4.classifyPhase4,formalization/lean/FoundationsVII/Models/Finite/Phase4/ScenarioChecks.lean,40,de05a38e481dbcd68c9630ed9c7218c5e845ea4636533c746d94cc007ed3f046
FVII-SCI04-C014-BIRTH-PARTICIPANT-CLASSIFICATION,VII-C014,LEAN_DECLARATION,FoundationsVII.Models.Finite.Phase4.countermodelPass,formalization/lean/FoundationsVII/Models/Finite/Phase4/ScenarioChecks.lean,104,7b4d35045784254e990eaa05b7d62d53eb024028ed78b7e2ca891cf807f4e2b3
FVII-SCI04-C014-BIRTH-PARTICIPANT-CLASSIFICATION,VII-C014,LEAN_DECLARATION,FoundationsVII.Models.Finite.Phase4.phase4Countermodels,formalization/lean/FoundationsVII/Models/Finite/Phase4/ScenarioChecks.lean,107,27dc8e27d4131fc69ddfed6b0fdd2a83f45586041415854a45bb32c500492c70
FVII-SCI04-C014-BIRTH-PARTICIPANT-CLASSIFICATION,VII-C014,LEAN_DECLARATION,FoundationsVII.Models.Finite.Phase4.phase4Scenarios,formalization/lean/FoundationsVII/Models/Finite/Phase4/ScenarioChecks.lean,61,9ab591b245682d65af4224e046e42327af9d5afb3bb5d1b2c4855cc5cd0d4827
FVII-SCI04-C014-BIRTH-PARTICIPANT-CLASSIFICATION,VII-C014,LEAN_DECLARATION,FoundationsVII.Models.Finite.Phase4.scenarioPass,formalization/lean/FoundationsVII/Models/Finite/Phase4/ScenarioChecks.lean,58,4ec9cb1440929ed46e10aa35b0dc1e28f37bd70d9abd6d9eb523ecbc93f35a91
FVII-SCI04-C014-BIRTH-PARTICIPANT-CLASSIFICATION,VII-C014,LEAN_DECLARATION,FoundationsVII.PrimitiveBirthSignature,formalization/lean/FoundationsVII/Enablement/Birth.lean,40,9e05429e09c1fe70bb7a831e97ce1e388712edd08ed958cf921dbe027a42afaf
FVII-SCI04-C014-BIRTH-PARTICIPANT-CLASSIFICATION,VII-C014,LEAN_DECLARATION,FoundationsVII.ReachableBirthEvidence,formalization/lean/FoundationsVII/Enablement/Birth.lean,70,134bf9ba1395d9c03a63edce1fa9460fae147cf008e916ec1dafd8917798d451
FVII-SCI04-C014-BIRTH-PARTICIPANT-CLASSIFICATION,VII-C014,LEAN_DECLARATION,FoundationsVII.ReachableBirthEvidence.Valid,formalization/lean/FoundationsVII/Enablement/Birth.lean,80,41d7954a0e011340bc9b857f49d0b45dcb91353ce6fec0c06e9dad9ba8d11cc2
FVII-SCI04-C014-BIRTH-PARTICIPANT-CLASSIFICATION,VII-C014,LEAN_DECLARATION,FoundationsVII.allInheritedBirthClasses,formalization/lean/FoundationsVII/Enablement/Birth.lean,52,6adf332bff626fda02db6b274d293e79f7ffc5216392ab78a0aaf2789a90cedc
FVII-SCI04-C014-BIRTH-PARTICIPANT-CLASSIFICATION,VII-C014,LEAN_DECLARATION,FoundationsVII.signatureOfInheritedClass,formalization/lean/FoundationsVII/Enablement/Birth.lean,46,bd17ca248954f35106da2380d250f11b04764686a81ab7227dc89457f218eb9c
FVII-SCI04-C014-BIRTH-PARTICIPANT-CLASSIFICATION,VII-C014,FINITE_WITNESS,TTW-S06,formalization/foundations_vii_lab/fixtures/scenarios/TTW-S06.json,,a1e3347848d419f0f27d88cc8f858569c18938bc3fccdc95bc544f52dbeddf8f
FVII-SCI04-C014-BIRTH-PARTICIPANT-CLASSIFICATION,VII-C014,FINITE_WITNESS,TTW-S08,formalization/foundations_vii_lab/fixtures/scenarios/TTW-S08.json,,10a6f2a7c8d439222702a8dd21a9406d8d8f29eb371e5984e06ed8139cc588eb
FVII-SCI04-C014-BIRTH-PARTICIPANT-CLASSIFICATION,VII-C014,FINITE_WITNESS,CM-02,formalization/foundations_vii_lab/fixtures/countermodels/CM-02.json,,d8640552715b37e1cb1ccdfc4b67443f8c9cf05055c703cce0ab52b8625a71ec
FVII-SCI04-C014-BIRTH-PARTICIPANT-CLASSIFICATION,VII-C014,FINITE_WITNESS,CM-17,formalization/foundations_vii_lab/fixtures/countermodels/CM-17.json,,977f5f7def1f984757a87b040a2d7ab7f35319db92cab5736fb38a8288c75299
FVII-SCI04-C014-BIRTH-PARTICIPANT-CLASSIFICATION,VII-C014,FINITE_WITNESS,P4-W09,formalization/foundations_vii_lab/phase4/witnesses/P4-W09.json,,46de5f3bb3c0adf68c9cd7b70fb36301fa8572dca9d4705dfa60259c50e628a4
FVII-SCI04-C014-BIRTH-PARTICIPANT-CLASSIFICATION,VII-C014,FINITE_WITNESS,P4-W10,formalization/foundations_vii_lab/phase4/witnesses/P4-W10.json,,6bffd1bbe8da0a5f5860dd4d39bdfa93802fe8cdee2722b7834a6080ea2f41d4
FVII-SCI04-C014-BIRTH-PARTICIPANT-CLASSIFICATION,VII-C014,FINITE_WITNESS,P4-W11,formalization/foundations_vii_lab/phase4/witnesses/P4-W11.json,,9e7ed5d5fe3dd7afd0e81b864dec9a99a509d009bab99ba9fd26ea6b90bc1633
FVII-SCI04-C014-BIRTH-PARTICIPANT-CLASSIFICATION,VII-C014,FINITE_WITNESS,P4-W12,formalization/foundations_vii_lab/phase4/witnesses/P4-W12.json,,94879ca39ad0ce27babe8fb573a07b3b9f77b07f5169462d22df7880b69cb4c7
FVII-SCI04-C015-TRANSMISSION-DESCENT-FIDELITY,VII-C015,LEAN_DECLARATION,FoundationsVII.DescentSquare.fidelity_is_commuting_square,formalization/lean/FoundationsVII/Dynamics/Transmission.lean,106,9d550a4891524f2db969b919698dfc03e5f449d1e7d6785201f819f1a0eda024
FVII-SCI04-C015-TRANSMISSION-DESCENT-FIDELITY,VII-C015,LEAN_DECLARATION,FoundationsVII.Models.Finite.Phase4.all_phase4_countermodels_pass,formalization/lean/FoundationsVII/Models/Finite/Phase4/ScenarioChecks.lean,127,899a9852264945ca2fd7563325d8aad04db9fe63d63ae782e3d4d1aecb0360fb
FVII-SCI04-C015-TRANSMISSION-DESCENT-FIDELITY,VII-C015,LEAN_DECLARATION,FoundationsVII.Models.Finite.Phase4.all_phase4_scenarios_pass,formalization/lean/FoundationsVII/Models/Finite/Phase4/ScenarioChecks.lean,90,9d6fc1ec69080fcf1f90cbf0c489751cf96c338d1d04e31b8de77364dd0754eb
FVII-SCI04-C015-TRANSMISSION-DESCENT-FIDELITY,VII-C015,LEAN_DECLARATION,FoundationsVII.Models.Finite.Phase4.phase4_countermodel_count,formalization/lean/FoundationsVII/Models/Finite/Phase4/ScenarioChecks.lean,125,e52a35ebe957a2d4fc09bf7b3874d2256f793bdfbcae0ad68f8263765f1e4966
FVII-SCI04-C015-TRANSMISSION-DESCENT-FIDELITY,VII-C015,LEAN_DECLARATION,FoundationsVII.Models.Finite.Phase4.phase4_scenario_count,formalization/lean/FoundationsVII/Models/Finite/Phase4/ScenarioChecks.lean,88,2b65b3b37258fa21a99e50f426a9bb697fb3f5ee01b6d0876ed03d0bcbb2ffa1
FVII-SCI04-C015-TRANSMISSION-DESCENT-FIDELITY,VII-C015,LEAN_DECLARATION,FoundationsVII.Models.Finite.Phase4.transmission_accepted_cardinality,formalization/lean/FoundationsVII/Models/Finite/Phase4/DynamicsEnvelope.lean,221,3068ddb1edfc6fd1666603ccac4766fa1d47de2bcad90e6576af882da85796b8
FVII-SCI04-C015-TRANSMISSION-DESCENT-FIDELITY,VII-C015,LEAN_DECLARATION,FoundationsVII.Models.Finite.Phase4.transmission_exhaustive,formalization/lean/FoundationsVII/Models/Finite/Phase4/DynamicsEnvelope.lean,224,1180e3b2317739d2acdacb775b28adb7a1cb2daa914dcc87e7ad81622fcf4d30
FVII-SCI04-C015-TRANSMISSION-DESCENT-FIDELITY,VII-C015,LEAN_DECLARATION,FoundationsVII.Models.Finite.Phase4.transmission_raw_cardinality,formalization/lean/FoundationsVII/Models/Finite/Phase4/DynamicsEnvelope.lean,219,6ed9ac3400c2fef25b9aae08ee158b4426ff37b5ac3011e32d7dfe7edabe09cc
FVII-SCI04-C015-TRANSMISSION-DESCENT-FIDELITY,VII-C015,LEAN_DECLARATION,FoundationsVII.ResidualFlow.accounted_balance,formalization/lean/FoundationsVII/Dynamics/ResidualFlow.lean,31,1ca00e18e620ad533bcb76f976192b08d557540f86c2542aa8241211785c0408
FVII-SCI04-C015-TRANSMISSION-DESCENT-FIDELITY,VII-C015,LEAN_DECLARATION,FoundationsVII.ResidualFlow.composed_debt_accumulates,formalization/lean/FoundationsVII/Dynamics/ResidualFlow.lean,37,b0d6535f403e34fb5c993cca36bc7460bb2bd158d30a07df1cef92be3c890575
FVII-SCI04-C015-TRANSMISSION-DESCENT-FIDELITY,VII-C015,LEAN_DECLARATION,FoundationsVII.ResidualFlow.settled_debt_bounded,formalization/lean/FoundationsVII/Dynamics/ResidualFlow.lean,34,dd7f72099db2b1bab3bb35351ab500f361c84683257ce2122683d032fa80ce64
FVII-SCI04-C015-TRANSMISSION-DESCENT-FIDELITY,VII-C015,LEAN_DECLARATION,FoundationsVII.TransmissionFidelity.valid_preserves_budget,formalization/lean/FoundationsVII/Dynamics/Transmission.lean,143,c38590ab58f52d6c0d621aabf167ce7f15a25c610eb931122ea7993e7cf9a7db
FVII-SCI04-C015-TRANSMISSION-DESCENT-FIDELITY,VII-C015,LEAN_DECLARATION,FoundationsVII.TransmissionFidelity.valid_preserves_source,formalization/lean/FoundationsVII/Dynamics/Transmission.lean,140,ad468ab84747608dc1ccf6ae8914e58f2bdd8eb80d2561f6bae609b2aa0db600
FVII-SCI04-C015-TRANSMISSION-DESCENT-FIDELITY,VII-C015,LEAN_DECLARATION,FoundationsVII.TransmissionFidelity.valid_records_ambiguity,formalization/lean/FoundationsVII/Dynamics/Transmission.lean,137,2e8acd6eee215c1f9dbf9761b240e0d8ee3f4bc1aa592d1e13b5da09de37828a
FVII-SCI04-C015-TRANSMISSION-DESCENT-FIDELITY,VII-C015,LEAN_DECLARATION,FoundationsVII.TransmissionFidelity.valid_records_loss,formalization/lean/FoundationsVII/Dynamics/Transmission.lean,134,0492ab8ce132fd5de1d0400efaea4f2c902d46cf5696c74fe09daeef6e176457
FVII-SCI04-C015-TRANSMISSION-DESCENT-FIDELITY,VII-C015,LEAN_DECLARATION,FoundationsVII.TransmissionRecord.pure_downward_selection_cannot_create_absent_lower_fact,formalization/lean/FoundationsVII/Dynamics/Transmission.lean,79,a0674558ce6c99437f906a12ceb1d8faf0d58e0e630900a0b5180f525068cb67
FVII-SCI04-C015-TRANSMISSION-DESCENT-FIDELITY,VII-C015,LEAN_DECLARATION,FoundationsVII.TransmissionRecord.pure_downward_selection_preserves_present_lower_facts,formalization/lean/FoundationsVII/Dynamics/Transmission.lean,68,56a0e0817a741255c2ea2e4510d333935f9a9250cb2e2a4c07316ce78a3fa07d
FVII-SCI04-C015-TRANSMISSION-DESCENT-FIDELITY,VII-C015,LEAN_DECLARATION,FoundationsVII.all_three_transmission_directions_have_positive_controls,formalization/lean/FoundationsVII/Dynamics/Transmission.lean,186,0bb5ae2e1703ef6209fddad621fa4ce6c297ca9b9946a2ff40a36b36f058f9c6
FVII-SCI04-C015-TRANSMISSION-DESCENT-FIDELITY,VII-C015,LEAN_DECLARATION,FoundationsVII.structural_downward_selection_is_not_automatically_causal,formalization/lean/FoundationsVII/Dynamics/Transmission.lean,172,507890c65b44ed32cff35cc783348d7773fc202627824a4c75b2170e40a1881a
FVII-SCI04-C015-TRANSMISSION-DESCENT-FIDELITY,VII-C015,LEAN_DECLARATION,FoundationsVII.transmissionDirection_mem_all,formalization/lean/FoundationsVII/Dynamics/Transmission.lean,26,806e1860531091d621aea2d1de4dc9f03b6a041404daef474e644e6ed03f6dda
FVII-SCI04-C015-TRANSMISSION-DESCENT-FIDELITY,VII-C015,LEAN_DECLARATION,FoundationsVII.DescentSquare,formalization/lean/FoundationsVII/Dynamics/Transmission.lean,93,3b838e0a677855e20e74f300f46770cdb103188bd841fd4305fb5587f469c700
FVII-SCI04-C015-TRANSMISSION-DESCENT-FIDELITY,VII-C015,LEAN_DECLARATION,FoundationsVII.DescentSquare.Commutes,formalization/lean/FoundationsVII/Dynamics/Transmission.lean,101,6dc8a343142b12627b2ab661d1f9f24bb74162067f1530e638b75a3f68b51e6c
FVII-SCI04-C015-TRANSMISSION-DESCENT-FIDELITY,VII-C015,LEAN_DECLARATION,FoundationsVII.DirectionalTransmissionControl,formalization/lean/FoundationsVII/Dynamics/Transmission.lean,177,152c8cf4444f90e217dee266b06e728317c83db187ee994bc6fc73926ff234f6
FVII-SCI04-C015-TRANSMISSION-DESCENT-FIDELITY,VII-C015,LEAN_DECLARATION,FoundationsVII.Models.Finite.Phase4.Phase4CountermodelCheck,formalization/lean/FoundationsVII/Models/Finite/Phase4/ScenarioChecks.lean,98,2d6391a6be321d011510246a4a3642781b7f816bbe474e9be106db626dbeed03
FVII-SCI04-C015-TRANSMISSION-DESCENT-FIDELITY,VII-C015,LEAN_DECLARATION,FoundationsVII.Models.Finite.Phase4.Phase4Profile,formalization/lean/FoundationsVII/Models/Finite/Phase4/ScenarioChecks.lean,24,46cdc9911aba60cd3adf053e7378896dcc79b23f89828b2d56c42b36093c3d79
FVII-SCI04-C015-TRANSMISSION-DESCENT-FIDELITY,VII-C015,LEAN_DECLARATION,FoundationsVII.Models.Finite.Phase4.Phase4Scenario,formalization/lean/FoundationsVII/Models/Finite/Phase4/ScenarioChecks.lean,52,3198a303d2ba22cbf9289de2dceb54db6f81984af001c2ce400fa5578405352c
FVII-SCI04-C015-TRANSMISSION-DESCENT-FIDELITY,VII-C015,LEAN_DECLARATION,FoundationsVII.Models.Finite.Phase4.Phase4Status,formalization/lean/FoundationsVII/Models/Finite/Phase4/ScenarioChecks.lean,12,8ffb2cefaf73aaa11b0d9f64394007ddc2b2ac5e4b2b57c883c66a1948728611
FVII-SCI04-C015-TRANSMISSION-DESCENT-FIDELITY,VII-C015,LEAN_DECLARATION,FoundationsVII.Models.Finite.Phase4.TransmissionCase,formalization/lean/FoundationsVII/Models/Finite/Phase4/DynamicsEnvelope.lean,179,9905bc05e75de3d6dbbe1f350a04ad708ead2fcc971d74e856cbeb6ea3b83e7c
FVII-SCI04-C015-TRANSMISSION-DESCENT-FIDELITY,VII-C015,LEAN_DECLARATION,FoundationsVII.Models.Finite.Phase4.classifyPhase4,formalization/lean/FoundationsVII/Models/Finite/Phase4/ScenarioChecks.lean,40,de05a38e481dbcd68c9630ed9c7218c5e845ea4636533c746d94cc007ed3f046
FVII-SCI04-C015-TRANSMISSION-DESCENT-FIDELITY,VII-C015,LEAN_DECLARATION,FoundationsVII.Models.Finite.Phase4.countermodelPass,formalization/lean/FoundationsVII/Models/Finite/Phase4/ScenarioChecks.lean,104,7b4d35045784254e990eaa05b7d62d53eb024028ed78b7e2ca891cf807f4e2b3
FVII-SCI04-C015-TRANSMISSION-DESCENT-FIDELITY,VII-C015,LEAN_DECLARATION,FoundationsVII.Models.Finite.Phase4.phase4Countermodels,formalization/lean/FoundationsVII/Models/Finite/Phase4/ScenarioChecks.lean,107,27dc8e27d4131fc69ddfed6b0fdd2a83f45586041415854a45bb32c500492c70
FVII-SCI04-C015-TRANSMISSION-DESCENT-FIDELITY,VII-C015,LEAN_DECLARATION,FoundationsVII.Models.Finite.Phase4.phase4Scenarios,formalization/lean/FoundationsVII/Models/Finite/Phase4/ScenarioChecks.lean,61,9ab591b245682d65af4224e046e42327af9d5afb3bb5d1b2c4855cc5cd0d4827
FVII-SCI04-C015-TRANSMISSION-DESCENT-FIDELITY,VII-C015,LEAN_DECLARATION,FoundationsVII.Models.Finite.Phase4.scenarioPass,formalization/lean/FoundationsVII/Models/Finite/Phase4/ScenarioChecks.lean,58,4ec9cb1440929ed46e10aa35b0dc1e28f37bd70d9abd6d9eb523ecbc93f35a91
FVII-SCI04-C015-TRANSMISSION-DESCENT-FIDELITY,VII-C015,LEAN_DECLARATION,FoundationsVII.Models.Finite.Phase4.transmissionLaw,formalization/lean/FoundationsVII/Models/Finite/Phase4/DynamicsEnvelope.lean,194,87633bbf35ad2dbfb0b88ce5b38f1bdf2d6fac4d966b82f4755b68985c5ab1ee
FVII-SCI04-C015-TRANSMISSION-DESCENT-FIDELITY,VII-C015,LEAN_DECLARATION,FoundationsVII.ResidualFlow,formalization/lean/FoundationsVII/Dynamics/ResidualFlow.lean,14,4481207cd023bb439b2271a135dd383b7793d2d68a3f55c2203a3dc950fea901
FVII-SCI04-C015-TRANSMISSION-DESCENT-FIDELITY,VII-C015,LEAN_DECLARATION,FoundationsVII.ResidualFlow.WellAccounted,formalization/lean/FoundationsVII/Dynamics/ResidualFlow.lean,26,5fb40661cc3412c7cba1ebfea946bd7de6477ec5f3f6b2cf79da1d1b23427d29
FVII-SCI04-C015-TRANSMISSION-DESCENT-FIDELITY,VII-C015,LEAN_DECLARATION,FoundationsVII.SelectionCausationProfile,formalization/lean/FoundationsVII/Dynamics/Transmission.lean,148,90a2b5d5e50d13b52d0f9a06460a0d3c63167b11c063aaa1db3f215c0c28ca79
FVII-SCI04-C015-TRANSMISSION-DESCENT-FIDELITY,VII-C015,LEAN_DECLARATION,FoundationsVII.SelectionCausationProfile.Valid,formalization/lean/FoundationsVII/Dynamics/Transmission.lean,158,a49ec7c8d025f2a212e2e74b15c19aa4c0d512534efdfa4fdb9238ae4fc8f552
FVII-SCI04-C015-TRANSMISSION-DESCENT-FIDELITY,VII-C015,LEAN_DECLARATION,FoundationsVII.TransmissionDirection,formalization/lean/FoundationsVII/Dynamics/Transmission.lean,17,e31ee83aa448166b501282d488009d9dd29a0ab29e53b8d7921915390c451fea
FVII-SCI04-C015-TRANSMISSION-DESCENT-FIDELITY,VII-C015,LEAN_DECLARATION,FoundationsVII.TransmissionFidelity,formalization/lean/FoundationsVII/Dynamics/Transmission.lean,113,56f9394bf5ec6507238981f64cf7003822b48f9d7c1042330051d7e59a52e865
FVII-SCI04-C015-TRANSMISSION-DESCENT-FIDELITY,VII-C015,LEAN_DECLARATION,FoundationsVII.TransmissionFidelity.Valid,formalization/lean/FoundationsVII/Dynamics/Transmission.lean,125,3cb2331ed5a61ee0a442f058219b7ad0dac61700c208f975ddd905c8487e9973
FVII-SCI04-C015-TRANSMISSION-DESCENT-FIDELITY,VII-C015,LEAN_DECLARATION,FoundationsVII.TransmissionRecord,formalization/lean/FoundationsVII/Dynamics/Transmission.lean,30,532d8356f896c3d14be44f7bd83ad95d6a1801f6d20adf41933286b434733e43
FVII-SCI04-C015-TRANSMISSION-DESCENT-FIDELITY,VII-C015,LEAN_DECLARATION,FoundationsVII.TransmissionRecord.LowerFactProvenancePreserved,formalization/lean/FoundationsVII/Dynamics/Transmission.lean,58,2afc95d27050c5b8c8b72fe6de7f139309343ba31b2b81dd02a74a74eb47d861
FVII-SCI04-C015-TRANSMISSION-DESCENT-FIDELITY,VII-C015,LEAN_DECLARATION,FoundationsVII.TransmissionRecord.PureDownwardSelection,formalization/lean/FoundationsVII/Dynamics/Transmission.lean,62,d1dd299d0aa0bd0860a53b458113aa0ada67ef5819c45aa7799edcab493584f4
FVII-SCI04-C015-TRANSMISSION-DESCENT-FIDELITY,VII-C015,LEAN_DECLARATION,FoundationsVII.TransmissionRecord.WellFormed,formalization/lean/FoundationsVII/Dynamics/Transmission.lean,49,1d818057304b42b9f865365eb88f6307f9e98d21c2fd964752ae070429a5cb27
FVII-SCI04-C015-TRANSMISSION-DESCENT-FIDELITY,VII-C015,LEAN_DECLARATION,FoundationsVII.allTransmissionDirections,formalization/lean/FoundationsVII/Dynamics/Transmission.lean,23,9b904e3b4a713539f09e7900e8ee84e9fdb3011ac77aa40532c0075621df3d08
FVII-SCI04-C015-TRANSMISSION-DESCENT-FIDELITY,VII-C015,FINITE_WITNESS,TTW-S16,formalization/foundations_vii_lab/fixtures/scenarios/TTW-S16.json,,aff251cf391ef181ed4ac707aab81dc8c4d9b3c98f4b29255d3d3f6ac72e8b6e
FVII-SCI04-C015-TRANSMISSION-DESCENT-FIDELITY,VII-C015,FINITE_WITNESS,TTW-S24,formalization/foundations_vii_lab/fixtures/scenarios/TTW-S24.json,,e05b0d3f68c339be11d2b60272da758bc5e21775490a5a4456d5d639e30cb14e
FVII-SCI04-C015-TRANSMISSION-DESCENT-FIDELITY,VII-C015,FINITE_WITNESS,CM-06,formalization/foundations_vii_lab/fixtures/countermodels/CM-06.json,,92db9506457156b8b616b6be287cb33261afab74eb4346db243674db64b92b5b
FVII-SCI04-C015-TRANSMISSION-DESCENT-FIDELITY,VII-C015,FINITE_WITNESS,CM-22,formalization/foundations_vii_lab/fixtures/countermodels/CM-22.json,,5cfdb48e1a4e1558d3bfdd8b6be845ae5b569a6471bef5b7c6c595240158f3f2
FVII-SCI04-C015-TRANSMISSION-DESCENT-FIDELITY,VII-C015,FINITE_WITNESS,CM-23,formalization/foundations_vii_lab/fixtures/countermodels/CM-23.json,,c954d623b0e4eaf69cf0821ea0e4c07f3c2c55f8ceac05515e459d2a5e45a426
FVII-SCI04-C015-TRANSMISSION-DESCENT-FIDELITY,VII-C015,FINITE_WITNESS,P4-W13,formalization/foundations_vii_lab/phase4/witnesses/P4-W13.json,,652fc80fbd08911c35e98a247c08b0b2a944f6da672b90283b8976e44c0c3983
FVII-SCI04-C015-TRANSMISSION-DESCENT-FIDELITY,VII-C015,FINITE_WITNESS,P4-W14,formalization/foundations_vii_lab/phase4/witnesses/P4-W14.json,,6b13d135737cf981fc5266e51ef9b39af1d090d70ad81997e9c68950a3eb49d0
FVII-SCI04-C015-TRANSMISSION-DESCENT-FIDELITY,VII-C015,FINITE_WITNESS,P4-W15,formalization/foundations_vii_lab/phase4/witnesses/P4-W15.json,,d5d620ba9ae342eb1170b498eb1524457c4022ae79591b7d0fe5e3ff73dd6985
FVII-SCI04-C015-TRANSMISSION-DESCENT-FIDELITY,VII-C015,FINITE_WITNESS,P4-W16,formalization/foundations_vii_lab/phase4/witnesses/P4-W16.json,,8ed907ee1bfd3dfba4a6427cfad650f83155a9a16789d75c2e9d068e95c3f270
FVII-SCI04-C015-TRANSMISSION-DESCENT-FIDELITY,VII-C015,FINITE_WITNESS,P4-W17,formalization/foundations_vii_lab/phase4/witnesses/P4-W17.json,,7a77651b36925849029956a11eaa3b2b0a0f578b0e8f4745fe6064a73b113198
FVII-SCI04-C017-ORDER-RESIDUE-HOLONOMY,VII-C017,LEAN_DECLARATION,FoundationsVII.Models.Finite.Phase4.all_phase4_countermodels_pass,formalization/lean/FoundationsVII/Models/Finite/Phase4/ScenarioChecks.lean,127,899a9852264945ca2fd7563325d8aad04db9fe63d63ae782e3d4d1aecb0360fb
FVII-SCI04-C017-ORDER-RESIDUE-HOLONOMY,VII-C017,LEAN_DECLARATION,FoundationsVII.Models.Finite.Phase4.all_phase4_scenarios_pass,formalization/lean/FoundationsVII/Models/Finite/Phase4/ScenarioChecks.lean,90,9d6fc1ec69080fcf1f90cbf0c489751cf96c338d1d04e31b8de77364dd0754eb
FVII-SCI04-C017-ORDER-RESIDUE-HOLONOMY,VII-C017,LEAN_DECLARATION,FoundationsVII.Models.Finite.Phase4.arrow_accepted_cardinality,formalization/lean/FoundationsVII/Models/Finite/Phase4/DynamicsEnvelope.lean,458,bffb01872b5a14dbfa01b8b5a144e97ea9b81babae34c3cf43366daeec58c4e5
FVII-SCI04-C017-ORDER-RESIDUE-HOLONOMY,VII-C017,LEAN_DECLARATION,FoundationsVII.Models.Finite.Phase4.arrow_exhaustive,formalization/lean/FoundationsVII/Models/Finite/Phase4/DynamicsEnvelope.lean,461,9d018575aa5eed6c52d377b3909a0c2a8e59c6bf378fae0b8afbb34279f02837
FVII-SCI04-C017-ORDER-RESIDUE-HOLONOMY,VII-C017,LEAN_DECLARATION,FoundationsVII.Models.Finite.Phase4.arrow_raw_cardinality,formalization/lean/FoundationsVII/Models/Finite/Phase4/DynamicsEnvelope.lean,456,4c266147b084c69c4e3cbbb4097b8f098a500f37b6d16b6159053d1f65cf1be3
FVII-SCI04-C017-ORDER-RESIDUE-HOLONOMY,VII-C017,LEAN_DECLARATION,FoundationsVII.Models.Finite.Phase4.finite_holonomy_zero_arrow_exists,formalization/lean/FoundationsVII/Models/Finite/Phase4/DynamicsEnvelope.lean,474,392cff1146d7cf229c2e779f1522aac90d7cf58d891519fd3b54dc33ec1f5fac
FVII-SCI04-C017-ORDER-RESIDUE-HOLONOMY,VII-C017,LEAN_DECLARATION,FoundationsVII.Models.Finite.Phase4.holonomy_accepted_cardinality,formalization/lean/FoundationsVII/Models/Finite/Phase4/DynamicsEnvelope.lean,423,67ab393ed1d2f235fd98dc049601ca9d379348ce86e08e071e178b507969bbb1
FVII-SCI04-C017-ORDER-RESIDUE-HOLONOMY,VII-C017,LEAN_DECLARATION,FoundationsVII.Models.Finite.Phase4.holonomy_exhaustive,formalization/lean/FoundationsVII/Models/Finite/Phase4/DynamicsEnvelope.lean,426,88f805bce24d0e2c68aed2c68d209e5a620ed56bb904d4098f043afb5f6bfe45
FVII-SCI04-C017-ORDER-RESIDUE-HOLONOMY,VII-C017,LEAN_DECLARATION,FoundationsVII.Models.Finite.Phase4.holonomy_raw_cardinality,formalization/lean/FoundationsVII/Models/Finite/Phase4/DynamicsEnvelope.lean,421,a72354da1a21fed2422b1d7d85d1f18736660239e9b649b9ab956bc211df9838
FVII-SCI04-C017-ORDER-RESIDUE-HOLONOMY,VII-C017,LEAN_DECLARATION,FoundationsVII.Models.Finite.Phase4.phase4_countermodel_count,formalization/lean/FoundationsVII/Models/Finite/Phase4/ScenarioChecks.lean,125,e52a35ebe957a2d4fc09bf7b3874d2256f793bdfbcae0ad68f8263765f1e4966
FVII-SCI04-C017-ORDER-RESIDUE-HOLONOMY,VII-C017,LEAN_DECLARATION,FoundationsVII.Models.Finite.Phase4.phase4_scenario_count,formalization/lean/FoundationsVII/Models/Finite/Phase4/ScenarioChecks.lean,88,2b65b3b37258fa21a99e50f426a9bb697fb3f5ee01b6d0876ed03d0bcbb2ffa1
FVII-SCI04-C017-ORDER-RESIDUE-HOLONOMY,VII-C017,LEAN_DECLARATION,FoundationsVII.NoGo.NGVII_10_escape_independent_driven_arrow,formalization/lean/FoundationsVII/NoGo/Dynamics.lean,61,14f1ca5fa73be4100f862960dbdf5f9da29e140b5de0af500a4bd3ab9165f078
FVII-SCI04-C017-ORDER-RESIDUE-HOLONOMY,VII-C017,LEAN_DECLARATION,FoundationsVII.NoGo.NGVII_10_holonomy_zero_arrow_control,formalization/lean/FoundationsVII/NoGo/Dynamics.lean,57,35c4f1a63e7ae46fe5b2a27a6a9f0e9d3ad78211274725b7f4faec85862b3e29
FVII-SCI04-C017-ORDER-RESIDUE-HOLONOMY,VII-C017,LEAN_DECLARATION,FoundationsVII.NoGo.NGVII_10_no_arrow_from_holonomy_alone,formalization/lean/FoundationsVII/NoGo/Dynamics.lean,38,b7d91fdf5875025db989107d973cd07443491274c89de03d6106e539c9b444ce
FVII-SCI04-C017-ORDER-RESIDUE-HOLONOMY,VII-C017,LEAN_DECLARATION,FoundationsVII.constructive_interaction_holonomy,formalization/lean/FoundationsVII/Dynamics/Holonomy.lean,115,0c51e6b31e2459151ea6590ea3e09f4c62ae56c1a2fd84fffe858f692e902e44
FVII-SCI04-C017-ORDER-RESIDUE-HOLONOMY,VII-C017,LEAN_DECLARATION,FoundationsVII.driven_arrow_positive_control,formalization/lean/FoundationsVII/Dynamics/Holonomy.lean,122,8ff33a1e74aa539d5fad8b6731614f1630b05d58a3b3fb21be4679c9731b51a3
FVII-SCI04-C017-ORDER-RESIDUE-HOLONOMY,VII-C017,LEAN_DECLARATION,FoundationsVII.driven_arrow_requires_independent_drive_certificate,formalization/lean/FoundationsVII/Dynamics/Holonomy.lean,126,dd71408719a53b0fd7ad1af667b045567b350b354af035eae2b035866ff23a7f
FVII-SCI04-C017-ORDER-RESIDUE-HOLONOMY,VII-C017,LEAN_DECLARATION,FoundationsVII.holonomy_with_zero_arrow_witness,formalization/lean/FoundationsVII/Dynamics/Holonomy.lean,118,948b9216f2133873f026d63517f55e8c8bbd6b88dfb9cd462045dcd0392295d9
FVII-SCI04-C017-ORDER-RESIDUE-HOLONOMY,VII-C017,LEAN_DECLARATION,FoundationsVII.reversal_null_and_driven_controls_are_distinct,formalization/lean/FoundationsVII/Dynamics/Holonomy.lean,145,52aeadfe9a91c0856d2135d704b2347d49a7f713b2979a9705e80d33d8578c9c
FVII-SCI04-C017-ORDER-RESIDUE-HOLONOMY,VII-C017,LEAN_DECLARATION,FoundationsVII.ArrowClaim,formalization/lean/FoundationsVII/Dynamics/Holonomy.lean,73,a1c7d97aad677c9760aece7deb017bc32cfb98d0dfa412d25b30816c40a69192
FVII-SCI04-C017-ORDER-RESIDUE-HOLONOMY,VII-C017,LEAN_DECLARATION,FoundationsVII.ArrowClaim.Eligible,formalization/lean/FoundationsVII/Dynamics/Holonomy.lean,81,c6691f2e3d325c354305fa47107b3e573e7c12289a7f3a7ec5001c06cf2fb177
FVII-SCI04-C017-ORDER-RESIDUE-HOLONOMY,VII-C017,LEAN_DECLARATION,FoundationsVII.DriveCertificate,formalization/lean/FoundationsVII/Dynamics/Holonomy.lean,54,c91d5b37584ea4da1f8ee375db88d7b10e77b74a4d65f218da16a8d3db70f63c
FVII-SCI04-C017-ORDER-RESIDUE-HOLONOMY,VII-C017,LEAN_DECLARATION,FoundationsVII.DriveCertificate.Valid,formalization/lean/FoundationsVII/Dynamics/Holonomy.lean,64,d8b9cb6db50d120877b3164436d6195a1d6750edb811a3508a3548e41a97e6ba
FVII-SCI04-C017-ORDER-RESIDUE-HOLONOMY,VII-C017,LEAN_DECLARATION,FoundationsVII.Models.Finite.Phase4.ArrowCase,formalization/lean/FoundationsVII/Models/Finite/Phase4/DynamicsEnvelope.lean,431,860b20819de32a813daa9e11deaac2169379d7c7c38ebacef881316070165db5
FVII-SCI04-C017-ORDER-RESIDUE-HOLONOMY,VII-C017,LEAN_DECLARATION,FoundationsVII.Models.Finite.Phase4.HolonomyCase,formalization/lean/FoundationsVII/Models/Finite/Phase4/DynamicsEnvelope.lean,387,13dda3c79c4efe91dd3a5af71a340f0142404dadb84d906d45f9b4a79908e94d
FVII-SCI04-C017-ORDER-RESIDUE-HOLONOMY,VII-C017,LEAN_DECLARATION,FoundationsVII.Models.Finite.Phase4.Phase4CountermodelCheck,formalization/lean/FoundationsVII/Models/Finite/Phase4/ScenarioChecks.lean,98,2d6391a6be321d011510246a4a3642781b7f816bbe474e9be106db626dbeed03
FVII-SCI04-C017-ORDER-RESIDUE-HOLONOMY,VII-C017,LEAN_DECLARATION,FoundationsVII.Models.Finite.Phase4.Phase4Profile,formalization/lean/FoundationsVII/Models/Finite/Phase4/ScenarioChecks.lean,24,46cdc9911aba60cd3adf053e7378896dcc79b23f89828b2d56c42b36093c3d79
FVII-SCI04-C017-ORDER-RESIDUE-HOLONOMY,VII-C017,LEAN_DECLARATION,FoundationsVII.Models.Finite.Phase4.Phase4Scenario,formalization/lean/FoundationsVII/Models/Finite/Phase4/ScenarioChecks.lean,52,3198a303d2ba22cbf9289de2dceb54db6f81984af001c2ce400fa5578405352c
FVII-SCI04-C017-ORDER-RESIDUE-HOLONOMY,VII-C017,LEAN_DECLARATION,FoundationsVII.Models.Finite.Phase4.Phase4Status,formalization/lean/FoundationsVII/Models/Finite/Phase4/ScenarioChecks.lean,12,8ffb2cefaf73aaa11b0d9f64394007ddc2b2ac5e4b2b57c883c66a1948728611
FVII-SCI04-C017-ORDER-RESIDUE-HOLONOMY,VII-C017,LEAN_DECLARATION,FoundationsVII.Models.Finite.Phase4.arrowLaw,formalization/lean/FoundationsVII/Models/Finite/Phase4/DynamicsEnvelope.lean,441,71c9fd0d23b0695a2b3e7de7aebd8759b96802f56acbbc77ffc9ed2f5aade8ab
FVII-SCI04-C017-ORDER-RESIDUE-HOLONOMY,VII-C017,LEAN_DECLARATION,FoundationsVII.Models.Finite.Phase4.classifyPhase4,formalization/lean/FoundationsVII/Models/Finite/Phase4/ScenarioChecks.lean,40,de05a38e481dbcd68c9630ed9c7218c5e845ea4636533c746d94cc007ed3f046
FVII-SCI04-C017-ORDER-RESIDUE-HOLONOMY,VII-C017,LEAN_DECLARATION,FoundationsVII.Models.Finite.Phase4.countermodelPass,formalization/lean/FoundationsVII/Models/Finite/Phase4/ScenarioChecks.lean,104,7b4d35045784254e990eaa05b7d62d53eb024028ed78b7e2ca891cf807f4e2b3
FVII-SCI04-C017-ORDER-RESIDUE-HOLONOMY,VII-C017,LEAN_DECLARATION,FoundationsVII.Models.Finite.Phase4.holonomyLaw,formalization/lean/FoundationsVII/Models/Finite/Phase4/DynamicsEnvelope.lean,400,eeb2acbeaa1a82fd1d49fb61ac610cdc34303c71aab793cd5b195b82bae7a0cd
FVII-SCI04-C017-ORDER-RESIDUE-HOLONOMY,VII-C017,LEAN_DECLARATION,FoundationsVII.Models.Finite.Phase4.phase4Countermodels,formalization/lean/FoundationsVII/Models/Finite/Phase4/ScenarioChecks.lean,107,27dc8e27d4131fc69ddfed6b0fdd2a83f45586041415854a45bb32c500492c70
FVII-SCI04-C017-ORDER-RESIDUE-HOLONOMY,VII-C017,LEAN_DECLARATION,FoundationsVII.Models.Finite.Phase4.phase4Scenarios,formalization/lean/FoundationsVII/Models/Finite/Phase4/ScenarioChecks.lean,61,9ab591b245682d65af4224e046e42327af9d5afb3bb5d1b2c4855cc5cd0d4827
FVII-SCI04-C017-ORDER-RESIDUE-HOLONOMY,VII-C017,LEAN_DECLARATION,FoundationsVII.Models.Finite.Phase4.scenarioPass,formalization/lean/FoundationsVII/Models/Finite/Phase4/ScenarioChecks.lean,58,4ec9cb1440929ed46e10aa35b0dc1e28f37bd70d9abd6d9eb523ecbc93f35a91
FVII-SCI04-C017-ORDER-RESIDUE-HOLONOMY,VII-C017,LEAN_DECLARATION,FoundationsVII.NoGo.HolonomyArrowProfile,formalization/lean/FoundationsVII/NoGo/Dynamics.lean,9,70eb77c54eef9337113375001253f72497f55f985b9cde592b6fab13f64e98c9
FVII-SCI04-C017-ORDER-RESIDUE-HOLONOMY,VII-C017,LEAN_DECLARATION,FoundationsVII.NoGo.HolonomyArrowProfile.Eligible,formalization/lean/FoundationsVII/NoGo/Dynamics.lean,21,a66ff844ff465bc9e133d145daef33f2f10a6326f8f700b19c4f7b86c0290bec
FVII-SCI04-C017-ORDER-RESIDUE-HOLONOMY,VII-C017,LEAN_DECLARATION,FoundationsVII.NoGo.HolonomyArrowProfile.HolonomyOnly,formalization/lean/FoundationsVII/NoGo/Dynamics.lean,29,0c7cbfb45ab114e65bf9abaae8ff300f0659847665e4b63a4bbcc9610b806e97
FVII-SCI04-C017-ORDER-RESIDUE-HOLONOMY,VII-C017,LEAN_DECLARATION,FoundationsVII.ReversalControl,formalization/lean/FoundationsVII/Dynamics/Holonomy.lean,130,a9feddd8264f804fbe71f08a6790179b58171461ca43646cd8a4c63e91a03bfe
FVII-SCI04-C017-ORDER-RESIDUE-HOLONOMY,VII-C017,LEAN_DECLARATION,FoundationsVII.RouteComparison,formalization/lean/FoundationsVII/Dynamics/Holonomy.lean,25,f270576904926010849ae4eea1fc294832a31967e9a0a021284196e589b3acc5
FVII-SCI04-C017-ORDER-RESIDUE-HOLONOMY,VII-C017,LEAN_DECLARATION,FoundationsVII.RouteComparison.ChangedRoute,formalization/lean/FoundationsVII/Dynamics/Holonomy.lean,36,88dbae0dfd60868a7170c1de8e68214bf62e77df2d3a06b6d2379bdb8bc2c038
FVII-SCI04-C017-ORDER-RESIDUE-HOLONOMY,VII-C017,LEAN_DECLARATION,FoundationsVII.RouteComparison.Holonomy,formalization/lean/FoundationsVII/Dynamics/Holonomy.lean,48,a45bf54b8d62a2862a1db69ba1ccb36d1b3da9d97004cdf293cbccdffaa10ba4
FVII-SCI04-C017-ORDER-RESIDUE-HOLONOMY,VII-C017,LEAN_DECLARATION,FoundationsVII.RouteComparison.RouteResidue,formalization/lean/FoundationsVII/Dynamics/Holonomy.lean,40,2a477fbb35f24aa6d93dde40cef54d3e524510b40be2217bc8d4595ef9fcd1fc
FVII-SCI04-C017-ORDER-RESIDUE-HOLONOMY,VII-C017,LEAN_DECLARATION,FoundationsVII.RouteComparison.SameTypedTarget,formalization/lean/FoundationsVII/Dynamics/Holonomy.lean,32,b4691905aa8738414eddca3036f0ca35fda9553638f11fc66dc2fe10542b5fd7
FVII-SCI04-C017-ORDER-RESIDUE-HOLONOMY,VII-C017,LEAN_DECLARATION,FoundationsVII.RouteResult,formalization/lean/FoundationsVII/Dynamics/Holonomy.lean,14,6ca3733309635410f423774fdb1e2d59cb5a09ae90f8ace1669c7b1e5c66f7c3
FVII-SCI04-C017-ORDER-RESIDUE-HOLONOMY,VII-C017,FINITE_WITNESS,TTW-S16,formalization/foundations_vii_lab/fixtures/scenarios/TTW-S16.json,,aff251cf391ef181ed4ac707aab81dc8c4d9b3c98f4b29255d3d3f6ac72e8b6e
FVII-SCI04-C017-ORDER-RESIDUE-HOLONOMY,VII-C017,FINITE_WITNESS,TTW-S17,formalization/foundations_vii_lab/fixtures/scenarios/TTW-S17.json,,d1e76f5a74f3ceb43b8cd28996b0abaad1061b54850c6b885235e624a2b8f314
FVII-SCI04-C017-ORDER-RESIDUE-HOLONOMY,VII-C017,FINITE_WITNESS,TTW-S18,formalization/foundations_vii_lab/fixtures/scenarios/TTW-S18.json,,0a1c5399461aac602db5d3181eda9621f94914f5acc0dba4fac7dabff21589d3
FVII-SCI04-C017-ORDER-RESIDUE-HOLONOMY,VII-C017,FINITE_WITNESS,CM-10,formalization/foundations_vii_lab/fixtures/countermodels/CM-10.json,,b833c4a48616df79c200d11805319fc5c4696e781f36187aa85116c991d460a7
FVII-SCI04-C017-ORDER-RESIDUE-HOLONOMY,VII-C017,FINITE_WITNESS,CM-24,formalization/foundations_vii_lab/fixtures/countermodels/CM-24.json,,a7e0e6257c2843c642f4691e60489f6b4bb83edd8db8acadaee9afa205b0f092
FVII-SCI04-C017-ORDER-RESIDUE-HOLONOMY,VII-C017,FINITE_WITNESS,P4-W26,formalization/foundations_vii_lab/phase4/witnesses/P4-W26.json,,14f0711bf8d05e95698551a4b3a7ea4f1e2c60f1c3beb1af83682d8be978c31c
FVII-SCI04-C018-CONFLUENCE-SEED-DEPENDENCE,VII-C018,LEAN_DECLARATION,FoundationsVII.CriticalPair.resolved_of_joinable_audit_equivalent,formalization/lean/FoundationsVII/Dynamics/Confluence.lean,29,c683d4ed0d8223f809cad8ee0edb63ad2a8a4b08dc6f533463831ef019faa420
FVII-SCI04-C018-CONFLUENCE-SEED-DEPENDENCE,VII-C018,LEAN_DECLARATION,FoundationsVII.FiniteAdmissionSystem.finite_critical_pair_criterion_iff_confluent,formalization/lean/FoundationsVII/Dynamics/Confluence.lean,56,ce92e84a303f070d8dfebe2ac5122d0a38305b93dce6d5f8eed29b2fb8e0c70d
FVII-SCI04-C018-CONFLUENCE-SEED-DEPENDENCE,VII-C018,LEAN_DECLARATION,FoundationsVII.Models.Finite.Phase4.all_phase4_countermodels_pass,formalization/lean/FoundationsVII/Models/Finite/Phase4/ScenarioChecks.lean,127,899a9852264945ca2fd7563325d8aad04db9fe63d63ae782e3d4d1aecb0360fb
FVII-SCI04-C018-CONFLUENCE-SEED-DEPENDENCE,VII-C018,LEAN_DECLARATION,FoundationsVII.Models.Finite.Phase4.all_phase4_scenarios_pass,formalization/lean/FoundationsVII/Models/Finite/Phase4/ScenarioChecks.lean,90,9d6fc1ec69080fcf1f90cbf0c489751cf96c338d1d04e31b8de77364dd0754eb
FVII-SCI04-C018-CONFLUENCE-SEED-DEPENDENCE,VII-C018,LEAN_DECLARATION,FoundationsVII.Models.Finite.Phase4.confluence_accepted_cardinality,formalization/lean/FoundationsVII/Models/Finite/Phase4/DynamicsEnvelope.lean,344,18c1cb1cde8de78ab8207c2a5e85a37372277ff1ff753f32175853511818ee8f
FVII-SCI04-C018-CONFLUENCE-SEED-DEPENDENCE,VII-C018,LEAN_DECLARATION,FoundationsVII.Models.Finite.Phase4.confluence_exhaustive,formalization/lean/FoundationsVII/Models/Finite/Phase4/DynamicsEnvelope.lean,347,831256d44391a0bf3f2eaf03a1ee091e41ff989959b4d9a927f3545bf5ea1296
FVII-SCI04-C018-CONFLUENCE-SEED-DEPENDENCE,VII-C018,LEAN_DECLARATION,FoundationsVII.Models.Finite.Phase4.confluence_raw_cardinality,formalization/lean/FoundationsVII/Models/Finite/Phase4/DynamicsEnvelope.lean,342,a125ece5925ec8ea4438bf795faa0427cbeb67774d72a5bdcddaf8b3749c5143
FVII-SCI04-C018-CONFLUENCE-SEED-DEPENDENCE,VII-C018,LEAN_DECLARATION,FoundationsVII.Models.Finite.Phase4.phase4_countermodel_count,formalization/lean/FoundationsVII/Models/Finite/Phase4/ScenarioChecks.lean,125,e52a35ebe957a2d4fc09bf7b3874d2256f793bdfbcae0ad68f8263765f1e4966
FVII-SCI04-C018-CONFLUENCE-SEED-DEPENDENCE,VII-C018,LEAN_DECLARATION,FoundationsVII.Models.Finite.Phase4.phase4_scenario_count,formalization/lean/FoundationsVII/Models/Finite/Phase4/ScenarioChecks.lean,88,2b65b3b37258fa21a99e50f426a9bb697fb3f5ee01b6d0876ed03d0bcbb2ffa1
FVII-SCI04-C018-CONFLUENCE-SEED-DEPENDENCE,VII-C018,LEAN_DECLARATION,FoundationsVII.Models.Finite.Phase4.seed_accepted_cardinality,formalization/lean/FoundationsVII/Models/Finite/Phase4/DynamicsEnvelope.lean,379,fec94a6c996cb09ca45cf0d0ba1cf9f809d8af0b0be1c14e866a29323a3bbb55
FVII-SCI04-C018-CONFLUENCE-SEED-DEPENDENCE,VII-C018,LEAN_DECLARATION,FoundationsVII.Models.Finite.Phase4.seed_exhaustive,formalization/lean/FoundationsVII/Models/Finite/Phase4/DynamicsEnvelope.lean,382,1cc4d0ba15406680583ed0e354e7376c60fd34dea6b441ce07dae169dd8f1a22
FVII-SCI04-C018-CONFLUENCE-SEED-DEPENDENCE,VII-C018,LEAN_DECLARATION,FoundationsVII.Models.Finite.Phase4.seed_raw_cardinality,formalization/lean/FoundationsVII/Models/Finite/Phase4/DynamicsEnvelope.lean,377,d7880f3bfe9bacb7cb9603c14e4a58294631f1f03eec1baf7595d622591f9e00
FVII-SCI04-C018-CONFLUENCE-SEED-DEPENDENCE,VII-C018,LEAN_DECLARATION,FoundationsVII.finite_confluent_positive_model,formalization/lean/FoundationsVII/Dynamics/Confluence.lean,94,cfc9fd63864a7ae4a3d34dde1304e345c686082d8847513f0207bad62b5b74e4
FVII-SCI04-C018-CONFLUENCE-SEED-DEPENDENCE,VII-C018,LEAN_DECLARATION,FoundationsVII.finite_nonconfluent_countermodel,formalization/lean/FoundationsVII/Dynamics/Confluence.lean,100,1111e82684937a9096288c4b82dbc7a22536c0f8e6ec56ea8cc67fa03cf4b056
FVII-SCI04-C018-CONFLUENCE-SEED-DEPENDENCE,VII-C018,LEAN_DECLARATION,FoundationsVII.one_commuting_square_does_not_establish_global_confluence,formalization/lean/FoundationsVII/Dynamics/Confluence.lean,157,b327c0cb98d5f62ba6bb0730686e41e46b065cf373452e33a2ae91ac49d20828
FVII-SCI04-C018-CONFLUENCE-SEED-DEPENDENCE,VII-C018,LEAN_DECLARATION,FoundationsVII.presentation_difference_is_not_seed_dependence,formalization/lean/FoundationsVII/Dynamics/Confluence.lean,141,a4b91846f24abec428e80c8d9e320762a9914c1a1e797a5fb9c5434ab7d9c38f
FVII-SCI04-C018-CONFLUENCE-SEED-DEPENDENCE,VII-C018,LEAN_DECLARATION,FoundationsVII.seed_partition_can_change_terminal_package,formalization/lean/FoundationsVII/Dynamics/Confluence.lean,138,80310e900b57336c31b4a4a26688dad6b52ac13a28cc80150b7af1a9ff584245
FVII-SCI04-C018-CONFLUENCE-SEED-DEPENDENCE,VII-C018,LEAN_DECLARATION,FoundationsVII.CriticalPair,formalization/lean/FoundationsVII/Dynamics/Confluence.lean,14,049a0a372c5525d6e72584329b2a1ce5d0beb1f199477a5b5bfc56ace46e78df
FVII-SCI04-C018-CONFLUENCE-SEED-DEPENDENCE,VII-C018,LEAN_DECLARATION,FoundationsVII.CriticalPair.Resolved,formalization/lean/FoundationsVII/Dynamics/Confluence.lean,25,551d6011b276ce7705a3ae26ddc0c2ff6e83edc7530a70f5743041116ff528a4
FVII-SCI04-C018-CONFLUENCE-SEED-DEPENDENCE,VII-C018,LEAN_DECLARATION,FoundationsVII.FiniteAdmissionSystem,formalization/lean/FoundationsVII/Dynamics/Confluence.lean,37,e1bf0cc840525945e0f1e91088d4aecf116c47a9ab4385d12b84f6475d5aa4a4
FVII-SCI04-C018-CONFLUENCE-SEED-DEPENDENCE,VII-C018,LEAN_DECLARATION,FoundationsVII.FiniteAdmissionSystem.ConfluentAtDeclaredScope,formalization/lean/FoundationsVII/Dynamics/Confluence.lean,50,94c6222ac02a2d15d08398126794328dbadceec4a4b4c229b746d44cb7a5bc76
FVII-SCI04-C018-CONFLUENCE-SEED-DEPENDENCE,VII-C018,LEAN_DECLARATION,FoundationsVII.FiniteAdmissionSystem.CriticalPairCriterion,formalization/lean/FoundationsVII/Dynamics/Confluence.lean,45,81065ec69173e66f6a2d4913ad34eb578b082e76e1b0230b0de35b266d86ad78
FVII-SCI04-C018-CONFLUENCE-SEED-DEPENDENCE,VII-C018,LEAN_DECLARATION,FoundationsVII.LocalGlobalConfluenceBoundary,formalization/lean/FoundationsVII/Dynamics/Confluence.lean,146,abc26b4fd385cbf2002879f01c780697f0949fc8380af2ebcc0f41cd3cc108ac
FVII-SCI04-C018-CONFLUENCE-SEED-DEPENDENCE,VII-C018,LEAN_DECLARATION,FoundationsVII.Models.Finite.Phase4.ConfluenceCase,formalization/lean/FoundationsVII/Models/Finite/Phase4/DynamicsEnvelope.lean,320,e70d9254b6ac16af7ad5261810986573646066826ef02008df57c29bb59991b0
FVII-SCI04-C018-CONFLUENCE-SEED-DEPENDENCE,VII-C018,LEAN_DECLARATION,FoundationsVII.Models.Finite.Phase4.Phase4CountermodelCheck,formalization/lean/FoundationsVII/Models/Finite/Phase4/ScenarioChecks.lean,98,2d6391a6be321d011510246a4a3642781b7f816bbe474e9be106db626dbeed03
FVII-SCI04-C018-CONFLUENCE-SEED-DEPENDENCE,VII-C018,LEAN_DECLARATION,FoundationsVII.Models.Finite.Phase4.Phase4Profile,formalization/lean/FoundationsVII/Models/Finite/Phase4/ScenarioChecks.lean,24,46cdc9911aba60cd3adf053e7378896dcc79b23f89828b2d56c42b36093c3d79
FVII-SCI04-C018-CONFLUENCE-SEED-DEPENDENCE,VII-C018,LEAN_DECLARATION,FoundationsVII.Models.Finite.Phase4.Phase4Scenario,formalization/lean/FoundationsVII/Models/Finite/Phase4/ScenarioChecks.lean,52,3198a303d2ba22cbf9289de2dceb54db6f81984af001c2ce400fa5578405352c
FVII-SCI04-C018-CONFLUENCE-SEED-DEPENDENCE,VII-C018,LEAN_DECLARATION,FoundationsVII.Models.Finite.Phase4.Phase4Status,formalization/lean/FoundationsVII/Models/Finite/Phase4/ScenarioChecks.lean,12,8ffb2cefaf73aaa11b0d9f64394007ddc2b2ac5e4b2b57c883c66a1948728611
FVII-SCI04-C018-CONFLUENCE-SEED-DEPENDENCE,VII-C018,LEAN_DECLARATION,FoundationsVII.Models.Finite.Phase4.SeedCase,formalization/lean/FoundationsVII/Models/Finite/Phase4/DynamicsEnvelope.lean,352,d6dc3d8c0f7073347101c8afe5991dc8e6b207fc9a68b4d145bfeda8247ea6eb
FVII-SCI04-C018-CONFLUENCE-SEED-DEPENDENCE,VII-C018,LEAN_DECLARATION,FoundationsVII.Models.Finite.Phase4.classifyPhase4,formalization/lean/FoundationsVII/Models/Finite/Phase4/ScenarioChecks.lean,40,de05a38e481dbcd68c9630ed9c7218c5e845ea4636533c746d94cc007ed3f046
FVII-SCI04-C018-CONFLUENCE-SEED-DEPENDENCE,VII-C018,LEAN_DECLARATION,FoundationsVII.Models.Finite.Phase4.confluenceLaw,formalization/lean/FoundationsVII/Models/Finite/Phase4/DynamicsEnvelope.lean,329,d4214853e726612d351dd34e4085d33da4739d0c35bf7fc37894f58ddfee6b3b
FVII-SCI04-C018-CONFLUENCE-SEED-DEPENDENCE,VII-C018,LEAN_DECLARATION,FoundationsVII.Models.Finite.Phase4.countermodelPass,formalization/lean/FoundationsVII/Models/Finite/Phase4/ScenarioChecks.lean,104,7b4d35045784254e990eaa05b7d62d53eb024028ed78b7e2ca891cf807f4e2b3
FVII-SCI04-C018-CONFLUENCE-SEED-DEPENDENCE,VII-C018,LEAN_DECLARATION,FoundationsVII.Models.Finite.Phase4.phase4Countermodels,formalization/lean/FoundationsVII/Models/Finite/Phase4/ScenarioChecks.lean,107,27dc8e27d4131fc69ddfed6b0fdd2a83f45586041415854a45bb32c500492c70
FVII-SCI04-C018-CONFLUENCE-SEED-DEPENDENCE,VII-C018,LEAN_DECLARATION,FoundationsVII.Models.Finite.Phase4.phase4Scenarios,formalization/lean/FoundationsVII/Models/Finite/Phase4/ScenarioChecks.lean,61,9ab591b245682d65af4224e046e42327af9d5afb3bb5d1b2c4855cc5cd0d4827
FVII-SCI04-C018-CONFLUENCE-SEED-DEPENDENCE,VII-C018,LEAN_DECLARATION,FoundationsVII.Models.Finite.Phase4.scenarioPass,formalization/lean/FoundationsVII/Models/Finite/Phase4/ScenarioChecks.lean,58,4ec9cb1440929ed46e10aa35b0dc1e28f37bd70d9abd6d9eb523ecbc93f35a91
FVII-SCI04-C018-CONFLUENCE-SEED-DEPENDENCE,VII-C018,LEAN_DECLARATION,FoundationsVII.Models.Finite.Phase4.seedLaw,formalization/lean/FoundationsVII/Models/Finite/Phase4/DynamicsEnvelope.lean,361,ac18515fe66136554cf66947f4d8d46042ee034ded867c90f99cbc38a390f2ae
FVII-SCI04-C018-CONFLUENCE-SEED-DEPENDENCE,VII-C018,LEAN_DECLARATION,FoundationsVII.SeedPartitionResult,formalization/lean/FoundationsVII/Dynamics/Confluence.lean,106,1d8ffea006bcdea7a62ef96dd5e9d57a0908d8af7a67ce28efd67026578d75c0
FVII-SCI04-C018-CONFLUENCE-SEED-DEPENDENCE,VII-C018,LEAN_DECLARATION,FoundationsVII.SeedPartitionResult.PresentationDifferenceOnly,formalization/lean/FoundationsVII/Dynamics/Confluence.lean,122,46b9b6f0bc1e248ce2c9acd6812bdc35f1a92374cef2f5e71d55c2072560d5dd
FVII-SCI04-C018-CONFLUENCE-SEED-DEPENDENCE,VII-C018,LEAN_DECLARATION,FoundationsVII.SeedPartitionResult.SeedDependent,formalization/lean/FoundationsVII/Dynamics/Confluence.lean,117,0b1bb7e2537bb42b2e084e30510141630bb45867ebe99d2d087123acbce563f2
FVII-SCI04-C018-CONFLUENCE-SEED-DEPENDENCE,VII-C018,FINITE_WITNESS,TTW-S16,formalization/foundations_vii_lab/fixtures/scenarios/TTW-S16.json,,aff251cf391ef181ed4ac707aab81dc8c4d9b3c98f4b29255d3d3f6ac72e8b6e
FVII-SCI04-C018-CONFLUENCE-SEED-DEPENDENCE,VII-C018,FINITE_WITNESS,TTW-S24,formalization/foundations_vii_lab/fixtures/scenarios/TTW-S24.json,,e05b0d3f68c339be11d2b60272da758bc5e21775490a5a4456d5d639e30cb14e
FVII-SCI04-C018-CONFLUENCE-SEED-DEPENDENCE,VII-C018,FINITE_WITNESS,CM-23,formalization/foundations_vii_lab/fixtures/countermodels/CM-23.json,,c954d623b0e4eaf69cf0821ea0e4c07f3c2c55f8ceac05515e459d2a5e45a426
FVII-SCI04-C018-CONFLUENCE-SEED-DEPENDENCE,VII-C018,FINITE_WITNESS,CM-24,formalization/foundations_vii_lab/fixtures/countermodels/CM-24.json,,a7e0e6257c2843c642f4691e60489f6b4bb83edd8db8acadaee9afa205b0f092
FVII-SCI04-C018-CONFLUENCE-SEED-DEPENDENCE,VII-C018,FINITE_WITNESS,P4-W22,formalization/foundations_vii_lab/phase4/witnesses/P4-W22.json,,20fa75bd02c87be0d908899868979634e1c4c43248048557926b55557d46483d
FVII-SCI04-C018-CONFLUENCE-SEED-DEPENDENCE,VII-C018,FINITE_WITNESS,P4-W23,formalization/foundations_vii_lab/phase4/witnesses/P4-W23.json,,7d60f13e34721d0d62693740c187c88d9d087096f8556877ce48263575ca59ad
FVII-SCI04-C018-CONFLUENCE-SEED-DEPENDENCE,VII-C018,FINITE_WITNESS,P4-W24,formalization/foundations_vii_lab/phase4/witnesses/P4-W24.json,,5e39e21b8e05e7f7d469ce5e8ac84f0381a0268270afd463b20fbc63986b9e8e
FVII-SCI04-C018-CONFLUENCE-SEED-DEPENDENCE,VII-C018,FINITE_WITNESS,P4-W25,formalization/foundations_vii_lab/phase4/witnesses/P4-W25.json,,3371e67cbd6afa02d50e7006be316e4257785b434cc4ec36dccd51867fb106df
FVII-SCI04-C027-ENABLEMENT-COMPOSITION,VII-C027,LEAN_DECLARATION,FoundationsVII.EnablementLink.composable_chain_associates,formalization/lean/FoundationsVII/Enablement/Composition.lean,97,f7b658c4de7d250ca02a4c399049a6332d12af7c96f846a2988546bc68b5fa58
FVII-SCI04-C027-ENABLEMENT-COMPOSITION,VII-C027,LEAN_DECLARATION,FoundationsVII.EnablementLink.compose_accumulates_cost,formalization/lean/FoundationsVII/Enablement/Composition.lean,83,6b605584b05b16b15508245b6f0aba88ed1575d06ae95ffebcc5f351a16e6ad5
FVII-SCI04-C027-ENABLEMENT-COMPOSITION,VII-C027,LEAN_DECLARATION,FoundationsVII.EnablementLink.compose_accumulates_residual_debt,formalization/lean/FoundationsVII/Enablement/Composition.lean,86,fe82d7377db5facf0559a94b91eea74e47d4ee83515a82d2f76085822a5783ad
FVII-SCI04-C027-ENABLEMENT-COMPOSITION,VII-C027,LEAN_DECLARATION,FoundationsVII.EnablementLink.compose_associative_data,formalization/lean/FoundationsVII/Enablement/Composition.lean,90,0274efc9772fda0853acf129196775273e70225331100266546e32e5924b5278
FVII-SCI04-C027-ENABLEMENT-COMPOSITION,VII-C027,LEAN_DECLARATION,FoundationsVII.Models.Finite.Phase4.all_phase4_countermodels_pass,formalization/lean/FoundationsVII/Models/Finite/Phase4/ScenarioChecks.lean,127,899a9852264945ca2fd7563325d8aad04db9fe63d63ae782e3d4d1aecb0360fb
FVII-SCI04-C027-ENABLEMENT-COMPOSITION,VII-C027,LEAN_DECLARATION,FoundationsVII.Models.Finite.Phase4.all_phase4_scenarios_pass,formalization/lean/FoundationsVII/Models/Finite/Phase4/ScenarioChecks.lean,90,9d6fc1ec69080fcf1f90cbf0c489751cf96c338d1d04e31b8de77364dd0754eb
FVII-SCI04-C027-ENABLEMENT-COMPOSITION,VII-C027,LEAN_DECLARATION,FoundationsVII.Models.Finite.Phase4.composition_accepted_cardinality,formalization/lean/FoundationsVII/Models/Finite/Phase4/DynamicsEnvelope.lean,312,ed8755b7d38a0c2fee217a9c14f8de970aebdc55a453ce52b88958685b29f7d5
FVII-SCI04-C027-ENABLEMENT-COMPOSITION,VII-C027,LEAN_DECLARATION,FoundationsVII.Models.Finite.Phase4.composition_exhaustive,formalization/lean/FoundationsVII/Models/Finite/Phase4/DynamicsEnvelope.lean,315,d5c8ddfbe678f461a1982decad5edaab194473addb650bebe91897046c83c547
FVII-SCI04-C027-ENABLEMENT-COMPOSITION,VII-C027,LEAN_DECLARATION,FoundationsVII.Models.Finite.Phase4.composition_raw_cardinality,formalization/lean/FoundationsVII/Models/Finite/Phase4/DynamicsEnvelope.lean,310,8a86c4bba6397fa12a09f676222f0b6bb79449c263648e3df63f7abb5fd03dda
FVII-SCI04-C027-ENABLEMENT-COMPOSITION,VII-C027,LEAN_DECLARATION,FoundationsVII.Models.Finite.Phase4.phase4_countermodel_count,formalization/lean/FoundationsVII/Models/Finite/Phase4/ScenarioChecks.lean,125,e52a35ebe957a2d4fc09bf7b3874d2256f793bdfbcae0ad68f8263765f1e4966
FVII-SCI04-C027-ENABLEMENT-COMPOSITION,VII-C027,LEAN_DECLARATION,FoundationsVII.Models.Finite.Phase4.phase4_scenario_count,formalization/lean/FoundationsVII/Models/Finite/Phase4/ScenarioChecks.lean,88,2b65b3b37258fa21a99e50f426a9bb697fb3f5ee01b6d0876ed03d0bcbb2ffa1
FVII-SCI04-C027-ENABLEMENT-COMPOSITION,VII-C027,LEAN_DECLARATION,FoundationsVII.ResidualFlow.accounted_balance,formalization/lean/FoundationsVII/Dynamics/ResidualFlow.lean,31,1ca00e18e620ad533bcb76f976192b08d557540f86c2542aa8241211785c0408
FVII-SCI04-C027-ENABLEMENT-COMPOSITION,VII-C027,LEAN_DECLARATION,FoundationsVII.ResidualFlow.composed_debt_accumulates,formalization/lean/FoundationsVII/Dynamics/ResidualFlow.lean,37,b0d6535f403e34fb5c993cca36bc7460bb2bd158d30a07df1cef92be3c890575
FVII-SCI04-C027-ENABLEMENT-COMPOSITION,VII-C027,LEAN_DECLARATION,FoundationsVII.ResidualFlow.settled_debt_bounded,formalization/lean/FoundationsVII/Dynamics/ResidualFlow.lean,34,dd7f72099db2b1bab3bb35351ab500f361c84683257ce2122683d032fa80ce64
FVII-SCI04-C027-ENABLEMENT-COMPOSITION,VII-C027,LEAN_DECLARATION,FoundationsVII.ResourceDelta.combine_assoc,formalization/lean/FoundationsVII/Enablement/Composition.lean,33,e92f248dbc1cf5cd709c88d7076d023da5833c77d3dc23742c5be9a100e66b8a
FVII-SCI04-C027-ENABLEMENT-COMPOSITION,VII-C027,LEAN_DECLARATION,FoundationsVII.ResourceDelta.combine_cost,formalization/lean/FoundationsVII/Enablement/Composition.lean,27,7d5df8c8cea3f74f659fa0c086c4801e44ddabb0a0150c4f44b7ab5922277b1e
FVII-SCI04-C027-ENABLEMENT-COMPOSITION,VII-C027,LEAN_DECLARATION,FoundationsVII.ResourceDelta.combine_residualDebt,formalization/lean/FoundationsVII/Enablement/Composition.lean,30,04343b377b256a7b53ce85e69a1f68e549c5edf7b6d8951083bf962ab5159efc
FVII-SCI04-C027-ENABLEMENT-COMPOSITION,VII-C027,LEAN_DECLARATION,FoundationsVII.ResourceDelta.zero_left,formalization/lean/FoundationsVII/Enablement/Composition.lean,40,541ecc62348f3121ae41474a163c3935295b3cc3ca953773ac2e2a22bf4f5d1b
FVII-SCI04-C027-ENABLEMENT-COMPOSITION,VII-C027,LEAN_DECLARATION,FoundationsVII.ResourceDelta.zero_right,formalization/lean/FoundationsVII/Enablement/Composition.lean,44,4fdbd6545673284cabf55e5b0a60911e377f416b39164437cf02158903d3bd61
FVII-SCI04-C027-ENABLEMENT-COMPOSITION,VII-C027,LEAN_DECLARATION,FoundationsVII.composed_enablement_without_transitive_causation_exists,formalization/lean/FoundationsVII/Enablement/Composition.lean,142,9e81e7bc05e9784da6c86c676ec24e9ae8eeafafacf22326d8b4766af30a6726
FVII-SCI04-C027-ENABLEMENT-COMPOSITION,VII-C027,LEAN_DECLARATION,FoundationsVII.enablement_chain_can_be_order_sensitive,formalization/lean/FoundationsVII/Enablement/Composition.lean,160,c627eaa98349747506c2853607066f27959eabdcd203ab7d7cbd679933b53fc5
FVII-SCI04-C027-ENABLEMENT-COMPOSITION,VII-C027,LEAN_DECLARATION,FoundationsVII.incompatible_order_blocks_composition_credit,formalization/lean/FoundationsVII/Enablement/Composition.lean,147,fbcd092badce8d98e33aa7a26ef059addd91b1896534349f247edc0a34255a9c
FVII-SCI04-C027-ENABLEMENT-COMPOSITION,VII-C027,LEAN_DECLARATION,FoundationsVII.CompositionCredit,formalization/lean/FoundationsVII/Enablement/Composition.lean,106,cec861f9dff0e16e90519e8717f1dd9ee2b923297021b3ff7a478a7aed89f6dc
FVII-SCI04-C027-ENABLEMENT-COMPOSITION,VII-C027,LEAN_DECLARATION,FoundationsVII.CompositionCredit.Valid,formalization/lean/FoundationsVII/Enablement/Composition.lean,120,37d6bd7e3bb3b5d63a854c084a637049a44ac44b0a09ff94f23f287b209e6f2e
FVII-SCI04-C027-ENABLEMENT-COMPOSITION,VII-C027,LEAN_DECLARATION,FoundationsVII.EnablementLink,formalization/lean/FoundationsVII/Enablement/Composition.lean,50,aa8f8869e64f61bb23075b8648a685de4697f3c6f5ecb79768a329c35d65db9e
FVII-SCI04-C027-ENABLEMENT-COMPOSITION,VII-C027,LEAN_DECLARATION,FoundationsVII.EnablementLink.Composable,formalization/lean/FoundationsVII/Enablement/Composition.lean,66,befa69b2d3453b662763e657edb7155ee5eaab573287b649b02bc8d3dbe7f898
FVII-SCI04-C027-ENABLEMENT-COMPOSITION,VII-C027,LEAN_DECLARATION,FoundationsVII.EnablementLink.Nonempty,formalization/lean/FoundationsVII/Enablement/Composition.lean,63,5bcc27f5f27f20448e698713a313746d6d85d5432992e78a6cf0e377eede5701
FVII-SCI04-C027-ENABLEMENT-COMPOSITION,VII-C027,LEAN_DECLARATION,FoundationsVII.EnablementLink.compose,formalization/lean/FoundationsVII/Enablement/Composition.lean,73,321406ca22b10020645b604a524d761cf0d735d850dc8c137da433caae44ce05
FVII-SCI04-C027-ENABLEMENT-COMPOSITION,VII-C027,LEAN_DECLARATION,FoundationsVII.Models.Finite.Phase4.CompositionCase,formalization/lean/FoundationsVII/Models/Finite/Phase4/DynamicsEnvelope.lean,270,deba3af4e79b1a03f9d1d04e8fa74f062053bf87a3feafadf0a3324a951f321c
FVII-SCI04-C027-ENABLEMENT-COMPOSITION,VII-C027,LEAN_DECLARATION,FoundationsVII.Models.Finite.Phase4.Phase4CountermodelCheck,formalization/lean/FoundationsVII/Models/Finite/Phase4/ScenarioChecks.lean,98,2d6391a6be321d011510246a4a3642781b7f816bbe474e9be106db626dbeed03
FVII-SCI04-C027-ENABLEMENT-COMPOSITION,VII-C027,LEAN_DECLARATION,FoundationsVII.Models.Finite.Phase4.Phase4Profile,formalization/lean/FoundationsVII/Models/Finite/Phase4/ScenarioChecks.lean,24,46cdc9911aba60cd3adf053e7378896dcc79b23f89828b2d56c42b36093c3d79
FVII-SCI04-C027-ENABLEMENT-COMPOSITION,VII-C027,LEAN_DECLARATION,FoundationsVII.Models.Finite.Phase4.Phase4Scenario,formalization/lean/FoundationsVII/Models/Finite/Phase4/ScenarioChecks.lean,52,3198a303d2ba22cbf9289de2dceb54db6f81984af001c2ce400fa5578405352c
FVII-SCI04-C027-ENABLEMENT-COMPOSITION,VII-C027,LEAN_DECLARATION,FoundationsVII.Models.Finite.Phase4.Phase4Status,formalization/lean/FoundationsVII/Models/Finite/Phase4/ScenarioChecks.lean,12,8ffb2cefaf73aaa11b0d9f64394007ddc2b2ac5e4b2b57c883c66a1948728611
FVII-SCI04-C027-ENABLEMENT-COMPOSITION,VII-C027,LEAN_DECLARATION,FoundationsVII.Models.Finite.Phase4.classifyPhase4,formalization/lean/FoundationsVII/Models/Finite/Phase4/ScenarioChecks.lean,40,de05a38e481dbcd68c9630ed9c7218c5e845ea4636533c746d94cc007ed3f046
FVII-SCI04-C027-ENABLEMENT-COMPOSITION,VII-C027,LEAN_DECLARATION,FoundationsVII.Models.Finite.Phase4.compositionLaw,formalization/lean/FoundationsVII/Models/Finite/Phase4/DynamicsEnvelope.lean,286,7bd734b40e3ba311a828ae3c7c941bc85c6acc5fec9397cda3e6c02d4e71d5e5
FVII-SCI04-C027-ENABLEMENT-COMPOSITION,VII-C027,LEAN_DECLARATION,FoundationsVII.Models.Finite.Phase4.countermodelPass,formalization/lean/FoundationsVII/Models/Finite/Phase4/ScenarioChecks.lean,104,7b4d35045784254e990eaa05b7d62d53eb024028ed78b7e2ca891cf807f4e2b3
FVII-SCI04-C027-ENABLEMENT-COMPOSITION,VII-C027,LEAN_DECLARATION,FoundationsVII.Models.Finite.Phase4.phase4Countermodels,formalization/lean/FoundationsVII/Models/Finite/Phase4/ScenarioChecks.lean,107,27dc8e27d4131fc69ddfed6b0fdd2a83f45586041415854a45bb32c500492c70
FVII-SCI04-C027-ENABLEMENT-COMPOSITION,VII-C027,LEAN_DECLARATION,FoundationsVII.Models.Finite.Phase4.phase4Scenarios,formalization/lean/FoundationsVII/Models/Finite/Phase4/ScenarioChecks.lean,61,9ab591b245682d65af4224e046e42327af9d5afb3bb5d1b2c4855cc5cd0d4827
FVII-SCI04-C027-ENABLEMENT-COMPOSITION,VII-C027,LEAN_DECLARATION,FoundationsVII.Models.Finite.Phase4.scenarioPass,formalization/lean/FoundationsVII/Models/Finite/Phase4/ScenarioChecks.lean,58,4ec9cb1440929ed46e10aa35b0dc1e28f37bd70d9abd6d9eb523ecbc93f35a91
FVII-SCI04-C027-ENABLEMENT-COMPOSITION,VII-C027,LEAN_DECLARATION,FoundationsVII.OrderedEnablementControl,formalization/lean/FoundationsVII/Enablement/Composition.lean,151,eab29f7aae62ba95ae26573f6556aaf34f8ea597ca946d169edea56f52c55d6e
FVII-SCI04-C027-ENABLEMENT-COMPOSITION,VII-C027,LEAN_DECLARATION,FoundationsVII.ResidualFlow,formalization/lean/FoundationsVII/Dynamics/ResidualFlow.lean,14,4481207cd023bb439b2271a135dd383b7793d2d68a3f55c2203a3dc950fea901
FVII-SCI04-C027-ENABLEMENT-COMPOSITION,VII-C027,LEAN_DECLARATION,FoundationsVII.ResidualFlow.WellAccounted,formalization/lean/FoundationsVII/Dynamics/ResidualFlow.lean,26,5fb40661cc3412c7cba1ebfea946bd7de6477ec5f3f6b2cf79da1d1b23427d29
FVII-SCI04-C027-ENABLEMENT-COMPOSITION,VII-C027,LEAN_DECLARATION,FoundationsVII.ResourceDelta,formalization/lean/FoundationsVII/Enablement/Composition.lean,14,bd9fa4746a5322df3db3f89d6c9e89d21ff5dc7402ff2a556660390df323c479
FVII-SCI04-C027-ENABLEMENT-COMPOSITION,VII-C027,LEAN_DECLARATION,FoundationsVII.ResourceDelta.combine,formalization/lean/FoundationsVII/Enablement/Composition.lean,23,f1f9639befdd070496477e551d3622e0f13989c345113fb0aa4f1cb35ad0fd9a
FVII-SCI04-C027-ENABLEMENT-COMPOSITION,VII-C027,LEAN_DECLARATION,FoundationsVII.ResourceDelta.zero,formalization/lean/FoundationsVII/Enablement/Composition.lean,21,0c86bfedbe76a2ea57886fe1b59e8d83793b6c2edb775dc527f42970c4c3236f
FVII-SCI04-C027-ENABLEMENT-COMPOSITION,VII-C027,FINITE_WITNESS,TTW-S16,formalization/foundations_vii_lab/fixtures/scenarios/TTW-S16.json,,aff251cf391ef181ed4ac707aab81dc8c4d9b3c98f4b29255d3d3f6ac72e8b6e
FVII-SCI04-C027-ENABLEMENT-COMPOSITION,VII-C027,FINITE_WITNESS,TTW-S17,formalization/foundations_vii_lab/fixtures/scenarios/TTW-S17.json,,d1e76f5a74f3ceb43b8cd28996b0abaad1061b54850c6b885235e624a2b8f314
FVII-SCI04-C027-ENABLEMENT-COMPOSITION,VII-C027,FINITE_WITNESS,CM-07,formalization/foundations_vii_lab/fixtures/countermodels/CM-07.json,,824c621b92b63617ab6ebaaec73f41d10c54c353f49ee61760c8bed065e27d63
FVII-SCI04-C027-ENABLEMENT-COMPOSITION,VII-C027,FINITE_WITNESS,CM-24,formalization/foundations_vii_lab/fixtures/countermodels/CM-24.json,,a7e0e6257c2843c642f4691e60489f6b4bb83edd8db8acadaee9afa205b0f092
FVII-SCI04-C027-ENABLEMENT-COMPOSITION,VII-C027,FINITE_WITNESS,P4-W20,formalization/foundations_vii_lab/phase4/witnesses/P4-W20.json,,44a2e9c3ae21286a43dd442a9ddd36c0c2e084d967a7d928e2e963702c33695b
FVII-SCI04-C027-ENABLEMENT-COMPOSITION,VII-C027,FINITE_WITNESS,P4-W21,formalization/foundations_vii_lab/phase4/witnesses/P4-W21.json,,b4c85c34d1293636484be8e89d4415993fe14d7c618927b1d480d39a06a41cd2
FVII-SCI04-C028-PRIMITIVE-ALGEBRA-DECISION,VII-C028,LEAN_DECLARATION,FoundationsVII.Models.Finite.Phase4.algebra_accepted_cardinality,formalization/lean/FoundationsVII/Models/Finite/Phase4/DynamicsEnvelope.lean,568,8c0e687bf0e358c5e47bf8f1662f76bf3191d924ba939e6f614eabde743913be
FVII-SCI04-C028-PRIMITIVE-ALGEBRA-DECISION,VII-C028,LEAN_DECLARATION,FoundationsVII.Models.Finite.Phase4.algebra_exhaustive,formalization/lean/FoundationsVII/Models/Finite/Phase4/DynamicsEnvelope.lean,571,4521d7d62385cfbd6b1dfcae741e46e156dceb026fb025229fa15bc0efdc8b74
FVII-SCI04-C028-PRIMITIVE-ALGEBRA-DECISION,VII-C028,LEAN_DECLARATION,FoundationsVII.Models.Finite.Phase4.algebra_raw_cardinality,formalization/lean/FoundationsVII/Models/Finite/Phase4/DynamicsEnvelope.lean,566,299257cf108bb3eb66fd5224f4d9333838e729d6b519168a43dc492f7a4c060a
FVII-SCI04-C028-PRIMITIVE-ALGEBRA-DECISION,VII-C028,LEAN_DECLARATION,FoundationsVII.Models.Finite.Phase4.all_phase4_countermodels_pass,formalization/lean/FoundationsVII/Models/Finite/Phase4/ScenarioChecks.lean,127,899a9852264945ca2fd7563325d8aad04db9fe63d63ae782e3d4d1aecb0360fb
FVII-SCI04-C028-PRIMITIVE-ALGEBRA-DECISION,VII-C028,LEAN_DECLARATION,FoundationsVII.Models.Finite.Phase4.all_phase4_scenarios_pass,formalization/lean/FoundationsVII/Models/Finite/Phase4/ScenarioChecks.lean,90,9d6fc1ec69080fcf1f90cbf0c489751cf96c338d1d04e31b8de77364dd0754eb
FVII-SCI04-C028-PRIMITIVE-ALGEBRA-DECISION,VII-C028,LEAN_DECLARATION,FoundationsVII.Models.Finite.Phase4.phase4_countermodel_count,formalization/lean/FoundationsVII/Models/Finite/Phase4/ScenarioChecks.lean,125,e52a35ebe957a2d4fc09bf7b3874d2256f793bdfbcae0ad68f8263765f1e4966
FVII-SCI04-C028-PRIMITIVE-ALGEBRA-DECISION,VII-C028,LEAN_DECLARATION,FoundationsVII.Models.Finite.Phase4.phase4_scenario_count,formalization/lean/FoundationsVII/Models/Finite/Phase4/ScenarioChecks.lean,88,2b65b3b37258fa21a99e50f426a9bb697fb3f5ee01b6d0876ed03d0bcbb2ffa1
FVII-SCI04-C028-PRIMITIVE-ALGEBRA-DECISION,VII-C028,LEAN_DECLARATION,FoundationsVII.current_full_primitive_algebra_is_not_ready,formalization/lean/FoundationsVII/Dynamics/PrimitiveAlgebra.lean,45,970ae0fbcd675106cff71b731d059a8ccefbe9300655f06f93a2f1eb1ba87ffd
FVII-SCI04-C028-PRIMITIVE-ALGEBRA-DECISION,VII-C028,LEAN_DECLARATION,FoundationsVII.full_algebra_reopen_condition_is_exact,formalization/lean/FoundationsVII/Dynamics/PrimitiveAlgebra.lean,48,c9ce35e732716a2c23cd684567514f06b79cdccc225f2901ea57d5a4e3dc2615
FVII-SCI04-C028-PRIMITIVE-ALGEBRA-DECISION,VII-C028,LEAN_DECLARATION,FoundationsVII.full_generators_relations_program_deferred_with_formal_reopen_condition,formalization/lean/FoundationsVII/Dynamics/PrimitiveAlgebra.lean,66,5548316f26dcb76cc11087e18413db7a3068bc69590fc4a90135d8638cb1728e
FVII-SCI04-C028-PRIMITIVE-ALGEBRA-DECISION,VII-C028,LEAN_DECLARATION,FoundationsVII.resource_delta_fragment_has_left_identity,formalization/lean/FoundationsVII/Dynamics/PrimitiveAlgebra.lean,57,fb1eca9ed99ebaa1583e2d1889c3ff84b890f9ebd8e66fdf796e206804703ed0
FVII-SCI04-C028-PRIMITIVE-ALGEBRA-DECISION,VII-C028,LEAN_DECLARATION,FoundationsVII.resource_delta_fragment_has_right_identity,formalization/lean/FoundationsVII/Dynamics/PrimitiveAlgebra.lean,61,508bef7bc56be9d3e700a453bfc9661acf2d27f8603fdc90588c4d980f64b48d
FVII-SCI04-C028-PRIMITIVE-ALGEBRA-DECISION,VII-C028,LEAN_DECLARATION,FoundationsVII.resource_delta_fragment_is_associative,formalization/lean/FoundationsVII/Dynamics/PrimitiveAlgebra.lean,51,7ed4d6597e06374b654a7006dbab78dd40731a13fa16233769861746d3bf2f43
FVII-SCI04-C028-PRIMITIVE-ALGEBRA-DECISION,VII-C028,LEAN_DECLARATION,FoundationsVII.AlgebraReadiness,formalization/lean/FoundationsVII/Dynamics/PrimitiveAlgebra.lean,14,e27cb05921dee71a29289550e3fbebd424668f1fa3ac39732e699278f092a1b5
FVII-SCI04-C028-PRIMITIVE-ALGEBRA-DECISION,VII-C028,LEAN_DECLARATION,FoundationsVII.AlgebraReadiness.Ready,formalization/lean/FoundationsVII/Dynamics/PrimitiveAlgebra.lean,25,75e8a79ba40f8e0f2a18310b068e8b2fb69d826b2140e6285285f26fc39268df
FVII-SCI04-C028-PRIMITIVE-ALGEBRA-DECISION,VII-C028,LEAN_DECLARATION,FoundationsVII.Models.Finite.Phase4.AlgebraCase,formalization/lean/FoundationsVII/Models/Finite/Phase4/DynamicsEnvelope.lean,536,7ca0681c57687ebd99316c4a7d366a242e5d6c049a1543818572a8827ddfe7c9
FVII-SCI04-C028-PRIMITIVE-ALGEBRA-DECISION,VII-C028,LEAN_DECLARATION,FoundationsVII.Models.Finite.Phase4.Phase4CountermodelCheck,formalization/lean/FoundationsVII/Models/Finite/Phase4/ScenarioChecks.lean,98,2d6391a6be321d011510246a4a3642781b7f816bbe474e9be106db626dbeed03
FVII-SCI04-C028-PRIMITIVE-ALGEBRA-DECISION,VII-C028,LEAN_DECLARATION,FoundationsVII.Models.Finite.Phase4.Phase4Profile,formalization/lean/FoundationsVII/Models/Finite/Phase4/ScenarioChecks.lean,24,46cdc9911aba60cd3adf053e7378896dcc79b23f89828b2d56c42b36093c3d79
FVII-SCI04-C028-PRIMITIVE-ALGEBRA-DECISION,VII-C028,LEAN_DECLARATION,FoundationsVII.Models.Finite.Phase4.Phase4Scenario,formalization/lean/FoundationsVII/Models/Finite/Phase4/ScenarioChecks.lean,52,3198a303d2ba22cbf9289de2dceb54db6f81984af001c2ce400fa5578405352c
FVII-SCI04-C028-PRIMITIVE-ALGEBRA-DECISION,VII-C028,LEAN_DECLARATION,FoundationsVII.Models.Finite.Phase4.Phase4Status,formalization/lean/FoundationsVII/Models/Finite/Phase4/ScenarioChecks.lean,12,8ffb2cefaf73aaa11b0d9f64394007ddc2b2ac5e4b2b57c883c66a1948728611
FVII-SCI04-C028-PRIMITIVE-ALGEBRA-DECISION,VII-C028,LEAN_DECLARATION,FoundationsVII.Models.Finite.Phase4.algebraLaw,formalization/lean/FoundationsVII/Models/Finite/Phase4/DynamicsEnvelope.lean,547,e0b0380e905211df95c805b489a762552d9e260a4e6da2a430a97395e52c1608
FVII-SCI04-C028-PRIMITIVE-ALGEBRA-DECISION,VII-C028,LEAN_DECLARATION,FoundationsVII.Models.Finite.Phase4.classifyPhase4,formalization/lean/FoundationsVII/Models/Finite/Phase4/ScenarioChecks.lean,40,de05a38e481dbcd68c9630ed9c7218c5e845ea4636533c746d94cc007ed3f046
FVII-SCI04-C028-PRIMITIVE-ALGEBRA-DECISION,VII-C028,LEAN_DECLARATION,FoundationsVII.Models.Finite.Phase4.countermodelPass,formalization/lean/FoundationsVII/Models/Finite/Phase4/ScenarioChecks.lean,104,7b4d35045784254e990eaa05b7d62d53eb024028ed78b7e2ca891cf807f4e2b3
FVII-SCI04-C028-PRIMITIVE-ALGEBRA-DECISION,VII-C028,LEAN_DECLARATION,FoundationsVII.Models.Finite.Phase4.phase4Countermodels,formalization/lean/FoundationsVII/Models/Finite/Phase4/ScenarioChecks.lean,107,27dc8e27d4131fc69ddfed6b0fdd2a83f45586041415854a45bb32c500492c70
FVII-SCI04-C028-PRIMITIVE-ALGEBRA-DECISION,VII-C028,LEAN_DECLARATION,FoundationsVII.Models.Finite.Phase4.phase4Scenarios,formalization/lean/FoundationsVII/Models/Finite/Phase4/ScenarioChecks.lean,61,9ab591b245682d65af4224e046e42327af9d5afb3bb5d1b2c4855cc5cd0d4827
FVII-SCI04-C028-PRIMITIVE-ALGEBRA-DECISION,VII-C028,LEAN_DECLARATION,FoundationsVII.Models.Finite.Phase4.scenarioPass,formalization/lean/FoundationsVII/Models/Finite/Phase4/ScenarioChecks.lean,58,4ec9cb1440929ed46e10aa35b0dc1e28f37bd70d9abd6d9eb523ecbc93f35a91
FVII-SCI04-C028-PRIMITIVE-ALGEBRA-DECISION,VII-C028,FINITE_WITNESS,TTW-S16,formalization/foundations_vii_lab/fixtures/scenarios/TTW-S16.json,,aff251cf391ef181ed4ac707aab81dc8c4d9b3c98f4b29255d3d3f6ac72e8b6e
FVII-SCI04-C028-PRIMITIVE-ALGEBRA-DECISION,VII-C028,FINITE_WITNESS,TTW-S12,formalization/foundations_vii_lab/fixtures/scenarios/TTW-S12.json,,c6e6927cd6301a3ea9c54753b67b6597e494a7c89f82cce0e156dad89d88abdb
FVII-SCI04-C028-PRIMITIVE-ALGEBRA-DECISION,VII-C028,FINITE_WITNESS,CM-24,formalization/foundations_vii_lab/fixtures/countermodels/CM-24.json,,a7e0e6257c2843c642f4691e60489f6b4bb83edd8db8acadaee9afa205b0f092
FVII-SCI04-C028-PRIMITIVE-ALGEBRA-DECISION,VII-C028,FINITE_WITNESS,P4-W31,formalization/foundations_vii_lab/phase4/witnesses/P4-W31.json,,fbf968732c98a18b6973bbb0b29aaa9f754947e36f33f310f396b81862c315c7
FVII-SCI04-C028-PRIMITIVE-ALGEBRA-DECISION,VII-C028,FINITE_WITNESS,P4-W32,formalization/foundations_vii_lab/phase4/witnesses/P4-W32.json,,e69aa1c7f3a5c79d40d3b118f095c1667e43626da54c1d0e52873eb018c75450
FVII-SCI04-C032-ARROW-CROSS-TIME,VII-C032,LEAN_DECLARATION,FoundationsVII.CrossTimeContact.valid_under_admissible_reparameterization,formalization/lean/FoundationsVII/Dynamics/CrossTime.lean,50,0bc693b17d8daef3aefbf0c47fa2a422bcb4e57ce8e040850e725b982746d7d4
FVII-SCI04-C032-ARROW-CROSS-TIME,VII-C032,LEAN_DECLARATION,FoundationsVII.Models.Finite.Phase4.all_phase4_countermodels_pass,formalization/lean/FoundationsVII/Models/Finite/Phase4/ScenarioChecks.lean,127,899a9852264945ca2fd7563325d8aad04db9fe63d63ae782e3d4d1aecb0360fb
FVII-SCI04-C032-ARROW-CROSS-TIME,VII-C032,LEAN_DECLARATION,FoundationsVII.Models.Finite.Phase4.all_phase4_scenarios_pass,formalization/lean/FoundationsVII/Models/Finite/Phase4/ScenarioChecks.lean,90,9d6fc1ec69080fcf1f90cbf0c489751cf96c338d1d04e31b8de77364dd0754eb
FVII-SCI04-C032-ARROW-CROSS-TIME,VII-C032,LEAN_DECLARATION,FoundationsVII.Models.Finite.Phase4.arrow_accepted_cardinality,formalization/lean/FoundationsVII/Models/Finite/Phase4/DynamicsEnvelope.lean,458,bffb01872b5a14dbfa01b8b5a144e97ea9b81babae34c3cf43366daeec58c4e5
FVII-SCI04-C032-ARROW-CROSS-TIME,VII-C032,LEAN_DECLARATION,FoundationsVII.Models.Finite.Phase4.arrow_exhaustive,formalization/lean/FoundationsVII/Models/Finite/Phase4/DynamicsEnvelope.lean,461,9d018575aa5eed6c52d377b3909a0c2a8e59c6bf378fae0b8afbb34279f02837
FVII-SCI04-C032-ARROW-CROSS-TIME,VII-C032,LEAN_DECLARATION,FoundationsVII.Models.Finite.Phase4.arrow_raw_cardinality,formalization/lean/FoundationsVII/Models/Finite/Phase4/DynamicsEnvelope.lean,456,4c266147b084c69c4e3cbbb4097b8f098a500f37b6d16b6159053d1f65cf1be3
FVII-SCI04-C032-ARROW-CROSS-TIME,VII-C032,LEAN_DECLARATION,FoundationsVII.Models.Finite.Phase4.cross_time_accepted_cardinality,formalization/lean/FoundationsVII/Models/Finite/Phase4/DynamicsEnvelope.lean,528,858b10eb841a8e8177d6c158368d5005956957843b5b88a7d921f4d109d0a28e
FVII-SCI04-C032-ARROW-CROSS-TIME,VII-C032,LEAN_DECLARATION,FoundationsVII.Models.Finite.Phase4.cross_time_exhaustive,formalization/lean/FoundationsVII/Models/Finite/Phase4/DynamicsEnvelope.lean,531,7dd919f5a7ac616f179bf908c60d7be09de7ab77bda130b18184c67247a0a3ca
FVII-SCI04-C032-ARROW-CROSS-TIME,VII-C032,LEAN_DECLARATION,FoundationsVII.Models.Finite.Phase4.cross_time_raw_cardinality,formalization/lean/FoundationsVII/Models/Finite/Phase4/DynamicsEnvelope.lean,526,91eb888e8ae9177e6d62042d02cb51c8c8a846bc105c5532e2b2424d0649a05b
FVII-SCI04-C032-ARROW-CROSS-TIME,VII-C032,LEAN_DECLARATION,FoundationsVII.Models.Finite.Phase4.finite_driven_arrow_exists,formalization/lean/FoundationsVII/Models/Finite/Phase4/DynamicsEnvelope.lean,480,7d1048f0360287758aaec02deee6446983420f98545e6969678e01726825d91b
FVII-SCI04-C032-ARROW-CROSS-TIME,VII-C032,LEAN_DECLARATION,FoundationsVII.Models.Finite.Phase4.finite_holonomy_zero_arrow_exists,formalization/lean/FoundationsVII/Models/Finite/Phase4/DynamicsEnvelope.lean,474,392cff1146d7cf229c2e779f1522aac90d7cf58d891519fd3b54dc33ec1f5fac
FVII-SCI04-C032-ARROW-CROSS-TIME,VII-C032,LEAN_DECLARATION,FoundationsVII.Models.Finite.Phase4.phase4_countermodel_count,formalization/lean/FoundationsVII/Models/Finite/Phase4/ScenarioChecks.lean,125,e52a35ebe957a2d4fc09bf7b3874d2256f793bdfbcae0ad68f8263765f1e4966
FVII-SCI04-C032-ARROW-CROSS-TIME,VII-C032,LEAN_DECLARATION,FoundationsVII.Models.Finite.Phase4.phase4_scenario_count,formalization/lean/FoundationsVII/Models/Finite/Phase4/ScenarioChecks.lean,88,2b65b3b37258fa21a99e50f426a9bb697fb3f5ee01b6d0876ed03d0bcbb2ffa1
FVII-SCI04-C032-ARROW-CROSS-TIME,VII-C032,LEAN_DECLARATION,FoundationsVII.NoGo.NGVII_10_escape_independent_driven_arrow,formalization/lean/FoundationsVII/NoGo/Dynamics.lean,61,14f1ca5fa73be4100f862960dbdf5f9da29e140b5de0af500a4bd3ab9165f078
FVII-SCI04-C032-ARROW-CROSS-TIME,VII-C032,LEAN_DECLARATION,FoundationsVII.NoGo.NGVII_10_holonomy_zero_arrow_control,formalization/lean/FoundationsVII/NoGo/Dynamics.lean,57,35c4f1a63e7ae46fe5b2a27a6a9f0e9d3ad78211274725b7f4faec85862b3e29
FVII-SCI04-C032-ARROW-CROSS-TIME,VII-C032,LEAN_DECLARATION,FoundationsVII.NoGo.NGVII_10_no_arrow_from_holonomy_alone,formalization/lean/FoundationsVII/NoGo/Dynamics.lean,38,b7d91fdf5875025db989107d973cd07443491274c89de03d6106e539c9b444ce
FVII-SCI04-C032-ARROW-CROSS-TIME,VII-C032,LEAN_DECLARATION,FoundationsVII.constructive_interaction_holonomy,formalization/lean/FoundationsVII/Dynamics/Holonomy.lean,115,0c51e6b31e2459151ea6590ea3e09f4c62ae56c1a2fd84fffe858f692e902e44
FVII-SCI04-C032-ARROW-CROSS-TIME,VII-C032,LEAN_DECLARATION,FoundationsVII.driven_arrow_positive_control,formalization/lean/FoundationsVII/Dynamics/Holonomy.lean,122,8ff33a1e74aa539d5fad8b6731614f1630b05d58a3b3fb21be4679c9731b51a3
FVII-SCI04-C032-ARROW-CROSS-TIME,VII-C032,LEAN_DECLARATION,FoundationsVII.driven_arrow_requires_independent_drive_certificate,formalization/lean/FoundationsVII/Dynamics/Holonomy.lean,126,dd71408719a53b0fd7ad1af667b045567b350b354af035eae2b035866ff23a7f
FVII-SCI04-C032-ARROW-CROSS-TIME,VII-C032,LEAN_DECLARATION,FoundationsVII.holonomy_with_zero_arrow_witness,formalization/lean/FoundationsVII/Dynamics/Holonomy.lean,118,948b9216f2133873f026d63517f55e8c8bbd6b88dfb9cd462045dcd0392295d9
FVII-SCI04-C032-ARROW-CROSS-TIME,VII-C032,LEAN_DECLARATION,FoundationsVII.incommensurable_times_require_explicit_order_witness,formalization/lean/FoundationsVII/Dynamics/CrossTime.lean,96,fe213d953b7c8a30e912f106816e02e78f044b871ee91540cef0bdb43c1d10e6
FVII-SCI04-C032-ARROW-CROSS-TIME,VII-C032,LEAN_DECLARATION,FoundationsVII.partial_order_contact_survives_clock_reparameterization,formalization/lean/FoundationsVII/Dynamics/CrossTime.lean,90,adfc7b1720fdf0d75fec1b851fec6cb080ed6dae112c93f3effa54a7de7c1ce7
FVII-SCI04-C032-ARROW-CROSS-TIME,VII-C032,LEAN_DECLARATION,FoundationsVII.partial_order_cross_time_contact_exists,formalization/lean/FoundationsVII/Dynamics/CrossTime.lean,83,a90be47af9a2076babf8fec657b9aaf32519a7161736b1d48c473b42cc24f252
FVII-SCI04-C032-ARROW-CROSS-TIME,VII-C032,LEAN_DECLARATION,FoundationsVII.reversal_null_and_driven_controls_are_distinct,formalization/lean/FoundationsVII/Dynamics/Holonomy.lean,145,52aeadfe9a91c0856d2135d704b2347d49a7f713b2979a9705e80d33d8578c9c
FVII-SCI04-C032-ARROW-CROSS-TIME,VII-C032,LEAN_DECLARATION,FoundationsVII.synchronization_does_not_require_equal_local_clock_readings,formalization/lean/FoundationsVII/Dynamics/CrossTime.lean,86,01cb1aeab8528740984ab5318492898f59686652965b2929e5dd8ae025fbac6a
FVII-SCI04-C032-ARROW-CROSS-TIME,VII-C032,LEAN_DECLARATION,FoundationsVII.synchronized_cross_time_contact_exists,formalization/lean/FoundationsVII/Dynamics/CrossTime.lean,80,698b90bb58f2ec343e782f9329be3287d5c14562a52755b416682032f765605b
FVII-SCI04-C032-ARROW-CROSS-TIME,VII-C032,LEAN_DECLARATION,FoundationsVII.ArrowClaim,formalization/lean/FoundationsVII/Dynamics/Holonomy.lean,73,a1c7d97aad677c9760aece7deb017bc32cfb98d0dfa412d25b30816c40a69192
FVII-SCI04-C032-ARROW-CROSS-TIME,VII-C032,LEAN_DECLARATION,FoundationsVII.ArrowClaim.Eligible,formalization/lean/FoundationsVII/Dynamics/Holonomy.lean,81,c6691f2e3d325c354305fa47107b3e573e7c12289a7f3a7ec5001c06cf2fb177
FVII-SCI04-C032-ARROW-CROSS-TIME,VII-C032,LEAN_DECLARATION,FoundationsVII.ClockEvent,formalization/lean/FoundationsVII/Dynamics/CrossTime.lean,13,0962f06aa7978d77acf3f256af6a299e15300479492ed2908237d24e5c45ade8
FVII-SCI04-C032-ARROW-CROSS-TIME,VII-C032,LEAN_DECLARATION,FoundationsVII.CrossTimeContact,formalization/lean/FoundationsVII/Dynamics/CrossTime.lean,24,04d862df2a4ffff6cedaca4ce7a08ffbaff2eeb2a8de064814961246157156c6
FVII-SCI04-C032-ARROW-CROSS-TIME,VII-C032,LEAN_DECLARATION,FoundationsVII.CrossTimeContact.Valid,formalization/lean/FoundationsVII/Dynamics/CrossTime.lean,37,7c1f9da2461b8f4d1af0e81f2233acad3b99d5e3c89e4ebfbbd3de035b58ee30
FVII-SCI04-C032-ARROW-CROSS-TIME,VII-C032,LEAN_DECLARATION,FoundationsVII.CrossTimeContact.reparameterize,formalization/lean/FoundationsVII/Dynamics/CrossTime.lean,44,62acb74c341b7ea09d65a7dc956795ac05df6ac92f8350ac846323661269d43f
FVII-SCI04-C032-ARROW-CROSS-TIME,VII-C032,LEAN_DECLARATION,FoundationsVII.DriveCertificate,formalization/lean/FoundationsVII/Dynamics/Holonomy.lean,54,c91d5b37584ea4da1f8ee375db88d7b10e77b74a4d65f218da16a8d3db70f63c
FVII-SCI04-C032-ARROW-CROSS-TIME,VII-C032,LEAN_DECLARATION,FoundationsVII.DriveCertificate.Valid,formalization/lean/FoundationsVII/Dynamics/Holonomy.lean,64,d8b9cb6db50d120877b3164436d6195a1d6750edb811a3508a3548e41a97e6ba
FVII-SCI04-C032-ARROW-CROSS-TIME,VII-C032,LEAN_DECLARATION,FoundationsVII.Models.Finite.Phase4.ArrowCase,formalization/lean/FoundationsVII/Models/Finite/Phase4/DynamicsEnvelope.lean,431,860b20819de32a813daa9e11deaac2169379d7c7c38ebacef881316070165db5
FVII-SCI04-C032-ARROW-CROSS-TIME,VII-C032,LEAN_DECLARATION,FoundationsVII.Models.Finite.Phase4.CrossTimeCase,formalization/lean/FoundationsVII/Models/Finite/Phase4/DynamicsEnvelope.lean,494,16217d3cbb6eef9ddd9f02e8e0a1f684230d516c497ec5b6267e4d43254866ed
FVII-SCI04-C032-ARROW-CROSS-TIME,VII-C032,LEAN_DECLARATION,FoundationsVII.Models.Finite.Phase4.Phase4CountermodelCheck,formalization/lean/FoundationsVII/Models/Finite/Phase4/ScenarioChecks.lean,98,2d6391a6be321d011510246a4a3642781b7f816bbe474e9be106db626dbeed03
FVII-SCI04-C032-ARROW-CROSS-TIME,VII-C032,LEAN_DECLARATION,FoundationsVII.Models.Finite.Phase4.Phase4Profile,formalization/lean/FoundationsVII/Models/Finite/Phase4/ScenarioChecks.lean,24,46cdc9911aba60cd3adf053e7378896dcc79b23f89828b2d56c42b36093c3d79
FVII-SCI04-C032-ARROW-CROSS-TIME,VII-C032,LEAN_DECLARATION,FoundationsVII.Models.Finite.Phase4.Phase4Scenario,formalization/lean/FoundationsVII/Models/Finite/Phase4/ScenarioChecks.lean,52,3198a303d2ba22cbf9289de2dceb54db6f81984af001c2ce400fa5578405352c
FVII-SCI04-C032-ARROW-CROSS-TIME,VII-C032,LEAN_DECLARATION,FoundationsVII.Models.Finite.Phase4.Phase4Status,formalization/lean/FoundationsVII/Models/Finite/Phase4/ScenarioChecks.lean,12,8ffb2cefaf73aaa11b0d9f64394007ddc2b2ac5e4b2b57c883c66a1948728611
FVII-SCI04-C032-ARROW-CROSS-TIME,VII-C032,LEAN_DECLARATION,FoundationsVII.Models.Finite.Phase4.arrowLaw,formalization/lean/FoundationsVII/Models/Finite/Phase4/DynamicsEnvelope.lean,441,71c9fd0d23b0695a2b3e7de7aebd8759b96802f56acbbc77ffc9ed2f5aade8ab
FVII-SCI04-C032-ARROW-CROSS-TIME,VII-C032,LEAN_DECLARATION,FoundationsVII.Models.Finite.Phase4.classifyPhase4,formalization/lean/FoundationsVII/Models/Finite/Phase4/ScenarioChecks.lean,40,de05a38e481dbcd68c9630ed9c7218c5e845ea4636533c746d94cc007ed3f046
FVII-SCI04-C032-ARROW-CROSS-TIME,VII-C032,LEAN_DECLARATION,FoundationsVII.Models.Finite.Phase4.countermodelPass,formalization/lean/FoundationsVII/Models/Finite/Phase4/ScenarioChecks.lean,104,7b4d35045784254e990eaa05b7d62d53eb024028ed78b7e2ca891cf807f4e2b3
FVII-SCI04-C032-ARROW-CROSS-TIME,VII-C032,LEAN_DECLARATION,FoundationsVII.Models.Finite.Phase4.crossTimeLaw,formalization/lean/FoundationsVII/Models/Finite/Phase4/DynamicsEnvelope.lean,505,099e6e79f0ea31f068ba76ae2d2a1877b980487c710c8bf3f1d83bd07852135a
FVII-SCI04-C032-ARROW-CROSS-TIME,VII-C032,LEAN_DECLARATION,FoundationsVII.Models.Finite.Phase4.phase4Countermodels,formalization/lean/FoundationsVII/Models/Finite/Phase4/ScenarioChecks.lean,107,27dc8e27d4131fc69ddfed6b0fdd2a83f45586041415854a45bb32c500492c70
FVII-SCI04-C032-ARROW-CROSS-TIME,VII-C032,LEAN_DECLARATION,FoundationsVII.Models.Finite.Phase4.phase4Scenarios,formalization/lean/FoundationsVII/Models/Finite/Phase4/ScenarioChecks.lean,61,9ab591b245682d65af4224e046e42327af9d5afb3bb5d1b2c4855cc5cd0d4827
FVII-SCI04-C032-ARROW-CROSS-TIME,VII-C032,LEAN_DECLARATION,FoundationsVII.Models.Finite.Phase4.scenarioPass,formalization/lean/FoundationsVII/Models/Finite/Phase4/ScenarioChecks.lean,58,4ec9cb1440929ed46e10aa35b0dc1e28f37bd70d9abd6d9eb523ecbc93f35a91
FVII-SCI04-C032-ARROW-CROSS-TIME,VII-C032,LEAN_DECLARATION,FoundationsVII.NoGo.HolonomyArrowProfile,formalization/lean/FoundationsVII/NoGo/Dynamics.lean,9,70eb77c54eef9337113375001253f72497f55f985b9cde592b6fab13f64e98c9
FVII-SCI04-C032-ARROW-CROSS-TIME,VII-C032,LEAN_DECLARATION,FoundationsVII.NoGo.HolonomyArrowProfile.Eligible,formalization/lean/FoundationsVII/NoGo/Dynamics.lean,21,a66ff844ff465bc9e133d145daef33f2f10a6326f8f700b19c4f7b86c0290bec
FVII-SCI04-C032-ARROW-CROSS-TIME,VII-C032,LEAN_DECLARATION,FoundationsVII.NoGo.HolonomyArrowProfile.HolonomyOnly,formalization/lean/FoundationsVII/NoGo/Dynamics.lean,29,0c7cbfb45ab114e65bf9abaae8ff300f0659847665e4b63a4bbcc9610b806e97
FVII-SCI04-C032-ARROW-CROSS-TIME,VII-C032,LEAN_DECLARATION,FoundationsVII.ReversalControl,formalization/lean/FoundationsVII/Dynamics/Holonomy.lean,130,a9feddd8264f804fbe71f08a6790179b58171461ca43646cd8a4c63e91a03bfe
FVII-SCI04-C032-ARROW-CROSS-TIME,VII-C032,LEAN_DECLARATION,FoundationsVII.RouteComparison,formalization/lean/FoundationsVII/Dynamics/Holonomy.lean,25,f270576904926010849ae4eea1fc294832a31967e9a0a021284196e589b3acc5
FVII-SCI04-C032-ARROW-CROSS-TIME,VII-C032,LEAN_DECLARATION,FoundationsVII.RouteComparison.ChangedRoute,formalization/lean/FoundationsVII/Dynamics/Holonomy.lean,36,88dbae0dfd60868a7170c1de8e68214bf62e77df2d3a06b6d2379bdb8bc2c038
FVII-SCI04-C032-ARROW-CROSS-TIME,VII-C032,LEAN_DECLARATION,FoundationsVII.RouteComparison.Holonomy,formalization/lean/FoundationsVII/Dynamics/Holonomy.lean,48,a45bf54b8d62a2862a1db69ba1ccb36d1b3da9d97004cdf293cbccdffaa10ba4
FVII-SCI04-C032-ARROW-CROSS-TIME,VII-C032,LEAN_DECLARATION,FoundationsVII.RouteComparison.RouteResidue,formalization/lean/FoundationsVII/Dynamics/Holonomy.lean,40,2a477fbb35f24aa6d93dde40cef54d3e524510b40be2217bc8d4595ef9fcd1fc
FVII-SCI04-C032-ARROW-CROSS-TIME,VII-C032,LEAN_DECLARATION,FoundationsVII.RouteComparison.SameTypedTarget,formalization/lean/FoundationsVII/Dynamics/Holonomy.lean,32,b4691905aa8738414eddca3036f0ca35fda9553638f11fc66dc2fe10542b5fd7
FVII-SCI04-C032-ARROW-CROSS-TIME,VII-C032,LEAN_DECLARATION,FoundationsVII.RouteResult,formalization/lean/FoundationsVII/Dynamics/Holonomy.lean,14,6ca3733309635410f423774fdb1e2d59cb5a09ae90f8ace1669c7b1e5c66f7c3
FVII-SCI04-C032-ARROW-CROSS-TIME,VII-C032,LEAN_DECLARATION,FoundationsVII.TimeWitnessKind,formalization/lean/FoundationsVII/Dynamics/CrossTime.lean,19,4a5e8702e70d8b088e7b082c891201b5a4809ad5774f87c634187ca15b580fef
FVII-SCI04-C032-ARROW-CROSS-TIME,VII-C032,FINITE_WITNESS,TTW-S17,formalization/foundations_vii_lab/fixtures/scenarios/TTW-S17.json,,d1e76f5a74f3ceb43b8cd28996b0abaad1061b54850c6b885235e624a2b8f314
FVII-SCI04-C032-ARROW-CROSS-TIME,VII-C032,FINITE_WITNESS,TTW-S18,formalization/foundations_vii_lab/fixtures/scenarios/TTW-S18.json,,0a1c5399461aac602db5d3181eda9621f94914f5acc0dba4fac7dabff21589d3
FVII-SCI04-C032-ARROW-CROSS-TIME,VII-C032,FINITE_WITNESS,CM-10,formalization/foundations_vii_lab/fixtures/countermodels/CM-10.json,,b833c4a48616df79c200d11805319fc5c4696e781f36187aa85116c991d460a7
FVII-SCI04-C032-ARROW-CROSS-TIME,VII-C032,FINITE_WITNESS,CM-24,formalization/foundations_vii_lab/fixtures/countermodels/CM-24.json,,a7e0e6257c2843c642f4691e60489f6b4bb83edd8db8acadaee9afa205b0f092
FVII-SCI04-C032-ARROW-CROSS-TIME,VII-C032,FINITE_WITNESS,P4-W27,formalization/foundations_vii_lab/phase4/witnesses/P4-W27.json,,c3e0ecf9073a8e2bb0efbf2b8d905611ceb5605c4fd4b0f731d756d848646c00
FVII-SCI04-C032-ARROW-CROSS-TIME,VII-C032,FINITE_WITNESS,P4-W28,formalization/foundations_vii_lab/phase4/witnesses/P4-W28.json,,8108e2297929f0158942e2cfe298ea38b32e1fd44871e68e5cc1e06d8cb11f8b
FVII-SCI04-C032-ARROW-CROSS-TIME,VII-C032,FINITE_WITNESS,P4-W29,formalization/foundations_vii_lab/phase4/witnesses/P4-W29.json,,a977fd8be1becc8e00cd649a82f4cd4ae2240b0225b3044ef4e6eb00fb2e096c
FVII-SCI04-C032-ARROW-CROSS-TIME,VII-C032,FINITE_WITNESS,P4-W30,formalization/foundations_vii_lab/phase4/witnesses/P4-W30.json,,69a6720074c84d189b4370bf86081fe41dcf42bce1e275df23e73c00548d28f7
FVII-SCI04-C034-ENABLEMENT-DESCENT-SEPARATION,VII-C034,LEAN_DECLARATION,FoundationsVII.Models.Finite.Phase4.all_phase4_countermodels_pass,formalization/lean/FoundationsVII/Models/Finite/Phase4/ScenarioChecks.lean,127,899a9852264945ca2fd7563325d8aad04db9fe63d63ae782e3d4d1aecb0360fb
FVII-SCI04-C034-ENABLEMENT-DESCENT-SEPARATION,VII-C034,LEAN_DECLARATION,FoundationsVII.Models.Finite.Phase4.all_phase4_scenarios_pass,formalization/lean/FoundationsVII/Models/Finite/Phase4/ScenarioChecks.lean,90,9d6fc1ec69080fcf1f90cbf0c489751cf96c338d1d04e31b8de77364dd0754eb
FVII-SCI04-C034-ENABLEMENT-DESCENT-SEPARATION,VII-C034,LEAN_DECLARATION,FoundationsVII.Models.Finite.Phase4.phase4_countermodel_count,formalization/lean/FoundationsVII/Models/Finite/Phase4/ScenarioChecks.lean,125,e52a35ebe957a2d4fc09bf7b3874d2256f793bdfbcae0ad68f8263765f1e4966
FVII-SCI04-C034-ENABLEMENT-DESCENT-SEPARATION,VII-C034,LEAN_DECLARATION,FoundationsVII.Models.Finite.Phase4.phase4_scenario_count,formalization/lean/FoundationsVII/Models/Finite/Phase4/ScenarioChecks.lean,88,2b65b3b37258fa21a99e50f426a9bb697fb3f5ee01b6d0876ed03d0bcbb2ffa1
FVII-SCI04-C034-ENABLEMENT-DESCENT-SEPARATION,VII-C034,LEAN_DECLARATION,FoundationsVII.Models.Finite.Phase4.separation_accepted_cardinality,formalization/lean/FoundationsVII/Models/Finite/Phase4/DynamicsEnvelope.lean,262,8d4bd60bc378172a49c4dc6c45b9e48eae5a22959e3cbc1538e77a9ea3047504
FVII-SCI04-C034-ENABLEMENT-DESCENT-SEPARATION,VII-C034,LEAN_DECLARATION,FoundationsVII.Models.Finite.Phase4.separation_exhaustive,formalization/lean/FoundationsVII/Models/Finite/Phase4/DynamicsEnvelope.lean,265,cefe1e47b482bcf0e9b2cbc5fe1a4896891cc4b43b4de082302289446b926539
FVII-SCI04-C034-ENABLEMENT-DESCENT-SEPARATION,VII-C034,LEAN_DECLARATION,FoundationsVII.Models.Finite.Phase4.separation_raw_cardinality,formalization/lean/FoundationsVII/Models/Finite/Phase4/DynamicsEnvelope.lean,260,eb345dc6ef94ebdcb1883f8fbb79df348a3044ba75d5b4da3113de22c53aecf2
FVII-SCI04-C034-ENABLEMENT-DESCENT-SEPARATION,VII-C034,LEAN_DECLARATION,FoundationsVII.constructive_enablement_without_descent,formalization/lean/FoundationsVII/Enablement/Separation.lean,49,97eb85853d4e57d58a39eebb0603d804edf812a73c37588b0629a6c92145fcdb
FVII-SCI04-C034-ENABLEMENT-DESCENT-SEPARATION,VII-C034,LEAN_DECLARATION,FoundationsVII.constructive_necessary_but_insufficient_enablement,formalization/lean/FoundationsVII/Enablement/Separation.lean,55,c9130698b2dce2f42881c4c9446d74079133a6f629bf976e1e5a626f5015ef5b
FVII-SCI04-C034-ENABLEMENT-DESCENT-SEPARATION,VII-C034,LEAN_DECLARATION,FoundationsVII.enablement_without_descent_need_not_be_causal,formalization/lean/FoundationsVII/Enablement/Separation.lean,60,fcb8cdf6433d129d3629ffac2b11430b6f80a58efcd646a326516cca378b49d5
FVII-SCI04-C034-ENABLEMENT-DESCENT-SEPARATION,VII-C034,LEAN_DECLARATION,FoundationsVII.necessary_enablement_does_not_imply_sufficiency,formalization/lean/FoundationsVII/Enablement/Separation.lean,64,626beb98705c312e7c404df2f08cd42a726fceae709a4d0b6a04c4a43dd61d93
FVII-SCI04-C034-ENABLEMENT-DESCENT-SEPARATION,VII-C034,LEAN_DECLARATION,FoundationsVII.EnablementSeparation,formalization/lean/FoundationsVII/Enablement/Separation.lean,13,2144edbf45e08cd57d0296870bf1b144a0d6692194790f1f80632606f5fb7833
FVII-SCI04-C034-ENABLEMENT-DESCENT-SEPARATION,VII-C034,LEAN_DECLARATION,FoundationsVII.EnablementSeparation.EnablementWithoutDescent,formalization/lean/FoundationsVII/Enablement/Separation.lean,25,4e7bac32c48e59999f99e7fac766acfc36e451eca0fe98987291166ef9812424
FVII-SCI04-C034-ENABLEMENT-DESCENT-SEPARATION,VII-C034,LEAN_DECLARATION,FoundationsVII.EnablementSeparation.NecessaryButInsufficient,formalization/lean/FoundationsVII/Enablement/Separation.lean,30,52c1dc37848ead853424bf0684fb998e19c15c1c209d963fc8cfda82991bbc2d
FVII-SCI04-C034-ENABLEMENT-DESCENT-SEPARATION,VII-C034,LEAN_DECLARATION,FoundationsVII.Models.Finite.Phase4.Phase4CountermodelCheck,formalization/lean/FoundationsVII/Models/Finite/Phase4/ScenarioChecks.lean,98,2d6391a6be321d011510246a4a3642781b7f816bbe474e9be106db626dbeed03
FVII-SCI04-C034-ENABLEMENT-DESCENT-SEPARATION,VII-C034,LEAN_DECLARATION,FoundationsVII.Models.Finite.Phase4.Phase4Profile,formalization/lean/FoundationsVII/Models/Finite/Phase4/ScenarioChecks.lean,24,46cdc9911aba60cd3adf053e7378896dcc79b23f89828b2d56c42b36093c3d79
FVII-SCI04-C034-ENABLEMENT-DESCENT-SEPARATION,VII-C034,LEAN_DECLARATION,FoundationsVII.Models.Finite.Phase4.Phase4Scenario,formalization/lean/FoundationsVII/Models/Finite/Phase4/ScenarioChecks.lean,52,3198a303d2ba22cbf9289de2dceb54db6f81984af001c2ce400fa5578405352c
FVII-SCI04-C034-ENABLEMENT-DESCENT-SEPARATION,VII-C034,LEAN_DECLARATION,FoundationsVII.Models.Finite.Phase4.Phase4Status,formalization/lean/FoundationsVII/Models/Finite/Phase4/ScenarioChecks.lean,12,8ffb2cefaf73aaa11b0d9f64394007ddc2b2ac5e4b2b57c883c66a1948728611
FVII-SCI04-C034-ENABLEMENT-DESCENT-SEPARATION,VII-C034,LEAN_DECLARATION,FoundationsVII.Models.Finite.Phase4.SeparationCase,formalization/lean/FoundationsVII/Models/Finite/Phase4/DynamicsEnvelope.lean,229,cf3fe969613ae343e2a366f54d746e6eb3a1a6388919dc709bb9d3e837c15ee0
FVII-SCI04-C034-ENABLEMENT-DESCENT-SEPARATION,VII-C034,LEAN_DECLARATION,FoundationsVII.Models.Finite.Phase4.classifyPhase4,formalization/lean/FoundationsVII/Models/Finite/Phase4/ScenarioChecks.lean,40,de05a38e481dbcd68c9630ed9c7218c5e845ea4636533c746d94cc007ed3f046
FVII-SCI04-C034-ENABLEMENT-DESCENT-SEPARATION,VII-C034,LEAN_DECLARATION,FoundationsVII.Models.Finite.Phase4.countermodelPass,formalization/lean/FoundationsVII/Models/Finite/Phase4/ScenarioChecks.lean,104,7b4d35045784254e990eaa05b7d62d53eb024028ed78b7e2ca891cf807f4e2b3
FVII-SCI04-C034-ENABLEMENT-DESCENT-SEPARATION,VII-C034,LEAN_DECLARATION,FoundationsVII.Models.Finite.Phase4.phase4Countermodels,formalization/lean/FoundationsVII/Models/Finite/Phase4/ScenarioChecks.lean,107,27dc8e27d4131fc69ddfed6b0fdd2a83f45586041415854a45bb32c500492c70
FVII-SCI04-C034-ENABLEMENT-DESCENT-SEPARATION,VII-C034,LEAN_DECLARATION,FoundationsVII.Models.Finite.Phase4.phase4Scenarios,formalization/lean/FoundationsVII/Models/Finite/Phase4/ScenarioChecks.lean,61,9ab591b245682d65af4224e046e42327af9d5afb3bb5d1b2c4855cc5cd0d4827
FVII-SCI04-C034-ENABLEMENT-DESCENT-SEPARATION,VII-C034,LEAN_DECLARATION,FoundationsVII.Models.Finite.Phase4.scenarioPass,formalization/lean/FoundationsVII/Models/Finite/Phase4/ScenarioChecks.lean,58,4ec9cb1440929ed46e10aa35b0dc1e28f37bd70d9abd6d9eb523ecbc93f35a91
FVII-SCI04-C034-ENABLEMENT-DESCENT-SEPARATION,VII-C034,LEAN_DECLARATION,FoundationsVII.Models.Finite.Phase4.separationLaw,formalization/lean/FoundationsVII/Models/Finite/Phase4/DynamicsEnvelope.lean,241,af603f8f07f5b258d58b8e701c3f16b70e9a07fe949fb442b0b6c25215110e46
FVII-SCI04-C034-ENABLEMENT-DESCENT-SEPARATION,VII-C034,FINITE_WITNESS,TTW-S03,formalization/foundations_vii_lab/fixtures/scenarios/TTW-S03.json,,006a5078798f5f0101903b2ac6a66bbe97073db9ea602de64176d97e0cedcc32
FVII-SCI04-C034-ENABLEMENT-DESCENT-SEPARATION,VII-C034,FINITE_WITNESS,TTW-S21,formalization/foundations_vii_lab/fixtures/scenarios/TTW-S21.json,,48b44975cea9077893cc9a543a285ed022910092b732b4fa2c39b5143bbab441
FVII-SCI04-C034-ENABLEMENT-DESCENT-SEPARATION,VII-C034,FINITE_WITNESS,CM-06,formalization/foundations_vii_lab/fixtures/countermodels/CM-06.json,,92db9506457156b8b616b6be287cb33261afab74eb4346db243674db64b92b5b
FVII-SCI04-C034-ENABLEMENT-DESCENT-SEPARATION,VII-C034,FINITE_WITNESS,CM-07,formalization/foundations_vii_lab/fixtures/countermodels/CM-07.json,,824c621b92b63617ab6ebaaec73f41d10c54c353f49ee61760c8bed065e27d63
FVII-SCI04-C034-ENABLEMENT-DESCENT-SEPARATION,VII-C034,FINITE_WITNESS,P4-W18,formalization/foundations_vii_lab/phase4/witnesses/P4-W18.json,,5839fb0a42d1ef55bffbfc12e6d9ce1c62a1cfbbe8c28c98fe97e27de6550708
FVII-SCI04-C034-ENABLEMENT-DESCENT-SEPARATION,VII-C034,FINITE_WITNESS,P4-W19,formalization/foundations_vii_lab/phase4/witnesses/P4-W19.json,,4c734e4ecaccca8519aacf2294300466989f532aa8eb38bf336acd732acd4dc2
